Award ID,TenderKey,Tender Ref No,Tender Title,Issuing Authority,Technology,Tender Capacity MW,State,Winning Bidder,Winner SPV,Awarded Capacity MW,Tariff,Tariff Unit,Award Date,Expected COD,Confidence,Award Source,Award URL,Tender Source URL
T-f2ff6c795ea5-01,T-f2ff6c795ea5,SECI/C&P/IPP/11/0008/25-26,RfS for Setting up of 1000 kW Grid-Connected RTSPV project on buildings of Rashtrapati Bhavan (RTSPV-Tranche-III),SECI,Rooftop Solar,1.0,,Renew,,1.0,,,2025-12-23,2027-12-23,Press report - verify,news (unverified),https://news.google.com/rss/articles/CBMihwFBVV95cUxNeWlaMFc5WW1QZWdfeDJaejdFQ2pJeWxvM1FvVllKZ3poRWNBV0FEekRsS0lmcmFUV2dIOVNfMUZhdW1FMVN0TElaenhua2VWRmVBdmlKbXNMby1Vc0kyb0g2RWNjdE9WMzlIRFZPR2syanJHczRhS1pGRHF4NE42UGR3R0VEQms?oc=5,https://www.seci.co.in/tender-details/YmNx
f2ff6c795ea5-01,f2ff6c795ea5,SECI/C&P/IPP/11/0008/25-26,RfS for Setting up of 1000 kW Grid-Connected RTSPV project on buildings of Rashtrapati Bhavan (RTSPV-Tranche-III),SECI,Rooftop Solar,1.0,,Renew,,1.0,,,2025-12-23,2027-12-23,Press report - verify,news (unverified),https://news.google.com/rss/articles/CBMihwFBVV95cUxNeWlaMFc5WW1QZWdfeDJaejdFQ2pJeWxvM1FvVllKZ3poRWNBV0FEekRsS0lmcmFUV2dIOVNfMUZhdW1FMVN0TElaenhua2VWRmVBdmlKbXNMby1Vc0kyb0g2RWNjdE9WMzlIRFZPR2syanJHczRhS1pGRHF4NE42UGR3R0VEQms?oc=5,https://www.seci.co.in/tender-details/YmNx
T-c99bd23af287-01,T-c99bd23af287,SECI/C&P/IPP/11/0006/25-26,RfS for Setting up of 1200 MW ISTS-connected Solar PV Power Projects with 600 MW/3600 MWh ESS in India (SECI-ISTS-XXI),SECI,Solar,1200.0,,ENGIE,,,,,2026-01-09,2028-01-09,Press report - verify,news (unverified),https://news.google.com/rss/articles/CBMi5wFBVV95cUxPMXVXMk1IRE5iUURFdE9WT05vSTJ6cXluRm5nN2l6N1pZSm5Wbjg3S08wdDFGRm4zTmZYemQyQW05VWhjS2k1SjFZOUZoazlYQkZOU3dqUFA4QXB0WWNEYXAzQmRmX0FObkJaWW9Zb0hnYVI5cUZiXzM1Z0YwZHhKRmJ4SFNTd015c0F3TGs4MlpGX3ZzdDJhTXZtOEdsVWJkN19fVWRxS0U5UlF1TENqb0tmQ0FzWVVUa2EzUUlRY1luZTN6UlYtT0xtSXZZelJsTTNiNVE3bXlsWXJSRXZqVm9qSWdVYkU?oc=5,https://www.seci.co.in/tender-details/YmJz
T-c99bd23af287-02,T-c99bd23af287,SECI/C&P/IPP/11/0006/25-26,RfS for Setting up of 1200 MW ISTS-connected Solar PV Power Projects with 600 MW/3600 MWh ESS in India (SECI-ISTS-XXI),SECI,Solar,1200.0,,NLC India,,,,,2026-01-09,2028-01-09,Press report - verify,news (unverified),https://news.google.com/rss/articles/CBMi5wFBVV95cUxPMXVXMk1IRE5iUURFdE9WT05vSTJ6cXluRm5nN2l6N1pZSm5Wbjg3S08wdDFGRm4zTmZYemQyQW05VWhjS2k1SjFZOUZoazlYQkZOU3dqUFA4QXB0WWNEYXAzQmRmX0FObkJaWW9Zb0hnYVI5cUZiXzM1Z0YwZHhKRmJ4SFNTd015c0F3TGs4MlpGX3ZzdDJhTXZtOEdsVWJkN19fVWRxS0U5UlF1TENqb0tmQ0FzWVVUa2EzUUlRY1luZTN6UlYtT0xtSXZZelJsTTNiNVE3bXlsWXJSRXZqVm9qSWdVYkU?oc=5,https://www.seci.co.in/tender-details/YmJz
T-c99bd23af287-03,T-c99bd23af287,SECI/C&P/IPP/11/0006/25-26,RfS for Setting up of 1200 MW ISTS-connected Solar PV Power Projects with 600 MW/3600 MWh ESS in India (SECI-ISTS-XXI),SECI,Solar,1200.0,,Rays Power,,,,,2026-01-09,2028-01-09,Press report - verify,news (unverified),https://news.google.com/rss/articles/CBMi5wFBVV95cUxPMXVXMk1IRE5iUURFdE9WT05vSTJ6cXluRm5nN2l6N1pZSm5Wbjg3S08wdDFGRm4zTmZYemQyQW05VWhjS2k1SjFZOUZoazlYQkZOU3dqUFA4QXB0WWNEYXAzQmRmX0FObkJaWW9Zb0hnYVI5cUZiXzM1Z0YwZHhKRmJ4SFNTd015c0F3TGs4MlpGX3ZzdDJhTXZtOEdsVWJkN19fVWRxS0U5UlF1TENqb0tmQ0FzWVVUa2EzUUlRY1luZTN6UlYtT0xtSXZZelJsTTNiNVE3bXlsWXJSRXZqVm9qSWdVYkU?oc=5,https://www.seci.co.in/tender-details/YmJz
c99bd23af287-01,c99bd23af287,SECI/C&P/IPP/11/0006/25-26,RfS for Setting up of 1200 MW ISTS-connected Solar PV Power Projects with 600 MW/3600 MWh ESS in India (SECI-ISTS-XXI),SECI,Solar,1200.0,,ENGIE,,,,,2026-01-09,2028-01-09,Press report - verify,news (unverified),https://news.google.com/rss/articles/CBMi5wFBVV95cUxPMXVXMk1IRE5iUURFdE9WT05vSTJ6cXluRm5nN2l6N1pZSm5Wbjg3S08wdDFGRm4zTmZYemQyQW05VWhjS2k1SjFZOUZoazlYQkZOU3dqUFA4QXB0WWNEYXAzQmRmX0FObkJaWW9Zb0hnYVI5cUZiXzM1Z0YwZHhKRmJ4SFNTd015c0F3TGs4MlpGX3ZzdDJhTXZtOEdsVWJkN19fVWRxS0U5UlF1TENqb0tmQ0FzWVVUa2EzUUlRY1luZTN6UlYtT0xtSXZZelJsTTNiNVE3bXlsWXJSRXZqVm9qSWdVYkU?oc=5,https://www.seci.co.in/tender-details/YmJz
c99bd23af287-02,c99bd23af287,SECI/C&P/IPP/11/0006/25-26,RfS for Setting up of 1200 MW ISTS-connected Solar PV Power Projects with 600 MW/3600 MWh ESS in India (SECI-ISTS-XXI),SECI,Solar,1200.0,,NLC India,,,,,2026-01-09,2028-01-09,Press report - verify,news (unverified),https://news.google.com/rss/articles/CBMi5wFBVV95cUxPMXVXMk1IRE5iUURFdE9WT05vSTJ6cXluRm5nN2l6N1pZSm5Wbjg3S08wdDFGRm4zTmZYemQyQW05VWhjS2k1SjFZOUZoazlYQkZOU3dqUFA4QXB0WWNEYXAzQmRmX0FObkJaWW9Zb0hnYVI5cUZiXzM1Z0YwZHhKRmJ4SFNTd015c0F3TGs4MlpGX3ZzdDJhTXZtOEdsVWJkN19fVWRxS0U5UlF1TENqb0tmQ0FzWVVUa2EzUUlRY1luZTN6UlYtT0xtSXZZelJsTTNiNVE3bXlsWXJSRXZqVm9qSWdVYkU?oc=5,https://www.seci.co.in/tender-details/YmJz
c99bd23af287-03,c99bd23af287,SECI/C&P/IPP/11/0006/25-26,RfS for Setting up of 1200 MW ISTS-connected Solar PV Power Projects with 600 MW/3600 MWh ESS in India (SECI-ISTS-XXI),SECI,Solar,1200.0,,Rays Power,,,,,2026-01-09,2028-01-09,Press report - verify,news (unverified),https://news.google.com/rss/articles/CBMi5wFBVV95cUxPMXVXMk1IRE5iUURFdE9WT05vSTJ6cXluRm5nN2l6N1pZSm5Wbjg3S08wdDFGRm4zTmZYemQyQW05VWhjS2k1SjFZOUZoazlYQkZOU3dqUFA4QXB0WWNEYXAzQmRmX0FObkJaWW9Zb0hnYVI5cUZiXzM1Z0YwZHhKRmJ4SFNTd015c0F3TGs4MlpGX3ZzdDJhTXZtOEdsVWJkN19fVWRxS0U5UlF1TENqb0tmQ0FzWVVUa2EzUUlRY1luZTN6UlYtT0xtSXZZelJsTTNiNVE3bXlsWXJSRXZqVm9qSWdVYkU?oc=5,https://www.seci.co.in/tender-details/YmJz
T-519bbe8b1f67-01,T-519bbe8b1f67,SECI/C&P/IPP/12/0013/25-26,RfS for Setting up of 1200 MW ISTS-Connected Wind Power Projects in India (SECI-Tranche-XIX),SECI,Wind,1200.0,,Waaree,,,,,2026-02-05,2028-02-05,Press report - verify,news (unverified),https://news.google.com/rss/articles/CBMiywFBVV95cUxPRUh3ejNCaUhzWHQ0Wk8wSTFIb2pZTmRrd3FhYk5rNGRfcG5fTVYwbHNOd2lKelpQVUREMXFXaVhhYVRSNExVc2JTMDlHRXdWQUdMTUZabDRkaGdSc1FidF9iNVdxMHF0U1U2NTQ5Mlg1UEp2QUZEZ2lWWHZ2c216MTI3anU3eDRMcENUV2ZqdkszV1RDS2Y3aTA1WGF4UEhrX0Z6MkhldUVHaUFneHpYOEQ4OF9URk1PUHVRT0l2NnFjNXFjVmtHdWZvMNIB0AFBVV95cUxNS2ZmakVoY1dXMjdfY21KMHFiN2ZrOHRsQVBoWVZhUGQtWGJORWFrMk5QcWJyenJlVG84Rl83OTkxTmNPZUNKdXd0TG9vN29tVGZ5YmFZbUNGYUJ0elhwRlJKSVNyVXFtbllULVRYWVp4Wm10M1hERWFGWXNIQy1FYW12WHFFcjZzTUJZay1Zd21ReDhSaldQRnZWZlBRT0E1YzJpdll1ME82N3hsLWI5SjhlT3RlNnd0TVp6VTJnTnFmSUFZb3JBNnpyNm1qTjlm?oc=5,https://www.seci.co.in/tender-details/YmB1
T-519bbe8b1f67-02,T-519bbe8b1f67,SECI/C&P/IPP/12/0013/25-26,RfS for Setting up of 1200 MW ISTS-Connected Wind Power Projects in India (SECI-Tranche-XIX),SECI,Wind,1200.0,,KP Energy,,,,,2026-02-05,2028-02-05,Press report - verify,news (unverified),https://news.google.com/rss/articles/CBMiywFBVV95cUxPRUh3ejNCaUhzWHQ0Wk8wSTFIb2pZTmRrd3FhYk5rNGRfcG5fTVYwbHNOd2lKelpQVUREMXFXaVhhYVRSNExVc2JTMDlHRXdWQUdMTUZabDRkaGdSc1FidF9iNVdxMHF0U1U2NTQ5Mlg1UEp2QUZEZ2lWWHZ2c216MTI3anU3eDRMcENUV2ZqdkszV1RDS2Y3aTA1WGF4UEhrX0Z6MkhldUVHaUFneHpYOEQ4OF9URk1PUHVRT0l2NnFjNXFjVmtHdWZvMNIB0AFBVV95cUxNS2ZmakVoY1dXMjdfY21KMHFiN2ZrOHRsQVBoWVZhUGQtWGJORWFrMk5QcWJyenJlVG84Rl83OTkxTmNPZUNKdXd0TG9vN29tVGZ5YmFZbUNGYUJ0elhwRlJKSVNyVXFtbllULVRYWVp4Wm10M1hERWFGWXNIQy1FYW12WHFFcjZzTUJZay1Zd21ReDhSaldQRnZWZlBRT0E1YzJpdll1ME82N3hsLWI5SjhlT3RlNnd0TVp6VTJnTnFmSUFZb3JBNnpyNm1qTjlm?oc=5,https://www.seci.co.in/tender-details/YmB1
T-519bbe8b1f67-03,T-519bbe8b1f67,SECI/C&P/IPP/12/0013/25-26,RfS for Setting up of 1200 MW ISTS-Connected Wind Power Projects in India (SECI-Tranche-XIX),SECI,Wind,1200.0,,Vena Energy,,,,,2026-02-05,2028-02-05,Press report - verify,news (unverified),https://news.google.com/rss/articles/CBMiywFBVV95cUxPRUh3ejNCaUhzWHQ0Wk8wSTFIb2pZTmRrd3FhYk5rNGRfcG5fTVYwbHNOd2lKelpQVUREMXFXaVhhYVRSNExVc2JTMDlHRXdWQUdMTUZabDRkaGdSc1FidF9iNVdxMHF0U1U2NTQ5Mlg1UEp2QUZEZ2lWWHZ2c216MTI3anU3eDRMcENUV2ZqdkszV1RDS2Y3aTA1WGF4UEhrX0Z6MkhldUVHaUFneHpYOEQ4OF9URk1PUHVRT0l2NnFjNXFjVmtHdWZvMNIB0AFBVV95cUxNS2ZmakVoY1dXMjdfY21KMHFiN2ZrOHRsQVBoWVZhUGQtWGJORWFrMk5QcWJyenJlVG84Rl83OTkxTmNPZUNKdXd0TG9vN29tVGZ5YmFZbUNGYUJ0elhwRlJKSVNyVXFtbllULVRYWVp4Wm10M1hERWFGWXNIQy1FYW12WHFFcjZzTUJZay1Zd21ReDhSaldQRnZWZlBRT0E1YzJpdll1ME82N3hsLWI5SjhlT3RlNnd0TVp6VTJnTnFmSUFZb3JBNnpyNm1qTjlm?oc=5,https://www.seci.co.in/tender-details/YmB1
519bbe8b1f67-01,519bbe8b1f67,SECI/C&P/IPP/12/0013/25-26,RfS for Setting up of 1200 MW ISTS-Connected Wind Power Projects in India (SECI-Tranche-XIX),SECI,Wind,1200.0,,Waaree,,,,,2026-02-05,2028-02-05,Press report - verify,news (unverified),https://news.google.com/rss/articles/CBMiywFBVV95cUxPRUh3ejNCaUhzWHQ0Wk8wSTFIb2pZTmRrd3FhYk5rNGRfcG5fTVYwbHNOd2lKelpQVUREMXFXaVhhYVRSNExVc2JTMDlHRXdWQUdMTUZabDRkaGdSc1FidF9iNVdxMHF0U1U2NTQ5Mlg1UEp2QUZEZ2lWWHZ2c216MTI3anU3eDRMcENUV2ZqdkszV1RDS2Y3aTA1WGF4UEhrX0Z6MkhldUVHaUFneHpYOEQ4OF9URk1PUHVRT0l2NnFjNXFjVmtHdWZvMNIB0AFBVV95cUxNS2ZmakVoY1dXMjdfY21KMHFiN2ZrOHRsQVBoWVZhUGQtWGJORWFrMk5QcWJyenJlVG84Rl83OTkxTmNPZUNKdXd0TG9vN29tVGZ5YmFZbUNGYUJ0elhwRlJKSVNyVXFtbllULVRYWVp4Wm10M1hERWFGWXNIQy1FYW12WHFFcjZzTUJZay1Zd21ReDhSaldQRnZWZlBRT0E1YzJpdll1ME82N3hsLWI5SjhlT3RlNnd0TVp6VTJnTnFmSUFZb3JBNnpyNm1qTjlm?oc=5,https://www.seci.co.in/tender-details/YmB1
519bbe8b1f67-02,519bbe8b1f67,SECI/C&P/IPP/12/0013/25-26,RfS for Setting up of 1200 MW ISTS-Connected Wind Power Projects in India (SECI-Tranche-XIX),SECI,Wind,1200.0,,KP Energy,,,,,2026-02-05,2028-02-05,Press report - verify,news (unverified),https://news.google.com/rss/articles/CBMiywFBVV95cUxPRUh3ejNCaUhzWHQ0Wk8wSTFIb2pZTmRrd3FhYk5rNGRfcG5fTVYwbHNOd2lKelpQVUREMXFXaVhhYVRSNExVc2JTMDlHRXdWQUdMTUZabDRkaGdSc1FidF9iNVdxMHF0U1U2NTQ5Mlg1UEp2QUZEZ2lWWHZ2c216MTI3anU3eDRMcENUV2ZqdkszV1RDS2Y3aTA1WGF4UEhrX0Z6MkhldUVHaUFneHpYOEQ4OF9URk1PUHVRT0l2NnFjNXFjVmtHdWZvMNIB0AFBVV95cUxNS2ZmakVoY1dXMjdfY21KMHFiN2ZrOHRsQVBoWVZhUGQtWGJORWFrMk5QcWJyenJlVG84Rl83OTkxTmNPZUNKdXd0TG9vN29tVGZ5YmFZbUNGYUJ0elhwRlJKSVNyVXFtbllULVRYWVp4Wm10M1hERWFGWXNIQy1FYW12WHFFcjZzTUJZay1Zd21ReDhSaldQRnZWZlBRT0E1YzJpdll1ME82N3hsLWI5SjhlT3RlNnd0TVp6VTJnTnFmSUFZb3JBNnpyNm1qTjlm?oc=5,https://www.seci.co.in/tender-details/YmB1
519bbe8b1f67-03,519bbe8b1f67,SECI/C&P/IPP/12/0013/25-26,RfS for Setting up of 1200 MW ISTS-Connected Wind Power Projects in India (SECI-Tranche-XIX),SECI,Wind,1200.0,,Vena Energy,,,,,2026-02-05,2028-02-05,Press report - verify,news (unverified),https://news.google.com/rss/articles/CBMiywFBVV95cUxPRUh3ejNCaUhzWHQ0Wk8wSTFIb2pZTmRrd3FhYk5rNGRfcG5fTVYwbHNOd2lKelpQVUREMXFXaVhhYVRSNExVc2JTMDlHRXdWQUdMTUZabDRkaGdSc1FidF9iNVdxMHF0U1U2NTQ5Mlg1UEp2QUZEZ2lWWHZ2c216MTI3anU3eDRMcENUV2ZqdkszV1RDS2Y3aTA1WGF4UEhrX0Z6MkhldUVHaUFneHpYOEQ4OF9URk1PUHVRT0l2NnFjNXFjVmtHdWZvMNIB0AFBVV95cUxNS2ZmakVoY1dXMjdfY21KMHFiN2ZrOHRsQVBoWVZhUGQtWGJORWFrMk5QcWJyenJlVG84Rl83OTkxTmNPZUNKdXd0TG9vN29tVGZ5YmFZbUNGYUJ0elhwRlJKSVNyVXFtbllULVRYWVp4Wm10M1hERWFGWXNIQy1FYW12WHFFcjZzTUJZay1Zd21ReDhSaldQRnZWZlBRT0E1YzJpdll1ME82N3hsLWI5SjhlT3RlNnd0TVp6VTJnTnFmSUFZb3JBNnpyNm1qTjlm?oc=5,https://www.seci.co.in/tender-details/YmB1
T-ba290cae1701-01,T-ba290cae1701,NRE-CS-5822-004(MOD-2)-9,SUPPLY OF SOLAR PV MODULES FOR 400MW SOLAR PROJECT IN CHITRAKOOT IN U.P.,NTPC,Solar,400.0,,Pace Digitek,,400.0,,,2026-04-21,2028-04-21,Press report - verify,news (unverified),https://news.google.com/rss/articles/CBMiyAFBVV95cUxOUTkzQ1dXY3J1c1pXVy1EdG5QT28tX2x2ejRoRVJEeEtCdzBPZ0xSdkhuVkYyekltNVl5bGJkX3JiZ3AyLTZ6QlREeTdaY0M5VWU2VzJMVS1BX1hoSUtHUFkyLXF3d2M2Nk9qd3ZSOWhDSFoxZ2dyR0hERGZWTV9iRU1FZWdpWFFva1VfSWhxb09JVHlwMFRwaGJ4eXN2LW5sTWwzQm0taDRudFVYWm11OENaYnpORGozby03aXdYeUdZeUo1UGtlWg?oc=5,https://ntpctender.ntpc.co.in/NITDetails/NITs/29427
T-70cc4438cd19-01,T-70cc4438cd19,,"NLC India, KP Group Win GUVNL’s 450 MW/900 MWh Standalone BESS Auction - energetica-india.net",GUVNL,Energy Storage (BESS),450.0,,NLC India,,450.0,,,2026-08-12,2028-02-12,Press report - verify,news sweep,https://news.google.com/rss/articles/CBMiqAFBVV95cUxOY1VXRGsyNTZORk9rUW9qakRMYXdWWnFNSlpEMmp0NXoyemlBcEYxWXg2YWdFSTNjMzc2RFplNm1YMUJUdUFudGRiQnVXOGN3d19DWFo1RGRrNW9wdnVBUlZkSm0tYVVVT1hGYldRZExsT19tNWlpUmdVeWNkMmNSeV9VVDJKRm5Kd3lEYkp2NTdVOEpSdVBGcnhzT0p0clQ5OHlkQkhiZVU?oc=5,https://news.google.com/rss/articles/CBMiqAFBVV95cUxOY1VXRGsyNTZORk9rUW9qakRMYXdWWnFNSlpEMmp0NXoyemlBcEYxWXg2YWdFSTNjMzc2RFplNm1YMUJUdUFudGRiQnVXOGN3d19DWFo1RGRrNW9wdnVBUlZkSm0tYVVVT1hGYldRZExsT19tNWlpUmdVeWNkMmNSeV9VVDJKRm5Kd3lEYkp2NTdVOEpSdVBGcnhzT0p0clQ5OHlkQkhiZVU?oc=5
T-bd812b7761b5-01,T-bd812b7761b5,,Welspun and NLC India Achieve INR 2.34/Unit Discovered Tariff in GUVNL 625 MW Solar Auction - energetica-india.net,GUVNL,Solar,625.0,,NLC India,,625.0,,,2026-03-18,2028-03-18,Press report - verify,news sweep,https://news.google.com/rss/articles/CBMixgFBVV95cUxPYk5yXzl6LTc4SjhhaDJlQy11VHVyeG9Yd1NRd29fbVlGY1R4ZlZqdFhlQzdQeEI1cjF3NDBOLV9jaEFkWTJfelQwaldYM3BKMmw2NFRWeE5aTHhiWjN2cXp6M0xLZ0kxaVJxUnVGSkdaVGhRcUx1TE1adXdPRURSbVFsc1pXUXZ2Vkhyb1Z4ZHFKLUtuX3ZyY2RaRG9vbHVTVG9JM0JNTk14T0FKRzdyaVNXN0dZQTVTdlFyT05NeVdZY2lxTnc?oc=5,https://news.google.com/rss/articles/CBMixgFBVV95cUxPYk5yXzl6LTc4SjhhaDJlQy11VHVyeG9Yd1NRd29fbVlGY1R4ZlZqdFhlQzdQeEI1cjF3NDBOLV9jaEFkWTJfelQwaldYM3BKMmw2NFRWeE5aTHhiWjN2cXp6M0xLZ0kxaVJxUnVGSkdaVGhRcUx1TE1adXdPRURSbVFsc1pXUXZ2Vkhyb1Z4ZHFKLUtuX3ZyY2RaRG9vbHVTVG9JM0JNTk14T0FKRzdyaVNXN0dZQTVTdlFyT05NeVdZY2lxTnc?oc=5
T-948bf847c4a1-01,T-948bf847c4a1,,"GUVNL Awards 250 MW Wind Project to KPI, Juniper, Jakson Green & Inox - Saur Energy",GUVNL,Wind,250.0,,Juniper,,,,,2025-04-24,2027-04-24,Press report - verify,news sweep,https://news.google.com/rss/articles/CBMirwFBVV95cUxOdS1faFdQWUNtbjFSMFBJM00wMmtIS0VYWkFJT1BkWEhOaThBQkhOUTQ4VFFFT2hDQ1lWWmlnejZzUHNLSUVsX0hGazhHWnhlckVGclRyMGRmMDdOWjhOdjZUWHNQdkFDWlhOblZyelpiRkxsMGdiM3I1M1VUVFotU3U1N1JUeW1LdDZhNjVtTVFLZ3JUbl9uOTlZMzhiREdJXzdXN05wV3hYd3VBQWpZ?oc=5,https://news.google.com/rss/articles/CBMirwFBVV95cUxOdS1faFdQWUNtbjFSMFBJM00wMmtIS0VYWkFJT1BkWEhOaThBQkhOUTQ4VFFFT2hDQ1lWWmlnejZzUHNLSUVsX0hGazhHWnhlckVGclRyMGRmMDdOWjhOdjZUWHNQdkFDWlhOblZyelpiRkxsMGdiM3I1M1VUVFotU3U1N1JUeW1LdDZhNjVtTVFLZ3JUbl9uOTlZMzhiREdJXzdXN05wV3hYd3VBQWpZ?oc=5
T-948bf847c4a1-02,T-948bf847c4a1,,"GUVNL Awards 250 MW Wind Project to KPI, Juniper, Jakson Green & Inox - Saur Energy",GUVNL,Wind,250.0,,Jakson,,,,,2025-04-24,2027-04-24,Press report - verify,news sweep,https://news.google.com/rss/articles/CBMirwFBVV95cUxOdS1faFdQWUNtbjFSMFBJM00wMmtIS0VYWkFJT1BkWEhOaThBQkhOUTQ4VFFFT2hDQ1lWWmlnejZzUHNLSUVsX0hGazhHWnhlckVGclRyMGRmMDdOWjhOdjZUWHNQdkFDWlhOblZyelpiRkxsMGdiM3I1M1VUVFotU3U1N1JUeW1LdDZhNjVtTVFLZ3JUbl9uOTlZMzhiREdJXzdXN05wV3hYd3VBQWpZ?oc=5,https://news.google.com/rss/articles/CBMirwFBVV95cUxOdS1faFdQWUNtbjFSMFBJM00wMmtIS0VYWkFJT1BkWEhOaThBQkhOUTQ4VFFFT2hDQ1lWWmlnejZzUHNLSUVsX0hGazhHWnhlckVGclRyMGRmMDdOWjhOdjZUWHNQdkFDWlhOblZyelpiRkxsMGdiM3I1M1VUVFotU3U1N1JUeW1LdDZhNjVtTVFLZ3JUbl9uOTlZMzhiREdJXzdXN05wV3hYd3VBQWpZ?oc=5
T-82c8f8303a06-01,T-82c8f8303a06,,NLC Juniper Powerica Cu-Built Win GUVNL 250 MW Wind Auction - Construction World,GUVNL,Wind,250.0,,Juniper,,250.0,,,2026-07-17,2028-07-17,Press report - verify,news sweep,https://news.google.com/rss/articles/CBMi4AFBVV95cUxPeHdHc0ZabDN0dEdWZGxMRnBTUno5QkxtTVJKOGV5aUUwbVZvQ01Yc0lvMTN2WFgwVEFWVXVGQ1JZQlcyc0ZJOWR4QkYwbXNHX2poZlFtcm00QS1DbmJZVWlJT0E3WktYMXI0YkpsMldDYm5TV1ZVNkQwVG5kTjRHRURGVUJOX2VmcUdDd0VvSE1tTHdHVGQ5RXBvUld6cm1Zanh4S0x4MjlZVmZ2YWtuUzdqTnBwYmNmODNzV2thdWxvODdvNkNVZW1TSVkwWmFhUEh2QzFYNXdvTzdaWjgzcA?oc=5,https://news.google.com/rss/articles/CBMi4AFBVV95cUxPeHdHc0ZabDN0dEdWZGxMRnBTUno5QkxtTVJKOGV5aUUwbVZvQ01Yc0lvMTN2WFgwVEFWVXVGQ1JZQlcyc0ZJOWR4QkYwbXNHX2poZlFtcm00QS1DbmJZVWlJT0E3WktYMXI0YkpsMldDYm5TV1ZVNkQwVG5kTjRHRURGVUJOX2VmcUdDd0VvSE1tTHdHVGQ5RXBvUld6cm1Zanh4S0x4MjlZVmZ2YWtuUzdqTnBwYmNmODNzV2thdWxvODdvNkNVZW1TSVkwWmFhUEh2QzFYNXdvTzdaWjgzcA?oc=5
T-0b5ee904fc8d-01,T-0b5ee904fc8d,,"KP Group, Engie India, Ultimate Flexipack Among Winners in GUVNL’s 2 GW/4 GWh BESS Auction - energetica-india.net",GUVNL,Energy Storage (BESS),2000.0,,Engie,,2000.0,,,2025-11-18,2027-05-18,Press report - verify,news sweep,https://news.google.com/rss/articles/CBMiwgFBVV95cUxPdUtQbnA2d1dPOUFHeHM5TE1yaTFyMEl1V25jWkJPQkt4TzdKazNGMlFFMHhjTkR0NXJ3VTlxZkJYUEt4OV9UeE5GcU9Zb09Jd1JpZXZTeGVHTEVTZ3ZELWhXU1VqNUhBUkxfZGoybGYtdFZrV2VVeG5zVGFkdHk3RjRTVkRqcHZpVUVpUjg0UUZBOFNOQm1SRm9wZ0YtcjhacXAzZGRfMHBzYUhPaVFLUzRCajRvSkRUUGhjRmZLYWxXQQ?oc=5,https://news.google.com/rss/articles/CBMiwgFBVV95cUxPdUtQbnA2d1dPOUFHeHM5TE1yaTFyMEl1V25jWkJPQkt4TzdKazNGMlFFMHhjTkR0NXJ3VTlxZkJYUEt4OV9UeE5GcU9Zb09Jd1JpZXZTeGVHTEVTZ3ZELWhXU1VqNUhBUkxfZGoybGYtdFZrV2VVeG5zVGFkdHk3RjRTVkRqcHZpVUVpUjg0UUZBOFNOQm1SRm9wZ0YtcjhacXAzZGRfMHBzYUhPaVFLUzRCajRvSkRUUGhjRmZLYWxXQQ?oc=5
T-8c923602ce25-01,T-8c923602ce25,,Pace Digitek Wins KREDL’s 250 MW Solar/1.1 GWh BESS Project in Karnataka - megaproject.com,KREDL,Solar + Storage,250.0,Karnataka,Pace Digitek,,250.0,,,2026-02-12,2028-02-12,Press report - verify,news sweep,https://news.google.com/rss/articles/CBMisAFBVV95cUxPMEN4R3dJdEl3RTI3QjdkRjYxWXpqMFdXQ2lLQ0c0WVlRYUZlVThsRC1nX3JxeTFvZjBqSFdZZXQ4Q1JlTnVpd3ltT1p5UDRyelRtdVJFSDdJV2dETFVJbHpTZW5mT3BZREZsc3hxVEpPVndZR3VCUjFibGZPdjFaNDBVOXlrVk5LbXZiYy00X0k3UXRDd29RSTZtdDU0ZjA5OGFJNW9zWFVabTN6V1ZQVw?oc=5,https://news.google.com/rss/articles/CBMisAFBVV95cUxPMEN4R3dJdEl3RTI3QjdkRjYxWXpqMFdXQ2lLQ0c0WVlRYUZlVThsRC1nX3JxeTFvZjBqSFdZZXQ4Q1JlTnVpd3ltT1p5UDRyelRtdVJFSDdJV2dETFVJbHpTZW5mT3BZREZsc3hxVEpPVndZR3VCUjFibGZPdjFaNDBVOXlrVk5LbXZiYy00X0k3UXRDd29RSTZtdDU0ZjA5OGFJNW9zWFVabTN6V1ZQVw?oc=5
T-8940327e293b-01,T-8940327e293b,,"MPPMCL Partially Awards 293 MW Under 800 MW Wind Tender To Ayana Renewable, BPCL - Saur Energy",MPPMCL,Wind,293.0,,Ayana Renewable,,293.0,,,2026-07-01,2028-07-01,Press report - verify,news sweep,https://news.google.com/rss/articles/CBMiyAFBVV95cUxQajF0QTl6RXBsVkt6cU5wODhVRDR2cXkzejhWM2RpV0t5bDhDWHl6ZzhQY3ZQQVZ0ZzU5TWdqVFR0MXNicFZfaW5jWjMxNzFwcmlSeXY5bzI0QzdfRDhBMDlKdlZ3UTVMMXVJd2xlc0hGOXhkTTh2d3VEaENuUG8tNTVkTzVXUy0tWTIwOU9kcWk2SGJpTDhMRmxzUk81Q0trX2tIbTROSkhtM3lEakRzb0x4aGxvWGhVNlRRckpDOGtES0NGR2hWTA?oc=5,https://news.google.com/rss/articles/CBMiyAFBVV95cUxQajF0QTl6RXBsVkt6cU5wODhVRDR2cXkzejhWM2RpV0t5bDhDWHl6ZzhQY3ZQQVZ0ZzU5TWdqVFR0MXNicFZfaW5jWjMxNzFwcmlSeXY5bzI0QzdfRDhBMDlKdlZ3UTVMMXVJd2xlc0hGOXhkTTh2d3VEaENuUG8tNTVkTzVXUy0tWTIwOU9kcWk2SGJpTDhMRmxzUk81Q0trX2tIbTROSkhtM3lEakRzb0x4aGxvWGhVNlRRckpDOGtES0NGR2hWTA?oc=5
T-65e5485f6676-01,T-65e5485f6676,,Adani Power Wins Additional 800 MW Order from MPPMCL - India Infoline,MPPMCL,Unclassified,800.0,,Adani Power,,800.0,,,2025-09-11,2027-09-11,Press report - verify,news sweep,https://news.google.com/rss/articles/CBMingFBVV95cUxQOVI4RlY5eTdVdXlYZXp0ZmpGN0NBVVpmZkVHM3JiNzJGa2h0elRRMDNzbnpRQWlzOEJ0aldUeEM3a2I0dlhoak5HZTYyZXJwMEJWVjF5R2NsNWFmSXdxVjFnTnVOSXJMVWxrbHRqdEU3bVVUckRCelB2aUNUTGc2ZVgyWDRseEFMYXpUQWoyRmtVNkhCdW5TY0pSMHVlZw?oc=5,https://news.google.com/rss/articles/CBMingFBVV95cUxQOVI4RlY5eTdVdXlYZXp0ZmpGN0NBVVpmZkVHM3JiNzJGa2h0elRRMDNzbnpRQWlzOEJ0aldUeEM3a2I0dlhoak5HZTYyZXJwMEJWVjF5R2NsNWFmSXdxVjFnTnVOSXJMVWxrbHRqdEU3bVVUckRCelB2aUNUTGc2ZVgyWDRseEFMYXpUQWoyRmtVNkhCdW5TY0pSMHVlZw?oc=5
T-75d161984b5f-01,T-75d161984b5f,,Adani Power Secures LoA for total 1600 MW Capacity from MPPMCL - Adani,MPPMCL,Unclassified,1600.0,,Adani Power,,1600.0,,,2025-09-11,2027-09-11,Press report - verify,news sweep,https://news.google.com/rss/articles/CBMirAFBVV95cUxNMGo0X0NqWDZDSFJ2bkJlby0zXzlvd29MYlROdk9EMllXaUxRSGlfT0FVUEpvOXhfb2FVV044c3JHaG5COVNIR1RMY0dzbGwtcFJTbFBKU2NucFNpMnF6UzE3TGotWE0xaldyNWRNcmRvc1NwdGowTzFueVZNS0VpUnV0YnNIcFYtWFNYYVc3MlJleldDQlVwM3Zyd2VrMWFVREkxcnpEa2VxLUJD?oc=5,https://news.google.com/rss/articles/CBMirAFBVV95cUxNMGo0X0NqWDZDSFJ2bkJlby0zXzlvd29MYlROdk9EMllXaUxRSGlfT0FVUEpvOXhfb2FVV044c3JHaG5COVNIR1RMY0dzbGwtcFJTbFBKU2NucFNpMnF6UzE3TGotWE0xaldyNWRNcmRvc1NwdGowTzFueVZNS0VpUnV0YnNIcFYtWFNYYVc3MlJleldDQlVwM3Zyd2VrMWFVREkxcnpEa2VxLUJD?oc=5
T-dbef980519c3-01,T-dbef980519c3,,Ayana Renewable Power Wins 193 MW in MPPMCL's 800 MW Wind Power Auction - energetica-india.net,MPPMCL,Wind,193.0,,Ayana Renewable,,193.0,,,2026-07-01,2028-07-01,Press report - verify,news sweep,https://news.google.com/rss/articles/CBMirAFBVV95cUxNdVVydDVCWFNad1U5LVZWbEladm51YVptMlBHMFhjN3NRWmJ1R0NVLVRaT0VSeUZKLWMtMlYyNFYtaVZ4U2lNVldCVWRBVmEzVXo1WHRUR21td2VTTHFDMEJWTUh1OWR6eFRndHJ0bHZMMjdac1FHdTFKYlBhNzVlYWg2UFE5R3hWN1hFNTQtYXVBN0EtbHM0Q2x2OVl4RWRnNzRTQnlGNXZ4ZlFm?oc=5,https://news.google.com/rss/articles/CBMirAFBVV95cUxNdVVydDVCWFNad1U5LVZWbEladm51YVptMlBHMFhjN3NRWmJ1R0NVLVRaT0VSeUZKLWMtMlYyNFYtaVZ4U2lNVldCVWRBVmEzVXo1WHRUR21td2VTTHFDMEJWTUh1OWR6eFRndHJ0bHZMMjdac1FHdTFKYlBhNzVlYWg2UFE5R3hWN1hFNTQtYXVBN0EtbHM0Q2x2OVl4RWRnNzRTQnlGNXZ4ZlFm?oc=5
T-fc60669753ff-01,T-fc60669753ff,,"Adani Power bags 1,600 MW thermal project from MPPMCL; to invest Rs 21,000 cr - cfo.economictimes.indiatimes.com",MPPMCL,Unclassified,1600.0,,Adani Power,,1600.0,,,2025-09-11,2027-09-11,Press report - verify,news sweep,https://news.google.com/rss/articles/CBMi-AFBVV95cUxPZVo1YkROVGIzdmhTUEYyWS1EdkxmOVFJTmZ3NnRKczdyUHNQOXFqMlNzMWNWempZZ05vTFowVUdST1prQnpDVDhxck11WDRRUlhwT1ZxR25Vd01MMjhFdUVBS1ZaYktmRlJxMGQtbHNMbENDY0lTa3N0TnRsN2xwODF0bFprS1pOTHN0N1FvamU5Q09zaThkYW5MdWNBdThrWllMeVFZVDdHSERRNTJuN1J4WUk1aHh6dmpfaFVFTkFOTTRxTnNneW85RlgxejRZZ0t2Z0dMTFRzbVNTQ0t6M01aQTluN3l4SThjaWRsWGJHdW52RnBNWdIB_gFBVV95cUxNSEhlaEdMN0xRU2xxalM4OG5qMmhpc1lTdU10ZUR0VjI0U1ZDM2JOQ0xOWWNiZFZHNnFRSDVfSE1NTkR5OEJsU3lXdGhMMDc3ekhKLTY4YnR0aGUzenNkNFFLbG5TQmFlejdjSVJLZGJiUE5wNFdZVUpRcGNCeG9PWktCT0d2UTIzV1o1TG9YcU1KYk5seXNUQ1VuNkFWNHFVTGwzc01KT19IRHBCNFlKeVhvWUJvb1I5enUzaDFiaFhITEJqRElJZ2xpdnItaW5idVBKbnpsVlJBbDA5WnIzTm1FZ0Ruc3c2Vmd2WUowanBpOWU3SXIyTnJfMkk1dw?oc=5,https://news.google.com/rss/articles/CBMi-AFBVV95cUxPZVo1YkROVGIzdmhTUEYyWS1EdkxmOVFJTmZ3NnRKczdyUHNQOXFqMlNzMWNWempZZ05vTFowVUdST1prQnpDVDhxck11WDRRUlhwT1ZxR25Vd01MMjhFdUVBS1ZaYktmRlJxMGQtbHNMbENDY0lTa3N0TnRsN2xwODF0bFprS1pOTHN0N1FvamU5Q09zaThkYW5MdWNBdThrWllMeVFZVDdHSERRNTJuN1J4WUk1aHh6dmpfaFVFTkFOTTRxTnNneW85RlgxejRZZ0t2Z0dMTFRzbVNTQ0t6M01aQTluN3l4SThjaWRsWGJHdW52RnBNWdIB_gFBVV95cUxNSEhlaEdMN0xRU2xxalM4OG5qMmhpc1lTdU10ZUR0VjI0U1ZDM2JOQ0xOWWNiZFZHNnFRSDVfSE1NTkR5OEJsU3lXdGhMMDc3ekhKLTY4YnR0aGUzenNkNFFLbG5TQmFlejdjSVJLZGJiUE5wNFdZVUpRcGNCeG9PWktCT0d2UTIzV1o1TG9YcU1KYk5seXNUQ1VuNkFWNHFVTGwzc01KT19IRHBCNFlKeVhvWUJvb1I5enUzaDFiaFhITEJqRElJZ2xpdnItaW5idVBKbnpsVlJBbDA5WnIzTm1FZ0Ruc3c2Vmd2WUowanBpOWU3SXIyTnJfMkk1dw?oc=5
T-0b6a6c9a8b8a-01,T-0b6a6c9a8b8a,,"Adani Power wins additional 800 MW LoA from MPPMCL, total at 1,600 MW - Business Standard",MPPMCL,Unclassified,800.0,,Adani Power,,800.0,,,2025-09-11,2027-09-11,Press report - verify,news sweep,https://news.google.com/rss/articles/CBMiuwFBVV95cUxNb0h2S0VISE1SQUV4RVlwb0VFeVh4T2M4SmlFY3lkX0ZRM0xMOU5kOTY4U01LalJHQ0dyRjBMTUFoU3VzT21TdnVVSE1nUk83SnNfcjJNLThzZ2pvcmI2MDRUZlB1OHdoU0JvMzdYbU9zdHBNOHRUTkRRTGVScGRtYU1jN05MSUt1UU1uSVdWWjZpdDBrYWxTVjQzazNqN2FGRmo1MVlSTEtkcjNKVU5aRVZLaDdhTWxSaEt30gHAAUFVX3lxTE5jV0F4Z01POGhfdUpfRkV6QnJFWlZ2anRzdVZPZmh6RWxMUjZKNVl4bnBBbkRDYlJDY1VUN0xnaDAxd2lPOXZEcnFOSU9OcFhDUWNDTlMwU1pReVZrRDZSX0JveVhsdTlyZGozLW02Zmx0ajdKZ0RYVTlMMWl2T1E4aFRzSDBQWU5ELURfWnBhTmQ3YmxzRTRzYWF2c0swOEZNbjFnOG5va1N2dXBKdTVpWUxBZnZXaE5tWG53bTN1SA?oc=5,https://news.google.com/rss/articles/CBMiuwFBVV95cUxNb0h2S0VISE1SQUV4RVlwb0VFeVh4T2M4SmlFY3lkX0ZRM0xMOU5kOTY4U01LalJHQ0dyRjBMTUFoU3VzT21TdnVVSE1nUk83SnNfcjJNLThzZ2pvcmI2MDRUZlB1OHdoU0JvMzdYbU9zdHBNOHRUTkRRTGVScGRtYU1jN05MSUt1UU1uSVdWWjZpdDBrYWxTVjQzazNqN2FGRmo1MVlSTEtkcjNKVU5aRVZLaDdhTWxSaEt30gHAAUFVX3lxTE5jV0F4Z01POGhfdUpfRkV6QnJFWlZ2anRzdVZPZmh6RWxMUjZKNVl4bnBBbkRDYlJDY1VUN0xnaDAxd2lPOXZEcnFOSU9OcFhDUWNDTlMwU1pReVZrRDZSX0JveVhsdTlyZGozLW02Zmx0ajdKZ0RYVTlMMWl2T1E4aFRzSDBQWU5ELURfWnBhTmQ3YmxzRTRzYWF2c0swOEZNbjFnOG5va1N2dXBKdTVpWUxBZnZXaE5tWG53bTN1SA?oc=5
T-172f6093be8e-01,T-172f6093be8e,,"Adani Power Wins MSEDCL's 2,500 MW Renewable RTC Power Supply Contract - energetica-india.net",MSEDCL,Round-the-Clock / CfD / Trading,2500.0,,Adani Power,,,,,2026-04-07,2028-04-07,Press report - verify,news sweep,https://news.google.com/rss/articles/CBMiqgFBVV95cUxQZ1lsbUpQbElWV0w4OUtXSVZyX2dBY1Z0cVhpQzZnaWJFeG43LVJQYUZNbGdsY09TaUpTdWpSdlhUUGttR1QwbzFaeUpXMENuZ0VVM3pUMEl1X3A1Q3FRSjJIaEkzNVpsVkZlYWEya2pRVHdKQXotTkJLNi03REpTZFlHamRKdGhGOEl1UjNCUnlhdUJnMDdPUUtNY3BCQVhZYzJlTnpjMlZBUQ?oc=5,https://news.google.com/rss/articles/CBMiqgFBVV95cUxQZ1lsbUpQbElWV0w4OUtXSVZyX2dBY1Z0cVhpQzZnaWJFeG43LVJQYUZNbGdsY09TaUpTdWpSdlhUUGttR1QwbzFaeUpXMENuZ0VVM3pUMEl1X3A1Q3FRSjJIaEkzNVpsVkZlYWEya2pRVHdKQXotTkJLNi03REpTZFlHamRKdGhGOEl1UjNCUnlhdUJnMDdPUUtNY3BCQVhZYzJlTnpjMlZBUQ?oc=5
T-172f6093be8e-02,T-172f6093be8e,,"Adani Power Wins MSEDCL's 2,500 MW Renewable RTC Power Supply Contract - energetica-india.net",MSEDCL,Round-the-Clock / CfD / Trading,2500.0,,Renew,,,,,2026-04-07,2028-04-07,Press report - verify,news sweep,https://news.google.com/rss/articles/CBMiqgFBVV95cUxQZ1lsbUpQbElWV0w4OUtXSVZyX2dBY1Z0cVhpQzZnaWJFeG43LVJQYUZNbGdsY09TaUpTdWpSdlhUUGttR1QwbzFaeUpXMENuZ0VVM3pUMEl1X3A1Q3FRSjJIaEkzNVpsVkZlYWEya2pRVHdKQXotTkJLNi03REpTZFlHamRKdGhGOEl1UjNCUnlhdUJnMDdPUUtNY3BCQVhZYzJlTnpjMlZBUQ?oc=5,https://news.google.com/rss/articles/CBMiqgFBVV95cUxQZ1lsbUpQbElWV0w4OUtXSVZyX2dBY1Z0cVhpQzZnaWJFeG43LVJQYUZNbGdsY09TaUpTdWpSdlhUUGttR1QwbzFaeUpXMENuZ0VVM3pUMEl1X3A1Q3FRSjJIaEkzNVpsVkZlYWEya2pRVHdKQXotTkJLNi03REpTZFlHamRKdGhGOEl1UjNCUnlhdUJnMDdPUUtNY3BCQVhZYzJlTnpjMlZBUQ?oc=5
T-6697f371e816-01,T-6697f371e816,,Adani Power bags 1600 MW power supply contract from MSEDCL - energy.economictimes.indiatimes.com,MSEDCL,Unclassified,1600.0,,Adani Power,,1600.0,,,2026-03-15,2028-03-15,Press report - verify,news sweep,https://news.google.com/rss/articles/CBMitwFBVV95cUxNY2w4ekJKU1BNRmE2YmM1UzZKUGxUbGl2azBuUUVqNkpNamRqSlpMQTdaSVgyX3RqbkxRMnZCVktHdFNwdk9ialpaMDBhNE9zb25fVHl6UmVPV2l5WnNNTVp5RHlqcjBjdVlMQVVRNmkyaWtqbkMxNHZaem9uWkNzMGtGUkEzWkpWdldvRkNKTDJudFJ3MmNaeUswbWNDLWJxT2lXcld6dGEtamRnREFuQ0c3LW9Wb3fSAbwBQVVfeXFMTkdPd2lCNjdnRGkzNUdub3lrMDBfTlp2Z193Smt2TWZGcGI5S1duZmw4U05iWWRFSk15U0VGVm1qYTJzeXgxZ0FzUmttYlBTUGgxY0RWbldkMGZJZVZ3N1Brc1N5Mi0zdzgyMXAyVWtxWktOWmJzRndjOEtYek90UG8ycnNMdDRWMmlNRW1laDBLTkNnRkFFLUptd08tVDAxTDNGTE1TZmpkS01ROVc5ZkUyTHlxY1BfTGZtNFk?oc=5,https://news.google.com/rss/articles/CBMitwFBVV95cUxNY2w4ekJKU1BNRmE2YmM1UzZKUGxUbGl2azBuUUVqNkpNamRqSlpMQTdaSVgyX3RqbkxRMnZCVktHdFNwdk9ialpaMDBhNE9zb25fVHl6UmVPV2l5WnNNTVp5RHlqcjBjdVlMQVVRNmkyaWtqbkMxNHZaem9uWkNzMGtGUkEzWkpWdldvRkNKTDJudFJ3MmNaeUswbWNDLWJxT2lXcld6dGEtamRnREFuQ0c3LW9Wb3fSAbwBQVVfeXFMTkdPd2lCNjdnRGkzNUdub3lrMDBfTlp2Z193Smt2TWZGcGI5S1duZmw4U05iWWRFSk15U0VGVm1qYTJzeXgxZ0FzUmttYlBTUGgxY0RWbldkMGZJZVZ3N1Brc1N5Mi0zdzgyMXAyVWtxWktOWmJzRndjOEtYek90UG8ycnNMdDRWMmlNRW1laDBLTkNnRkFFLUptd08tVDAxTDNGTE1TZmpkS01ROVc5ZkUyTHlxY1BfTGZtNFk?oc=5
T-b5827573c02f-01,T-b5827573c02f,,"Adani Power Limited Wins 1,600 MW Supply Order From MSEDCL - sarkaritel.com",MSEDCL,Unclassified,1600.0,,Adani Power,,1600.0,,,2026-03-16,2028-03-16,Press report - verify,news sweep,https://news.google.com/rss/articles/CBMimAFBVV95cUxPNHZQNXpCaTVRWUNzeDJKRS1rUkxoQzRoQjc1SXNneWlqU0JQU1dWQzUxdTFMYzlLeTFxZXdFS2hYTHBVMEpSN3Z4VkE3bm1YQVZpSjNSTUQtdG5QRVd0djBTNFh2R1A4NjNjMDREQnp0THA5ZEllX2lnWldzaWplekVhd3ZqTkZQcWwzcEFNZ1I3YWhvY1JuaA?oc=5,https://news.google.com/rss/articles/CBMimAFBVV95cUxPNHZQNXpCaTVRWUNzeDJKRS1rUkxoQzRoQjc1SXNneWlqU0JQU1dWQzUxdTFMYzlLeTFxZXdFS2hYTHBVMEpSN3Z4VkE3bm1YQVZpSjNSTUQtdG5QRVd0djBTNFh2R1A4NjNjMDREQnp0THA5ZEllX2lnWldzaWplekVhd3ZqTkZQcWwzcEFNZ1I3YWhvY1JuaA?oc=5
T-0d0321969a77-01,T-0d0321969a77,,"Adani Power shares jumps 5% after MSEDCL awards 1,600 MW long-term supply contract - The Economic Times",MSEDCL,Unclassified,1600.0,,Adani Power,,1600.0,,,2026-03-16,2028-03-16,Press report - verify,news sweep,https://news.google.com/rss/articles/CBMi6gFBVV95cUxOLW1uVVNBRDJCSkhSV2hUbVc0ajMxZWV2QjV2Z3o2YW5TeFI0UXUxclREeWgyODg2c1VBMkQwemV5ZHNCWksxZTBGZFY2NzVxdVBNRHlaNWJMNHphY1lRRHE5ZGVEZktUWjRKSXJvLTRET1RnREtqaFNqdUxxWlZ1YndiX0hvVVJ2TWY3NkZvMVhGWmtXWHpIRGk4YlJWMmhlWk1qZVVRM3BjeDh0TGtvemY0aWd4V0RsRWJOTFpzNWR5OTYyVF9mbEpEYTNjVDYzQWFDUENHNm5jZmtnalRERW96VkRqRUcyR0HSAe8BQVVfeXFMT2NXamVXNXhyUkx4OUtOaTBhM2tON05qRmxoakNTU24wTVlUZVdYaGVWTzhoamlSazc0Z0lJUnhvX2J0QzRYZ0pLam1BaTJTN0JIekF4WVlFLWMyUzBVLVFncUtBNW9JQ1Z4OTk3SjlFNTlkUWdhU1hKcjJ1cFlkeTlnMjREZ18wdmVHRl9aR3FaLXJhU2tULVdKOHdsU3pqX2lxQnZxRVBWN2ZNbUJ1Ymp2Z016X3FEV0NzN3ViUURxSjBneWEyZGp4Um4tVGRWZE1ILUpQXzJJQU8xZ0xYblQ2ckl2SXVPOC1sYm9HMlU?oc=5,https://news.google.com/rss/articles/CBMi6gFBVV95cUxOLW1uVVNBRDJCSkhSV2hUbVc0ajMxZWV2QjV2Z3o2YW5TeFI0UXUxclREeWgyODg2c1VBMkQwemV5ZHNCWksxZTBGZFY2NzVxdVBNRHlaNWJMNHphY1lRRHE5ZGVEZktUWjRKSXJvLTRET1RnREtqaFNqdUxxWlZ1YndiX0hvVVJ2TWY3NkZvMVhGWmtXWHpIRGk4YlJWMmhlWk1qZVVRM3BjeDh0TGtvemY0aWd4V0RsRWJOTFpzNWR5OTYyVF9mbEpEYTNjVDYzQWFDUENHNm5jZmtnalRERW96VkRqRUcyR0HSAe8BQVVfeXFMT2NXamVXNXhyUkx4OUtOaTBhM2tON05qRmxoakNTU24wTVlUZVdYaGVWTzhoamlSazc0Z0lJUnhvX2J0QzRYZ0pLam1BaTJTN0JIekF4WVlFLWMyUzBVLVFncUtBNW9JQ1Z4OTk3SjlFNTlkUWdhU1hKcjJ1cFlkeTlnMjREZ18wdmVHRl9aR3FaLXJhU2tULVdKOHdsU3pqX2lxQnZxRVBWN2ZNbUJ1Ymp2Z016X3FEV0NzN3ViUURxSjBneWEyZGp4Um4tVGRWZE1ILUpQXzJJQU8xZ0xYblQ2ckl2SXVPOC1sYm9HMlU?oc=5
T-1794aa33ca43-01,T-1794aa33ca43,,"Adani Power: Company Secures LOA From MSEDCL For 1,600 MW Long-Term Power Agreement - scanx.trade",MSEDCL,Unclassified,1600.0,,Adani Power,,1600.0,,,2026-03-15,2028-03-15,Press report - verify,news sweep,https://news.google.com/rss/articles/CBMiyAFBVV95cUxQWm9ydnhLbkZQb1BVZDB0MmRwTXpJOVo2MlMyTmJyUlU5UG9MQmpNWWZnOEtVRzc5bGRmMjFVdlZBZHBGRzhpNHVndVl1ZVJoLTV2V0QxcXFfbUpEZXl2aFM3VmlFREg5ajZrVDc0ZC1tNnZMaVFDVTdxYTZ0d0tpR0hYRDZDSXR5ZERqOEJPQl80YW1tRS0xeVlPTEV1eTItMlRPdDFKWXNtOFgtOUhOWmpKRVRFb01xY2JSNGpZT21mcHhabnZaNg?oc=5,https://news.google.com/rss/articles/CBMiyAFBVV95cUxQWm9ydnhLbkZQb1BVZDB0MmRwTXpJOVo2MlMyTmJyUlU5UG9MQmpNWWZnOEtVRzc5bGRmMjFVdlZBZHBGRzhpNHVndVl1ZVJoLTV2V0QxcXFfbUpEZXl2aFM3VmlFREg5ajZrVDc0ZC1tNnZMaVFDVTdxYTZ0d0tpR0hYRDZDSXR5ZERqOEJPQl80YW1tRS0xeVlPTEV1eTItMlRPdDFKWXNtOFgtOUhOWmpKRVRFb01xY2JSNGpZT21mcHhabnZaNg?oc=5
T-5711baf8cc41-01,T-5711baf8cc41,,"PM-KUSUM: MSEDCL Awards Over ₹750 Crore Solar Pump Orders to Shakti, Oswal, Saatvik - Saur Energy",MSEDCL,Solar,,,Oswal,,,,,2025-12-24,2027-12-24,Press report - verify,news sweep,https://news.google.com/rss/articles/CBMizgFBVV95cUxPSXd5S2VUNHhaSWc3NVVJWVdRYWRnOXpzVjlGTEJGT1JkSXd3MDhod3lKbk1TazdHUG41eVRRQkhnWFNLNnQ2X2xFaUlHWmdxMzZrWS1HRm9fdmF1MFhVMlIwQzkwX0l1M21pWGlHcTRMX01sT3hhT2VBOEdjNkI3Y2lQTHA3Vkp0WGhTbF9hbENfUmlCT0ZGVDdvTHJvaTM0akwzbUNsaEJ0dExSOF9ncWRMdUJ3MkY4T0JRU2V4UldZS3NDaVlIQW1WMndIQQ?oc=5,https://news.google.com/rss/articles/CBMizgFBVV95cUxPSXd5S2VUNHhaSWc3NVVJWVdRYWRnOXpzVjlGTEJGT1JkSXd3MDhod3lKbk1TazdHUG41eVRRQkhnWFNLNnQ2X2xFaUlHWmdxMzZrWS1HRm9fdmF1MFhVMlIwQzkwX0l1M21pWGlHcTRMX01sT3hhT2VBOEdjNkI3Y2lQTHA3Vkp0WGhTbF9hbENfUmlCT0ZGVDdvTHJvaTM0akwzbUNsaEJ0dExSOF9ncWRMdUJ3MkY4T0JRU2V4UldZS3NDaVlIQW1WMndIQQ?oc=5
T-ff2d1ff995b7-01,T-ff2d1ff995b7,,"Adani Power Secures 2,500 MW RE RTC Supply Deal With MSEDCL - solarquarter.com",MSEDCL,Round-the-Clock / CfD / Trading,2500.0,,Adani Power,,2500.0,,,2026-04-06,2028-04-06,Press report - verify,news sweep,https://news.google.com/rss/articles/CBMimwFBVV95cUxPZWNZNXdpMk4xckozclFCY1l3U0hmODZvVUdib3k4Rl9xOVZjeHIwcUI0aHZBcFFqWFhIdjktaFNnMHZ0UVRNRjJYWUV5R0I1U2ZjNDJwVEN0dkJrbU8zWEJFY1lSZTEzSElDRjJpV25QZkN3a0kyTkVXVG40c0FVX1A5ZEF5dW5Ldzd1T19YdmJfemNqYjRkcE5iMA?oc=5,https://news.google.com/rss/articles/CBMimwFBVV95cUxPZWNZNXdpMk4xckozclFCY1l3U0hmODZvVUdib3k4Rl9xOVZjeHIwcUI0aHZBcFFqWFhIdjktaFNnMHZ0UVRNRjJYWUV5R0I1U2ZjNDJwVEN0dkJrbU8zWEJFY1lSZTEzSElDRjJpV25QZkN3a0kyTkVXVG40c0FVX1A5ZEF5dW5Ldzd1T19YdmJfemNqYjRkcE5iMA?oc=5
T-0185fd440346-01,T-0185fd440346,,NHPC Awards 1.2 GW Jalaun Solar Park Project At ₹2.73/kWh To Coal India And NLC India Renewables - SolarQuarter,NHPC,Solar,1200.0,,NLC India,,,,,2026-07-02,2028-07-02,Press report - verify,news sweep,https://news.google.com/rss/articles/CBMi2AFBVV95cUxPNjVrVktSeUhnMndQWnJGTm5VWldHbG5pc2FsbTJaZmExdjh4TGdydHBiXy1KYWo2RElNM1ozNFJzblppNjdJN25mX1FXNXg4Sm83TU9MYk1ZUHQxOWw0R1J0RDRqRVVta3VqcjhLd3BpSEV2cVdTdWtuU0ViaVhPR1BveUdkM3A4RXdSSEVXMXVJdkl5WWRtMTUtWEg0RmptRVBlblFLaU5hZi1iYVdpRW5lZHp3V1N2QWpEUzk1RGhsWTk0QUZxUXZGS0ZCX3BCQlhvSmtVMno?oc=5,https://news.google.com/rss/articles/CBMi2AFBVV95cUxPNjVrVktSeUhnMndQWnJGTm5VWldHbG5pc2FsbTJaZmExdjh4TGdydHBiXy1KYWo2RElNM1ozNFJzblppNjdJN25mX1FXNXg4Sm83TU9MYk1ZUHQxOWw0R1J0RDRqRVVta3VqcjhLd3BpSEV2cVdTdWtuU0ViaVhPR1BveUdkM3A4RXdSSEVXMXVJdkl5WWRtMTUtWEg0RmptRVBlblFLaU5hZi1iYVdpRW5lZHp3V1N2QWpEUzk1RGhsWTk0QUZxUXZGS0ZCX3BCQlhvSmtVMno?oc=5
T-0185fd440346-02,T-0185fd440346,,NHPC Awards 1.2 GW Jalaun Solar Park Project At ₹2.73/kWh To Coal India And NLC India Renewables - SolarQuarter,NHPC,Solar,1200.0,,Renew,,,,,2026-07-02,2028-07-02,Press report - verify,news sweep,https://news.google.com/rss/articles/CBMi2AFBVV95cUxPNjVrVktSeUhnMndQWnJGTm5VWldHbG5pc2FsbTJaZmExdjh4TGdydHBiXy1KYWo2RElNM1ozNFJzblppNjdJN25mX1FXNXg4Sm83TU9MYk1ZUHQxOWw0R1J0RDRqRVVta3VqcjhLd3BpSEV2cVdTdWtuU0ViaVhPR1BveUdkM3A4RXdSSEVXMXVJdkl5WWRtMTUtWEg0RmptRVBlblFLaU5hZi1iYVdpRW5lZHp3V1N2QWpEUzk1RGhsWTk0QUZxUXZGS0ZCX3BCQlhvSmtVMno?oc=5,https://news.google.com/rss/articles/CBMi2AFBVV95cUxPNjVrVktSeUhnMndQWnJGTm5VWldHbG5pc2FsbTJaZmExdjh4TGdydHBiXy1KYWo2RElNM1ozNFJzblppNjdJN25mX1FXNXg4Sm83TU9MYk1ZUHQxOWw0R1J0RDRqRVVta3VqcjhLd3BpSEV2cVdTdWtuU0ViaVhPR1BveUdkM3A4RXdSSEVXMXVJdkl5WWRtMTUtWEg0RmptRVBlblFLaU5hZi1iYVdpRW5lZHp3V1N2QWpEUzk1RGhsWTk0QUZxUXZGS0ZCX3BCQlhvSmtVMno?oc=5
T-0057baebc545-01,T-0057baebc545,,"Coal India, NLC India Renewables Win NHPC’s 1,200 MW Solar Auction in Uttar Pradesh - Energetica India Magazine",NHPC,Solar,1200.0,Uttar Pradesh,NLC India,,,,,2026-07-04,2028-07-04,Press report - verify,news sweep,https://news.google.com/rss/articles/CBMiugFBVV95cUxNQ3lpeGJXclUwN3g3QUVBOU5BcVlhQVdoVUNXd2dMcUpQaG9kTXMtSHlqWjhIRTl5MDI1ZzBQUEFsbWpUcDhkUFdRWTZ2c3NwWUUzaF9McTJWWG84TXM0eTVzaElrQUplR083bGVRSXRQNUx2TzA2YkxDZ090a1AwUXlXM3pfdmpvWl85eXNva2YzeHdrV1BkSml1U2RyYmZWZ21NNGJLQUhYN0QzUWVJNWhUNnJLbFNndEE?oc=5,https://news.google.com/rss/articles/CBMiugFBVV95cUxNQ3lpeGJXclUwN3g3QUVBOU5BcVlhQVdoVUNXd2dMcUpQaG9kTXMtSHlqWjhIRTl5MDI1ZzBQUEFsbWpUcDhkUFdRWTZ2c3NwWUUzaF9McTJWWG84TXM0eTVzaElrQUplR083bGVRSXRQNUx2TzA2YkxDZ090a1AwUXlXM3pfdmpvWl85eXNva2YzeHdrV1BkSml1U2RyYmZWZ21NNGJLQUhYN0QzUWVJNWhUNnJLbFNndEE?oc=5
T-0057baebc545-02,T-0057baebc545,,"Coal India, NLC India Renewables Win NHPC’s 1,200 MW Solar Auction in Uttar Pradesh - Energetica India Magazine",NHPC,Solar,1200.0,Uttar Pradesh,Renew,,,,,2026-07-04,2028-07-04,Press report - verify,news sweep,https://news.google.com/rss/articles/CBMiugFBVV95cUxNQ3lpeGJXclUwN3g3QUVBOU5BcVlhQVdoVUNXd2dMcUpQaG9kTXMtSHlqWjhIRTl5MDI1ZzBQUEFsbWpUcDhkUFdRWTZ2c3NwWUUzaF9McTJWWG84TXM0eTVzaElrQUplR083bGVRSXRQNUx2TzA2YkxDZ090a1AwUXlXM3pfdmpvWl85eXNva2YzeHdrV1BkSml1U2RyYmZWZ21NNGJLQUhYN0QzUWVJNWhUNnJLbFNndEE?oc=5,https://news.google.com/rss/articles/CBMiugFBVV95cUxNQ3lpeGJXclUwN3g3QUVBOU5BcVlhQVdoVUNXd2dMcUpQaG9kTXMtSHlqWjhIRTl5MDI1ZzBQUEFsbWpUcDhkUFdRWTZ2c3NwWUUzaF9McTJWWG84TXM0eTVzaElrQUplR083bGVRSXRQNUx2TzA2YkxDZ090a1AwUXlXM3pfdmpvWl85eXNva2YzeHdrV1BkSml1U2RyYmZWZ21NNGJLQUhYN0QzUWVJNWhUNnJLbFNndEE?oc=5
T-07c8b8a7e244-01,T-07c8b8a7e244,,ACME Solar Holdings wins NHPC tender for two BESS projects in Andhra Pradesh - The Hindu,NHPC,Solar + Storage,,Andhra Pradesh,ACME Solar,,,,,2025-06-27,2027-06-27,Press report - verify,news sweep,https://news.google.com/rss/articles/CBMi5AFBVV95cUxNZkg3NTFqNzlnV2xIMmZhdFFUV2hvM2FUWGlpNkJ1V2Q1dEI4cTJPVzc5VkMwdVhTSFlvazF5SWFWVlp0NUR3RXpXUE5PZ2kzYUhhSzJRMFFvSlRjR0RpV0xoaV9KX0lUSEE3WV9sc0ZReEN3Ul83amg4NVdFNjhZazg1RDh1aE5YcW8xT0p5eTRxSGFBMWtpV2ZhX1loNVAzd0FpNnZQN2djdlhyVTBNZlppbTllWFAwVzJ4dFZra1dHS1hfMFRXWHg5V1RwWEp5N04xbE14Mks0SXlVcEJSVDlYSDjSAesBQVVfeXFMTXV5UThLZHFLVFFVcUFid0lNaVNrd1VwOEp1d1ZkUEE5VHlzU2dhdjItY1c4dVdxd25DdHQ5Y2RYUUFseUNtSnBXeUJuSmhPZ1hkbktlZGlKR3JVQkNDdWFvZ0kwYVZ3SVFlNF9LSmw0Q1JXWHBNLTctMHVMejVBVlZEbXphMDZNVVE3NjFoOXV6elRvT0Z5Y0lYcEFscldWQ0lLOVNHN2JCOG5MVXhST3o4Vy0yeTlncjhoVU1XRjJoR1FFTUFZR0NOb0RDOW5aSGFVemozN3ZIOWs4SjVqSDQ3NWVjY3g4RHVpOA?oc=5,https://news.google.com/rss/articles/CBMi5AFBVV95cUxNZkg3NTFqNzlnV2xIMmZhdFFUV2hvM2FUWGlpNkJ1V2Q1dEI4cTJPVzc5VkMwdVhTSFlvazF5SWFWVlp0NUR3RXpXUE5PZ2kzYUhhSzJRMFFvSlRjR0RpV0xoaV9KX0lUSEE3WV9sc0ZReEN3Ul83amg4NVdFNjhZazg1RDh1aE5YcW8xT0p5eTRxSGFBMWtpV2ZhX1loNVAzd0FpNnZQN2djdlhyVTBNZlppbTllWFAwVzJ4dFZra1dHS1hfMFRXWHg5V1RwWEp5N04xbE14Mks0SXlVcEJSVDlYSDjSAesBQVVfeXFMTXV5UThLZHFLVFFVcUFid0lNaVNrd1VwOEp1d1ZkUEE5VHlzU2dhdjItY1c4dVdxd25DdHQ5Y2RYUUFseUNtSnBXeUJuSmhPZ1hkbktlZGlKR3JVQkNDdWFvZ0kwYVZ3SVFlNF9LSmw0Q1JXWHBNLTctMHVMejVBVlZEbXphMDZNVVE3NjFoOXV6elRvT0Z5Y0lYcEFscldWQ0lLOVNHN2JCOG5MVXhST3o4Vy0yeTlncjhoVU1XRjJoR1FFTUFZR0NOb0RDOW5aSGFVemozN3ZIOWs4SjVqSDQ3NWVjY3g4RHVpOA?oc=5
T-17f8188254d8-01,T-17f8188254d8,,"NHPC Awards 125 MW/500 MWh BESS Tender With VGF to NTPC, Opera, Tata Power in Kerala - Saur Energy",NHPC,Energy Storage (BESS),125.0,Kerala,Tata Power,,125.0,,,2025-08-01,2027-02-01,Press report - verify,news sweep,https://news.google.com/rss/articles/CBMizwFBVV95cUxOdGlaMHV2WW0zYnZzdk16TC10dHNmT0Z5VTBwRUVqdnJFQkZuT3RLU2toWXo3SXc2T20yaEhhM2NGd0Q1OFlMOXZMUDc0YnJOeF9MNEN3NXpKNFFndllmU2x6RTBYVUI0NzJNUEpIOW5ubjlORExTamVCVDlJZWd0NW1qamt5bV9RemQ1NnVzWEpNSHlLWUVrX3p2WFp4YTJWck9rUkplamRBbS1qV3RkRXd6ZV9kVDVjSUxjT193Wm9rUUV1QUlxY0pZbWRsVG8?oc=5,https://news.google.com/rss/articles/CBMizwFBVV95cUxOdGlaMHV2WW0zYnZzdk16TC10dHNmT0Z5VTBwRUVqdnJFQkZuT3RLU2toWXo3SXc2T20yaEhhM2NGd0Q1OFlMOXZMUDc0YnJOeF9MNEN3NXpKNFFndllmU2x6RTBYVUI0NzJNUEpIOW5ubjlORExTamVCVDlJZWd0NW1qamt5bV9RemQ1NnVzWEpNSHlLWUVrX3p2WFp4YTJWck9rUkplamRBbS1qV3RkRXd6ZV9kVDVjSUxjT193Wm9rUUV1QUlxY0pZbWRsVG8?oc=5
T-4d5e7f9d49a8-01,T-4d5e7f9d49a8,,NTPC Green Energy and Opera Energy Win NHPC’s 125 MW/500 MWh BESS Auction in Kerala - Energetica India Magazine,NHPC,Energy Storage (BESS),125.0,Kerala,NTPC Green,,125.0,,,2025-05-22,2026-11-22,Press report - verify,news sweep,https://news.google.com/rss/articles/CBMiuwFBVV95cUxPV1pxUHNLcEtWTGRUZzNJZmpEd0M4cHQ2aUdwX1F2R3FnTkYyZ0k0Z2d2bjkxLWJOazJtV0RTTmJDbklocE9vLTV3RExkQnRnZTV6ZkZxZTNvd0tIb3V6ZWtFbUxFNGZjTTBJdEhBX01NS3pRdEZEa2ZaVEhMVVlEOFJvTl9zMDB5bU5aMkpTSW1vYVFzMlZvbUpYX0J6dUZkSlF0VEpSbWZFNzVpTlJTel9CYlBMX2tmQ2NF?oc=5,https://news.google.com/rss/articles/CBMiuwFBVV95cUxPV1pxUHNLcEtWTGRUZzNJZmpEd0M4cHQ2aUdwX1F2R3FnTkYyZ0k0Z2d2bjkxLWJOazJtV0RTTmJDbklocE9vLTV3RExkQnRnZTV6ZkZxZTNvd0tIb3V6ZWtFbUxFNGZjTTBJdEhBX01NS3pRdEZEa2ZaVEhMVVlEOFJvTl9zMDB5bU5aMkpTSW1vYVFzMlZvbUpYX0J6dUZkSlF0VEpSbWZFNzVpTlJTel9CYlBMX2tmQ2NF?oc=5
T-fffbbfe5bf93-01,T-fffbbfe5bf93,,"Adani, Sprng, Mahindra, Avaada, Secure NHPC's 1200 MW Hybrid Projects - Energetica India Magazine",NHPC,Wind-Solar Hybrid,1200.0,,Avaada,,1200.0,,,2025-03-11,2027-03-11,Press report - verify,news sweep,https://news.google.com/rss/articles/CBMipAFBVV95cUxOTnFfR2l3Z2ZkejBUZFlwX180azl2b0czM0JZMzFFLWV4amVLN0g0eXJpUGJRcjdES2ROcUZBZkNwWnpVOFZlMGNlUUtsa2xxOWhxRG9WUnBwVDdyenRsblg5T0xJOFI5SEstVm11QmtsMmRqOVZVdVQ2bzl3NTB0OEpBcE55bTVYTEROWkN4dUN4R2tDazVUdGRQV1hHWDhZbWwzUQ?oc=5,https://news.google.com/rss/articles/CBMipAFBVV95cUxOTnFfR2l3Z2ZkejBUZFlwX180azl2b0czM0JZMzFFLWV4amVLN0g0eXJpUGJRcjdES2ROcUZBZkNwWnpVOFZlMGNlUUtsa2xxOWhxRG9WUnBwVDdyenRsblg5T0xJOFI5SEstVm11QmtsMmRqOVZVdVQ2bzl3NTB0OEpBcE55bTVYTEROWkN4dUN4R2tDazVUdGRQV1hHWDhZbWwzUQ?oc=5
T-4d4a84c58251-01,T-4d4a84c58251,,"Reliance, PNC Infratech, SAEL, JBM and Navayuga Win NHPC’s 1,200 MW Solar Plus 600 MW ESS Auction - Energetica India Magazine",NHPC,Solar,1200.0,,SAEL,,1200.0,,,2025-07-16,2027-07-16,Press report - verify,news sweep,https://news.google.com/rss/articles/CBMiyAFBVV95cUxPQ2FWVi16ckp1WnV5blAwOXBnWG1aOE5VdFY4azJuMUgtbzFjSVV6UmY0ZGgyX0kxZkVnQmJSaGZaWVpXcFdPM3kwMHFzLXIyU1FxTFh2LXdDdTY4a0tqRTBjZzhHOGZuTEh3RDFTalpJdnREazhwLXh3VjQzZnhtNGxOczdTTVM4WW9IUERYY0pPZjAwWXFhamw4Q1EyUDRmSkVBRmY5Wk1aZFN5UWxUcDNROVdkQjVUdThRSVAyTzhvMFBDSXU5UQ?oc=5,https://news.google.com/rss/articles/CBMiyAFBVV95cUxPQ2FWVi16ckp1WnV5blAwOXBnWG1aOE5VdFY4azJuMUgtbzFjSVV6UmY0ZGgyX0kxZkVnQmJSaGZaWVpXcFdPM3kwMHFzLXIyU1FxTFh2LXdDdTY4a0tqRTBjZzhHOGZuTEh3RDFTalpJdnREazhwLXh3VjQzZnhtNGxOczdTTVM4WW9IUERYY0pPZjAwWXFhamw4Q1EyUDRmSkVBRmY5Wk1aZFN5UWxUcDNROVdkQjVUdThRSVAyTzhvMFBDSXU5UQ?oc=5
T-8c2d3d47531e-01,T-8c2d3d47531e,,"NTPC, ReNew, Jindal, Adani, Kolar Solar, Onix Win NHPC’s 1200 MW Solar Plus 600 MW/1200 MWh ESS Auction - Energetica India Magazine",NHPC,Solar,1200.0,,ReNew,,1200.0,,,2025-01-24,2027-01-24,Press report - verify,news sweep,https://news.google.com/rss/articles/CBMizwFBVV95cUxNSGE1NVcyZDRBT24xZTdpTTlxVExWWlRaTFpQNjNqY1c3cnJUM2p0YnJJSU1RNjlwWnM0eVU2Y3V4ZHN6QzlNVUJqSmRaRm1TZEJjUG41cHZoZDFQWlpWcnZHQWs0ajljMi1feVZaQVRsYWpDdUplT3pHZXBCSEVlUkI2NFZCdklEVkplTmZ6R1E3YUpUMFpwdmYyMU0zdXRNbXBJV2dLcm9OUHZFemF1NWE5VGRyWF9sbkdPTC00UFhkR0twN1VtQzhZM3lrWjQ?oc=5,https://news.google.com/rss/articles/CBMizwFBVV95cUxNSGE1NVcyZDRBT24xZTdpTTlxVExWWlRaTFpQNjNqY1c3cnJUM2p0YnJJSU1RNjlwWnM0eVU2Y3V4ZHN6QzlNVUJqSmRaRm1TZEJjUG41cHZoZDFQWlpWcnZHQWs0ajljMi1feVZaQVRsYWpDdUplT3pHZXBCSEVlUkI2NFZCdklEVkplTmZ6R1E3YUpUMFpwdmYyMU0zdXRNbXBJV2dLcm9OUHZFemF1NWE5VGRyWF9sbkdPTC00UFhkR0twN1VtQzhZM3lrWjQ?oc=5
T-956d86e85998-01,T-956d86e85998,,"GUVNL Awards 250 MW Phase XI Wind Projects To NLC India Renewables, Juniper Green, Powerica & Cu-Built At INR3.51/kWh - WindInsider",NLC India,Wind,250.0,,Renew,,,,,2026-07-13,2028-07-13,Press report - verify,news sweep,https://news.google.com/rss/articles/CBMi4wFBVV95cUxQeWlkdDVadzlRTVlxX1FVYllUOTRVY01KaWlvanJXSk82cktfa0MyOTJuM211RWRCY1kwWklJV3NTOGdndmxBX3BzeEFCbE9qRnpVQ1I3S290QVl1VWVzY0V2T2lVVG5WTVBfQkFFdldYQUxvRmNJSmYwbVNVU09vTXl6dGxQOVBUQ3B0UkdKa1lBYk1LNXNUcnNMZG95V24zMExmUDNOUFhqekJaRjBiandPa2J4dmRyVEtYNExLVmlwSXB1WFZhd01oMERCRVhkUUtvcjhidXNob0tEVTlEeGY4MNIB6AFBVV95cUxPZENNdENxLTYzckdwZFA0YTRJcHk5RzlBM0tZWE5mMVlZT0ptTS1QdWRRTng1Mnp3N1hnc1hNdG9sLTlFZXdGOFJ0bjd1c1dyVTFLSVlpY3JwN3JmRVlKRnpfQTkxbzlJamM1Z0hSZmFvSnRWekZmSW5vYlBvVENodzVlb2pkOV9UX21lVFN4ZHg0QmhBNU8wNDFMY1hWT2NTdWlWR1Y2cm5YZGJ6aTdldzlhaUJDTVlkYThLUGJOZFNLd0ZVMFQ2WjdWTngxMlJiSHNMSFBwVm5QSmVaV0ZPaVJJMmxnbHdu?oc=5,https://news.google.com/rss/articles/CBMi4wFBVV95cUxQeWlkdDVadzlRTVlxX1FVYllUOTRVY01KaWlvanJXSk82cktfa0MyOTJuM211RWRCY1kwWklJV3NTOGdndmxBX3BzeEFCbE9qRnpVQ1I3S290QVl1VWVzY0V2T2lVVG5WTVBfQkFFdldYQUxvRmNJSmYwbVNVU09vTXl6dGxQOVBUQ3B0UkdKa1lBYk1LNXNUcnNMZG95V24zMExmUDNOUFhqekJaRjBiandPa2J4dmRyVEtYNExLVmlwSXB1WFZhd01oMERCRVhkUUtvcjhidXNob0tEVTlEeGY4MNIB6AFBVV95cUxPZENNdENxLTYzckdwZFA0YTRJcHk5RzlBM0tZWE5mMVlZT0ptTS1QdWRRTng1Mnp3N1hnc1hNdG9sLTlFZXdGOFJ0bjd1c1dyVTFLSVlpY3JwN3JmRVlKRnpfQTkxbzlJamM1Z0hSZmFvSnRWekZmSW5vYlBvVENodzVlb2pkOV9UX21lVFN4ZHg0QmhBNU8wNDFMY1hWT2NTdWlWR1Y2cm5YZGJ6aTdldzlhaUJDTVlkYThLUGJOZFNLd0ZVMFQ2WjdWTngxMlJiSHNMSFBwVm5QSmVaV0ZPaVJJMmxnbHdu?oc=5
T-956d86e85998-02,T-956d86e85998,,"GUVNL Awards 250 MW Phase XI Wind Projects To NLC India Renewables, Juniper Green, Powerica & Cu-Built At INR3.51/kWh - WindInsider",NLC India,Wind,250.0,,Juniper Green,,,,,2026-07-13,2028-07-13,Press report - verify,news sweep,https://news.google.com/rss/articles/CBMi4wFBVV95cUxQeWlkdDVadzlRTVlxX1FVYllUOTRVY01KaWlvanJXSk82cktfa0MyOTJuM211RWRCY1kwWklJV3NTOGdndmxBX3BzeEFCbE9qRnpVQ1I3S290QVl1VWVzY0V2T2lVVG5WTVBfQkFFdldYQUxvRmNJSmYwbVNVU09vTXl6dGxQOVBUQ3B0UkdKa1lBYk1LNXNUcnNMZG95V24zMExmUDNOUFhqekJaRjBiandPa2J4dmRyVEtYNExLVmlwSXB1WFZhd01oMERCRVhkUUtvcjhidXNob0tEVTlEeGY4MNIB6AFBVV95cUxPZENNdENxLTYzckdwZFA0YTRJcHk5RzlBM0tZWE5mMVlZT0ptTS1QdWRRTng1Mnp3N1hnc1hNdG9sLTlFZXdGOFJ0bjd1c1dyVTFLSVlpY3JwN3JmRVlKRnpfQTkxbzlJamM1Z0hSZmFvSnRWekZmSW5vYlBvVENodzVlb2pkOV9UX21lVFN4ZHg0QmhBNU8wNDFMY1hWT2NTdWlWR1Y2cm5YZGJ6aTdldzlhaUJDTVlkYThLUGJOZFNLd0ZVMFQ2WjdWTngxMlJiSHNMSFBwVm5QSmVaV0ZPaVJJMmxnbHdu?oc=5,https://news.google.com/rss/articles/CBMi4wFBVV95cUxQeWlkdDVadzlRTVlxX1FVYllUOTRVY01KaWlvanJXSk82cktfa0MyOTJuM211RWRCY1kwWklJV3NTOGdndmxBX3BzeEFCbE9qRnpVQ1I3S290QVl1VWVzY0V2T2lVVG5WTVBfQkFFdldYQUxvRmNJSmYwbVNVU09vTXl6dGxQOVBUQ3B0UkdKa1lBYk1LNXNUcnNMZG95V24zMExmUDNOUFhqekJaRjBiandPa2J4dmRyVEtYNExLVmlwSXB1WFZhd01oMERCRVhkUUtvcjhidXNob0tEVTlEeGY4MNIB6AFBVV95cUxPZENNdENxLTYzckdwZFA0YTRJcHk5RzlBM0tZWE5mMVlZT0ptTS1QdWRRTng1Mnp3N1hnc1hNdG9sLTlFZXdGOFJ0bjd1c1dyVTFLSVlpY3JwN3JmRVlKRnpfQTkxbzlJamM1Z0hSZmFvSnRWekZmSW5vYlBvVENodzVlb2pkOV9UX21lVFN4ZHg0QmhBNU8wNDFMY1hWT2NTdWlWR1Y2cm5YZGJ6aTdldzlhaUJDTVlkYThLUGJOZFNLd0ZVMFQ2WjdWTngxMlJiSHNMSFBwVm5QSmVaV0ZPaVJJMmxnbHdu?oc=5
T-56d130be8de8-01,T-56d130be8de8,,NLC India Renewables wins 450 MW Gujarat BESS; second bidder Rs 1 behind - Power Peak Digest,NLC India,Energy Storage (BESS),450.0,Gujarat,Renew,,450.0,,,2026-08-11,2028-02-11,Press report - verify,news sweep,https://news.google.com/rss/articles/CBMigwFBVV95cUxOT0VUZnU3akNTakpydTBMUHg5bmRtdEpEZTZiOXBQV3JOS1Y2bkk0UVJiQll1RDNpbDlFQVBpN0JweXIwTkZmX09KVmx2OXhJWUllWWNTTG94VEhYMmpOSUJWaTEyU2lkWXljSVBSWHdkQ0puajl2SmpDUWJRUl9XNzk0dw?oc=5,https://news.google.com/rss/articles/CBMigwFBVV95cUxOT0VUZnU3akNTakpydTBMUHg5bmRtdEpEZTZiOXBQV3JOS1Y2bkk0UVJiQll1RDNpbDlFQVBpN0JweXIwTkZmX09KVmx2OXhJWUllWWNTTG94VEhYMmpOSUJWaTEyU2lkWXljSVBSWHdkQ0puajl2SmpDUWJRUl9XNzk0dw?oc=5
T-36f0b8607c13-01,T-36f0b8607c13,,NLC India Secures 600 MW Solar Award in UP Scaling Renewable Energy Pipeline - Sahi,NLC India,Solar,600.0,,Renew,,600.0,,,2026-07-01,2028-07-01,Press report - verify,news sweep,https://news.google.com/rss/articles/CBMitgFBVV95cUxPWndycnlhenM0NU1ybDl5Mk1LX3BGQzYtUVNjeVl2R2tLLU16Q05GdTZxS1RCX0VZV0UwTVdhajJacVBjN3JJcmtpNVpvbXhtRFFzQnU3cVdGdXA4bXQ4ZlVSN3ExX3Q3WWFHZ2xsWlp0Z25leFBvbURDR1B2X2Zya25pOVR2T3hkRFROV2Vmal9xRnMzbEtvVzRDVjNIcGhHVVg4UUxvQmhGRUxJNml3aVNmYlRKUQ?oc=5,https://news.google.com/rss/articles/CBMitgFBVV95cUxPWndycnlhenM0NU1ybDl5Mk1LX3BGQzYtUVNjeVl2R2tLLU16Q05GdTZxS1RCX0VZV0UwTVdhajJacVBjN3JJcmtpNVpvbXhtRFFzQnU3cVdGdXA4bXQ4ZlVSN3ExX3Q3WWFHZ2xsWlp0Z25leFBvbURDR1B2X2Zya25pOVR2T3hkRFROV2Vmal9xRnMzbEtvVzRDVjNIcGhHVVg4UUxvQmhGRUxJNml3aVNmYlRKUQ?oc=5
T-06627f9dafd0-01,T-06627f9dafd0,,GUVNL Awards 450 MW/900 MWh BESS Phase-IX To NLC India Renewables And Sun Drops Energia - SolarQuarter,NLC India,Solar + Storage,450.0,,Renew,,450.0,,,2026-08-12,2028-08-12,Press report - verify,news sweep,https://news.google.com/rss/articles/CBMiwgFBVV95cUxNWE1YeEJVdDZ1OXQwN2taTUpQSDJHVGNEOU9telNxb1BOMnJPT25DVjZ1SmRvVF83YVpPUE44SHpDUXhHMnNzWWo4RWo0cHowcU82a1c3Ulp3emIwY2dLcW5NSHVSNnpIZjJCSjdCWmFFRU5OUUxFRlpNX2oyOWNQQ2ZLLUdvclhQTW52Zjd6YklpNGhmNkJsRUItMU91NHJHX0xrVUxkV1F1RDlldzVuUE1RVHVnZWRGZVgxamlhbjg0Zw?oc=5,https://news.google.com/rss/articles/CBMiwgFBVV95cUxNWE1YeEJVdDZ1OXQwN2taTUpQSDJHVGNEOU9telNxb1BOMnJPT25DVjZ1SmRvVF83YVpPUE44SHpDUXhHMnNzWWo4RWo0cHowcU82a1c3Ulp3emIwY2dLcW5NSHVSNnpIZjJCSjdCWmFFRU5OUUxFRlpNX2oyOWNQQ2ZLLUdvclhQTW52Zjd6YklpNGhmNkJsRUItMU91NHJHX0xrVUxkV1F1RDlldzVuUE1RVHVnZWRGZVgxamlhbjg0Zw?oc=5
T-760f9f0bf997-01,T-760f9f0bf997,,"NLC, Juniper, Powerica, Cu-Built Win GUVNL’s 250 MW Wind Power Auction - Energetica India Magazine",NLC India,Wind,250.0,,Juniper,,250.0,,,2026-07-13,2028-07-13,Press report - verify,news sweep,https://news.google.com/rss/articles/CBMipwFBVV95cUxNOFJiYWhUWHl0TTB4Z3VIYnFCNzhUcC13bEpNNTNmUlJENk9hdDR5Z1dzN3EzUnYxQ2ZXYzV6M0t0aFZVSmUwTmR4QmhCM1JXSlNVYlhzcE10NndxNUJwbUpoME5sY2NGXzJpSHp3eUVUNGxaOG1abEh2enNDWHV1YzZna0gwckFCTjJMNGEwNUJOdWo0OWtab2NxVTVERkpMUl81bGtONA?oc=5,https://news.google.com/rss/articles/CBMipwFBVV95cUxNOFJiYWhUWHl0TTB4Z3VIYnFCNzhUcC13bEpNNTNmUlJENk9hdDR5Z1dzN3EzUnYxQ2ZXYzV6M0t0aFZVSmUwTmR4QmhCM1JXSlNVYlhzcE10NndxNUJwbUpoME5sY2NGXzJpSHp3eUVUNGxaOG1abEh2enNDWHV1YzZna0gwckFCTjJMNGEwNUJOdWo0OWtab2NxVTVERkpMUl81bGtONA?oc=5
T-13aa33cc4824-01,T-13aa33cc4824,,Welspun Renewable And NLC India Renewables Win GUVNL 625 MW Solar Auction At ₹2.34/kWh - SolarQuarter,NLC India,Solar,625.0,,Renew,,625.0,,,2026-03-20,2028-03-20,Press report - verify,news sweep,https://news.google.com/rss/articles/CBMiywFBVV95cUxPRnA1T1VySmM2UG5KQUhtaXJnUDlhcWpJTnJaSVVBd1gtcUpneWprN3hTbUxSUWhsbVItQ3h4cEE1a296QkxJRDNjWS16LTFaMEJkVjZEejdrS25BREJBal9aU1dpaHNOa1hnUjdWMVBwQmJaNWI4WkpDNjdhTnFsWUNPNnNRUDY4RzVVaXJxRzNGZTNKNk85eGpiOGVxNUZ4bnlfSXp2RFpCekt6ZXZQeXZiRXRuWW15NkxOZlBDcUZhZU5ieWlZUHVTcw?oc=5,https://news.google.com/rss/articles/CBMiywFBVV95cUxPRnA1T1VySmM2UG5KQUhtaXJnUDlhcWpJTnJaSVVBd1gtcUpneWprN3hTbUxSUWhsbVItQ3h4cEE1a296QkxJRDNjWS16LTFaMEJkVjZEejdrS25BREJBal9aU1dpaHNOa1hnUjdWMVBwQmJaNWI4WkpDNjdhTnFsWUNPNnNRUDY4RzVVaXJxRzNGZTNKNk85eGpiOGVxNUZ4bnlfSXp2RFpCekt6ZXZQeXZiRXRuWW15NkxOZlBDcUZhZU5ieWlZUHVTcw?oc=5
T-d97c5c358ed7-01,T-d97c5c358ed7,,"ENGIE, NLC India, Rays Power & Oriana Bag SECI 1200 MW Solar With 6-Hr BESS Tender - Saur Energy",NLC India,Solar + Storage,1200.0,,ENGIE,,,,,2026-01-09,2028-01-09,Press report - verify,news sweep,https://news.google.com/rss/articles/CBMizAFBVV95cUxNYXV1cGxJd1JXTE1ISllpalAyMzFkNUI4YV9zQ010dkhOeUZfLVJiN2hYblN2SktIVmlrbk5vcENmUXFDOTFDQjh2UllVWlItMjItMHgwc28tdmlNajNIZ09oSjEtZXlrd19wWFkzUXRhN3BNbjZqcG1rMzl1R2g1UHNSeC1zakt6Smw1NktFUWZ3TTUwUEVzcVlsSW1pZlZZaVpzVjVhUE1hSWJBUm5GdktfYWx1UUkxLXZ3THhlQUJucHJ5LXpycDB0R00?oc=5,https://news.google.com/rss/articles/CBMizAFBVV95cUxNYXV1cGxJd1JXTE1ISllpalAyMzFkNUI4YV9zQ010dkhOeUZfLVJiN2hYblN2SktIVmlrbk5vcENmUXFDOTFDQjh2UllVWlItMjItMHgwc28tdmlNajNIZ09oSjEtZXlrd19wWFkzUXRhN3BNbjZqcG1rMzl1R2g1UHNSeC1zakt6Smw1NktFUWZ3TTUwUEVzcVlsSW1pZlZZaVpzVjVhUE1hSWJBUm5GdktfYWx1UUkxLXZ3THhlQUJucHJ5LXpycDB0R00?oc=5
T-d97c5c358ed7-02,T-d97c5c358ed7,,"ENGIE, NLC India, Rays Power & Oriana Bag SECI 1200 MW Solar With 6-Hr BESS Tender - Saur Energy",NLC India,Solar + Storage,1200.0,,Rays Power,,,,,2026-01-09,2028-01-09,Press report - verify,news sweep,https://news.google.com/rss/articles/CBMizAFBVV95cUxNYXV1cGxJd1JXTE1ISllpalAyMzFkNUI4YV9zQ010dkhOeUZfLVJiN2hYblN2SktIVmlrbk5vcENmUXFDOTFDQjh2UllVWlItMjItMHgwc28tdmlNajNIZ09oSjEtZXlrd19wWFkzUXRhN3BNbjZqcG1rMzl1R2g1UHNSeC1zakt6Smw1NktFUWZ3TTUwUEVzcVlsSW1pZlZZaVpzVjVhUE1hSWJBUm5GdktfYWx1UUkxLXZ3THhlQUJucHJ5LXpycDB0R00?oc=5,https://news.google.com/rss/articles/CBMizAFBVV95cUxNYXV1cGxJd1JXTE1ISllpalAyMzFkNUI4YV9zQ010dkhOeUZfLVJiN2hYblN2SktIVmlrbk5vcENmUXFDOTFDQjh2UllVWlItMjItMHgwc28tdmlNajNIZ09oSjEtZXlrd19wWFkzUXRhN3BNbjZqcG1rMzl1R2g1UHNSeC1zakt6Smw1NktFUWZ3TTUwUEVzcVlsSW1pZlZZaVpzVjVhUE1hSWJBUm5GdktfYWx1UUkxLXZ3THhlQUJucHJ5LXpycDB0R00?oc=5
T-d97c5c358ed7-03,T-d97c5c358ed7,,"ENGIE, NLC India, Rays Power & Oriana Bag SECI 1200 MW Solar With 6-Hr BESS Tender - Saur Energy",NLC India,Solar + Storage,1200.0,,SECI,,,,,2026-01-09,2028-01-09,Press report - verify,news sweep,https://news.google.com/rss/articles/CBMizAFBVV95cUxNYXV1cGxJd1JXTE1ISllpalAyMzFkNUI4YV9zQ010dkhOeUZfLVJiN2hYblN2SktIVmlrbk5vcENmUXFDOTFDQjh2UllVWlItMjItMHgwc28tdmlNajNIZ09oSjEtZXlrd19wWFkzUXRhN3BNbjZqcG1rMzl1R2g1UHNSeC1zakt6Smw1NktFUWZ3TTUwUEVzcVlsSW1pZlZZaVpzVjVhUE1hSWJBUm5GdktfYWx1UUkxLXZ3THhlQUJucHJ5LXpycDB0R00?oc=5,https://news.google.com/rss/articles/CBMizAFBVV95cUxNYXV1cGxJd1JXTE1ISllpalAyMzFkNUI4YV9zQ010dkhOeUZfLVJiN2hYblN2SktIVmlrbk5vcENmUXFDOTFDQjh2UllVWlItMjItMHgwc28tdmlNajNIZ09oSjEtZXlrd19wWFkzUXRhN3BNbjZqcG1rMzl1R2g1UHNSeC1zakt6Smw1NktFUWZ3TTUwUEVzcVlsSW1pZlZZaVpzVjVhUE1hSWJBUm5GdktfYWx1UUkxLXZ3THhlQUJucHJ5LXpycDB0R00?oc=5
T-37b17d1a1f46-01,T-37b17d1a1f46,,NLC India Awards 250 MW/500 MWh BESS EPC Contract To Pace Digitek In Tamil Nadu - SolarQuarter,NLC India,Solar + Storage,250.0,Tamil Nadu,Pace Digitek,,250.0,,,2026-05-18,2028-05-18,Press report - verify,news sweep,https://news.google.com/rss/articles/CBMitwFBVV95cUxNXzRiRGMxajZPcERfdTlrRzlSdUg2QVhzekxkeE50MzhtdG1sZXE3RkdUWk1HTlVybmVJLXBkWlBLLWxuZlZDNE1JSU5mb2xaVUJsZjFkR0pxMkhyVmxWYkFZNmVrU01OS2s1THB3YklNazhLajVZd2N4T0JCWWZCMG5odGU2ZW1lX2c0SjRvLWdvblE1SHlsZWNTYWFhMUd3OTdXYVBncUVXSWM5dHZXWEhDRmVoM0k?oc=5,https://news.google.com/rss/articles/CBMitwFBVV95cUxNXzRiRGMxajZPcERfdTlrRzlSdUg2QVhzekxkeE50MzhtdG1sZXE3RkdUWk1HTlVybmVJLXBkWlBLLWxuZlZDNE1JSU5mb2xaVUJsZjFkR0pxMkhyVmxWYkFZNmVrU01OS2s1THB3YklNazhLajVZd2N4T0JCWWZCMG5odGU2ZW1lX2c0SjRvLWdvblE1SHlsZWNTYWFhMUd3OTdXYVBncUVXSWM5dHZXWEhDRmVoM0k?oc=5
T-08873d53680b-01,T-08873d53680b,,NTPC Green Energy Wins 200 MW/800 MWh BESS Project In West Bengal - SolarQuarter,NTPC,Solar + Storage,200.0,West Bengal,NTPC Green,,200.0,,,2026-08-10,2028-08-10,Press report - verify,news sweep,https://news.google.com/rss/articles/CBMipAFBVV95cUxOQU5ndnpsQVBDeWZlZ1UtNEpZR3lnakRxMU1IcF91b29BUE9CbHlCbklUeWtxQUhrdVpmS2RVSkxkYnBtUmVFWUpsRkZRMGdzU0JOZUROSFFiSFBkQ1NBMG5mMzVob1p0RlQzZWpjY3BiMEdmVlphMHhhaHR1WVllQXlaN2tDM0NlWGZWWFZrMllYTm5YdDlYbThqY3FoZWxNZ3B1TQ?oc=5,https://news.google.com/rss/articles/CBMipAFBVV95cUxOQU5ndnpsQVBDeWZlZ1UtNEpZR3lnakRxMU1IcF91b29BUE9CbHlCbklUeWtxQUhrdVpmS2RVSkxkYnBtUmVFWUpsRkZRMGdzU0JOZUROSFFiSFBkQ1NBMG5mMzVob1p0RlQzZWpjY3BiMEdmVlphMHhhaHR1WVllQXlaN2tDM0NlWGZWWFZrMllYTm5YdDlYbThqY3FoZWxNZ3B1TQ?oc=5
T-513c147e4745-01,T-513c147e4745,,ONGC-NTPC-backed Ayana bags 50 MW wind power project from SECI - CNBC TV18,NTPC,Wind,50.0,,SECI,,50.0,,,2026-07-15,2028-07-15,Press report - verify,news sweep,https://news.google.com/rss/articles/CBMiuwFBVV95cUxOZ1dxU0tUUmdib29MNXRVVVA2ZUJTZ043aUYtbDlzdWRiQWpyVmxxZXM1SDY5NkxKTnZlTGlQR2xyNTI1dWdKMVM1SXRZLW96b2h6ejdlZURCSms3V0pvOFRnLUlNN3otYW9weERIRlhlWmdrUjBzVHlYZUJ2T3NnMXA3dnk3NDJoVGJoSW95RUFiZDlNRG9ObkZjREtFMktVOFZVSWZuOFBfdDhrOHFQVk1ldU9ncWpjSGRR0gHAAUFVX3lxTE1Bd0FvM2V3MGFBRDF6LUF5S21jd1VDQnRham5oVTNIV1A1U09tR0lYUmdoakhEZlFXb0dOdU1mYjJ0TmhwWEFlRTdJd1FqWGUyNlNYUVdCcXF3S2VNRk44R21kOXdLbFRhR1FFZFBKaU1PWkg0UFpEYzVYVUhLc0NGQklfeHhBc0Rfd0dfMWQ5WnF5Y3ZNc2NSQVd4LVlzMERfczNrT3V5LURTeDFsQm1aT2ozU2JYeW1fLWI5RVdHZA?oc=5,https://news.google.com/rss/articles/CBMiuwFBVV95cUxOZ1dxU0tUUmdib29MNXRVVVA2ZUJTZ043aUYtbDlzdWRiQWpyVmxxZXM1SDY5NkxKTnZlTGlQR2xyNTI1dWdKMVM1SXRZLW96b2h6ejdlZURCSms3V0pvOFRnLUlNN3otYW9weERIRlhlWmdrUjBzVHlYZUJ2T3NnMXA3dnk3NDJoVGJoSW95RUFiZDlNRG9ObkZjREtFMktVOFZVSWZuOFBfdDhrOHFQVk1ldU9ncWpjSGRR0gHAAUFVX3lxTE1Bd0FvM2V3MGFBRDF6LUF5S21jd1VDQnRham5oVTNIV1A1U09tR0lYUmdoakhEZlFXb0dOdU1mYjJ0TmhwWEFlRTdJd1FqWGUyNlNYUVdCcXF3S2VNRk44R21kOXdLbFRhR1FFZFBKaU1PWkg0UFpEYzVYVUhLc0NGQklfeHhBc0Rfd0dfMWQ5WnF5Y3ZNc2NSQVd4LVlzMERfczNrT3V5LURTeDFsQm1aT2ozU2JYeW1fLWI5RVdHZA?oc=5
T-98082a4e0e6b-01,T-98082a4e0e6b,,NTPC Green Energy Awards 300 MW Solar Project To Bondada Engineering in Rajasthan - Saur Energy,NTPC,Solar,300.0,Rajasthan,NTPC Green,,300.0,,,2026-05-11,2028-05-11,Press report - verify,news sweep,https://news.google.com/rss/articles/CBMivwFBVV95cUxOcVhnaU1TdWIwc3RiY0hwN2JWRU9rZlVnNVQ2dk9EMDRIX3k5VTVQall3NVY0RmdJdEJpbnZ6V3NMR2tiVF9FOUZSRlhCLVQzWTl0aG43M3gzMWx1NzI0YzRMWkxMN19MeUswWm8yLVh0V2NIRk44cWlvVUVfRXpjQmtTYmtHdDUtVnFuMUdSMFlmV25YdlZaRlpWcGxNQWNhLVlpQUtzWFdZcEgwUmIxYjBqRnFDaXBPbGtTSUxjcw?oc=5,https://news.google.com/rss/articles/CBMivwFBVV95cUxOcVhnaU1TdWIwc3RiY0hwN2JWRU9rZlVnNVQ2dk9EMDRIX3k5VTVQall3NVY0RmdJdEJpbnZ6V3NMR2tiVF9FOUZSRlhCLVQzWTl0aG43M3gzMWx1NzI0YzRMWkxMN19MeUswWm8yLVh0V2NIRk44cWlvVUVfRXpjQmtTYmtHdDUtVnFuMUdSMFlmV25YdlZaRlpWcGxNQWNhLVlpQUtzWFdZcEgwUmIxYjBqRnFDaXBPbGtTSUxjcw?oc=5
T-d9717b535ee9-01,T-d9717b535ee9,,NTPC REL Wins 500 MW SECI Renewable Contract At Rs 6 per kWh - Construction World,NTPC,Unclassified,500.0,,SECI,,,,,2026-09-03,2028-09-03,Press report - verify,news sweep,https://news.google.com/rss/articles/CBMi4gFBVV95cUxPd296c2F1UU96M25sUV9GSmRDLVFEZndIcU9XWXFMTUFtRTJoZGgwOU9VUzR0X2d5WUl1UzFwRzZwLVhVd21lcXRRVHcybUVrT1dMSTR3dmtzVVhCTUlHVnNORlV2OWlvMThlamI3UFdFaVZyM2tQYnVza0l2WVRuS2xIcHlfa0RIenZJdDBSQmhQNndyV0JRX1Y5UGhMSUlxMVk0aFluamZHeFQtZU85WlhmNkpaVFUwODVUb3h4azhRMUo1czlWaFFES3ZONUtuZGI2Y0N4NVo4ZEVTZG5QSW93?oc=5,https://news.google.com/rss/articles/CBMi4gFBVV95cUxPd296c2F1UU96M25sUV9GSmRDLVFEZndIcU9XWXFMTUFtRTJoZGgwOU9VUzR0X2d5WUl1UzFwRzZwLVhVd21lcXRRVHcybUVrT1dMSTR3dmtzVVhCTUlHVnNORlV2OWlvMThlamI3UFdFaVZyM2tQYnVza0l2WVRuS2xIcHlfa0RIenZJdDBSQmhQNndyV0JRX1Y5UGhMSUlxMVk0aFluamZHeFQtZU85WlhmNkpaVFUwODVUb3h4azhRMUo1czlWaFFES3ZONUtuZGI2Y0N4NVo4ZEVTZG5QSW93?oc=5
T-d9717b535ee9-02,T-d9717b535ee9,,NTPC REL Wins 500 MW SECI Renewable Contract At Rs 6 per kWh - Construction World,NTPC,Unclassified,500.0,,Renew,,,,,2026-09-03,2028-09-03,Press report - verify,news sweep,https://news.google.com/rss/articles/CBMi4gFBVV95cUxPd296c2F1UU96M25sUV9GSmRDLVFEZndIcU9XWXFMTUFtRTJoZGgwOU9VUzR0X2d5WUl1UzFwRzZwLVhVd21lcXRRVHcybUVrT1dMSTR3dmtzVVhCTUlHVnNORlV2OWlvMThlamI3UFdFaVZyM2tQYnVza0l2WVRuS2xIcHlfa0RIenZJdDBSQmhQNndyV0JRX1Y5UGhMSUlxMVk0aFluamZHeFQtZU85WlhmNkpaVFUwODVUb3h4azhRMUo1czlWaFFES3ZONUtuZGI2Y0N4NVo4ZEVTZG5QSW93?oc=5,https://news.google.com/rss/articles/CBMi4gFBVV95cUxPd296c2F1UU96M25sUV9GSmRDLVFEZndIcU9XWXFMTUFtRTJoZGgwOU9VUzR0X2d5WUl1UzFwRzZwLVhVd21lcXRRVHcybUVrT1dMSTR3dmtzVVhCTUlHVnNORlV2OWlvMThlamI3UFdFaVZyM2tQYnVza0l2WVRuS2xIcHlfa0RIenZJdDBSQmhQNndyV0JRX1Y5UGhMSUlxMVk0aFluamZHeFQtZU85WlhmNkpaVFUwODVUb3h4azhRMUo1czlWaFFES3ZONUtuZGI2Y0N4NVo4ZEVTZG5QSW93?oc=5
T-30622cb3519a-01,T-30622cb3519a,,"Bondada Bags ₹1,338-Crore NTPC Renewable Energy Contract in UP - Saur Energy",NTPC,Unclassified,,,NTPC Renewable,,,,,2026-06-16,2028-06-16,Press report - verify,news sweep,https://news.google.com/rss/articles/CBMitAFBVV95cUxOYzc3ZUdYSXdjUWhYYVg3YU5RcXRNdUc3NTN0VVY2a2NPbWJURVBWeWtvY3ZlakhPeUNEVzlRd3dVNjVNQ1hDaVRNR3poeE9NeFE4Ukt2V2JyR0hjdS1uXzhkSnBoZmtPWThHVDYyclZjd3NRcGd5aWJrcmVhMlpKVlVSc2oxZ1QtdWMzMmxKbEoxUDliMEhJVURBOVlnTVl1M0hwSkxUSDY4ejlQT1IwQ1B1R2Y?oc=5,https://news.google.com/rss/articles/CBMitAFBVV95cUxOYzc3ZUdYSXdjUWhYYVg3YU5RcXRNdUc3NTN0VVY2a2NPbWJURVBWeWtvY3ZlakhPeUNEVzlRd3dVNjVNQ1hDaVRNR3poeE9NeFE4Ukt2V2JyR0hjdS1uXzhkSnBoZmtPWThHVDYyclZjd3NRcGd5aWJrcmVhMlpKVlVSc2oxZ1QtdWMzMmxKbEoxUDliMEhJVURBOVlnTVl1M0hwSkxUSDY4ejlQT1IwQ1B1R2Y?oc=5
T-0ebaf350f811-01,T-0ebaf350f811,,NTPC Green Energy arm wins 500 MW capacity in SECI peak power tender at ₹6/kWh - CNBC TV18,NTPC,Unclassified,500.0,,NTPC Green,,,,,2026-08-22,2028-08-22,Press report - verify,news sweep,https://news.google.com/rss/articles/CBMi5AFBVV95cUxPY3lma0k4RVZMQTZLS3dMMGZkcDlsMUVaTW9fSVk4RU5UaTJEQmJPSDcyVVJFb0tSem56cUxMcFhkOWF1TjMwd2w4T1o3a2wxYjUySm9ac0ZMSU92eHFkdXVBSUhpY0o2SjFRTE5NZXBFQklHV0lDREdNMDZBYUNNVDZDZmRYcWFNWW1yQ0dsZjg2aUhiWko0QTVRdWRVREVmSVFuYkg1VUVna3dGZHZmVWRnVDhialdyZzVLQ0NNemNQVWJITlFYZU5td3hvMG1iTUoyZmk1RGIwRk5sVGdjRkl5VW3SAeoBQVVfeXFMUFNQNVV5RFZrM2d6RE5qVm9IMGp0Wk5pVDZuS3dtR0RiRlJQNHRpdkxnNlBfODNoZVR4NzJHMmNqZERoakpCS0Y4Qkc0R0txNFFVWm1mNUJjajQ5U0pLQml3YUNrZUxhSjMzaHgxX05JQTlUeHRzWDFjRmJMdVhsNDFINmNlNkM3T0hIVms5VDBZTEtxVV9pbXhsWGhXbFlpQXdINlpQbWREWlZJc1pmdmhJSmZUWWJoY2F4Y1RGSl9kOHZGaVNkbnRCZ2N6QUhoVWd1dWMwVWNNR1VKNE1xR1NnUm1VU1BjU2dR?oc=5,https://news.google.com/rss/articles/CBMi5AFBVV95cUxPY3lma0k4RVZMQTZLS3dMMGZkcDlsMUVaTW9fSVk4RU5UaTJEQmJPSDcyVVJFb0tSem56cUxMcFhkOWF1TjMwd2w4T1o3a2wxYjUySm9ac0ZMSU92eHFkdXVBSUhpY0o2SjFRTE5NZXBFQklHV0lDREdNMDZBYUNNVDZDZmRYcWFNWW1yQ0dsZjg2aUhiWko0QTVRdWRVREVmSVFuYkg1VUVna3dGZHZmVWRnVDhialdyZzVLQ0NNemNQVWJITlFYZU5td3hvMG1iTUoyZmk1RGIwRk5sVGdjRkl5VW3SAeoBQVVfeXFMUFNQNVV5RFZrM2d6RE5qVm9IMGp0Wk5pVDZuS3dtR0RiRlJQNHRpdkxnNlBfODNoZVR4NzJHMmNqZERoakpCS0Y4Qkc0R0txNFFVWm1mNUJjajQ5U0pLQml3YUNrZUxhSjMzaHgxX05JQTlUeHRzWDFjRmJMdVhsNDFINmNlNkM3T0hIVms5VDBZTEtxVV9pbXhsWGhXbFlpQXdINlpQbWREWlZJc1pmdmhJSmZUWWJoY2F4Y1RGSl9kOHZGaVNkbnRCZ2N6QUhoVWd1dWMwVWNNR1VKNE1xR1NnUm1VU1BjU2dR?oc=5
T-0ebaf350f811-02,T-0ebaf350f811,,NTPC Green Energy arm wins 500 MW capacity in SECI peak power tender at ₹6/kWh - CNBC TV18,NTPC,Unclassified,500.0,,SECI,,,,,2026-08-22,2028-08-22,Press report - verify,news sweep,https://news.google.com/rss/articles/CBMi5AFBVV95cUxPY3lma0k4RVZMQTZLS3dMMGZkcDlsMUVaTW9fSVk4RU5UaTJEQmJPSDcyVVJFb0tSem56cUxMcFhkOWF1TjMwd2w4T1o3a2wxYjUySm9ac0ZMSU92eHFkdXVBSUhpY0o2SjFRTE5NZXBFQklHV0lDREdNMDZBYUNNVDZDZmRYcWFNWW1yQ0dsZjg2aUhiWko0QTVRdWRVREVmSVFuYkg1VUVna3dGZHZmVWRnVDhialdyZzVLQ0NNemNQVWJITlFYZU5td3hvMG1iTUoyZmk1RGIwRk5sVGdjRkl5VW3SAeoBQVVfeXFMUFNQNVV5RFZrM2d6RE5qVm9IMGp0Wk5pVDZuS3dtR0RiRlJQNHRpdkxnNlBfODNoZVR4NzJHMmNqZERoakpCS0Y4Qkc0R0txNFFVWm1mNUJjajQ5U0pLQml3YUNrZUxhSjMzaHgxX05JQTlUeHRzWDFjRmJMdVhsNDFINmNlNkM3T0hIVms5VDBZTEtxVV9pbXhsWGhXbFlpQXdINlpQbWREWlZJc1pmdmhJSmZUWWJoY2F4Y1RGSl9kOHZGaVNkbnRCZ2N6QUhoVWd1dWMwVWNNR1VKNE1xR1NnUm1VU1BjU2dR?oc=5,https://news.google.com/rss/articles/CBMi5AFBVV95cUxPY3lma0k4RVZMQTZLS3dMMGZkcDlsMUVaTW9fSVk4RU5UaTJEQmJPSDcyVVJFb0tSem56cUxMcFhkOWF1TjMwd2w4T1o3a2wxYjUySm9ac0ZMSU92eHFkdXVBSUhpY0o2SjFRTE5NZXBFQklHV0lDREdNMDZBYUNNVDZDZmRYcWFNWW1yQ0dsZjg2aUhiWko0QTVRdWRVREVmSVFuYkg1VUVna3dGZHZmVWRnVDhialdyZzVLQ0NNemNQVWJITlFYZU5td3hvMG1iTUoyZmk1RGIwRk5sVGdjRkl5VW3SAeoBQVVfeXFMUFNQNVV5RFZrM2d6RE5qVm9IMGp0Wk5pVDZuS3dtR0RiRlJQNHRpdkxnNlBfODNoZVR4NzJHMmNqZERoakpCS0Y4Qkc0R0txNFFVWm1mNUJjajQ5U0pLQml3YUNrZUxhSjMzaHgxX05JQTlUeHRzWDFjRmJMdVhsNDFINmNlNkM3T0hIVms5VDBZTEtxVV9pbXhsWGhXbFlpQXdINlpQbWREWlZJc1pmdmhJSmZUWWJoY2F4Y1RGSl9kOHZGaVNkbnRCZ2N6QUhoVWd1dWMwVWNNR1VKNE1xR1NnUm1VU1BjU2dR?oc=5
T-cca15fd12bcf-01,T-cca15fd12bcf,,NTPC Green Energy And Opera Energy Win 95 MW/380 MWh Battery Storage Projects To Boost Kerala’s Grid Stability - SolarQuarter,NTPC Green Energy,Solar + Storage,95.0,Kerala,NTPC Green,,95.0,,,2025-05-26,2027-05-26,Press report - verify,news sweep,https://news.google.com/rss/articles/CBMi3wFBVV95cUxPc25GMXRPdENMcDJGSldHc3BkLTNUVDRJNFBFZUFjVnpyTDFsSW8xei03Z1F6ODFnY25PaC1wSjdBRDk2VGV6UzdUNWQ4Ym1hT0I3VzE1ME1rZE9GVHM0WjlWTE9FWnVEOTVBT3ZkYk9XeDN3R1VnS2tweEl4bzlLaUoyajFPQ0tIZ3plTlNyZFB3dU1hWk1iUkRkQWFsWENGZnZFVDdELXFqN2pNLU52YkVKTjdRSlhOTk5aSUE3RGZqeFhxLVVzT0RNSlowV2lPY0Z3bTFEZ1dCOWVCZGRR?oc=5,https://news.google.com/rss/articles/CBMi3wFBVV95cUxPc25GMXRPdENMcDJGSldHc3BkLTNUVDRJNFBFZUFjVnpyTDFsSW8xei03Z1F6ODFnY25PaC1wSjdBRDk2VGV6UzdUNWQ4Ym1hT0I3VzE1ME1rZE9GVHM0WjlWTE9FWnVEOTVBT3ZkYk9XeDN3R1VnS2tweEl4bzlLaUoyajFPQ0tIZ3plTlNyZFB3dU1hWk1iUkRkQWFsWENGZnZFVDdELXFqN2pNLU52YkVKTjdRSlhOTk5aSUE3RGZqeFhxLVVzT0RNSlowV2lPY0Z3bTFEZ1dCOWVCZGRR?oc=5
T-b5f86f00d1d1-01,T-b5f86f00d1d1,,"Sunsure Energy and EnerGrid Win NVVN’s 250 MW/1,000 MWh BESS Auction - Energetica India Magazine",NVVN,Energy Storage (BESS),250.0,,Sunsure,,250.0,,,2025-07-28,2027-01-28,Press report - verify,news sweep,https://news.google.com/rss/articles/CBMipwFBVV95cUxQWkVhZDdsd3M1MllmTDZDd3ZXWmpEelJyakxVQlptZXN1VzNKQ2NXekRudnpHYmVBZHNrck8tU2ZrbXc1cWdyaGYxTUdUSHFuQmgydkY2VlFUU0FHMnd2a0FyRDQ5QnlLWlFsNVVXOFhUc0ZBdXFkTWVwYWpuVXQxSTJCNkFDZUw3eDk1TTZfbEx6NW9mUjVIdUpLTHlzYnpja3Y3MTJuRQ?oc=5,https://news.google.com/rss/articles/CBMipwFBVV95cUxQWkVhZDdsd3M1MllmTDZDd3ZXWmpEelJyakxVQlptZXN1VzNKQ2NXekRudnpHYmVBZHNrck8tU2ZrbXc1cWdyaGYxTUdUSHFuQmgydkY2VlFUU0FHMnd2a0FyRDQ5QnlLWlFsNVVXOFhUc0ZBdXFkTWVwYWpuVXQxSTJCNkFDZUw3eDk1TTZfbEx6NW9mUjVIdUpLTHlzYnpja3Y3MTJuRQ?oc=5
T-de9dfcb73ed6-01,T-de9dfcb73ed6,,"Solar91, Rays Experts, Stockwell, Oriana and Inox Renewable Win NVVN’s 1 GWh BESS Auction - Energetica India Magazine",NVVN,Energy Storage (BESS),,,Renew,,,,,2025-06-21,2026-12-21,Press report - verify,news sweep,https://news.google.com/rss/articles/CBMiyAFBVV95cUxPMUphVFdPVVlaa3R3cE1nd3BZSWp3QWtNNkloajlDRzdyc2l6ekwxaEQyOVNhSDk3dXIxOEdfWHZmaldxLUUtTzdFQ0RDUDVfelZ2czV2UXJVMjBkWTJLTmtsYjRvQmJxZTRRSmxFbTUtYjVqb3hRVi1zZldMTWQyNnNiLUtkclFrOHVKalN5WnJmLUktUkVCU2RrTWdpbjA3eWxpVGFGTGxnX1JudEVoNWE1WXJodjdxSlBaZmQwN3Zxb1VVbl9fWA?oc=5,https://news.google.com/rss/articles/CBMiyAFBVV95cUxPMUphVFdPVVlaa3R3cE1nd3BZSWp3QWtNNkloajlDRzdyc2l6ekwxaEQyOVNhSDk3dXIxOEdfWHZmaldxLUUtTzdFQ0RDUDVfelZ2czV2UXJVMjBkWTJLTmtsYjRvQmJxZTRRSmxFbTUtYjVqb3hRVi1zZldMTWQyNnNiLUtkclFrOHVKalN5WnJmLUktUkVCU2RrTWdpbjA3eWxpVGFGTGxnX1JudEVoNWE1WXJodjdxSlBaZmQwN3Zxb1VVbl9fWA?oc=5
T-ed8a197bf7c0-01,T-ed8a197bf7c0,,"Tender Result: Sunsure, EnerGrid Win NVVN’s 250 MW/1,000 MWh BESS Project - Saur Energy",NVVN,Energy Storage (BESS),250.0,,Sunsure,,250.0,,,2025-07-26,2027-01-26,Press report - verify,news sweep,https://news.google.com/rss/articles/CBMiqwFBVV95cUxPSUc2NFlYeXFIcXBXZzR3M3hLbVFLRzFmM1NUZFJaWHVDeVFRc3hSbkdsREQzYXVyZ0pBN0NDdGdGbnVvMWlaNnE3Nkd2YllFNDlKUVZ3Yzdyd0lWTlhyaXhJSTZBTHRZUDg0amtObzF4NVFDOF92SFhTZjZFYjBLT2pSX1N4N0MxZ1FYeVRqbml1SUVXX2NXTVgxa0xpaUNBa1NMRE44aEJVczQ?oc=5,https://news.google.com/rss/articles/CBMiqwFBVV95cUxPSUc2NFlYeXFIcXBXZzR3M3hLbVFLRzFmM1NUZFJaWHVDeVFRc3hSbkdsREQzYXVyZ0pBN0NDdGdGbnVvMWlaNnE3Nkd2YllFNDlKUVZ3Yzdyd0lWTlhyaXhJSTZBTHRZUDg0amtObzF4NVFDOF92SFhTZjZFYjBLT2pSX1N4N0MxZ1FYeVRqbml1SUVXX2NXTVgxa0xpaUNBa1NMRE44aEJVczQ?oc=5
T-f504d9c8dc54-01,T-f504d9c8dc54,,EQT-backed Resolven bags 200 MW SECI wind project in Karnataka - ET EnergyWorld,SECI,Wind,200.0,Karnataka,Resolven,,200.0,,,2026-07-17,2028-07-17,Press report - verify,news sweep,https://news.google.com/rss/articles/CBMixgFBVV95cUxQazJDclZRMlZONk5YQ3EzUVVpYWNMbEVGWThWbVhoUVozdHFuSkVnZlgwSlNZbURmTjkxNEFwbVRNV0VnbnJ6VnktOHAtOFFob3NLT20zMGJyQm9zQkRScEJaeGNzYnJ2T0lFMUhLTEhISmxfZkg1NHBoS0VPTWdCdG9xbEtvT2VJWDNlS1g2MTNJU3h0dHBoRXVPRFgwTnk5NnliUXlVWl9IaGxvdU1yX25McHhIQ0dKOTN2dlpzSDVTNjE2aEHSAcsBQVVfeXFMTXhXUk1rb3Z3WE5XWGdZbjVTMlVfckQ5Nmxfcld1MDZhLTJwRmtTMlFBSm94ai1jbEczT1Myam44d1hmcWwxa2VlSWoydERuYW81dUs3eEZKOEkyWGNoY1lKT0lZQlJFNnRnNXlBSzJYMklTaEg2a0JraVQ1R1RUUUQyX21WYWgtZUpkTXVjS3d3YnFzNVI5dGtocnZobmxCWGIxS2dDcGs3T1B5Z1hMNDJXVDB1TmlORmZKakNoTmpBVGUxc1p3MUpHT3c?oc=5,https://news.google.com/rss/articles/CBMixgFBVV95cUxQazJDclZRMlZONk5YQ3EzUVVpYWNMbEVGWThWbVhoUVozdHFuSkVnZlgwSlNZbURmTjkxNEFwbVRNV0VnbnJ6VnktOHAtOFFob3NLT20zMGJyQm9zQkRScEJaeGNzYnJ2T0lFMUhLTEhISmxfZkg1NHBoS0VPTWdCdG9xbEtvT2VJWDNlS1g2MTNJU3h0dHBoRXVPRFgwTnk5NnliUXlVWl9IaGxvdU1yX25McHhIQ0dKOTN2dlpzSDVTNjE2aEHSAcsBQVVfeXFMTXhXUk1rb3Z3WE5XWGdZbjVTMlVfckQ5Nmxfcld1MDZhLTJwRmtTMlFBSm94ai1jbEczT1Myam44d1hmcWwxa2VlSWoydERuYW81dUs3eEZKOEkyWGNoY1lKT0lZQlJFNnRnNXlBSzJYMklTaEg2a0JraVQ1R1RUUUQyX21WYWgtZUpkTXVjS3d3YnFzNVI5dGtocnZobmxCWGIxS2dDcGs3T1B5Z1hMNDJXVDB1TmlORmZKakNoTmpBVGUxc1p3MUpHT3c?oc=5
T-2316ce5c96dc-01,T-2316ce5c96dc,,"SECI Awards 1,344 MW Pumped Storage Capacity To Greenko, Tata Power, And Torrent After Competitive Auction - SolarQuarter",SECI,Pumped Storage,1344.0,,Greenko,,,,,2026-07-21,2031-07-21,Press report - verify,news sweep,https://news.google.com/rss/articles/CBMi1wFBVV95cUxNZ0xiWWJZOThVejBNbXZ2SF9PTnNHZGRuam9HdXJzTWlXTnB1bzNlQWY3Zmg2TUtyazEwTHNld25DMmtjTGNkNEhWbk9OeWl4NkowSXY4WmVjU1ZFM0RKVy16LWlhR0J3aGFqX0tRelhhMXNER1dFY3FCS2Y3el8xMThzRmRhTXJ5ak1aeHpzMGNnX2FkRk1hTTlWNy0zWnVDbTNYRmhXRUJ2MlZCOEV0ZVRyWEZCa3BpcjFPNDFuZ04yc2NubVZEd3lUR0R0QnIxRlYtMlA4cw?oc=5,https://news.google.com/rss/articles/CBMi1wFBVV95cUxNZ0xiWWJZOThVejBNbXZ2SF9PTnNHZGRuam9HdXJzTWlXTnB1bzNlQWY3Zmg2TUtyazEwTHNld25DMmtjTGNkNEhWbk9OeWl4NkowSXY4WmVjU1ZFM0RKVy16LWlhR0J3aGFqX0tRelhhMXNER1dFY3FCS2Y3el8xMThzRmRhTXJ5ak1aeHpzMGNnX2FkRk1hTTlWNy0zWnVDbTNYRmhXRUJ2MlZCOEV0ZVRyWEZCa3BpcjFPNDFuZ04yc2NubVZEd3lUR0R0QnIxRlYtMlA4cw?oc=5
T-2316ce5c96dc-02,T-2316ce5c96dc,,"SECI Awards 1,344 MW Pumped Storage Capacity To Greenko, Tata Power, And Torrent After Competitive Auction - SolarQuarter",SECI,Pumped Storage,1344.0,,Tata Power,,,,,2026-07-21,2031-07-21,Press report - verify,news sweep,https://news.google.com/rss/articles/CBMi1wFBVV95cUxNZ0xiWWJZOThVejBNbXZ2SF9PTnNHZGRuam9HdXJzTWlXTnB1bzNlQWY3Zmg2TUtyazEwTHNld25DMmtjTGNkNEhWbk9OeWl4NkowSXY4WmVjU1ZFM0RKVy16LWlhR0J3aGFqX0tRelhhMXNER1dFY3FCS2Y3el8xMThzRmRhTXJ5ak1aeHpzMGNnX2FkRk1hTTlWNy0zWnVDbTNYRmhXRUJ2MlZCOEV0ZVRyWEZCa3BpcjFPNDFuZ04yc2NubVZEd3lUR0R0QnIxRlYtMlA4cw?oc=5,https://news.google.com/rss/articles/CBMi1wFBVV95cUxNZ0xiWWJZOThVejBNbXZ2SF9PTnNHZGRuam9HdXJzTWlXTnB1bzNlQWY3Zmg2TUtyazEwTHNld25DMmtjTGNkNEhWbk9OeWl4NkowSXY4WmVjU1ZFM0RKVy16LWlhR0J3aGFqX0tRelhhMXNER1dFY3FCS2Y3el8xMThzRmRhTXJ5ak1aeHpzMGNnX2FkRk1hTTlWNy0zWnVDbTNYRmhXRUJ2MlZCOEV0ZVRyWEZCa3BpcjFPNDFuZ04yc2NubVZEd3lUR0R0QnIxRlYtMlA4cw?oc=5
T-2316ce5c96dc-03,T-2316ce5c96dc,,"SECI Awards 1,344 MW Pumped Storage Capacity To Greenko, Tata Power, And Torrent After Competitive Auction - SolarQuarter",SECI,Pumped Storage,1344.0,,Torrent,,,,,2026-07-21,2031-07-21,Press report - verify,news sweep,https://news.google.com/rss/articles/CBMi1wFBVV95cUxNZ0xiWWJZOThVejBNbXZ2SF9PTnNHZGRuam9HdXJzTWlXTnB1bzNlQWY3Zmg2TUtyazEwTHNld25DMmtjTGNkNEhWbk9OeWl4NkowSXY4WmVjU1ZFM0RKVy16LWlhR0J3aGFqX0tRelhhMXNER1dFY3FCS2Y3el8xMThzRmRhTXJ5ak1aeHpzMGNnX2FkRk1hTTlWNy0zWnVDbTNYRmhXRUJ2MlZCOEV0ZVRyWEZCa3BpcjFPNDFuZ04yc2NubVZEd3lUR0R0QnIxRlYtMlA4cw?oc=5,https://news.google.com/rss/articles/CBMi1wFBVV95cUxNZ0xiWWJZOThVejBNbXZ2SF9PTnNHZGRuam9HdXJzTWlXTnB1bzNlQWY3Zmg2TUtyazEwTHNld25DMmtjTGNkNEhWbk9OeWl4NkowSXY4WmVjU1ZFM0RKVy16LWlhR0J3aGFqX0tRelhhMXNER1dFY3FCS2Y3el8xMThzRmRhTXJ5ak1aeHpzMGNnX2FkRk1hTTlWNy0zWnVDbTNYRmhXRUJ2MlZCOEV0ZVRyWEZCa3BpcjFPNDFuZ04yc2NubVZEd3lUR0R0QnIxRlYtMlA4cw?oc=5
T-cc515c96331c-01,T-cc515c96331c,,Resolven wins 200 MW SECI wind project in Karnataka - Manufacturing Today India,SECI,Wind,200.0,Karnataka,Resolven,,200.0,,,2026-07-21,2028-07-21,Press report - verify,news sweep,https://news.google.com/rss/articles/CBMic0FVX3lxTFBzZy1YekltdTFLSWZKck9TYkNBdExkRmYzakg1c2dJVWhmQmRRRXlSZ01OcThqZE5vcmpjOHQ0QkstdnJ0MzNFLXIta0hzaFcwVDFibDRBcnJyRmtpNmVXZzRJR1FHZFRfTzlZaXdGamswM0U?oc=5,https://news.google.com/rss/articles/CBMic0FVX3lxTFBzZy1YekltdTFLSWZKck9TYkNBdExkRmYzakg1c2dJVWhmQmRRRXlSZ01OcThqZE5vcmpjOHQ0QkstdnJ0MzNFLXIta0hzaFcwVDFibDRBcnJyRmtpNmVXZzRJR1FHZFRfTzlZaXdGamswM0U?oc=5
T-8dbc8a713349-01,T-8dbc8a713349,,"Greenko, Torrent & Tata Power Wins SECI 1500 MW/12000 MWh Pumped Storage Tender in India - Saur Energy",SECI,Pumped Storage,1500.0,,Greenko,,,,,2026-07-21,2031-07-21,Press report - verify,news sweep,https://news.google.com/rss/articles/CBMi0wFBVV95cUxNcUFUdkw3Vm5vYUd3d1N3Q1FMZ3M3eDZRRHJGNzEwNExtaHdJLWRXVndXN1V2Ukc4d3hUbEtoT0RqUmpRRWVqbXM0REtHcTlsM29xekcxTWtnWVpXMnFIZmNXLTlnVTZ0WGRLYVNiOWtLYWZidHU1Y0U4ZnpXSkQtU0thZG9IelVKd01TU0c2WUdRNlZQMmJSUnN3aFhmemtVWUhlRHozWUFlZERMVlFhVXJpaVhWaWpkb2NuVURBZzhTRWU0S3puWFNyc2xpalRCc0pJ?oc=5,https://news.google.com/rss/articles/CBMi0wFBVV95cUxNcUFUdkw3Vm5vYUd3d1N3Q1FMZ3M3eDZRRHJGNzEwNExtaHdJLWRXVndXN1V2Ukc4d3hUbEtoT0RqUmpRRWVqbXM0REtHcTlsM29xekcxTWtnWVpXMnFIZmNXLTlnVTZ0WGRLYVNiOWtLYWZidHU1Y0U4ZnpXSkQtU0thZG9IelVKd01TU0c2WUdRNlZQMmJSUnN3aFhmemtVWUhlRHozWUFlZERMVlFhVXJpaVhWaWpkb2NuVURBZzhTRWU0S3puWFNyc2xpalRCc0pJ?oc=5
T-8dbc8a713349-02,T-8dbc8a713349,,"Greenko, Torrent & Tata Power Wins SECI 1500 MW/12000 MWh Pumped Storage Tender in India - Saur Energy",SECI,Pumped Storage,1500.0,,Torrent,,,,,2026-07-21,2031-07-21,Press report - verify,news sweep,https://news.google.com/rss/articles/CBMi0wFBVV95cUxNcUFUdkw3Vm5vYUd3d1N3Q1FMZ3M3eDZRRHJGNzEwNExtaHdJLWRXVndXN1V2Ukc4d3hUbEtoT0RqUmpRRWVqbXM0REtHcTlsM29xekcxTWtnWVpXMnFIZmNXLTlnVTZ0WGRLYVNiOWtLYWZidHU1Y0U4ZnpXSkQtU0thZG9IelVKd01TU0c2WUdRNlZQMmJSUnN3aFhmemtVWUhlRHozWUFlZERMVlFhVXJpaVhWaWpkb2NuVURBZzhTRWU0S3puWFNyc2xpalRCc0pJ?oc=5,https://news.google.com/rss/articles/CBMi0wFBVV95cUxNcUFUdkw3Vm5vYUd3d1N3Q1FMZ3M3eDZRRHJGNzEwNExtaHdJLWRXVndXN1V2Ukc4d3hUbEtoT0RqUmpRRWVqbXM0REtHcTlsM29xekcxTWtnWVpXMnFIZmNXLTlnVTZ0WGRLYVNiOWtLYWZidHU1Y0U4ZnpXSkQtU0thZG9IelVKd01TU0c2WUdRNlZQMmJSUnN3aFhmemtVWUhlRHozWUFlZERMVlFhVXJpaVhWaWpkb2NuVURBZzhTRWU0S3puWFNyc2xpalRCc0pJ?oc=5
T-8dbc8a713349-03,T-8dbc8a713349,,"Greenko, Torrent & Tata Power Wins SECI 1500 MW/12000 MWh Pumped Storage Tender in India - Saur Energy",SECI,Pumped Storage,1500.0,,Tata Power,,,,,2026-07-21,2031-07-21,Press report - verify,news sweep,https://news.google.com/rss/articles/CBMi0wFBVV95cUxNcUFUdkw3Vm5vYUd3d1N3Q1FMZ3M3eDZRRHJGNzEwNExtaHdJLWRXVndXN1V2Ukc4d3hUbEtoT0RqUmpRRWVqbXM0REtHcTlsM29xekcxTWtnWVpXMnFIZmNXLTlnVTZ0WGRLYVNiOWtLYWZidHU1Y0U4ZnpXSkQtU0thZG9IelVKd01TU0c2WUdRNlZQMmJSUnN3aFhmemtVWUhlRHozWUFlZERMVlFhVXJpaVhWaWpkb2NuVURBZzhTRWU0S3puWFNyc2xpalRCc0pJ?oc=5,https://news.google.com/rss/articles/CBMi0wFBVV95cUxNcUFUdkw3Vm5vYUd3d1N3Q1FMZ3M3eDZRRHJGNzEwNExtaHdJLWRXVndXN1V2Ukc4d3hUbEtoT0RqUmpRRWVqbXM0REtHcTlsM29xekcxTWtnWVpXMnFIZmNXLTlnVTZ0WGRLYVNiOWtLYWZidHU1Y0U4ZnpXSkQtU0thZG9IelVKd01TU0c2WUdRNlZQMmJSUnN3aFhmemtVWUhlRHozWUFlZERMVlFhVXJpaVhWaWpkb2NuVURBZzhTRWU0S3puWFNyc2xpalRCc0pJ?oc=5
T-23a801be8353-01,T-23a801be8353,,"KP Energy, Waaree, Zelestra, Purvah Green Among Winners in SECI’s 1,200 MW Wind Power Auction - Energetica India Magazine",SECI,Wind,1200.0,,KP Energy,,,,,2026-02-05,2028-02-05,Press report - verify,news sweep,https://news.google.com/rss/articles/CBMixAFBVV95cUxONVlGN2NBUnV4UXlKVm1WYWFLa1VuT1hQUDRFdTZaNWVoSUtvVnVodXd4U2JqMVFaQUV2N0liVXNqd0k0cjVfZU0zOV9pcmNJZ1ZyZ1RvWHotLXZzSlRONjA1ZVNqVW1acFl6LTJqR1RJSEdDTjRWejFYM0lRRHZDR2NLM2tjNjAzMjY4cUFXSWdsTl9SUFpaM2dqV3o3SVVJUmpNRFJLMUNZZFJhMVFwbWwyRmhJTl94enp1TzFwSTBqMkQ2?oc=5,https://news.google.com/rss/articles/CBMixAFBVV95cUxONVlGN2NBUnV4UXlKVm1WYWFLa1VuT1hQUDRFdTZaNWVoSUtvVnVodXd4U2JqMVFaQUV2N0liVXNqd0k0cjVfZU0zOV9pcmNJZ1ZyZ1RvWHotLXZzSlRONjA1ZVNqVW1acFl6LTJqR1RJSEdDTjRWejFYM0lRRHZDR2NLM2tjNjAzMjY4cUFXSWdsTl9SUFpaM2dqV3o3SVVJUmpNRFJLMUNZZFJhMVFwbWwyRmhJTl94enp1TzFwSTBqMkQ2?oc=5
T-23a801be8353-02,T-23a801be8353,,"KP Energy, Waaree, Zelestra, Purvah Green Among Winners in SECI’s 1,200 MW Wind Power Auction - Energetica India Magazine",SECI,Wind,1200.0,,Waaree,,,,,2026-02-05,2028-02-05,Press report - verify,news sweep,https://news.google.com/rss/articles/CBMixAFBVV95cUxONVlGN2NBUnV4UXlKVm1WYWFLa1VuT1hQUDRFdTZaNWVoSUtvVnVodXd4U2JqMVFaQUV2N0liVXNqd0k0cjVfZU0zOV9pcmNJZ1ZyZ1RvWHotLXZzSlRONjA1ZVNqVW1acFl6LTJqR1RJSEdDTjRWejFYM0lRRHZDR2NLM2tjNjAzMjY4cUFXSWdsTl9SUFpaM2dqV3o3SVVJUmpNRFJLMUNZZFJhMVFwbWwyRmhJTl94enp1TzFwSTBqMkQ2?oc=5,https://news.google.com/rss/articles/CBMixAFBVV95cUxONVlGN2NBUnV4UXlKVm1WYWFLa1VuT1hQUDRFdTZaNWVoSUtvVnVodXd4U2JqMVFaQUV2N0liVXNqd0k0cjVfZU0zOV9pcmNJZ1ZyZ1RvWHotLXZzSlRONjA1ZVNqVW1acFl6LTJqR1RJSEdDTjRWejFYM0lRRHZDR2NLM2tjNjAzMjY4cUFXSWdsTl9SUFpaM2dqV3o3SVVJUmpNRFJLMUNZZFJhMVFwbWwyRmhJTl94enp1TzFwSTBqMkQ2?oc=5
T-23a801be8353-03,T-23a801be8353,,"KP Energy, Waaree, Zelestra, Purvah Green Among Winners in SECI’s 1,200 MW Wind Power Auction - Energetica India Magazine",SECI,Wind,1200.0,,Purvah Green,,,,,2026-02-05,2028-02-05,Press report - verify,news sweep,https://news.google.com/rss/articles/CBMixAFBVV95cUxONVlGN2NBUnV4UXlKVm1WYWFLa1VuT1hQUDRFdTZaNWVoSUtvVnVodXd4U2JqMVFaQUV2N0liVXNqd0k0cjVfZU0zOV9pcmNJZ1ZyZ1RvWHotLXZzSlRONjA1ZVNqVW1acFl6LTJqR1RJSEdDTjRWejFYM0lRRHZDR2NLM2tjNjAzMjY4cUFXSWdsTl9SUFpaM2dqV3o3SVVJUmpNRFJLMUNZZFJhMVFwbWwyRmhJTl94enp1TzFwSTBqMkQ2?oc=5,https://news.google.com/rss/articles/CBMixAFBVV95cUxONVlGN2NBUnV4UXlKVm1WYWFLa1VuT1hQUDRFdTZaNWVoSUtvVnVodXd4U2JqMVFaQUV2N0liVXNqd0k0cjVfZU0zOV9pcmNJZ1ZyZ1RvWHotLXZzSlRONjA1ZVNqVW1acFl6LTJqR1RJSEdDTjRWejFYM0lRRHZDR2NLM2tjNjAzMjY4cUFXSWdsTl9SUFpaM2dqV3o3SVVJUmpNRFJLMUNZZFJhMVFwbWwyRmhJTl94enp1TzFwSTBqMkQ2?oc=5
T-fbcb1c127eb4-01,T-fbcb1c127eb4,,"Purvah, SAEL Among Winners of SECI’s 2 GW Solar, 4 GWh Energy Storage Auction - Mercomindia.com",SECI,Solar + Storage,2000.0,,SAEL,,2000.0,,,2025-11-08,2027-11-08,Press report - verify,news sweep,https://news.google.com/rss/articles/CBMinwFBVV95cUxNa093ZGg5dFlMSkNKTVZKV2ZfRzEwdkhNN25DVk9Nd2RIUzA5NlhQOVRucHhIbTMtZ2ZKV3ZLdDA2UURISjJDRjlqVDhkVF9iUnhLdjdvcmJJSGx4M0hHQ3gzQVU4QlhGSmh1WmItYUV3MFd5bWllSmhKS0o0UXc0dU16ei0tTXNsUnRLWExiUm9LZUxhMDZZNHdJU2lYNXM?oc=5,https://news.google.com/rss/articles/CBMinwFBVV95cUxNa093ZGg5dFlMSkNKTVZKV2ZfRzEwdkhNN25DVk9Nd2RIUzA5NlhQOVRucHhIbTMtZ2ZKV3ZLdDA2UURISjJDRjlqVDhkVF9iUnhLdjdvcmJJSGx4M0hHQ3gzQVU4QlhGSmh1WmItYUV3MFd5bWllSmhKS0o0UXc0dU16ei0tTXNsUnRLWExiUm9LZUxhMDZZNHdJU2lYNXM?oc=5
T-24f1af52d7cd-01,T-24f1af52d7cd,,Ayana Renewable Wins 50 MW Wind Power Project In SECI Tranche-XX Auction At INR3.85/kWh - WindInsider,SECI,Wind,50.0,,Ayana Renewable,,50.0,,,2026-07-16,2028-07-16,Press report - verify,news sweep,https://news.google.com/rss/articles/CBMiwAFBVV95cUxPNUp6WGpWeTBuQnJQcURPbGhnLVhLU1hXVDBXbHYxZzRWWFhUeFY4V293Q0tSM1pZWnRRQmFUM2lDbWVUOGJZZktWZlUwb200RTFZb1RXRzJiWWRYaEJ4UTMxcy1kMWZRQjloU1JWME5KLWJjZHdxRk5ZbG9WdUZKWm5QcmJlZGtRLWM1VU45UkRsZGljNnVzY2lyWDdTb044Z0ZZYndJeVlDUmh0NVFCaGRzNVY4cUpwcHQyNVdvZWPSAcYBQVVfeXFMTVBhUThxZ1I4SlBGS3Y2amFGcE9HTHBrMER4VG9qdE5qV0VjWjg3ekJyRWZtc0tUTU5Sdk5PcDZtQzlfY09iTnhWZk1jbjA0Y0ZkYjl2ZGdsYURlajRoalhTbVFLRURqNEpvOWlvTEhLblhkOTduSzZRcHZlSmpfaWdFd0twTGlDbERKQ1hwb09oYndjREpOR01oN3AzWFA4MGVkYkVFd0lva3ByeVgtMG1maUE3dHVUSlpnRFlnWlMxYnRGRmx3?oc=5,https://news.google.com/rss/articles/CBMiwAFBVV95cUxPNUp6WGpWeTBuQnJQcURPbGhnLVhLU1hXVDBXbHYxZzRWWFhUeFY4V293Q0tSM1pZWnRRQmFUM2lDbWVUOGJZZktWZlUwb200RTFZb1RXRzJiWWRYaEJ4UTMxcy1kMWZRQjloU1JWME5KLWJjZHdxRk5ZbG9WdUZKWm5QcmJlZGtRLWM1VU45UkRsZGljNnVzY2lyWDdTb044Z0ZZYndJeVlDUmh0NVFCaGRzNVY4cUpwcHQyNVdvZWPSAcYBQVVfeXFMTVBhUThxZ1I4SlBGS3Y2amFGcE9HTHBrMER4VG9qdE5qV0VjWjg3ekJyRWZtc0tUTU5Sdk5PcDZtQzlfY09iTnhWZk1jbjA0Y0ZkYjl2ZGdsYURlajRoalhTbVFLRURqNEpvOWlvTEhLblhkOTduSzZRcHZlSmpfaWdFd0twTGlDbERKQ1hwb09oYndjREpOR01oN3AzWFA4MGVkYkVFd0lva3ByeVgtMG1maUE3dHVUSlpnRFlnWlMxYnRGRmx3?oc=5
T-8c6effe8e9f8-01,T-8c6effe8e9f8,,"Hero Future, Rays Power, Resolven, Hexa, Juniper Among Winners in SECI’s 1 GW FDRE Auction - Energetica India Magazine",SECI,Unclassified,1000.0,,Hero Future,,,,,2026-08-07,2028-08-07,Press report - verify,news sweep,https://news.google.com/rss/articles/CBMiwAFBVV95cUxQcElNVl96N25sc2xRdHRRTUhMZ2lJM1lHZUl1dU03Q0ZGME9RbHZaWGxBUWtHX1FKTUJ2eEcwS1FDcnAyUHJ5Zm9Yd3BKOE9TTG5WNGpfZFgzb01VOVJZZDExNUxQVWRtWi12Z0xQS1lkcjFYOFdDLWpMQ3lXcjVpTVhMNlp0cVdYdWZPRVhCVjRnV3VORTIzSUM3UzdHREp4U0hmcVQwVjJlY1VQRXlRc242MFNJUUVmdGJNMEpYelY?oc=5,https://news.google.com/rss/articles/CBMiwAFBVV95cUxQcElNVl96N25sc2xRdHRRTUhMZ2lJM1lHZUl1dU03Q0ZGME9RbHZaWGxBUWtHX1FKTUJ2eEcwS1FDcnAyUHJ5Zm9Yd3BKOE9TTG5WNGpfZFgzb01VOVJZZDExNUxQVWRtWi12Z0xQS1lkcjFYOFdDLWpMQ3lXcjVpTVhMNlp0cVdYdWZPRVhCVjRnV3VORTIzSUM3UzdHREp4U0hmcVQwVjJlY1VQRXlRc242MFNJUUVmdGJNMEpYelY?oc=5
T-8c6effe8e9f8-02,T-8c6effe8e9f8,,"Hero Future, Rays Power, Resolven, Hexa, Juniper Among Winners in SECI’s 1 GW FDRE Auction - Energetica India Magazine",SECI,Unclassified,1000.0,,Rays Power,,,,,2026-08-07,2028-08-07,Press report - verify,news sweep,https://news.google.com/rss/articles/CBMiwAFBVV95cUxQcElNVl96N25sc2xRdHRRTUhMZ2lJM1lHZUl1dU03Q0ZGME9RbHZaWGxBUWtHX1FKTUJ2eEcwS1FDcnAyUHJ5Zm9Yd3BKOE9TTG5WNGpfZFgzb01VOVJZZDExNUxQVWRtWi12Z0xQS1lkcjFYOFdDLWpMQ3lXcjVpTVhMNlp0cVdYdWZPRVhCVjRnV3VORTIzSUM3UzdHREp4U0hmcVQwVjJlY1VQRXlRc242MFNJUUVmdGJNMEpYelY?oc=5,https://news.google.com/rss/articles/CBMiwAFBVV95cUxQcElNVl96N25sc2xRdHRRTUhMZ2lJM1lHZUl1dU03Q0ZGME9RbHZaWGxBUWtHX1FKTUJ2eEcwS1FDcnAyUHJ5Zm9Yd3BKOE9TTG5WNGpfZFgzb01VOVJZZDExNUxQVWRtWi12Z0xQS1lkcjFYOFdDLWpMQ3lXcjVpTVhMNlp0cVdYdWZPRVhCVjRnV3VORTIzSUM3UzdHREp4U0hmcVQwVjJlY1VQRXlRc242MFNJUUVmdGJNMEpYelY?oc=5
T-8c6effe8e9f8-03,T-8c6effe8e9f8,,"Hero Future, Rays Power, Resolven, Hexa, Juniper Among Winners in SECI’s 1 GW FDRE Auction - Energetica India Magazine",SECI,Unclassified,1000.0,,Resolven,,,,,2026-08-07,2028-08-07,Press report - verify,news sweep,https://news.google.com/rss/articles/CBMiwAFBVV95cUxQcElNVl96N25sc2xRdHRRTUhMZ2lJM1lHZUl1dU03Q0ZGME9RbHZaWGxBUWtHX1FKTUJ2eEcwS1FDcnAyUHJ5Zm9Yd3BKOE9TTG5WNGpfZFgzb01VOVJZZDExNUxQVWRtWi12Z0xQS1lkcjFYOFdDLWpMQ3lXcjVpTVhMNlp0cVdYdWZPRVhCVjRnV3VORTIzSUM3UzdHREp4U0hmcVQwVjJlY1VQRXlRc242MFNJUUVmdGJNMEpYelY?oc=5,https://news.google.com/rss/articles/CBMiwAFBVV95cUxQcElNVl96N25sc2xRdHRRTUhMZ2lJM1lHZUl1dU03Q0ZGME9RbHZaWGxBUWtHX1FKTUJ2eEcwS1FDcnAyUHJ5Zm9Yd3BKOE9TTG5WNGpfZFgzb01VOVJZZDExNUxQVWRtWi12Z0xQS1lkcjFYOFdDLWpMQ3lXcjVpTVhMNlp0cVdYdWZPRVhCVjRnV3VORTIzSUM3UzdHREp4U0hmcVQwVjJlY1VQRXlRc242MFNJUUVmdGJNMEpYelY?oc=5
T-8c6effe8e9f8-04,T-8c6effe8e9f8,,"Hero Future, Rays Power, Resolven, Hexa, Juniper Among Winners in SECI’s 1 GW FDRE Auction - Energetica India Magazine",SECI,Unclassified,1000.0,,Hexa,,,,,2026-08-07,2028-08-07,Press report - verify,news sweep,https://news.google.com/rss/articles/CBMiwAFBVV95cUxQcElNVl96N25sc2xRdHRRTUhMZ2lJM1lHZUl1dU03Q0ZGME9RbHZaWGxBUWtHX1FKTUJ2eEcwS1FDcnAyUHJ5Zm9Yd3BKOE9TTG5WNGpfZFgzb01VOVJZZDExNUxQVWRtWi12Z0xQS1lkcjFYOFdDLWpMQ3lXcjVpTVhMNlp0cVdYdWZPRVhCVjRnV3VORTIzSUM3UzdHREp4U0hmcVQwVjJlY1VQRXlRc242MFNJUUVmdGJNMEpYelY?oc=5,https://news.google.com/rss/articles/CBMiwAFBVV95cUxQcElNVl96N25sc2xRdHRRTUhMZ2lJM1lHZUl1dU03Q0ZGME9RbHZaWGxBUWtHX1FKTUJ2eEcwS1FDcnAyUHJ5Zm9Yd3BKOE9TTG5WNGpfZFgzb01VOVJZZDExNUxQVWRtWi12Z0xQS1lkcjFYOFdDLWpMQ3lXcjVpTVhMNlp0cVdYdWZPRVhCVjRnV3VORTIzSUM3UzdHREp4U0hmcVQwVjJlY1VQRXlRc242MFNJUUVmdGJNMEpYelY?oc=5
T-8c6effe8e9f8-05,T-8c6effe8e9f8,,"Hero Future, Rays Power, Resolven, Hexa, Juniper Among Winners in SECI’s 1 GW FDRE Auction - Energetica India Magazine",SECI,Unclassified,1000.0,,Juniper,,,,,2026-08-07,2028-08-07,Press report - verify,news sweep,https://news.google.com/rss/articles/CBMiwAFBVV95cUxQcElNVl96N25sc2xRdHRRTUhMZ2lJM1lHZUl1dU03Q0ZGME9RbHZaWGxBUWtHX1FKTUJ2eEcwS1FDcnAyUHJ5Zm9Yd3BKOE9TTG5WNGpfZFgzb01VOVJZZDExNUxQVWRtWi12Z0xQS1lkcjFYOFdDLWpMQ3lXcjVpTVhMNlp0cVdYdWZPRVhCVjRnV3VORTIzSUM3UzdHREp4U0hmcVQwVjJlY1VQRXlRc242MFNJUUVmdGJNMEpYelY?oc=5,https://news.google.com/rss/articles/CBMiwAFBVV95cUxQcElNVl96N25sc2xRdHRRTUhMZ2lJM1lHZUl1dU03Q0ZGME9RbHZaWGxBUWtHX1FKTUJ2eEcwS1FDcnAyUHJ5Zm9Yd3BKOE9TTG5WNGpfZFgzb01VOVJZZDExNUxQVWRtWi12Z0xQS1lkcjFYOFdDLWpMQ3lXcjVpTVhMNlp0cVdYdWZPRVhCVjRnV3VORTIzSUM3UzdHREp4U0hmcVQwVjJlY1VQRXlRc242MFNJUUVmdGJNMEpYelY?oc=5
T-f69d26bb566a-01,T-f69d26bb566a,,NTPC Renewable Energy Wins 500 MW in SECI Peak Power Auction at ₹6/kWh - Microgrid Media,SECI,Unclassified,500.0,,NTPC Renewable,,500.0,,,2026-08-23,2028-08-23,Press report - verify,news sweep,https://news.google.com/rss/articles/CBMic0FVX3lxTE5ENU1jazA5OGdWbzhnVm5QNG5VS1RqeVgwRVItNkZMQXR1ZGVOcTZ1SUh0X3FaNDg0SGVOc2gxbjlGZ1ltdWFSWnBpRVpXVm9LLW1yRGNVYVhjVVJONVhSZldxOUNIZnRJeF9ob0pndXdjcTQ?oc=5,https://news.google.com/rss/articles/CBMic0FVX3lxTE5ENU1jazA5OGdWbzhnVm5QNG5VS1RqeVgwRVItNkZMQXR1ZGVOcTZ1SUh0X3FaNDg0SGVOc2gxbjlGZ1ltdWFSWnBpRVpXVm9LLW1yRGNVYVhjVVJONVhSZldxOUNIZnRJeF9ob0pndXdjcTQ?oc=5
T-f1715ae5dae5-01,T-f1715ae5dae5,,"SECI Awards 8.6 GW of ISTS Renewable Energy Projects Across Solar, Hybrid And Storage Tenders - SolarQuarter",SECI,Solar + Storage,8600.0,,Renew,,8600.0,,,2026-06-26,2028-06-26,Press report - verify,news sweep,https://news.google.com/rss/articles/CBMiyAFBVV95cUxNVHlsTTB4RHBoOGtOal9nU001Q3FGUXNLVXFmdWdFeWNoZnRnNExuUHBtMnJCcUJaM0c2MGtZZE44dnRNbXBpOC0xOWliZ1NoUHY5YUpGT2ROUVhXc19URmdEeURPNFB6WjZpRmN2cTk5ZFd3dnJiQ2p1bTFsUl9BQ1J1VXdJbVFEMlVtMGxuVVU0Z1c1LUZEUndfSGlOemVkMFlXQ19rU2pPUk8xN09lZkxLUFlGSWh4d01RX1lwUWlNaDgtMUZjcw?oc=5,https://news.google.com/rss/articles/CBMiyAFBVV95cUxNVHlsTTB4RHBoOGtOal9nU001Q3FGUXNLVXFmdWdFeWNoZnRnNExuUHBtMnJCcUJaM0c2MGtZZE44dnRNbXBpOC0xOWliZ1NoUHY5YUpGT2ROUVhXc19URmdEeURPNFB6WjZpRmN2cTk5ZFd3dnJiQ2p1bTFsUl9BQ1J1VXdJbVFEMlVtMGxuVVU0Z1c1LUZEUndfSGlOemVkMFlXQ19rU2pPUk8xN09lZkxLUFlGSWh4d01RX1lwUWlNaDgtMUZjcw?oc=5
T-4f40b69fee32-01,T-4f40b69fee32,,NTPC REL Wins 500 MW Renewable Energy Contract In SECI Auction At INR 6/kWh - SolarQuarter,SECI,Unclassified,500.0,,Renew,,500.0,,,2026-08-31,2028-08-28,Press report - verify,news sweep,https://news.google.com/rss/articles/CBMisgFBVV95cUxPektoWl94Wk1jVGhWVF92aGo4Y1lGWDlWdE1zdGY0OElMVUZUaHpOREtzb29hNlFKS25sSW41OVMyNEJtR0dPNGRqQUhaaTNZYUhhUUdYUkpybVh2TjR5TzYyUmMyZW0xWktBeGRVdlZVQ2RMdFljV2VNYW9aOW5sMXF2Yjg5VjkyQlRvbFBycVZBY0dhZmpseF9FLWxkRi04cXJWSnFudjE1ZjQ0X21QS1p3?oc=5,https://news.google.com/rss/articles/CBMisgFBVV95cUxPektoWl94Wk1jVGhWVF92aGo4Y1lGWDlWdE1zdGY0OElMVUZUaHpOREtzb29hNlFKS25sSW41OVMyNEJtR0dPNGRqQUhaaTNZYUhhUUdYUkpybVh2TjR5TzYyUmMyZW0xWktBeGRVdlZVQ2RMdFljV2VNYW9aOW5sMXF2Yjg5VjkyQlRvbFBycVZBY0dhZmpseF9FLWxkRi04cXJWSnFudjE1ZjQ0X21QS1p3?oc=5
T-adfb030af9f6-01,T-adfb030af9f6,,ACME Solar Wins 300 MW SECI Peak Power Tender at ₹6/kWh - mvapulse.com,SECI,Solar,300.0,,ACME Solar,,300.0,,,2026-08-25,2028-08-25,Press report - verify,news sweep,https://news.google.com/rss/articles/CBMikwFBVV95cUxNaVRZZFRBSmhQVndNZjJUc0lwcFNwMTdwWmJRYzRsWTdsbkRDZmxFNUFPQk5PMzRzZU9KckZHRHVKalpiWnZkcUJfQk1udjhtNXVjN3BDa0c4UXhnbEpWVENtb2xSR0JuWDNYRE9Kc3hjdW5VYzN0MkhQdUQxMTBmU2NzVzE0YVdnRUNhZ0kwMktOOWc?oc=5,https://news.google.com/rss/articles/CBMikwFBVV95cUxNaVRZZFRBSmhQVndNZjJUc0lwcFNwMTdwWmJRYzRsWTdsbkRDZmxFNUFPQk5PMzRzZU9KckZHRHVKalpiWnZkcUJfQk1udjhtNXVjN3BDa0c4UXhnbEpWVENtb2xSR0JuWDNYRE9Kc3hjdW5VYzN0MkhQdUQxMTBmU2NzVzE0YVdnRUNhZ0kwMktOOWc?oc=5
T-f316671be8c1-01,T-f316671be8c1,,NTPC Green Energy Arm Wins 500 MW SECI Peak Power Tender - Equitypandit,SECI,Unclassified,500.0,,NTPC Green,,500.0,,,2026-08-24,2028-08-24,Press report - verify,news sweep,https://news.google.com/rss/articles/CBMijwFBVV95cUxOcnlyaUtXamtSbmN6cmhSUjRaVXVfYjBtLTV1dGFRR1FvNkZUSzBKbGYwZEY5QkItbHFKVVA4WWY2bTZxeGhieV9HdEh2emRpVEV2b014X3ZyS2JKZzNIcjlha0loaThVN1ZyOGdPQTN0WFAxVXhHMjRPNE1NUFZzMEw0Ul8xV1hvOERaZW1NZw?oc=5,https://news.google.com/rss/articles/CBMijwFBVV95cUxOcnlyaUtXamtSbmN6cmhSUjRaVXVfYjBtLTV1dGFRR1FvNkZUSzBKbGYwZEY5QkItbHFKVVA4WWY2bTZxeGhieV9HdEh2emRpVEV2b014X3ZyS2JKZzNIcjlha0loaThVN1ZyOGdPQTN0WFAxVXhHMjRPNE1NUFZzMEw0Ul8xV1hvOERaZW1NZw?oc=5
T-40826cce8ebc-01,T-40826cce8ebc,,ACME Solar wins 301 MW FDRE project from SECI - ET EnergyWorld,SECI,Solar,301.0,,ACME Solar,,301.0,,,2026-02-06,2028-02-06,Press report - verify,news sweep,https://news.google.com/rss/articles/CBMi2wFBVV95cUxQaDQ3VjB0SWNsUFBUbkJvNkpyZk9felJpVDFZR0VzZlk2YWR2SGJOY1R6QUlpbERyb0J0QllNa3ozV0xzdmRxeGJQLU5zWllSREtSbnFIcHRWME9lbmVkMnJQdUJaeG04dk9zNk1YTGxEYmtZU1drUHoxejd1X19Cb2pxeUtUYThTbU52R3RmQzJiUUREYkZUUTRwcFM2QkFpM3dyTHRwSDE3TndMaW1xc3Y5WUk2NmxyTWNFM0VQT3pDZ3JsUVdNVXZSX0oxRThseVJRbmtmdWVYUGvSAeABQVVfeXFMTXM0QWpLUzdvVlYyNEtIZ2gwa0Vmd250T3MxYW5ETkRWaWJ5V3ZmTHkzaGlUdl8wcUdVNW9BT19jOExabDlCb1pwUFV2LTF0U0szNnFKcGJYR3BLY2x2cWhfYVpYYm51VHFHdUhUN3dtRlRxbXNKNHRDdjRKOFlQZXZJUUt0SmhpVlFkdEt2NXJXQzc3eVFxLUQ1VTBReDE1azh2WDAyTm5ZZEdKR0JSOWRxSVpiYnZza1FCbDNGc0txdlFtUVJDaFd6cU1JR3ZyVllZWTZzQUl3TmxkWDIzS1Q?oc=5,https://news.google.com/rss/articles/CBMi2wFBVV95cUxQaDQ3VjB0SWNsUFBUbkJvNkpyZk9felJpVDFZR0VzZlk2YWR2SGJOY1R6QUlpbERyb0J0QllNa3ozV0xzdmRxeGJQLU5zWllSREtSbnFIcHRWME9lbmVkMnJQdUJaeG04dk9zNk1YTGxEYmtZU1drUHoxejd1X19Cb2pxeUtUYThTbU52R3RmQzJiUUREYkZUUTRwcFM2QkFpM3dyTHRwSDE3TndMaW1xc3Y5WUk2NmxyTWNFM0VQT3pDZ3JsUVdNVXZSX0oxRThseVJRbmtmdWVYUGvSAeABQVVfeXFMTXM0QWpLUzdvVlYyNEtIZ2gwa0Vmd250T3MxYW5ETkRWaWJ5V3ZmTHkzaGlUdl8wcUdVNW9BT19jOExabDlCb1pwUFV2LTF0U0szNnFKcGJYR3BLY2x2cWhfYVpYYm51VHFHdUhUN3dtRlRxbXNKNHRDdjRKOFlQZXZJUUt0SmhpVlFkdEt2NXJXQzc3eVFxLUQ1VTBReDE1azh2WDAyTm5ZZEdKR0JSOWRxSVpiYnZza1FCbDNGc0txdlFtUVJDaFd6cU1JR3ZyVllZWTZzQUl3TmxkWDIzS1Q?oc=5
T-1c2b175fcec0-01,T-1c2b175fcec0,,"Adyant Enersol, Serentica, Ampin and ACME Win SECI’s 4,800 MWh FDRE Auction - Energetica India Magazine",SECI,Unclassified,,,Serentica,,,,,2026-02-06,2028-02-06,Press report - verify,news sweep,https://news.google.com/rss/articles/CBMirAFBVV95cUxPS1gxMERva0R4aTdzdU4ydUhfVUVwb1NRcnpvdzkxTE5qdlpUV0RaSVhzbkhIcGI3RWNRWHhySExieDQyNXllWHlneWpqZ25uT3VOVEowSmU4OU1zZG96T3NPUGJsamFVbTdObEZrd3J0UFo0RVdSbjJ6UF9yS1lSVWJSMWFJcVJfQ0lpbVlHa0haT2M1di1lRmtUbkRZQ09Fa1BRMHcwNngzMFBX?oc=5,https://news.google.com/rss/articles/CBMirAFBVV95cUxPS1gxMERva0R4aTdzdU4ydUhfVUVwb1NRcnpvdzkxTE5qdlpUV0RaSVhzbkhIcGI3RWNRWHhySExieDQyNXllWHlneWpqZ25uT3VOVEowSmU4OU1zZG96T3NPUGJsamFVbTdObEZrd3J0UFo0RVdSbjJ6UF9yS1lSVWJSMWFJcVJfQ0lpbVlHa0haT2M1di1lRmtUbkRZQ09Fa1BRMHcwNngzMFBX?oc=5
T-62c2fe187de2-01,T-62c2fe187de2,,Juniper Green Energy Wins 230 MW in SECI’s 1 GW FDRE Round-the-Clock Renewable Energy Tender - SolarQuarter,SECI,Unclassified,230.0,,Juniper Green,,,,,2026-08-10,2028-08-10,Press report - verify,news sweep,https://news.google.com/rss/articles/CBMixwFBVV95cUxQQnBqS1NBUmJsR1lGMVUyZDdudkc1Z1RIc0ZlNW5iXzRqSEs1Skh2amlKZXhBZ05oMFFsTnhHMXYyQ3ZNcFZWdS1sSWUtczZXR0U5MjhDQkZveTk0UjJrdkltSDhFOE02T3ZuTWVmLWI4aDdMNUl5NGl1T00tN2Y0YTZkNWFkOUZGTEpLNDFUdFEwM3FBUUE4dmhjaVJNcHNDX3RwRl9CaERuR25tMDVBRFFsSXF1T0ZOWmM0ejd6aTZFUXdBY0hr?oc=5,https://news.google.com/rss/articles/CBMixwFBVV95cUxQQnBqS1NBUmJsR1lGMVUyZDdudkc1Z1RIc0ZlNW5iXzRqSEs1Skh2amlKZXhBZ05oMFFsTnhHMXYyQ3ZNcFZWdS1sSWUtczZXR0U5MjhDQkZveTk0UjJrdkltSDhFOE02T3ZuTWVmLWI4aDdMNUl5NGl1T00tN2Y0YTZkNWFkOUZGTEpLNDFUdFEwM3FBUUE4dmhjaVJNcHNDX3RwRl9CaERuR25tMDVBRFFsSXF1T0ZOWmM0ejd6aTZFUXdBY0hr?oc=5
T-62c2fe187de2-02,T-62c2fe187de2,,Juniper Green Energy Wins 230 MW in SECI’s 1 GW FDRE Round-the-Clock Renewable Energy Tender - SolarQuarter,SECI,Unclassified,230.0,,Renew,,,,,2026-08-10,2028-08-10,Press report - verify,news sweep,https://news.google.com/rss/articles/CBMixwFBVV95cUxQQnBqS1NBUmJsR1lGMVUyZDdudkc1Z1RIc0ZlNW5iXzRqSEs1Skh2amlKZXhBZ05oMFFsTnhHMXYyQ3ZNcFZWdS1sSWUtczZXR0U5MjhDQkZveTk0UjJrdkltSDhFOE02T3ZuTWVmLWI4aDdMNUl5NGl1T00tN2Y0YTZkNWFkOUZGTEpLNDFUdFEwM3FBUUE4dmhjaVJNcHNDX3RwRl9CaERuR25tMDVBRFFsSXF1T0ZOWmM0ejd6aTZFUXdBY0hr?oc=5,https://news.google.com/rss/articles/CBMixwFBVV95cUxQQnBqS1NBUmJsR1lGMVUyZDdudkc1Z1RIc0ZlNW5iXzRqSEs1Skh2amlKZXhBZ05oMFFsTnhHMXYyQ3ZNcFZWdS1sSWUtczZXR0U5MjhDQkZveTk0UjJrdkltSDhFOE02T3ZuTWVmLWI4aDdMNUl5NGl1T00tN2Y0YTZkNWFkOUZGTEpLNDFUdFEwM3FBUUE4dmhjaVJNcHNDX3RwRl9CaERuR25tMDVBRFFsSXF1T0ZOWmM0ejd6aTZFUXdBY0hr?oc=5
T-5b49e0adb96b-01,T-5b49e0adb96b,,BC Jindal Wins 150 MW Round-the-Clock Renewable Power Contract from SECI - Saur Energy,SECI,Unclassified,150.0,,Renew,,150.0,,,2025-11-27,2027-11-27,Press report - verify,news sweep,https://news.google.com/rss/articles/CBMixAFBVV95cUxNZlhzX0h3ajJHU3FqaW9rOG41TkxoRFNVRFoweUVYRDNXQWhUY0tUM2lDcmdBd2FGTmhQNDV6WHE2QS1FaXBLNHVSUXZ0b0FpRVFnUXBJWUpZX1k1MkIzd1JrQ2VPR2p3QU9rT2s2UEdZWHpkWTR6T0x5cG5ManY1NVR6RE9rNDNJeTNnaEhmZHEyOWU5YmRoSnpsX3JvQllqZnVodW8wRFc5TUVFR01PaUNIZlhjVTF4VG4wM19OZEpBOGFl?oc=5,https://news.google.com/rss/articles/CBMixAFBVV95cUxNZlhzX0h3ajJHU3FqaW9rOG41TkxoRFNVRFoweUVYRDNXQWhUY0tUM2lDcmdBd2FGTmhQNDV6WHE2QS1FaXBLNHVSUXZ0b0FpRVFnUXBJWUpZX1k1MkIzd1JrQ2VPR2p3QU9rT2s2UEdZWHpkWTR6T0x5cG5ManY1NVR6RE9rNDNJeTNnaEhmZHEyOWU5YmRoSnpsX3JvQllqZnVodW8wRFc5TUVFR01PaUNIZlhjVTF4VG4wM19OZEpBOGFl?oc=5
T-2443862bb9ca-01,T-2443862bb9ca,,NTPC Renewable Energy wins 500 MW SECI tender at ₹6/kWh tariff - energy.economictimes.indiatimes.com,SECI,Unclassified,500.0,,NTPC Renewable,,500.0,,,2026-08-22,2028-08-22,Press report - verify,news sweep,https://news.google.com/rss/articles/CBMixAFBVV95cUxOTXhUQ3g3bjZtcVRXcXFzTGVLMEF6NS1vT196NmQ2dVYyX0luLWU0cGUzQnpYY1VZMFlJeFhpYTBFMngtMzBwdDl5Z0ZoVVBDYThaWDM4NEh1clhob0JELVR6WWROamIzelkxYlVfTGRSaHVSaTZwNUIwS05JSjh1cVFhckdsNkxuWEZxdWlCdWgwbXhCaDBLb2dLdDNhSXNuc3BZbDZsbXZiLUl3RmZLdWlFUlJSMFc4aE5INEpDWnphLTQ10gHKAUFVX3lxTE1pamJWV2xHZlFMWkMyZXRPXzR1LWxNRnRvdHNLT3VYamQ1bktiU3VGUm85Zm5HbExMMWRsOXZWdGRiSllXTkVBXzE3eDlaRGVWdHV0czQtemVlQzVjMjk3cXJ0VFBfcE54UEJrdkdIYTV3aEVaWGpfSlJ4U3JGTzQ0X2V6NGlCTFA3dENQMTZtaUpYZVFxLUJNN2R3QVBhUzBTRVhpWVRLRTl0QVFqUHg1Yy16UlBNRlRKMDZ0bDlKVERteEgxLUFMUGc?oc=5,https://news.google.com/rss/articles/CBMixAFBVV95cUxOTXhUQ3g3bjZtcVRXcXFzTGVLMEF6NS1vT196NmQ2dVYyX0luLWU0cGUzQnpYY1VZMFlJeFhpYTBFMngtMzBwdDl5Z0ZoVVBDYThaWDM4NEh1clhob0JELVR6WWROamIzelkxYlVfTGRSaHVSaTZwNUIwS05JSjh1cVFhckdsNkxuWEZxdWlCdWgwbXhCaDBLb2dLdDNhSXNuc3BZbDZsbXZiLUl3RmZLdWlFUlJSMFc4aE5INEpDWnphLTQ10gHKAUFVX3lxTE1pamJWV2xHZlFMWkMyZXRPXzR1LWxNRnRvdHNLT3VYamQ1bktiU3VGUm85Zm5HbExMMWRsOXZWdGRiSllXTkVBXzE3eDlaRGVWdHV0czQtemVlQzVjMjk3cXJ0VFBfcE54UEJrdkdIYTV3aEVaWGpfSlJ4U3JGTzQ0X2V6NGlCTFA3dENQMTZtaUpYZVFxLUJNN2R3QVBhUzBTRVhpWVRLRTl0QVFqUHg1Yy16UlBNRlRKMDZ0bDlKVERteEgxLUFMUGc?oc=5
T-95125eeeb3d5-01,T-95125eeeb3d5,,"SECI Awards 1.2 GW/4.8 GWh FDRE-VII Peak Power Tender To Serentica Renewables, Adyant Enerso, AMPIN Energy, And ACME Solar - solarquarter.com",SECI,Solar,1200.0,,Serentica,,,,,2026-02-06,2028-02-06,Press report - verify,news sweep,https://news.google.com/rss/articles/CBMi4gFBVV95cUxNVDNZY3dONm1qaW95LUJQM3Z2NlY2bVVfc3lKZ19DVHZfRDhXcVZ1V1BBdnBWc0V3dWkwUW10YWFOa1ktWE5EOXowSEVqWDlKaFBVSkR3eEpHWi14S0h1dWtrcjhqWThFSXVpcktzSTNIclNucjN3VGpnM05XVzJEZThGX2xTbkFHZTQ5bW9wU0w0akJGVDVFYlhiUVVzd0doaG9UVG1fOUllZDNJNW1OY1JLejk5ZEJKVC1MM3JIeUl1QTR6cjkyQTlua3hkekpfdVo3TlVCUDFDMklnczB5VjhB?oc=5,https://news.google.com/rss/articles/CBMi4gFBVV95cUxNVDNZY3dONm1qaW95LUJQM3Z2NlY2bVVfc3lKZ19DVHZfRDhXcVZ1V1BBdnBWc0V3dWkwUW10YWFOa1ktWE5EOXowSEVqWDlKaFBVSkR3eEpHWi14S0h1dWtrcjhqWThFSXVpcktzSTNIclNucjN3VGpnM05XVzJEZThGX2xTbkFHZTQ5bW9wU0w0akJGVDVFYlhiUVVzd0doaG9UVG1fOUllZDNJNW1OY1JLejk5ZEJKVC1MM3JIeUl1QTR6cjkyQTlua3hkekpfdVo3TlVCUDFDMklnczB5VjhB?oc=5
T-95125eeeb3d5-02,T-95125eeeb3d5,,"SECI Awards 1.2 GW/4.8 GWh FDRE-VII Peak Power Tender To Serentica Renewables, Adyant Enerso, AMPIN Energy, And ACME Solar - solarquarter.com",SECI,Solar,1200.0,,Renew,,,,,2026-02-06,2028-02-06,Press report - verify,news sweep,https://news.google.com/rss/articles/CBMi4gFBVV95cUxNVDNZY3dONm1qaW95LUJQM3Z2NlY2bVVfc3lKZ19DVHZfRDhXcVZ1V1BBdnBWc0V3dWkwUW10YWFOa1ktWE5EOXowSEVqWDlKaFBVSkR3eEpHWi14S0h1dWtrcjhqWThFSXVpcktzSTNIclNucjN3VGpnM05XVzJEZThGX2xTbkFHZTQ5bW9wU0w0akJGVDVFYlhiUVVzd0doaG9UVG1fOUllZDNJNW1OY1JLejk5ZEJKVC1MM3JIeUl1QTR6cjkyQTlua3hkekpfdVo3TlVCUDFDMklnczB5VjhB?oc=5,https://news.google.com/rss/articles/CBMi4gFBVV95cUxNVDNZY3dONm1qaW95LUJQM3Z2NlY2bVVfc3lKZ19DVHZfRDhXcVZ1V1BBdnBWc0V3dWkwUW10YWFOa1ktWE5EOXowSEVqWDlKaFBVSkR3eEpHWi14S0h1dWtrcjhqWThFSXVpcktzSTNIclNucjN3VGpnM05XVzJEZThGX2xTbkFHZTQ5bW9wU0w0akJGVDVFYlhiUVVzd0doaG9UVG1fOUllZDNJNW1OY1JLejk5ZEJKVC1MM3JIeUl1QTR6cjkyQTlua3hkekpfdVo3TlVCUDFDMklnczB5VjhB?oc=5
T-95125eeeb3d5-03,T-95125eeeb3d5,,"SECI Awards 1.2 GW/4.8 GWh FDRE-VII Peak Power Tender To Serentica Renewables, Adyant Enerso, AMPIN Energy, And ACME Solar - solarquarter.com",SECI,Solar,1200.0,,AMPIN Energy,,,,,2026-02-06,2028-02-06,Press report - verify,news sweep,https://news.google.com/rss/articles/CBMi4gFBVV95cUxNVDNZY3dONm1qaW95LUJQM3Z2NlY2bVVfc3lKZ19DVHZfRDhXcVZ1V1BBdnBWc0V3dWkwUW10YWFOa1ktWE5EOXowSEVqWDlKaFBVSkR3eEpHWi14S0h1dWtrcjhqWThFSXVpcktzSTNIclNucjN3VGpnM05XVzJEZThGX2xTbkFHZTQ5bW9wU0w0akJGVDVFYlhiUVVzd0doaG9UVG1fOUllZDNJNW1OY1JLejk5ZEJKVC1MM3JIeUl1QTR6cjkyQTlua3hkekpfdVo3TlVCUDFDMklnczB5VjhB?oc=5,https://news.google.com/rss/articles/CBMi4gFBVV95cUxNVDNZY3dONm1qaW95LUJQM3Z2NlY2bVVfc3lKZ19DVHZfRDhXcVZ1V1BBdnBWc0V3dWkwUW10YWFOa1ktWE5EOXowSEVqWDlKaFBVSkR3eEpHWi14S0h1dWtrcjhqWThFSXVpcktzSTNIclNucjN3VGpnM05XVzJEZThGX2xTbkFHZTQ5bW9wU0w0akJGVDVFYlhiUVVzd0doaG9UVG1fOUllZDNJNW1OY1JLejk5ZEJKVC1MM3JIeUl1QTR6cjkyQTlua3hkekpfdVo3TlVCUDFDMklnczB5VjhB?oc=5
T-95125eeeb3d5-04,T-95125eeeb3d5,,"SECI Awards 1.2 GW/4.8 GWh FDRE-VII Peak Power Tender To Serentica Renewables, Adyant Enerso, AMPIN Energy, And ACME Solar - solarquarter.com",SECI,Solar,1200.0,,ACME Solar,,,,,2026-02-06,2028-02-06,Press report - verify,news sweep,https://news.google.com/rss/articles/CBMi4gFBVV95cUxNVDNZY3dONm1qaW95LUJQM3Z2NlY2bVVfc3lKZ19DVHZfRDhXcVZ1V1BBdnBWc0V3dWkwUW10YWFOa1ktWE5EOXowSEVqWDlKaFBVSkR3eEpHWi14S0h1dWtrcjhqWThFSXVpcktzSTNIclNucjN3VGpnM05XVzJEZThGX2xTbkFHZTQ5bW9wU0w0akJGVDVFYlhiUVVzd0doaG9UVG1fOUllZDNJNW1OY1JLejk5ZEJKVC1MM3JIeUl1QTR6cjkyQTlua3hkekpfdVo3TlVCUDFDMklnczB5VjhB?oc=5,https://news.google.com/rss/articles/CBMi4gFBVV95cUxNVDNZY3dONm1qaW95LUJQM3Z2NlY2bVVfc3lKZ19DVHZfRDhXcVZ1V1BBdnBWc0V3dWkwUW10YWFOa1ktWE5EOXowSEVqWDlKaFBVSkR3eEpHWi14S0h1dWtrcjhqWThFSXVpcktzSTNIclNucjN3VGpnM05XVzJEZThGX2xTbkFHZTQ5bW9wU0w0akJGVDVFYlhiUVVzd0doaG9UVG1fOUllZDNJNW1OY1JLejk5ZEJKVC1MM3JIeUl1QTR6cjkyQTlua3hkekpfdVo3TlVCUDFDMklnczB5VjhB?oc=5
T-767ac40a755a-01,T-767ac40a755a,,"Adyant, Serentica, AMPIN & ACME Bag SECI's Peak Supply FDRE Tender - Saur Energy",SECI,Round-the-Clock / CfD / Trading,,,Serentica,,,,,2026-02-06,2028-02-06,Press report - verify,news sweep,https://news.google.com/rss/articles/CBMitgFBVV95cUxPYWlWWEJBREUzSExUQVNueU1zMklLRmNDQ1lpNFU4QlJNWEhmNDlvX2Mxb1VlYm84TmhFS0FicWVGYUlGb2VESkZOb2hYYUs3VUdnWEJpdDVhenFyVzJXa1BqTTNySV85UTNoWmQzbzRSblNMVXJuTFlvWTZzVW81NVRNRXNSTmI4czNCWjQ0NG9ockRPUVJWbWRoMl8yWmR0ZGs4QUNYNHZfbnFYN2hRZlE4QnNLQQ?oc=5,https://news.google.com/rss/articles/CBMitgFBVV95cUxPYWlWWEJBREUzSExUQVNueU1zMklLRmNDQ1lpNFU4QlJNWEhmNDlvX2Mxb1VlYm84TmhFS0FicWVGYUlGb2VESkZOb2hYYUs3VUdnWEJpdDVhenFyVzJXa1BqTTNySV85UTNoWmQzbzRSblNMVXJuTFlvWTZzVW81NVRNRXNSTmI4czNCWjQ0NG9ockRPUVJWbWRoMl8yWmR0ZGs4QUNYNHZfbnFYN2hRZlE4QnNLQQ?oc=5
T-10c5313b39fd-01,T-10c5313b39fd,,SECI concludes 1.2 GW/4.8 GWh renewables-plus-storage tender at $0.07/kWh - ess-news.com,SECI,Unclassified,1200.0,,renew,,1200.0,,,2026-02-06,2028-02-06,Press report - verify,news sweep,https://news.google.com/rss/articles/CBMirgFBVV95cUxQOUgwSkFPWl9UX0VLTU85S2FUSEJMd2Q5SkZzU3dNdUM0MEFjSEdrenFWQUpoWTM2bE42TGxfQm95cDd6dE5VVDNEWTVobTBvSDM0LU1jbUo4Ym9NNUx6WDlmWGxwYTRqRjdveF9SazVFNXNtRGZFRWk0NmZraENwSktDNEZVd3ZRYnJjOWF6d1pkQWZLNHdERTdxZ01sQWVSZlloUDJtTGFEaDI4TWc?oc=5,https://news.google.com/rss/articles/CBMirgFBVV95cUxQOUgwSkFPWl9UX0VLTU85S2FUSEJMd2Q5SkZzU3dNdUM0MEFjSEdrenFWQUpoWTM2bE42TGxfQm95cDd6dE5VVDNEWTVobTBvSDM0LU1jbUo4Ym9NNUx6WDlmWGxwYTRqRjdveF9SazVFNXNtRGZFRWk0NmZraENwSktDNEZVd3ZRYnJjOWF6d1pkQWZLNHdERTdxZ01sQWVSZlloUDJtTGFEaDI4TWc?oc=5
T-8a50373c8d89-01,T-8a50373c8d89,,"KP Group, UPC Renewables, Datta Infra, Resolven Win SJVN’s 600 MW Wind Auction - Energetica India Magazine",SJVN,Wind,600.0,,Renew,,,,,2026-03-02,2028-03-02,Press report - verify,news sweep,https://news.google.com/rss/articles/CBMisgFBVV95cUxOMGI3eS1uaklneERJQnc5bjJ2QlZsUXdlbW5aVlFnOHF0WTRCSUV0ZGJEc1g4QURZX2FMb2NMVmhhZG9iS0hzSGZ0UXNxb0pnOTVWS1g1bVBtRWJKU1NXRmRPUmxfaUZsR3dpX19lYk9wRW92WXBwSGU1WHo5SXFNS1VUOEhESFdpRDhROFlKelpiWmdSZDZwUFdFeHppbldmUnpTWUFVLXZVblJXOWdjN2p3?oc=5,https://news.google.com/rss/articles/CBMisgFBVV95cUxOMGI3eS1uaklneERJQnc5bjJ2QlZsUXdlbW5aVlFnOHF0WTRCSUV0ZGJEc1g4QURZX2FMb2NMVmhhZG9iS0hzSGZ0UXNxb0pnOTVWS1g1bVBtRWJKU1NXRmRPUmxfaUZsR3dpX19lYk9wRW92WXBwSGU1WHo5SXFNS1VUOEhESFdpRDhROFlKelpiWmdSZDZwUFdFeHppbldmUnpTWUFVLXZVblJXOWdjN2p3?oc=5
T-8a50373c8d89-02,T-8a50373c8d89,,"KP Group, UPC Renewables, Datta Infra, Resolven Win SJVN’s 600 MW Wind Auction - Energetica India Magazine",SJVN,Wind,600.0,,Resolven,,,,,2026-03-02,2028-03-02,Press report - verify,news sweep,https://news.google.com/rss/articles/CBMisgFBVV95cUxOMGI3eS1uaklneERJQnc5bjJ2QlZsUXdlbW5aVlFnOHF0WTRCSUV0ZGJEc1g4QURZX2FMb2NMVmhhZG9iS0hzSGZ0UXNxb0pnOTVWS1g1bVBtRWJKU1NXRmRPUmxfaUZsR3dpX19lYk9wRW92WXBwSGU1WHo5SXFNS1VUOEhESFdpRDhROFlKelpiWmdSZDZwUFdFeHppbldmUnpTWUFVLXZVblJXOWdjN2p3?oc=5,https://news.google.com/rss/articles/CBMisgFBVV95cUxOMGI3eS1uaklneERJQnc5bjJ2QlZsUXdlbW5aVlFnOHF0WTRCSUV0ZGJEc1g4QURZX2FMb2NMVmhhZG9iS0hzSGZ0UXNxb0pnOTVWS1g1bVBtRWJKU1NXRmRPUmxfaUZsR3dpX19lYk9wRW92WXBwSGU1WHo5SXFNS1VUOEhESFdpRDhROFlKelpiWmdSZDZwUFdFeHppbldmUnpTWUFVLXZVblJXOWdjN2p3?oc=5
T-58954615e819-01,T-58954615e819,,"Reliance, ACME, and Sembcorp secure major wins in SJVN’s 6 GWh tender for dispatchable renewable power - ESS News",SJVN,Unclassified,,,Sembcorp,,,,,2025-11-12,2027-11-12,Press report - verify,news sweep,https://news.google.com/rss/articles/CBMi0gFBVV95cUxPUjlrRGtJdUIyT3piX1M3Qm5vdkYySnAxYXlIeHpoUjY0eDFvTjZ0RXNvMWFvbm5xR0lzb3M3eDVzUy1VQnhNMTU5TjlYb3Vid2xhOUlTVGtNOFhiSDZleUdpSmxIQXh4U3o5MGFraTNjb3QwUGdLam9tdkN6bXhoRmVJSGlBaVdkc3lROU5CM3dzb2FzdTFBdHoxS1RUWmZhQmxKX3QwNEJtYmRlak1GUENZT25Ha2d3b0l5SkNfTTFRUUNTY1FOc3ZjY0t2OHFOdmc?oc=5,https://news.google.com/rss/articles/CBMi0gFBVV95cUxPUjlrRGtJdUIyT3piX1M3Qm5vdkYySnAxYXlIeHpoUjY0eDFvTjZ0RXNvMWFvbm5xR0lzb3M3eDVzUy1VQnhNMTU5TjlYb3Vid2xhOUlTVGtNOFhiSDZleUdpSmxIQXh4U3o5MGFraTNjb3QwUGdLam9tdkN6bXhoRmVJSGlBaVdkc3lROU5CM3dzb2FzdTFBdHoxS1RUWmZhQmxKX3QwNEJtYmRlak1GUENZT25Ha2d3b0l5SkNfTTFRUUNTY1FOc3ZjY0t2OHFOdmc?oc=5
T-58954615e819-02,T-58954615e819,,"Reliance, ACME, and Sembcorp secure major wins in SJVN’s 6 GWh tender for dispatchable renewable power - ESS News",SJVN,Unclassified,,,renew,,,,,2025-11-12,2027-11-12,Press report - verify,news sweep,https://news.google.com/rss/articles/CBMi0gFBVV95cUxPUjlrRGtJdUIyT3piX1M3Qm5vdkYySnAxYXlIeHpoUjY0eDFvTjZ0RXNvMWFvbm5xR0lzb3M3eDVzUy1VQnhNMTU5TjlYb3Vid2xhOUlTVGtNOFhiSDZleUdpSmxIQXh4U3o5MGFraTNjb3QwUGdLam9tdkN6bXhoRmVJSGlBaVdkc3lROU5CM3dzb2FzdTFBdHoxS1RUWmZhQmxKX3QwNEJtYmRlak1GUENZT25Ha2d3b0l5SkNfTTFRUUNTY1FOc3ZjY0t2OHFOdmc?oc=5,https://news.google.com/rss/articles/CBMi0gFBVV95cUxPUjlrRGtJdUIyT3piX1M3Qm5vdkYySnAxYXlIeHpoUjY0eDFvTjZ0RXNvMWFvbm5xR0lzb3M3eDVzUy1VQnhNMTU5TjlYb3Vid2xhOUlTVGtNOFhiSDZleUdpSmxIQXh4U3o5MGFraTNjb3QwUGdLam9tdkN6bXhoRmVJSGlBaVdkc3lROU5CM3dzb2FzdTFBdHoxS1RUWmZhQmxKX3QwNEJtYmRlak1GUENZT25Ha2d3b0l5SkNfTTFRUUNTY1FOc3ZjY0t2OHFOdmc?oc=5
T-09598eb67675-01,T-09598eb67675,,ACME Solar wins 450 MW peak power project under SJVN FDRE-IV - Manufacturing Today India,SJVN,Solar,450.0,,ACME Solar,,450.0,,,2025-11-11,2027-11-11,Press report - verify,news sweep,https://news.google.com/rss/articles/CBMigAFBVV95cUxNUkhNZWlKMVhuWWx2LTRkMThmaWliejVnTy0yaWoxSkEybEkwZHZmdGY0azdpVUxkNnhkRkFkY1Nnc2J0cm1jSTU4c2lmcGFlYXdHdlI2dndzRWF5TExSeWpmeEdoNnNKSk1qcmlhRGswLWpxNVo0dlkxelpXSWxPdA?oc=5,https://news.google.com/rss/articles/CBMigAFBVV95cUxNUkhNZWlKMVhuWWx2LTRkMThmaWliejVnTy0yaWoxSkEybEkwZHZmdGY0azdpVUxkNnhkRkFkY1Nnc2J0cm1jSTU4c2lmcGFlYXdHdlI2dndzRWF5TExSeWpmeEdoNnNKSk1qcmlhRGswLWpxNVo0dlkxelpXSWxPdA?oc=5
T-0253747219b9-01,T-0253747219b9,,ACME Solar Awarded 450 MW-1800 MWh SJVN FDRE-IV Project - Energetica India Magazine,SJVN,Solar,450.0,,ACME Solar,,450.0,,,2025-11-12,2027-11-12,Press report - verify,news sweep,https://news.google.com/rss/articles/CBMimAFBVV95cUxObXI0RjJJMmNfVTRFbzE5MzBzaHNqZ3hyd3BRQmJadE1BYmpOOW0yQ2pneHE5V3ZRZ2RUOGtWckViQ1BTM1ZZM211SXdfcmRZZDJ0QlJsWWdUbFEwZ0NkeGNlVjZuNTQzMTJMMnFWZlVHaHV0Y2NfOTI4WWFqbHFHSGhuSzB0bmZjbERmdjdlTVN1RjNjempOMg?oc=5,https://news.google.com/rss/articles/CBMimAFBVV95cUxObXI0RjJJMmNfVTRFbzE5MzBzaHNqZ3hyd3BRQmJadE1BYmpOOW0yQ2pneHE5V3ZRZ2RUOGtWckViQ1BTM1ZZM211SXdfcmRZZDJ0QlJsWWdUbFEwZ0NkeGNlVjZuNTQzMTJMMnFWZlVHaHV0Y2NfOTI4WWFqbHFHSGhuSzB0bmZjbERmdjdlTVN1RjNjempOMg?oc=5
T-a46787d19976-01,T-a46787d19976,,"Reliance, Sembcorp, BluPine, and ACME Win SJVN’s 1.5 GW FDRE Auction - Energetica India Magazine",SJVN,Unclassified,1500.0,,Sembcorp,,,,,2025-10-11,2027-10-11,Press report - verify,news sweep,https://news.google.com/rss/articles/CBMiowFBVV95cUxQanVOemVxR1ZQMGZXRm9aLUVqdEdpTWlOamxsRE5CZGZsZjdjdEhtOHFkbkc4eFJQT2ZHNzZOcTFJQW1VSFNyS3FZaU5YOHBuYnVGTktIck1rZ2M5Ri1WR3F4NkVkVlRDVlR1WnVlbTlpblU5S0xIMUtLT05CUC1wQ3dnMGRlNXFGdXA4bFBiVXp6cnEzLWRfb01CM29HcXVza0Vv?oc=5,https://news.google.com/rss/articles/CBMiowFBVV95cUxQanVOemVxR1ZQMGZXRm9aLUVqdEdpTWlOamxsRE5CZGZsZjdjdEhtOHFkbkc4eFJQT2ZHNzZOcTFJQW1VSFNyS3FZaU5YOHBuYnVGTktIck1rZ2M5Ri1WR3F4NkVkVlRDVlR1WnVlbTlpblU5S0xIMUtLT05CUC1wQ3dnMGRlNXFGdXA4bFBiVXp6cnEzLWRfb01CM29HcXVza0Vv?oc=5
T-a46787d19976-02,T-a46787d19976,,"Reliance, Sembcorp, BluPine, and ACME Win SJVN’s 1.5 GW FDRE Auction - Energetica India Magazine",SJVN,Unclassified,1500.0,,BluPine,,,,,2025-10-11,2027-10-11,Press report - verify,news sweep,https://news.google.com/rss/articles/CBMiowFBVV95cUxQanVOemVxR1ZQMGZXRm9aLUVqdEdpTWlOamxsRE5CZGZsZjdjdEhtOHFkbkc4eFJQT2ZHNzZOcTFJQW1VSFNyS3FZaU5YOHBuYnVGTktIck1rZ2M5Ri1WR3F4NkVkVlRDVlR1WnVlbTlpblU5S0xIMUtLT05CUC1wQ3dnMGRlNXFGdXA4bFBiVXp6cnEzLWRfb01CM29HcXVza0Vv?oc=5,https://news.google.com/rss/articles/CBMiowFBVV95cUxQanVOemVxR1ZQMGZXRm9aLUVqdEdpTWlOamxsRE5CZGZsZjdjdEhtOHFkbkc4eFJQT2ZHNzZOcTFJQW1VSFNyS3FZaU5YOHBuYnVGTktIck1rZ2M5Ri1WR3F4NkVkVlRDVlR1WnVlbTlpblU5S0xIMUtLT05CUC1wQ3dnMGRlNXFGdXA4bFBiVXp6cnEzLWRfb01CM29HcXVza0Vv?oc=5
T-01025727d20d-01,T-01025727d20d,,Sembcorp Wins 150 MW FDRE Project from SJVN - Energetica India Magazine,SJVN,Unclassified,150.0,,Sembcorp,,150.0,,,2025-11-11,2027-11-11,Press report - verify,news sweep,https://news.google.com/rss/articles/CBMiiAFBVV95cUxPcjNkMWdPTGgwRi05TnF3UmU4ZVQ2blZuRHFVWkRQUDVqTkJwWDExTHlBVzhvOExMa1FQX1V4NUJlZzdTUEc2dmFDZ2FHQmFIeTZaTkJBMkY0ZTFZOWRBT2tlTi1lalBIS05TNFZ4RTdCVDRQclpzOFpETlFhdW1uNzNtU1pNT3NH?oc=5,https://news.google.com/rss/articles/CBMiiAFBVV95cUxPcjNkMWdPTGgwRi05TnF3UmU4ZVQ2blZuRHFVWkRQUDVqTkJwWDExTHlBVzhvOExMa1FQX1V4NUJlZzdTUEc2dmFDZ2FHQmFIeTZaTkJBMkY0ZTFZOWRBT2tlTi1lalBIS05TNFZ4RTdCVDRQclpzOFpETlFhdW1uNzNtU1pNT3NH?oc=5
T-2d18ce3f4793-01,T-2d18ce3f4793,,Sembcorp secures 150 MW firm renewable project from SJVN - ET EnergyWorld,SJVN,Unclassified,150.0,,Sembcorp,,,,,2025-11-11,2027-11-11,Press report - verify,news sweep,https://news.google.com/rss/articles/CBMiwwFBVV95cUxOVGxhWWFJUU9oSmJjMHU3eVdaQl9jMEpWWUxHRHdwbS03amRUc3QyMURkcUFobjNIWW13VG1mWnhuam9PeUl2TVJMU080V0pKc2x2S0ZNODJDaUNmazgxOWItdUgtaENvc3NmbVZXUlpaa2xFRHJqa01CbnlGYTBBYnpkX3J0NE42OUtoWU9oeGdDRGRFbS0tU3hCeGE1WTN0YjV4OVRSLWM1RVhkMktBN2puclV6c1FaN1FPSFRjTDdkd3fSAcgBQVVfeXFMUHlFLXg0cUtiV2Y4QmlQdFN4dlkxdkNoS0JTeEtwUm13SkdFZGZGZV9HaklzWDNiLTAtVUEyak52cWRiVWJ4Q0FPUDYzbl9xQk05d2NCQV94S0tPaG1KZkU3d1VEcFk0bVBnaC1lZXZ3WVZyQ0d2aEF6YU5xNUN1VmhtTUVkdllDMWJzVkd1cF9TZUN0cTBJb3VTZ1dVLWhjOFN3VDZVaURwb2dVM2NJcnZKT0tvSDRVZ1dPMlhjMDFpLXhhTTF5T1A?oc=5,https://news.google.com/rss/articles/CBMiwwFBVV95cUxOVGxhWWFJUU9oSmJjMHU3eVdaQl9jMEpWWUxHRHdwbS03amRUc3QyMURkcUFobjNIWW13VG1mWnhuam9PeUl2TVJMU080V0pKc2x2S0ZNODJDaUNmazgxOWItdUgtaENvc3NmbVZXUlpaa2xFRHJqa01CbnlGYTBBYnpkX3J0NE42OUtoWU9oeGdDRGRFbS0tU3hCeGE1WTN0YjV4OVRSLWM1RVhkMktBN2puclV6c1FaN1FPSFRjTDdkd3fSAcgBQVVfeXFMUHlFLXg0cUtiV2Y4QmlQdFN4dlkxdkNoS0JTeEtwUm13SkdFZGZGZV9HaklzWDNiLTAtVUEyak52cWRiVWJ4Q0FPUDYzbl9xQk05d2NCQV94S0tPaG1KZkU3d1VEcFk0bVBnaC1lZXZ3WVZyQ0d2aEF6YU5xNUN1VmhtTUVkdllDMWJzVkd1cF9TZUN0cTBJb3VTZ1dVLWhjOFN3VDZVaURwb2dVM2NJcnZKT0tvSDRVZ1dPMlhjMDFpLXhhTTF5T1A?oc=5
T-2d18ce3f4793-02,T-2d18ce3f4793,,Sembcorp secures 150 MW firm renewable project from SJVN - ET EnergyWorld,SJVN,Unclassified,150.0,,renew,,,,,2025-11-11,2027-11-11,Press report - verify,news sweep,https://news.google.com/rss/articles/CBMiwwFBVV95cUxOVGxhWWFJUU9oSmJjMHU3eVdaQl9jMEpWWUxHRHdwbS03amRUc3QyMURkcUFobjNIWW13VG1mWnhuam9PeUl2TVJMU080V0pKc2x2S0ZNODJDaUNmazgxOWItdUgtaENvc3NmbVZXUlpaa2xFRHJqa01CbnlGYTBBYnpkX3J0NE42OUtoWU9oeGdDRGRFbS0tU3hCeGE1WTN0YjV4OVRSLWM1RVhkMktBN2puclV6c1FaN1FPSFRjTDdkd3fSAcgBQVVfeXFMUHlFLXg0cUtiV2Y4QmlQdFN4dlkxdkNoS0JTeEtwUm13SkdFZGZGZV9HaklzWDNiLTAtVUEyak52cWRiVWJ4Q0FPUDYzbl9xQk05d2NCQV94S0tPaG1KZkU3d1VEcFk0bVBnaC1lZXZ3WVZyQ0d2aEF6YU5xNUN1VmhtTUVkdllDMWJzVkd1cF9TZUN0cTBJb3VTZ1dVLWhjOFN3VDZVaURwb2dVM2NJcnZKT0tvSDRVZ1dPMlhjMDFpLXhhTTF5T1A?oc=5,https://news.google.com/rss/articles/CBMiwwFBVV95cUxOVGxhWWFJUU9oSmJjMHU3eVdaQl9jMEpWWUxHRHdwbS03amRUc3QyMURkcUFobjNIWW13VG1mWnhuam9PeUl2TVJMU080V0pKc2x2S0ZNODJDaUNmazgxOWItdUgtaENvc3NmbVZXUlpaa2xFRHJqa01CbnlGYTBBYnpkX3J0NE42OUtoWU9oeGdDRGRFbS0tU3hCeGE1WTN0YjV4OVRSLWM1RVhkMktBN2puclV6c1FaN1FPSFRjTDdkd3fSAcgBQVVfeXFMUHlFLXg0cUtiV2Y4QmlQdFN4dlkxdkNoS0JTeEtwUm13SkdFZGZGZV9HaklzWDNiLTAtVUEyak52cWRiVWJ4Q0FPUDYzbl9xQk05d2NCQV94S0tPaG1KZkU3d1VEcFk0bVBnaC1lZXZ3WVZyQ0d2aEF6YU5xNUN1VmhtTUVkdllDMWJzVkd1cF9TZUN0cTBJb3VTZ1dVLWhjOFN3VDZVaURwb2dVM2NJcnZKT0tvSDRVZ1dPMlhjMDFpLXhhTTF5T1A?oc=5
T-351318dfbbe8-01,T-351318dfbbe8,,BluPine Energy Bags 150 MW in SJVN’s FDRE Auction - Energetica India Magazine,SJVN,Unclassified,150.0,,BluPine,,150.0,,,2025-10-16,2027-10-16,Press report - verify,news sweep,https://news.google.com/rss/articles/CBMijwFBVV95cUxQdDBwVkhTSUxaRVJUcUhYWHk5VUxZekJhRldCOUlYLUZDY2ZobFdYMXM5LUhueXFoSkxWUE5hcDJDREJNNDZiMUpnN2djemZ3dDd6TVpGMU93SDNRQmNmVzBzSUhzZWR1T2RPaDBCZERacWlzejF2WUpwSUwxRDNHNjVIams0ckZKclNlMWxvaw?oc=5,https://news.google.com/rss/articles/CBMijwFBVV95cUxQdDBwVkhTSUxaRVJUcUhYWHk5VUxZekJhRldCOUlYLUZDY2ZobFdYMXM5LUhueXFoSkxWUE5hcDJDREJNNDZiMUpnN2djemZ3dDd6TVpGMU93SDNRQmNmVzBzSUhzZWR1T2RPaDBCZERacWlzejF2WUpwSUwxRDNHNjVIams0ckZKclNlMWxvaw?oc=5
T-97939a7d7f72-01,T-97939a7d7f72,,"NLC India, Adyant Secure SJVN Wind Project - Saur Energy",SJVN,Wind,,,NLC India,,,,,2025-03-05,2027-03-05,Press report - verify,news sweep,https://news.google.com/rss/articles/CBMijwFBVV95cUxQd2ZtYllwSXJPWERhWGpUcGRWcGVsOG1UWFhsaHNwc21sWG1DZGg4ZlJWMnJuazcxQm16X1BGZ0VmdzhMQ0JRYXZnbkJuUzVRcmdBNzBjSlNTaWJjVXhPODJ4ZTJXOFlUVkZPdnE4elUxdWd5WDdlZDJ1Z0M0MWk5UUU2QjhOOEhqU0FvMlRPcw?oc=5,https://news.google.com/rss/articles/CBMijwFBVV95cUxQd2ZtYllwSXJPWERhWGpUcGRWcGVsOG1UWFhsaHNwc21sWG1DZGg4ZlJWMnJuazcxQm16X1BGZ0VmdzhMQ0JRYXZnbkJuUzVRcmdBNzBjSlNTaWJjVXhPODJ4ZTJXOFlUVkZPdnE4elUxdWd5WDdlZDJ1Z0M0MWk5UUU2QjhOOEhqU0FvMlRPcw?oc=5
T-e89f9335756c-01,T-e89f9335756c,,"SJVN Auctions 600 MW Of Wind Power Projects With Competitive Tariffs, Adyant Enersol And UPC Renewables Win Bids - windinsider.com",SJVN,Wind,600.0,,Renew,,600.0,,,2025-01-31,2027-01-28,Press report - verify,news sweep,https://news.google.com/rss/articles/CBMi4AFBVV95cUxQeS1QUnlyWUp1SHRrWFVaUmRQRVV4aFNSckdPSUhkSDJMcnBpWmxrbFRGckEzcFNONjJWeFR0TFlvZmFZaDlzNGpxLVV1Zk4tSGljWF8yVTQ2M0VHdjlfdG84X1hqd0ZhNzU1VkxRMnNyU1hFYUc3UDRFaGJ5eE1RdHp6MVRsOVlLMTU3S0g3cWN5RzZLWGN1ckFMaEY1RWVIYVI5YklYMGplcTZhMG8xbFVnVEt3VGdtTklhS0Z0MndGbmRVNjd4TUJrblUtY05TbUVDNGQwQUdFbER4Si05UdIB5gFBVV95cUxQTVNMYVFDRFJiT1RjX05ra3MzeFhkSzFtWFJ0OW14RzdjVExBQ3R1YWJJWXlWVDF5ZUg4V3hKaFZtRFl4c2hHMnpVSS1RSjJ4V0tuN0x6ODlVb0pFbnFaSkxTcldYOHo3a0RQZHJWd25NMWZ6dDFjQkM5Um9ZM0JuX2NKYzVaOEplMkF4UU40Z1dPa2xYUUFMaEVUMU5CdmV6VDVWOXZpMThUTno5a2FpT2k2WUFqVXpZeHoySE5kbVRuYUVCLURNVXo0Nl9yMEg4d3l3V1k0UzJOa0ZHRUZTVmpUUHJoZw?oc=5,https://news.google.com/rss/articles/CBMi4AFBVV95cUxQeS1QUnlyWUp1SHRrWFVaUmRQRVV4aFNSckdPSUhkSDJMcnBpWmxrbFRGckEzcFNONjJWeFR0TFlvZmFZaDlzNGpxLVV1Zk4tSGljWF8yVTQ2M0VHdjlfdG84X1hqd0ZhNzU1VkxRMnNyU1hFYUc3UDRFaGJ5eE1RdHp6MVRsOVlLMTU3S0g3cWN5RzZLWGN1ckFMaEY1RWVIYVI5YklYMGplcTZhMG8xbFVnVEt3VGdtTklhS0Z0MndGbmRVNjd4TUJrblUtY05TbUVDNGQwQUdFbER4Si05UdIB5gFBVV95cUxQTVNMYVFDRFJiT1RjX05ra3MzeFhkSzFtWFJ0OW14RzdjVExBQ3R1YWJJWXlWVDF5ZUg4V3hKaFZtRFl4c2hHMnpVSS1RSjJ4V0tuN0x6ODlVb0pFbnFaSkxTcldYOHo3a0RQZHJWd25NMWZ6dDFjQkM5Um9ZM0JuX2NKYzVaOEplMkF4UU40Z1dPa2xYUUFMaEVUMU5CdmV6VDVWOXZpMThUTno5a2FpT2k2WUFqVXpZeHoySE5kbVRuYUVCLURNVXo0Nl9yMEg4d3l3V1k0UzJOa0ZHRUZTVmpUUHJoZw?oc=5
T-d287d11834a0-01,T-d287d11834a0,,"ACME Solar bags 400 MW firm, dispatchable renewable project from SJVN - Business Standard",SJVN Green Energy,Solar,400.0,,ACME Solar,,,,,2025-11-11,2027-11-11,Press report - verify,news sweep,https://news.google.com/rss/articles/CBMi0wFBVV95cUxPSXFKLURtVWtyNU9mV3NnNnQwU2RiX3g2WlJqY2dablRuaFZkT2o3R244TjlqNnJiTF95cm1zbXVwY2dGMjN5Wmd4ZHdNZW93VjU5MVFtU1BoY3kzNTBGWnF0UVU0eU5HSjZtUDZvV0Y2dWFPYWtJVGEyWnNjZ0daRDR2cEpVNlJVdHM4UkJvMDhScDB0VmdhS01YQ2lGX2ZIQ2tneEY4ek5zbWxRT19LZlhXU280d0RKdU9uUTVqMEtLZmJrTG41Y25TU0hPZVAzRzJR0gHYAUFVX3lxTE9FX1JSZkx0c3FQbkdQdmZ5cl9yVHNOd2p2R09BczdqWjhoZ1o3STE3RTZqUDktRVN3TjlnWHJpUDItUk40cGQwbHJTLUQ0LUtVNjY2bEdJSDNqZ0VMc0xUbm9uRUdfZHlEdG9PZVdjUHZ4cnZWSkJxMkczaUlwSmRFSjZJdG5aN01fQWZhMjltYmNwTl8tS3g4MHdYbVA1bFFfd0ZfVXppYUFjVUxONGgwVFNoUWNRcmNoSy10RHluVHNZcy12eHUwbW5xY2dRV0ZmbVFkQUx3YQ?oc=5,https://news.google.com/rss/articles/CBMi0wFBVV95cUxPSXFKLURtVWtyNU9mV3NnNnQwU2RiX3g2WlJqY2dablRuaFZkT2o3R244TjlqNnJiTF95cm1zbXVwY2dGMjN5Wmd4ZHdNZW93VjU5MVFtU1BoY3kzNTBGWnF0UVU0eU5HSjZtUDZvV0Y2dWFPYWtJVGEyWnNjZ0daRDR2cEpVNlJVdHM4UkJvMDhScDB0VmdhS01YQ2lGX2ZIQ2tneEY4ek5zbWxRT19LZlhXU280d0RKdU9uUTVqMEtLZmJrTG41Y25TU0hPZVAzRzJR0gHYAUFVX3lxTE9FX1JSZkx0c3FQbkdQdmZ5cl9yVHNOd2p2R09BczdqWjhoZ1o3STE3RTZqUDktRVN3TjlnWHJpUDItUk40cGQwbHJTLUQ0LUtVNjY2bEdJSDNqZ0VMc0xUbm9uRUdfZHlEdG9PZVdjUHZ4cnZWSkJxMkczaUlwSmRFSjZJdG5aN01fQWZhMjltYmNwTl8tS3g4MHdYbVA1bFFfd0ZfVXppYUFjVUxONGgwVFNoUWNRcmNoSy10RHluVHNZcy12eHUwbW5xY2dRV0ZmbVFkQUx3YQ?oc=5
T-d287d11834a0-02,T-d287d11834a0,,"ACME Solar bags 400 MW firm, dispatchable renewable project from SJVN - Business Standard",SJVN Green Energy,Solar,400.0,,renew,,,,,2025-11-11,2027-11-11,Press report - verify,news sweep,https://news.google.com/rss/articles/CBMi0wFBVV95cUxPSXFKLURtVWtyNU9mV3NnNnQwU2RiX3g2WlJqY2dablRuaFZkT2o3R244TjlqNnJiTF95cm1zbXVwY2dGMjN5Wmd4ZHdNZW93VjU5MVFtU1BoY3kzNTBGWnF0UVU0eU5HSjZtUDZvV0Y2dWFPYWtJVGEyWnNjZ0daRDR2cEpVNlJVdHM4UkJvMDhScDB0VmdhS01YQ2lGX2ZIQ2tneEY4ek5zbWxRT19LZlhXU280d0RKdU9uUTVqMEtLZmJrTG41Y25TU0hPZVAzRzJR0gHYAUFVX3lxTE9FX1JSZkx0c3FQbkdQdmZ5cl9yVHNOd2p2R09BczdqWjhoZ1o3STE3RTZqUDktRVN3TjlnWHJpUDItUk40cGQwbHJTLUQ0LUtVNjY2bEdJSDNqZ0VMc0xUbm9uRUdfZHlEdG9PZVdjUHZ4cnZWSkJxMkczaUlwSmRFSjZJdG5aN01fQWZhMjltYmNwTl8tS3g4MHdYbVA1bFFfd0ZfVXppYUFjVUxONGgwVFNoUWNRcmNoSy10RHluVHNZcy12eHUwbW5xY2dRV0ZmbVFkQUx3YQ?oc=5,https://news.google.com/rss/articles/CBMi0wFBVV95cUxPSXFKLURtVWtyNU9mV3NnNnQwU2RiX3g2WlJqY2dablRuaFZkT2o3R244TjlqNnJiTF95cm1zbXVwY2dGMjN5Wmd4ZHdNZW93VjU5MVFtU1BoY3kzNTBGWnF0UVU0eU5HSjZtUDZvV0Y2dWFPYWtJVGEyWnNjZ0daRDR2cEpVNlJVdHM4UkJvMDhScDB0VmdhS01YQ2lGX2ZIQ2tneEY4ek5zbWxRT19LZlhXU280d0RKdU9uUTVqMEtLZmJrTG41Y25TU0hPZVAzRzJR0gHYAUFVX3lxTE9FX1JSZkx0c3FQbkdQdmZ5cl9yVHNOd2p2R09BczdqWjhoZ1o3STE3RTZqUDktRVN3TjlnWHJpUDItUk40cGQwbHJTLUQ0LUtVNjY2bEdJSDNqZ0VMc0xUbm9uRUdfZHlEdG9PZVdjUHZ4cnZWSkJxMkczaUlwSmRFSjZJdG5aN01fQWZhMjltYmNwTl8tS3g4MHdYbVA1bFFfd0ZfVXppYUFjVUxONGgwVFNoUWNRcmNoSy10RHluVHNZcy12eHUwbW5xY2dRV0ZmbVFkQUx3YQ?oc=5
T-354bc7d40a8b-01,T-354bc7d40a8b,,"Adani Green Energy Wins 1,250 MW Energy Storage Capacity from UPPCL - Adani",UPPCL,Unclassified,1250.0,,Adani Green,,1250.0,,,2025-02-25,2027-02-25,Press report - verify,news sweep,https://news.google.com/rss/articles/CBMisgFBVV95cUxPX084OFFOZG5RanFWdThlbkdKWmxNT3FreTk0ZUc3NmRNaXJCS0U1T3BNUElJUGdDZTJsRENpQVlLRDVkTVpOQkhERzNza3QyT1dKTlZtdVdUMXlHY2VZb1ZjZWlwX1MxdjNHcDl0Z2o3TVJKbk9jTDg3a01CbHkyY3BZelZtbmtwdVphRy01Q2hVSFd3aTlxckZ5cGFPelpVOFhnVkFTaHdGSGphb1kyZWx3?oc=5,https://news.google.com/rss/articles/CBMisgFBVV95cUxPX084OFFOZG5RanFWdThlbkdKWmxNT3FreTk0ZUc3NmRNaXJCS0U1T3BNUElJUGdDZTJsRENpQVlLRDVkTVpOQkhERzNza3QyT1dKTlZtdVdUMXlHY2VZb1ZjZWlwX1MxdjNHcDl0Z2o3TVJKbk9jTDg3a01CbHkyY3BZelZtbmtwdVphRy01Q2hVSFd3aTlxckZ5cGFPelpVOFhnVkFTaHdGSGphb1kyZWx3?oc=5
