run_date,change,Authority,Project Name,field,old,new,Source URL
2026-09-04,NEW,SECI,700 MW ISTS-Connected Solar PV Power Projects in India under TBCB (C&I-1),,,2026-10-05,https://www.seci.co.in/tender-details/YmV_
2026-09-04,NEW,SECI,RfS for Utilization of 100 MWh (50 MW x 2 Hrs.) Standalone Energy Storage System on Short-Term Basis under Tariff-Based Competitive Bidding,,,2026-09-30,https://www.seci.co.in/tender-details/YmVz
2026-09-04,NEW,SECI,Request for Proposals for Selection of Project Developer for setting up of 100 kW Rooftop Solar PV Power Project at NIWE Campus in CAPEX mode (RTSPV-C-T-II),,,2026-09-30,https://www.seci.co.in/tender-details/YmVx
2026-09-04,NEW,SECI,"Selection of Tenant(s) for Renting out the Office space(s) of SECI, along with built-up facilities (Licensed Assets), at the NBCC Complex, East Kidwai Nagar, New Delhi",,,2026-09-30,https://www.seci.co.in/tender-details/YmVw
2026-09-04,NEW,SECI,Request for Empanelment of CERT-In empaneled Auditors for RE Sector,,,2026-09-29,https://www.seci.co.in/tender-details/YmVy
2026-09-04,NEW,SECI,"Tender for Design, Engineering, Supply, Construction, Erection, Testing, Commissioning and Maintenance of 70 MW ISTS Connected Solar PV Power Project paired with 25MW/ 50MWh BESS at Ramagiri, Sri Sathya Sai District, Andhra Pradesh (Package-1: Solar+BESS)",,,2026-09-21,https://www.seci.co.in/tender-details/YmR1
2026-09-04,NEW,SECI,EOI for identification of CO2 sources for Green Urea and RFNBO-Compliant Green Methanol Production in India,,,2026-09-17,https://www.seci.co.in/tender-details/YmRx
2026-09-04,NEW,SECI,Setting up of grid-connected 45.6 MW Wind Power Project (Package 2: Wind),,,2026-09-18,https://www.seci.co.in/tender-details/YmR0
2026-09-04,NEW,SECI,SAP ERP Landscape (ERP 2.0),,,2026-09-16,https://www.seci.co.in/tender-details/YmV1
2026-09-04,NEW,SECI,"Implementation of HRMS Solution (ZOHO) with License, Cloud Hosting, Customization, and Post-Implementation Support",,,2026-09-15,https://www.seci.co.in/tender-details/YmV0
2026-09-04,NEW,SECI,EOI for Engagement with Bulk Power Off-Takers for Long-Term Renewable Energy Power Procurement Facilitated by SECI within India,,,2026-09-15,https://www.seci.co.in/tender-details/YmRz
2026-09-04,NEW,SECI,Request for Proposals for Selection of Project Developer for setting up of Grid connected 922.635 kW Rooftop Solar PV Power Project in CAPEX mode for various Client Organizations (CAPEX-I),,,2026-09-14,https://www.seci.co.in/tender-details/YmV3
2026-09-04,NEW,SECI,"BoS Tender for Setting up of grid-connected 88 MW Ground mounted Solar PV plant at Chitradurga, Karnataka",,,2026-09-10,https://www.seci.co.in/tender-details/Ymd1
2026-09-04,NEW,SECI,RfS for assured Peak Supply of 1000 MWh (500 MW x 2 Hrs.) under CfD Mechanism from ISTS-Connected RE Projects (SECI-CfD-I),,,2026-09-07,https://www.seci.co.in/tender-details/YmZ-
2026-09-04,NEW,SECI,Request for Selection of Collaboration Partner for Trading of Renewable Power available with SECI,,,2026-09-07,https://www.seci.co.in/tender-details/YmRw
2026-09-04,NEW,SECI,"The procurement of Phasor Measurement Unit (PMU) for 100 MW SPV with 40 MW/120 MWh BESS Project at Rajnandgaon, Chhattisgarh",,,2026-09-03,https://www.seci.co.in/tender-details/YmR-
2026-09-04,NEW,SECI,RfS for setting up 5320 kW Grid-Connected Rooftop Solar PV Project under RESCO mode (RTSPV-Tranche-XII),,,2026-08-31,https://www.seci.co.in/tender-details/YmRy
2026-09-04,NEW,SECI,"Selection of Agency for conducting Gap Assessment for compliance with Digital Personal Data Protection Act, 2023 at SECI",,,2026-08-31,https://www.seci.co.in/tender-details/YmV2
2026-09-04,NEW,NHPC,Purchase of urgent spare parts (Level Sensor) for AWLR (Automatic Water Level Recorder) of EWS (Early Warning System) installed at Melli and Chapma G&D site.,,,,https://www.nhpcindia.com/welcome/tender
2026-09-04,NEW,NHPC,"Procurement of ""power cables"" of various capacities for the Switchyard Division, Salal Power Station",,,,https://www.nhpcindia.com/welcome/tender
2026-09-04,NEW,NHPC,"Purchase of video conferencing cameras, video conferencing setups and accessories",,,,https://www.nhpcindia.com/welcome/tender
2026-09-04,NEW,NHPC,Purchase Of Workstation,,,,https://www.nhpcindia.com/welcome/tender
2026-09-04,NEW,NHPC,Repair of CFRD Dam Face of Dhauliganga Power Station,,,,https://www.nhpcindia.com/welcome/tender
2026-09-04,NEW,NHPC,Rubber Seals and Fasteners for replacement in HRT Adit Plug end Gates and SFT Gates installed,,,,https://www.nhpcindia.com/welcome/tender
2026-09-04,NEW,NHPC,Running and Maintenance of School Building at Loktak Power Station for a period of two (02) years.,,,,https://www.nhpcindia.com/welcome/tender
2026-09-04,NEW,NHPC,"Running &amp; Maintenance,upkeeping and housekeeping of VIP Guest House,Community/Club Hall, Training Hall, Field Hostels, Transit camp and HoP Residence at Loktak Power Station, Loktak for a period of 02 years",,,,https://www.nhpcindia.com/welcome/tender
2026-09-04,NEW,NHPC,Protection/Security Fencing of New Integrated TRT Gate of Chamera Power Station -1.,,,,https://www.nhpcindia.com/welcome/tender
2026-09-04,NEW,NHPC,General Up-Keeping and House Keeping of Power House Complex at TLD-III Power Station,,,,https://www.nhpcindia.com/welcome/tender
2026-09-04,NEW,NHPC,Reconstruction of the damaged Geo Green soil stabilization structure behind the GIS. ( E-Office No.: 163360),,,,https://www.nhpcindia.com/welcome/tender
2026-09-04,NEW,NHPC,"Repair, Painting and Misc. Works of Police Thana Building, CPS-1, Khairi.",,,,https://www.nhpcindia.com/welcome/tender
2026-09-04,NEW,NHPC,"Dismantling, Replacement and Fitting i.e. installation, commissioning & testing of seals for spillway radial gates at Nimoo Bazgo Power Station.”.",,,,https://www.nhpcindia.com/welcome/tender
2026-09-04,NEW,NHPC,Purchase of Brazing items for Hydro Generator of Salal Power Station,,,,https://www.nhpcindia.com/welcome/tender
2026-09-04,NEW,NHPC,Purchase of 2000 meter AAC Tarantula Conductor for switchyard of Salal Power Station,,,,https://www.nhpcindia.com/welcome/tender
2026-09-04,NEW,NHPC,"Supply, Erection, testing and commissioning of Firefighting Pipe line at Runner and Turbine floor of Uri-II Power House",,,,https://www.nhpcindia.com/welcome/tender
2026-09-04,NEW,NHPC,Comprehensive AMC for a period of two year of 3 Nos Okaya Make CCS2 Single Gun Chargers from Ms Okaya Power Pvt Ltd,,,,https://www.nhpcindia.com/welcome/tender
2026-09-04,NEW,NHPC,"Spreading of Aggregate in the Switchyard Area at Nimoo Bazgo Power Station, Alchi, Leh",,,,https://www.nhpcindia.com/welcome/tender
2026-09-04,NEW,NHPC,सेवा-II पावर हाउस के ऑयल फिल्टरेसन प्लांट (Oil filtration Plant Alfa Laval make MMB-304S) के स्पेयर्स की खरीद हेतु।,,,,https://www.nhpcindia.com/welcome/tender
2026-09-04,NEW,NHPC,Purchase of Filter Elements for Simplex filters of Cooling Water System of Sewa-II Power House,,,,https://www.nhpcindia.com/welcome/tender
2026-09-04,NEW,NHPC,Purchase of spares for Drainage and Dewatering Pumps for Power House of Sewa-II Power Station,,,,https://www.nhpcindia.com/welcome/tender
2026-09-04,NEW,NHPC,"Retrofitting (including supply and fabrication) of the Cooling Pipe Lines, after Dismantling of the existing Cooling Pipe Lines, of the Generator Transformers of Salal Power Station",,,,https://www.nhpcindia.com/welcome/tender
2026-09-04,NEW,NHPC,Repair and HP-HVOF Coating of 01 No Runner of 77 MW Francis Hydro-turbine (Unit#3) of Chamera-III Power Station during FY 2026-27”(Comp. No.:169791),,,,https://www.nhpcindia.com/welcome/tender
2026-09-04,NEW,NHPC,Purchase of Welding Electrodes for the Power house of TLD-III Power Station,,,,https://www.nhpcindia.com/welcome/tender
2026-09-04,NEW,NHPC,"Automation of Drainage, Dewatering, Makeup Tank, Fire Tank, Shaftsheal Tank & Turbine Pits at TLDP-3 Power House",,,,https://www.nhpcindia.com/welcome/tender
2026-09-04,NEW,NHPC,"R and M and Up-keeping works of entire medical division Loktak and Leimatak Hospital, Physiotherapy Unit at Loktak and Leimatak Hospital, Ithai Barrage and Jeevan Nagar Dispensary) of Loktak Power Station, NHPC Limited, Manipur i.r.o. Un-skilled category for the period of 02 years.",,,,https://www.nhpcindia.com/welcome/tender
2026-09-04,NEW,NHPC,Purchase of SITC of 6000 LPH transformer oil filtration plant with spares,,,,https://www.nhpcindia.com/welcome/tender
2026-09-04,NEW,NHPC,Purchase of PECON Electronics Transformer Protection relay for Power House of TLD-III Power Station.,,,,https://www.nhpcindia.com/welcome/tender
2026-09-04,NEW,NHPC,Purchase of hydro-mechanical maintenance tools and consumables for the maintenance of hydro-mechanical equipment at the Sewa-II Dam,,,,https://www.nhpcindia.com/welcome/tender
2026-09-04,NEW,NHPC,"Laying of Pipeline with Thermal Lagging & Electrical Heat Tracing for Makeup Tank of Secondary Cooling water system from Powerhouse to Switchyard at NBPS, Alchi, Leh, Ladakh",,,,https://www.nhpcindia.com/welcome/tender
2026-09-04,NEW,NHPC,"Preventive Maintenance & AMC of Hydraulic system at Dam site, Chamera-III Power Station (As per attached scope of work and Special Conditions of Contract).",,,,https://www.nhpcindia.com/welcome/tender
2026-09-04,NEW,NHPC,"Supply & Installation of Thermal Lagging Insulation with Aluminium Cladding on Closed Loop Cooling Water Pipelines for Generating Units & Various Pipelines at Butterfly Valve House of Kishanganga Power Station, Bandipora (J&K) (PKG-606).",,,,https://www.nhpcindia.com/welcome/tender
2026-09-04,NEW,NHPC,"Running and Maintenance of Sector-A & F Colony, TLD-III PS, Rambi",,,,https://www.nhpcindia.com/welcome/tender
2026-09-04,NEW,NHPC,Purchase of 45Ton Gantry Crane with lifting beam.,,,,https://www.nhpcindia.com/welcome/tender
2026-09-04,NEW,NHPC,Purchase of Generator/Stator Air Cooler for generating units of Uri-II Power House.,,,,https://www.nhpcindia.com/welcome/tender
2026-09-04,NEW,NHPC,Construction of protection wall along the right bank of reservoir near the Bazgo Village from 138.00 to 238.00m,,,,https://www.nhpcindia.com/welcome/tender
2026-09-04,NEW,NHPC,Supply and Installation of Crash Rated Hydraulic Bollards at Nimoo Bazgo Power Station,,,,https://www.nhpcindia.com/welcome/tender
2026-09-04,NEW,NHPC,Purchase of Gasoline Engine Operated Portable Hydraulic power pack for operation of Radial gates of DAM at Parbati -3 Power Station,,,,https://www.nhpcindia.com/welcome/tender
2026-09-04,NEW,NHPC,"Design, Engineering, Installation and commissioning of 04 Nos servo Valve based Digital Governing system and dismantling of existing governing system in all the four units of 520 MW Parbati-III Power station",,,,https://www.nhpcindia.com/welcome/tender
2026-09-04,NEW,NHPC,AMC of 02 nos HP and 02 nos LP Compressors of Ingersoll Rand make installed at Uri II Power house for a period of 2 years,,,,https://www.nhpcindia.com/welcome/tender
2026-09-04,NEW,NHPC,Supply of Transformer Insulating oil confirming to IEC-60296/IS-335 (eOffice-167044),,,,https://www.nhpcindia.com/welcome/tender
2026-09-04,NEW,NHPC,"Overhauling and Maintenance of LT Air Circuit Breakers, 11KV & 36 KV VCB (Vacuum Circuit Breaker) of Sewa-II Power Station.",,,,https://www.nhpcindia.com/welcome/tender
2026-09-04,NEW,NHPC,Repair of 03 sets of generator slip ring collector assemblies for the Sewa-II Power Station (SC-743),,,,https://www.nhpcindia.com/welcome/tender
2026-09-04,NEW,NHPC,Hydro-mechanical Works for All Gates and Pressure Shaft Liners for the implementation of the 240 MW Uri-I Stage-II H.E Project,,,,https://www.nhpcindia.com/welcome/tender
2026-09-04,NEW,NHPC,Construction of a 338 KL Capacity SMC (Sheet Molding Compound) Panel Water Tank at Surangani Colony,,,,https://www.nhpcindia.com/welcome/tender
2026-09-04,NEW,NHPC,"Procurement of Runner, Guide Vane, Bush Housing (Upper & Lower) Set, Pivot Ring, Top Cover & Upper Stationary Labyrinth for Parbati-III Power Station",,,,https://www.nhpcindia.com/welcome/tender
2026-09-04,NEW,NHPC,Purchase of Contact Resistance Measuring (CRM) Kit for Power House of TLD-III Power Station.,,,,https://www.nhpcindia.com/welcome/tender
2026-09-04,NEW,NHPC,Protective Epoxy coating on Power House Equipments at Sewa-II Power Station (MW-746),,,,https://www.nhpcindia.com/welcome/tender
2026-09-04,NEW,NHPC,Purchase of HP-HVOF Coated Stationary Labyrinths (02 nos Upper & 02 nos Lower) along with Fasteners for Parbati-III Power Station,,,,https://www.nhpcindia.com/welcome/tender
2026-09-04,NEW,NHPC,"Repairing &amp;amp;amp; Maintenance of damaged existing water drain &amp;amp;amp; gabion structure located at upper side of Left and Right Bank of Baira Dam, Baira Siul Power Station",,,,https://www.nhpcindia.com/welcome/tender
2026-09-04,NEW,NHPC,Annual Maintenance of 02 No. Unit of Sewa-II Power House (3X40MW) for the period of 02 year (i.e. 2026-27 & 2027-28) and Replacement of 01 Nos. maintenance seal of MIV of Unit#2 & Runner/Mirror Disc of Thrust Guide bearing of Unit#1. (MW-745),,,,https://www.nhpcindia.com/welcome/tender
2026-09-04,NEW,NHPC,"Supply, Installation, Testing and Commissioning (SITC) of Synchronization Check Relay, including the upgradation of the existing manual synchronization check scheme at Sewa-II Power Station",,,,https://www.nhpcindia.com/welcome/tender
2026-09-04,NEW,NHPC,Running & Maintenance of Water Supply from Sector A to Sector F of TLD-III Power Station.,,,,https://www.nhpcindia.com/welcome/tender
2026-09-04,NEW,NHPC,"Renewal/recertification of the Integrated Management System &#40;IMS&#41; license – IS/ISO 9001:2015, 14001:2015 & 45001:2018 for the Regional Office, Chandigarh",,,,https://www.nhpcindia.com/welcome/tender
2026-09-04,NEW,NHPC,"Running and Maintenance Services of Central Store, TLD-III P.S., Rambi",,,,https://www.nhpcindia.com/welcome/tender
2026-09-04,NEW,NHPC,Annual Maintenance Contract for Mahindra Make 320 KVA DG Set,,,,https://www.nhpcindia.com/welcome/tender
2026-09-04,NEW,NHPC,Repair (re-babbitting) of old & used various types of bearing pads of the hydro-generator at Salal Power Station.,,,,https://www.nhpcindia.com/welcome/tender
2026-09-04,NEW,NHPC,Performing work of watch and ward of Automatic water level recorder and measurement of velocity of river at upstream G&amp;amp;D site of Tanakpur Barrage,,,,https://www.nhpcindia.com/welcome/tender
2026-09-04,NEW,NHPC,Providing the Security Services at different areas/locations of Tanakpur Power Station for Two years,,,,https://www.nhpcindia.com/welcome/tender
2026-09-04,NEW,NHPC,"Purchase of strainers or filter elements for primary cooling, secondary cooling, and fire-fighting systems of TLD-III Power Station.",,,,https://www.nhpcindia.com/welcome/tender
2026-09-04,NEW,NHPC,"ONLINE VIBRATION MONITORING SYSTEM WITH ALL ACCESSORIES, SOFTWARES AND MANDATORY SPARES",,,,https://www.nhpcindia.com/welcome/tender
2026-09-04,NEW,NHPC,Purchase of Lower Rotating Labyrinth as per Drawing No. HINUR2 20MEALD32211 for Uri-II Power Station,,,,https://www.nhpcindia.com/welcome/tender
2026-09-04,NEW,NHPC,Supply of items for M.S Anti-Jet Seal Assembly and its Fitting (installation and commissioning) for M.S. Lintel Beam of Spillway Radial Gate No. 2 at Dam of Uri-II Power Station,,,,https://www.nhpcindia.com/welcome/tender
2026-09-04,NEW,NHPC,Two Years Maintenance Contact of Biometric Attendance System for the year 2026-27 and 2027-28.,,,,https://www.nhpcindia.com/welcome/tender
2026-09-04,NEW,NHPC,"Repair of Bituminous road and Bituminous parking Area in NHPC Residential Complex, Sector-41, Faridabad",,,,https://www.nhpcindia.com/welcome/tender
2026-09-04,NEW,NHPC,Purchase of Networking Switches,,,,https://www.nhpcindia.com/welcome/tender
2026-09-04,NEW,NHPC,Laser shaft alignment of Cooling water system Pump-Motor set & HVAC system Pump-Motor set of Sewa-II Power Station (SC-742),,,,https://www.nhpcindia.com/welcome/tender
2026-09-04,NEW,NHPC,"Upgradation/ Renovation of lane and drain from GREF road to Mela ground, Bani under CSR-SD scheme (CSR-711)",,,,https://www.nhpcindia.com/welcome/tender
2026-09-04,NEW,NHPC,Purchase of Security Surveillance System consisting of 96 channels NVR with 80 TB HDD and IP CCTV camera,,,,https://www.nhpcindia.com/welcome/tender
2026-09-04,NEW,NHPC,Purchase of Wall Mounted Fan at Salal Power Station,,,,https://www.nhpcindia.com/welcome/tender
2026-09-04,NEW,NHPC,Purchase of various types of fasteners required for the repair and maintenance activities of all hydro-mechanical gates at hydro-mechanical unit of Salal Power Station,,,,https://www.nhpcindia.com/welcome/tender
2026-09-04,NEW,NHPC,Repair of HR bridge road and CC Road on Left afflux bund of Tanakpur Power Station,,,,https://www.nhpcindia.com/welcome/tender
2026-09-04,NEW,NHPC,"Service Contract for Running and maintenance of Kendriya Vidyalaya at Sector-A, TLD-III Power Station.",,,,https://www.nhpcindia.com/welcome/tender
2026-09-04,NEW,NHPC,NIT No. :,,,,https://www.nhpcindia.com/welcome/tender
2026-09-04,NEW,NHPC,Operation And Maintenance Of Other Machines And Plants Internal inspection troubleshooting repair and rectification work of single phase GSU Transformers 11 220 route 3kV 32 MVA operating at Chamera 3 Power Station Dharwala (Computer No. 147622),,,,https://www.nhpcindia.com/welcome/tender
2026-09-04,NEW,NHPC,"Hiring of services for operation & maintenance of Kishanganga Dam Toe Power House (3x0.8 MW), KGPS, Gurez, Bandipora, J & K for 02 (two) years (PKG- 602)",,,,https://www.nhpcindia.com/welcome/tender
2026-09-04,NEW,NHPC,"Providing services like preparation of tea, snacks, food etc. inside Power House of KGPS, Bandipora (J&K) for 02 (two) years (PKG- 601)",,,,https://www.nhpcindia.com/welcome/tender
2026-09-04,NEW,NHPC,Annual procurement of LED lights for the Sewa-II Power Station.,,,,https://www.nhpcindia.com/welcome/tender
2026-09-04,NEW,NHPC,Removal of Silt in front of intake gates includes cleaning of Trash Rack during Flushing of TLD-III reservoir in year 2026.,,,,https://www.nhpcindia.com/welcome/tender
2026-09-04,NEW,NHPC,Engagement of Consultant for Review AND Testing of the operating efficiency of Existing Internal Financial Control (IFC) System of NHPC Ltd for the FY 2026-2027,,,,https://www.nhpcindia.com/welcome/tender
2026-09-04,NEW,NHPC,Purchase of 01 No. Bus (32+1 Seater) for Rangit Power Station,,,,https://www.nhpcindia.com/welcome/tender
2026-09-04,NEW,NHPC,Running and Maintainance of Housekeeping and other related Services for CISF for 2 Years,,,,https://www.nhpcindia.com/welcome/tender
2026-09-04,NEW,NHPC,Running and Maitainance of Silt Lab cum transit camp building along with pantry at left bank of Barrage for 2 Years,,,,https://www.nhpcindia.com/welcome/tender
2026-09-04,NEW,NHPC,Running and Maintainance of Cleaning and Sweeping of road and drain from NH-10 (Y-Junction) to Power House/ Barrage for 2 Years,,,,https://www.nhpcindia.com/welcome/tender
2026-09-04,NEW,NHPC,Providing Railing and Drainage work in Adit#3 at Uri-II Power Station,,,,https://www.nhpcindia.com/welcome/tender
2026-09-04,NEW,NHPC,Custom Bid for Services - Running and maintainance of Cleaning and Maintenance of Barrage Structure for 2 years,,,,https://www.nhpcindia.com/welcome/tender
2026-09-04,NEW,NHPC,"Performing day to day cleaning of Store premises & store assistance of Central Store, Tanakpur Power Station, Banbasa for the period of two years. (This tender is reserved for PAFs/ Locals)",,,,https://www.nhpcindia.com/welcome/tender
2026-09-04,NEW,NHPC,SITC of Large Video Screen (LVS) for Power House Control Room of Parbati-III Power Station,,,,https://www.nhpcindia.com/welcome/tender
2026-09-04,NEW,NHPC,Purchase of Sliding Ring of Shaft Seal for the power house of TLD-III Power station.,,,,https://www.nhpcindia.com/welcome/tender
2026-09-04,NEW,NHPC,Retrofit of 11KV Incomer with cradle type circuit breaker arrangement within the existing U# 2 income,,,,https://www.nhpcindia.com/welcome/tender
2026-09-04,NEW,NHPC,"Re-earthing of Residential Buildings, Office Buildings and Institutional Buildings (School &amp;amp;amp;amp;amp;amp;amp; Hospital) at Rangit Nagar Colony",,,,https://www.nhpcindia.com/welcome/tender
2026-09-04,NEW,NHPC,"Balance works of Construction of Permanent office building at Left bank, NBPS Colony, Alchi, Leh, UT-Ladakh.",,,,https://www.nhpcindia.com/welcome/tender
2026-09-04,NEW,NHPC,"Repairing & Re-babbitting of Damaged TGB shell of Generating unit of Kishanganga Power Station, Bandipora (J&K) (PKG-604)",,,,https://www.nhpcindia.com/welcome/tender
2026-09-04,NEW,NHPC,"Supply, Fabrication, Repair and Replacement of (4 Nos.) damaged Trash rack panels at Intake fore bay Trash Racks after dismantling of damaged part/portion of existing panel at Intake structure of Uri-II Power Station",,,,https://www.nhpcindia.com/welcome/tender
2026-09-04,NEW,NHPC,"Purchase of Electrocardiography (ECG) Machine (V2) (Q2) , Resuscitation crash cart console for hospitals (V2) (Q2)",,,,https://www.nhpcindia.com/welcome/tender
2026-09-04,NEW,NHPC,Hiring of 40+1 Seater Bus from PAF of Uri Power Station,,,,https://www.nhpcindia.com/welcome/tender
2026-09-04,NEW,NHPC,Hiring of Various Types of MUVs/SUVs as an inspection vehicle for CISF Security Perssonel,,,,https://www.nhpcindia.com/welcome/tender
2026-09-04,NEW,NHPC,Renovation of electrical installation at Type-IIB Quarters (20 Nos.) at Right Bank,,,,https://www.nhpcindia.com/welcome/tender
2026-09-04,NEW,NHPC,Upgradation of Existing Ventilation System in Power House of Uri Power Station,,,,https://www.nhpcindia.com/welcome/tender
2026-09-04,NEW,NHPC,Construction of gate and fencing around the Dam site area at Barshaini of Parbati-II Power Station (Package No-C-881),,,,https://www.nhpcindia.com/welcome/tender
2026-09-04,NEW,NHPC,"Renovation of Entrance Lobby of the HOP Office, Teesta-VI H.E. Project at Ground Floor of Administrative Building of Teesta-V Power Station, Balutar, Sikkim",,,,https://www.nhpcindia.com/welcome/tender
2026-09-04,NEW,NHPC,"Repair and Painting of A-type Quarters (permanent), 30 Blocks at Upper Samleu Colony, CPS1, Khiari.",,,,https://www.nhpcindia.com/welcome/tender
2026-09-04,NEW,NHPC,Purchase of 01 no. of 90 kW KSB make submersible pump for power house of TLD-III Power Station.,,,,https://www.nhpcindia.com/welcome/tender
2026-09-04,NEW,NHPC,"Protection work near Surge Shaft at Uri-II Power Station, Baramulla, JK",,,,https://www.nhpcindia.com/welcome/tender
2026-09-04,NEW,NHPC,"Restoration of Switchyard Area of Nimoo Bazgo Power Station, Alchi, Leh, Ladakh",,,,https://www.nhpcindia.com/welcome/tender
2026-09-04,NEW,NHPC,Purchase of 02 nos Transformer Heat Exchangers/ Oil coolers with Leak Detector for 50 MVA GSU Transformer.,,,,https://www.nhpcindia.com/welcome/tender
2026-09-04,NEW,NHPC,Re-Babbitting on 03 nos Turbine Guide Bearing shells of Dhauliganga power station,,,,https://www.nhpcindia.com/welcome/tender
2026-09-04,NEW,NHPC,Purchase of Spares for BAUER Kompressoren Make HP Compressors of Uri Power Station,,,,https://www.nhpcindia.com/welcome/tender
2026-09-04,NEW,NHPC,"Repair, Plastering, Painting and Provision of Crash Barriers on Rockfill Dam at Salal Power Station.",,,,https://www.nhpcindia.com/welcome/tender
2026-09-04,NEW,NHPC,"Supply and Installation of Heavy Duty Warning / Caution Boards along the River, Parbati-III Power Station",,,,https://www.nhpcindia.com/welcome/tender
2026-09-04,NEW,NHPC,Supply of All in One PC for Chamera-III Power Station. (Computer No. 168656),,,,https://www.nhpcindia.com/welcome/tender
2026-09-04,NEW,NHPC,Supply and Installation with CAMC of 05 Years for Strong Motion Accelerometer (Accelerograph) at NBPS Dam based on DSA-2021 at NBPS Alchi,,,,https://www.nhpcindia.com/welcome/tender
2026-09-04,NEW,NHPC,Empanelment of Firms/LLPs of Chartered Accountants (CA) / Cost Accountants (CMA) for appointment as GST Auditors for the Financial Year FY 2025-26 to 2028-29,,,,https://www.nhpcindia.com/welcome/tender
2026-09-04,NEW,NHPC,"Additional Geological / Geotechnical investigations for Sawalkote H.E. Project, Tanger, District- Ramban, Jammu and Kashmir",,,,https://www.nhpcindia.com/welcome/tender
2026-09-04,NEW,NHPC,"Repair and renovation of Transit camp and misc work at Dam site, Teesta-V Power Station",,,,https://www.nhpcindia.com/welcome/tender
2026-09-04,NEW,NHPC,Construction of protection wall along the right bank of reservoir near the Bazgo Village from RD 0.00 to 138.00m,,,,https://www.nhpcindia.com/welcome/tender
2026-09-04,NEW,NHPC,"Annual Maintenance of Two Nos. Hydro-generating units (Pelton Turbine) along with Runner replacement in Unit#3 and MIV Service Seal replacement of Unit#1 of 3X110 MW Kishanganga Power Station, J & K (Pkg.-600).",,,,https://www.nhpcindia.com/welcome/tender
2026-09-04,NEW,NHPC,"Drilling of drainage holes in the Power House drainage gallery of Kishanganga Power Station, Bandipora, J&K (PKG-593)",,,,https://www.nhpcindia.com/welcome/tender
2026-09-04,NEW,NHPC,"Construction of 3 Nos. New Morchas at Power House, Kishanganga Power Station, Bandipora, J&K (PKG-597)",,,,https://www.nhpcindia.com/welcome/tender
2026-09-04,NEW,NHPC,"Procurement of AED (Automated External Defibrillator) Equipment for the Project Hospital, Chamera Power Station-I, Khairi.",,,,https://www.nhpcindia.com/welcome/tender
2026-09-04,NEW,NHPC,"Service, Repair and AMC of ACs, Deep Freezers and Refrigerators at Chamera Power Station-I",,,,https://www.nhpcindia.com/welcome/tender
2026-09-04,NEW,NHPC,Annual Maintenance for the year 2026-27 and Monsoon maintenance for the year 2027-28 of all three generating units of Chamera Power Station-1.,,,,https://www.nhpcindia.com/welcome/tender
2026-09-04,NEW,NHPC,Procurement of 2.0 Ton Air Conditioners for Officers Club and Auditorium,,,,https://www.nhpcindia.com/welcome/tender
2026-09-04,NEW,NHPC,"Repair and Renovation of Project Dispensary, Sub-station building at Samdong Colony and providing rain shed above staircase at Samdong and Dikchu Transit camp of Teesta V Power Station, Sikkim.",,,,https://www.nhpcindia.com/welcome/tender
2026-09-04,NEW,NHPC,"Protection Works for Hill Slope Stabilisation of Right and Left banks of Kishanganga Dam, Kishanganga Power Station, Gurez, Bandipora, J&amp;amp;amp;K (PKG- 603)",,,,https://www.nhpcindia.com/welcome/tender
2026-09-04,NEW,NHPC,"Slope Protection of Right Bank hill slope of CFRD at RD 17m (U/S) to RD 42m (U/S) near Main Dam Entrance Gate by Providing Concrete Cladding Walls, Dam Site Gurez, KGPS, Bandipora, J&K (Pkg-599)",,,,https://www.nhpcindia.com/welcome/tender
2026-09-04,NEW,NHPC,"Construction of Children’s Park at Permanent B-Type area at NHPC Colony, Kishanganga Power Station, Bandipora, J&K (PKG-595).",,,,https://www.nhpcindia.com/welcome/tender
2026-09-04,NEW,NHPC,"Cladding of existing wire crate protection wall at switchyard, Baira Siul Power Station Surangani",,,,https://www.nhpcindia.com/welcome/tender
2026-09-04,NEW,NHPC,"Development of 2 Nos of Bore wells for water supply at New Apali colony, Dibang Multipurpose project",,,,https://www.nhpcindia.com/welcome/tender
2026-09-04,NEW,NHPC,Purchase of LED Lights,,,,https://www.nhpcindia.com/welcome/tender
2026-09-04,NEW,NHPC,Purchae of Street light panel,,,,https://www.nhpcindia.com/welcome/tender
2026-09-04,NEW,NHPC,Empanelment of Law Firms for Handling Arbitration Related Matters,,,,https://www.nhpcindia.com/welcome/tender
2026-09-04,NEW,NHPC,Supply of Double Bed for Dharwala Field Hostel at Chamera-III Power Station. (as per attached technical specifications). (Computer No. 164182),,,,https://www.nhpcindia.com/welcome/tender
2026-09-04,NEW,NHPC,"Calibration Services - Mechanical, Electrical; Calibration of ElectricalMechanical Instruments of Power House at ChameraIII Power Station; NABL Labs; Buyer premises (onsite). (Computer No. 169642)",,,,https://www.nhpcindia.com/welcome/tender
2026-09-04,NEW,NHPC,ONSITE REPAIR OF 01 SET [20 NOS] OF GUIDE VANES OF URI POWER STATION FOR YEAR 2026-27.,,,,https://www.nhpcindia.com/welcome/tender
2026-09-04,NEW,NHPC,AMC of Xerox Photocopier Machine,,,,https://www.nhpcindia.com/welcome/tender
2026-09-04,NEW,NHPC,Empanelment of vendors/ book suppliers/publishers supply of books and other reading material to Central Library on prescribed terms and conditions.,,,,https://www.nhpcindia.com/welcome/tender
2026-09-04,NEW,NHPC,Purchase of Spares for C-Sec Make Breakers of Uri Power Station,,,,https://www.nhpcindia.com/welcome/tender
2026-09-04,NEW,NHPC,Purchase of Solenoid Valve and Hydraulic Hose Pipes for Uri Power Station,,,,https://www.nhpcindia.com/welcome/tender
2026-09-04,NEW,NHPC,Hiring of vehicle for KHEP,,,,https://www.nhpcindia.com/welcome/tender
2026-09-04,NEW,NHPC,Purchase of Total station for Teesta Low Dam-III Power Station.,,,,https://www.nhpcindia.com/welcome/tender
2026-09-04,NEW,NHPC,Supply and Installation of digital type loadcell based Overload and Slack protection me chanism for various hoists/ gantry cranes installed at various locations of Chamera‐III Pow er Station.(E‐Office no.: 167653),,,,https://www.nhpcindia.com/welcome/tender
2026-09-04,NEW,NHPC,"Annual Repair and Maintenance of Electrical Installation, up keeping of DG sets installed at Nowpora, Salamabad and Bandi, Operation and maintenance of communication network, 11 KV HT Line and 415 V LT lines of Uri-II Power Station",,,,https://www.nhpcindia.com/welcome/tender
2026-09-04,NEW,NHPC,Purchase of Filter Elements for Uri Power Station.,,,,https://www.nhpcindia.com/welcome/tender
2026-09-04,NEW,NHPC,Purchase of Various Essential Items related to Line Maintenance.,,,,https://www.nhpcindia.com/welcome/tender
2026-09-04,NEW,NHPC,Purchase of Induction motors,,,,https://www.nhpcindia.com/welcome/tender
2026-09-04,NEW,NHPC,Purchase of seal kit and guide ring for Radial Gates at Teesta Low Dam-III Power Station.,,,,https://www.nhpcindia.com/welcome/tender
2026-09-04,NEW,NHPC,Purchase of 10 HP Submersible pump for TLD III Power Station.,,,,https://www.nhpcindia.com/welcome/tender
2026-09-04,NEW,NHPC,Replacement of temporary quarter with permanent quarter at Rangit Nagar Colony,,,,https://www.nhpcindia.com/welcome/tender
2026-09-04,NEW,NHPC,Annual Maintenance Contract (AMC) for Comprehensive Operation &amp;amp; Maintenance (O&amp;amp;M) of 50 KWp Small Solar Power Plant at Uri Power Station for 2 Years,,,,https://www.nhpcindia.com/welcome/tender
2026-09-04,NEW,NHPC,"Purchase of CCTV for Library at NHPC Colony, Faridabad.",,,,https://www.nhpcindia.com/welcome/tender
2026-09-04,NEW,NHPC,Providing services for Operation of Dam Control Room of Parbati-III Power Station for Period of Two Years,,,,https://www.nhpcindia.com/welcome/tender
2026-09-04,NEW,NHPC,"Upkeeping and R&amp;M of Building Colony at Leimatak Loktak Project, NHPC Limited for the period of 02 (two) years.",,,,https://www.nhpcindia.com/welcome/tender
2026-09-04,NEW,NHPC,Purchase of Self Lubricating Bushes for Guide Vanes of 4X130 MW Parbati-III PS,,,,https://www.nhpcindia.com/welcome/tender
2026-09-04,NEW,NHPC,Erection/laying of 11 KV HT cables on overhead line on Existing Poles & Dismantling of Existing Line,,,,https://www.nhpcindia.com/welcome/tender
2026-09-04,NEW,NHPC,"Procurement of Owner Controlled All Risk Insurance Policy (CAR &amp;amp;amp;amp;amp; EAR) Policy along with Terrorism and Third Party Liability for Dulhasti Stage-II HE Project, NHPC Ltd",,,,https://www.nhpcindia.com/welcome/tender
2026-09-04,NEW,NHPC,"Purchase of Tower AC of 2 Ton capacity, Split Industrial AC of 2 Ton capacity",,,,https://www.nhpcindia.com/welcome/tender
2026-09-04,NEW,NHPC,Purchase of A4 size paper,,,,https://www.nhpcindia.com/welcome/tender
2026-09-04,NEW,NHPC,Insurance coverage for outstanding House Building Advance under NHPC Employees (HBA) Group Insurance Scheme for a period of one year (14.09.2026 to 13.09.2027),,,,https://www.nhpcindia.com/welcome/tender
2026-09-04,NEW,NHPC,"Repair of damaged platform, plinth surface, drain, railing at Type-I (P), Type-II (P) & Type-II (T) blocks and development of approach path, vehicle parking shed near Type-I (P) blocks with other miscellaneous works at residential complex, Rangit Power Station",,,,https://www.nhpcindia.com/welcome/tender
2026-09-04,NEW,NHPC,Construction of a new retaining wall in place of the damaged retaining wall on the road from the hydrogen plant to the Surge Shaft (Comp. No.:163077),,,,https://www.nhpcindia.com/welcome/tender
2026-09-04,NEW,NHPC,"Replacement of Damaged Parts of HVAC System at Power House, Teesta-V Power Station.",,,,https://www.nhpcindia.com/welcome/tender
2026-09-04,NEW,NHPC,Purchase of 40 nos. of LED TV for various Field Hostels of DMPP.,,,,https://www.nhpcindia.com/welcome/tender
2026-09-04,NEW,NHPC,Repair & Painting work of Bal Vidya Mandir situated at new Colony of Loktak Power Station.,,,,https://www.nhpcindia.com/welcome/tender
2026-09-04,NEW,NHPC,"Supply, Installation, Testing and Commissioning of Secondary Cooling Centrifugal Water Pump Motor Set of Power House at Nimoo Bazgo Power Station, Alchi, Distt. Sham, Ladakh",,,,https://www.nhpcindia.com/welcome/tender
2026-09-04,NEW,NHPC,Supply of Curtains (V2) (Q3) and Curtain Pipes (Q4),,,,https://www.nhpcindia.com/welcome/tender
2026-09-04,NEW,NHPC,Supply of Stainless Steel Jugs (Q3) and Pillows (Q3),,,,https://www.nhpcindia.com/welcome/tender
2026-09-04,NEW,NHPC,"Supply of Wall Clocks (Battery Operated) (V2) Conforming to IS 12510 (Q4) , HDPE Buckets (V2) Conforming to IS 3730 (Q4) and Waste Containers (V3) (Q4)",,,,https://www.nhpcindia.com/welcome/tender
2026-09-04,NEW,NHPC,Supply of bathroom mats (Q3) and door mats (Q3),,,,https://www.nhpcindia.com/welcome/tender
2026-09-04,NEW,NHPC,Purchase of Motorized Gate Valve (Size 400mm) with Actuator for Salal Power Station,,,,https://www.nhpcindia.com/welcome/tender
2026-09-04,NEW,NHPC,"Design, Engineering, Procurement and Construction of Power house and Associated Works for 640 MW (8×80 MW) ISP–OSP Pumped Storage Project (Package -I Civil Works)",,,,https://www.nhpcindia.com/welcome/tender
2026-09-04,NEW,NHPC,"Supply and Installation of Furniture Items at Siang Lower H.E Project, Pasighat",,,,https://www.nhpcindia.com/welcome/tender
2026-09-04,NEW,NHPC,Supply and Installation of Dressing Table (Q3) and Bed side Table (Q3),,,,https://www.nhpcindia.com/welcome/tender
2026-09-04,NEW,NHPC,Supply of Cloth Dryer Stands (Q3),,,,https://www.nhpcindia.com/welcome/tender
2026-09-04,NEW,NHPC,"Repairing, Painting, and Increasing Height of Overhead Water Tanks in Pasighat Complex of Siang Lower Project at Pasighat",,,,https://www.nhpcindia.com/welcome/tender
2026-09-04,NEW,NHPC,Borrowing of upto Rs. 2000 crore through Term Loan from Banks/ Financial Institutions,,,,https://www.nhpcindia.com/welcome/tender
2026-09-04,NEW,NHPC,NH/CCW/CC-II/CO-469/PR16526/7,,,,https://www.nhpcindia.com/welcome/tender
2026-09-04,NEW,NHPC,Purchase of various types of valves for the power house of Teesta Low Dam-III Power station,,,,https://www.nhpcindia.com/welcome/tender
2026-09-04,NEW,NHPC,Insurance coverage of outstanding Children Higher Education Advance under NHPC Employees Children Higher Education Advance Group Insurance Scheme” for a period of one year from 19.09.2026 to 18.09.2027,,,,https://www.nhpcindia.com/welcome/tender
2026-09-04,NEW,NHPC,Repair Work of Two Set (48 Nos) of Guide Vane of Salal Power Station.,,,,https://www.nhpcindia.com/welcome/tender
2026-09-04,NEW,NHPC,Purchase case of C&S make Air Circuit Breakers (ACB) for Station Service Board (SSB) and Unit Auxiliary Board (UAB) installed at Powerhouse of Sewa-II Power Station.,,,,https://www.nhpcindia.com/welcome/tender
2026-09-04,NEW,NHPC,"Protection work of Kaura Bridge abutment and its return wall at RD 2200 of Project Access Road, Sawalkote HE Project, Tanger, Dist-Ramban, Jammu and Kashmir",,,,https://www.nhpcindia.com/welcome/tender
2026-09-04,NEW,NHPC,Hiring of Various Types of MUVs/SUVs as an inspection vehicle from PAF of Uri Power Station,,,,https://www.nhpcindia.com/welcome/tender
2026-09-04,NEW,NHPC,"Providing Services for operation of Crane, JCB and other equipment for Uri Power Station for 02 (two) years wef 23.07.2026 to 22.07.2028",,,,https://www.nhpcindia.com/welcome/tender
2026-09-04,NEW,NHPC,Annual Maintenance of 03 (Three) Nos. of Generating Units of (3X15 MW) Nimoo Bazgo Power Station,,,,https://www.nhpcindia.com/welcome/tender
2026-09-04,NEW,NHPC,"Tender for Hill Slope Stabilization work of Slide Area in front of Intake structure on left bank, Dul Dam at DPS Kishtwar",,,,https://www.nhpcindia.com/welcome/tender
2026-09-04,NEW,NHPC,"Expression of Interest (EOI) for Selection of Firms /Experts to accelerate the progress of Heading excavation at four critical faces in the Head Race tunnels (HRTs) of Teesta-VI HE Project, Gangtok, Sikkim",,,,https://www.nhpcindia.com/welcome/tender
2026-09-04,NEW,NHPC,Cleaning of Uplift Pressure Pipe Holes by Air and Water Jet Flushing for Restoration of Functionality and Replacement of Damaged/Manual Uplift Pressure Gauges with New Gauges at Sewa-II Power Station (SC-741),,,,https://www.nhpcindia.com/welcome/tender
2026-09-04,NEW,NHPC,Repair of Damaged Runners of 20MW Francis Hydro Turbine of Rangit Power Station,,,,https://www.nhpcindia.com/welcome/tender
2026-09-04,NEW,NHPC,Repair in Stilling basin of Sewa-II Dam by way of High-Performance Concrete (M65A20) and repair of Stair at left bank of Dam (CW-740),,,,https://www.nhpcindia.com/welcome/tender
2026-09-04,NEW,NHPC,Purchase of HSLS (Hydrostatic Lubrication System along with required Spares for Power House of Sewa-II Power Station,,,,https://www.nhpcindia.com/welcome/tender
2026-09-04,NEW,NHPC,Providing External Assistance for Manning of Fire Station at Loktak Power Station for 02 years,,,,https://www.nhpcindia.com/welcome/tender
2026-09-04,NEW,NHPC,"Supply, Installation, Testing Commissioning of Dry Type Submersible Dewatering Pump for Power House Uri Power Station",,,,https://www.nhpcindia.com/welcome/tender
2026-09-04,NEW,NHPC,Annual Maintenance of 3X20 MW Hydro-generating Units of Rangit Power Station for the year 2026-27 as defined at Special Technical Requirement,,,,https://www.nhpcindia.com/welcome/tender
2026-09-04,NEW,NHPC,"Purchase of Dry Block cum Stirred Liquid Bath RTD, DTT, Thermocouple Calibrator with inbuilt indicator for Power House of Parbati-III Power Station",,,,https://www.nhpcindia.com/welcome/tender
2026-09-04,NEW,NHPC,"ANNUAL MAINTENANCE CONTRACT (AMC) FOR CLEANING OF OVERHEAD RCC WATER STORAGE TANK &amp;amp; PVC/RCC TANKS SITUATED AT VARIOUS LOCATIONS AT TANAKPUR POWER STATION, BANBASA",,,,https://www.nhpcindia.com/welcome/tender
2026-09-04,NEW,NHPC,"Purchase of External HDD, Surveillance HDD and External SSD Drive",,,,https://www.nhpcindia.com/welcome/tender
2026-09-04,NEW,NHPC,"R&amp;M and Up-keeping works of entire Medical division (Loktak and Leimatak Hospital,Physiotherapy Unit at Loktak and Leimatak Hospital, Ithai Barrage and Jeevan Nagar Dispensary) of Loktak Power Station, NHPC Limited, Manipur",,,,https://www.nhpcindia.com/welcome/tender
2026-09-04,NEW,NHPC,"Execution of miscellaneous additional Civil Works related to 2X5MVA 66 KV/11 KV Substation for Teesta-V PS, Balutar.",,,,https://www.nhpcindia.com/welcome/tender
2026-09-04,NEW,NHPC,"Repair and maintenance work in Basement Floor and Room no- 1 & 2 of VIP Guest House, Teesta-V Power Station, Balutar – (Civil & Electrical works).",,,,https://www.nhpcindia.com/welcome/tender
2026-09-04,NEW,NHPC,"Purchase of Underwater parts for Chamera-III Power station, Dharwala, Chamba, H.P",,,,https://www.nhpcindia.com/welcome/tender
2026-09-04,NEW,NHPC,"Repair of internal road, Drain and other misc. work at Samdong Colony of Teesta -V Power Station.",,,,https://www.nhpcindia.com/welcome/tender
2026-09-04,NEW,NHPC,Exploratory Drilling Works of 380 m length (03 Nos. holes @ 60m each and 01 hole at min 200m) at Left and Right Banks of USMSP at Dite Dime Dam Axis,,,,https://www.nhpcindia.com/welcome/tender
2026-09-04,NEW,NHPC,Exploratory Drilling Works of 380 m length (03 Nos. holes @ 60m each and 01 hole at min 200m) at Left and Right Banks of USMSP at Uggeng Dam Axis,,,,https://www.nhpcindia.com/welcome/tender
2026-09-04,NEW,NHPC,"Purchase of Strainer Filter Make Hydac at Power House for Parbati-III Power Station, Behali",,,,https://www.nhpcindia.com/welcome/tender
2026-09-04,NEW,NHPC,"Purchase HYDRAULIC JACK 5T, 10T, 20T & 50Ton (Along with accessories)",,,,https://www.nhpcindia.com/welcome/tender
2026-09-04,NEW,NHPC,Purchase of 5MP IR Dome PTZ Camera with 38X Zoom (STQC Certified),,,,https://www.nhpcindia.com/welcome/tender
2026-09-04,NEW,NHPC,"Repair &amp; Painting of IRBN Barrack at Left Bank of Teesta-V Power Station, Balutar.",,,,https://www.nhpcindia.com/welcome/tender
2026-09-04,NEW,NHPC,Purchase of Air Conditioner Split type 1.5 Ton,,,,https://www.nhpcindia.com/welcome/tender
2026-09-04,NEW,NHPC,Exploratory Drilling Works of 380 m length (03 Nos. holes @ 60m each and 01 hole at min 200m) at Left and Right Banks of USMSP at Parong Dam Axis,,,,https://www.nhpcindia.com/welcome/tender
2026-09-04,NEW,NHPC,Supply and Installation of Geysers and Televisions,,,,https://www.nhpcindia.com/welcome/tender
2026-09-04,NEW,NHPC,Supply and Installation of Inverters and Batteries,,,,https://www.nhpcindia.com/welcome/tender
2026-09-04,NEW,NHPC,Supply and Installation of Air Conditioners and Stabilizers,,,,https://www.nhpcindia.com/welcome/tender
2026-09-04,NEW,NHPC,Repairing and HP-HVOF coating of 01 Nos. Francis Runner of 4*130 MW Parbati-III Power Station,,,,https://www.nhpcindia.com/welcome/tender
2026-09-04,NEW,NHPC,Purchase of surge protection devices,,,,https://www.nhpcindia.com/welcome/tender
2026-09-04,NEW,NHPC,River Training work at right bank of Sewa River from upstream of LHPS portal to TRC area of Sewa-II Power Station (CW-738),,,,https://www.nhpcindia.com/welcome/tender
2026-09-04,NEW,NHPC,"Shifting of Spillway Stoplog Gates from Dam Top to Switchyard Area of TLD-IV Power Station, Kalijhora",,,,https://www.nhpcindia.com/welcome/tender
2026-09-04,NEW,NHPC,"Repairing of Toilets and Internal &amp;amp; External painting of VIP Guest House, Tadong, Gangtok for Teesta-V PS, Balutar- (Civil &amp;amp; Electrical works).",,,,https://www.nhpcindia.com/welcome/tender
2026-09-04,NEW,NHPC,Repair and painting work for the toilets located in the Primary and Secondary Kendriya Vidyalay situated within the Loktak Project Area.,,,,https://www.nhpcindia.com/welcome/tender
2026-09-04,NEW,NHPC,"Bench development for Temporary Field Hostel/Residential Building at Gaa Village for Kamala HE Project(1720MW), Arunachal Pradesh",,,,https://www.nhpcindia.com/welcome/tender
2026-09-04,NEW,NHPC,Purchase of Four sets Facing Plate for Top Cover and Pivot Ring with Flat Head Screw for Parbati-III Power Station,,,,https://www.nhpcindia.com/welcome/tender
2026-09-04,NEW,NHPC,Supply and Installation of Indoor Type 11 KV HT Panels for Rajarwani,,,,https://www.nhpcindia.com/welcome/tender
2026-09-04,NEW,NHPC,Miscellaneous Civil Works at ECD Complex,,,,https://www.nhpcindia.com/welcome/tender
2026-09-04,NEW,NHPC,Purchase of 2KW Hybrid Solar Inverter System &#40;with Lithium Battery&#41;,,,,https://www.nhpcindia.com/welcome/tender
2026-09-04,NEW,NHPC,PURCHASE OF THREE DIFFERENT TYPE OF WELDING MACHINE/SET FOR POWER HOUSE TPS,,,,https://www.nhpcindia.com/welcome/tender
2026-09-04,NEW,NHPC,"Hiring of Four (04) nos. of Mahindra Bolero, Model B4 Diesel or equivalent or higher with Driver and with fuel reimbursable for two years.",,,,https://www.nhpcindia.com/welcome/tender
2026-09-04,NEW,NHPC,"Restoration of Kendriya Vidyalaya, Left Bank, Balutar at Teesta-V Power Station.",,,,https://www.nhpcindia.com/welcome/tender
2026-09-04,NEW,NHPC,Construction of PCC retaining wall in place of damaged retaining wall on LEG Road (E-office no. 161838),,,,https://www.nhpcindia.com/welcome/tender
2026-09-04,NEW,NHPC,"Painting of Building, Repairing of Plinth Surface/Drain & Roof Surface, Protection Wall, Chain Link Fencing with Miscellaneous Repair Works of Project Hospital at Rangit Power Station",,,,https://www.nhpcindia.com/welcome/tender
2026-09-04,NEW,NHPC,Hiring of One (01) nos. 01 Tata Ultra Prime 34 Seater Bus Model LPO 8.6/44 or equivalent with Driver and with fuel (reimbursable) for two years.,,,,https://www.nhpcindia.com/welcome/tender
2026-09-04,NEW,NHPC,Repair of 40 Nos of wicket gates (02 set )of 77 MW Francis Hydro turbine of Chamera-III Power Station (Comp. No.167311),,,,https://www.nhpcindia.com/welcome/tender
2026-09-04,NEW,NHPC,PURCHASE OF WELDING MACHINE/SET,,,,https://www.nhpcindia.com/welcome/tender
2026-09-04,NEW,NHPC,Purchase of various Silt Excluder Gates Components,,,,https://www.nhpcindia.com/welcome/tender
2026-09-04,NEW,NHPC,Purchase of segments for shaft sealing arrangements of 31.4MW Kaplan Turbine installed at Power House of Tanakpur Power Station,,,,https://www.nhpcindia.com/welcome/tender
2026-09-04,NEW,NHPC,PURCHASE OF MISCELLANEOUS CONSUMABLE ITEMS FOR O&M OF HM-BARRAGE AND SILT-EJECTOR OF TPS,,,,https://www.nhpcindia.com/welcome/tender
2026-09-04,NEW,NHPC,Purchase of Automated External Defibrillator and Electronic/Digital stethoscope,,,,https://www.nhpcindia.com/welcome/tender
2026-09-04,NEW,NHPC,"Fencing work around the office-cum-residential complex, construction of a gabion structure behind Prefab Block-1, construction of R.R. masonry boundary wall, and plinth protection work around Prefab Block-1 for the Sawalkote Hydroelectric Project",,,,https://www.nhpcindia.com/welcome/tender
2026-09-04,NEW,NHPC,Purchase & Installation of Antique Light Poles for Dam Colony of Sewa-II Power Station,,,,https://www.nhpcindia.com/welcome/tender
2026-09-04,NEW,NHPC,Purchase of Portable Hot Air Blower Units for Bus Ducts of Sewa-II Power Station,,,,https://www.nhpcindia.com/welcome/tender
2026-09-04,NEW,NHPC,Engagement of Manpower Assistance Services for Various Field Hostel and other locations for Dibang Multipurpose Project for period of 12 months,,,,https://www.nhpcindia.com/welcome/tender
2026-09-04,NEW,NHPC,Providing Manpower Assistance Services for survey of Various Site and Camps of Dibang Multipurpose Project,,,,https://www.nhpcindia.com/welcome/tender
2026-09-04,NEW,NHPC,Repair along with HP-HVOF coating of 02 set Damaged Guide Vanes of 130 MW Francis Turbine at Parbati-III Power Station,,,,https://www.nhpcindia.com/welcome/tender
2026-09-04,NEW,NHPC,"Purchase of 245 kV Current Transformer , 245 kV CVT ( Capacitive Voltage Transformer) , 145 kV Current Transformer ( CT) , 145 kV CVT ( Capacitive Voltage Transformer)",,,,https://www.nhpcindia.com/welcome/tender
2026-09-04,NEW,NHPC,Appointment of Dividend Banker for Payment of Final Dividend for the Financial Year 2025-26”,,,,https://www.nhpcindia.com/welcome/tender
2026-09-04,NEW,NHPC,"Purchase of 11 KV Grade, 95 Sq.mm, 3-Core HT Aerial Bunched Cable",,,,https://www.nhpcindia.com/welcome/tender
2026-09-04,NEW,NHPC,"Repair, Maintenance and Painting of B-Type 48 quarters (Qtr. No.-7 to 54) Building at Sewa-II Power Station (CW-737)",,,,https://www.nhpcindia.com/welcome/tender
2026-09-04,NEW,NHPC,Reconstruction of the damaged boulder trap on Adit III. (Computer No: 163656),,,,https://www.nhpcindia.com/welcome/tender
2026-09-04,NEW,NHPC,Construction of toilets (18 nos) in different panchayats of Dharchula under CSR for PAF/locals of DGPS,,,,https://www.nhpcindia.com/welcome/tender
2026-09-04,NEW,NHPC,"Construction of Community hall in Village Dera Banda Bahadur near Kundrah, Reasi including Solar Street Lights.",,,,https://www.nhpcindia.com/welcome/tender
2026-09-04,NEW,NHPC,"Purchase of spares of Ferrocare oil Filtration machine, model ELC- 100LP for Teesta Low Dam-III Power station.",,,,https://www.nhpcindia.com/welcome/tender
2026-09-04,NEW,NHPC,"Clearing of Jungle (Weeds, Vegetation etc.) at Slide Zone Area of Loktak Power Station",,,,https://www.nhpcindia.com/welcome/tender
2026-09-04,NEW,NHPC,Auto CAD-including Specialized Tools Commercial Single-user 3 Yrs Subscription Renewal ( 4 pieces ),,,,https://www.nhpcindia.com/welcome/tender
2026-09-04,NEW,NHPC,"Environment Monitoring of Ambient Air Quality, Stack Emission Monitoring, Water Quality Monitoring & Noise Monitoring from recognized laboratory at various sites of Rangit Power Station (For 02 Year)",,,,https://www.nhpcindia.com/welcome/tender
2026-09-04,NEW,NHPC,Restoration/repair of the damaged access roads to Adit-II portal of Sewa-II Power Station (CW-739),,,,https://www.nhpcindia.com/welcome/tender
2026-09-04,NEW,NHPC,"Design, Supply, Installation, testing & commissioning of Carbon dust collection system with control gear and all accessories for Generating Unit of Power House; at NHPC Tanakpur Power Station",,,,https://www.nhpcindia.com/welcome/tender
2026-09-04,NEW,NHPC,"Development of Transmission Line (400kV) 80kM approx. as per General Technical Specifications for evacuation of Power generated from 1200 MW Solar Power park in District Jalaun, Uttar Pradesh”",,,,https://www.nhpcindia.com/welcome/tender
2026-09-04,NEW,NHPC,“Selection of Firms for issuance of No Objection Certificate (NOC) for Removal of Deposited Sediments/Silt from the Reservoir and downstream of TLD-III Power Station”,,,,https://www.nhpcindia.com/welcome/tender
2026-09-04,NEW,NHPC,Construction of PCC retaining wall in place of damaged retaining wall on LEG Road (Comp. no. 161838),,,,https://www.nhpcindia.com/welcome/tender
2026-09-04,NEW,NHPC,"Providing assistance in Mess facilities and up keeping of field Hostel and Sewa Sadan at Sewa-II Power Station, Mashka (J&K) for a period of 02 years (SC-736)",,,,https://www.nhpcindia.com/welcome/tender
2026-09-04,NEW,NHPC,AMC of water coolers/ purifiers installed at CPS-I.,,,,https://www.nhpcindia.com/welcome/tender
2026-09-04,NEW,NHPC,"Repair of one number Runner (RN#3) of 3X15 MW Nimoo Bazgo Power Station, Alchi, Distt. Sham, Ladakh",,,,https://www.nhpcindia.com/welcome/tender
2026-09-04,NEW,NHPC,"Repair and painting work of AEON Cafeteria and nearby shops located at Upper Samleu, CPS-I.",,,,https://www.nhpcindia.com/welcome/tender
2026-09-04,NEW,NHPC,Renovation and Modernization of the existing Guest House situated at Loktak Project,,,,https://www.nhpcindia.com/welcome/tender
2026-09-04,NEW,NHPC,"Providing Assistance for various types of Hydro-Meteorological data observation, recording and compilation of data of different station of Teesta and Tolungchu river for Teesta –IV H E Project",,,,https://www.nhpcindia.com/welcome/tender
2026-09-04,NEW,NHPC,Repairing of Footpath along boundary wall of Power House Colony at Leimatak.,,,,https://www.nhpcindia.com/welcome/tender
2026-09-04,NEW,NHPC,Purchase of DA and oxygen Gas Cylinder,,,,https://www.nhpcindia.com/welcome/tender
2026-09-04,NEW,NHPC,Protection/Security Fencing of New Integrated TRT Gate of Chamera Power Station-1.,,,,https://www.nhpcindia.com/welcome/tender
2026-09-04,NEW,NHPC,Repair of inspection steps from Anchor block AB 4 to AB11 to Jeevan nagar Loktak Power Station.,,,,https://www.nhpcindia.com/welcome/tender
2026-09-04,NEW,NHPC,"Ultrasonic Testing (UT) of Circumferential and Longitudinal Welding Joints of 01 Nos. 5.23 meter diameter Penstock, as per scope of work",,,,https://www.nhpcindia.com/welcome/tender
2026-09-04,NEW,NHPC,Purchase of Counter raceway for Turbine Shaft Seal of Teesta Low Dam-III Power station.,,,,https://www.nhpcindia.com/welcome/tender
2026-09-04,NEW,NHPC,Purchase of Adobe Acrobat Pro Software (Enterprise – Government Edition) for Teesta Low Dam-III Power station.,,,,https://www.nhpcindia.com/welcome/tender
2026-09-04,NEW,NHPC,"Electrical Infrastructure Works for evacuation of Power generated from 1200 MW Solar Power park in District Jalaun, Uttar Pradesh” (03 Nos. Pooling Substation (33/400 KV)",,,,https://www.nhpcindia.com/welcome/tender
2026-09-04,NEW,NHPC,"Protective ceramic coating of spiral case, stay vanes and stay rings of generating units of Dulhasti Power Station (2026-27)",,,,https://www.nhpcindia.com/welcome/tender
2026-09-04,NEW,NHPC,Construction of new retaining wall in place of damaged retaining wall on LEG Road (RD 160-212m) (Comp. No.:161999),,,,https://www.nhpcindia.com/welcome/tender
2026-09-04,NEW,NHPC,Fixing of steel rolling shutter on DG Building at Leimatak Loktak PS.,,,,https://www.nhpcindia.com/welcome/tender
2026-09-04,NEW,NHPC,"R &amp; M of New Colony and Zero Colony at Loktak Project, NHPC Limited for 02 Years",,,,https://www.nhpcindia.com/welcome/tender
2026-09-04,NEW,NHPC,Providing & Fixing Gates for Adit -2 & Adit 3A Portal at HRT of Parbati-H.E. Project (Stage-II) (Package No-C-861),,,,https://www.nhpcindia.com/welcome/tender
2026-09-04,NEW,NHPC,"Supply, Erection, Testing &amp; Commissioning of components for Power Distribution Network of Flood Dewatering Pumps and Draft Tube Gate Hoists at Subansiri Lower Project, Arunachal Pradesh",,,,https://www.nhpcindia.com/welcome/tender
2026-09-04,NEW,NHPC,"Repairing of drain at Loktak-Leimatak road from Jeevan Nagar to Leimatak, Loktak Power Station RD-18.00 Km to 24.60 Km.",,,,https://www.nhpcindia.com/welcome/tender
2026-09-04,NEW,NHPC,"Repairing of Jeevan Nagar Nallah inside colony adjacent of switchyard at Leimatak, Loktak Power Station.",,,,https://www.nhpcindia.com/welcome/tender
2026-09-04,NEW,NHPC,Cleaning of septic tanks and chambers located at the Dam Office Complex of CPS-1.,,,,https://www.nhpcindia.com/welcome/tender
2026-09-04,NEW,NHPC,Hiring Services for Running and Maintenance of Electrical System of Powerhouse &amp; Switchyard of Loktak Power Station for two years,,,,https://www.nhpcindia.com/welcome/tender
2026-09-04,NEW,NHPC,Repair and Re-babbiting of TGB Shell dismantled from Unit#3 and Unit#1 of Chamera Power house-1.,,,,https://www.nhpcindia.com/welcome/tender
2026-09-04,NEW,NHPC,Repairing work of Drain on Loktak Leimatak road at RD 3.190 Km at Valley side near Loktak Project.,,,,https://www.nhpcindia.com/welcome/tender
2026-09-04,NEW,NHPC,Waterproofing work on the roof of Executive Field Hostel located at Sewa-II Power Station (CW-731),,,,https://www.nhpcindia.com/welcome/tender
2026-09-04,NEW,NHPC,Repair and Painting of Structures of CRPF Camp situated at the Workshop and Transport Yard of the Loktak Project.,,,,https://www.nhpcindia.com/welcome/tender
2026-09-04,NEW,NHPC,"Providing assistance to Running and maintenance of Administrative Building , Central store, maintenance of park and Opertaion of Heavy Equipments/ vehicle of workshop Division at Sewa-II Power Station, NHPC Limited, Mashka (J&K). (SC-733)",,,,https://www.nhpcindia.com/welcome/tender
2026-09-04,NEW,NHPC,"Repair and painting of the buildings and boundary wall situated near the emergency gate on the power channel of the Loktak Project, as well as the Tiddim Gate.",,,,https://www.nhpcindia.com/welcome/tender
2026-09-04,NEW,NHPC,AMC of 02 nos HP and 02 nos LP Compressors of Ingersoll Rand make installed at Uri II Power house for a period of 2 years,,,,https://www.nhpcindia.com/welcome/tender
2026-09-04,NEW,NHPC,"Performing the work of Removal of floating waste and solid waste materials with Floating Trash Skimmer Machine and Shore Conveyor at Dam Nimoo Bazgo Power Station Alchi, Distt. Sham",,,,https://www.nhpcindia.com/welcome/tender
2026-09-04,NEW,NHPC,Procurement of Air Conditioner,,,,https://www.nhpcindia.com/welcome/tender
2026-09-04,NEW,NHPC,Repair and HP-HVOF coating of 02 sets (40 Nos.) of Guide Vanes (Wicket Gates) of 70 MW Francis Turbine of Dhauliganga Power Station for FY 2026-27.,,,,https://www.nhpcindia.com/welcome/tender
2026-09-04,NEW,NHPC,Annual Maintenance Works of Generating Units of Uri Power Station for 02 Years 2026-28,,,,https://www.nhpcindia.com/welcome/tender
2026-09-04,NEW,NHPC,Purchase of Adhesives Items for Uri Power House,,,,https://www.nhpcindia.com/welcome/tender
2026-09-04,NEW,NHPC,"Providing assistant to R&amp;amp;M of Residential &amp;amp; Non-Residential buildings, Water supply, Collection of garbage at Sewa Vihar Colony and its disposal at designated location at sewa II Power Station Mashka for a period of 2 years. (SC-735)",,,,https://www.nhpcindia.com/welcome/tender
2026-09-04,NEW,NHPC,"Providing assistance to Running and Maintenance of Mashka- Siara road i/c Adit-iv & Surge shaft road, internal roads of colony at Sewa-II Power Station Mashka (J&K) for a period of two years. (SC-734)",,,,https://www.nhpcindia.com/welcome/tender
2026-09-04,NEW,NHPC,Supply and Installation of 03 Nos Mini-EPABX System with related KTS system and Accessories for NHPC Corporate Office Faridabad,,,,https://www.nhpcindia.com/welcome/tender
2026-09-04,NEW,NHPC,Purchase of Fabrication material,,,,https://www.nhpcindia.com/welcome/tender
2026-09-04,NEW,NHPC,"R & M of Filtration Plant, Iron Elimination Plant and Overhead Tank along with supervision at Vidyut Nagar, Siliguri",,,,https://www.nhpcindia.com/welcome/tender
2026-09-04,NEW,NHPC,"Repair & Painting of Water Supply complex situated at Awang Bazaar, Loktak Project.",,,,https://www.nhpcindia.com/welcome/tender
2026-09-04,NEW,NHPC,"Purchase of spare parts of installed 02 nos. L.P. Compressor, Model: E15-7.5, Make-ELGI at Power House for Parbati-III Power Station-2026",,,,https://www.nhpcindia.com/welcome/tender
2026-09-04,NEW,NHPC,Up-keeping and R&amp;M of Vehicles &amp; Equipment of Mechanical Department (Workshop &amp; Transport Yard) at Loktak Project for a period of 02 (two) years,,,,https://www.nhpcindia.com/welcome/tender
2026-09-04,NEW,NHPC,"Providing Assistance for Regulation of water supply system at Dam and Residential complex at Sarthali of Sewa-II Power Station, Distt. Kathua, J&K for a period of 02 years (SC-717)",,,,https://www.nhpcindia.com/welcome/tender
2026-09-04,NEW,NHPC,"Chain Link Fencing, Repair of Steps/Approach Path, Providing Temporary Roof Shed, Steel Railing & Other Miscellaneous Repair Works at Main Water Storage/Treatment/Supply Tank Site of Rangit Power Station",,,,https://www.nhpcindia.com/welcome/tender
2026-09-04,NEW,NHPC,Purchase of Miscellaneous Electrical Items,,,,https://www.nhpcindia.com/welcome/tender
2026-09-04,NEW,NHPC,Purchase of Various Type of Gate Valve for Power House of Sewa-II Power Station.,,,,https://www.nhpcindia.com/welcome/tender
2026-09-04,NEW,NHPC,Engagement of DGR Sponsored Private Security Agencies/Services at Sewa-II Power Station,,,,https://www.nhpcindia.com/welcome/tender
2026-09-04,NEW,NHPC,"Pre-monsoon Repair of main drain at hill side of Switchyard area and Panbu road side drain at TLD-IV PS, Kalijhora",,,,https://www.nhpcindia.com/welcome/tender
2026-09-04,NEW,NHPC,"Running and Maintenance of Power House Sub-Store, Workshop and Canteen of Loktak Project at Leimatak for 02 (Two) years",,,,https://www.nhpcindia.com/welcome/tender
2026-09-04,NEW,NHPC,"Construction of additional Security Posts at Nimoo Bazgo Power Station, Alchi, Leh (UT of Ladakh)”",,,,https://www.nhpcindia.com/welcome/tender
2026-09-04,NEW,NHPC,Procurement of Owner Controlled All Risk Insurance Policy (CAR &amp;amp;amp;amp;amp;amp;amp;amp; EAR) Policy along with Terrorism and Third Party Liability for Lot-3 Main Dam including coffer Dam and HM Works for dam of DMPP,,,,https://www.nhpcindia.com/welcome/tender
2026-09-04,NEW,NHPC,Purchase of Optical Multiplexer,,,,https://www.nhpcindia.com/welcome/tender
2026-09-04,NEW,NHPC,Purchase of various types of Air Filters for AHU of HVAC systems for Parbati III Power Station- 2026,,,,https://www.nhpcindia.com/welcome/tender
2026-09-04,NEW,NHPC,"Chain Link Fencing at Outer Boundary, Painting of Old Club Building, Development of Approach Path for Existing Club and other Miscellaneous Works at Club of Rangit Power Station",,,,https://www.nhpcindia.com/welcome/tender
2026-09-04,NEW,NHPC,Repair & HP-HVOF coating work of 01 no. Top Cover & 01 no. Lower Ring of 115 MW Hydro Generating Unit of Salal Power Station.,,,,https://www.nhpcindia.com/welcome/tender
2026-09-04,NEW,NHPC,Purchase of POE and Non POE Switches,,,,https://www.nhpcindia.com/welcome/tender
2026-09-04,NEW,NHPC,"Strengthening, replacement and shifting of damaged 11KV Lattice Structure (pole) of S/Yard to ECD and ECD to Dam 11KV HT Line",,,,https://www.nhpcindia.com/welcome/tender
2026-09-04,NEW,NHPC,"Disposal of Solid waste of Township Complex, PHEP-II, Nagwain) for the period of one year of Parbati HE Project (Stage-II)” (Package No. C-839)",,,,https://www.nhpcindia.com/welcome/tender
2026-09-04,NEW,NHPC,"Repairing, machining of 02 sets (48 Nos) Guide Vanes of Dulhasti Power Station",,,,https://www.nhpcindia.com/welcome/tender
2026-09-04,NEW,NHPC,"Drilling of 04 No. Bore wells and installation of casing pipe at Left Bank of Teesta-V Power Station, Balutar (Total Loss under Insurance Claim).",,,,https://www.nhpcindia.com/welcome/tender
2026-09-04,NEW,NHPC,"Procurement of UT Pumps (now Hydro Prokav) Triple Screw High Pressure Pump spares for MIV & Governor P.P. set at Sewa-II Power Station, NHPC Ltd., Mashka (J&K).",,,,https://www.nhpcindia.com/welcome/tender
2026-09-04,NEW,NHPC,Purchase of Portable Air Dryer Unit for Transformers of Sewa-II Power Station.,,,,https://www.nhpcindia.com/welcome/tender
2026-09-04,NEW,NHPC,Restoration of Retaining wall along Sewa river damaged during flood near CISF canteen CPS-1.,,,,https://www.nhpcindia.com/welcome/tender
2026-09-04,NEW,NHPC,"R & M of electrical System at RO-Siliguri, Vidyut Nagar, Satellite Township, District-Jalpaiguri, West Bengal on contractual basis for the period of 02 Years",,,,https://www.nhpcindia.com/welcome/tender
2026-09-04,NEW,NHPC,Construction of a new retaining wall in place of the damaged retaining wall on the road from the hydrogen plant to the Surge Shaft (Comp. No.:162958),,,,https://www.nhpcindia.com/welcome/tender
2026-09-04,NEW,NHPC,River protection work near Khairi Bridge right hand side Pier CPS-1.,,,,https://www.nhpcindia.com/welcome/tender
2026-09-04,NEW,NHPC,Supply of Fully Automatic Washing Machine.,,,,https://www.nhpcindia.com/welcome/tender
2026-09-04,NEW,NHPC,"R&amp;M of Old Colony at Loktak Project, NHPC Limited for the period of 02 (two) years",,,,https://www.nhpcindia.com/welcome/tender
2026-09-04,NEW,NHPC,Construction of new retaining wall in place of damaged retaining wall on Surge Shaft Road (Comp. No.162246),,,,https://www.nhpcindia.com/welcome/tender
2026-09-04,NEW,NHPC,Purchase of Air Conditioner for different locations of Sewa-II Power Station.,,,,https://www.nhpcindia.com/welcome/tender
2026-09-04,NEW,NHPC,Repair and Strengthening of Central store road and drain at SLP Gerukamukh colony.,,,,https://www.nhpcindia.com/welcome/tender
2026-09-04,NEW,NHPC,Purchase of DESKTOP COMPUTER,,,,https://www.nhpcindia.com/welcome/tender
2026-09-04,NEW,NHPC,Purchase of shaft seal spares for Power House of Uri Power Station.,,,,https://www.nhpcindia.com/welcome/tender
2026-09-04,NEW,NHPC,"Purchase of One no. Oil Screw Pump, Model No. T3ST 90/42 for OPU of TLD III Power Station",,,,https://www.nhpcindia.com/welcome/tender
2026-09-04,NEW,NHPC,Regarding Architectural Services for Construction of Executive/Officers Club at Uri-II Power Station,,,,https://www.nhpcindia.com/welcome/tender
2026-09-04,NEW,NHPC,Purchase of aluminium cable for power house of Parvati III Power Station - 2026,,,,https://www.nhpcindia.com/welcome/tender
2026-09-04,NEW,NHPC,Construction of DG Shed Building for Installation of Diesel Generator at SLHEP Gerukamukh.,,,,https://www.nhpcindia.com/welcome/tender
2026-09-04,NEW,NHPC,"Construction of Ladies Washroom near Main Access Tunnel (MAT) of Power House, CPS-1.",,,,https://www.nhpcindia.com/welcome/tender
2026-09-04,NEW,NHPC,Installation of single sided “W”metal beam crush barrier along the road from Sheelagarh Bridge to Hurla Bridge of Parbati-H.E. Project (Stage-II) (Package No-C-853),,,,https://www.nhpcindia.com/welcome/tender
2026-09-04,NEW,NHPC,Hiring of Services for Running and Maintenance of Mechanical System of Loktak Power House for the period of 2 years,,,,https://www.nhpcindia.com/welcome/tender
2026-09-04,NEW,NHPC,"Provinding assistance for Running and maintenance of Project Dispensaries at Sewa-II Power Station, NHPC Limited, Mashka (J&K) for 02 years.",,,,https://www.nhpcindia.com/welcome/tender
2026-09-04,NEW,NHPC,"Cleaning, Sweeping &amp; Up-Keeping of Powerhouse Complex and its Machineries &amp; Equipment at Sewa-II Power Station Distt. Kathua, J&amp;K for a period of 02 years (SC-715)",,,,https://www.nhpcindia.com/welcome/tender
2026-09-04,NEW,NHPC,"Engagement of DGR sponsored Private Security Agencies/ Services at Sewa-II Power Station, Mashka, District-Kathua, J&amp;K (SC-728)",,,,https://www.nhpcindia.com/welcome/tender
2026-09-04,NEW,NHPC,"Construction of Civil works of Barrage and Stilling basin, U/s Plastic cutoff trench, Power Intake Structures,Tunnel, outfall Structure, associated HM works including adit plug, etc and associated works of Link-3 Project inHimachal Pradesh",,,,https://www.nhpcindia.com/welcome/tender
2026-09-04,NEW,NHPC,"Lot-2a: Electro-mechanical works package (Except GSU Transformer, GIS, XLPE Cable and Switchyard Equipment) of 260 MW (2X130MW) Dulhasti Stage-II H.E Project, Kishtwar District of UT of J and K, India",,,,https://www.nhpcindia.com/welcome/tender
2026-09-04,NEW,NHPC,Purchase of Electrical Cables for Uri Power Station,,,,https://www.nhpcindia.com/welcome/tender
2026-09-04,NEW,NHPC,Hiring of Services for Operation Duty of Power House of Loktak Power Station for the period of 02 years,,,,https://www.nhpcindia.com/welcome/tender
2026-09-04,NEW,NHPC,Repair and PVC lining of 6 B-Type quarters and 12 A-Type quarters (Field Hostels) in Sewa Vihar colony at Mashka (J&K) (CW-732),,,,https://www.nhpcindia.com/welcome/tender
2026-09-04,NEW,NHPC,Providing assistance in instrumentation data collection and departmental survey work 2026 27 of TLDIV PS Kalijhora,,,,https://www.nhpcindia.com/welcome/tender
2026-09-04,NEW,NHPC,"Observation of Hydro-meteorological data and Silt analysis work at TLD-IV PS, Kalijhora (FY-2026-27)",,,,https://www.nhpcindia.com/welcome/tender
2026-09-04,NEW,NHPC,"Construction of Diversion Tunnels, Cofferdams, Main Dam including HM Works of Diversion Tunnels, approach roads and Bridges of Kamala H.E. Project (1720MW), Kamle district, Arunachal Pradesh (LOT-1)",,,,https://www.nhpcindia.com/welcome/tender
2026-09-04,NEW,NHPC,"Protection and cross drainage works on Garsa-Sheelagarh, Sheelagarh-Jiwa Nallah out fall and Sheelagarh-Hurla road of Parbati-H.E. Project (Stage-II) (Package No-C-863)",,,,https://www.nhpcindia.com/welcome/tender
2026-09-04,NEW,NHPC,Purchase of six door personal locker unit without stand,,,,https://www.nhpcindia.com/welcome/tender
2026-09-04,NEW,NHPC,HP 152A Black LaserJet Toner Cartridge,,,,https://www.nhpcindia.com/welcome/tender
2026-09-04,NEW,NHPC,"Construction of Multipurpose Community / Indoor Hall at Village Mashka, Tehsil Basohli, District Kathua under CSR-SD Programme (CSR-725)",,,,https://www.nhpcindia.com/welcome/tender
2026-09-04,NEW,NHPC,Hiring of IBM Cloud Infrastructure services for IFS ERP Application for 2 years along with 24x7 support,,,,https://www.nhpcindia.com/welcome/tender
2026-09-04,NEW,NHPC,Purchase of Articulated Boom Lift for 132 KV Switchyard of Sewa-II Power Station.,,,,https://www.nhpcindia.com/welcome/tender
2026-09-04,NEW,NHPC,Operation and Maintenance of Diesel Power House Located at various places in Salal Power Station.,,,,https://www.nhpcindia.com/welcome/tender
2026-09-04,NEW,NHPC,"R&M of Electrical System, Equipment;s, Installations and Auxiliaries at (3X40 MW) Sewa-II Power house, Mashka, Distt. Kathua, UT of J&K.",,,,https://www.nhpcindia.com/welcome/tender
2026-09-04,NEW,NHPC,Hiring of Services for External Fire Safety Audit at Loktak Power Station for 02 years,,,,https://www.nhpcindia.com/welcome/tender
2026-09-04,NEW,NHPC,"Providing support for Operation & Maintenance (O&M) of Power Plant Equipments,",,,,https://www.nhpcindia.com/welcome/tender
2026-09-04,NEW,NHPC,Balance Work in the Construction of Boundary Wall around NHPC Office-cum-Residential Complex and Old SSB Complex at Pasighat,,,,https://www.nhpcindia.com/welcome/tender
2026-09-04,NEW,NHPC,Construction of a new retaining wall in place of the damaged retaining wall on the road from the hydrogen plant to the Surge Shaft (Computer No: 162416) for further details visit- https://eprocure.gov.in/eprocure/app,,,,https://www.nhpcindia.com/welcome/tender
2026-09-04,NEW,NHPC,"Repair work of Admin Building and Field Hostel FH-1, 2, 4 at Office cum Residential Complex, Sawalkote HE Project, Tanger, Dist-Ramban, J&amp;amp;amp;amp;amp;amp;amp;amp;amp;amp;amp;K",,,,https://www.nhpcindia.com/welcome/tender
2026-09-04,NEW,NHPC,Fabrication and Placing of 300 Nos of 1.5 Ton Concrete Tetra Pods on both the banks of river Sainj adjacent to Power House Complex Area of Parbati-H.E. Project (Stage-II) (Package No-C-864),,,,https://www.nhpcindia.com/welcome/tender
2026-09-04,NEW,NHPC,Purchase of 6 No. of Revolving Search Light for TLD-III Power Station,,,,https://www.nhpcindia.com/welcome/tender
2026-09-04,NEW,NHPC,Providing Catering Service and Upkeeping work of Field Hostel and Guest houses at Karian Township at Chamera-III Power Station for the period of 12 months. (as per attached additional terms and conditions).,,,,https://www.nhpcindia.com/welcome/tender
2026-09-04,NEW,NHPC,Protection of Earthen Slopes of Power House Complex and other Misc works at Power House Complex of Sewa -II Power Station (CW-730),,,,https://www.nhpcindia.com/welcome/tender
2026-09-04,NEW,NHPC,"Procurement of one number 11/220/√3 kV Single-Phase Generator Step Up Transformer for Chamera-III Power Station, NHPC Limited, Chamba, Himachal Pradesh .",,,,https://www.nhpcindia.com/welcome/tender
2026-09-04,NEW,NHPC,Purchase of spare parts for Flowmore Make Cooling Water Pumps working at Power House of Parbati III Power Station - 2026,,,,https://www.nhpcindia.com/welcome/tender
2026-09-04,NEW,NHPC,"Supply, Installation, Testing and Commissioning of One No. Trash Rack Cleaning Machine (TRCM) at Dam Site, Chamera-II Power Station",,,,https://www.nhpcindia.com/welcome/tender
2026-09-04,NEW,NHPC,"Renovation of Leimatak Hospital at Loktak Power Station, Manipur.",,,,https://www.nhpcindia.com/welcome/tender
2026-09-04,NEW,NHPC,Re-babbitting of Thrust bearings pads of Parbati-III Power Station,,,,https://www.nhpcindia.com/welcome/tender
2026-09-04,NEW,NHPC,Purchase of various type of Bearings for Power House of Parbati III power Station,,,,https://www.nhpcindia.com/welcome/tender
2026-09-04,NEW,NHPC,"Construction of alternate alignment road leading to Chak village along with fencing on both sides, Kishanganga Power Station, Bandipora, J&amp;K (PKG-594)",,,,https://www.nhpcindia.com/welcome/tender
2026-09-04,NEW,NHPC,Carrying out of diamond core drilling in Nx size in different formations at Hurla trench weir site of Parbati-H.E. Project (Stage-II) (Package No-C-871),,,,https://www.nhpcindia.com/welcome/tender
2026-09-04,NEW,NHPC,"Cleaning and Disinfection of Storage Water Tanks for Water Supply and Distribution System of Township at BSPS, Surangani for a period of Two Years (2026-2028)",,,,https://www.nhpcindia.com/welcome/tender
2026-09-04,NEW,NHPC,"Procurement of Display Boards and Water Level Gauges including Supply, Content Development/Printing, Fabrication and Installation at Dam Complex for Compliance, Safety, and Operational Visibility",,,,https://www.nhpcindia.com/welcome/tender
2026-09-04,NEW,NHPC,Construction of a New Diversion-cumSediment Bypass Tunnel for Restoration of Concrete Dam Construction Sluices and Sediment Management of Salal Reservoir.,,,,https://www.nhpcindia.com/welcome/tender
2026-09-04,NEW,NHPC,Purchase case of C&S make Air Circuit Breakers (ACB) for Station Service Board (SSB) and Unit Auxiliary Board (UAB) installed at Powerhouse of Sewa-II Power Station.,,,,https://www.nhpcindia.com/welcome/tender
2026-09-04,NEW,NHPC,"Supply of 35 HP Submersible Pump Head- 50 Meter, Discharge- 1000 LPM with 8” NRV",,,,https://www.nhpcindia.com/welcome/tender
2026-09-04,NEW,NHPC,"Construction of Civil works of Barrage &amp;amp;amp; Stilling basin, River Diversion Arrangements, U/s Plastic cutoff trench, Power Intake Structures, Water Diversion Tunnel, outfall Structure, associated HM works including adit plugs and associated works of Chenab–Beas Link Tunnel Projects (Link-3) at Koksar, Lahaul-Spiti district of Himachal Pradesh",,,,https://www.nhpcindia.com/welcome/tender
2026-09-04,NEW,NHPC,Purchase of Hand Tools,,,,https://www.nhpcindia.com/welcome/tender
2026-09-04,NEW,NHPC,"Paintings of Spillway Stoplog, Intake Stoplog and Draft Tube Gates of TLD-IV Power Station",,,,https://www.nhpcindia.com/welcome/tender
2026-09-04,NEW,NHPC,"Providing assistance in Canteen Facility in the Power House of Sewa-II Power Station, Mashka (J&K) for a period of Two Years",,,,https://www.nhpcindia.com/welcome/tender
2026-09-04,NEW,NHPC,"Providing assistance for Running and Maintenance of surrounding area of Power House, LHPS, Surface Penstock, Surge shaft, TRC and Valve House etc. at Sewa-II Power Station, Mashka, Distt- Kathua (J&K) for a period of 2 years",,,,https://www.nhpcindia.com/welcome/tender
2026-09-04,NEW,NHPC,"Purchase of Furniture for Zorawar Hospital, Salal Power Station",,,,https://www.nhpcindia.com/welcome/tender
2026-09-04,NEW,NHPC,Providing Assistance in Running and Maintenance of Medical Services Division of NHPC Corporate Office and Dispensary at NHPC Residential Colony for Two Years,,,,https://www.nhpcindia.com/welcome/tender
2026-09-04,NEW,NHPC,"Service, repair and maintenance contract of Package/Ductable ACs installed at Power House And Colony of Chamera-I Power Station.",,,,https://www.nhpcindia.com/welcome/tender
2026-09-04,NEW,NHPC,"For services of Emergency Flood warning system (i.e. Installing and Commissioning, cloud storage, Bulk SMS service and integration of siren with API located at various location of Tanakpur Power Station",,,,https://www.nhpcindia.com/welcome/tender
2026-09-04,NEW,NHPC,Service Contract for the Maintenance of Computers and peripherals (including Local Area Network (LAN)) for 2026,,,,https://www.nhpcindia.com/welcome/tender
2026-09-04,NEW,NHPC,"Under Water Inspection, Checking, Cleaning and Temporary Sealing of HM Gates for the period of two years at Rangit Power Station, South Sikkim",,,,https://www.nhpcindia.com/welcome/tender
2026-09-04,NEW,NHPC,Protection work at left bank of Jhelum and right bank of Open Channel (d/s of Dam),,,,https://www.nhpcindia.com/welcome/tender
2026-09-04,NEW,NHPC,Protection work of right bank of Jiwa Nallah along E&M Stores after damages occurred due to incident of Cloud brust on dated-25.06.2025 near Power House of Parbati-H.E. Project (Stage-II)(Package No-C-866),,,,https://www.nhpcindia.com/welcome/tender
2026-09-04,NEW,NHPC,Hiring of 16 (Sixteen) Nos Photocopier Machines including Full Service Maintenance Agreement (FSMA) for a period of 5 (Five) years.,,,,https://www.nhpcindia.com/welcome/tender
2026-09-04,NEW,NHPC,Purchase of Shaft Seal cooling water system of generating Units for Uri Power Station,,,,https://www.nhpcindia.com/welcome/tender
2026-09-04,NEW,NHPC,"Repair and Maintenance (R&amp;amp;M) of electrical installations located at Loktak, Ithai Barrage, and Lamdan—including the repair and maintenance of DG sets at Loktak, Ithai Barrage, and the Diesel Power House of Loktak Power Station",,,,https://www.nhpcindia.com/welcome/tender
2026-09-04,NEW,NHPC,"Purchase of Spare Parts of 04 Nos. HP Compressor, Model No.15T2,Make: Ingersoll Rand installed at Parbati III Power House",,,,https://www.nhpcindia.com/welcome/tender
2026-09-04,NEW,NHPC,"Restoration of Barbed wire fencing from Morcha No. 9 to TRC and Main Gate to Switchyard of Leimatak Colony, Loktak Power Station.",,,,https://www.nhpcindia.com/welcome/tender
2026-09-04,NEW,NHPC,Purchase of 12 Nos. Commercial All-in-one PC for Teesta Low Dam-III Power Station.,,,,https://www.nhpcindia.com/welcome/tender
2026-09-04,NEW,NHPC,"Repair of Primary School, Mongpong forest village under Pabringtar Gram Panchayat by TLD-IV PS Kalijhora",,,,https://www.nhpcindia.com/welcome/tender
2026-09-04,NEW,NHPC,Purchase of Adobe Acrobat Pro Software for TLD-III Power Station.,,,,https://www.nhpcindia.com/welcome/tender
2026-09-04,NEW,NHPC,Purchase of Video Conferencing System Parbati III Power Station - 2026,,,,https://www.nhpcindia.com/welcome/tender
2026-09-04,NEW,NHPC,Purchase of various consumables items,,,,https://www.nhpcindia.com/welcome/tender
2026-09-04,NEW,NHPC,"Inspection, testing and certification of pressure vessels and Lifting equipment's (For 02 years) of NHPC Sewa-2 Power Station (SC-722)",,,,https://www.nhpcindia.com/welcome/tender
2026-09-04,NEW,NHPC,Annual Maintenance Contract (AMC) of Water Purifiers installed at Sewa-II Power Station,,,,https://www.nhpcindia.com/welcome/tender
2026-09-04,NEW,NHPC,Purchase of Portable Air Dryer Unit for Transformers of Sewa-II Power Station.,,,,https://www.nhpcindia.com/welcome/tender
2026-09-04,NEW,NHPC,Hiring of 01 Nos electric inspection vehicle for Sewa-II Power Station,,,,https://www.nhpcindia.com/welcome/tender
2026-09-04,NEW,NHPC,Strengthening of Boundary wall of Store of Salal Power Station at Talwara.,,,,https://www.nhpcindia.com/welcome/tender
2026-09-04,NEW,NHPC,Supply and Installation of 10 nos. All-in-One Computer,,,,https://www.nhpcindia.com/welcome/tender
2026-09-04,NEW,NHPC,Construction of 2 Nos. Security Morcha at Old Store Behali of Parbati-III Power Station.,,,,https://www.nhpcindia.com/welcome/tender
2026-09-04,NEW,NHPC,Repair and maintenance work of residential buildings and roads in Kariyan Colony of Chamera-III Power Station,,,,https://www.nhpcindia.com/welcome/tender
2026-09-04,NEW,NHPC,"Repair of the approach footpath leading to the Holy Shiv Cave (Guffa) at Surman Village, Salal Power Station.",,,,https://www.nhpcindia.com/welcome/tender
2026-09-04,NEW,NHPC,Repair and HP HVOF Coating of 01 No Runner of 77 MW Francis Hydro turbine of Chamera III Power Station during FY 2026 27 (Comp No 166480),,,,https://www.nhpcindia.com/welcome/tender
2026-09-04,NEW,NHPC,Hiring of MAHINDRA BOLERO B4 NEW LATEST MODEL or Higher version on 24 Hrs Wet Hiring Basis for CPS-1.,,,,https://www.nhpcindia.com/welcome/tender
2026-09-04,NEW,NHPC,Hiring of New Latest MAHINDRA SCORPIO CLASSIC or Higher version on 24 Hrs Wet Hiring Basis for CPS-1.,,,,https://www.nhpcindia.com/welcome/tender
2026-09-04,NEW,NHPC,Purchase of James Walker make SOLOSELE Rubber Seals for Uri Power Station,,,,https://www.nhpcindia.com/welcome/tender
2026-09-04,NEW,NHPC,Procurement of Two (02) no. Xylem Make Potable Cooling Water Pumps for Uri Power Station,,,,https://www.nhpcindia.com/welcome/tender
2026-09-04,NEW,NHPC,"Lining work by steel ribs and reinforced cement concrete in the main access tunnel (MAT) of the power house of Uri -II Power Station, Baramulla, JK",,,,https://www.nhpcindia.com/welcome/tender
2026-09-04,NEW,NHPC,"Construction of 05 no. bunkers in residential cum office complex of Uri-II Power Station, JK",,,,https://www.nhpcindia.com/welcome/tender
2026-09-04,NEW,NHPC,"Purchase of New Batteries and buyback of old and used batteries for Chamera-III PS, 220V DC Battery Bank.",,,,https://www.nhpcindia.com/welcome/tender
2026-09-04,NEW,NHPC,Annual Maintenance Contract (AMC) of CCTV System of Sewa-II PS for 02 years,,,,https://www.nhpcindia.com/welcome/tender
2026-09-04,NEW,NHPC,Monetization of Free Cash component (Return on Equity) of Uri-II &amp;amp;amp;amp;amp;amp;amp;amp;amp;amp;amp;amp;amp;amp;amp;amp;amp;amp;amp; Dhauliganga Power Station for next ten-years in single tranche during FY 2026-2027,,,,https://www.nhpcindia.com/welcome/tender
2026-09-04,NEW,NHPC,"पावर हाउस के लिए Dry Block cum Stirred Liquid Bath RTD,DTT, Thermocouple Calibrator with inbuilt indicator की खरीद हेतू क्रय प्र्स्ताव",,,,https://www.nhpcindia.com/welcome/tender
2026-09-04,NEW,NHPC,Hiring of six (06) nos. of Mahindra Bolero 1500cc equivalent or higher on contractor basis for Three (03) year for Dulhasti Power Station Kishtwar,,,,https://www.nhpcindia.com/welcome/tender
2026-09-04,NEW,NHPC,Comprehensive Repair of Damaged Runner OP 1 and OP 3 of Dulhasti Power Station 2026 and 2027,,,,https://www.nhpcindia.com/welcome/tender
2026-09-04,NEW,NHPC,"Repair of external roads from Switchyard to Power House (RD- 0 m to 2306 m) and Dam security gate to culvert (RD - 2306 to 4656 m) at NBPS, Leh, UT- Ladakh",,,,https://www.nhpcindia.com/welcome/tender
2026-09-04,NEW,NHPC,Service Contract for Running and maintenance of residential buildings and roads in Karian Colony at Chamera-III Power Station for the period of 12 months,,,,https://www.nhpcindia.com/welcome/tender
2026-09-04,NEW,NHPC,Re-Wiring of 24-E-Type and 24-D-Type Quarters located at Tanakpur Power Station,,,,https://www.nhpcindia.com/welcome/tender
2026-09-04,NEW,NHPC,"Providing Security Services of Ex-Serviceman through DGR Registered Agencies at Regional Office, Chandigarh",,,,https://www.nhpcindia.com/welcome/tender
2026-09-04,NEW,NHPC,Regarding Re-wiring of dam and power house drainage gallery Illumination system at TLDP-IV Power Station,,,,https://www.nhpcindia.com/welcome/tender
2026-09-04,NEW,NHPC,"“Repair and Renovation of Type-IIB Quarters under possession of Teesta-VI HE Project at Balutar, Sikkim.",,,,https://www.nhpcindia.com/welcome/tender
2026-09-04,NEW,NHPC,Hydrographic survey of Salal Dam reservoir at Dhyangarh for the year 2026,,,,https://www.nhpcindia.com/welcome/tender
2026-09-04,NEW,NHPC,purchase and installation of of Snooker/Billiards Table and TT Table,,,,https://www.nhpcindia.com/welcome/tender
2026-09-04,NEW,NHPC,Purchase of tools for Power House,,,,https://www.nhpcindia.com/welcome/tender
2026-09-04,NEW,NHPC,Purchase of mechanical Seal for the Pump installed in the powerhouse of Parbati III Power Station - 2026,,,,https://www.nhpcindia.com/welcome/tender
2026-09-04,NEW,NHPC,Providing assistance for Running and Maintenance of Construction Plant/Equipment and Vehicles of Tanakpur Power Station for the year 2026-28.,,,,https://www.nhpcindia.com/welcome/tender
2026-09-04,NEW,NHPC,Purchase of Electromechanical Tyre Killer for Powerhouse Main Entry Gate check point of Sewa-II Power Station,,,,https://www.nhpcindia.com/welcome/tender
2026-09-04,NEW,NHPC,Purchase of Automatic Boom Barrier for Powerhouse Main Entry Gate check point of Sewa-II Power Station,,,,https://www.nhpcindia.com/welcome/tender
2026-09-04,NEW,NHPC,"Overhauling and Replacement of Filter Media of Filtration Plant TLD-IV Power Station, Kalijhora",,,,https://www.nhpcindia.com/welcome/tender
2026-09-04,NEW,NHPC,Purchase of Radar-Based Water Level Sensors along with Controller Unit for Power House.,,,,https://www.nhpcindia.com/welcome/tender
2026-09-04,NEW,NHPC,"Internal inspection/troubleshooting, repair, and rectification work of single-phase GSU Transformers 11/220/√3kV, 32 MVA operating at Chamera-III Power Station, Dharwala",,,,https://www.nhpcindia.com/welcome/tender
2026-09-04,NEW,NHPC,"Supply of Heat Exchanger Plates and Gaskets for Unit Cooling System at Chamera-III Power Station, Chamba (Himachal Pradesh).",,,,https://www.nhpcindia.com/welcome/tender
2026-09-04,NEW,NHPC,Purchase of 01 no. of D685-4834D and 01 no. of D685-4836E Moog make 3-Stage Proportional Control Valves for Power House of TLD-III Power Station.,,,,https://www.nhpcindia.com/welcome/tender
2026-09-04,NEW,NHPC,"Repair and Maintenance of Downstream Apron and Right Bank Slope at Dam Site of Kishanganga Power Station, Gurez, Bandipora, J and K (PKG-588).",,,,https://www.nhpcindia.com/welcome/tender
2026-09-04,NEW,NHPC,Running and Maintenance of Executive &amp;amp; Non-Executive Field Hostels and Canteen Services at Samdong Colony(2026-2028),,,,https://www.nhpcindia.com/welcome/tender
2026-09-04,NEW,NHPC,"Restoration of Retaining wall along sewa river damaged during flood in front of DC Office, CISF.",,,,https://www.nhpcindia.com/welcome/tender
2026-09-04,NEW,NHPC,"Purchase of Tranter make heat exchanger plates, Gasket set and Gasket adhesive for Power House of TLD-III Power Station.",,,,https://www.nhpcindia.com/welcome/tender
2026-09-04,NEW,NHPC,"Providing Box culvert at Dhaee Nala on Taleru – Power House Road, CPS-1.",,,,https://www.nhpcindia.com/welcome/tender
2026-09-04,NEW,NHPC,Purchase and Installation of Modular Workstation at various offices in Uri II Power Station,,,,https://www.nhpcindia.com/welcome/tender
2026-09-04,NEW,NHPC,Purchase of Log Management Server Solution.,,,,https://www.nhpcindia.com/welcome/tender
2026-09-04,NEW,NHPC,Repair of Kalijhora Primary School and drinking water supply under Kalijhora Gram Panchayat by TLD-IV PS Kalijhora,,,,https://www.nhpcindia.com/welcome/tender
2026-09-04,NEW,NHPC,"Providing assistance for cleaning of trash and operation of TRCM at HM Barrage, Tanakpur Power Station",,,,https://www.nhpcindia.com/welcome/tender
2026-09-04,NEW,NHPC,REPAIR OF TRANSFORMERS,,,,https://www.nhpcindia.com/welcome/tender
2026-09-04,NEW,NHPC,"Repair and renovation work of Field Hostel at NHPC Residential Complex, Dawar, Gurez of Kishanganga Power Station, Bandipora, J and K (PKG-585).",,,,https://www.nhpcindia.com/welcome/tender
2026-09-04,NEW,NHPC,"Purchase of Loader cum Excavator for Chamera-III Power station, Dharwala, Chamba, H.P.",,,,https://www.nhpcindia.com/welcome/tender
2026-09-04,NEW,NHPC,Construction of PCC retaining wall in place of damaged retaining wall on Adit-VI Road ( E-office no. 161647),,,,https://www.nhpcindia.com/welcome/tender
2026-09-04,NEW,NHPC,"Providing services of running and Maintenance of Electrical Infra Division left bank of Dibang Multipurpose Project, 2880MW Roing, Arunachal Pradesh",,,,https://www.nhpcindia.com/welcome/tender
2026-09-04,NEW,NHPC,"Supply, Installation, Testing & Commissioning of Carbon Dust Collector System &#40;CDCS&#41; for 03 Nos. of Generators of Sewa-II Power Station.",,,,https://www.nhpcindia.com/welcome/tender
2026-09-04,NEW,NHPC,Purchase of BHEL make spare Stator Bars for UNIT#1 & UNIT#3 OF NHPC Ltd.- Sewa-II Power Station.,,,,https://www.nhpcindia.com/welcome/tender
2026-09-04,NEW,NHPC,"Construction of temporary shed for new DG set and railing at Dam site of Uri-II Power Station, JK",,,,https://www.nhpcindia.com/welcome/tender
2026-09-04,NEW,NHPC,"Up-keeping of Salal Power House Stage I & II including Toilets/bathrooms and operation of 35KLD Prefabricated Sewage Treatment Plant at Power House, for a period of Two year.",,,,https://www.nhpcindia.com/welcome/tender
2026-09-04,NEW,NHPC,Repair of Spillway bucket 01 with HPC M65 grade Concrete for maintaining original profile &amp; repair of patches of spillway of concrete dam and Silt gallery with Cementitious mortar (R-4),,,,https://www.nhpcindia.com/welcome/tender
2026-09-04,NEW,NHPC,"Supply, Testing, Commissioning and Trial Run of Lifting Beam Assembly of 40 T Gantry Crane at Dam site of Uri-II Power Station",,,,https://www.nhpcindia.com/welcome/tender
2026-09-04,NEW,NHPC,"Upkeeping work of Power House area, Kishanganga Power Station, Bandipora, J and K for 24 months (PKG-596).",,,,https://www.nhpcindia.com/welcome/tender
2026-09-04,NEW,NHPC,"Repair and internal painting of C-type quarters C1 to C32 (32 Nos.) at CPS-1, Khairi.",,,,https://www.nhpcindia.com/welcome/tender
2026-09-04,NEW,NHPC,"Balance works of “Construction of Permanent office building at Left bank, NBPS Colony, Alchi, Leh, UT-Ladakh”",,,,https://www.nhpcindia.com/welcome/tender
2026-09-04,NEW,NHPC,Goli Road R- Wall near RD 0.0 on Dam Goli - Road (154-A).,,,,https://www.nhpcindia.com/welcome/tender
2026-09-04,NEW,NHPC,Running and Maintenance of Canteen at Uri-II Power House for a period of 02 years,,,,https://www.nhpcindia.com/welcome/tender
2026-09-04,NEW,NHPC,Procurement of Nuts and Bolts for the Runner of Loktak Power House,,,,https://www.nhpcindia.com/welcome/tender
2026-09-04,NEW,NHPC,"Purchase of Toner-Canon,HP, Xerox",,,,https://www.nhpcindia.com/welcome/tender
2026-09-04,NEW,NHPC,Providing Manpower Assistance Services for Operation and Maintenance of Site Camps,,,,https://www.nhpcindia.com/welcome/tender
2026-09-04,NEW,NHPC,Procurement of Satellite Imagery Data,,,,https://www.nhpcindia.com/welcome/tender
2026-09-04,NEW,NHPC,"Providing Running and Maintenance and other Miscellaneous Services for Two Field hostels one Ezengo II near Helipad and the other Mayu II near Veterinary Office for 02 Two year at Dibang Multipurpose Project, Roing Arunachaal Pradesh.",,,,https://www.nhpcindia.com/welcome/tender
2026-09-04,NEW,NHPC,"Providing Running and Maintenance of departmental vehicle and heavy equipment of workshop and transport division for (02) Two year at Dibang Multipurpose Project, Roing, Arunachal Pradesh",,,,https://www.nhpcindia.com/welcome/tender
2026-09-04,NEW,NHPC,"Hiring of Two (02) nos. Mahindra Bolero, Model B4 (Diesel) or higher with Driver and with fuel (reimbursable) for two years",,,,https://www.nhpcindia.com/welcome/tender
2026-09-04,NEW,NHPC,Purchase of All in One -Desktop Computer Parbati III Power Station - 2026,,,,https://www.nhpcindia.com/welcome/tender
2026-09-04,NEW,NHPC,Annual Maintenance Contract AMC for Hiring of service Engineer from Statcon Energiaa Pvt Ltd for Servicing of 02 Nos 220VDC and 02 Nos 48VDC Chargers installed at UriII Power House for Two consecutive years,,,,https://www.nhpcindia.com/welcome/tender
2026-09-04,NEW,NHPC,Routine Maintenance of 4X60MW Hydro-Generating Equipment&#039;s and Auxiliaries of Uri-II Power Station,,,,https://www.nhpcindia.com/welcome/tender
2026-09-04,NEW,NHPC,Restoration of Retaining wall along sewa river damaged during floodnear work shop CPS-1,,,,https://www.nhpcindia.com/welcome/tender
2026-09-04,NEW,NHPC,Providing and fixing of roof cover for sedimentation tank of pump House at Lower Samleu.,,,,https://www.nhpcindia.com/welcome/tender
2026-09-04,NEW,NHPC,Hiring of 05 Nos. Inspection and Commercial Vehicles for the use at Uri-II Power Station,,,,https://www.nhpcindia.com/welcome/tender
2026-09-04,NEW,NHPC,Restoration-Protection Work of Dumping Site-3 Tareda,,,,https://www.nhpcindia.com/welcome/tender
2026-09-04,NEW,NHPC,"Work of laying 40 mm thick gravel above the ground in 400KV, 33KV area and 9 number DG area in the Potheadyard of the Switchyard Complex located at Chamera Power Station-I, Khairi.",,,,https://www.nhpcindia.com/welcome/tender
2026-09-04,NEW,NHPC,Repair of Faulty Modules of CMR and Excitation System,,,,https://www.nhpcindia.com/welcome/tender
2026-09-04,NEW,NHPC,Repair and Painting of Hospital and Boundary wall including other development work at Head Quarter of CRPF 32 BN under Loktak Power Station.,,,,https://www.nhpcindia.com/welcome/tender
2026-09-04,NEW,NHPC,"Comprehensive Maintenance Contract of Computers, laptops, services, IT peripherals &amp; UPS for a period of two (02) years",,,,https://www.nhpcindia.com/welcome/tender
2026-09-04,NEW,NHPC,"Special Repair of Spillway Piers with Class R-4 cement based mortar at the Dam site of Kishanganga Power Station, Gurez, Bandipora, J and K (PKG-591).",,,,https://www.nhpcindia.com/welcome/tender
2026-09-04,NEW,NHPC,"Painting and miscellaneous repair of Admin Building , Uri Power Station, Gingle.",,,,https://www.nhpcindia.com/welcome/tender
2026-09-04,NEW,NHPC,"Repair of boundary wall, waterproofing of corrugated roof sheets, painting and othercivil works of SMD office, canteen and petrol pump, CPS-1 located at CPS-I, Khairi.",,,,https://www.nhpcindia.com/welcome/tender
2026-09-04,NEW,NHPC,Purchase of interlocking paver blocks for widening of the road and construction of other footpaths in the colony premises of Tanakpur Power Station,,,,https://www.nhpcindia.com/welcome/tender
2026-09-04,NEW,NHPC,"Supply, Installation and commissioning of two (02) Nos Refrigerated Type Compressed Air Dryer suitable for achieving a pressure dew point between 3°C and 10°C and compatible with existing Air Compressors",,,,https://www.nhpcindia.com/welcome/tender
2026-09-04,NEW,NHPC,Construction of Foundation &amp;amp; Flooring for 03 Nos of Prefab Shelters made for PUF panels for the Valve House site of Parbati-H.E. Project (Stage-II) (Package No-C-850),,,,https://www.nhpcindia.com/welcome/tender
2026-09-04,NEW,NHPC,"Regular dewatering , water level monitoring of Shaft near slide zone & AB-11 and clearing of weeds along Penstock at Loktak Project NHPC Limited for a period of two 02 year",,,,https://www.nhpcindia.com/welcome/tender
2026-09-04,NEW,NHPC,Procurement of Desktop PCs and UPS Units.,,,,https://www.nhpcindia.com/welcome/tender
2026-09-04,NEW,NHPC,"Construction of Left Bank Spillway Extension wall up to the Diversion Tunnel Outlet at Dam Site of Kishanganga Power Station, Gurez, Bandipora, J and K (PKG-590).",,,,https://www.nhpcindia.com/welcome/tender
2026-09-04,NEW,NHPC,"River bank protection work of Tarabal and Chotiwari villages at downstream of the Dam site of Kishanganga Power Station, Gurez, Bandipora, J and K (PKG-592).",,,,https://www.nhpcindia.com/welcome/tender
2026-09-04,NEW,NHPC,"Extension of Fire-Station Building at Subansiri Lower H. E. Project, Gerukamukh.",,,,https://www.nhpcindia.com/welcome/tender
2026-09-04,NEW,NHPC,"Fabrication, supply, installation, testing &amp; commissioning of 45 MT Draft Tube Gate lifting/follower beam at Chamera Power Station-I, Khairi, Chamba, HP.",,,,https://www.nhpcindia.com/welcome/tender
2026-09-04,NEW,NHPC,"Repair and Maintenance of Store room, Door and windows, Leakage of washroom and construction of Cable trench at Dam Site of Kishanganga Power Station, Gurez, Bandipora, J and K (PKG-589).",,,,https://www.nhpcindia.com/welcome/tender
2026-09-04,NEW,NHPC,"R&M of civil activities, water supply, leaching & instrumentation work for Power house area, CPS-1.",,,,https://www.nhpcindia.com/welcome/tender
2026-09-04,NEW,NHPC,"Protection work near Left &amp; Right Bank of TRT Outlet, CPS-1, Khairi.",,,,https://www.nhpcindia.com/welcome/tender
2026-09-04,NEW,NHPC,"Hiring of services for the operation of the gates and monitoring of the Reservoir level at Dam site, Gurez of Kishanganga Power Station, Bandipora for 02 years (PKG-586).",,,,https://www.nhpcindia.com/welcome/tender
2026-09-04,NEW,NHPC,Supply of Single Phase Transformer Turns Ratio Meter for Power House of Salal Power Station,,,,https://www.nhpcindia.com/welcome/tender
2026-09-04,NEW,NHPC,SITC of 500 KVA DG set for Jyotipuram Complex.,,,,https://www.nhpcindia.com/welcome/tender
2026-09-04,NEW,NHPC,"Renovation work of administrative building of Chamera Power Station-1, Khairi.",,,,https://www.nhpcindia.com/welcome/tender
2026-09-04,NEW,NHPC,Servicing of Avon Make 10MT Single Girder E.O.T Crane installed at Switchyard Complex of CPS-1.,,,,https://www.nhpcindia.com/welcome/tender
2026-09-04,NEW,NHPC,"Servicing/Overhauling of Dilo SF6 Gas Handling Cart at Chamera-1 Power Station, Khairi (H.P.)",,,,https://www.nhpcindia.com/welcome/tender
2026-09-04,NEW,NHPC,"Purchase of 11 KV XLPE cable along with different types of electrical items for work of 11 KV Power supply line at Dam site Khadamukh, CPS-III",,,,https://www.nhpcindia.com/welcome/tender
2026-09-04,NEW,NHPC,"Construction of parking shed at C-Type residential colony and TRT field hostel at CPS1, Khairi.",,,,https://www.nhpcindia.com/welcome/tender
2026-09-04,NEW,NHPC,"“Comprehensive Annual Maintenance Contract for RO/Water Purifiers installed at Guest House/Transit Camp/Field Hostel &amp; Regional Office at NHPC Limited, Chandigarh”",,,,https://www.nhpcindia.com/welcome/tender
2026-09-04,NEW,NHPC,Procurement of Unidirectional Security Gateway (Data Diodes) for Cyber security of SCADA and other OT networks at Power Stations and Dam sites of NHPC,,,,https://www.nhpcindia.com/welcome/tender
2026-09-04,NEW,NHPC,Pest control services for General Pest/Insect control and Rodent control in office building at NHPC RO Chandigarh.,,,,https://www.nhpcindia.com/welcome/tender
2026-09-04,NEW,NHPC,"Replacement of Rotating Labyrinths, any repairs required there off and HP-HVOF Coating of 1 no. Francis Runner of 60 MW Hydro-Generator of Uri-II Power station for FY 2026-27",,,,https://www.nhpcindia.com/welcome/tender
2026-09-04,NEW,NHPC,Collection and disposal of Trash Deposited in reservoir/ Intake area from time to time during flushing of Reservoir including cleaning of Trash Rack (For FY 2026- 27) at TLD-IV PS Kalijhora,,,,https://www.nhpcindia.com/welcome/tender
2026-09-04,NEW,NHPC,Construction of Left Abutment along with Wing Walls on Both Sides for Hurla Bailey Bridge under Sheelagarh site of Parbati-H.E. Project (Stage-II)(Package No-C-860),,,,https://www.nhpcindia.com/welcome/tender
2026-09-04,NEW,NHPC,"External Putty, Painting and Providing/Fixing Window and Door etc. in the New GIS Building at Teesta-V Power Station",,,,https://www.nhpcindia.com/welcome/tender
2026-09-04,NEW,NHPC,"Providing Security and surveillance Services at Liaison Office, Kolkata, NHPC Ltd., for the period of 24 months",,,,https://www.nhpcindia.com/welcome/tender
2026-09-04,NEW,NHPC,Annual/Capital Maintenance of 4 X 60MW Hydro-Generating Units of Uri-II Power Station as per scope of work for period of two successive maintenance year i.e. 2026-27 and 2027-28.,,,,https://www.nhpcindia.com/welcome/tender
2026-09-04,NEW,NHPC,SITC of IP based CCTV camera system at DAM site of Parbati III Power Station -2026,,,,https://www.nhpcindia.com/welcome/tender
2026-09-04,NEW,NHPC,"Repair & maintenance of water storage tank roof cover & tiling in water tank of Upper Samleu, CPS-1",,,,https://www.nhpcindia.com/welcome/tender
2026-09-04,NEW,NHPC,Testing of Protection Relays at Uri-II Power Station,,,,https://www.nhpcindia.com/welcome/tender
2026-09-04,NEW,NHPC,"Repairing of 5th row of Bamboo Trash Rack and cleaning of water Hyacinth Phumdies, Aquatic Weeds on both side of 5th row at Bamboo Trash Rack of Power Channel, Loktak Power Station.",,,,https://www.nhpcindia.com/welcome/tender
2026-09-04,NEW,NHPC,AMC of automatic water level recorder (AWLR) and Rain Gauge around Loktak Lake.,,,,https://www.nhpcindia.com/welcome/tender
2026-09-04,NEW,NHPC,SITC of PA system with stage sound box for auditorium at Salal Power Station.,,,,https://www.nhpcindia.com/welcome/tender
2026-09-04,NEW,NHPC,"Split Air Conditioner, Wall Mount Type (V3) ISI Marked to IS 1391 (Part 2) (Q2)",,,,https://www.nhpcindia.com/welcome/tender
2026-09-04,NEW,NHPC,Under water diving up to depth of 60.00 meter at Surge Shaft of Sewa-II Power Station,,,,https://www.nhpcindia.com/welcome/tender
2026-09-04,NEW,NHPC,"Supply, Installation, Testing and Laying of 12 core Armoured Single Mode OFC from Switchyard to Dam Control Room of Chamera-I Power Station.",,,,https://www.nhpcindia.com/welcome/tender
2026-09-04,NEW,NHPC,"Purchase of DESK-BENCH (2 SEATER) , REVOLVING CHAIR WITH ARM , VISITOR CHAIR WITH ARM SEAT BACK PADED",,,,https://www.nhpcindia.com/welcome/tender
2026-09-04,NEW,NHPC,Purchase of 25 Nos 43 Inches Smart LED TV,,,,https://www.nhpcindia.com/welcome/tender
2026-09-04,NEW,NHPC,Purchase of A3 Size Multifunction Printer,,,,https://www.nhpcindia.com/welcome/tender
2026-09-04,NEW,NHPC,"Repair of damaged at TRT area during monsoon 2025 at Salal Power Station, Jyotipuram",,,,https://www.nhpcindia.com/welcome/tender
2026-09-04,NEW,NHPC,Regarding Re-wiring of dam and power house drainage gallery Illumination system at TLDP-IV Power Station,,,,https://www.nhpcindia.com/welcome/tender
2026-09-04,NEW,NHPC,"Conducting Assessment of Competency, Potential and Values (CPV) of Executives through a Third Party as per newly launched Performance Management System &#40;PMS&#41;",,,,https://www.nhpcindia.com/welcome/tender
2026-09-04,NEW,NHPC,Repairing of Loktak-Leimatak road from RD 8.000 Km to RD 12.000 Km of Loktak Project.,,,,https://www.nhpcindia.com/welcome/tender
2026-09-04,NEW,NHPC,"Drilling of 04 No. Bore wells and installation of casing pipe at Left Bank of Teesta-V Power Station, Balutar.",,,,https://www.nhpcindia.com/welcome/tender
2026-09-04,NEW,NHPC,Purchase of Spare parts of Ingersoll Rand Make HP-LP Compressors for TLD III Power Station.,,,,https://www.nhpcindia.com/welcome/tender
2026-09-04,NEW,NHPC,Purchase of V Ring Seal for oil header assembly of TLD-III Power Station.,,,,https://www.nhpcindia.com/welcome/tender
2026-09-04,NEW,NHPC,"Replacement of existing 440 V, 3- phase bare conductor with LT aerial bunched cable on the existing lattice structure at Samdong colony",,,,https://www.nhpcindia.com/welcome/tender
2026-09-04,NEW,NHPC,"Hiring of Expert from OEM M/s GE VERNOVA HYDRO POWER INDIA PVT LTD for Year 2026 on requirement basis at Power House, Uri-II Power Station",,,,https://www.nhpcindia.com/welcome/tender
2026-09-04,NEW,NHPC,Repair and HP-HVOF Coating of 03 No. Runners of 70 MW Francis Hydro Turbine of Dhauliganga Power Station (2026-27),,,,https://www.nhpcindia.com/welcome/tender
2026-09-04,NEW,NHPC,"Providing and fixing floor tiles in B-type quarters at Lower Samleu, CPS-1.",,,,https://www.nhpcindia.com/welcome/tender
2026-09-04,NEW,NHPC,"R & M of Power House Operation, Rangit Power Station",,,,https://www.nhpcindia.com/welcome/tender
2026-09-04,NEW,NHPC,Civil works for Site preparation and protection work for installation of new STP,,,,https://www.nhpcindia.com/welcome/tender
2026-09-04,NEW,NHPC,Insurance Coverage under Group Personal Accident Insurance Scheme (GPAI) for a period of one year (From 01.06.2026 to 31.05.2027),,,,https://www.nhpcindia.com/welcome/tender
2026-09-04,NEW,NHPC,"Repair, Painting and other necessary works of nursery school at Chamera Power Station-I, Khairi.",,,,https://www.nhpcindia.com/welcome/tender
2026-09-04,NEW,NHPC,"Providing Assistance in O&M of Electrical installation and telephone lines of Sarthali Dam at Sewa-II Power Station, Distt. Kathua, J&K for a period of 02 years",,,,https://www.nhpcindia.com/welcome/tender
2026-09-04,NEW,NHPC,Repair of damaged/collapsed boundary wall near pump house and between Morcha No-3&amp;amp;amp;amp;4 at Gingle colony of Uri Power Station,,,,https://www.nhpcindia.com/welcome/tender
2026-09-04,NEW,NHPC,"Essential repair and painting work of Canteen Building and Store Office Building at Barrage Complex, Boniyar of Uri Power Station",,,,https://www.nhpcindia.com/welcome/tender
2026-09-04,NEW,NHPC,"Providing Insurance Cover during O&amp;amp;amp;amp;amp;amp;amp;amp;amp;amp;M period for 50MW Wind Power Project at Jaisalmer, Rajasthan for one year w.e.f. 19.06.26 to 18.06.27",,,,https://www.nhpcindia.com/welcome/tender
2026-09-04,NEW,NHPC,Providing hill slope protection from RD: 300m to 420m on NH-154A (Bagga road) of CPS-II Power station,,,,https://www.nhpcindia.com/welcome/tender
2026-09-04,NEW,NHPC,Cleaning of phumdies and grasses at locations where AWLR is installed of Loktak Power Station.,,,,https://www.nhpcindia.com/welcome/tender
2026-09-04,NEW,NHPC,"Repair and renovation of Type-A Building (16 nos. 1 BHK), Teste-VI HE Project, Pamphok , South Sikkim, Sikkim",,,,https://www.nhpcindia.com/welcome/tender
2026-09-04,NEW,NHPC,Insurance Coverage of Motor Vehicle Advance under NHPC Employees (MVA) Group Insurance Scheme for a Period of One Year (24.05.2026 to 23.05.2027),,,,https://www.nhpcindia.com/welcome/tender
2026-09-04,NEW,NHPC,Maintenance of Reservoir by Removal of Sediments using Amphibious Excavators cum Dredgers from Reservoir of Salal Dam.,,,,https://www.nhpcindia.com/welcome/tender
2026-09-04,NEW,NHPC,Supply of Dial-Type Thermometers for Generating Unit Bearings at Chamera Power Station-I,,,,https://www.nhpcindia.com/welcome/tender
2026-09-04,NEW,NHPC,Procurement of Float Switches installed in the generating units of the Power House at Chamera Power Station-I,,,,https://www.nhpcindia.com/welcome/tender
2026-09-04,NEW,NHPC,"Hiring of 01 No Air-Conditioned Diesel Vehicle- MUV/SUV - 1500cc Turbocharged or equivalent (2024 or later Model) along with driver without Fuel for 03 years on regular monthly contract basis on 24 x 7 for deployment at Solar Power Projects, Bhuj.",,,,https://www.nhpcindia.com/welcome/tender
2026-09-04,NEW,NHPC,"Purchase and installation of Core Switches, 48 Port Fiber, 10G, Layer-3, with 5 Years OEM Warranty",,,,https://www.nhpcindia.com/welcome/tender
2026-09-04,NEW,NHPC,"Cleaning, Sweeping & Up-Keeping of Powerhouse Complex and its Machineries & Equipment at Sewa-II Power Station, Distt. Kathua, J&K for a period of 02 years",,,,https://www.nhpcindia.com/welcome/tender
2026-09-04,NEW,NHPC,"Providing Assistance for Regulation of water supply system at Dam and Residential complex at Sarthali of Sewa-II Power Station, Distt. Kathua, J&K for a period of 02 years",,,,https://www.nhpcindia.com/welcome/tender
2026-09-04,NEW,NHPC,"Renovation work of administrative building of Chamera Power Station-1, Khairi.",,,,https://www.nhpcindia.com/welcome/tender
2026-09-04,NEW,NHPC,Installation of Obstacle Training Equipment at CISF unit TLD IV PS,,,,https://www.nhpcindia.com/welcome/tender
2026-09-04,NEW,NHPC,Cleaning and sweeping works of Uri-ll Power House for 2 years,,,,https://www.nhpcindia.com/welcome/tender
2026-09-04,NEW,NHPC,"Providing assistance for O&M of Dam and its associated structures, including the Gauge & Discharge site at Sarthali, of Sewa-II Power Station, Distt. Kathua, J&K for a period of 02 years",,,,https://www.nhpcindia.com/welcome/tender
2026-09-04,NEW,NHPC,"Construction of damaged portion of Road pavement (from RD 880m to 1200m) and Cross drainage at Bagga on Chamba - Bharmour road, CPS-II, Karian",,,,https://www.nhpcindia.com/welcome/tender
2026-09-04,NEW,NHPC,Annual Maintenance Contract (AMC) for Comprehensive Operation & Maintenance (O&M) of 85KWp Rooftop Solar Power Plant at Sewa-II Power Station for 5 Years,,,,https://www.nhpcindia.com/welcome/tender
2026-09-04,NEW,NHPC,"Providing Assistance in O&M of Electrical installation and telephone lines of Mashka at Sewa-II Power Station, Distt. Kathua, J&K for a period of 02 years (SC-714)",,,,https://www.nhpcindia.com/welcome/tender
2026-09-04,NEW,NHPC,"Sherpur Road Restoration work (Original road washed away completely) (Restoration of damaged Road along with Breast Wall and Drain and Damaged R/Wall on Oru-Sherpur Road Near Pump House), CPS1.",,,,https://www.nhpcindia.com/welcome/tender
2026-09-04,NEW,NHPC,Repair work of damaged left side of the footpath constructed for the local people in front of the administrative building of Chamera - III Power Station (E-Office No. 160974),,,,https://www.nhpcindia.com/welcome/tender
2026-09-04,NEW,NHPC,"Reaming, Re-drilling and Restoration of Non-Functional Pressure Relief / Drainage Holes of Foundation Gallery and Side Slope Galleries of Chamera–I Dam.",,,,https://www.nhpcindia.com/welcome/tender
2026-09-04,NEW,NHPC,SITC &amp;amp;amp; AMC Of 200HP VRF AC System &amp;amp;amp; Accessories Along with dismantle Of Old System and Comprehensive AMC for 5 Years As Per TS &amp;amp;amp; SCC,,,,https://www.nhpcindia.com/welcome/tender
2026-09-04,NEW,NHPC,"Purchase of misc. furnishing items for various Guest Houses/field hostels and Bachelor accomodations at Nowpora,Salamabad and Srinagar",,,,https://www.nhpcindia.com/welcome/tender
2026-09-04,NEW,NHPC,"Comprehensive annual Maintenance Contract for a period of two years of three number Omega Make Lift installed at Jyoti Sadan, NHPC Limited, Office Complex, Sector-33, Faridabad, through OEM, M/s Omega Elevators.",,,,https://www.nhpcindia.com/welcome/tender
2026-09-04,NEW,NHPC,Repair and Re-babbiting of TGB Shell dismantled from Unit#3 and Unit#1 of Chamera Power house-1.,,,,https://www.nhpcindia.com/welcome/tender
2026-09-04,NEW,NHPC,"Paintings of Spillway Stoplog, Intake Stoplog and Draft Tube Gates of TLD-IV Power Station",,,,https://www.nhpcindia.com/welcome/tender
2026-09-04,NEW,NHPC,"Dismantling of existing log-boom at Uri Barrage and Detailed revised design, engineering, fabrication, supply, erection, testing and commissioning/launching of novel synthetic floating log-boom barrier trash screen in the reservoir at the barrage.",,,,https://www.nhpcindia.com/welcome/tender
2026-09-04,NEW,NHPC,"Restoration of Kendriya Vidyalaya, Left Bank, Balutar at Teesta-V Power Station",,,,https://www.nhpcindia.com/welcome/tender
2026-09-04,NEW,NHPC,"Architectural work of dam control room and conference room of Dam control building at Dam site of Kishanganga Power Station, Gurez, Bandipora, J and K (PKG-587).",,,,https://www.nhpcindia.com/welcome/tender
2026-09-04,NEW,NHPC,"Construction of accommodation for Security Personnel at NHPC Colony, Kishanganga Power Station, Bandipora, J and K (PKG-576).",,,,https://www.nhpcindia.com/welcome/tender
2026-09-04,NEW,NHPC,"Construction of Civil structure for the installation of Lift at Administrative building, CPS-1.",,,,https://www.nhpcindia.com/welcome/tender
2026-09-04,NEW,NHPC,"Safety Inspection and Preventive Maintenance of Passenger Lift at Power House, Loktak Power Station",,,,https://www.nhpcindia.com/welcome/tender
2026-09-04,NEW,NHPC,"Purchase of Contactors, Relays and MCB’s, Make-BCH at Uri-II Power Station",,,,https://www.nhpcindia.com/welcome/tender
2026-09-04,NEW,NHPC,Running and Maintenance of Workshop/Transport and Store at Uri-II Power Station for the period of 02 year,,,,https://www.nhpcindia.com/welcome/tender
2026-09-04,NEW,NHPC,Repair of CISF Barrack and Repair and Painting of parade ground boundary wall at TLD-IV PS Kalijhora,,,,https://www.nhpcindia.com/welcome/tender
2026-09-04,NEW,NHPC,Civil works for Site preparation and protection work for installation of new STP,,,,https://www.nhpcindia.com/welcome/tender
2026-09-04,NEW,NHPC,Purchase and installation of 1.5 &amp;amp;amp;amp;amp;amp;amp;amp;amp;amp; 2 Ton (hot &amp;amp;amp;amp;amp;amp;amp;amp;amp;amp; cold) split AC,,,,https://www.nhpcindia.com/welcome/tender
2026-09-04,NEW,NHPC,Purchase of MS Office Software,,,,https://www.nhpcindia.com/welcome/tender
2026-09-04,NEW,NHPC,"Supply, Installation, Testing and commissioning of Dual fuel Kits (Conversion as per CPCB norms) on Diesel Generating Set of different capacity installed at NHPC Office Complex, Sector-33 & NHPC Residential Complex, Sector-41, Faridabad",,,,https://www.nhpcindia.com/welcome/tender
2026-09-04,NEW,NHPC,"Repair and painting of Central Store &amp;amp; Old Hospital Building at Behali, Parbati-III Power Station",,,,https://www.nhpcindia.com/welcome/tender
2026-09-04,NEW,NHPC,Selection of Roof Top Developer for Setting up Grid Connected Solar Roof Top Plants at Various locations on government buildings through HAREDA in the state of Haryana on RESCO Mode through Tariff-Based Competitive Bidding,,,,https://www.nhpcindia.com/welcome/tender
2026-09-04,NEW,NHPC,"Renovation and Modification of Control Room of Power House and Dam with false ceiling, panelling of wall, flooring and construction of server room of Dhauliganga Power station",,,,https://www.nhpcindia.com/welcome/tender
2026-09-04,NEW,NHPC,"Repair and Maintenance of 200 KLD STP (Sewerage treatment plant) at Nigalpani Township, DGPS, Dharchula",,,,https://www.nhpcindia.com/welcome/tender
2026-09-04,NEW,NHPC,R & M of Environmental Works at Rangit Power Station,,,,https://www.nhpcindia.com/welcome/tender
2026-09-04,NEW,NHPC,Mega Risk Policy including Terrorism &amp;amp;amp;amp;amp;amp; Third Party Liability Policy for NHPC Power Stations (For one year w.e.f 01.04.2026 to 31.03.2027),,,,https://www.nhpcindia.com/welcome/tender
2026-09-04,NEW,NHPC,"Integrated Bathymetric and UAV-Based Survey of Reservoir and Plunge Pool Area along with High-Resolution Drone Photography for Inaccessible Areas of Dam and Spillway and Underwater Photography and Videography of Plunge Pool Area, CPS-1.",,,,https://www.nhpcindia.com/welcome/tender
2026-09-04,NEW,NHPC,"Clearing of Jungle (Weeds, vegetation etc.) at Face-IV area including access Road to Face-IV area of Loktak Power Station",,,,https://www.nhpcindia.com/welcome/tender
2026-09-04,NEW,NHPC,AMC of water coolers/ purifiers installed at CPS-I.,,,,https://www.nhpcindia.com/welcome/tender
2026-09-04,NEW,NHPC,Upgradation & Refurbishment of 02 Nos. 190/30/10 MT Electric Overhead Traveling (EOT) Cranes of CPS-1.,,,,https://www.nhpcindia.com/welcome/tender
2026-09-04,NEW,NHPC,"Construction of DG Shed at Sub-Station in NHPC Colony, Kishanganga Power Station, Kralpora, Bandipora, J and K (PKG-584).",,,,https://www.nhpcindia.com/welcome/tender
2026-09-04,NEW,NHPC,"Cleaning and Protection work for Stilling basin area/Plunge Pool area of Downstream of Ithai Barrage, Loktak Power Station.",,,,https://www.nhpcindia.com/welcome/tender
2026-09-04,NEW,NHPC,"Selection of developers for installing rooftop solar plants on buildings of various departments (Law and Parliamentary Affairs, Jal Shakti, Irrigation and Flood Control, Forest, Ecology and Environment, and Home in UT of JNK through JAKEDA in RESCO mode, via tariff-based competitive bidding- PM Surya Ghar Muft Bijli -Yojana PMSG –MBY",,,,https://www.nhpcindia.com/welcome/tender
2026-09-04,NEW,NHPC,"Construction of RCC Bunkers at NHPC Colony, Kishanganga Power Station, Kralpora, Bandipora, J and K (PKG-583).",,,,https://www.nhpcindia.com/welcome/tender
2026-09-04,NEW,NHPC,"Cleaning and sweeping of Executive Field Hostels at NHPC colony, Kralpora, Bandipora, J and K for 2 years (PKG-577).",,,,https://www.nhpcindia.com/welcome/tender
2026-09-04,NEW,NHPC,Repair of downstream Approach Road of Dam for proposed alternate Dam Control room along with Left Bank Slope stabilization work above EL ±600M in the downstream of Dam axis of Teesta-V Power Station.,,,,https://www.nhpcindia.com/welcome/tender
2026-09-04,NEW,NHPC,"Maintenance and Cleaning of Rain Harvesting Pits for year 2026 in NHPC office Complex, Sector-33, Faridabad",,,,https://www.nhpcindia.com/welcome/tender
2026-09-04,NEW,NHPC,"Consultancy services for renovation and repair work of Jal Tarang Auditorium in NHPC Office Complex, Sec-33, Faridabad",,,,https://www.nhpcindia.com/welcome/tender
2026-09-04,NEW,NHPC,"Comprehensive Annual Maintenance Contract (CAMC) for three years for 10 KVA, Online UPS system installed at Regional Office, Chandigarh",,,,https://www.nhpcindia.com/welcome/tender
2026-09-04,NEW,NHPC,Purchase of All in one PC and workstation computer,,,,https://www.nhpcindia.com/welcome/tender
2026-09-04,NEW,NHPC,Rebabbiting of 01 Set (12 Nos.) TGB pads of Chamera-II Power Station,,,,https://www.nhpcindia.com/welcome/tender
2026-09-04,NEW,NHPC,"Hiring of one SUV-Maruti Suzuki-XL6 (Petrol Engine) at Regional Office Chandigarh, NHPC on contract basis for 03 years",,,,https://www.nhpcindia.com/welcome/tender
2026-09-04,NEW,NHPC,PURCHASE OF PHACO EMULSIFICATION MACHINE UNDER CSR-SD Scheme,,,,https://www.nhpcindia.com/welcome/tender
2026-09-04,NEW,NHPC,"Hiring of one Premium SUV- Innova Crysta (Diesel Engine) at Regional Office Chandigarh, NHPC on contract basis for 03 years",,,,https://www.nhpcindia.com/welcome/tender
2026-09-04,NEW,NHPC,Dismantling of existing toilets and construction of new toilets with bathrooms and replacement of piping and connecting to STP at Power House,,,,https://www.nhpcindia.com/welcome/tender
2026-09-04,NEW,NHPC,Purchase of Miscellaneous Mechanical Consumable Items for Power House of TLD-III PS,,,,https://www.nhpcindia.com/welcome/tender
2026-09-04,NEW,NHPC,supply of Multifunctional Inkjet Printer,,,,https://www.nhpcindia.com/welcome/tender
2026-09-04,NEW,NHPC,"SITC of 11 KV / 0.433 KV, 500 KVA Oil Filled ONAN Distribution Transformers for Parbati-III Power Station",,,,https://www.nhpcindia.com/welcome/tender
2026-09-04,NEW,NHPC,purchase of various types of spare parts for TRCM located at HM Barrage of Tanakpur Power Station,,,,https://www.nhpcindia.com/welcome/tender
2026-09-04,NEW,NHPC,Purchase of Tablet PC,,,,https://www.nhpcindia.com/welcome/tender
2026-09-04,NEW,NHPC,Supply &amp; Installation of Digital X-ray machine with accessories for Tanakpur Power Station,,,,https://www.nhpcindia.com/welcome/tender
2026-09-04,NEW,NHPC,"Construction of Guard Room, Morcha and Toilet for CISF Establishment at Dobat, DGPS",,,,https://www.nhpcindia.com/welcome/tender
2026-09-04,NEW,NHPC,AMC of Automatic Water Level Recorder (AWLR) and Rain Gauge around Loktak Lake at Loktak Power Station,,,,https://www.nhpcindia.com/welcome/tender
2026-09-04,NEW,NHPC,"Purchase of water supply items for Nowpora &amp; Salamabad Complex, Uri-II Power Station",,,,https://www.nhpcindia.com/welcome/tender
2026-09-04,NEW,NHPC,"Construction of Shopping Centre, Canteen and Co-operative store building at NHPC Colony, Kralpora, Bandipora, J and K (PKG-582).",,,,https://www.nhpcindia.com/welcome/tender
2026-09-04,NEW,NHPC,Regarding the purchase of various sports equipment for children at the ground located in Jyotipuram residential complex,,,,https://www.nhpcindia.com/welcome/tender
2026-09-04,NEW,NHPC,Construction of platform railing and Tin shed in Maidan in Tok Katandhar of Gram Panchayat Gagurwa.,,,,https://www.nhpcindia.com/welcome/tender
2026-09-04,NEW,NHPC,Supply Installation Testing and Commissioning (SITC) of Water Discharge Measurement System &#40;DMS&#41; with accessories along with Civil Work for Parbati-III Power Station at Jiwa Nallaha,,,,https://www.nhpcindia.com/welcome/tender
2026-09-04,NEW,NHPC,Protection Work at Uri-II Dam Site Above EL-1300M and Boulder Trap Measures at Right Bank Hill,,,,https://www.nhpcindia.com/welcome/tender
2026-09-04,NEW,NHPC,"Providing manpower for assistance in operation of offices at Kishanganga Power Station, Kralpora, Bandipora, J and K for 2 years (PKG-578).",,,,https://www.nhpcindia.com/welcome/tender
2026-09-04,NEW,NHPC,Slope protection of slide area on left side of downstream of Dam of Parbati-III Power Station,,,,https://www.nhpcindia.com/welcome/tender
2026-09-04,NEW,NHPC,"Supply, installation, Testing &amp; commissioning of split casing pumps for cooling water system with existing motor of 150HP",,,,https://www.nhpcindia.com/welcome/tender
2026-09-04,NEW,NHPC,"Operation and programming of Audio Video and Stage Lighting system installed at Jaltarang (Auditorium), Experience Centre &amp; at other location of NHPC Limited, Corporate Office Sector-33, Faridabad",,,,https://www.nhpcindia.com/welcome/tender
2026-09-04,NEW,NHPC,"Restoration of Damaged Retaining Wall at RD 12/514KM to RD 12/521.5 KM, RD 12/525 to RD 12/533.50KM and RD 12/535.5Km to RD 12/545Km at Dam Khairi Road.",,,,https://www.nhpcindia.com/welcome/tender
2026-09-04,NEW,NHPC,"Running and Maintenance of Residential and Non-residential Buildings, Cleaning of Internal Road and Drain, R and M of External and Internal water supply system, Plumbing work, STP and Pump operation at NHPC colony, Kralpora, Bandipora, J&K for 24 months (PKG-580).",,,,https://www.nhpcindia.com/welcome/tender
2026-09-04,NEW,NHPC,"Cleaning and sweeping of Permanent Field Hostels at NHPC colony, Kralpora, Bandipora, J and K for 2 years (PKG-579).",,,,https://www.nhpcindia.com/welcome/tender
2026-09-04,NEW,NHPC,"Supply, installation, testing and commissioning of submersible pump for drainage system of power house",,,,https://www.nhpcindia.com/welcome/tender
2026-09-04,NEW,NHPC,"Development of dismantled building area near view point as playground for children at Jyotipuram, Salal Power Station",,,,https://www.nhpcindia.com/welcome/tender
2026-09-04,NEW,NHPC,"Insurance of various movable and immovable properties of NHPC Office Complex, Sector-33, Faridabad, Residential Complex, Surajkund Road, Faridabad and Guest House-Delhi for the period of 2026-27",,,,https://www.nhpcindia.com/welcome/tender
2026-09-04,NEW,NHPC,"Testing and certification of pressure vessels, lifting machines, lifting tools, and tackles for the Loktak Power Station under the Factories Act for a period of one year 2026",,,,https://www.nhpcindia.com/welcome/tender
2026-09-04,NEW,NHPC,"Construction of permanent boundary wall of length 843 m from RD-0 m to RD-843 m (along with one entry gate &amp;amp;amp;amp;amp; one exit gate) on the left side of existing road in hill direction of Gaa village land of Kamala HE Project (1720MW), Arunachal Pradesh",,,,https://www.nhpcindia.com/welcome/tender
2026-09-04,NEW,NHPC,Restoration of Hurla Quarry Site of Parbati-H.E. Project (Stage-II) (Package No-C-849),,,,https://www.nhpcindia.com/welcome/tender
2026-09-04,NEW,NHPC,Providing and fitting of Sound proof gate/ door to cover the Runner removal Gallery at Draft tube area for Dhauliganga Power Station,,,,https://www.nhpcindia.com/welcome/tender
2026-09-04,NEW,NHPC,"Supply, Installation and commissioning of two (02) Nos Refrigerated Type Compressed Air Dryer suitable for achieving a pressure dew point between 3°C and 10°C and compatible with existing Air Compressors",,,,https://www.nhpcindia.com/welcome/tender
2026-09-04,NEW,NHPC,"Purchase of Tools and Tackles for Barrage Complex, Uri-I Power Station",,,,https://www.nhpcindia.com/welcome/tender
2026-09-04,NEW,NHPC,Upgradation of existing Local Area Network LAN setup in Admin building Township office hospital and colony,,,,https://www.nhpcindia.com/welcome/tender
2026-09-04,NEW,NHPC,Purchase of spares of Hydraulic System for power pack of SRGs/SFGs/SFTs of Rangit Dam (Bosch Rexroth make),,,,https://www.nhpcindia.com/welcome/tender
2026-09-04,NEW,NHPC,Repair and strengthening of internal road of SLP Gerukamukh.,,,,https://www.nhpcindia.com/welcome/tender
2026-09-04,NEW,NHPC,Empanelment of Cost Auditors for the Financial Year FY 2026-27 to 2028-29,,,,https://www.nhpcindia.com/welcome/tender
2026-09-04,NEW,NHPC,Purchase of Wear Rings for Uri Power Station,,,,https://www.nhpcindia.com/welcome/tender
2026-09-04,NEW,NHPC,Purchase of Different Types of Valves (Make: LEADER) for Powerhouse,,,,https://www.nhpcindia.com/welcome/tender
2026-09-04,NEW,NHPC,"Repair, painting and other necessary works of TRT (Tail Race Tunnel) view pointat CPS-1, Khairi.",,,,https://www.nhpcindia.com/welcome/tender
2026-09-04,NEW,NHPC,"Providing Services like Preparation and Catering of Food, Cleaning, Sweeping of building etc. at VIP Transit Camp, Srinagar, J&K for 2 years (PKG-574).",,,,https://www.nhpcindia.com/welcome/tender
2026-09-04,NEW,NHPC,"Insurance Policy for Industrial All Risk (IAR) with Terrorism and war plus TPL Policy on Replacement/ Reinstatement basis, for the period 01.04.2026 to 31.03.207 for 50 MW Tamilnadu, 300 MW Bikaner, 200 MW Khavda-I, 200 MW Khavda-III, 100 MW NP Kunta, 40 MW Ganjam Solar Projects/ Power Stations",,,,https://www.nhpcindia.com/welcome/tender
2026-09-04,NEW,NHPC,"Providing Services like Preparation and Catering of food in Permanent Field Hostels &amp; Transit camp and Non-Executive Field Hostel and canteen at NHPC colony, Kralpora, Bandipora, J&amp;K for 24 months (PKG-581).",,,,https://www.nhpcindia.com/welcome/tender
2026-09-04,NEW,NHPC,Hiring of IBM Cloud Infrastructure services for IFS ERP Application for 2 years along with 24x7 support,,,,https://www.nhpcindia.com/welcome/tender
2026-09-04,NEW,NHPC,Hiring of 01 No inspection Vehicle M&amp;amp;M Bolero BS-VI (1500 CC) Turbo Charged or equivalent for Teesta-v power station for a period of 24 Months.,,,,https://www.nhpcindia.com/welcome/tender
2026-09-04,NEW,NHPC,"Annual Internal painting of Kirby, Type-I, Type-II, and Type-III Quarters at SLP, Gerukamukh.",,,,https://www.nhpcindia.com/welcome/tender
2026-09-04,NEW,NHPC,"Upgradation/ Renovation of lane and drain from GREF road to Mela ground, Bani under CSR-SD scheme (CSR-711)",,,,https://www.nhpcindia.com/welcome/tender
2026-09-04,NEW,NHPC,Supply and Application of fire barriers in Walls and Floor Cut-outs at Power House of Parbati-II HE Project (Stage-II) (Package No. C-841),,,,https://www.nhpcindia.com/welcome/tender
2026-09-04,NEW,NHPC,R&M of Project Hospital by way of providing Para-medical staff & Cleaning and Sweeping Staff.,,,,https://www.nhpcindia.com/welcome/tender
2026-09-04,NEW,NHPC,Annual Maintenance Contract of Xerox make Photocopiers installed at Sewa-II Power Station,,,,https://www.nhpcindia.com/welcome/tender
2026-09-04,NEW,NHPC,"Hiring of Services for Round-the-Clock Operation of Fire Tenders at Kishanganga Power Station, Bandipora (J and K) for 02 (two) years (PKG-575).",,,,https://www.nhpcindia.com/welcome/tender
2026-09-04,NEW,NHPC,"Protection Work of Existing Petrol Pump/Store Office/Post Office/Township Office, Strengthening of Store Shed, Renovation of Township Office & Other Miscellaneous Works at surrounding of Township/Store Office Complex at Rangit Power Station",,,,https://www.nhpcindia.com/welcome/tender
2026-09-04,NEW,NHPC,Implementation of Rooftop Solar Projects on Government Buildings of allocated Central Ministries in RESCO Mode on Tariff-Based Competitive Bidding under PM Surya Ghar Muft Bijli Yojana (PMSG-MBY),,,,https://www.nhpcindia.com/welcome/tender
2026-09-04,NEW,NHPC,Comprehensive Annual Maintenance Contract for Matrix make EPABX Communication Servers installed at Teesta-V Power Station,,,,https://www.nhpcindia.com/welcome/tender
2026-09-04,NEW,NHPC,पार्बती-III पॉवर स्टेशन में स्थापित 2 Nos. 1010 KVA के डीजल सेट्स के लिए लुब्रिकेंट आयल के ख़रीद हेतु,,,,https://www.nhpcindia.com/welcome/tender
2026-09-04,NEW,NHPC,"Running and Upkeeping of DG sets, 1 MVA 33/0.433 kV Sub-Station and Maintenance of Electrical installation of Office Cum Residential Complex, KGPS, Bandipora and Guest Houses at Srinagar (J and K) for 2 Years (PKG-572).",,,,https://www.nhpcindia.com/welcome/tender
2026-09-04,NEW,NHPC,"Providing services for Operation & Maintenance of IT & Communication Systems at Regional Office, Siliguri",,,,https://www.nhpcindia.com/welcome/tender
2026-09-04,NEW,NHPC,Annual Maintenance Contract AMC for Hiring of service Engineer from Statcon Energiaa Pvt Ltd,,,,https://www.nhpcindia.com/welcome/tender
2026-09-04,NEW,NHPC,"Procurement of High Resolution Satellite Data and Change Detection Studies for Subansiri Upper H.E. Project, 1605 MW NHPC Limited",,,,https://www.nhpcindia.com/welcome/tender
2026-09-04,NEW,NHPC,Purchase of Service Spare Parts for 500 KVA DG Sets Installed at Admin Office (01 Nos) and Sapangany Colony (01 Nos),,,,https://www.nhpcindia.com/welcome/tender
2026-09-04,NEW,NHPC,"Supply of 02 Nos., 2 MVA 11/0.415 kV Oil Filled Sub Station Transformer for Salal Power Station",,,,https://www.nhpcindia.com/welcome/tender
2026-09-04,NEW,NHPC,Providing services like daily Sweeping and Cleaning of entire area including toilets of Administrative Office Building at Vidyut Nagar Siliguri,,,,https://www.nhpcindia.com/welcome/tender
2026-09-04,NEW,NHPC,"LIDAR-based Drone Topographical Survey along with Underwater Survey for Teesta-IV HE Project, Sikkim.",,,,https://www.nhpcindia.com/welcome/tender
2026-09-04,NEW,NHPC,Repair of eroded guide vanes of 100 MW Francis Hydro-turbine at Mechanical workshop Chamera-II Power Station (2025-26),,,,https://www.nhpcindia.com/welcome/tender
2026-09-04,NEW,NHPC,Repair of damaged portion of boundary wall near helipad ground located in Karian Colony of Chamera II Power Station.,,,,https://www.nhpcindia.com/welcome/tender
2026-09-04,NEW,NHPC,R & M of sweeping and Cleaning of Celebration Hall Dispensary Store premises Road Colony at Vidyut Nagar Siliguri for 24 months,,,,https://www.nhpcindia.com/welcome/tender
2026-09-04,NEW,NHPC,Hiring of Consultancy services for a period of 3 years for recertification / Renewal of ISMS (ISO 27001:2022) for Salal Power Station for a period of three years,,,,https://www.nhpcindia.com/welcome/tender
2026-09-04,NEW,NHPC,Procurement of Air Conditioner,,,,https://www.nhpcindia.com/welcome/tender
2026-09-04,NEW,NHPC,"Supply, Installation, Configuration, Commissioning, Testing and Subscription for services of Online Transformer monitoring system at Salal Power Station",,,,https://www.nhpcindia.com/welcome/tender
2026-09-04,NEW,NHPC,"Epoxy flooring of floors at PowerHouse, Rajarwani, Uri power station",,,,https://www.nhpcindia.com/welcome/tender
2026-09-04,NEW,NHPC,Bituminous Carpeting of Internal Roads of Barrage at Boniyar,,,,https://www.nhpcindia.com/welcome/tender
2026-09-04,NEW,NHPC,"Restoration of a damaged section of the retaining wall located behind the PowerHouse Store of Chamera-II Power Station, Karian.",,,,https://www.nhpcindia.com/welcome/tender
2026-09-04,NEW,NHPC,"Bench development for 132/33/11 kV Substation at Gaa Village for Kamala HE Project (1720MW), Boasimla, Arunachal Pradesh",,,,https://www.nhpcindia.com/welcome/tender
2026-09-04,NEW,NHPC,"Restoration of Jiwa Trench weir site post cloud brust incident by cleaning the silt from intake structure,collection chamber, SFC, gate grooves, Approch Tunnel,Feeder Tunnel,Adit ,Majhaan Nallah and other associated structure of PHEP-II (Pkg. No-C-845)",,,,https://www.nhpcindia.com/welcome/tender
2026-09-04,NEW,NHPC,Restoration of complete approx 50m length Road sinked up to 2-3m near Tandi Nala (above the confluence of Tandi nala and Ravi River) on TPH Road.,,,,https://www.nhpcindia.com/welcome/tender
2026-09-04,NEW,NHPC,Annual Maintenance Contract of Computers & Peripherals of Sewa-II PS for 02 years (IT-713),,,,https://www.nhpcindia.com/welcome/tender
2026-09-04,NEW,NHPC,Supply of Electrical Consumable Items,,,,https://www.nhpcindia.com/welcome/tender
2026-09-04,NEW,NHPC,"Repairing and maintenance of CISF Guard room/ Armoury and Boundary fencing of switchyard area at TLD-IV PS , Kalijhora",,,,https://www.nhpcindia.com/welcome/tender
2026-09-04,NEW,NHPC,"Restoration of partial damage protection wall, fencing with wall, Oil sump & STP surface area on right bank of river near TRC",,,,https://www.nhpcindia.com/welcome/tender
2026-09-04,NEW,NHPC,"Construction of Double Story CISF barrack at Dam site of Kishanganga Power Station at Gurez, Bandipora, J&K (PKG-569).",,,,https://www.nhpcindia.com/welcome/tender
2026-09-04,NEW,NHPC,"Paintings of Spillway Stop log, Intake Stop log and Draft Tube Gates of TLD-IV Power Station",,,,https://www.nhpcindia.com/welcome/tender
2026-09-04,NEW,NHPC,Repair of exposed reinforcement with cementitious mortar in S7 pier in the penstock area including scrapping & painting of dewatering pipes from drainage gallery sump and outlet and other steel painting works at TLD-IV PS Kalijhora,,,,https://www.nhpcindia.com/welcome/tender
2026-09-04,NEW,NHPC,"Repairing of Sub-Station Room at TLD-IV Power Station, kalijhora",,,,https://www.nhpcindia.com/welcome/tender
2026-09-04,NEW,NHPC,"Repair of damaged residential quarters in Operation SINDOOR during Cross border shelling at Gingle, NHPC URI Power Station (J&amp;K)",,,,https://www.nhpcindia.com/welcome/tender
2026-09-04,NEW,NHPC,Purchase of Copper Busbar for Power House of Teesta Low Dam III Power Station,,,,https://www.nhpcindia.com/welcome/tender
2026-09-04,NEW,NHPC,Purchase of 01 No. Solid Waste Management Vehicle (Garbage Hopper Tipper) for TLD–III Power Station under CSR-SD Scheme 2025-26,,,,https://www.nhpcindia.com/welcome/tender
2026-09-04,NEW,NHPC,"Repair &amp; Renovation of Hospital Building in NHPC Colony, Gingal, Uri Power Station",,,,https://www.nhpcindia.com/welcome/tender
2026-09-04,NEW,NHPC,Construction of 2 No. Security Morcha at Old Store Behali of Parbati-III Power Station.,,,,https://www.nhpcindia.com/welcome/tender
2026-09-04,NEW,NHPC,Restoration of Road from Behali to Surge Shaft of Parbati-III Power Station.,,,,https://www.nhpcindia.com/welcome/tender
2026-09-04,NEW,NHPC,"Providing security services by a DGR sponsored security agency at NHPC Corporate Office, Faridabad for Two Years",,,,https://www.nhpcindia.com/welcome/tender
2026-09-04,NEW,NHPC,Repair & Maintenance of GSU Transformer of 3 X 20 MW Rangit Power Station,,,,https://www.nhpcindia.com/welcome/tender
2026-09-04,NEW,NHPC,"Construction of three Number toilets at various location of barrage complex, Boniyar in Uri power station",,,,https://www.nhpcindia.com/welcome/tender
2026-09-04,NEW,NHPC,"Providing services (Two years Contract) for quality testing work of construction materials and maintenance and operation of the quality Control Testing Laboratory at Regional office, Siliguri",,,,https://www.nhpcindia.com/welcome/tender
2026-09-04,NEW,NHPC,"Hiring of R&M Services from PAFs/ Locals for Running & Maintenance of Office cum Field Hostel of 50MW Wind Power project, Jaisalmer of NHPC Ltd",,,,https://www.nhpcindia.com/welcome/tender
2026-09-04,NEW,NHPC,Protection of right side river bank opposite Sapangini Colony of Parbati-III Power Station,,,,https://www.nhpcindia.com/welcome/tender
2026-09-04,NEW,NHPC,Making Dam Undersluices operational of Salal Power Station,,,,https://www.nhpcindia.com/welcome/tender
2026-09-04,NEW,NHPC,Repair & Maintenance of Surge Shaft Road of Dhauliganga Power House,,,,https://www.nhpcindia.com/welcome/tender
2026-09-04,NEW,NHPC,"Lot-1 Package Sawalkot HEP, UT of JK",,,,https://www.nhpcindia.com/welcome/tender
2026-09-04,NEW,NHPC,"Construction of Lab/Resting Shed at Phongla Health & Wellness Centre, Phongla",,,,https://www.nhpcindia.com/welcome/tender
2026-09-04,NEW,NHPC,"Restoration of Kendriya Vidyalaya, Left Bank, Balutar at Teesta-V Power Station",,,,https://www.nhpcindia.com/welcome/tender
2026-09-04,NEW,NHPC,"Construction of Room & Repair of CGI Sheet at Health & Wellness Centre, Kabrey, Namchi District",,,,https://www.nhpcindia.com/welcome/tender
2026-09-04,NEW,NHPC,"Supply of All in One Desktop computer at Regional office Jammu, NHPC Ltd.",,,,https://www.nhpcindia.com/welcome/tender
2026-09-04,NEW,NHPC,"Construction of Workshop Building of Teesta-V PS at Left Bank Colony, Balutar.",,,,https://www.nhpcindia.com/welcome/tender
2026-09-04,NEW,NHPC,"Construction of RCC Bunker at NHPC Residential Colony at Dawer, Gurez of Kishanganga Power Station, Bandipora, J&amp;K (PKG-570).",,,,https://www.nhpcindia.com/welcome/tender
2026-09-04,NEW,NHPC,Supply and Demonstration of Portable DGA kit for testing transformer oil at Parbati-III PS,,,,https://www.nhpcindia.com/welcome/tender
2026-09-04,NEW,NHPC,"Purchase of Bullet Resistance Jacket for CISF, Uri Power Station",,,,https://www.nhpcindia.com/welcome/tender
2026-09-04,NEW,NHPC,"Restoration of Hill slide with providing protection wall along the police chowki & repairing damage workshop building at BSPS, Surangani",,,,https://www.nhpcindia.com/welcome/tender
2026-09-04,NEW,NHPC,"Removal of deposited RBM near TRC on left bank of river at Powerhouse, BSPS, Surangani",,,,https://www.nhpcindia.com/welcome/tender
2026-09-04,NEW,NHPC,Repair and Painting of Dhaulisadan Transit Camp (VIP Guest House ) Tapovan DGPS,,,,https://www.nhpcindia.com/welcome/tender
2026-09-04,NEW,NHPC,"Transportation and Joint Inspection of 43.33 MVA, 11/220/√3 kV Single Phase M/s BHEL Make Generator Transformer (S. No. 2007316) of Salal Power Station",,,,https://www.nhpcindia.com/welcome/tender
2026-09-04,NEW,NHPC,"Purchase of 3.5 core 300 Sqmm , Aluminium , Armoured , XLPE cable for Dam Site of Parbati-III Power Station",,,,https://www.nhpcindia.com/welcome/tender
2026-09-04,NEW,NHPC,"Designing, Fabricating, Testing, Installing and Fixing in Position Curtain Wall with Aluminum Composite Panel Cladding with Aluminum Base Frames in Machine Bay at Dam Toe Power House of KGPS at Gurez, Bandipora, J&K (PKG-571).",,,,https://www.nhpcindia.com/welcome/tender
2026-09-04,NEW,NHPC,Selection of Firms for issuance of No Objection Certificate for Removal of Deposited Sediments/Silt from the Reservoir and downstream of TLD-III Power Station,,,,https://www.nhpcindia.com/welcome/tender
2026-09-04,NEW,NHPC,"Demolition and removal of damaged left RCC abutment along with associated PCC, stone masonry and gabion protection works of Bailey Bridgeof Parbati-H.E. Project (Stage-II)” (Package No-C-847)",,,,https://www.nhpcindia.com/welcome/tender
2026-09-04,NEW,NHPC,"Repair of Spillway apron and downstream protection of Dam, DGPS",,,,https://www.nhpcindia.com/welcome/tender
2026-09-04,NEW,NHPC,"Empanelment of CA/CMA Firms/LLPs for Physical verification of Stores and Property, Plant &amp;amp;amp;amp;amp;amp; Equipments (Fixed Assets) of Projects/Power Stations/Corporate Office/Regional Office/Units for three years from FY-2026-27 to 2028-29",,,,https://www.nhpcindia.com/welcome/tender
2026-09-04,NEW,NHPC,"Repair work of SFT gates no. 1 &amp;amp;amp;amp;amp;amp;amp;amp;amp;amp; 2 with replacement of steel liners, sill beams and rubber seals of gates at Dam of DPS, Kishtwar",,,,https://www.nhpcindia.com/welcome/tender
2026-09-04,NEW,NHPC,Repair and renovation of electrical wiring and fitting of Type-II quarters (3 Blocks /18 Nos. Qtrs.) Under possession of Teesta-VI HE Project at Balutar,,,,https://www.nhpcindia.com/welcome/tender
2026-09-04,NEW,NHPC,"Cleaning of old water storage tank, providing and placing of new water tanks &amp;amp; water proofing of the mummty roof area at various locations at Nigalpani, DGPS",,,,https://www.nhpcindia.com/welcome/tender
2026-09-04,NEW,NHPC,Goli Road R-Wall near Duel Mor on Dam-Goli (154-A) (Restoration Work).,,,,https://www.nhpcindia.com/welcome/tender
2026-09-04,NEW,NHPC,"Construction of Mid-Day Meal Shed at Government Secondary School, Pamphok",,,,https://www.nhpcindia.com/welcome/tender
2026-09-04,NEW,NHPC,"On-site cryogenic cleaning, heating & varnishing of generator of two units of Parbati-III Power Station",,,,https://www.nhpcindia.com/welcome/tender
2026-09-04,NEW,NHPC,"Fabrication, supply and Erection of Steel liner in Spillway Glacis at Dam site, Dhauliganga Power Station",,,,https://www.nhpcindia.com/welcome/tender
2026-09-04,NEW,NHPC,"Purchase of spare parts of installed 02 nos. L.P. Compressor, Model: E15-7.5, Make-ELGI at Power House for Parbati-III Power Station",,,,https://www.nhpcindia.com/welcome/tender
2026-09-04,NEW,NHPC,"Repair and Renovation of 4 Nos D-Type Quarter ( D-1 to D-4) at Nigalpani colony, DGPS",,,,https://www.nhpcindia.com/welcome/tender
2026-09-04,NEW,NHPC,"Protective Ceramic coating on Spiral Casing, Stay Vanes and Top Cover of all the three Generating Units of Teesta-V Power Station.",,,,https://www.nhpcindia.com/welcome/tender
2026-09-04,NEW,NHPC,Purchase of Sulfur Hexafluoride (SF6) Gas Analyser for 400KV GIS of Uri-II Power Station,,,,https://www.nhpcindia.com/welcome/tender
2026-09-04,NEW,NHPC,"Oru Mor Restoration of whole sinking area at Dam office, CPS-I (Restoration Work).",,,,https://www.nhpcindia.com/welcome/tender
2026-09-04,NEW,NHPC,"Work of Supply, installation, testing and commissioning of Uniaxial type Joint Meter at Instrumentation Gallery of Concrete Dam at Salal Power Station",,,,https://www.nhpcindia.com/welcome/tender
2026-09-04,NEW,NHPC,"Supply, Installation, testing, commissioning and trial run of the entire system and AMC for Establishment of two nos. Automatic Water Level Recorders (AWLR) at Uri-II Power Station.”",,,,https://www.nhpcindia.com/welcome/tender
2026-09-04,NEW,NHPC,"Construction of Civil structure for the installation of Lift at Administrative building, CPS-1.",,,,https://www.nhpcindia.com/welcome/tender
2026-09-04,NEW,NHPC,Repair and Maintenance of water supply network at NHPC Complex Pasighat,,,,https://www.nhpcindia.com/welcome/tender
2026-09-04,NEW,NHPC,"Supply, Installation, Testing and Commissioning (SITC) of 02 Nos, 12.5 Mtr Latching Type High Mast for CISF Campus at Sallaha, Dam site of Parbati-III Power Station",,,,https://www.nhpcindia.com/welcome/tender
2026-09-04,NEW,NHPC,Providing Concertina Coil Fencing at left and Right bank of Dam and its associate structure and other miscellaneous steel works at Dam of Dhauliganga Power Station,,,,https://www.nhpcindia.com/welcome/tender
2026-09-04,NEW,NHPC,Construction of Steel water tank retaining Structure for G+1 in Siang Lower Project at Pasighat.,,,,https://www.nhpcindia.com/welcome/tender
2026-09-04,NEW,NHPC,"Renovation/Beautification of Garden Lights and replacement of other Electrical cables etc. at VIP Guest House, NHPC Ltd., Regional Office, Vidyut Nagar, Siliguri, Dist.-Jalpaiguri, West Bengal.",,,,https://www.nhpcindia.com/welcome/tender
2026-09-04,NEW,NHPC,Purchase of Battery Discharge Kit for 220V DC Battery Banks of TLD–III Power Station,,,,https://www.nhpcindia.com/welcome/tender
2026-09-04,NEW,NHPC,Construction of IRBn Barrack at Rangit Colony of Rangit Power Station,,,,https://www.nhpcindia.com/welcome/tender
2026-09-04,NEW,NHPC,"Purchase of MS Plates, Angles, Channels, Round Bars, and Hexagonal Rods for Rangit Powerhouse",,,,https://www.nhpcindia.com/welcome/tender
2026-09-04,NEW,NHPC,Purchase of Electric Dredging / Desilting Pump for silt removal from HM Gates at TLD-III Power Station,,,,https://www.nhpcindia.com/welcome/tender
2026-09-04,NEW,NHPC,"Restoration of damaged boundary wall and associated works including toe wall &amp;amp;amp;amp;amp; apron for scour protection in the river bed from Spur-1 to DG Building, and base protection works between Spur-8 to Spur-10 at Tapovan Complex, DGPS",,,,https://www.nhpcindia.com/welcome/tender
2026-09-04,NEW,NHPC,Construction of Permanent School Building at Rangit Power Station,,,,https://www.nhpcindia.com/welcome/tender
2026-09-04,NEW,NHPC,"Repair and renovation work of VIP Guest House at Chamera Power station 1, Khairi.",,,,https://www.nhpcindia.com/welcome/tender
2026-09-04,NEW,NHPC,Application of surface protective hard coating on skin plate of upstream under sluice gate of CPS-1.,,,,https://www.nhpcindia.com/welcome/tender
2026-09-04,NEW,NHPC,"Repair, Maintenance and Renovation of Nursery School at NHPC Colony Nigalpani, DGPS",,,,https://www.nhpcindia.com/welcome/tender
2026-09-04,NEW,NHPC,"Restoration of Partially Damaged protection wall at various (RDs) on Manjeer- Badoh, Surangani-Powerhouse & Surangani-Valve House Road under BSPS, Surangani",,,,https://www.nhpcindia.com/welcome/tender
2026-09-04,NEW,NHPC,Providing Services for obtaining Cross Sections of Dibang River and its Tributaries,,,,https://www.nhpcindia.com/welcome/tender
2026-09-04,NEW,NHPC,"Empanelment of Firms / Companies to carry out Architectural Consultancy work for office, Guest Houses and Township of NHPC Projects/Power station/Units for two years from 2026-27 to 2027-28",,,,https://www.nhpcindia.com/welcome/tender
2026-09-04,NEW,NHPC,Restoration &amp; Construction of four steel footbridges between dam pillars damaged during floods at Bagga Dam site of Chamera-II Power Station.(E-Office- 156571).,,,,https://www.nhpcindia.com/welcome/tender
2026-09-04,NEW,NHPC,"Restoration of damaged protection work at Nakrod-Dam Road of Baira Siul Power Station, Sarangani",,,,https://www.nhpcindia.com/welcome/tender
2026-09-04,NEW,NHPC,"Supply, Installation, Testing &amp;amp; Commissioning (SITC) of Elevator at administrative building of Chamera Power Station-1 and AMC for 03 years.",,,,https://www.nhpcindia.com/welcome/tender
2026-09-04,NEW,NHPC,Purchase of Purchase of Diwan Beds and Mattress for CISF,,,,https://www.nhpcindia.com/welcome/tender
2026-09-04,NEW,NHPC,Construction of Control Room and Security Office with Ancillary Facilities at Pancha Nallah diversion site of Parbati-H.E. Project (Stage-II) (Package No-C-837),,,,https://www.nhpcindia.com/welcome/tender
2026-09-04,NEW,NHPC,"Removal of mound of silt, logs, debris from right bank of Reservoir of TLD-IV Power Station",,,,https://www.nhpcindia.com/welcome/tender
2026-09-04,NEW,NHPC,"Water proofing treatment of A-Type, B-Type, C-Type, D1, D3 quarters, Club, Guest House, Civil complaint office &amp; Canteen building at Lower and Upper Samleu, CPS-1, Khairi.",,,,https://www.nhpcindia.com/welcome/tender
2026-09-04,NEW,NHPC,Annual maintenance of Generating Units &amp;amp; its accessories of Teesta V PS for the financial year 2025-26.,,,,https://www.nhpcindia.com/welcome/tender
2026-09-04,NEW,NHPC,Comprehensive AMC of 2x20KVA UPS and 20KVA lighting inverter for 2 years 4 visits per year installed at Uri II Power Station,,,,https://www.nhpcindia.com/welcome/tender
2026-09-04,NEW,NHPC,Hiring of Consultant for formulation of BRSR and Sustainability Report of NHPC Limited and allied services for FY 2025-26 &amp; 2026-27,,,,https://www.nhpcindia.com/welcome/tender
2026-09-04,NEW,NHPC,Running & Maintenance of Electrical Installations at Rangit Nagar Colony,,,,https://www.nhpcindia.com/welcome/tender
2026-09-04,NEW,NHPC,"Procurement of 48,050 MT Cement (PPC-53 Grade) for Subansiri Lower HE Project",,,,https://www.nhpcindia.com/welcome/tender
2026-09-04,NEW,NHPC,General Up-Keeping & House-Keeping of Field Hostel & Recreation Club of Rangit Power Station for the Year 2025-27,,,,https://www.nhpcindia.com/welcome/tender
2026-09-04,NEW,NHPC,Between Jandarera and Simni R- Wall on TPH Road (Restoration of Damaged Retaining Walls) at CPS-1.,,,,https://www.nhpcindia.com/welcome/tender
2026-09-04,NEW,NHPC,"Simni Nala (Causeway with pipe culvert) on TPH Road (Providing Pipe culvert Simni Nala on Taleru–Power House Road, CPS-1).",,,,https://www.nhpcindia.com/welcome/tender
2026-09-04,NEW,NHPC,Hiring of Assurance Provider for Sustainability Report and Business Responsibility and Sustainability Report (BRSR) Core of NHPC Ltd. for FY 2025-26 and 2026-27,,,,https://www.nhpcindia.com/welcome/tender
2026-09-04,NEW,NHPC,Purchase of Submersible Pumps and Starter Panels,,,,https://www.nhpcindia.com/welcome/tender
2026-09-04,NEW,NHPC,"Supply, Installation, Testing and Commissioning (SITC) of Addressable Fire Detection and Alarm (AFDA) System at Administrative Building and Project Hospital Building of Teesta-V Power Station.",,,,https://www.nhpcindia.com/welcome/tender
2026-09-04,NEW,NHPC,"Restoration of damaged approach road and protection wall of Road to STP/Pump House No.2 on the right bank of the River near at BSPS, Surangani",,,,https://www.nhpcindia.com/welcome/tender
2026-09-04,NEW,NHPC,Repair along with HP-HVOF coating of 01 set Damaged Guide Vanes of 130 MW Francis Turbine at Parbati-III Power Station,,,,https://www.nhpcindia.com/welcome/tender
2026-09-04,NEW,NHPC,Deputation of Service Engineer from M/s GE Vernova T&amp;amp;D India Ltd. for Inspection &amp;amp; Clearance during Re-commissioning and Post-Termination Inspection of 400 kV XLPE Cable at Transformer End – Teesta-V Power Station,,,,https://www.nhpcindia.com/welcome/tender
2026-09-04,NEW,NHPC,Development of Power Evacuation Infrastructure for 1200MW Jalaun Solar Park,,,,https://www.nhpcindia.com/welcome/tender
2026-09-04,NEW,NHPC,"Goli Road R-Wall near rain shelter on Dam - Goli Road (154A), RD +/- 0/905KM to RD +/- 0/928 KM.",,,,https://www.nhpcindia.com/welcome/tender
2026-09-04,NEW,NHPC,"Up-keeping services & supervision thereof for NHPC Ltd. Liaison office for 24 months Block DP-3, Sec-V, Salt Lake City Kolkata-700091",,,,https://www.nhpcindia.com/welcome/tender
2026-09-04,NEW,NHPC,Providing and Fixing ACP Sheet and wall paneling in administrative Building-I of Salal Power Station Jyotipuram,,,,https://www.nhpcindia.com/welcome/tender
2026-09-04,NEW,NHPC,Electrical Installation and Wiring in Miscellaneous Repair and Painting work of Administrative office & Project Hospital Building,,,,https://www.nhpcindia.com/welcome/tender
2026-09-04,NEW,NHPC,Replacement work of top lintel seal & side seal of spillway Radial gate of Sewa-II Dam,,,,https://www.nhpcindia.com/welcome/tender
2026-09-04,NEW,NHPC,"Construction of Pavement from Colony Road to Badminton Hall at Regional office, Siliguri",,,,https://www.nhpcindia.com/welcome/tender
2026-09-04,NEW,NHPC,Safety Audit of Uri 2 Power station for the year 2025-26,,,,https://www.nhpcindia.com/welcome/tender
2026-09-04,NEW,NHPC,"Repair and Painting of Multiutility building at Khairi (Bank building, post office building, store and canteen) and Permanent site office and Stores for Civil/Elect Maintenance section at Lower samleu, CPS-1, Khairi.",,,,https://www.nhpcindia.com/welcome/tender
2026-09-04,NEW,NHPC,Hiring of Environmental Consultant for carrying out EIA/EMP studies in respect of Pumped Storage Project Masinta 1000 MW(Odisha),,,,https://www.nhpcindia.com/welcome/tender
2026-09-04,NEW,NHPC,"Repair of internal road, Drain and other misc. work at Samdong Colony of Teesta -V Power Station.",,,,https://www.nhpcindia.com/welcome/tender
2026-09-04,NEW,NHPC,Purchase of Transformer Turn ratio meter,,,,https://www.nhpcindia.com/welcome/tender
2026-09-04,NEW,NHPC,"Proposal for Supply, Installation, Testing, and Commissioning of Solar Powered Sirens with Voice Message Capability at Salal Power Station",,,,https://www.nhpcindia.com/welcome/tender
2026-09-04,NEW,NHPC,Construction of IRBn Barrack at Power House of Rangit Power Station,,,,https://www.nhpcindia.com/welcome/tender
2026-09-04,NEW,NHPC,Purchase of Air Conditioners for Bachelor Accommodation/Field Hostels,,,,https://www.nhpcindia.com/welcome/tender
2026-09-04,NEW,NHPC,Hiring of Different Type of Vehicles (13 No.) along with all necessary arrangement for its smooth operation/ running for various locations of Parbati H.E. Project (Stage-II) (Package No. C- 836),,,,https://www.nhpcindia.com/welcome/tender
2026-09-04,NEW,NHPC,"Lot-2 Package Civil Works of Kamala HE Project, Kamle District, Arunachal Pradesh",,,,https://www.nhpcindia.com/welcome/tender
2026-09-04,NEW,NHPC,"Supply, Installation & Commissioning of 02 Nos. Accelerograph along with all accessories for Dam Site including AMC for 04 years and Comprehensive Annual Maintenance Contract (AMC) of installed 02 nos. Gecko make Strong motion accelerograph for 05 years at Sewa-II Power Station",,,,https://www.nhpcindia.com/welcome/tender
2026-09-04,NEW,NHPC,"Repair of Sewage Treatment Plant & Water Treatment Plant at Chamera-II Power Station, Karian, Chamba",,,,https://www.nhpcindia.com/welcome/tender
2026-09-04,NEW,NHPC,Providing and placing PP rope gabions &amp; Tetrapod from RD +/-400.0 M to RD +/-530.0 M (EL+/-1155.0 to EL+/- 1164.00) at CPS-II Dam site,,,,https://www.nhpcindia.com/welcome/tender
2026-09-04,NEW,NHPC,Purchase of 1 EVD for CISF unit Uri Power Station,,,,https://www.nhpcindia.com/welcome/tender
2026-09-04,NEW,NHPC,"Restoration of washed-away Badminton Hall at Tapovan, DGPS",,,,https://www.nhpcindia.com/welcome/tender
2026-09-04,NEW,NHPC,"Statutory testing &amp; certification of lifting tools-tackles, pressure vessels and equipment under factory act, 1948 of Power House",,,,https://www.nhpcindia.com/welcome/tender
2026-09-04,NEW,NHPC,Restoration of damaged Apron & Supplying and Installation of Sill-Beam in Siul Weir of Baira Siul Power Station (BSPS),,,,https://www.nhpcindia.com/welcome/tender
2026-09-04,NEW,NHPC,"Repairing of existing electrical grounding/earthing system of Power House, DGPS",,,,https://www.nhpcindia.com/welcome/tender
2026-09-04,NEW,NHPC,"Restoration work of damage/slided portion of Adit-III approach road RD ±0.40 km,RD ±2.80km,RD ±3.50 km,RD ±3.70 km,RD ±4.60 km,±5.30 km,±5.40 km,±5.60 km and RD ±5.90 km at Sewa-II Power Station (CW-708)",,,,https://www.nhpcindia.com/welcome/tender
2026-09-04,NEW,NHPC,"Comprehensive AMC of 17 nos. Water Purifiers (RO systems) installed at various locations in NHPC residential colony, Faridabad for a period of 02 years",,,,https://www.nhpcindia.com/welcome/tender
2026-09-04,NEW,NHPC,"Supply, installation, Testing and commissioning of 320 KVA, 440 Volt, three Phase DG Set at Barrage Complex",,,,https://www.nhpcindia.com/welcome/tender
2026-09-04,NEW,NHPC,Cleaning of Jungle beside roadside from RD 12.0 KM to RD 24.70 KM along Loktak- Leimatak road of Loktak Project,,,,https://www.nhpcindia.com/welcome/tender
2026-09-04,NEW,NHPC,Purchase of 13-meter poles for 33 kV/11 kV lines.,,,,https://www.nhpcindia.com/welcome/tender
2026-09-04,NEW,NHPC,Dhai Nala (Right Bank) Approach Road Breast Wall on TPH Road.,,,,https://www.nhpcindia.com/welcome/tender
2026-09-04,NEW,NHPC,Annual Service Contract from March 2026 to February 2027 (One Year) for Siemens HIPATH 3800 Digital EPABX System installed at Administrative Block Nowpora and Uri-II Power House,,,,https://www.nhpcindia.com/welcome/tender
2026-09-04,NEW,NHPC,"Clearing of Jungle (Weeds, Vegetation etc.) and road side drain from RD 4.00 KM to RD 12.00 KM along the Loktak-Leimatak Road.",,,,https://www.nhpcindia.com/welcome/tender
2026-09-04,NEW,NHPC,Hiring of 21 (Twenty One) Nos Photocopier Machines including Full Service Maintenance Agreement for a period of 5 (Five) years,,,,https://www.nhpcindia.com/welcome/tender
2026-09-04,NEW,NHPC,Temporary sealing of draft tube and PRV gates during annual maintenance of generating units of Loktak Power Station for the financial year 2025-26.,,,,https://www.nhpcindia.com/welcome/tender
2026-09-04,NEW,NHPC,Purchase of Dewatering Gate Valve for Power House of TLD-III PS,,,,https://www.nhpcindia.com/welcome/tender
2026-09-04,NEW,NHPC,Hiring of 02 nos. (24+1) seater BS-VI buses for round the clock duty along with 02 nos. drivers and 02 nos. helpers for each bus for TLD-III Power Station,,,,https://www.nhpcindia.com/welcome/tender
2026-09-04,NEW,NHPC,"Repair &amp;amp; Painting of IRBN Barrack at Left Bank of Teesta-V Power Station, Balutar.",,,,https://www.nhpcindia.com/welcome/tender
2026-09-04,NEW,NHPC,Diving assistance work for cleaning of Intake Trash rack after manual removal of floating waste/Silt /RBM from the Intake forebay trash rack of Uri-II Power Station,,,,https://www.nhpcindia.com/welcome/tender
2026-09-04,NEW,NHPC,Cleaning/removal of trash from Head Regulator trash rack at Dam of Uri-II Power Station,,,,https://www.nhpcindia.com/welcome/tender
2026-09-04,NEW,NHPC,Development of Micro Hydro Power Project (2X82KW) utilizing mandatory environmental- flow at exit location of Dam site of Parbati-III through the most economical PAT (Pump As Turbine) technology.,,,,https://www.nhpcindia.com/welcome/tender
2026-09-04,NEW,NHPC,"Restoration of damaged wall on right bank of river near Pump House No.2 at BSPS, Surangani",,,,https://www.nhpcindia.com/welcome/tender
2026-09-04,NEW,NHPC,Construction of IRBn Barrack at Dam of Rangit Power Station,,,,https://www.nhpcindia.com/welcome/tender
2026-09-04,NEW,NHPC,Purchase of 06 nos. filter element for auto-backwash filter of Main Cooling Water System of Uri-II Power House,,,,https://www.nhpcindia.com/welcome/tender
2026-09-04,NEW,NHPC,"Purchase of Consumable Items and Tools required for Maintenance of Power House, Uri Power Station",,,,https://www.nhpcindia.com/welcome/tender
2026-09-04,NEW,NHPC,"Restoration of damaged protection work at D/s of Badoh Bridge on right bank of river near RD 7700m, BSPS, Surangani",,,,https://www.nhpcindia.com/welcome/tender
2026-09-04,NEW,NHPC,"Supply, Installation, Testing and Commissioning of 1 Nos 250 KVA DG Set at Dam Colony Sarthali of Sewa II Power Station",,,,https://www.nhpcindia.com/welcome/tender
2026-09-04,NEW,NHPC,Purchase of Contactless In-cylinder Transducers for Pelton Turbine of Sewa-II Power House,,,,https://www.nhpcindia.com/welcome/tender
2026-09-04,NEW,NHPC,"Internal Inspection &amp;amp; Repair of AREVA Make 13.8/(400/√3) kV, 70 MVA, Single Phase Generator Step-up Transformer at Teesta-V Power Station",,,,https://www.nhpcindia.com/welcome/tender
2026-09-04,NEW,NHPC,Purchase of Various Type of Gate Valve for Power House of Sewa-II Power Station,,,,https://www.nhpcindia.com/welcome/tender
2026-09-04,NEW,NHPC,"Repair / Replacement of Rubber Seals of HM Radial Gates of TLD-IV Power Station, Kalijhora (W.B.)",,,,https://www.nhpcindia.com/welcome/tender
2026-09-04,NEW,NHPC,"Repairing and Re-insulation of faulty Rotor Poles at site of Kishanganga Power Station, Bandipora, J &amp;amp; K (PKG-568).",,,,https://www.nhpcindia.com/welcome/tender
2026-09-04,NEW,NHPC,Construction of Retaining wall at Hurla Bridge Approach Road of Parbati-H.E. Project (Stage-II) (Package No-C-838),,,,https://www.nhpcindia.com/welcome/tender
2026-09-04,NEW,NHPC,"Manning & Operation of Fire fighting system at TLD-IV PS, Kalijhora on round the clock basis (FY 2025-26)",,,,https://www.nhpcindia.com/welcome/tender
2026-09-04,NEW,NHPC,"Restoration of damaged protection wall of Penstock near Valve House at BSPS, Surangani",,,,https://www.nhpcindia.com/welcome/tender
2026-09-04,NEW,NHPC,"Repairing and Painting of Project Hospital and Fire Control Room at Upper Samleu, CPS-1.",,,,https://www.nhpcindia.com/welcome/tender
2026-09-04,NEW,NHPC,Geo-Membrane Lining Work during repair work of water conductor system &amp;#40;Head Race Tunnel&amp;#41; of Parbati-III Power Station during lean Period of 2025-26,,,,https://www.nhpcindia.com/welcome/tender
2026-09-04,NEW,NHPC,"Repair &amp; renovation with internal electrification of CISF GOLGHAR canteen, Store building along with temporary shed at Rajarwani, Uri 1 Power Station.",,,,https://www.nhpcindia.com/welcome/tender
2026-09-04,NEW,NHPC,"Barrage-Boniyar Painting of barrage HM gates and cranes etc. at Uri Power Station along with lettering of coordinates/levels of reference points, stand pipes, access wells, control points and spillway gates, barriers and access platforms",,,,https://www.nhpcindia.com/welcome/tender
2026-09-04,NEW,NHPC,Restoration of step drain at RD-245 in HRT-U/S road from dam axis &other; misc. work at Rangit Power Station,,,,https://www.nhpcindia.com/welcome/tender
2026-09-04,NEW,NHPC,"Providing Services for Routine Operation Works and maintaining records of Control Room, E&M Equipment installed in Turbine, Generator, Primary Cooling Floor, Secondary Cooling Floor, Drainage and Dewatering Gallery",,,,https://www.nhpcindia.com/welcome/tender
2026-09-04,NEW,NHPC,"Construction of E-Type (Special) residential quarter at NHPC Colony, Kralpora, Bandipora, J &amp;amp;amp; K (PKG-567).",,,,https://www.nhpcindia.com/welcome/tender
2026-09-04,NEW,NHPC,Repair of existing damaged pipeline for water supply at Powerhouse of Rangit Power Station,,,,https://www.nhpcindia.com/welcome/tender
2026-09-04,NEW,NHPC,Dhai Nala (Left Bank) Approach Road R-Wall on TPH Road (Restoration Work of Flooding Period August-2025) at CPS-1.,,,,https://www.nhpcindia.com/welcome/tender
2026-09-04,NEW,NHPC,Providing Services for Operation & Up keeping of HM equipments including Gate operation duties of Dam Control Room of TLD-IV PS,,,,https://www.nhpcindia.com/welcome/tender
2026-09-04,NEW,NHPC,Hiring of services for Routine System Maintenance works and annual maintenance works of Balance of Plant (BOP) E&M Equipment of TLD-IV Power House and switchyard excluding Generator and turbine section,,,,https://www.nhpcindia.com/welcome/tender
2026-09-04,NEW,NHPC,Providing Services for Routine Maintenance Work of Generator and Turbine section of 4X40 MW TLD-IV Power House including Annual Maintenance Works related to Generator and Turbine (FY 2025-2026),,,,https://www.nhpcindia.com/welcome/tender
2026-09-04,NEW,NHPC,Procurement of 02 nos. of RET670 Numerical Transformer Protection relay and 01 nos. of REG670 Numerical Generator Protection relay for Salal Power Station(6x115MW),,,,https://www.nhpcindia.com/welcome/tender
2026-09-04,NEW,NHPC,"Purchase of different types of SLING, D SHACKLE & EYE BOLT",,,,https://www.nhpcindia.com/welcome/tender
2026-09-04,NEW,NHPC,Procurement of a soft starter panel for the 150 HP pump of the station drainage pit at Salal Power Station.,,,,https://www.nhpcindia.com/welcome/tender
2026-09-04,NEW,NHPC,"Uprooting of grass/bushes and cutting of branches of trees along trekking route, overhead signal cable of EWS at Polok and Kanchanjunga bridge Site of Rangit Power Station, South Sikkim",,,,https://www.nhpcindia.com/welcome/tender
2026-09-04,NEW,NHPC,"Supply, Installation, Testing and Commissioning of Propeller Type Ventilation Fans at Transformer Gallery of NBPS, Alchi, Leh, Ladakh",,,,https://www.nhpcindia.com/welcome/tender
2026-09-04,NEW,NHPC,Cleaning of debris and silt deposited inside the penstock area of Teesta-V PS.,,,,https://www.nhpcindia.com/welcome/tender
2026-09-04,NEW,NHPC,"Purchase of different type of Fasteners (Nuts, Bolts, Studs, washers, etc) for mechanical maintenance of Rangit Power Station",,,,https://www.nhpcindia.com/welcome/tender
2026-09-04,NEW,NHPC,"Purchase of Stainless-Steel Seamless Pipe, Elbow, Union, etc. for R&M of Powerhouse",,,,https://www.nhpcindia.com/welcome/tender
2026-09-04,NEW,NHPC,"Providing protection wall at left side of TRT channel outlet at CPS-1, Khairi.",,,,https://www.nhpcindia.com/welcome/tender
2026-09-04,NEW,NHPC,Impact Assessment Study of CSR Activities in view of statutory requirements,,,,https://www.nhpcindia.com/welcome/tender
2026-09-04,NEW,NHPC,"Up-gradation of SCADA system at Uri-I and Uri-II Power Station and Provision of Data acquisition system from SCADA system to Corporate office, Faridabad",,,,https://www.nhpcindia.com/welcome/tender
2026-09-04,NEW,NHPC,Purchase of Printer for Uri Power Station,,,,https://www.nhpcindia.com/welcome/tender
2026-09-04,NEW,NHPC,"Providing services for Running & Maintenance of Field Hostels and Administrative Building at Power House Complex of Teesta-VI HE Project, Pamphok, South Sikkim.",,,,https://www.nhpcindia.com/welcome/tender
2026-09-04,NEW,NHPC,Purchase of two nos. 3 years license for Sophos XGS2100,,,,https://www.nhpcindia.com/welcome/tender
2026-09-04,NEW,NHPC,Construction of Protection boundary wall at Garsa office Complex and Stores Complex of Parbati-H.E. Project (Stage-II) (Package No-C-831),,,,https://www.nhpcindia.com/welcome/tender
2026-09-04,NEW,NHPC,"Repairing of Toilets and Internal &amp;amp; External painting of VIP Guest House, Tadong, Gangtok for Teesta-V PS, Balutar- (Civil &amp;amp; Electrical works).",,,,https://www.nhpcindia.com/welcome/tender
2026-09-04,NEW,NHPC,Operation and maintenance of Administrative Building Guest House Executive Non Executive Field Hostels Central Store CISF Barracks Operation of DG Set Room Installation of Electrical Auxiliary Equipment Maintenance of Elec,,,,https://www.nhpcindia.com/welcome/tender
2026-09-04,NEW,NHPC,"Renovation &amp; modernization of electrical components i.e. motor, brake assembly, control panels, power cables, cabin equipment&#039;s and associated electrical components of 50 Ton gantry Crane installed at Power house of Chamera Power Station-1.",,,,https://www.nhpcindia.com/welcome/tender
2026-09-04,NEW,NHPC,"Design, Supply, Installation, Testing and Commissioning of Carbon Dust Collection System &amp;#40;CDCS&amp;#41; for 01 No. Generator Units of Uri Power Station",,,,https://www.nhpcindia.com/welcome/tender
2026-09-04,NEW,NHPC,"Supply, erection, installation, testing &amp; commissioning of Centralized Type Numerical based 400KV Bus Bar Protection System &amp;#40;comprising of Bus Bar Protection &amp; Bus Coupler Protection&amp;#41; at Uri Power Station",,,,https://www.nhpcindia.com/welcome/tender
2026-09-04,NEW,NHPC,Taleru Road R- Wall and Breast wall on TPH Road (Restoration Work).,,,,https://www.nhpcindia.com/welcome/tender
2026-09-04,NEW,NHPC,Purchase of Various Insulation Resistance Measurement Test Kit with accessories for TLD-III PS,,,,https://www.nhpcindia.com/welcome/tender
2026-09-04,NEW,NHPC,Purchase of Filter Cartridge Element used in Oil Pressure Unit (OPU) of TLD-III PS,,,,https://www.nhpcindia.com/welcome/tender
2026-09-04,NEW,NHPC,Conducting Hydrographic Survey in the reservoir of Uri-II Power Station for the year 2025-26,,,,https://www.nhpcindia.com/welcome/tender
2026-09-04,NEW,NHPC,"Protection Work of right pier of Khairi Bridge at CPS-1, Khairi.",,,,https://www.nhpcindia.com/welcome/tender
2026-09-04,NEW,NHPC,"Package-2: Construction of Boundary Wall along the river side at Left Bank of Teesta-V PS, Balutar (From RD 590.00m to RD 1129.00m, starting from the Kendriya Vidyalaya extending in front of the Central Store)",,,,https://www.nhpcindia.com/welcome/tender
2026-09-04,NEW,NHPC,Painting of building &amp; replacement of damaged and old GI pipe line by CPVC pipe alongwith Sanitary fitting of non-executive field hostel at Sainj township of Parbati-H.E. Project (Stage-II) (Package No-C-834),,,,https://www.nhpcindia.com/welcome/tender
2026-09-04,NEW,NHPC,"Annual Maintenance of Generator, Turbine and its Auxiliaries of 03 Units of 03x35 MW Units of Loktak Power Station for FY 2025-26.",,,,https://www.nhpcindia.com/welcome/tender
2026-09-04,NEW,NHPC,Purchase of Alfa Laval make heat exchanger plates and gaskets for TLD-III PS,,,,https://www.nhpcindia.com/welcome/tender
2026-09-04,NEW,NHPC,"Package-1: Construction of Riverbank Boundary Wall on the Left Bank of Teesta-V Power Station, Balutar (From RD 0.00 meters to RD 590.00 meters, starting from the suspension bridge and extending in front of the Kendriya Vidyalaya)",,,,https://www.nhpcindia.com/welcome/tender
2026-09-04,NEW,NHPC,"Hiring of services for operation of HM equipment at Powerhouse &amp; Surge shaft of Kishanganga Power Station, Bandipora, J &amp; K (PKG-566).",,,,https://www.nhpcindia.com/welcome/tender
2026-09-04,NEW,NHPC,"Repair of Floor mats at Badminton court of NHPC colony, CPS-1.",,,,https://www.nhpcindia.com/welcome/tender
2026-09-04,NEW,NHPC,Goli Road Breast Wall near Nepali Colony Chhana on Dam- Goli (154A) (RD +/- 4/098 Km to RD +/- 4/118.5 Km).,,,,https://www.nhpcindia.com/welcome/tender
2026-09-04,NEW,NHPC,"Cleaning of Jungle at area of zero face, Emergency gate and both side of Power Channel of Loktak Project.",,,,https://www.nhpcindia.com/welcome/tender
2026-09-04,NEW,NHPC,"Construction of Store Sheds (6 Nos.) at Left Bank Side of Teesta-V PS, Balutar.",,,,https://www.nhpcindia.com/welcome/tender
2026-09-04,NEW,NHPC,Purchase of EHV grade Transformer oil for Power Transformers as per IS 335,,,,https://www.nhpcindia.com/welcome/tender
2026-09-04,NEW,NHPC,Purchase of Digital Earth Resistance clamp meter,,,,https://www.nhpcindia.com/welcome/tender
2026-09-04,NEW,NHPC,Supply and installation of 02 Nos VHF Radio Base Station along with license for CISF-Sewa-II Power Station,,,,https://www.nhpcindia.com/welcome/tender
2026-09-04,NEW,NHPC,"Repair and renovation of Transit camp and misc work at Dam site, Teesta-V Power Station",,,,https://www.nhpcindia.com/welcome/tender
2026-09-04,NEW,NHPC,Repair of Retaining wall between Khajura and Jandarera above Jandarera Village Road at CPS-1.,,,,https://www.nhpcindia.com/welcome/tender
2026-09-04,NEW,NHPC,Up-keeping and maintenance of Executive field hostel at Nowpora Complex of Uri-II Power Station for two years.,,,,https://www.nhpcindia.com/welcome/tender
2026-09-04,NEW,NHPC,"Up-keeping & Maintenance and Canteen Services of Administrative Building at Nowpora Complex, Uri-II Power Station for two year.",,,,https://www.nhpcindia.com/welcome/tender
2026-09-04,NEW,NHPC,General up Keeping of Water Supply System of Rangit Power Station for the year 2025-2027,,,,https://www.nhpcindia.com/welcome/tender
2026-09-04,NEW,NHPC,Purchase of various LED luminaries for Leimatak colony and Loktak Power Station.,,,,https://www.nhpcindia.com/welcome/tender
2026-09-04,NEW,NHPC,"Approach road to Adit-1 (about 300m) on TPH Road (Restoration of damaged R/Wall at Adit-1 L=21.0 Mtr near RD 3/980 to RD 4/001Km (Towards Adit-1), CPS-1.",,,,https://www.nhpcindia.com/welcome/tender
2026-09-04,NEW,NHPC,Purchase of Loader cum Excavator with Bucket 3DX (Backhoe) for Uri Power Station,,,,https://www.nhpcindia.com/welcome/tender
2026-09-04,NEW,NHPC,Purchase of Spares for 1 MVA DG Set of M/s Cummins India for Uri Power Station (PHEM).,,,,https://www.nhpcindia.com/welcome/tender
2026-09-04,NEW,NHPC,Purchase of Hand Tools for Uri Power Station,,,,https://www.nhpcindia.com/welcome/tender
2026-09-04,NEW,NHPC,"Repairing of Hydraulic Rough Terrain mobile Crane, Make Escorts, Model RT 20 of Sewa-II Power Station",,,,https://www.nhpcindia.com/welcome/tender
2026-09-04,NEW,NHPC,Purchase of Different Type of Stationery Items for Uri Power Station,,,,https://www.nhpcindia.com/welcome/tender
2026-09-04,NEW,NHPC,Operation and Maintenance of 02 Bulletproof Scorpios of Loktak Hydroelectric Project.,,,,https://www.nhpcindia.com/welcome/tender
2026-09-04,NEW,NHPC,"Repair &amp;amp; Painting of IRBN Barrack at Left Bank of Teesta-V Power Station, Balutar.",,,,https://www.nhpcindia.com/welcome/tender
2026-09-04,NEW,NHPC,"Restoration of protection work for water supply panel at Kalikhola, TLD-IV Power Station, Kalijhora",,,,https://www.nhpcindia.com/welcome/tender
2026-09-04,NEW,NHPC,Restoration of Damaged Diversion Tunnel (DT) at Baira Dam of Baira Siul Power Station,,,,https://www.nhpcindia.com/welcome/tender
2026-09-04,NEW,NHPC,"Regarding purchase of Honeywell make fire detection alarm devices and servicing of fire detection alarm panel installed in power house/switchyard of TLD-IV Power Station, Kalijhora (W.B.)",,,,https://www.nhpcindia.com/welcome/tender
2026-09-04,NEW,NHPC,Leveling of Ground and development of Bus stand parking at Place of dismantle F1 to F-48 Quarter of Jyotipuram Colony,,,,https://www.nhpcindia.com/welcome/tender
2026-09-04,NEW,NHPC,Purchase of Network Rack for Power House of TLD-III Power Station,,,,https://www.nhpcindia.com/welcome/tender
2026-09-04,NEW,NHPC,"Purchase of Air Conditioner for PH Electrical Office, PH Canteen, HM Office and BCR of TLD-III Power Station",,,,https://www.nhpcindia.com/welcome/tender
2026-09-04,NEW,NHPC,"Supply, Installation, Testing &amp; Commissioning of 400KVA Silent DG Set with Acoustic Enclosure &amp; AMF",,,,https://www.nhpcindia.com/welcome/tender
2026-09-04,NEW,NHPC,Before approaching Dhai nala (right bank) R-Wall on TPH Road (Restoration work).,,,,https://www.nhpcindia.com/welcome/tender
2026-09-04,NEW,NHPC,Appointment of Dividend Banker for distribution of Interim Dividend for the Financial Year 2025-26,,,,https://www.nhpcindia.com/welcome/tender
2026-09-04,NEW,NHPC,Purchase of 10 nos. Large Steel Almirah,,,,https://www.nhpcindia.com/welcome/tender
2026-09-04,NEW,NHPC,Repairing of Loktak-Leimatak road from Pump House at Awang Bazar RD 4.00 Km to RD 8.00 Km of Loktak Project,,,,https://www.nhpcindia.com/welcome/tender
2026-09-04,NEW,NHPC,Geological exploration by extension of 02 nos. existing drift of size 1.8x2.1m RDR-2 by 100m length at EL293m &amp;amp;amp;amp; RDR-3 by 150m length at EL 418m at Right Bank with 04 nos. Head room of size (5mX4mX4.5m),,,,https://www.nhpcindia.com/welcome/tender
2026-09-04,NEW,NHPC,PURCHASE OF UNDER WATER PARTS,,,,https://www.nhpcindia.com/welcome/tender
2026-09-04,NEW,NHPC,"Supply, Installation and Commissioning of 02 Nos. Hydro Static Lubrication units along with all accessories and electrical control panel",,,,https://www.nhpcindia.com/welcome/tender
2026-09-04,NEW,NHPC,Purchase of Basic Life Support Training Manikin (BLS Training Manikin) for TLD-III PS,,,,https://www.nhpcindia.com/welcome/tender
2026-09-04,NEW,NHPC,Before Road Tunnel on TPH Road (Restoration of R-Wall near before road tunnel on TPH Road).,,,,https://www.nhpcindia.com/welcome/tender
2026-09-04,NEW,NHPC,Up keeping and maintenance of Field Hostels at Salamabad Complex of Uri-ll Power Station.,,,,https://www.nhpcindia.com/welcome/tender
2026-09-04,NEW,NHPC,Supply Installation Testing and Commissioning of Retrofitting of Emission Control Device (RECD) for in-sue 320 KVA Diesel Gen. Set,,,,https://www.nhpcindia.com/welcome/tender
2026-09-04,NEW,NHPC,Tender for “Repair of road connecting the rock fill dam of Salal Power Station to Thanpal village”,,,,https://www.nhpcindia.com/welcome/tender
2026-09-04,NEW,NHPC,Purchase of General Consumables for Uri Power Station,,,,https://www.nhpcindia.com/welcome/tender
2026-09-04,NEW,NHPC,Restoration of Damaged Boundary Wall at Various Locations of Semna Colony at DPS Kishtwar,,,,https://www.nhpcindia.com/welcome/tender
2026-09-04,NEW,NHPC,"Testing of Drinking water, STP water, Air Quality etc. at NHPC Office Complex, Sector-33, Faridabad.",,,,https://www.nhpcindia.com/welcome/tender
2026-09-04,NEW,NHPC,"Consultancy services for renovation and repair work of Jal Tarang Auditorium in NHPC Office Complex, Sec-33, Faridabad",,,,https://www.nhpcindia.com/welcome/tender
2026-09-04,NEW,NHPC,General up Keeping & Housekeeping of colony (Sector - C & D) of Rangit Power Station for the year 2025-2027,,,,https://www.nhpcindia.com/welcome/tender
2026-09-04,NEW,NHPC,SITC of PA system with stage sound box for auditorium at Salal Power Station.,,,,https://www.nhpcindia.com/welcome/tender
2026-09-04,NEW,NHPC,"Calibration of Instruments available & installed at Power House & Dam Site, Sewa-II Power Station",,,,https://www.nhpcindia.com/welcome/tender
2026-09-04,NEW,NHPC,"Repair / Replacement of Rubber Seals of HM Radial Gates of TLD-IV Power Station, Kalijhora (W.B.)",,,,https://www.nhpcindia.com/welcome/tender
2026-09-04,NEW,NHPC,"Paintings of Spillway Stoplog, Intake Stoplog and Draft Tube Gates of TLD-IV Power Station",,,,https://www.nhpcindia.com/welcome/tender
2026-09-04,NEW,NHPC,Purchase of complete cartridge assembly of MIV OPU pumps of generating units of Parbati-III PS,,,,https://www.nhpcindia.com/welcome/tender
2026-09-04,NEW,NHPC,Establishment of Early Warning System along with Automation of Siren and PA System for Parbati-III Power Station,,,,https://www.nhpcindia.com/welcome/tender
2026-09-04,NEW,NHPC,Goli Road Breast Wall near Chhana Mor on Dam- Goli (154A) (RD +- 2/660 Km to +-2/ 683 Km).,,,,https://www.nhpcindia.com/welcome/tender
2026-09-04,NEW,NHPC,Hiring of 06 MUV/SUV up to 2200 CC (Mahindra Scorpio-N Model Z-2 (Diesel) or higher vehicle) with driver for the period of 02 years for Dibang Multipurpose Project.,,,,https://www.nhpcindia.com/welcome/tender
2026-09-04,NEW,NHPC,"Running & Maintenance of Guest House, Shelter accommodation of Quarter Type-A, B and Regional Training Centre (RTC) rooms for NHPC Ltd., LO Kolkata",,,,https://www.nhpcindia.com/welcome/tender
2026-09-04,NEW,NHPC,"Providing Technical Equipment Management Services for NHPC Ltd., LO Kolkata",,,,https://www.nhpcindia.com/welcome/tender
2026-09-04,NEW,NHPC,"Restoration of damaged protection work of Katarbain-Bhaledh Road at Bhaledh of Baira Siul Power Station, Surangani",,,,https://www.nhpcindia.com/welcome/tender
2026-09-04,NEW,NHPC,Hiring of Mahindra Bolero Camper 2WD BS-VI and Higher Variant of Model-2025/2024/2023/2022 or latest model on 24hrs basis along with driver at Chamera Power Station-1.,,,,https://www.nhpcindia.com/welcome/tender
2026-09-04,NEW,NHPC,Up keeping and maintenance of VIP Guest House at Nowpora Complex of Uri-ll Power Station.Open Tender among Project Affected Families (PAFs) / Project Affected Villages near to Uri-II Power Station,,,,https://www.nhpcindia.com/welcome/tender
2026-09-04,NEW,NHPC,Hiring of 01 No. Mahindra Bolero Camper 2WD BS-VI Model-2023/2024/2025 or latest model or Higher Variant on 24 hrs basis along with driver at Chamera Power Station-1.,,,,https://www.nhpcindia.com/welcome/tender
2026-09-04,NEW,NHPC,Custom Bid for Services - Hiring of Divers with tools & tackles for 01 year by Chamera Power Station-1.,,,,https://www.nhpcindia.com/welcome/tender
2026-09-04,NEW,NHPC,"Purchase of High Pressure Hydraulic Pump for Rangit Power House Make - ENERPAC, Model - N250019",,,,https://www.nhpcindia.com/welcome/tender
2026-09-04,NEW,NHPC,"Repair and internal painting of C-type quarters (C-1 to C-32 = 32 Nos) at CPS-1, Khairi.",,,,https://www.nhpcindia.com/welcome/tender
2026-09-04,NEW,NHPC,Purchase of Spares for repair of faulty OPU Screw Pump Model No. T3ST 90/42 for OPU of TLD III Power Station.,,,,https://www.nhpcindia.com/welcome/tender
2026-09-04,NEW,NHPC,"Hydrographic Survey of Reservoir & two EWS site, Darbal & Arwad of Sewa-II Power Station",,,,https://www.nhpcindia.com/welcome/tender
2026-09-04,NEW,NHPC,Restoration of damaged Dhargala Siul Road by constructing Protection wall on road side at Baira Siul Power Station Surangani,,,,https://www.nhpcindia.com/welcome/tender
2026-09-04,NEW,NHPC,Purchase of Pressure Reducer Valve (Pilot Operated) Make: Darling Muesco (Model:FIG 115) for Shaft Seal System of Power House of TLD-III Power Station.,,,,https://www.nhpcindia.com/welcome/tender
2026-09-04,NEW,NHPC,"Purchase of Inductive Type Proximity sensor , BCH make",,,,https://www.nhpcindia.com/welcome/tender
2026-09-04,NEW,NHPC,Purchase of Markin Cloth for Power House of TLD-III Power Station.,,,,https://www.nhpcindia.com/welcome/tender
2026-09-04,NEW,NHPC,विभागीय उपस्कर ऐस मेक व्हील लोडर माडल AL– 170 संबंधी चार (04) टायर खरीदने हेतु अनुमोदन के संबंध में।,,,,https://www.nhpcindia.com/welcome/tender
2026-09-04,NEW,NHPC,"Establishment of perennial source of water supply system for NHPC Colony Kralpora, Bandipora (PKG-557).",,,,https://www.nhpcindia.com/welcome/tender
2026-09-04,NEW,NHPC,"Construction of parking shed at the residential colony Dawar Gurez of Kishanganga Power Station, Bandipora, J & K (PKG-560).",,,,https://www.nhpcindia.com/welcome/tender
2026-09-04,NEW,NHPC,Comprehensive Annual Maintenance Contract (CMAC) of Chiller Unit#II (One nos.) & Packaged ACs# II & III (Two nos.) installed in Power House for a period of Two Years.,,,,https://www.nhpcindia.com/welcome/tender
2026-09-04,NEW,NHPC,Purchase of various types of HTLT Cables Disc Pin Insulator LA and Flood lights for Sewa-II Dam-HM Electrical Sarthali,,,,https://www.nhpcindia.com/welcome/tender
2026-09-04,NEW,NHPC,Hiring of 05 Nos. Inspection and Commercial Vehicles for the use at Uri-II Power Station,,,,https://www.nhpcindia.com/welcome/tender
2026-09-04,NEW,NHPC,Purchase of XEROX make Toners and Drum Cartridges for XEROX Photocopiers installed at TLD-III PS.,,,,https://www.nhpcindia.com/welcome/tender
2026-09-04,NEW,NHPC,Purchase of SF6 Multi Analyzer With Gas Return System for Power House of TLD–III Power Station.,,,,https://www.nhpcindia.com/welcome/tender
2026-09-04,NEW,NHPC,Purchase of consumable items for Township Complex of Uri Power Station,,,,https://www.nhpcindia.com/welcome/tender
2026-09-04,NEW,NHPC,Purchase of Spare Parts for various models of Kent ROs.,,,,https://www.nhpcindia.com/welcome/tender
2026-09-04,NEW,NHPC,Purchase of optical splicing equipment.,,,,https://www.nhpcindia.com/welcome/tender
2026-09-04,NEW,NHPC,"Drilling of 3 nos. borewells (01 no. at Right Bank & 02 nos. at Left Bank) & Providing Water Supply System at SLP, Right Bank and Left Bank NHPC Colony.",,,,https://www.nhpcindia.com/welcome/tender
2026-09-04,NEW,NHPC,"Purchase of Seesaw for Playground (V2) (Q3) , Spring Rider (Q3), and Play Ground Merry Go Round.",,,,https://www.nhpcindia.com/welcome/tender
2026-09-04,NEW,NHPC,Repair and Maintenance of water supply network at NHPC Complex Pasighat.,,,,https://www.nhpcindia.com/welcome/tender
2026-09-04,NEW,NHPC,"River training work at right bank of Sewa River in front of Administrative building to Sr. Executive Field Hostel of Sewa -II Power Station, Mashka (Jammu and Kashmir) (CW-699)",,,,https://www.nhpcindia.com/welcome/tender
2026-09-04,NEW,NHPC,"Supply, Installation, Testing and Commissioning of three (03) Nos. 10 KVA, three Phase DG Set",,,,https://www.nhpcindia.com/welcome/tender
2026-09-04,NEW,NHPC,Construction of Steel water tank retaining Structure for G+1 in Siang Lower Project at Pasighat.,,,,https://www.nhpcindia.com/welcome/tender
2026-09-04,NEW,NHPC,R and M for smooth functioning of IT Department (including LAN and other IT System) and R&M for smooth functioning of Procurement Division.,,,,https://www.nhpcindia.com/welcome/tender
2026-09-04,NEW,NHPC,Purchase of Disc Springs for Nozzles of Sewa-II Power Station,,,,https://www.nhpcindia.com/welcome/tender
2026-09-04,NEW,NHPC,Painting and Miscellaneous repair work of Old CISF Barrack along with Kitchen Inside control room in Siul Weir Complex at Baira Siul Power Station Surangani,,,,https://www.nhpcindia.com/welcome/tender
2026-09-04,NEW,NHPC,"Installation, Testing and commissioning of 30KL/Hour Capacity Water Filtration Plant near HRT Valve House at Bairasiul Power Station Surangani",,,,https://www.nhpcindia.com/welcome/tender
2026-09-04,NEW,NHPC,"Annual Maintenance Contract (AMC) of Hydro Mechanical equipment/gates and Electric Panels installed at Baira Dam, Bhaledh Trench, Siul Weir and TRC gates, PRV gate and Draft Tube Gates at Power House Complex",,,,https://www.nhpcindia.com/welcome/tender
2026-09-04,NEW,NHPC,Restoration of Damaged Dam Toe & Approach Road of Baira Dam at Baira Siul Power Station,,,,https://www.nhpcindia.com/welcome/tender
2026-09-04,NEW,NHPC,"Supply, transportation, Erection, Testing ,Commissioning of Inspection Adit gate at SFT of Bhaled weir of BSPS",,,,https://www.nhpcindia.com/welcome/tender
2026-09-04,NEW,NHPC,"Restoration of damaged Apron, Bhaledh Feeder Tunnel (BFT), Desilting Chamber (DB) and Silt Flushing Tunnel (SFT) in Bhaledh – Baira Siul Power Station (BSPS)",,,,https://www.nhpcindia.com/welcome/tender
2026-09-04,NEW,NHPC,"Repairing of Hydraulic Rough Terrain mobile Crane, Make Escorts, Model RT 20 of Sewa-II Power Station",,,,https://www.nhpcindia.com/welcome/tender
2026-09-04,NEW,NHPC,Repair works of Spillway Glacis and Replacement of Steel liner & Sill Beam of Radial Gate No # 1 at Dulhasti Power Station Kishtwar,,,,https://www.nhpcindia.com/welcome/tender
2026-09-04,NEW,NHPC,"Purchase of Duplex Resistance Temperature Detector (PT100), Length7500MM, Sensor length 75MM",,,,https://www.nhpcindia.com/welcome/tender
2026-09-04,NEW,NHPC,"Hiring of Services for Assistance in Mechanical and Store Division of Kishanganga Power Station, Bandipora, J & K (PKG-561).",,,,https://www.nhpcindia.com/welcome/tender
2026-09-04,NEW,NHPC,"Insurance Cover for 50MW Solar Power Project at Theni/ Dindigul District, Tamilnadu for one year (from 07.02.2026 to 06.02.2027)",,,,https://www.nhpcindia.com/welcome/tender
2026-09-04,NEW,NHPC,"“Necessary Repair of boundary wall, Erection of View Cutter, barbed wire and concertina at barrage complex, Boniyar at Pringal site of Uri Power Station",,,,https://www.nhpcindia.com/welcome/tender
2026-09-04,NEW,NHPC,"Supply, Testing, Commissioning and Trial Run of Lifting Beam Assembly of 40 T Gantry Crane at Dam site",,,,https://www.nhpcindia.com/welcome/tender
2026-09-04,NEW,NHPC,Manufacturing and supply of Shaft Seal Drum(shaft sleeve) with HP-HVOF coating for Parbati-3 Power Station,,,,https://www.nhpcindia.com/welcome/tender
2026-09-04,NEW,NHPC,Hiring of Ten (10 Nos.) M&M Bolero Neo N4 (Diesel) or higher Vehicles for the Subansiri Lower HE Project and Empanelment of Bidders for One Year.,,,,https://www.nhpcindia.com/welcome/tender
2026-09-04,NEW,NHPC,"Protection and stabilisation work at RD 1550 to 1650, P/F ACP sheets at Mumty of Intake, Painting work of Intake Tower & Other misc. works at Dul Dam, Kishtwar",,,,https://www.nhpcindia.com/welcome/tender
2026-09-04,NEW,NHPC,Supply and Installation of 02 Nos Strong Motion Accelerograph at Dam site of Uri-II Power Station,,,,https://www.nhpcindia.com/welcome/tender
2026-09-04,NEW,NHPC,"Hiring of Services of Drivers for Departmental Vehicle of Kishanganga Power Station, Bandipora, J & K (PKG-558).",,,,https://www.nhpcindia.com/welcome/tender
2026-09-04,NEW,NHPC,Restoration of damaged Retaining Wall Near Jandreda (Right Bank of River) in Dam- Khairi Road.,,,,https://www.nhpcindia.com/welcome/tender
2026-09-04,NEW,NHPC,Monthly Basis Cab & Taxi Hiring Services - SUV; 2000 km x 320 hours; Local 24*7,,,,https://www.nhpcindia.com/welcome/tender
2026-09-04,NEW,NHPC,"Repair & Painting of Hydro Power Training Institute (HPTI) Hostel Building at CPS-1, Khairi.",,,,https://www.nhpcindia.com/welcome/tender
2026-09-04,NEW,NHPC,"Repair and maintenance work in Basement Floor and Room no- 1 & 2 of VIP Guest House, Teesta-V Power Station, Balutar – (Civil & Electrical works).",,,,https://www.nhpcindia.com/welcome/tender
2026-09-04,NEW,NHPC,"Repair of CISF Morcha near Dam Civil Office, Tomruchi entry gate and at CISF colony roof top at Dul Dam site DPS Kishtwar",,,,https://www.nhpcindia.com/welcome/tender
2026-09-04,NEW,NHPC,Extension of Boulder trap above GIS building at Chamera III power station Dharwala ( E-Office No.: 141449),,,,https://www.nhpcindia.com/welcome/tender
2026-09-04,NEW,NHPC,"Supply, Installation, Testing and Commissioning of 1 Nos 250 KVA DG Set at Dam Colony Sarthali of Sewa II Power Station",,,,https://www.nhpcindia.com/welcome/tender
2026-09-04,NEW,NHPC,Purchase of Infrared Thermal Imaging Camera with accessories for Power House of TLD–III Power Station,,,,https://www.nhpcindia.com/welcome/tender
2026-09-04,NEW,NHPC,Purchase of LED Lighting Fixtures for Power House at Uri Power Station (PHEM),,,,https://www.nhpcindia.com/welcome/tender
2026-09-04,NEW,NHPC,Purchase of ABB make spares for Main Electrical Distribution Panel Installed at Dam site,,,,https://www.nhpcindia.com/welcome/tender
2026-09-04,NEW,NHPC,"Simani Nala (right bank R-wall restoration) on TPH Road (Restoration of damaged Retaining Wall Near Simani Nallah (Right Bank of Nala) in Dam- Khairi Road, CPS1).",,,,https://www.nhpcindia.com/welcome/tender
2026-09-04,NEW,NHPC,Providing and applying of 4.65 mm thick Epoxy Flooring of CPS-1 Power House.,,,,https://www.nhpcindia.com/welcome/tender
2026-09-04,NEW,NHPC,"Installation of V-Notch at TBM adit, Valve House, Lower Pressure Shaft adit and Drainage Gallery of Kishanganga Power Station, Bandipora, J&K, (PKG-559).",,,,https://www.nhpcindia.com/welcome/tender
2026-09-04,NEW,NHPC,"Supply, retrofitting, installation, testing, and commissioning of HIPASE-P Unit protection relays (Generator & Transformer protection) and its integration with existing SCADA (250 Scala) system at Teesta Low Dam-III Power Station.",,,,https://www.nhpcindia.com/welcome/tender
2026-09-04,NEW,NHPC,“(2025-26) Upgradation of existing MaxDNA SCADA system with latest version in phased manner,,,,https://www.nhpcindia.com/welcome/tender
2026-09-04,NEW,NHPC,Upgradation &amp; Refurbishment of 02 Nos. 190/30/10 MT Electric Overhead Traveling (EOT) Cranes of CPS-1.,,,,https://www.nhpcindia.com/welcome/tender
2026-09-04,NEW,NHPC,Comprehensive Package Policy- CPM Equipment of Power Stations of NHPC for the period from 01.04.2026 to 31.03.2027,,,,https://www.nhpcindia.com/welcome/tender
2026-09-04,NEW,NHPC,SITC of 11 KV overhead feeder from near Kalgi to near Salamabad in Dam feeder from Power House,,,,https://www.nhpcindia.com/welcome/tender
2026-09-04,NEW,NHPC,Purchase of Hydraulic Jack and Lifting Machine for Uri Power Station,,,,https://www.nhpcindia.com/welcome/tender
2026-09-04,NEW,NHPC,Purchase of Pressure Balancing pipe & Accessories for Parbati-III Power Station,,,,https://www.nhpcindia.com/welcome/tender
2026-09-04,NEW,NHPC,"Exploration of high resolution satellite data of Kamala HE Project area, Arunachal Pradesh to identify structures along with comparative change analysis of maps",,,,https://www.nhpcindia.com/welcome/tender
2026-09-04,NEW,NHPC,Annual maintenance Contract (AMC) of different type of water purifier (RO) systems installed at NHPC Teesta-V Power Station for 01 year.,,,,https://www.nhpcindia.com/welcome/tender
2026-09-04,NEW,NHPC,Purchase of water supply fittings and miscellaneous items for Barrage Complex and Uranbua Colony of Uri Power Station,,,,https://www.nhpcindia.com/welcome/tender
2026-09-04,NEW,NHPC,"Sewa River protection work near power house, CPS-1.",,,,https://www.nhpcindia.com/welcome/tender
2026-09-04,NEW,NHPC,"Installation, Testing & Commissioning (SITC) of 03 Nos of Automatic Weather Stations for Chamera-1 Dam including 03 years Comprehensive Annual Maintenance Contract (CAMC) after 02 years of warranty period.",,,,https://www.nhpcindia.com/welcome/tender
2026-09-04,NEW,NHPC,Temporary Protection work at unstable dead slope near Power House of Loktak PS.,,,,https://www.nhpcindia.com/welcome/tender
2026-09-04,NEW,NHPC,"Repair, Painting and Replace windows of C-type Quarters at Sewa Vihar Colony of Sewa -II Power Station, Mashka (CW-702)",,,,https://www.nhpcindia.com/welcome/tender
2026-09-04,NEW,NHPC,"Protective Ceramic coating on Spiral Casing, Stay Rings and Stay Vanes of all the three Generating Units of Nimoo Bazgo Power Station",,,,https://www.nhpcindia.com/welcome/tender
2026-09-04,NEW,NHPC,"Bathymetric survey of Wular lake in respect of Tulbul Navigation Lock Project, Baramulla",,,,https://www.nhpcindia.com/welcome/tender
2026-09-04,NEW,NHPC,"River Side Protection Work At Outer Boundary Of Switchyard Near Khairi Bridge, CPS-1.",,,,https://www.nhpcindia.com/welcome/tender
2026-09-04,NEW,NHPC,"Protection work of road between Switchyard and Power House, CPS-1, Khairi.",,,,https://www.nhpcindia.com/welcome/tender
2026-09-04,NEW,NHPC,Hiring of 02 nos. (24+1) seater BS-VI buses for round the clock duty along with 02 nos. drivers and 02 nos. helpers for each bus for TLD-III Power Station,,,,https://www.nhpcindia.com/welcome/tender
2026-09-04,NEW,NHPC,"Sewa River protection work for switchyard, CPS-1.",,,,https://www.nhpcindia.com/welcome/tender
2026-09-04,NEW,NHPC,Rate Contract for purchase of Rubber Items for Generating Units of NHPC’s Power Stations,,,,https://www.nhpcindia.com/welcome/tender
2026-09-04,NEW,NHPC,"Hiring of brand new NEXON EV 3.0 CREATIVE 45 along with 7.2KW AC Fast Charger and accessories, Mfg year 2025 or latest or any higher variantor any higher version in this segment along with a driver.",,,,https://www.nhpcindia.com/welcome/tender
2026-09-04,NEW,NHPC,"Hiring of Services of Balancing Expert for Dynamic Balancing of All Three Hydro Units of (3x180MW) Chamera Power Station-1, Khairi, Chamba (H.P).",,,,https://www.nhpcindia.com/welcome/tender
2026-09-04,NEW,NHPC,"OruMor R-Wall at first slide on Dam Office (Restoration of damaged R/Wall in between odhumodh Road/Dam road at U-Turn, CPS-1).",,,,https://www.nhpcindia.com/welcome/tender
2026-09-04,NEW,NHPC,Construction of four Bio-medical waste pit with boundary fencing at Teesta-V PS Project Hospital.,,,,https://www.nhpcindia.com/welcome/tender
2026-09-04,NEW,NHPC,"Exploratory Drilling Works of three holes of 50m depth and one hole of 100 m in Tulbul Navigation Lock Project, Baramulla, Jammu & Kashmir",,,,https://www.nhpcindia.com/welcome/tender
2026-09-04,NEW,NHPC,Insurance coverage under Group Insurance Scheme in lieu of EDLI in NHPC Limited for a period of one year (from 01.01.26 to 31.12.26),,,,https://www.nhpcindia.com/welcome/tender
2026-09-04,NEW,NHPC,"Protection work on the left bank of the reservoir at the Teesta River, TLD-IV PS, Kalijhora",,,,https://www.nhpcindia.com/welcome/tender
2026-09-04,NEW,NHPC,"Restoration of damaged Slope Protection work at Dobat, DGPS",,,,https://www.nhpcindia.com/welcome/tender
2026-09-04,NEW,NHPC,"Repair and Maintenance of CISF Barracks at Dam Site, CPS-1.",,,,https://www.nhpcindia.com/welcome/tender
2026-09-04,NEW,NHPC,Purchase of Heavy Duty Mixer Grinder,,,,https://www.nhpcindia.com/welcome/tender
2026-09-04,NEW,NHPC,Purchase of Silica Gel Drying Oven,,,,https://www.nhpcindia.com/welcome/tender
2026-09-04,NEW,NHPC,General Up keeping & Housekeeping of VIP Guest House & Officer's Club of Rangit Power Station for Year 2025,,,,https://www.nhpcindia.com/welcome/tender
2026-09-04,NEW,NHPC,"Design, Supply, Fabrication, Installation and commissioning of 04 nos. Triple storey (G+2) Pre-Engineered Field Hostel Building at New Apali Colony, Dibang Multipurpose Project (DMPP), Arunachal Pradesh.",,,,https://www.nhpcindia.com/welcome/tender
2026-09-04,NEW,NHPC,"Trace path cutting from Lower Bench (Pathar Camp) upto Upper bench of land acquired at New Apali, Dibang Multipurpose Project, Arunachal Pradesh.",,,,https://www.nhpcindia.com/welcome/tender
2026-09-04,NEW,NHPC,"Construction of room for Strong Motion Accelerograph arrangement at Dam Site of Kishanganga Power Station, Gurez, Bandipora, J&K (PKG-555).",,,,https://www.nhpcindia.com/welcome/tender
2026-09-04,NEW,NHPC,Grouting work of Pressure Shaft at Parbati-III Power Station during lean Period of 2025-26,,,,https://www.nhpcindia.com/welcome/tender
2026-09-04,NEW,NHPC,Mega Risk Policy including Terrorism & Third Party Liability Policy for NHPC Power Stations (For one year w.e.f 01.04.2026 to 31.03.2027),,,,https://www.nhpcindia.com/welcome/tender
2026-09-04,NEW,NHPC,"Purchase of 2 Nos. Submersible Pump, 62 KW -(KRTK 150-401/654 )for Parbati-III Power Station",,,,https://www.nhpcindia.com/welcome/tender
2026-09-04,NEW,NHPC,Purchase of Flexible Expansion Joint for Uri Power Station,,,,https://www.nhpcindia.com/welcome/tender
2026-09-04,NEW,NHPC,"Design, Supply, Installation, Testing and Commissioning of Carbon Dust Collection System (CDCS) for Generator Unit of Uri Power Station",,,,https://www.nhpcindia.com/welcome/tender
2026-09-04,NEW,NHPC,Purchase of Material Handling Equipment for Uri Power Station,,,,https://www.nhpcindia.com/welcome/tender
2026-09-04,NEW,NHPC,Sherpur Road Oru Bridge abutment Restoration of R-Wall,,,,https://www.nhpcindia.com/welcome/tender
2026-09-04,NEW,NHPC,Purchase of a hydraulic torque wrench for Loktak Power Station.,,,,https://www.nhpcindia.com/welcome/tender
2026-09-04,NEW,NHPC,Conducting hydrographic survey (Pre-monsoon and post-monsoon) at dam of Rangit Power Station for Two years to find out reservoir elevation-area-capacity curve,,,,https://www.nhpcindia.com/welcome/tender
2026-09-04,NEW,NHPC,Repair work of water conductor system (Head Race Tunnel) of Parbati-III Power Station during lean Period of 2025-26,,,,https://www.nhpcindia.com/welcome/tender
2026-09-04,NEW,NHPC,"Procurement of 1 No. Hydrogen Fuel Cell Electric Bus and its Comprehensive Maintenance Services for 3 Years for Chamba, Himachal Pradesh",,,,https://www.nhpcindia.com/welcome/tender
2026-09-04,NEW,NHPC,"Restoration of damaged River Training Work & Protection work along River Kaliganga below CISF Complex to Petrol Pump at Dobat, DGPS",,,,https://www.nhpcindia.com/welcome/tender
2026-09-04,NEW,NHPC,"Supply, installation, testing and commissioning (SITC) of 5 nos. of Strong Motion Accelerographs to Chamera-1 Dam including 5 years Comprehensive AMC after a warrantee period of 02 years as per technical specifications.",,,,https://www.nhpcindia.com/welcome/tender
2026-09-04,NEW,NHPC,"Repairing and misc. work at field hostel D1,D3 and surrounding area in CPS-1,Khairi.",,,,https://www.nhpcindia.com/welcome/tender
2026-09-04,NEW,NHPC,Dhai Nala (right bank) Approach Road R-Wall on TPH Road.,,,,https://www.nhpcindia.com/welcome/tender
2026-09-04,NEW,NHPC,"Annual Maintenance of Unit#1 & Unit#2 (3x180=540MW) Hydro Generator Units of Chamera Power Station-1, Khairi, Distt. Chamba, H.P. for the year of 2025-26.",,,,https://www.nhpcindia.com/welcome/tender
2026-09-04,NEW,NHPC,Purchase of Spares of Fire Fighting Jockey Pumps of Power House of TLD-III Power Station,,,,https://www.nhpcindia.com/welcome/tender
2026-09-04,NEW,NHPC,Purchase of Spares of KBL Make Pumps (KPD 100/40 and KPD 125/40) for Power House of TLD-III PS,,,,https://www.nhpcindia.com/welcome/tender
2026-09-04,NEW,NHPC,"Protective Ceramic coating on Spiral Casing, Stay Vanes and Top Cover of all the three Generating Units of Teesta-V Power Station",,,,https://www.nhpcindia.com/welcome/tender
2026-09-04,NEW,NHPC,Purchase of Electric Chain Hoists for Power House of TLD-III Power Station,,,,https://www.nhpcindia.com/welcome/tender
2026-09-04,NEW,NHPC,"Empanelment of Photographers/ Videographers on Rate Contract basis for NHPC, Faridabad for two Years",,,,https://www.nhpcindia.com/welcome/tender
2026-09-04,NEW,NHPC,Purchase of pressure plate for top cover and pressing ring for bush housing of guide vanes,,,,https://www.nhpcindia.com/welcome/tender
2026-09-04,NEW,NHPC,"Inspection, Repair and Testing of Circumferential and Longitudinal Welding Joints of Pressure Shaft-1 and 2 at Parbati-III Power Station",,,,https://www.nhpcindia.com/welcome/tender
2026-09-04,NEW,NHPC,"Supply & erection of steel liner grade IS 2062-E450A/BR in central pier and spillway glacis and repairing of spillway glacis, Apron & Guide wall with HPC of Bay# 1&2 at Dam of Parbati-III Power Station",,,,https://www.nhpcindia.com/welcome/tender
2026-09-04,NEW,NHPC,Construction of tin shed for additional transformer placed at Sanjpoi store area of CPS-1.,,,,https://www.nhpcindia.com/welcome/tender
2026-09-04,NEW,NHPC,"Supply, installation, testing, commissioning and subscription of services of Electro-Atmospheric Field Protector at switchyard of Rangit Power Station",,,,https://www.nhpcindia.com/welcome/tender
2026-09-04,NEW,NHPC,Purchase of tool tackles consumable items for Salal Power House,,,,https://www.nhpcindia.com/welcome/tender
2026-09-04,NEW,NHPC,Miscellaneous Consumables for repairing various types of electric motors of Salal Power Station,,,,https://www.nhpcindia.com/welcome/tender
2026-09-04,NEW,NHPC,Supply and Installation of Radar type water level sensor and Automatic Rain fall recorder and configuration & Integration with existing DataTaker Data logger DT85G,,,,https://www.nhpcindia.com/welcome/tender
2026-09-04,NEW,NHPC,Clearing of jungle at Dam site of Teesta-V Power Station.,,,,https://www.nhpcindia.com/welcome/tender
2026-09-04,NEW,NHPC,Geo-Membrane Lining Work during repair work of water conductor system (Head Race Tunnel) of Parbati-III Power Station during lean Period of 2025-26,,,,https://www.nhpcindia.com/welcome/tender
2026-09-04,NEW,NHPC,"Protection of Right side of reservoir rim by providing concrete, wire crates and repairing of Right Bank Road at Dam site of Parbati-III Power Station",,,,https://www.nhpcindia.com/welcome/tender
2026-09-04,NEW,NHPC,"Dewatering of Tail Race Tunnel of Dulhasti Power Station by providing submersible pumps, DG Sets, LT switchgear/distribution board, Change over panel, crane, pipes, Power/control cables, operation/maintenance staff etc for a period of 45 days”",,,,https://www.nhpcindia.com/welcome/tender
2026-09-04,NEW,NHPC,Purchase of General purpose items for the use of power house Equipment’s.,,,,https://www.nhpcindia.com/welcome/tender
2026-09-04,NEW,NHPC,"Repair of cover sheet of porous drain in dam galleries, fencing at intake gate and boulder trap at Dam, CPS-1.",,,,https://www.nhpcindia.com/welcome/tender
2026-09-04,NEW,NHPC,"Repairing, Painting, and Increasing Height of Overhead Water Tanks in Pasighat Complex of Siang Lower Project at Pasighat",,,,https://www.nhpcindia.com/welcome/tender
2026-09-04,NEW,NHPC,Restoration of damaged Retaining Wall at Jandrera near rain shelter in Dam-Khairi Road,,,,https://www.nhpcindia.com/welcome/tender
2026-09-04,NEW,NHPC,"Restoration of Road at slide area on Power house- Surge shaft road near Baggi village, CPS-1.",,,,https://www.nhpcindia.com/welcome/tender
2026-09-04,NEW,NHPC,"Construction of Drain along playground of Government Middle School Baggi in village Baggi in Gram Panchayat Kanged, Development Block Salooni, Distt Chamba under CSR.",,,,https://www.nhpcindia.com/welcome/tender
2026-09-04,NEW,NHPC,Construction of interlocking Paver block approach road for newly constructed G+1 prefabricated Building in Siang Lower H E Project at Pasighat,,,,https://www.nhpcindia.com/welcome/tender
2026-09-04,NEW,NHPC,"Construction of Septic Tank for Pre-fabricated Building (G+1) at NHPC Complex, Pasighat",,,,https://www.nhpcindia.com/welcome/tender
2026-09-04,NEW,NHPC,"Repairing and Painting of Two Rooms Building in front of Barrack at NHPC (Old SSB) Complex, Pasighat",,,,https://www.nhpcindia.com/welcome/tender
2026-09-04,NEW,NHPC,Annual Maintenance contract of CCTV Surveillance system of Uri-II Power station for FY- 2025-26,,,,https://www.nhpcindia.com/welcome/tender
2026-09-04,NEW,NHPC,INPUT PINION SHAFT OF AUXILIARY HOIST GEAR BOX No 3AH650,,,,https://www.nhpcindia.com/welcome/tender
2026-09-04,NEW,NHPC,Reverse Osmosis based Point of Use Water Treatment System for Drinking Purposes (V3) as per IS 16240 (Q2),,,,https://www.nhpcindia.com/welcome/tender
2026-09-04,NEW,NHPC,Servicing & Troubleshooting of BHEL make maxDNA based G-40 model EHGC and HMC of 03 Generating Units of the Nimoo Bazgo Power Station.,,,,https://www.nhpcindia.com/welcome/tender
2026-09-04,NEW,NHPC,"Repair and maintenance of drain from Canteen building to ATM and TRT Field Hostel to Helipad at CPS1, Khairi.",,,,https://www.nhpcindia.com/welcome/tender
2026-09-04,NEW,NHPC,Servicing & Troubleshooting of BHEL make maxDNA based Static Excitation System (SEE)/ DVR of 03 Generating Units of the Nimoo Bazgo Power Station.,,,,https://www.nhpcindia.com/welcome/tender
2026-09-04,NEW,NHPC,"Providing and application of Anti Corrosion Polysulphide modified epoxy resin on MIV, Penstock and Inlet steel structure of Power House including removal of old paint, rusted metal scraps from the steel structure by Air blasting complete in all respect at Uri-II Power Station, NHPC Ltd",,,,https://www.nhpcindia.com/welcome/tender
2026-09-04,NEW,NHPC,"Preventive Maintenance/Servicing and Testing of LT Air Circuit Breakers installed at various sites of the Nimoo Bazgo Power Station, Alchi, Leh (UT of Ladakh).",,,,https://www.nhpcindia.com/welcome/tender
2026-09-04,NEW,NHPC,De-siltation of Ungamel Channel from Khuga-Ungamel confluence point to end point of both distributary channels under Loktak Power Station.,,,,https://www.nhpcindia.com/welcome/tender
2026-09-04,NEW,NHPC,Comprehensive Repair of damaged Runner (OS-1) of Dulhasti Power Station (2025-26),,,,https://www.nhpcindia.com/welcome/tender
2026-09-04,NEW,NHPC,"Restoration of Damaged Retaining Wall at RD 12/514KM to RD 12/521.5 KM, RD 12/525 to RD 12/533.50KM and RD 12/535.5Km to RD 12/545Km at Dam Khairi Road",,,,https://www.nhpcindia.com/welcome/tender
2026-09-04,NEW,NHPC,Running maintenance including HRT U/s and Roads of Dam Complex for two years of Rangit Power Station,,,,https://www.nhpcindia.com/welcome/tender
2026-09-04,NEW,NHPC,"Repairing of existing Type II Quarters situated at Old Colony, Loktak Project.",,,,https://www.nhpcindia.com/welcome/tender
2026-09-04,NEW,NHPC,"Supply, Modification and Erection of 5T EOT Crane for GIS Hall of Power-House of Dulhasti Power Station, Kishtwar",,,,https://www.nhpcindia.com/welcome/tender
2026-09-04,NEW,NHPC,"Providing Services for AMC for 02 Years of Rexroth Make Hydraulic system for radial gates, Silt flushing tunnel gates and Silt Flushing Gallery Gates installed at Dam Site of Rangit Power Station",,,,https://www.nhpcindia.com/welcome/tender
2026-09-04,NEW,NHPC,Purchase of One Nos hydraulic puller for HM division for repair and maintenance of HM equipment installed at Sewa-II Dam,,,,https://www.nhpcindia.com/welcome/tender
2026-09-04,NEW,NHPC,Bituminous Carpeting of Internal Roads of Barrage at Boniyar.,,,,https://www.nhpcindia.com/welcome/tender
2026-09-04,NEW,NHPC,Supply of 1 Set (2Nos.) of OPU pumps (3-phse Induction Motor with Screw Pumps) for governor along with DOL Starter Panel Generating Units to Salal power station,,,,https://www.nhpcindia.com/welcome/tender
2026-09-04,NEW,NHPC,Qualification for Procurement of 1350 Kg SF6 Gas for 400KVA GIS of CPS-I.,,,,https://www.nhpcindia.com/welcome/tender
2026-09-04,NEW,NHPC,Restoration of damaged R/Wall in between Rd- ±0/980km to ±1/200km at Dam - Goli Road at CPS-1,,,,https://www.nhpcindia.com/welcome/tender
2026-09-04,NEW,NHPC,Work of arresting oil leakage from GSU Transformer HV Cable Box of UNIT#1 & #2 by application of chemical compounds,,,,https://www.nhpcindia.com/welcome/tender
2026-09-04,NEW,NHPC,Repair and Maintenance of Dam Office at Orhu Mod of CPS-I.,,,,https://www.nhpcindia.com/welcome/tender
2026-09-04,NEW,NHPC,Purchase of spares & servicing/repair of GEM make air dryers installed for suppling compressed air to different equipment in Power House & Valve House,,,,https://www.nhpcindia.com/welcome/tender
2026-09-04,NEW,NHPC,Supply of Tablet Computers for Nimoo Bazgo Power Station,,,,https://www.nhpcindia.com/welcome/tender
2026-09-04,NEW,NHPC,"Supply of Miscellaneous Mechanical Consumables for Power House of Nimoo Bazgo Power Station, Alchi, Leh",,,,https://www.nhpcindia.com/welcome/tender
2026-09-04,NEW,NHPC,Servicing of CG make 145 KV SF6 Circuit Breaker and 12 KV VCBs at Nimoo Bazgo Power Station.,,,,https://www.nhpcindia.com/welcome/tender
2026-09-04,NEW,NHPC,"Repair of departmental Excavator- 240HD, BEML Make for TLD-III PS",,,,https://www.nhpcindia.com/welcome/tender
2026-09-04,NEW,NHPC,"Supply and Installation of 02 nos. Floor Standing / Tower Type Hot & Cold 2 Ton Capacity Air Conditioners with all accessories at CPS-1, Khairi",,,,https://www.nhpcindia.com/welcome/tender
2026-09-04,NEW,NHPC,"“Supply, Installation, Testing & Commissioning of Clean Agent Based Automatic Fire Suppression Systems for Server Room at Chamera Power Station–I”",,,,https://www.nhpcindia.com/welcome/tender
2026-09-04,NEW,NHPC,Consultancy assignment for providing post Ind AS implementation consultancy services for preparation of Ind AS compliant Financial Statements,,,,https://www.nhpcindia.com/welcome/tender
2026-09-04,NEW,NHPC,"Construction of Store Building at NHPC Colony of Kishanganga Power Station, Kralpora, Bandipora (PKG-553).",,,,https://www.nhpcindia.com/welcome/tender
2026-09-04,NEW,NHPC,Selection of Firms for issuance of No Objection Certificate (NOC) for Removal of Deposited Sediments from the Reservoir of Salal Power Station,,,,https://www.nhpcindia.com/welcome/tender
2026-09-04,NEW,NHPC,AMC of Compueter and its peripherals for 02 years of Sewa-II Power Station,,,,https://www.nhpcindia.com/welcome/tender
2026-09-04,NEW,NHPC,External Safety Audit of Kishanganga Power Station for FY 2025-26,,,,https://www.nhpcindia.com/welcome/tender
2026-09-04,NEW,NHPC,Monetization of Free Cash component (Return on Equity) of Chamera-III & Parbati-III Power Station for next ten-years in single tranche during FY 2025-2026,,,,https://www.nhpcindia.com/welcome/tender
2026-09-04,NEW,NHPC,Hiring of consultancy services for recertification/upgradation of existing ISO/IEC 27001:2013 to ISO/IEC 27001:2022,,,,https://www.nhpcindia.com/welcome/tender
2026-09-04,NEW,NHPC,Purchase of Transformer Oil Filtration Plant along with Transformer Oil Storage Tank for Rangit Power Station,,,,https://www.nhpcindia.com/welcome/tender
2026-09-04,NEW,NHPC,"Consultancy services for a period of 3 years for assisting the Recertification / Renewal of ISMS (ISO 27001) certification at IT&C Division, NHPC Office Complex, Faridabad.",,,,https://www.nhpcindia.com/welcome/tender
2026-09-04,NEW,NHPC,"Repair and Renovation of Project Dispensary, Sub-station building at Samdong Colony and providing rain shed above staircase at Samdong and Dikchu Transit camp of Teesta V Power Station, Sikkim.",,,,https://www.nhpcindia.com/welcome/tender
2026-09-04,NEW,NHPC,"Protection and stabilization work of hill slope along the road leading to TBM Adit Portal, Kishanganga Power Station, Bandipora, J&K, (PKG-556).",,,,https://www.nhpcindia.com/welcome/tender
2026-09-04,NEW,NHPC,"Repair of Sill Beam, Side Plates, Gate Roller and Clamp Plates of Under-Sluice Gates of Dam, CPS-1.",,,,https://www.nhpcindia.com/welcome/tender
2026-09-04,NEW,NHPC,"Refining,Retubing and Repairing of Thrust bearing oil Cooler of Chamera-I Power Station.",,,,https://www.nhpcindia.com/welcome/tender
2026-09-04,NEW,NHPC,Insurance Coverage of Outstanding Multipurpose Advance under “NHPC Employees Multipurpose Advance Insurance Scheme for a period of one year from 19.11.2025 to 18.11.2026,,,,https://www.nhpcindia.com/welcome/tender
2026-09-04,NEW,NHPC,"Repair and renovation of Type-A Building (16 nos. 1 BHK), Teste-VI HE Project, Pamphok , South Sikkim, Sikkim",,,,https://www.nhpcindia.com/welcome/tender
2026-09-04,NEW,NHPC,Purchase of Limiter motor of G-40 Governor HMC Supplied by BHEL for Sewa-II Power Station.,,,,https://www.nhpcindia.com/welcome/tender
2026-09-04,NEW,NHPC,"Consultancy Services for implementation of Information Security Management System (ISMS, ISO 27001:2022) in Kishanganga Power Station, Bandipora, J & K (PKG-552).",,,,https://www.nhpcindia.com/welcome/tender
2026-09-04,NEW,NHPC,"Repair of damaged Retaining walls at Simani Nalla (Left Bank) on the Dam-Khairi Road near the Road Tunnel, at CPS-1.",,,,https://www.nhpcindia.com/welcome/tender
2026-09-04,NEW,NHPC,Purchase of Various items for Break Dust collector system of 130 MW hydro generator of Parbati-III Power station,,,,https://www.nhpcindia.com/welcome/tender
2026-09-04,NEW,NHPC,Purchase of All in One PC,,,,https://www.nhpcindia.com/welcome/tender
2026-09-04,NEW,NHPC,Directors & Officers (D&O) Liability Insurance Policy for the period 23.01.2026 to 22.01.2027,,,,https://www.nhpcindia.com/welcome/tender
2026-09-04,NEW,NHPC,Supply & Installation of New 100 W Electrical Heating Plates for D-Type Quarters/Changla Field Hostel/VIP Guest House/Dam Control Room/Leh Guest House etc. at NHPC Nimoo Bazgo Power Station.,,,,https://www.nhpcindia.com/welcome/tender
2026-09-04,NEW,NHPC,"Painting and Polishing works of NHPC Bhawan in NHPC Residential Colony, Sector -41, Faridabad",,,,https://www.nhpcindia.com/welcome/tender
2026-09-04,NEW,NHPC,"Purchase of 01 No. Crawler Dozer, Capacity - 90 HP for TLD-III Power Station.",,,,https://www.nhpcindia.com/welcome/tender
2026-09-04,NEW,NHPC,"Purchase of 01 No. Tipper, Capacity– 8.5 Cum, 6 Wheel, BS-VI for TLD-III Power Station.",,,,https://www.nhpcindia.com/welcome/tender
2026-09-04,NEW,NHPC,Purchase of different types of Welding Electrodes for Power House,,,,https://www.nhpcindia.com/welcome/tender
2026-09-04,NEW,NHPC,"Purchase of Stator Air Cooler/ Guide Bearing Cooler/TB Cooler Gasket, Neoprene Rubber Cord, Neoprene Cup Seal, etc. for Salal Power Station",,,,https://www.nhpcindia.com/welcome/tender
2026-09-04,NEW,NHPC,Restoration of damaged Road Sides of dam reservoir Site of Rangit Power Station,,,,https://www.nhpcindia.com/welcome/tender
2026-09-04,NEW,NHPC,Providing and laying bituminous concrete for road of Dam complex at Rangit Power Station including correction and miscellaneous repair works,,,,https://www.nhpcindia.com/welcome/tender
2026-09-04,NEW,NHPC,Supply and installation of STP of 10KLD capacity for power house of Chamera Power Station-1.,,,,https://www.nhpcindia.com/welcome/tender
2026-09-04,NEW,NHPC,Purchase of Disc Springs for Nozzles of Sewa-II Power Station (PR-69),,,,https://www.nhpcindia.com/welcome/tender
2026-09-04,NEW,NHPC,Epoxy painting of underwater component of Generating Units during annual maintenance 2025-26 of Chamera-1 Power House,,,,https://www.nhpcindia.com/welcome/tender
2026-09-04,NEW,NHPC,Replacement of pressure sand filter and activated carbon filter and connected pipe lines for water supply system of Chamera Power Station-1,,,,https://www.nhpcindia.com/welcome/tender
2026-09-04,NEW,NHPC,"Providing assistance for canteen facility at Dam Complex at Sarthali of Sewa-II Power Station, Distt. Kathua, (J&K)",,,,https://www.nhpcindia.com/welcome/tender
2026-09-04,NEW,NHPC,Insurance coverage under Group Term Life Insurance Policy for NHPC Employee for a period of one year,,,,https://www.nhpcindia.com/welcome/tender
2026-09-04,NEW,NHPC,Operation & Maintenance work of Power House at Leimatak for 12 months.,,,,https://www.nhpcindia.com/welcome/tender
2026-09-04,NEW,NHPC,Construction of breast wall in forest park at Chamera III Power Station Dharwala (E-office no. 115430),,,,https://www.nhpcindia.com/welcome/tender
2026-09-04,NEW,NHPC,"Supply, Installation, testing & Commissioning (SITC) of 02 Nos. of Automatic Rain gauges for Chamera -1 Dam including 03 years Comprehensive Annual Maintenance Contract (CAMC) after 02 years of warranty period.",,,,https://www.nhpcindia.com/welcome/tender
2026-09-04,NEW,NHPC,Removal of boulders from TRT outlet and its front and other repairs and miscellaneous works (E-office no 111753),,,,https://www.nhpcindia.com/welcome/tender
2026-09-04,NEW,NHPC,Procurement of Electrical Appliances (Washing Machines),,,,https://www.nhpcindia.com/welcome/tender
2026-09-04,NEW,NHPC,"Supply,Fabrication,Installation,Testing and commissioning of main gate of Power House,cut out cover railing and staircase railing on different floor of Power House of Parbati-H.E. Project (Stage-II) (Package No-C-803-B)",,,,https://www.nhpcindia.com/welcome/tender
2026-09-04,NEW,NHPC,Construction of temporary Dyke and dewatering to facilitate the reapair work of Spillway Glacis and other works as per requirement at TLD-IV PS Kalijhora,,,,https://www.nhpcindia.com/welcome/tender
2026-09-04,NEW,NHPC,Purchase of MIV Door Seals of generating units of Parbati-III PS,,,,https://www.nhpcindia.com/welcome/tender
2026-09-04,NEW,NHPC,"Design, Supply, Installation, testing and commissioning of main cooling water pump Motor set (Split casing pump motor set instead of vertical pump motor set) of Chamera-I Power Station.",,,,https://www.nhpcindia.com/welcome/tender
2026-09-04,NEW,NHPC,"Supply, Installation, Testing and Commissioning of Automatic Water Level Recorder along with its Annual Maintenance at Parbati-III Power Station",,,,https://www.nhpcindia.com/welcome/tender
2026-09-04,NEW,NHPC,Providing Services for Upkeeping of Field Hostel camp and R&M of Residential and Non Residential Building and Garden at Sainj Sallah of Parbati-III Power Station.,,,,https://www.nhpcindia.com/welcome/tender
2026-09-04,NEW,NHPC,"Repair of Spillway Glacis, providing sill beam for 04 nos Radial gate groove, replacement of Sill beam of Radial gate and Stoplog gate groove of 04 bays including Providing and Fixing of Steel Liner in 02 Bays of Spillway Glacis of TLD-IV PS Kalijhora",,,,https://www.nhpcindia.com/welcome/tender
2026-09-04,NEW,NHPC,"Supply, Installation, Testing and commissioning of New 225 Ton Chiller Plant for Uri Power House",,,,https://www.nhpcindia.com/welcome/tender
2026-09-04,NEW,NHPC,Supply Installation Commissioning and Testing of 15 KVA Off grid Solar Power plant at ITI Pangin,,,,https://www.nhpcindia.com/welcome/tender
2026-09-04,NEW,NHPC,Running and Maintenance of water supply system including sweeping and cleaning of colony of Teesta-V Power Station at Samdong.,,,,https://www.nhpcindia.com/welcome/tender
2026-09-04,NEW,NHPC,Repair and Modification of Drain along the boundary wall at Gingle Colony,,,,https://www.nhpcindia.com/welcome/tender
2026-09-04,NEW,NHPC,"Exploratory Drilling for nineteen holes of 1165 m depth for Masinta Pumped Storage Project (1000 MW), Odisha",,,,https://www.nhpcindia.com/welcome/tender
2026-09-04,NEW,NHPC,"Repairing of Hydraulic Rough Terrain mobile Crane, Make Escorts, Model RT 20 of Sewa-II Power Station",,,,https://www.nhpcindia.com/welcome/tender
2026-09-04,NEW,NHPC,Repairing and troubleshooting of Addressable Fire Alarm System of Administrative office of Sewa-II Power Station alongwith AMC for 04 Years,,,,https://www.nhpcindia.com/welcome/tender
2026-09-04,NEW,NHPC,Purchase of Door/Service Seal for Butterfly Valve of Sewa-II Power Station,,,,https://www.nhpcindia.com/welcome/tender
2026-09-04,NEW,NHPC,Construction of equipment rooms at Nihari Thach Locations (U/s of Dam) on Parbati River for installation of early Warning system/GLOF of Parbati-H.E. Project (Stage-II)” (Package No-C-821),,,,https://www.nhpcindia.com/welcome/tender
2026-09-04,NEW,NHPC,Annual Maintenance work of 3x20 MW Hydro-generating units of Rangit Power for 2025-26,,,,https://www.nhpcindia.com/welcome/tender
2026-09-04,NEW,NHPC,"Construction of Plinth protection work around Prefab Building Block-2(A) and Block-2(B) at Sawalkote HE Project, Tanger, Dist-Ramban, Jammu and Kashmir",,,,https://www.nhpcindia.com/welcome/tender
2026-09-04,NEW,NHPC,Supply of Desktop Computer System for Uri Power Station,,,,https://www.nhpcindia.com/welcome/tender
2026-09-04,NEW,NHPC,"Supply, Installation, Testing & Commissioning of 400KV Shunt Reactor Protection for 02nos. 400KV Lines for Uri Power Station",,,,https://www.nhpcindia.com/welcome/tender
2026-09-04,NEW,NHPC,Repair of damaged Runner (RN#6) of Teesta-V Power Station,,,,https://www.nhpcindia.com/welcome/tender
2026-09-04,NEW,NHPC,"Repair, Strengthening and Raising (Partly at intermittent locations) of boundary wall/fencing at NHPC Residential Colony, Sector-41, Faridabad (Haryana)",,,,https://www.nhpcindia.com/welcome/tender
2026-09-04,NEW,NHPC,"Purchase of Stainless-Steel Bolts, Nuts, Washers of different sizes of Grade SS 304 for Maintenance of Radial Gates, Stoplog Gates, HR Gates etc. at Dam of Uri-II PS",,,,https://www.nhpcindia.com/welcome/tender
2026-09-04,NEW,NHPC,"Replacement of complete Stator Assembly of 110 MW Hydro Generator (Unit-1) at Kishanganga Power Station, Bandipora, J & K (PKG-554).",,,,https://www.nhpcindia.com/welcome/tender
2026-09-04,NEW,NHPC,Hiring of 01 No inspection Vehicle M&M Bolero Neo or equivalent for Teesta-v power station for a period of 24 Months,,,,https://www.nhpcindia.com/welcome/tender
2026-09-04,NEW,NHPC,Hiring of 01 No inspection Vehicle M&M Bolero Neo or equivalent for Teesta-V power station for a period of 24 Months,,,,https://www.nhpcindia.com/welcome/tender
2026-09-04,NEW,NHPC,Painting and repairing of Power House and adjacent area of Parbati-III Power Station,,,,https://www.nhpcindia.com/welcome/tender
2026-09-04,NEW,NHPC,Purchase of HP make Printer Cartridges for Sewa-II Power Station,,,,https://www.nhpcindia.com/welcome/tender
2026-09-04,NEW,NHPC,Repair along with HP-HVOF coating of 01 set damaged Guide vanes of 130 MW Francis Turbine at Parbati-III Power Station.,,,,https://www.nhpcindia.com/welcome/tender
2026-09-04,NEW,NHPC,"Servicing/Overhauling of EOT Cranes, Gantry Cranes as per scope of work installed at Power House, Surge Shaft & Dam of Uri-II Power Station",,,,https://www.nhpcindia.com/welcome/tender
2026-09-04,NEW,NHPC,Calibration/Testing of various measuring Instruments/Equipments of Power House of Teesta-V Power Station,,,,https://www.nhpcindia.com/welcome/tender
2026-09-04,NEW,NHPC,40 Ton Escort Crane repair,,,,https://www.nhpcindia.com/welcome/tender
2026-09-04,NEW,NHPC,Procurement of Servo Positioning Controller (SPC) Module for TSLG governing system for Salal Power Station,,,,https://www.nhpcindia.com/welcome/tender
2026-09-04,NEW,NHPC,Repair of eroded guide vanes of 100 MW Francis Hydro-turbine at Mechanical workshop Chamera-II Power Station (2025-26),,,,https://www.nhpcindia.com/welcome/tender
2026-09-04,NEW,NHPC,Purchase of Microsoft Office Professional License,,,,https://www.nhpcindia.com/welcome/tender
2026-09-04,NEW,NHPC,Purchase of Rubber items for Loktak Power House,,,,https://www.nhpcindia.com/welcome/tender
2026-09-04,NEW,NHPC,Purchase of Sulfur Hexafluoride (SF6) Gas Analyser for 400KV GIS of Uri-II Power Station,,,,https://www.nhpcindia.com/welcome/tender
2026-09-04,NEW,NHPC,"Construction of Vehicle Parking Shed at 1st & 2nd bench of office cum Residential complex, Sawalkote HE Project, Tanger, Dist-Ramban, J&K",,,,https://www.nhpcindia.com/welcome/tender
2026-09-04,NEW,NHPC,Purchase of fasteners for Uri Power Station,,,,https://www.nhpcindia.com/welcome/tender
2026-09-04,NEW,NHPC,Rehabilitation of 69.6m span Steel Truss Bridge over the river Ravi D/S of Chamera-1 Dam.,,,,https://www.nhpcindia.com/welcome/tender
2026-09-04,NEW,NHPC,"Purchase of Rexroth make Directional Solenoid valve, pressure switches, Logic valve cover, Vane/ Jockey pump & coil for Solenoid valves for OPU/ Power Pack Systems of Sewa-II Power Station",,,,https://www.nhpcindia.com/welcome/tender
2026-09-04,NEW,NHPC,R&M of Mechanical Installations of Rangit Powerhouse,,,,https://www.nhpcindia.com/welcome/tender
2026-09-04,NEW,NHPC,"Repair and renovation of Transit camp and misc work at Dam site, Teesta-V Power.",,,,https://www.nhpcindia.com/welcome/tender
2026-09-04,NEW,NHPC,Purchase of Industrial grade 2 Wire AC-DC Sensor IP67 EN IEC 60947-5-2 for Main Inlet valves,,,,https://www.nhpcindia.com/welcome/tender
2026-09-04,NEW,NHPC,Replacement of Rubber seals (J-seal & Service seals) of Butterfly valve (BFV–Dia 2.4 Mtr.) of Sewa-II Power Station,,,,https://www.nhpcindia.com/welcome/tender
2026-09-04,NEW,NHPC,Upgradation and automation of measuring instruments of Barrage of Uri Power Station.,,,,https://www.nhpcindia.com/welcome/tender
2026-09-04,NEW,NHPC,Purchase of spares for Raw & Clean cooling water pumps for Power House Machines,,,,https://www.nhpcindia.com/welcome/tender
2026-09-04,NEW,NHPC,"Replacement of damage old GI pipe line and fitting by CPVC pipe of Administrative Building at SainjTownship,of Parbati-H.E. Project (Stage-II) (Package No-C-822)",,,,https://www.nhpcindia.com/welcome/tender
2026-09-04,NEW,NHPC,"Exploratory Drilling works of 04 Nos holes @ Right Bank (181m each) and 04 Nos holes @ Left Bank (188m each) of Kamala River at Dam Axis of Kamala HE Project, Arunachal Pradesh",,,,https://www.nhpcindia.com/welcome/tender
2026-09-04,NEW,NHPC,"Enamel painting of HM equipment like TRCM, Gantry Crane, EOT Crane, Power Pack of Radial Gates & Under-Sluice Gates, Emergency Hoist 220 MT and Epoxy painting of 8 no Radial Gates at Dam of CPS-1.",,,,https://www.nhpcindia.com/welcome/tender
2026-09-04,NEW,NHPC,"Purchase of Spares for Vertical Firefighting Hydrant Pump, Model: 12M – 4 Stage and Spray Pump, Model: 13H – 5 Stage for Power House of TLD-III PS",,,,https://www.nhpcindia.com/welcome/tender
2026-09-04,NEW,NHPC,Repair & HP-HVOF Coating of 01 No. Runners of 70 MW Francis Hydro Turbine of Dhauliganga Power Station (2025-26),,,,https://www.nhpcindia.com/welcome/tender
2026-09-04,NEW,NHPC,Servicing of Ingersoll rand make Dry Air compressor for Generator Transformer at Teesta-V Power Station.,,,,https://www.nhpcindia.com/welcome/tender
2026-09-04,NEW,NHPC,"Application of Surface Protective hard Coating on Stay Vanes, Stay Ring and Spiral Casing Surface for Two Units at Uri-II Power Station",,,,https://www.nhpcindia.com/welcome/tender
2026-09-04,NEW,NHPC,Repairing of Loktak-Leimatak Road near Culvert at RD 6.4 KM of Loktak Power Station.,,,,https://www.nhpcindia.com/welcome/tender
2026-09-04,NEW,NHPC,"Supply of 245 kV, 800-600-400/1A, 5 Core, Outdoor dead tank type oil cooled current transformer.",,,,https://www.nhpcindia.com/welcome/tender
2026-09-04,NEW,NHPC,Purchase of Spares for Lubi Make Vertical Centrifugal Pump for Raw Cooling Water System,,,,https://www.nhpcindia.com/welcome/tender
2026-09-04,NEW,NHPC,Providing External Assistance for Manning of Fire Station at Uri-II Power Station for 24 months,,,,https://www.nhpcindia.com/welcome/tender
2026-09-04,NEW,NHPC,Providing Railing and Drainage work in Adit#3 at Uri-II Power Station,,,,https://www.nhpcindia.com/welcome/tender
2026-09-04,NEW,NHPC,Carrying out M2 Maintenance of 420KV GIS System installed in Uri-II Power Station,,,,https://www.nhpcindia.com/welcome/tender
2026-09-04,NEW,NHPC,"Dressing / Re-routing of Power and Control Cables in cable trays located at different Floors of Power House and CVT Areas of Kishanganga Power Station, Bandipora (PKG-549).",,,,https://www.nhpcindia.com/welcome/tender
2026-09-04,NEW,NHPC,सेवा-2 पावर-हाउस के Nozzle एवं deflector servomotor मे लगे Vijay Seals मेक के walker seal एवं Chevron Packing की खरीद,,,,https://www.nhpcindia.com/welcome/tender
2026-09-04,NEW,NHPC,Renovation & modernization of electrical components and associated electrical components of 50 Ton gantry Crane installed at Power house of Chamera Power Station-1,,,,https://www.nhpcindia.com/welcome/tender
2026-09-04,NEW,NHPC,"Renovation of DG shed building and Billing/Office room of Electrical Infra Division at Executive Director Office Complex, Arunachal Pradesh (Kolaptukar).",,,,https://www.nhpcindia.com/welcome/tender
2026-09-04,NEW,NHPC,Purchase of 02 Set Turbine Guide Bearing (TGB) Shell for Power House of TLD-III PS,,,,https://www.nhpcindia.com/welcome/tender
2026-09-04,NEW,NHPC,Repair and Renovation of 18 B type quarters at NHPC Colony Nigalpani,,,,https://www.nhpcindia.com/welcome/tender
2026-09-04,NEW,NHPC,"Repair and restoration of road by Premix carpet, wire create gabion and concrete work in different location at Mashka - Siara (Pepri) and approach roads of Sewa-II Power Station, Mashka (CW-693)",,,,https://www.nhpcindia.com/welcome/tender
2026-09-04,NEW,NHPC,"Supply and installation of Moisture cum Temperature Sensor Detector for TGM, Governor, MIV and BFV OPU for Power house of Sewa-II Power Station(PR-32)",,,,https://www.nhpcindia.com/welcome/tender
2026-09-04,NEW,NHPC,"Engineering Design, manufacturing, supply and retrofitting of horizontal centrifugal water pump motor set for booster cooling water system of CPS-1 Power house.",,,,https://www.nhpcindia.com/welcome/tender
2026-09-04,NEW,NHPC,"Barrage-Boniyar Painting of barrage HM gates and cranes etc. at Uri Power Station along with lettering of coordinates/levels of reference points, stand pipes, access wells, control points and spillway gates, barriers and access platforms",,,,https://www.nhpcindia.com/welcome/tender
2026-09-04,NEW,NHPC,"Development of parks at Township Complex, Gingle, Uri Power Station.",,,,https://www.nhpcindia.com/welcome/tender
2026-09-04,NEW,NHPC,"Hiring of 01 (One) no new M&M Bolero, B6, Manufacturing year 2025, inspection vehicle for Power House(Civil) division under GM (Civil), Pamphok, Teesta-VI HEP",,,,https://www.nhpcindia.com/welcome/tender
2026-09-04,NEW,NHPC,"Hiring of 01 (One) no new M&M Bolero, B6, Manufacturing year 2025, inspection vehicle for Adit-IV, HRT division under GM (Civil), Pamphok, Teesta-VI HEP",,,,https://www.nhpcindia.com/welcome/tender
2026-09-04,NEW,NHPC,"Repairing of CRPF SO barrack and Morcha at Jeevan Nagar, Loktak Project, Manipur.",,,,https://www.nhpcindia.com/welcome/tender
2026-09-04,NEW,NHPC,Procurement of Deep Freezers,,,,https://www.nhpcindia.com/welcome/tender
2026-09-04,NEW,NHPC,Procurement of Air Conditioners,,,,https://www.nhpcindia.com/welcome/tender
2026-09-04,NEW,NHPC,"Procurement of Geysers, Radiator Heaters & Electric Kettles",,,,https://www.nhpcindia.com/welcome/tender
2026-09-04,NEW,NHPC,Procurement of Refrigerators,,,,https://www.nhpcindia.com/welcome/tender
2026-09-04,NEW,NHPC,"Extension/replacement work of stack height of DG sets (400kVa Sim Power & 380kVa Cummins make DG Set) along with replacement of Silencer and Bellows with MS support at Dam site of Chamera-II Power Station, Chamba",,,,https://www.nhpcindia.com/welcome/tender
2026-09-04,NEW,NHPC,Overhauling and Refurbishment (re-tubing and re-fining) of Stator air cooler of Chamera-1 Power Station,,,,https://www.nhpcindia.com/welcome/tender
2026-09-04,NEW,NHPC,"Strengthening of metal & concrete joints of Draft Tube window and arresting of water leakages, for 6 Units of Salal Power Station",,,,https://www.nhpcindia.com/welcome/tender
2026-09-04,NEW,NHPC,Providing and Fixing of Shed over AC Duct and Other Misc Works at CISF Office and Switch yard at Power House Complex at Sewa -II Power Station Mashka (CW-694),,,,https://www.nhpcindia.com/welcome/tender
2026-09-04,NEW,NHPC,Purchase of One Nos hydraulic puller for HM division for repair and maintenance of HM equipment installed at Sewa-II Dam,,,,https://www.nhpcindia.com/welcome/tender
2026-09-04,NEW,NHPC,Purchase of clamp on type Ultrasonic flow meters for BFV and MIV locations at Sewa-II Power house,,,,https://www.nhpcindia.com/welcome/tender
2026-09-04,NEW,NHPC,Purchase of Chhabi Electricals make 220 and 48 Volt battery Charger spares,,,,https://www.nhpcindia.com/welcome/tender
2026-09-04,NEW,NHPC,"Repair of Drainage / Dewatering pump and Mat Drainage pump , Make KBL , installed at power house , Chamera-III Power station, Dharwala (E- office no. 126836 )",,,,https://www.nhpcindia.com/welcome/tender
2026-09-04,NEW,NHPC,"Application of Surface Protective Coating on Spiral Casing, Stay Rings, Stay Vanes of Generating Unit 3 of Chamera-III Power Station ( E-Office No. 148320)",,,,https://www.nhpcindia.com/welcome/tender
2026-09-04,NEW,NHPC,Deployment of DGR Security Guards/Supervisor (Ex-Servicemen) at Tld-IV Power Station (for Kalijhora & Vidyut Nagar,,,,https://www.nhpcindia.com/welcome/tender
2026-09-04,NEW,NHPC,Purchase of 01 No. 75” Interactive Display Screen and other accessories for TLD-III PS,,,,https://www.nhpcindia.com/welcome/tender
2026-09-04,NEW,NHPC,Purchase of C&S Make Air Circuit Breaker Trolley for Substation at Sector-D of TLD-III PS,,,,https://www.nhpcindia.com/welcome/tender
2026-09-04,NEW,NHPC,Purchase of Spares of EOT Crane for Power House of TLD III PS,,,,https://www.nhpcindia.com/welcome/tender
2026-09-04,NEW,NHPC,"Supply, Installation, Testing and Commissioning of 500 KVA DG Set",,,,https://www.nhpcindia.com/welcome/tender
2026-09-04,NEW,NHPC,Repairing of 2 sets (40 numbers) damaged guide Vanes for Teesta-V Power Station,,,,https://www.nhpcindia.com/welcome/tender
2026-09-04,NEW,NHPC,"Mud lifting/De- Silting from Stop Log Gate Grooves of RG# 1,2 & 3 up to Successful placement of Stop Log Units in Stop Log Grooves at Dam Site, Kharamukh ( E- Office No.: 146329)",,,,https://www.nhpcindia.com/welcome/tender
2026-09-04,NEW,NHPC,Repair and renovation of Type-II Qtrs. (3 BLOCKS/18 Nos. Qtrs.) under possession of Teesta-VI HE Project at Balutar,,,,https://www.nhpcindia.com/welcome/tender
2026-09-04,NEW,NHPC,Purchase of Capital Spare (Runner) for Rangit Power Station,,,,https://www.nhpcindia.com/welcome/tender
2026-09-04,NEW,NHPC,Supply of Internal Storage Device type SSD,,,,https://www.nhpcindia.com/welcome/tender
2026-09-04,NEW,NHPC,"Repairing Work of Cable Trenches Cover at Dam Top and Providing stainless steel railing around Intake gate TLD-IVPS, Kalijhora",,,,https://www.nhpcindia.com/welcome/tender
2026-09-04,NEW,NHPC,HP make ink/ toner Cartridges on Rate Contract through MVC program.,,,,https://www.nhpcindia.com/welcome/tender
2026-09-04,NEW,NHPC,Procurement of Wiro binding wall calendars and Wiro binding Desk calendars,,,,https://www.nhpcindia.com/welcome/tender
2026-09-04,NEW,NHPC,Procurement of Semi Automatic Washing Machines,,,,https://www.nhpcindia.com/welcome/tender
2026-09-04,NEW,NHPC,“Repair of exposed reinforcement with cementitious mortar in S7 pier in the penstock area including scrapping & painting of dewatering pipes from drainage gallery sump and outlet and other steel painting works at TLD-IV PS Kalijhora,,,,https://www.nhpcindia.com/welcome/tender
2026-09-04,NEW,NHPC,SITC of Automatic fire/smoke detection/alarm system for Sewa-II Dam control room of Sewa-II Power station,,,,https://www.nhpcindia.com/welcome/tender
2026-09-04,NEW,NHPC,Running and maintenance of residential and office complex at Nowpora of Uri -II Power Station,,,,https://www.nhpcindia.com/welcome/tender
2026-09-04,NEW,NHPC,"Engagement of Homeopathic Consultant on Part time basis for 02 (two) years"" for Corporate Office, NHPC Limited, Faridabad",,,,https://www.nhpcindia.com/welcome/tender
2026-09-04,NEW,NHPC,Purchase of Spares for Oil Filtration Plant of M/s CEE DEE Vacuum Equipment Pvt. Ltd. Make (4500LPH capacity) of Uri Power Station,,,,https://www.nhpcindia.com/welcome/tender
2026-09-04,NEW,NHPC,"Construction of Community Health Center and solar street lighting work at Jalandora village under CSR scheme, Gurez, Bandipora, J&K (PKG-550).",,,,https://www.nhpcindia.com/welcome/tender
2026-09-04,NEW,NHPC,Annual Maintenance Contract (AMC) of 500KVA & 250KVA Greaves DG Set at Power House and Dam site of Sewa-2 Power Station for 02 Years,,,,https://www.nhpcindia.com/welcome/tender
2026-09-04,NEW,NHPC,Purchase of Spares of KBL Make Pumps (KPD 100/40 and KPD 125/40) for Power House of TLD-III PS,,,,https://www.nhpcindia.com/welcome/tender
2026-09-04,NEW,NHPC,"Replacement of SCADA at Chamera-II Power Station as per Scope, Specifications and SOQ",,,,https://www.nhpcindia.com/welcome/tender
2026-09-04,NEW,NHPC,"NDT (Non destructive testing) for thickness measurement at critical points of open-air- steel lined penstock and Firefighting pipeline, hydraulic testing of pressure vessels and Testing, calibration & certification of measuring equipment at Sewa-II Power Station",,,,https://www.nhpcindia.com/welcome/tender
2026-09-04,NEW,NHPC,Restoration of damaged Retaining Wall in between RD ±16/986Km to RD ±17/000Km of Bagdhar-Khari road at CPS-1.,,,,https://www.nhpcindia.com/welcome/tender
2026-09-04,NEW,NHPC,Purchase of Safety relief valve for Sewa-2 Power House.,,,,https://www.nhpcindia.com/welcome/tender
2026-09-04,NEW,NHPC,"Providing parapet and crash barriers at different locations from RD 0.00KM to RD 2.070 KM at Dam Goli road, CPS-1.",,,,https://www.nhpcindia.com/welcome/tender
2026-09-04,NEW,NHPC,Repair and Painting work of Internal and outer surface of Kendriya Vidyalaya CPS-1 Khairi.,,,,https://www.nhpcindia.com/welcome/tender
2026-09-04,NEW,NHPC,"Repairing and Painting works of CISF office, Quarter, Barrack at switchyard & other related miscellaneous works.",,,,https://www.nhpcindia.com/welcome/tender
2026-09-04,NEW,NHPC,"Inspection, diagnostic testing and preventive checks of 400KV GIS at Uri Power Station",,,,https://www.nhpcindia.com/welcome/tender
2026-09-04,NEW,NHPC,"Hiring of Ambulance along with Driver for Dam Site, Gurez, Bandipora, for 2 years (PKG-547)",,,,https://www.nhpcindia.com/welcome/tender
2026-09-04,NEW,NHPC,Purchase of different fasteners for Sewa-II Power Station,,,,https://www.nhpcindia.com/welcome/tender
2026-09-04,NEW,NHPC,Supply & Installation of Thermal Lagging insulation with aluminium cladding on cooling water pipe lines for the generators of Sewa-II Power Station.,,,,https://www.nhpcindia.com/welcome/tender
2026-09-04,NEW,NHPC,Analysis and Measurements of various Environmental Aspects at different locations of Sewa-ll Power Station for the year 2025-2026.,,,,https://www.nhpcindia.com/welcome/tender
2026-09-04,NEW,NHPC,"Under water diving up to depth of 60.00 meter at Surge Shaft of Sewa-II Power Station for arresting water leakage upto workable limit (upto the satisfaction of EIC), inspection & removal of any unwanted material from gate grooves and sill beam of Surge Shaft gate.",,,,https://www.nhpcindia.com/welcome/tender
2026-09-04,NEW,NHPC,Purchase of Rubber Items for R&M of Rangit Power Station,,,,https://www.nhpcindia.com/welcome/tender
2026-09-04,NEW,NHPC,Purchase of Different Types of Valves (Make: LEADER) for Powerhouse,,,,https://www.nhpcindia.com/welcome/tender
2026-09-04,NEW,NHPC,Purchase of Welding Electrodes for Rangit Power Station,,,,https://www.nhpcindia.com/welcome/tender
2026-09-04,NEW,NHPC,"Preventive maintenance work including supply of spares for 01 No. 33 KV outdoor VCB (ABB Make) at KGPS Colony Kralpora, Bandipora, J&K (PKG-542).",,,,https://www.nhpcindia.com/welcome/tender
2026-09-04,NEW,NHPC,Purchase of Guide Vane Servo Motor (LH & RH) for 3x20 MW Hydro Generating unit of Rangit Power Station,,,,https://www.nhpcindia.com/welcome/tender
2026-09-04,NEW,NHPC,"Work of SITC (Supply, Installation, Testing & Commissioning) and 5 years AMC of 4 Nos. of Accelerograph for Dam site of Chamera Power Station- II, Chamba (HP).",,,,https://www.nhpcindia.com/welcome/tender
2026-09-04,NEW,NHPC,Providing and laying chequered tiles on footpath at Sarthali Colony of Sewa-II Power Station (CW-594),,,,https://www.nhpcindia.com/welcome/tender
2026-09-04,NEW,NHPC,"Design, Manufacture, Supply, Erection, Testing and Commissioning and handing over of Archimedes screw turbines along with associated equipments in Sewa-II Power station",,,,https://www.nhpcindia.com/welcome/tender
2026-09-04,NEW,NHPC,"Providing services for Running and maintenance of 66/11 KV Switchyard, DG Set, Power supply network and Electrical installations of Balutar for the period of 2-Years (2025-2027).",,,,https://www.nhpcindia.com/welcome/tender
2026-09-04,NEW,NHPC,Purchase of Miscellaneous Fire Fighting items for Power House of TLD-III PS,,,,https://www.nhpcindia.com/welcome/tender
2026-09-04,NEW,NHPC,"Painting of C type Building of Jyotipuram Residential Complex, Repair of 03 Nos. Quarters and Repair and Renovation of Red Building situated near new Single Executive Residence at Salal Power Station",,,,https://www.nhpcindia.com/welcome/tender
2026-09-04,NEW,NHPC,"Supply, erection, installation, testing & commissioning of Centralized Type Numerical based 400KV Bus Bar Protection System (comprising of Bus Bar Protection & Bus Coupler Protection) at Uri Power Station",,,,https://www.nhpcindia.com/welcome/tender
2026-09-04,NEW,NHPC,Hiring of one nos M&M Scorpio N Z6 or Equivalent vehicle (2200 CC Turbo Charged) for Teesta-V Power Station for a period of 24 Months,,,,https://www.nhpcindia.com/welcome/tender
2026-09-04,NEW,NHPC,"Construction of walking/jogging track all-around the periphery of ground situated at BSF Headquarter near herbal park, Loktak Project.",,,,https://www.nhpcindia.com/welcome/tender
2026-09-04,NEW,NHPC,"Providing consultancy and architectural services for Interior decoration/acoustical works of Board Room, Conference Hall, Visitor’s Lounge and VIP Dining Hall at fifth floor in Neer Shakti Sadan at NHPC Office Complex, Faridabad",,,,https://www.nhpcindia.com/welcome/tender
2026-09-04,NEW,NHPC,"Replacement of complete Stator Assembly of 110 MW Hydro Generator (Unit-1) at Kishanganga Power Station, Bandipora, J & K (PKG-544).",,,,https://www.nhpcindia.com/welcome/tender
2026-09-04,NEW,NHPC,"Lot-3 Package: Hydro-mechanical Works for All Gates and Pressure Shaft Liners for the implementation of the 260 MW Dulhasti Stage-II HE Project, in Kishtwar District of UT of J&K, India.",,,,https://www.nhpcindia.com/welcome/tender
2026-09-04,NEW,NHPC,Repair & Renovation works at Sangai Officers Club of Loktak Project.,,,,https://www.nhpcindia.com/welcome/tender
2026-09-04,NEW,NHPC,"Providing Potted Plants on rental basis and Flower Vases at NHPC Office Complex, Sector-33, Faridabad",,,,https://www.nhpcindia.com/welcome/tender
2026-09-04,NEW,NHPC,"Annual Maintenance Contract for RO Plants for Jyoti Sadan & Neer Shakti Sadan at NHPC Office Complex, Sector-33, Faridabad",,,,https://www.nhpcindia.com/welcome/tender
2026-09-04,NEW,NHPC,"Purchase of 11 KV Grade, 95 Sqmm, 3-Core HT Aerial Bunched Cable",,,,https://www.nhpcindia.com/welcome/tender
2026-09-04,NEW,NHPC,"Providing Horticulture Services in NHPC Residential Complex, Sector -41, Faridabad",,,,https://www.nhpcindia.com/welcome/tender
2026-09-04,NEW,NHPC,"Design, Supply, Erection, Testing and Commissioning of Disaster Management Pumping system for Chamera-I Power Station, Khairi (H.P.)",,,,https://www.nhpcindia.com/welcome/tender
2026-09-04,NEW,NHPC,"Repair and Renovation of Residential building at Serwani, Teesta-VI HE Project, Balutar",,,,https://www.nhpcindia.com/welcome/tender
2026-09-04,NEW,NHPC,"Repair and Painting work of CISF Barrack, Dam Control room area, Guest House, Dam Office buildings and boundary wall of Sewa-II Power Station (CW-691)",,,,https://www.nhpcindia.com/welcome/tender
2026-09-04,NEW,NHPC,Replacement of Stator Assembly in Two Generating Units at Chamera-1 Power Station,,,,https://www.nhpcindia.com/welcome/tender
2026-09-04,NEW,NHPC,"Purchase of One No. 1250 kVA, 11/0.415 kV Dry-Type Station Load Transformer along with its enclosure, LV bus bars, and accessories for Uri Power Station",,,,https://www.nhpcindia.com/welcome/tender
2026-09-04,NEW,NHPC,Purchase of furniture and fixture for guest house/executive field hostel for Township Complex of Uri Power Station,,,,https://www.nhpcindia.com/welcome/tender
2026-09-04,NEW,NHPC,"Supply, Installation, Testing & Commissioning of 400KV Shunt Reactor Protection for 02nos. 400KV Lines for Uri Power Station",,,,https://www.nhpcindia.com/welcome/tender
2026-09-04,NEW,NHPC,Purchase of Shaft Seal Assembly for Uri Power Station,,,,https://www.nhpcindia.com/welcome/tender
2026-09-04,NEW,NHPC,"Repairing Work of Cable Trenches Cover at Dam Top and Providing stainless steel railing around Intake gate TLD-IVPS, Kalijhora",,,,https://www.nhpcindia.com/welcome/tender
2026-09-04,NEW,NHPC,"Construction of accommodation for CISF personnel at Surge Shaft area, Kishanganga Power Station, Bandipora (PKG-551).",,,,https://www.nhpcindia.com/welcome/tender
2026-09-04,NEW,NHPC,Cleaning of septic tanks in Old Colony Loktak Project.,,,,https://www.nhpcindia.com/welcome/tender
2026-09-04,NEW,NHPC,Purchase of Microsoft Windows Server 2025 Client Access License (CAL) License & Microsoft windows Server 2025 Standard License Software,,,,https://www.nhpcindia.com/welcome/tender
2026-09-04,NEW,NHPC,"Supply and Installation of Underground Diesel Storage Tank (2X25 KL) at DAM Site of Kishanganga Power Station, Gurez, Bandipora, J&K (PKG-543).",,,,https://www.nhpcindia.com/welcome/tender
2026-09-04,NEW,NHPC,"Repair of one number Runner (RN#4) of 3X15 MW Nimoo Bazgo Power Station, Alchi, Leh-Ladakh",,,,https://www.nhpcindia.com/welcome/tender
2026-09-04,NEW,NHPC,"Construction of Multipurpose Hall at NHPC Colony, Kishanganga Power Station, Kralpora, Bandipora (PKG-539).",,,,https://www.nhpcindia.com/welcome/tender
2026-09-04,NEW,NHPC,Purchase of Spare Cards for EPABX System,,,,https://www.nhpcindia.com/welcome/tender
2026-09-04,NEW,NHPC,"Supply, Installation, Testing & Commissioning of Wired LAN System at Power House and Barrage of Uri Power Station",,,,https://www.nhpcindia.com/welcome/tender
2026-09-04,NEW,NHPC,Purchase of Spare Robel Stator Bar & its winding hardware for Unit#2 at Uri Power Station,,,,https://www.nhpcindia.com/welcome/tender
2026-09-04,NEW,NHPC,Ceramic Coating on Spiral Casing and draft tube cone of 2 units (U01 and U06),,,,https://www.nhpcindia.com/welcome/tender
2026-09-04,NEW,NHPC,Purchase of Guide Vane Link Bush for Uri Power Station,,,,https://www.nhpcindia.com/welcome/tender
2026-09-04,NEW,NHPC,PURCHASE OF SPARES FOR BAUER KOMPRESSOREN MAKE HP COMPRESSORS OF URI POWER STATION,,,,https://www.nhpcindia.com/welcome/tender
2026-09-04,NEW,NHPC,"Hiring of 10 KL capacity Water Tanker along with Driver for Dam Site, Gurez, Bandipora for 2 years (PKG-546)",,,,https://www.nhpcindia.com/welcome/tender
2026-09-04,NEW,NHPC,Hiring of consultancy services for recertification/upgradation of existing ISO/IEC 27001:2013 to ISO/IEC 27001:2022.,,,,https://www.nhpcindia.com/welcome/tender
2026-09-04,NEW,NHPC,"Lot-1 Package : Planning, Design & Engineering (PDE) works for execution of 1856 MW Sawalkote Hydro Project located near Sidhu village in Ramban District of UT of J&K, India",,,,https://www.nhpcindia.com/welcome/tender
2026-09-04,NEW,NHPC,Hiring of Services for CCTV Surveillance Service with Comprehensive Maintenance Support of the deployed equipment for five (5) years,,,,https://www.nhpcindia.com/welcome/tender
2026-09-04,NEW,NHPC,"Procurement of KSB Make Pump, (Model no- KRTK 300-505/1754 UNG 1-K) along with all accessories, for Salal Power Station",,,,https://www.nhpcindia.com/welcome/tender
2026-09-04,NEW,NHPC,Annual Maintenance of 3x130 MW Generating Units of Dulhasti Power Station for FY 2025-26 & 2026-27,,,,https://www.nhpcindia.com/welcome/tender
2026-09-04,NEW,NHPC,"Request for Selection of Developers for Setting up Solar Power Plants (4x300 MW) for Jalaun Solar Power Park(1200 MW) in District Jalaun, Uttar Pradesh through Tariff Based Competitive Bidding",,,,https://www.nhpcindia.com/welcome/tender
2026-09-04,NEW,NHPC,Annual and Capital Maintenance for year 2025 and 2027,,,,https://www.nhpcindia.com/welcome/tender
2026-09-04,NEW,NHPC,Construction of Paver block road of NH154A from the Bagga bridge to end of View point of Dam of Chamera-II Power station (E-FILE : 143740).,,,,https://www.nhpcindia.com/welcome/tender
2026-09-04,NEW,NHPC,Painting and Renovation of 15 Nos of quarters in C1 type Bachelor Accommodation of DSB Colony at Dulhasti Power Station Kishtwar,,,,https://www.nhpcindia.com/welcome/tender
2026-09-04,NEW,NHPC,"Construction of accommodation for CISF Personnel at TBM Location, Kishanganga Power Station, Bandipora (PKG-548).",,,,https://www.nhpcindia.com/welcome/tender
2026-09-04,NEW,NHPC,Installation of fire hydrant system for administrative building and stores of CPS-II and smoke detector with alarm for administrative building.. (Comp. No.:136886),,,,https://www.nhpcindia.com/welcome/tender
2026-09-04,NEW,NHPC,Repair and HP-HVOF coating of 3X100 MW Francis Hydroturbine of Chamera – II Power Station.(E-FILE: 144884),,,,https://www.nhpcindia.com/welcome/tender
2026-09-04,NEW,NHPC,Providing and Fixing of False Ceiling work of Administrative Building at NHPC Regional Office Chandigarh,,,,https://www.nhpcindia.com/welcome/tender
2026-09-04,NEW,NHPC,Providing Services for Watch and Ward of various Establishments of Siang Lower H.E. Project at Pasighat,,,,https://www.nhpcindia.com/welcome/tender
2026-09-04,NEW,NHPC,"Upkeeping of Electrical System of CPS-1 Colony and R&M of Workshop, Transport, Store & Disposal Division.",,,,https://www.nhpcindia.com/welcome/tender
2026-09-04,NEW,NHPC,"Repair & Painting works of Executive Field Hostel at Upper Samleu (Room No.1 to 12), CPS1, Khairi.",,,,https://www.nhpcindia.com/welcome/tender
2026-09-04,NEW,NHPC,"Providing and fixing interlocking tiles and premix carpeting from NHPC Chowk (Khairi Bridge) to NHPC Transport Yard Banikhet, Tehsil Dalhousie, Distt. Chamba (H.P.)",,,,https://www.nhpcindia.com/welcome/tender
2026-09-04,NEW,NHPC,"Providing and fixing interlocking tiles and premix carpeting from NHPC Chowk (Khairi Bridge) to NHPC Transport Yard Banikhet, Tehsil Dalhousie, Distt. Chamba (H.P.)",,,,https://www.nhpcindia.com/welcome/tender
2026-09-04,NEW,NHPC,"Repairing of existing Drain situated at Awang Bazar to CRPF Camp, Loktak Project.",,,,https://www.nhpcindia.com/welcome/tender
2026-09-04,NEW,NHPC,Repair of perimeter boundary wall of Power House & Dam Complex of Salal Power Station.,,,,https://www.nhpcindia.com/welcome/tender
2026-09-04,NEW,NHPC,"Construction of Foundation for 11 KV HT panel for substation and miscellaneous work at Power house complex, Rajarwani.",,,,https://www.nhpcindia.com/welcome/tender
2026-09-04,NEW,NHPC,Construction of retaining wall below the bus stand from joint of NH and churi bridge to river bend in downstream in front of TRT outlet at Dharwala (E-office no. 115340),,,,https://www.nhpcindia.com/welcome/tender
2026-09-04,NEW,NHPC,"Running & Maintenance, Upkeeping and Housekeeping of VIP Guest House, Community/Club Hall, Training Hall, Field Hostels, Transit Camp and HoP Residence at Loktak Power Station, Loktak for a period of 01 year.",,,,https://www.nhpcindia.com/welcome/tender
2026-09-04,NEW,NHPC,Printing and Supply of NHPC Achievement Book On the occasion of Golden Jubilee Year of NHPC,,,,https://www.nhpcindia.com/welcome/tender
2026-09-04,NEW,NHPC,Plantation at Slide zone/ Bypass Tunnel area of Loktak Project.,,,,https://www.nhpcindia.com/welcome/tender
2026-09-04,NEW,NHPC,"Name of the service: “Providing services for Running & Maintenance of Subansiri Upper Project Office Building at Sippi Village, Arunachal Pradesh for the period of 2 years”.",,,,https://www.nhpcindia.com/welcome/tender
2026-09-04,NEW,NHPC,Hiring of 01 No. Pick up Van with Crew Cabin of 2600CC / Turbocharged along with driver for 02 years (Package-4).,,,,https://www.nhpcindia.com/welcome/tender
2026-09-04,NEW,NHPC,Purchase of Magnetic float type level sensor/switches for bearing oil sump,,,,https://www.nhpcindia.com/welcome/tender
2026-09-04,NEW,NHPC,"Supply, Installation, Testing and Commissioning (SITC) of 02 Nos, 12.5 Mtr Latching Type High Mast for CISF Campus at Sallaha, Dam site of Parbati-III Power Station",,,,https://www.nhpcindia.com/welcome/tender
2026-09-04,NEW,NHPC,Purchase of IT related items.,,,,https://www.nhpcindia.com/welcome/tender
2026-09-04,NEW,NHPC,"Civil maintenance of Dam and Power House area, DTGH, Pothead yard, Surge Shaft and TRT Area of Uri-II Power Station",,,,https://www.nhpcindia.com/welcome/tender
2026-09-04,NEW,NHPC,Custom Bid for Services - Comprehensive Annual Maintenance Contract of 02 nos. Elevators of OTIS make installed at Sewa-II Power Station for 02 (Two) Years. (EW-686),,,,https://www.nhpcindia.com/welcome/tender
2026-09-04,NEW,NHPC,Purchase of 120 nos. cafeteria chair and 22 nos. king size bed with storage.,,,,https://www.nhpcindia.com/welcome/tender
2026-09-04,NEW,NHPC,Purchase of 30 nos. 3-seater sofas and 2 nos. 3+1+1-seater sofas.,,,,https://www.nhpcindia.com/welcome/tender
2026-09-04,NEW,NHPC,purchase of 60 nos. dressing table.,,,,https://www.nhpcindia.com/welcome/tender
2026-09-04,NEW,NHPC,Purchase of 5 nos. Dining sets.,,,,https://www.nhpcindia.com/welcome/tender
2026-09-04,NEW,NHPC,Purchase of 60 nos. centre table with glass top.,,,,https://www.nhpcindia.com/welcome/tender
2026-09-04,NEW,NHPC,"Selection of developers for installing rooftop solar plants on buildings of various departments in UT of J&K through JAKEDA in RESCO mode, via tariff-based competitive bidding”",,,,https://www.nhpcindia.com/welcome/tender
2026-09-04,NEW,NHPC,Purchase of 17 nos.Steel Shelving Cabinets (Adjustable Type) confirming to IS 3312.,,,,https://www.nhpcindia.com/welcome/tender
2026-09-04,NEW,NHPC,Purchase of 21 nos. study table and 50 nos. study chair.,,,,https://www.nhpcindia.com/welcome/tender
2026-09-04,NEW,NHPC,Hiring of 01 No. Inspection Vehicles - MUV/SUV – 1500CC / Turbocharged along with driver for 02 years (Package-2),,,,https://www.nhpcindia.com/welcome/tender
2026-09-04,NEW,NHPC,Purchase of 84 nos. Ironing Table (for Domestic use).,,,,https://www.nhpcindia.com/welcome/tender
2026-09-04,NEW,NHPC,Purchase of 70 nos. foam mattress.,,,,https://www.nhpcindia.com/welcome/tender
2026-09-04,NEW,NHPC,Purchase of 84 nos. Bed side table.,,,,https://www.nhpcindia.com/welcome/tender
2026-09-04,NEW,NHPC,Providing services for field works of Lot-6 E and M works of the Dibang Multipurpose Project for a period of 24 months,,,,https://www.nhpcindia.com/welcome/tender
2026-09-04,NEW,NHPC,"Purchase of 1 Set of HP-HVOF coated Francis Runner along with Cone, moving labyrinths (Top & Bottom) for Generating Units of Salal Power Station",,,,https://www.nhpcindia.com/welcome/tender
2026-09-04,NEW,NHPC,"Civil and other miscellaneous works in Residential Office of Secretary in Ministry of Power, New Delhi for NHPC works in MOP",,,,https://www.nhpcindia.com/welcome/tender
2026-09-04,NEW,NHPC,Selection of Roof Top Developer for Setting up Grid Connected Solar Roof Top Plants at Various locations on government buildings in the state of Nagaland on RESCO Mode through TBCB,,,,https://www.nhpcindia.com/welcome/tender
2026-09-04,NEW,NHPC,Hiring of 01 No. Inspection Vehicles - MUV/SUV - 1500cc / Turbocharged along with driver for 02 years (Package-1).,,,,https://www.nhpcindia.com/welcome/tender
2026-09-04,NEW,NHPC,"Lot-3: Main Dam including Coffer Dam and HM works of Dibang Multipurpose Project, Arunachal Pradesh, India",,,,https://www.nhpcindia.com/welcome/tender
2026-09-04,NEW,NHPC,Hiring of 01 No. Inspection Vehicles - MUV/SUV – 2200CC / Turbocharged along with driver for 02 years (Package-3).,,,,https://www.nhpcindia.com/welcome/tender
2026-09-04,NEW,NHPC,Running and Maintenance work for external beautification i e Garden planted area around office complex guest House and Field Hostel and Project Dam site surrounding area at TLD IV PS,,,,https://www.nhpcindia.com/welcome/tender
2026-09-04,NEW,NHPC,Protection of Slope of Loktak-Leimatak Road Near Junction of Majuron village road.,,,,https://www.nhpcindia.com/welcome/tender
2026-09-04,NEW,NHPC,"Visit of OEM service engineer for health & safety checking and supervision of 125 T EOT Crane (Unique make) operation during replacement work of Unit#2 stator of Sewa-II power station, Mashka, J&K.(SC-674)",,,,https://www.nhpcindia.com/welcome/tender
2026-09-04,NEW,NHPC,Purchase of Toner Cartridges for various printer models,,,,https://www.nhpcindia.com/welcome/tender
2026-09-04,NEW,NHPC,"R&M and Up-keeping works of entire medical division (Loktak and Leimatak Hospital, Physiotherapy Unit at Loktak and Leimatak Hospital, Ithai Barrage and Jeevan Nagar Dispensary) of Loktak Power Station, Manipur package-2.",,,,https://www.nhpcindia.com/welcome/tender
2026-09-04,NEW,NHPC,Hiring of commercial electric vehicle for Sewa-II Power Station,,,,https://www.nhpcindia.com/welcome/tender
2026-09-04,NEW,NHPC,"Scientific cleaning and sterilisation of water tanks at Semna, DSB and Shalimar colony of Dulhasti Power Station, Kishtwar",,,,https://www.nhpcindia.com/welcome/tender
2026-09-04,NEW,NHPC,“Replacement of Steel liner & Sill Beam of Radial Gate No #4 at Dulhasti Power Station Kishtwar,,,,https://www.nhpcindia.com/welcome/tender
2026-09-04,NEW,NHPC,"Round the Clock Operation of E&M Plant and Machinery at Power House, Transformer Cavern, Valve House and 220 KV Switchyard of 3x110 MW Kishanganga Power Station, Bandipora, J &K (PKG-541).",,,,https://www.nhpcindia.com/welcome/tender
2026-09-04,NEW,NHPC,"Construction of Community Hall at Samthar suruk in samthar GP, in locality of Punam pariwar welfare society, Kalimpong, West Bengal by TLD-IV PS",,,,https://www.nhpcindia.com/welcome/tender
2026-09-04,NEW,NHPC,Removal of Deposited Sediments from Salal Dam Reservoir,,,,https://www.nhpcindia.com/welcome/tender
2026-09-04,NEW,NHPC,"Internal Electrification of CISF Frisking/ Control Room at main gate of NHPC Colony Kralpora, Bandipora, J&K (PKG-537",,,,https://www.nhpcindia.com/welcome/tender
2026-09-04,NEW,NHPC,"Lot-2a: Electro-mechanical works package (Except GSU, GIS, XLPE & Switchyard Equipment) of 260 MW (2X130MW) Dulhasti Stage-II H.E Project, Kishtwar District of UT of J&K, India",,,,https://www.nhpcindia.com/welcome/tender
2026-09-04,NEW,NHPC,"Running, Maintenance & Operation of VIP Guest House, Transit Camp-I & II at Right Bank of Balutar and Executive Field Hostel at Dungdung for 02 years (FY 2025-2027).",,,,https://www.nhpcindia.com/welcome/tender
2026-09-04,NEW,NHPC,Ultrasonictesting of Circum. and Longi. WeldingJoints of02Nos.5.23m dia.Undergr.Penstock along with repairingofallthe failureordamaged joints identifiedduring UTprocess andinternal paintingofallthesurfaces of Penstock thereafter as per sow at SalalPS,,,,https://www.nhpcindia.com/welcome/tender
2026-09-04,NEW,NHPC,Purchase of various fasteners for Generating Units of Salal power station.,,,,https://www.nhpcindia.com/welcome/tender
2026-09-04,NEW,NHPC,"Running and Maintenance of Executive, Non-Executive Field Hostels and Canteen of TLDIV Power Station Kalijhora for Financial year 2025-26",,,,https://www.nhpcindia.com/welcome/tender
2026-09-04,NEW,NHPC,"R & M and Up-keeping works of entire medical division Loktak and Leimatak Hospital, Physiotherapy Unit at Loktak and Leimatak Hospital, Ithai Barrage and Jeevan Nagar Dispensary of Loktak Power Station, NHPC Limited, Manipur",,,,https://www.nhpcindia.com/welcome/tender
2026-09-04,NEW,NHPC,Monthly Basis Cab & Taxi Hiring Services - SUV; 2000 km x 320 hours; Local 24*7,,,,https://www.nhpcindia.com/welcome/tender
2026-09-04,NEW,NHPC,"वित्तीय वर्ष 2025-26 के लिए टीएलडी-IV पीएस कालीझोरा, पश्चिम बंगाल में पावर हाउस कॉम्प्लेक्स का नवीनीकरण एवं रखरखाव",,,,https://www.nhpcindia.com/welcome/tender
2026-09-04,NEW,NHPC,Providing services for Operation and Maintenance of IT and C Division of Dibang Multipurpose Project Roing for a period of 24 months,,,,https://www.nhpcindia.com/welcome/tender
2026-09-04,NEW,NHPC,Purchase of miscellaneous consumables items,,,,https://www.nhpcindia.com/welcome/tender
2026-09-04,NEW,NHPC,"Hill slope protection and stabilization along the TBM-adit portal road, Kishanganga Power Station, Bandipora, UT of J&K, (PKG-540).",,,,https://www.nhpcindia.com/welcome/tender
2026-09-04,NEW,NHPC,“Post Monsoon Hydrographic Survey of Salal Dam Reservoir at Dhyangarh for the year 2025-26 ”.,,,,https://www.nhpcindia.com/welcome/tender
2026-09-04,NEW,NHPC,"Cleaning, Sweeping & Up-keeping of Power House Complex and its machineries & equipments at Sewa-II Power Station, Distt.-Kathua, J&K (SC-685)",,,,https://www.nhpcindia.com/welcome/tender
2026-09-04,NEW,NHPC,Work of arresting oil leakage from GSU Transformer HV Cable Box of UNIT#1 & #2 by application of chemical compounds.,,,,https://www.nhpcindia.com/welcome/tender
2026-09-04,NEW,NHPC,"""Painting and flooring works inside Power house and GIS & DG building in Switch Yard area at CPS-III, Dharwala. (E-office no. 97099 )”",,,,https://www.nhpcindia.com/welcome/tender
2026-09-04,NEW,NHPC,"LEICA AUTOMATIC TOTAL STATION TS16P1""R1000 WITH AMBERG TUNNEL SOFTWARE MAKE-LEICA, MODEL-TS16P1- R1000.",,,,https://www.nhpcindia.com/welcome/tender
2026-09-04,NEW,NHPC,Purchase of Coupler for Hydraulic Torque Wrench of Loktak Power Station.,,,,https://www.nhpcindia.com/welcome/tender
2026-09-04,NEW,NHPC,Painting of external surfaces of 06 Nos. Penstock as per Scope of Work at Salal Power Station.,,,,https://www.nhpcindia.com/welcome/tender
2026-09-04,NEW,NHPC,"Renovation of Auditorium including Electrification, Acoustic Treatment, Seating, Automated Stage Curtains and Carpeting at Salal Power Station, Jyotipuram.",,,,https://www.nhpcindia.com/welcome/tender
2026-09-04,NEW,NHPC,CompleteReplacement of Old RubberSeal with NewOne including replacement of Nuts andBolts i.r.o.11 Nos. SpillwayRadialGates and 01No.Flap SpillwayRadialGates and Painting of all Hydro-Mech.Equip. as perSpecifications and Scope of Work/BOQ at Salal PS.,,,,https://www.nhpcindia.com/welcome/tender
2026-09-04,NEW,NHPC,"Hydrographical Survey of Dam reservoir, River Cross-Sections and Level Marking at G&D Sites of Dhauliganga Power Station",,,,https://www.nhpcindia.com/welcome/tender
2026-09-04,NEW,NHPC,Repair & HP-HVOF coating of 02 Sets of Guide Vanes (one set comprising 20 Nos. Guide Vanes) of Dhauliganga Power Station (2025-26).,,,,https://www.nhpcindia.com/welcome/tender
2026-09-04,NEW,NHPC,Supply of 132KV Current Transformer (04 Nos. ) and 132KV Potential Transformer (01 No.),,,,https://www.nhpcindia.com/welcome/tender
2026-09-04,NEW,NHPC,De-siltation of Khordak Channel from Loktak Forest view point to the end of Khordak Channel.,,,,https://www.nhpcindia.com/welcome/tender
2026-09-04,NEW,NHPC,Appointment of Dividend Banker for Payment of Final Dividend for the Financial Year 2024-25,,,,https://www.nhpcindia.com/welcome/tender
2026-09-04,NEW,NHPC,"Re-Construction of 11/0.415 KV Electrical Sub-Station with HT Line, HT & LT Panels, and other associated works at Dikchu Dam Site of Teesta-V Power Station NHPC Ltd., damaged due to land slide",,,,https://www.nhpcindia.com/welcome/tender
2026-09-04,NEW,NHPC,Restoration of slide portion at RD ± 4.40 Km on Mashka -Pepri Road of Sewa-II Power Station Mashka (J&K) (CW-687),,,,https://www.nhpcindia.com/welcome/tender
2026-09-04,NEW,NHPC,Comprehensive Annual Maintenance Contract (CAMC) of Chiller Unit No:2 (one no.) and Packaged ACs (2 Nos.) installed in Power House for a period of Two Years,,,,https://www.nhpcindia.com/welcome/tender
2026-09-04,NEW,NHPC,Re-babbiting on turbine guide bearing shells for Dhauliganga power station,,,,https://www.nhpcindia.com/welcome/tender
2026-09-04,NEW,NHPC,"Supply, Transportation, Installation and commissioning of 24 W solar Street light under CSR scheme of TLD-IV PS, Kalijhora",,,,https://www.nhpcindia.com/welcome/tender
2026-09-04,NEW,NHPC,"Comprehensive AMC of CCTV and its Accessories installed at Shram Shakti Bhawan MoP, New Delhi, Office cum residence of MoS, MoP and Office cum residence of PS to MoS, MoP for 03 years as per scope of work",,,,https://www.nhpcindia.com/welcome/tender
2026-09-04,NEW,NHPC,Routine Maintenance of Hydro Mechanical Equipments of Uri-II Power Station.,,,,https://www.nhpcindia.com/welcome/tender
2026-09-04,NEW,NHPC,"Supply of LED Glow Sign Boards with NHPC Logo, and Brass Opening ceremony lamp for Sewa-II Power Station, Mashka",,,,https://www.nhpcindia.com/welcome/tender
2026-09-04,NEW,NHPC,Procurement of 02 nos. of Servo Positioning Controller(SPC) Module for TSLG governing system installed in Salal Power station(6x115MW)-Regarding,,,,https://www.nhpcindia.com/welcome/tender
2026-09-04,NEW,NHPC,SPC-700 Redundant Controller with Base MB710 for Salal Power Station from M/s ABB INDIA LIMITED,,,,https://www.nhpcindia.com/welcome/tender
2026-09-04,NEW,NHPC,Repair and Restoration of All Field Hostels with PVC Lining and tile work around Guest House and Exe. Field Hostel at Sewa-II Power Station Maska (J&K) (CW-683),,,,https://www.nhpcindia.com/welcome/tender
2026-09-04,NEW,NHPC,Re- routing /construction of the damaged 11KV HT line from the DG set (Dam Office) to the SFT,,,,https://www.nhpcindia.com/welcome/tender
2026-09-04,NEW,NHPC,Removal of Deposited Sediments from Salal Dam Reservoir,,,,https://www.nhpcindia.com/welcome/tender
2026-09-04,NEW,NHPC,"Supply and Erection of Cables, Sensors for Automatic Reservoir Monitoring and Control (ARMAC) and Commissioning of ARMAC System at Dam of Parbati HE Project (Stage-II) (Package No. C-818)",,,,https://www.nhpcindia.com/welcome/tender
2026-09-04,NEW,NHPC,"""Repair and HP-HVOF Coating of 20 Nos of wicket gates (01 set ) of 77 MW Francis Hydro-turbine of Chamera-III Power station (E-office no. 142370 )”",,,,https://www.nhpcindia.com/welcome/tender
2026-09-04,NEW,NHPC,Supply and Demonstration of Automatic Battery Discharging Test Kit at Parbati-III PS,,,,https://www.nhpcindia.com/welcome/tender
2026-09-04,NEW,NHPC,testing Tender,,,,https://www.nhpcindia.com/welcome/tender
2026-09-04,NEW,NHPC,"Supply, Installation, Testing, Commissioning & Training of Active LED Wall along with Audio Video Equipment at 2nd & 3rd Floor Conference Hall at Jyoti Sadan (OB), NHPC Office Complex, Faridaba",,,,https://www.nhpcindia.com/welcome/tender
2026-09-04,NEW,NHPC,Supply and Installation of Split Air Conditioners with stabilizer,,,,https://www.nhpcindia.com/welcome/tender
2026-09-04,NEW,NHPC,"Electrical Wiring and Lighting works of dormitory, shed and security check post at Nakrod field hostel complex at Dam site of BSPS",,,,https://www.nhpcindia.com/welcome/tender
2026-09-04,NEW,NHPC,Comprehensive Maintenance for AC’s installed at Parbati-III Power Station,,,,https://www.nhpcindia.com/welcome/tender
2026-09-04,NEW,NHPC,Clearing of Grass at NHPC Colony Gingle,,,,https://www.nhpcindia.com/welcome/tender
2026-09-04,NEW,NHPC,Purchase of Guide Vane Servo Motor (LH & RH) for 3x20 MW Hydro Generating unit of Rangit Power Station,,,,https://www.nhpcindia.com/welcome/tender
2026-09-04,NEW,NHPC,Supply and installation of Moisture cum Temperature Detector,,,,https://www.nhpcindia.com/welcome/tender
2026-09-04,NEW,NHPC,supply of Door Frame Metal Detector and hand held metal detector,,,,https://www.nhpcindia.com/welcome/tender
2026-09-04,NEW,NHPC,"Purchase of Top Cover, TGB Housing & Thrust Pads for 3 X 20 MW Rangit Power Station",,,,https://www.nhpcindia.com/welcome/tender
2026-09-04,NEW,NHPC,Re-Construction of 11 KV Line from Guest house to Dam top at Dam Site for Teesta-V Power Station NHPC Ltd.,,,,https://www.nhpcindia.com/welcome/tender
2026-09-04,NEW,NHPC,Purchase of Batteries for DG sets Installed at Dam site of Parbati-III Power Station,,,,https://www.nhpcindia.com/welcome/tender
2026-09-04,NEW,NHPC,"Engagement of a PR agency for Strategic Communication focused on cultivating a positive public image for hydropower projects, with special emphasis on hydropower projects in Arunachal Pradesh to deal with local stakeholders of Upper Siang Multipurpose Storage Project (USMSP)",,,,https://www.nhpcindia.com/welcome/tender
2026-09-04,NEW,NHPC,"The work of increase in height of Hoist support structure of Crest Spillway Vertical gate at Dam of Chamera-III Power Station, Khadamukh, Chamba (HP) (E-office no. 134857)",,,,https://www.nhpcindia.com/welcome/tender
2026-09-04,NEW,NHPC,Repair and Painting of Valve House Building near Adit -IV and other misc works at Sewa -II Power Station Mashka (J&K) (CW-684),,,,https://www.nhpcindia.com/welcome/tender
2026-09-04,NEW,NHPC,Insurance coverage for outstanding House Building Advance under NHPC Employees (HBA) Group Insurance Scheme for a period of one year (14.09.2025 to 13-09-2026),,,,https://www.nhpcindia.com/welcome/tender
2026-09-04,NEW,NHPC,"Design & Engineering, Manufacture, Supply, Installation, Testing and Commissioning of oil mist extractor system for generating units of Sewa-II Power Station",,,,https://www.nhpcindia.com/welcome/tender
2026-09-04,NEW,NHPC,purchase of 03 nos. of Dinning table 6-seater for liaison office dibrugarh.,,,,https://www.nhpcindia.com/welcome/tender
2026-09-04,NEW,NHPC,Carrying out Annual Maintenance &amp;amp;amp; Repair of underwater parts of three Generating units of 3X60 MW of BSPS for FY 2025-26 and 2026-27,,,,https://www.nhpcindia.com/welcome/tender
2026-09-04,NEW,NHPC,"Painting, Lettering, and Numbering of Electrical Equipment at NHPC Right Bank Colony.",,,,https://www.nhpcindia.com/welcome/tender
2026-09-04,NEW,NHPC,"Re-certification audit of ISO 9001:2015, ISO 14001:2015 & ISO 45001:2018 at Salal Power Station for a period of three years from the year 2025-26",,,,https://www.nhpcindia.com/welcome/tender
2026-09-04,NEW,NHPC,Purchase of submersible pump for Transformer oil soak Pit,,,,https://www.nhpcindia.com/welcome/tender
2026-09-04,NEW,NHPC,Purchase of Safety relief valve,,,,https://www.nhpcindia.com/welcome/tender
2026-09-04,NEW,NHPC,Purchase of single phase Auto transformer for Generator testing,,,,https://www.nhpcindia.com/welcome/tender
2026-09-04,NEW,NHPC,"Construction of Community Hall at Samthar suruk in samthar GP, in locality of Punam pariwar welfare society, Kalimpong, West Bengal by TLD-IV PS",,,,https://www.nhpcindia.com/welcome/tender
2026-09-04,NEW,NHPC,Insurance coverage of outstanding Children Higher Education Advance under NHPC Employees Children Higher Education Advance Group Insurance Scheme for a period of one year from 19.09.2025 to 18.09.2026,,,,https://www.nhpcindia.com/welcome/tender
2026-09-04,NEW,NHPC,"Providing services for Running and maintenance of 66/11 KV Switchyard, DG Set, Power supply network and Electrical installations of Balutar for the period of 2-Years (2025-2027).",,,,https://www.nhpcindia.com/welcome/tender
2026-09-04,NEW,NHPC,“Repair and HP-HVOF Coating of 01 No Runner of 77 MW Francis Hydro-turbine of Chamera-III Power Station (E-office no. 140221),,,,https://www.nhpcindia.com/welcome/tender
2026-09-04,NEW,NHPC,Hiring of Service Engineer for Annual Maintenance and Servicing (AMC) of all Rexroth make Hydraulic systems of Hydro-Mechanical Equipments installed at Dam and SFT area of Uri-II Power Station,,,,https://www.nhpcindia.com/welcome/tender
2026-09-04,NEW,NHPC,"Restoration of 03 no. 11 KV Line from 33/11 KV Substation, Behali to Power House &amp;amp; Sapangini Township at Parbati-III Power station",,,,https://www.nhpcindia.com/welcome/tender
2026-09-04,NEW,NHPC,Procurement of Air Conditioner,,,,https://www.nhpcindia.com/welcome/tender
2026-09-04,NEW,NHPC,Purchase of 01 No. Wave Trap for 420 KV Pothead Yard of Uri-II PS,,,,https://www.nhpcindia.com/welcome/tender
2026-09-04,NEW,NHPC,Purchase of 02 Nos. Surge Arrestor for 420 KV Pothead Yard of Uri-II PS,,,,https://www.nhpcindia.com/welcome/tender
2026-09-04,NEW,NHPC,Purchase of 01 No. Capacitive Voltage Transformer for 420 KV Pothead Yard of Uri-II PS,,,,https://www.nhpcindia.com/welcome/tender
2026-09-04,NEW,NHPC,Purchase of Battery for 48V DC battery bank and Consumables spares for 48V /220 V DC battery bank at Uri- II Power House,,,,https://www.nhpcindia.com/welcome/tender
2026-09-04,NEW,NHPC,Purchase of VCB Panels (ICOG) complete with relay and other accessories for 11 KV Sub Station Uri II Power Station,,,,https://www.nhpcindia.com/welcome/tender
2026-09-04,NEW,NHPC,Repairing & Painting of Jorawar Hospital of Salal Power Station at Jyotipuram.,,,,https://www.nhpcindia.com/welcome/tender
2026-09-04,NEW,NHPC,"Providing and fixing Floor Tile work in residential building of NHPC, Regional Office at Sector 42 A, Chandigarh.",,,,https://www.nhpcindia.com/welcome/tender
2026-09-04,NEW,NHPC,Operation and Maintenance of Sewage Treatment Plant (STP) of 5 KLD capacity for Power House of Uri-II Power Station,,,,https://www.nhpcindia.com/welcome/tender
2026-09-04,NEW,NHPC,Painting and maintenance of glass windows of Power House building at Power House Site of Parbati-H.E. Project (Stage-II) (Package No-C-817),,,,https://www.nhpcindia.com/welcome/tender
2026-09-04,NEW,NHPC,Annual Maintenance Contract of ACs installed at various Locations of Teesta-V Power Station.,,,,https://www.nhpcindia.com/welcome/tender
2026-09-04,NEW,NHPC,Cryogenic cleaning (dry ice cleaning) of stator and rotor winding of hydro generator of Salal Power,,,,https://www.nhpcindia.com/welcome/tender
2026-09-04,NEW,NHPC,REPAIR AND HP-HVOF COATING OF ONE NO OF RUNNER OF SALAL POWER STATION,,,,https://www.nhpcindia.com/welcome/tender
2026-09-04,NEW,NHPC,"Visit of OEM service engineer for health & safety checking and supervision of 125 T EOT Crane (Unique make) operation during replacement work of Unit#2 stator of Sewa-II power station, Mashka, J&K (SC-674)",,,,https://www.nhpcindia.com/welcome/tender
2026-09-04,NEW,NHPC,"Creation of Office Chambers with Glass partitions in NHPC Office Complex, Sec-33, Faridabad",,,,https://www.nhpcindia.com/welcome/tender
2026-09-04,NEW,NHPC,"Works of Boundary survey &amp;amp; marking, Gates chain link fencing of PSS with compound walls and gates all around the periphery of Jalaun Solar Power Park under UMREPP in Jalaun district, U.P.",,,,https://www.nhpcindia.com/welcome/tender
2026-09-04,NEW,NHPC,Protection work of approach road to Dam and providing and laying interlocking tiles from Dam control room to Adit-I portal of Sewa-II Power Station,,,,https://www.nhpcindia.com/welcome/tender
2026-09-04,NEW,NHPC,Running and maintenance of the Mechanical Workshop for a period of two years (2025-2027).,,,,https://www.nhpcindia.com/welcome/tender
2026-09-04,NEW,NHPC,Purchase of Hydraulic Hose Pipes for Rexroth Make Hydraulic system for radial gates and Slit flushing tunnel gates and Gasoline Engine installed at Dam Site of Parbati-III Power Station,,,,https://www.nhpcindia.com/welcome/tender
2026-09-04,NEW,NHPC,"Protective Ceramic coating on Spiral Casing, Stay Vanes and Turbine Top Cover of Generating Units of Teesta-V Power Station",,,,https://www.nhpcindia.com/welcome/tender
2026-09-04,NEW,NHPC,"Running, Maintenance &amp; Operation of Officers’ Club at Right Bank, Golghar Staff Canteen &amp; Transit Camp at Left Bank of Balutar for a period of 02 years (FY 2025-27).",,,,https://www.nhpcindia.com/welcome/tender
2026-09-04,NEW,NHPC,R&M of Electrical Installations and Fire safety of Rangit Power House,,,,https://www.nhpcindia.com/welcome/tender
2026-09-04,NEW,NHPC,Replacement of Maintenance and Service Seal of MIV of Unit#2 and Service seal of MIV of Unit#1 of Generating units of Sewa-II Power Station,,,,https://www.nhpcindia.com/welcome/tender
2026-09-04,NEW,NHPC,"Repair and Maintenance of Internal Painting and misc. works in Power House Building at Dhyangarh, Salal Power Station",,,,https://www.nhpcindia.com/welcome/tender
2026-09-04,NEW,NHPC,Lot III Electro mechanical works of 240 MW Uri I Stage II H E Project Baramulla District of UT of JK,,,,https://www.nhpcindia.com/welcome/tender
2026-09-04,NEW,NHPC,Purchase of 02 sets of shaft seal assembly including coupling guard and accessories for Generating Units of Salal Power Station,,,,https://www.nhpcindia.com/welcome/tender
2026-09-04,NEW,NHPC,Hiring of 06 MUV/SUV up to 1500 CC (Mahindra Bolero Model B4(Diesel) or higher vehicle) for the period of twenty-four (24) months for Dibang Multipurpose Project.,,,,https://www.nhpcindia.com/welcome/tender
2026-09-04,NEW,NHPC,"Internal Electrification of CISF Frisking/ Control Room at main gate of NHPC Colony Kralpora, Bandipora, J&amp;amp;K (PKG-537).",,,,https://www.nhpcindia.com/welcome/tender
2026-09-04,NEW,NHPC,"Pest Control Work at NHPC Office Complex (Jyoti Sadan & Neer Shakti Sadan), Sector-33, Faridabad",,,,https://www.nhpcindia.com/welcome/tender
2026-09-04,NEW,NHPC,Providing Security Services of Ex-Serviceman through DGR Registered Agencies at Sawalkote HE Project,,,,https://www.nhpcindia.com/welcome/tender
2026-09-04,NEW,NHPC,Purchase of mandatory spares for C&S make 415 volt ACB’s installed at LT distribution system of Power House. (PR-27),,,,https://www.nhpcindia.com/welcome/tender
2026-09-04,NEW,NHPC,"Design, manufacturing/ fabrication, supply, transportation, erection and commissioning of Trash rack cleaning machine at dam site, Khadamukh, Chamera-III Power Station.",,,,https://www.nhpcindia.com/welcome/tender
2026-09-04,NEW,NHPC,Purchase of 245 kV Current Transformers for Salal Power Station,,,,https://www.nhpcindia.com/welcome/tender
2026-09-04,NEW,NHPC,"Lot-II Package : Hydro-mechanical Works for All Gates and Pressure Shaft Liners for the implementation of the 240 MW Uri-I Stage-II H.E Project, located near Boniyar, Uri villages in the Baramulla District of UT of J&amp;amp;amp;amp;K, India.",,,,https://www.nhpcindia.com/welcome/tender
2026-09-04,NEW,NHPC,Lot-I Package: Civil worksof the 260 MW Dulhasti Stage-II H.E Project,,,,https://www.nhpcindia.com/welcome/tender
2026-09-04,NEW,NHPC,Running & Maintenance of road and side drain from zero Point to Power House for a period of 02 years (FY 2025-27),,,,https://www.nhpcindia.com/welcome/tender
2026-09-04,NEW,NHPC,"Running, Maintenance &amp;amp; Operation of VIP Guest House, Transit Camp-I &amp;amp; II at Right Bank of Balutar and Executive Field Hostel at Dungdung for 02 years (FY 2025-2027)",,,,https://www.nhpcindia.com/welcome/tender
2026-09-04,NEW,NHPC,"Running and Maintenance of office cum transit camp, canteen, up-keeping of Dam structures and access roads at Dam complex of Teesta-V Power Station.",,,,https://www.nhpcindia.com/welcome/tender
2026-09-04,NEW,NHPC,"A Direct auction for sale of 1 no. Mahindra Scorpio (Model -Scorpio 10 CRDe BS3 SLX 4WD 7SF) of NHPC Ltd.,Dibang Multipurpose Project, Roing, Lower DIbang Valley,AP",,,,https://www.nhpcindia.com/welcome/tender
2026-09-04,NEW,NHPC,Providing service of Running and Maintenance of Electrical Infra Division of Dibang Multipurpose Project 2880MW),,,,https://www.nhpcindia.com/welcome/tender
2026-09-04,NEW,NHPC,"Insurance Coverage for the GIS equipment under EAR, third party liability and terrorism risk for the work “Supply, Erection, Testing & Commissioning of 420 KV GIS, 400 KV Outdoor Pothead Yard, 400 KV XLPE Cables and associated accessories for Teesta V Power Station""",,,,https://www.nhpcindia.com/welcome/tender
2026-09-04,NEW,NHPC,"Manufacturing, Supplying, installation, testing and commissioning of Indoor floor mounted with base channel, sectionalized, compartmentalized, 100% bolted (Modular) Main LT Distribution Panel and other allied items of panel complete in all respect.",,,,https://www.nhpcindia.com/welcome/tender
2026-09-04,NEW,NHPC,"Repairing of Loktak-Leimatak road from RD 22.000 km to RD 24.700 km, Loktak Project (Package-2).",,,,https://www.nhpcindia.com/welcome/tender
2026-09-04,NEW,NHPC,Providing services for running and maintenance of Medical Division of Dibang Multipurpose Project Arunachal Pradesh for 24 months,,,,https://www.nhpcindia.com/welcome/tender
2026-09-04,NEW,NHPC,Purchase of Transformer Turn Ratio Meter for Sewa-II Power Station,,,,https://www.nhpcindia.com/welcome/tender
2026-09-04,NEW,NHPC,Providing services for Running and Maintenance of Land Acquisition RNR and Environment divisions of Dibang Multipurpose Project Arunachal Pradesh for 24 months,,,,https://www.nhpcindia.com/welcome/tender
2026-09-04,NEW,NHPC,Providing services for Running and Maintenance of DAM Complex at TLD-IV PS,,,,https://www.nhpcindia.com/welcome/tender
2026-09-04,NEW,NHPC,Facility Management Services in IT&C Division-TLD-IV Power Station,,,,https://www.nhpcindia.com/welcome/tender
2026-09-04,NEW,NHPC,"Statutory testing & certification of lifting tools-tackles, pressure vessels and equipment under factory act, 1948 of Power House",,,,https://www.nhpcindia.com/welcome/tender
2026-09-04,NEW,NHPC,General up Keeping & Housekeeping of colony (Sector - C & D) of Rangit Power Station for the year 2025,,,,https://www.nhpcindia.com/welcome/tender
2026-09-04,NEW,NHPC,REPAIRING OF FAULTY LH GUIDE VANE SERVOMOTOR,,,,https://www.nhpcindia.com/welcome/tender
2026-09-04,NEW,NHPC,"Fencing work of tail pool area of reservoir of DAM, Kishanganga Power Station, Gurez, Bandipora, J&amp;K (PKG-536).",,,,https://www.nhpcindia.com/welcome/tender
2026-09-04,NEW,NHPC,"Construction of Recreation Hall at Dam site colony, Kishanganga Power Station, Gurez, Bandipora, J&amp;K (PKG-535).",,,,https://www.nhpcindia.com/welcome/tender
2026-09-04,NEW,NHPC,"Annual Maintenance Contract of computers, peripherals, Server, LAN, CCTV Network and other IT items installed at Chamera Power Station-1.",,,,https://www.nhpcindia.com/welcome/tender
2026-09-04,NEW,NHPC,Purchase of Xerox Consumables 2025,,,,https://www.nhpcindia.com/welcome/tender
2026-09-04,NEW,NHPC,"Supply, Installation, testing & Commissioning (SITC) of 02 Nos. of Automatic Rain gauges for Chamera -1 Dam including 03 years Comprehensive Annual Maintenance Contract (CAMC) after 02 years of warranty period.",,,,https://www.nhpcindia.com/welcome/tender
2026-09-04,NEW,NHPC,"Supply, Installation, Testing & Commissioning (SITC) of 03 Nos of Automatic Weather Stations for Chamera-1 Dam including 03 years Comprehensive Annual Maintenance Contract (CAMC) after 02 years of warranty period.",,,,https://www.nhpcindia.com/welcome/tender
2026-09-04,NEW,NHPC,Supply and Installation of Automatic HVWS (Fire Fighting System) in two 50 MVAr Shunt Reactors with 1.5 MVAr Neutral Reactors at CPS-1.,,,,https://www.nhpcindia.com/welcome/tender
2026-09-04,NEW,NHPC,Repair of Oil leakage in GSU Transformers installed at Power House of Chamera Power Station-1.,,,,https://www.nhpcindia.com/welcome/tender
2026-09-04,NEW,NHPC,Chain Link Fencing near DTGH and along NH-1 from Pot Head Yard to Power House Entry Gate at Uri II Power Station,,,,https://www.nhpcindia.com/welcome/tender
2026-09-04,NEW,NHPC,"Purchase of Various types of RCCB’s (Residual Current circuit Breakers) for Dam site, Parbati-III Power Station",,,,https://www.nhpcindia.com/welcome/tender
2026-09-04,NEW,NHPC,Paintings of Seven Radial Gates of TLD-IV Power Station,,,,https://www.nhpcindia.com/welcome/tender
2026-09-04,NEW,NHPC,Providing services for Running and Maintenance of Administrative office building Site Office Dispensary CISF Office etc at TLDIV Power Station Kalijhora,,,,https://www.nhpcindia.com/welcome/tender
2026-09-04,NEW,NHPC,Providing assistance in instrumentation data collection and departmental survey work of TLD-IV PS Kalijhora,,,,https://www.nhpcindia.com/welcome/tender
2026-09-04,NEW,NHPC,"Running and Maintenance of control building & site office, removal of weeds, cleaning of drains at switchyard and water supply for CISF establishment at TLD-lV Power Station",,,,https://www.nhpcindia.com/welcome/tender
2026-09-04,NEW,NHPC,Repair of servomotor of MIV/BFV/nozzle and bypass valve of butterfly valve installed at Valve House of Parbati H.E. Project (Stage-II) (Package No. C-787A),,,,https://www.nhpcindia.com/welcome/tender
2026-09-04,NEW,NHPC,"Design, Manufacturing/ Fabrication, Supply, Transportation, Erection and Commissioning of One no. Trash Rack Cleaning Machine in Place of Damaged TRCM cum Gantry Crane for Teesta-V Power Station (Dam Site, Dikchu)",,,,https://www.nhpcindia.com/welcome/tender
2026-09-04,NEW,NHPC,Roof Protection work and internal &amp; external Painting of K.V School along with road repair works at KV School Gerukamukh at SLP.,,,,https://www.nhpcindia.com/welcome/tender
2026-09-04,NEW,NHPC,Auction for Iron Scrap materials,,,,https://www.nhpcindia.com/welcome/tender
2026-09-04,NEW,NHPC,"Monthly Basis Cab and Taxi Hiring Service - Without Fuel - SUV; Mahindra Scorpio; 2024; 0-25,000 kms; A/C; 24",,,,https://www.nhpcindia.com/welcome/tender
2026-09-04,NEW,NHPC,"Construction of Community Hall at Lower Bara Suruk in Kalimpong Block, West Bengal by TLD-IV PS",,,,https://www.nhpcindia.com/welcome/tender
2026-09-04,NEW,NHPC,"Supply and Installation of Drainage Pumps Motor set along with pipe, valves, fitting etc. of Power House at Nimoo Bazgo PS, Alchi, Leh..”",,,,https://www.nhpcindia.com/welcome/tender
2026-09-04,NEW,NHPC,"Drawing, design, fabrication, supply and installation of Trash Boom including anchor block at left bank and arrangement for Fastening of Floating Trash boom at Dam End TLDIV PS Kalijhora",,,,https://www.nhpcindia.com/welcome/tender
2026-09-04,NEW,NHPC,"Construction of Community Hall at Samthar suruk in samthar GP, in locality of Punam pariwar welfare society, Kalimpong, West Bengal by TLD-IV PS",,,,https://www.nhpcindia.com/welcome/tender
2026-09-04,NEW,NHPC,"Construction of terrace at Mamding Toryok Higher Secondary school , Lower Mamring ,Kurseong Dist- Darjeeling",,,,https://www.nhpcindia.com/welcome/tender
2026-09-04,NEW,NHPC,"Construction of terrace at Mamding Toryok Higher Secondary school , Lower Mamring ,Kurseong Dist- Darjeeling",,,,https://www.nhpcindia.com/welcome/tender
2026-09-04,NEW,NHPC,"Establishment of perennial source of water supply system for NHPC Colony Kralpora, Bandipora (PKG-531).",,,,https://www.nhpcindia.com/welcome/tender
2026-09-04,NEW,NHPC,Comprehensive Repair of Damaged Runner (OP-2) of Dulhasti Power Station,,,,https://www.nhpcindia.com/welcome/tender
2026-09-04,NEW,NHPC,Collection and disposal of Trash Deposited in reservoir/ Intake area from time to time during flushing of Reservoir including cleaning of Trash Rack (F.Y. 2025-2026) of TLD-IV PS,,,,https://www.nhpcindia.com/welcome/tender
2026-09-04,NEW,NHPC,NIT No. :,,,,https://www.nhpcindia.com/welcome/tender
2026-09-04,NEW,NHPC,"Construction of kitchen and Store Room near MT gate and Dam Toe for CISF at Dam site of Kishanganga Power Station, Gurez, Bandipora, J&amp;amp;K (PKG-534).",,,,https://www.nhpcindia.com/welcome/tender
2026-09-04,NEW,NHPC,AMC of automatic water level recorder (10 Nos AWLR) and Rain gauge including Cleaning of phumdies and grasses at AWLR area of Loktak Power Station.,,,,https://www.nhpcindia.com/welcome/tender
2026-09-04,NEW,NHPC,"Development of Parking Area with Shade in Balutar Colony, NHPC Teesta -V Power Station",,,,https://www.nhpcindia.com/welcome/tender
2026-09-04,NEW,NHPC,Purchase of air receiver tank mounted portable LP compressor with trolley for Sewa-II Dam Sarthali,,,,https://www.nhpcindia.com/welcome/tender
2026-09-04,NEW,NHPC,"Supply,Fabrication,Installation,Testing and commissioning of main gate of Power House,cut out cover railing and staircase railing on different floor of Power House of Parbati-H.E. Project (Stage-II) (Package No-C-803-A)",,,,https://www.nhpcindia.com/welcome/tender
2026-09-04,NEW,NHPC,Erosion control measures on Right Bank of River Subansiri by provision of RCC Jack Jetty adjacent of River Kawamari (RD 27 km to 30 km).,,,,https://www.nhpcindia.com/welcome/tender
2026-09-04,NEW,NHPC,Renovation and repair work of Type-III quarters at SLHEP Gerukamukh.,,,,https://www.nhpcindia.com/welcome/tender
2026-09-04,NEW,NHPC,AMC of CCTV Systems of Sewa-II Power Station for One Year (2025-26) (IT-678),,,,https://www.nhpcindia.com/welcome/tender
2026-09-04,NEW,NHPC,"Providing and laying premix carpeting on internal road of Banikhet colony from Transport Yard to ED office and upto Field Hostel ( D-6 qtr) including repair of pot holes from NHPC chowk to transport yard at Banikhet, Tehsil - Dalhousie, Distt - Chamba (HP)",,,,https://www.nhpcindia.com/welcome/tender
2026-09-04,NEW,NHPC,Topographical survey of Reservoir area along with other locations and bathometry survey along the river Subansiri,,,,https://www.nhpcindia.com/welcome/tender
2026-09-04,NEW,NHPC,Repair and strengthening of internal road of SLP Gerukamukh.,,,,https://www.nhpcindia.com/welcome/tender
2026-09-04,NEW,NHPC,"“Repair of Footpath, plastering, painting and repairing of retaining wall and parapet in Jyotipuram Colony at Salal Power station”.",,,,https://www.nhpcindia.com/welcome/tender
2026-09-04,NEW,NHPC,"Housekeeping work of Neer Shakti Sadan and Jal Tarang in NHPC Office Complex, Sector-33, Faridabad",,,,https://www.nhpcindia.com/welcome/tender
2026-09-04,NEW,NHPC,"Maintenance &amp;amp;amp;amp;amp;amp;amp;amp; Cleaning of Rain Harvesting Pits for year 2025 in NHPC office Complex, Sector-33, Faridabad",,,,https://www.nhpcindia.com/welcome/tender
2026-09-04,NEW,NHPC,"Procurement of 60,000 MT Portland Pozzolona Cement (PPC) as per Technical Specifications for Subansiri Lower HE Project",,,,https://www.nhpcindia.com/welcome/tender
2026-09-04,NEW,NHPC,"Repair and maintenance of misc. work and Cleaning and filling of dumped stone under the transformer at Salal Power House, Dhyangarh",,,,https://www.nhpcindia.com/welcome/tender
2026-09-04,NEW,NHPC,Uri-I Stage-II (240 MW) Package-I Civil Works,,,,https://www.nhpcindia.com/welcome/tender
2026-09-04,NEW,NHPC,COMPLETE REFURBISHMENT OF 6 NOS PENSTOCK INTAKE GATES WITH THEIR HYDRAULIC HOISTING ARRANGEMENT OF SALAL POWER STATION,,,,https://www.nhpcindia.com/welcome/tender
2026-09-04,NEW,NHPC,Providing and fixing LED Glow Sign Boards with LED Lights and LED Lighting of Power House Model of Sewa-II Power Station.,,,,https://www.nhpcindia.com/welcome/tender
2026-09-04,NEW,NHPC,"Renovation of DG shed building and Billing/Office room of Electrical Infra Division at Executive Director Office Complex, Arunachal Pradesh (Kolaptukar)",,,,https://www.nhpcindia.com/welcome/tender
2026-09-04,NEW,NHPC,"Painting and miscellaneous repairing work of Hospital at Baira Siul Power Station, Surangani",,,,https://www.nhpcindia.com/welcome/tender
2026-09-04,NEW,NHPC,"Supplying, Design & Engineering (D&E) of plug in oil coolers for Sewa-II Power Station",,,,https://www.nhpcindia.com/welcome/tender
2026-09-04,NEW,NHPC,Procurement of Brake and Jack assembly along with spares for Salal Power Station,,,,https://www.nhpcindia.com/welcome/tender
2026-09-04,NEW,NHPC,"Providing Services for R&M of General Up keeping, Housekeeping & Canteen of Rangit Power House, Providing assistance to legship police department for operation of hooter and Siren & arrangement of awareness programme about release of water from Rangit Dam for the year 2025-27",,,,https://www.nhpcindia.com/welcome/tender
2026-09-04,NEW,NHPC,Providing Mastic asphalt over the Dam Bridge Top and part portion of left bank approach road of CPS-1 dam,,,,https://www.nhpcindia.com/welcome/tender
2026-09-04,NEW,NHPC,"Supply, installation and commissioning of accelerograph at Salal Power Station",,,,https://www.nhpcindia.com/welcome/tender
2026-09-04,NEW,NHPC,"Supply, installation & Commissioning of LAN at Newly constructed Office Building Blocks at Munli Right Bank (Punjabi Camp Area) and Dambuk Office",,,,https://www.nhpcindia.com/welcome/tender
2026-09-04,NEW,NHPC,Miscellaneous Repair and Painting Works of Administrative Office Building at BSPS Surangani,,,,https://www.nhpcindia.com/welcome/tender
2026-09-04,NEW,NHPC,"Construction of the Control Room Building for the 33/0.433 KV Substation at the Right Bank near the Dam site, Dibang Multipurpose Project, Arunachal Pradesh",,,,https://www.nhpcindia.com/welcome/tender
2026-09-04,NEW,NHPC,"Supply & Installation of Velocity Meter Make - AIMIL for Achoora Bridge Automatic Water System of Kishanganga Power Station, Gurez, Bandipora, J&K (PKG-533).",,,,https://www.nhpcindia.com/welcome/tender
2026-09-04,NEW,NHPC,"Repair and Painting work of Internal and outer surface of Admin Building of Chamera Power Station-1, Khairi.",,,,https://www.nhpcindia.com/welcome/tender
2026-09-04,NEW,NHPC,"Engagement of DGR sponsored Private Security Agencies/ Services at Sewa-II Power Station, Mashka, District-Kathua, J&amp;K (SC-676)",,,,https://www.nhpcindia.com/welcome/tender
2026-09-04,NEW,NHPC,Providing and fixing of glow studs along Bagdhar Khairi road from RD 100m To 3100m and providing retro reflective Cautionary /warning sign boards along the road near Chamera-1 Reservoir.,,,,https://www.nhpcindia.com/welcome/tender
2026-09-04,NEW,NHPC,Repair and HP-HVOF coating work of two set (48 Nos) guide vanes of Salal Power Station,,,,https://www.nhpcindia.com/welcome/tender
2026-09-04,NEW,NHPC,Recruitment to Supervisory post through CBT 2025,,,,https://www.nhpcindia.com/welcome/tender
2026-09-04,NEW,NHPC,"Running and Maintenance work of Central store at Teesta-V Power Station, Balutar, Sikkim (2025-27)",,,,https://www.nhpcindia.com/welcome/tender
2026-09-04,NEW,NHPC,"Supply, Installation, Configuration, Commissioning, Testing and Subscription for services of Online Transformer monitoring system.",,,,https://www.nhpcindia.com/welcome/tender
2026-09-04,NEW,NHPC,Testing/calibration of Numerical protection relays installed at Sewa-II Power house,,,,https://www.nhpcindia.com/welcome/tender
2026-09-04,NEW,NHPC,"Supplying, Installation, testing and commissioning (SITC) of Generator Shaft Current Monitoring System at Sewa-II Power House",,,,https://www.nhpcindia.com/welcome/tender
2026-09-04,NEW,NHPC,"Repair and Strengthening of Boundaries Wall and Gates Jyotipuram Colony, Salal Power station.",,,,https://www.nhpcindia.com/welcome/tender
2026-09-04,NEW,NHPC,“Repair & Maintenance of Bidda Store and Fire station of Salal Power Station along with boundary wall repair”,,,,https://www.nhpcindia.com/welcome/tender
2026-09-04,NEW,NHPC,Slope Protection &amp; other Miscellenous works in and around Power House Building of Parbati-H.E. Project (Stage-II)” (Package No-C-815).,,,,https://www.nhpcindia.com/welcome/tender
2026-09-04,NEW,NHPC,"Design & Engineering, Manufacture, Supply, Installation, Testing and Commissioning of oil mist extractor system for generating units of Sewa-II Power Station",,,,https://www.nhpcindia.com/welcome/tender
2026-09-04,NEW,NHPC,"Supply, Installation, Testing and Commissioning of 1 Nos 500 KVA DG Set at Power House of Sewa II Power Station.",,,,https://www.nhpcindia.com/welcome/tender
2026-09-04,NEW,NHPC,Providing and Fixing Profile Sheet in Main AccessTunnel at RD 50m to 150m and 850m to 920m of Parbati-III Power Station,,,,https://www.nhpcindia.com/welcome/tender
2026-09-04,NEW,NHPC,Annual Maintenance Contract (Comprehensive) for EPABX Systems at Rangit Power Station,,,,https://www.nhpcindia.com/welcome/tender
2026-09-04,NEW,NHPC,Purchase of spares of Godrej make Fork lift (Model: GX300E) at Power house,,,,https://www.nhpcindia.com/welcome/tender
2026-09-04,NEW,NHPC,"Supply, Installation of Electrical Appliances for NHPC Residential Complex, Sector-41, Faridabad as per Technical Specification (TS)",,,,https://www.nhpcindia.com/welcome/tender
2026-09-04,NEW,NHPC,"Operation/Running maintenance of Dispensary of Rangit Power Station, NHPC Ltd for the year 2024-2025",,,,https://www.nhpcindia.com/welcome/tender
2026-09-04,NEW,NHPC,Repair of approach Roads to Dam and Power House of Salal Power Station,,,,https://www.nhpcindia.com/welcome/tender
2026-09-04,NEW,NHPC,"Comprehensive Annual Maintenance Contract of Computers, IT Peripherals &amp;amp; UPS for a Period of Three (03) Years",,,,https://www.nhpcindia.com/welcome/tender
2026-09-04,NEW,NHPC,Internal Electrification of re-constructed Control Room of 66/11KV Switchyard,,,,https://www.nhpcindia.com/welcome/tender
2026-09-04,NEW,NHPC,"Repair and Renovation of Sewage Treatment Plant of Power House, Elagad of DGPS",,,,https://www.nhpcindia.com/welcome/tender
2026-09-04,NEW,NHPC,Vertical Screw Pump &amp; Motor Assembly (Allweiler make) for OPU system of Generating Unit,,,,https://www.nhpcindia.com/welcome/tender
2026-09-04,NEW,NHPC,"3-POLE SF6 GAS INSULATED CIRCUIT BREAKER, COMPLETE WITH OPERATING MECHANISM AND TERMINAL CONNECTOR",,,,https://www.nhpcindia.com/welcome/tender
2026-09-04,NEW,NHPC,General Up keeping & Housekeeping of VIP Guest House & Officer's Club of Rangit Power Station for Year 2025,,,,https://www.nhpcindia.com/welcome/tender
2026-09-04,NEW,NHPC,Purchase of various types of NON PAC spare parts of installed EOT crane at Parbati- III Power Station,,,,https://www.nhpcindia.com/welcome/tender
2026-09-04,NEW,NHPC,"Construction of left bank spillway extension wall up to diversion tunnel outlet at Dam site of Kishanganga Power Station at Gurez, Bandipora, J&amp;amp;K (PKG-532).",,,,https://www.nhpcindia.com/welcome/tender
2026-09-04,NEW,NHPC,"Tender for Domestic Competitive Bidding -Rewiring of 12C-type quarters (C-107-118) at Jyotipuram Colony of Salal Power Station, Distt. Reasi, UT of J&K",,,,https://www.nhpcindia.com/welcome/tender
2026-09-04,NEW,NHPC,"Supply, Installation, testing and commissioning of Velocity Sensor at Pollak EWS Site of Rangit Power Station",,,,https://www.nhpcindia.com/welcome/tender
2026-09-04,NEW,NHPC,"Construction of Boundary Wall along the river side at Left Bank of Teesta-V PS, Balutar.",,,,https://www.nhpcindia.com/welcome/tender
2026-09-04,NEW,NHPC,Comprehensive Repair of Damaged Runner (O-2) of Dulhasti Power Station,,,,https://www.nhpcindia.com/welcome/tender
2026-09-04,NEW,NHPC,Providing and Laying premix carpet on internal road of township complex at Nagwain of Parbati-H.E. Project (Stage-II) (Package No-C-811),,,,https://www.nhpcindia.com/welcome/tender
2026-09-04,NEW,NHPC,Engagement of Homeopathic Consultant on Part time basis for Two years for Corporate Office NHPC Limited Faridabad,,,,https://www.nhpcindia.com/welcome/tender
2026-09-04,NEW,NHPC,Providing services for Running &amp; Maintenance works of Operation and Routine Maintenance of HM components of Teesta-V Power Station for the period of 02 Years.,,,,https://www.nhpcindia.com/welcome/tender
2026-09-04,NEW,NHPC,"Providing Insurance Cover during O&M period for 50MW Wind Power Project at Jaisalmer, Rajasthan for one year w.e.f. 19.06.24 to 18.06.25",,,,https://www.nhpcindia.com/welcome/tender
2026-09-04,NEW,NHPC,"Repair of grit plaster in flats at NHPC Residential Colony Sector-41, Faridabad",,,,https://www.nhpcindia.com/welcome/tender
2026-09-04,NEW,NHPC,Insurance Coverage under Group Personal Accident Insurance Scheme (GPAI) for a period of one year (From 01/06/2025 to 31/05/2026),,,,https://www.nhpcindia.com/welcome/tender
2026-09-04,NEW,NHPC,"Providing services for Running and maintenance of 66/11 KV Switchyard, DG Set, Power supply network and Electrical installations of Balutar for the period of 2-Years (2025-2027).",,,,https://www.nhpcindia.com/welcome/tender
2026-09-04,NEW,NHPC,"Repairing/Rectification of a 70 MVA, 13.8 kV / (400/√3) kV Single-Phase Generator Transformer of Areva Make",,,,https://www.nhpcindia.com/welcome/tender
2026-09-04,NEW,NHPC,"Plinth protection work and GI Profile Sheet Shade Structure for utility area around Prefab building Block-1at Sawalkote HE Project, Tanger, Dist-Ramban, Jammu and Kashmir",,,,https://www.nhpcindia.com/welcome/tender
2026-09-04,NEW,NHPC,"Repairing, Painting, and Increasing Height of Overhead Water Tanks in Pasighat Complex of Siang Lower Project at Pasighat.",,,,https://www.nhpcindia.com/welcome/tender
2026-09-04,NEW,NHPC,Running and Maintenance of water supply system including sweeping and cleaning of colony of Teesta-V Power Station at Samdong.,,,,https://www.nhpcindia.com/welcome/tender
2026-09-04,NEW,NHPC,Repairing and Painting of 06 Nos of Type-III Quarter and Barrack of Siang Lower Project at Pasighat Complex,,,,https://www.nhpcindia.com/welcome/tender
2026-09-04,NEW,NHPC,"Onsite Repair of Runner (OP-4) including Static Balancing of Dulhasti Power Station, Kishtwar",,,,https://www.nhpcindia.com/welcome/tender
2026-09-04,NEW,NHPC,"Upgradation of existing Local Area Network (LAN) setup in Admin building, Township office, hospital &amp; colony, Uri 2 PS",,,,https://www.nhpcindia.com/welcome/tender
2026-09-04,NEW,NHPC,"Construction of new permanent barrack in place of old temporary barrack at CISF Camp, Dobat of Dhauliganga Power Station",,,,https://www.nhpcindia.com/welcome/tender
2026-09-04,NEW,NHPC,Construction of community hall at Village Sapangini under NHPC-CSR Scheme,,,,https://www.nhpcindia.com/welcome/tender
2026-09-04,NEW,NHPC,Painting of Downstream Slope of dam of Parbati-III Power Station,,,,https://www.nhpcindia.com/welcome/tender
2026-09-04,NEW,NHPC,"Protection work on Left and Right bank of river in various reaches/RDs between downstream of Dam to Adit-I portal of Uri-II Power Station, JK",,,,https://www.nhpcindia.com/welcome/tender
2026-09-04,NEW,NHPC,Hiring of 01 No inspection Vehicle M&M Bolero BS6 or equivalent for Teesta-V Power Station for a period of 24 Months,,,,https://www.nhpcindia.com/welcome/tender
2026-09-04,NEW,NHPC,Repair of main access road from RD ±550 M to RD ±620M at Dam site of Teesta-V Power Station.,,,,https://www.nhpcindia.com/welcome/tender
2026-09-04,NEW,NHPC,"Supply, installation and Commissioning of Workstation with Software (EDWARDS make) of Fire Detection and Alarm System FDAS for Power House of Teesta-V Power Station",,,,https://www.nhpcindia.com/welcome/tender
2026-09-04,NEW,NHPC,"Repair of damaged fencing along Tapovan road and providing and fixing of concertina coil over boundary wall of Tapovan Complex, DGPS",,,,https://www.nhpcindia.com/welcome/tender
2026-09-04,NEW,NHPC,Purchase of various consumables for DG sets Installed at Dam site of Parbati-III Power Station,,,,https://www.nhpcindia.com/welcome/tender
2026-09-04,NEW,NHPC,Running and maintenance of the Mechanical Workshop for a period of two years (2025-2027).,,,,https://www.nhpcindia.com/welcome/tender
2026-09-04,NEW,NHPC,Establishment of Early Warning System along with Automation of Siren and PA System for Parbati-III Power Station,,,,https://www.nhpcindia.com/welcome/tender
2026-09-04,NEW,NHPC,Purchase of clamp on type Ultrasonic flow meters for BFV and MIV locations at Sewa-II Power house,,,,https://www.nhpcindia.com/welcome/tender
2026-09-04,NEW,NHPC,"Comprehensive AMC Contract of 04 nos. Numeric Make Online UPS at NHPC Limited, Faridabad with OEM M/s Novateur Electrical & Digital Systems Private Limited on single tender basis",,,,https://www.nhpcindia.com/welcome/tender
2026-09-04,NEW,NHPC,"Restoration of De-Icing System of Spillway Radial Gates 1 and 2 and Trash Rack by way of Repairing and Servicing at Dam of Nimoo Bazgo Power Station, NHPC Limited, Alchi (Ladakh).",,,,https://www.nhpcindia.com/welcome/tender
2026-09-04,NEW,NHPC,Selection of Solar Power Generators For Setting up of 1200 MW ISTS Connected Solar Power Projects with 600MW/2400MWh ESS on anywhere in India basis under TBCB with Green Shoe Option,,,,https://www.nhpcindia.com/welcome/tender
2026-09-04,NEW,NHPC,Repair of 02 nos. Mody make submersible pumps of Power House at Parbati-III Power Station,,,,https://www.nhpcindia.com/welcome/tender
2026-09-04,NEW,NHPC,"AMC of Rope Drum Hoists, Gantry &amp;amp; EOT Cranes of various Hydro Mechanical Components for period of two years",,,,https://www.nhpcindia.com/welcome/tender
2026-09-04,NEW,NHPC,"Testing of different environmental parameters of DG Set, Ambient Air, STP &amp; Drinking Water Sample.",,,,https://www.nhpcindia.com/welcome/tender
2026-09-04,NEW,NHPC,Providing Support Services for IFS ERP Solution in NHPC for 02 years,,,,https://www.nhpcindia.com/welcome/tender
2026-09-04,NEW,NHPC,"Reservoir Rim Treatment work at Left Bank area from RD ±3000M of Dam axis to RD ±3200M upstream of Dam axis below Naya Bazar/Food Godown at Dikchu, North Sikkim.",,,,https://www.nhpcindia.com/welcome/tender
2026-09-04,NEW,NHPC,"Roof treatment by providing APP membrane to prevent seepage from roof of NHPC residential Colony at Sector -42 A, Chandigarh",,,,https://www.nhpcindia.com/welcome/tender
2026-09-04,NEW,NHPC,Protection work of left out Quarters of Type-II (B-Type) and Type-I (A-Type) quarters from Seepage.,,,,https://www.nhpcindia.com/welcome/tender
2026-09-04,NEW,NHPC,"Taking cross-section of Chenab River and its tributaries using bathymetric survey, Lidar enabled drones, DGPS at different locations for Sawalkote HE Project, Tanger, Dist-Ramban, Jammu and Kashmir",,,,https://www.nhpcindia.com/welcome/tender
2026-09-04,NEW,NHPC,"Design, Fabrication/Manufacturing, Supply, Transportation, Erection and Commissioning of 03 Nos. of TRT gates along with electrically operated 50T capacity Rope Drum Hoist",,,,https://www.nhpcindia.com/welcome/tender
2026-09-04,NEW,NHPC,"Repair, Machining, Stress relieving and HP-HVOF Coating of Runner and Guide Vanes of 60 MW Francis Turbine of Baira Siul Power Station",,,,https://www.nhpcindia.com/welcome/tender
2026-09-04,NEW,NHPC,"Development of Badminton Court at New Field Hostel of Baira Siul Power Station, Surangani",,,,https://www.nhpcindia.com/welcome/tender
2026-09-04,NEW,NHPC,"“Providing Services for Running &amp; Maintenance of Housekeeping/Up keeping of Bachelor Accommodations (Sr. Executive Field Hostel cum Guest House, Executive Field Hostel and Transit Camp) at Itanagar&quot;",,,,https://www.nhpcindia.com/welcome/tender
2026-09-04,NEW,NHPC,"Procurement of Office Furniture for Administrative Building, Chimri, 2880 MW DMP Roing, Arunachal Pradesh.",,,,https://www.nhpcindia.com/welcome/tender
2026-09-04,NEW,NHPC,"Operation & Maintenance of Fire Fighting System and Fire Alarm system installed at NHPC Office Complex, Sector-33 & NHPC Residential Complex, Sector-41, Faridabad",,,,https://www.nhpcindia.com/welcome/tender
2026-09-04,NEW,NHPC,"Providing Earthing for Electrical Installations at Office premises and Colony of Sewa-II Power Station, Mashka, Distt.- Kathua (J&K) (EW-671",,,,https://www.nhpcindia.com/welcome/tender
2026-09-04,NEW,NHPC,Replacement/Upgradation of Complete CO2 Fire Fighting System for 03 Nos. of hydro-generators of Sewa-II Power Station,,,,https://www.nhpcindia.com/welcome/tender
2026-09-04,NEW,NHPC,"Supplying, Installation, testing and commissioning (SITC) of Generator Shaft Current Monitoring System at Sewa-II Power House",,,,https://www.nhpcindia.com/welcome/tender
2026-09-04,NEW,NHPC,Purchase of Portable hydraulic oil filtration plant in complete form for Sewa-II Power station,,,,https://www.nhpcindia.com/welcome/tender
2026-09-04,NEW,NHPC,SITC of Automatic firesmoke detectionalarm system for Sewa-II Dam control room of Sewa-II Power station,,,,https://www.nhpcindia.com/welcome/tender
2026-09-04,NEW,NHPC,Application of surface protective hard coating on skin plate of upstream under sluice gate of Chamera Power station-1.,,,,https://www.nhpcindia.com/welcome/tender
2026-09-04,NEW,NHPC,"Empanelment of firms for Rate Contract for printing of Visiting cards, Letter heads and other miscellaneous items for Ttwo years.",,,,https://www.nhpcindia.com/welcome/tender
2026-09-04,NEW,NHPC,"Repair and Painting of OTC at Rail Head Complex, Jammu.",,,,https://www.nhpcindia.com/welcome/tender
2026-09-04,NEW,NHPC,Selection of Roof Top Developer for Setting up Grid Connected Solar Roof Top Plants at Various locations on government buildings in the state of Nagaland on RESCO Mode through Tariff-Based Competitive Bidding,,,,https://www.nhpcindia.com/welcome/tender
2026-09-04,NEW,NHPC,General up keeping of Power house complex (Civil Maintenance) for the year 2025,,,,https://www.nhpcindia.com/welcome/tender
2026-09-04,NEW,NHPC,Conducting Hydrographic Survey in the reservoir of Uri-II Power Station for the year 2025,,,,https://www.nhpcindia.com/welcome/tender
2026-09-04,NEW,NHPC,"Strengthening &amp; thermal legging of various pipelines installed in PH of CPS-1, Khairi.",,,,https://www.nhpcindia.com/welcome/tender
2026-09-04,NEW,NHPC,"Hiring of Two (02) no. of Mahindra Bolero 2WD B6 BS-VI, or equivalent for Dugar HE Project at Luj, Killar, Distt. Chamba (Package No. DHEP-23)",,,,https://www.nhpcindia.com/welcome/tender
2026-09-04,NEW,NHPC,Rate Contract of Medicines for 2 years for Teesta-V Power Station.,,,,https://www.nhpcindia.com/welcome/tender
2026-09-04,NEW,NHPC,"Purchase of Yuken make Solenoid Directional valve for GOV, MIV, BFV &amp; Logic cartridge for NCC panel of Power house of Sewa-II Power Station",,,,https://www.nhpcindia.com/welcome/tender
2026-09-04,NEW,NHPC,Protection of administrative building of Rangit Power Station by constructing boundary wall,,,,https://www.nhpcindia.com/welcome/tender
2026-09-04,NEW,NHPC,"Supply, Design and Fabrication of Multipurpose Fire tender having water tank capacity 5000 ltrs and foam tank capacity 600 ltrs (including supply of chassis by the contractor) with equipments/ accessories for Chamera Power Station-I.",,,,https://www.nhpcindia.com/welcome/tender
2026-09-04,NEW,NHPC,Repair Maintenance and other development works of BSPS DAV School Building at Surangani,,,,https://www.nhpcindia.com/welcome/tender
2026-09-04,NEW,NHPC,Purchase of Secondary Injection Relay Test Kit for Sewa-II Power Station,,,,https://www.nhpcindia.com/welcome/tender
2026-09-04,NEW,NHPC,"Construction of Drain and Retaining wall for protection of 3rd Bench Access Road of Office cum Residential Complex, Sawalkote HE Project, Tanger, Dist.-Ramban, Jammu and Kashmir",,,,https://www.nhpcindia.com/welcome/tender
2026-09-04,NEW,NHPC,"Procurement of house hold electrical items for Liaison Office Cum Transit Camp, Dibrugarh, 2880MW Dibang Multipurpose Project, Arunachal Pradesh”.",,,,https://www.nhpcindia.com/welcome/tender
2026-09-04,NEW,NHPC,"Repair and Renovation of Higher Secondary School, Saspol, Leh-under CSR Scheme funded by Nimoo Bazgo Power Station, NHPC Ltd",,,,https://www.nhpcindia.com/welcome/tender
2026-09-04,NEW,NHPC,"Modernization of Plumb-Line System by Supply and Installation of Automatic Plumb line System one at EL at 1212 m and two at EL 1250 m (XY Coordinator readout Charge Coupled Device and automatic data transmission to Dam Control Room) at Dul Dam, Dulhasti Kishtwar",,,,https://www.nhpcindia.com/welcome/tender
2026-09-04,NEW,NHPC,Purchase of Automatic Tan Delta and Capacitance Measurement kit for Sewa-2 Power Station,,,,https://www.nhpcindia.com/welcome/tender
2026-09-04,NEW,NHPC,Purchase of Static Contact Resistance measurement kit for Sewa-2 Power Station,,,,https://www.nhpcindia.com/welcome/tender
2026-09-04,NEW,NHPC,"Construction of 2 no's Store Room cum Security Watch Post and 1 no. Security Check Post at Office cum Residential Complex, Sawalkote HE Project, Tanger, Dist-Ramban, Jammu and Kashmir.",,,,https://www.nhpcindia.com/welcome/tender
2026-09-04,NEW,NHPC,"Removal, Providing and Fixing tiles,kota stone,Granite and other miscellaneous works in Power House building of Parbati-H.E. Project (Stage-II) (Package No-C-810)",,,,https://www.nhpcindia.com/welcome/tender
2026-09-04,NEW,NHPC,Construction of Pothead Yard-420 KV Bus Reactor at Power House Site of Parbati-H.E. Project (Stage-II) (Package No-C-807),,,,https://www.nhpcindia.com/welcome/tender
2026-09-04,NEW,NHPC,Insurance Coverage of Motor Vehicle Advance under NHPC Employees (MVA) Group Insurance Scheme for a Period of One Year (24.05.2025 to 23.05.2026),,,,https://www.nhpcindia.com/welcome/tender
2026-09-04,NEW,NHPC,Purchase of 09 No. Workstation,,,,https://www.nhpcindia.com/welcome/tender
2026-09-04,NEW,NHPC,Bituminous Concrete Coating and miscellaneous repair works over existing Nakrod Dam Road at BSPS,,,,https://www.nhpcindia.com/welcome/tender
2026-09-04,NEW,NHPC,Purchase of D-Seal of Maintenances and Service seal of MIV and J-Seal of Butterfly valve,,,,https://www.nhpcindia.com/welcome/tender
2026-09-04,NEW,NHPC,Providing and Fixing tiled ceiling at machine hall at Power House of Parbati-H.E. Project (Stage-II) (Package No-C-808),,,,https://www.nhpcindia.com/welcome/tender
2026-09-04,NEW,NHPC,Modification work of officers club in Baira Siul Power Station Surangani,,,,https://www.nhpcindia.com/welcome/tender
2026-09-04,NEW,NHPC,"Purchase of SF6 Gas Based Handling Unit (Recovery, Filling, Evacuation) for SF6 Gas Circuit Breakers at 132 kV Switchyard of Sewa-II Power House",,,,https://www.nhpcindia.com/welcome/tender
2026-09-04,NEW,NHPC,Repair of Bottom Shaft of Generating U,,,,https://www.nhpcindia.com/welcome/tender
2026-09-04,NEW,NHPC,Annual Maintenance Contract of Air Conditioners of Sewa- II Power Station(SC-669),,,,https://www.nhpcindia.com/welcome/tender
2026-09-04,NEW,NHPC,Painting of Hydro Mechanical equipments and structures installed at Dam &amp;amp;amp;amp;amp;amp; SFT of Uri-II Power Station,,,,https://www.nhpcindia.com/welcome/tender
2026-09-04,NEW,NHPC,"Construction of toilet at Govt. High School, Bazgo under CSR scheme 2024-25 by Nimoo Bazgo Power Station, Alchi.",,,,https://www.nhpcindia.com/welcome/tender
2026-09-04,NEW,NHPC,"Repair of Toilets &amp;amp; Misc. works at VIP Guest House of Nimoo Bazgo Power Station, Leh, Ladakh.",,,,https://www.nhpcindia.com/welcome/tender
2026-09-04,NEW,NHPC,"Construction of cross-drainage work along with Hume Pipe culvert near RD-152m (Rd-0 end of PH road) in Left Bank play ground area side of Teesta-V Power Station, Balutar",,,,https://www.nhpcindia.com/welcome/tender
2026-09-04,NEW,NHPC,"Up-keeping and maintenance of office and providing services for gauge &amp; discharge, silt analysis at Dam site, KGPS, Gurez, Bandipora for 2 years (PKG-530).",,,,https://www.nhpcindia.com/welcome/tender
2026-09-04,NEW,NHPC,Purchase of Fire Tender Type-A,,,,https://www.nhpcindia.com/welcome/tender
2026-09-04,NEW,NHPC,Supply and Installation of Digital Radiography (Computerized) System.,,,,https://www.nhpcindia.com/welcome/tender
2026-09-04,NEW,NHPC,"Repairing of boundary wall of Kendriya Vidyalaya at CPS-1,Khairi.",,,,https://www.nhpcindia.com/welcome/tender
2026-09-04,NEW,NHPC,"Maintenance and Development of Horticulture work at Nowpora/ Salamabad Complex, Uri-II Power Station",,,,https://www.nhpcindia.com/welcome/tender
2026-09-04,NEW,NHPC,"Repairing and painting (internal) of Field Hostel D1 (1st Floor) at CPS-1, Khairi.",,,,https://www.nhpcindia.com/welcome/tender
2026-09-04,NEW,NHPC,Grouting in False Plug Area and Bottom Horizontal Portion of Pressure Shaft-1 in Power House of Parbati III Power Station,,,,https://www.nhpcindia.com/welcome/tender
2026-09-04,NEW,NHPC,"R and M of Road from Dhargala to Siul Weir by providing premix carpet to existing road at BSPS Surangani, Distt- Chamba(H.P)",,,,https://www.nhpcindia.com/welcome/tender
2026-09-04,NEW,NHPC,Construction of Gate of Adit-II at Salwad of Parbati-III Power Station,,,,https://www.nhpcindia.com/welcome/tender
2026-09-04,NEW,NHPC,"Repair of Retaining walls at RD ±9/254 KM to ±9/258, RD ±10/138 KM to ±10/144KM, and RD ± 10/189 KM to RD ± 10/197 of Bagdhar - Khairi road, CPS-1.",,,,https://www.nhpcindia.com/welcome/tender
2026-09-04,NEW,NHPC,"EPC Work of Construction of Package-3: Solar Park Common Infrastructure of Security Buildings, Civil Works (Administrative Buildings, Canteen Building, Guest House &amp;amp;amp;amp;amp;amp;amp;amp;amp;amp; Other common facilities) of Solar Power Park for the development of 1200 MW Solar Power Park under UMPPRE at Madhogarh, District: Jalaun, Uttar Pradesh",,,,https://www.nhpcindia.com/welcome/tender
2026-09-04,NEW,NHPC,Renovation of Power House Control Room of Chamera-1 Power Station.,,,,https://www.nhpcindia.com/welcome/tender
2026-09-04,NEW,NHPC,"Design, Manufacturing, Supply, Erection, Testing, Commissioning of Static Digital Excitation System including Power &amp; Control Cables and All the Equipment Required for Integration of Existing SCADA System and Dismantling of old Excitation System and Associated System for all Three Units of Rangit Power Station",,,,https://www.nhpcindia.com/welcome/tender
2026-09-04,NEW,NHPC,Procurement of HP make ink/toner Cartridges through GeM Portal,,,,https://www.nhpcindia.com/welcome/tender
2026-09-04,NEW,NHPC,"Exploratory Drilling works of one hole of +/-150m depth on Left bank at EL+/-320 M to explore the area between EL 296M and EL346 M for Subansiri Upper Project (1605 MW), Arunachal Pradesh",,,,https://www.nhpcindia.com/welcome/tender
2026-09-04,NEW,NHPC,"Exploratory Drilling Works of one hole of 50m depth in right bank of the river at EL 415m for Subansiri Upper HE Project 1605MW, Arunachal Pradesh",,,,https://www.nhpcindia.com/welcome/tender
2026-09-04,NEW,NHPC,"Construction of Drain along playground of Government Middle School Baggi in village Baggi in Gram Panchayat Kanged, Development Block Salooni, Distt Chamba under CSR",,,,https://www.nhpcindia.com/welcome/tender
2026-09-04,NEW,NHPC,Restoration of damaged Retaining Wall in between RD ±13/080 Km to RD ±13/120 Km dam Khairi road at CPS-1.,,,,https://www.nhpcindia.com/welcome/tender
2026-09-04,NEW,NHPC,"Protection Work of existing tilted Breast wall near HM gate at Bhaledh, BSPS Surangani, Distt - Chamba",,,,https://www.nhpcindia.com/welcome/tender
2026-09-04,NEW,NHPC,Procurement of Taper roller bearings for under-sluice gates of Dam of Chamera Power Station-1.,,,,https://www.nhpcindia.com/welcome/tender
2026-09-04,NEW,NHPC,"Procurement of 11 desktop computers alongwith MS-Office for Chamera Power Station-I, Khairi.",,,,https://www.nhpcindia.com/welcome/tender
2026-09-04,NEW,NHPC,"purchase of 60 Split Air Conditioner Including Green AC, Wall Mount Type.",,,,https://www.nhpcindia.com/welcome/tender
2026-09-04,NEW,NHPC,"Repair & Painting of Type- A quarters (12 Block i.e 48 qtrs., A-351 to A -398) in Lower Samleu colony at CPS-1.",,,,https://www.nhpcindia.com/welcome/tender
2026-09-04,NEW,NHPC,"Hiring of One (01) no. of Mahindra Scorpio NZ4 Diesel MT4WD 7STR BS-VI, five door (2100 cc or higher) and One (01) Mahindra Bolero Camper 4WD BS VI (Double Cabin) for Dugar HE Project at Luj, Killar, Distt. Chamba (Package No. DHEP-22)",,,,https://www.nhpcindia.com/welcome/tender
2026-09-04,NEW,NHPC,Purchase of 20 Television (TV).,,,,https://www.nhpcindia.com/welcome/tender
2026-09-04,NEW,NHPC,Providing assistance for shift wise Operation work of 4x60MW Generating units &amp;amp; DG sets at Uri-II power house for One year,,,,https://www.nhpcindia.com/welcome/tender
2026-09-04,NEW,NHPC,"Premix carpeting on existing bitumen roads from Shalimar Colony to Powerhouse and link road of Semna Colony including miscellaneous works, Dul Hasti Power Station, Kishtwar",,,,https://www.nhpcindia.com/welcome/tender
2026-09-04,NEW,NHPC,"Purchase of Distribution Transformer 630 kVA, 11/0.415 kV, 50 Hz, 3-Phase, Outdoor Type Dyn11 at Rangit Power House",,,,https://www.nhpcindia.com/welcome/tender
2026-09-04,NEW,NHPC,"Electrification of partly constructed Administrative Building of Rangit IV HEP, at Sikkip",,,,https://www.nhpcindia.com/welcome/tender
2026-09-04,NEW,NHPC,"Electrification of partially constructed VIP Guest House at Sikkip, Rangit-IV HEP",,,,https://www.nhpcindia.com/welcome/tender
2026-09-04,NEW,NHPC,Renovation of Washrooms of Admin Office Buildings and other miscellaneous offices and Union Office Building near Post Office etc,,,,https://www.nhpcindia.com/welcome/tender
2026-09-04,NEW,NHPC,"Servicing of different types of Hoist Arrangements, Gantry Cranes and EOT Crane of Hydro Mechanical Division installed at Rangit Power Station",,,,https://www.nhpcindia.com/welcome/tender
2026-09-04,NEW,NHPC,"Insurance of various movable and immovable properties of NHPC Office Complex, Sector-33, Faridabad, Residential Complex, Surajkund Road, Faridabad and Guest House-Delhi for the period of 2025-26",,,,https://www.nhpcindia.com/welcome/tender
2026-09-04,NEW,NHPC,"Purchase of Spares for Control Panels of Radial, SFG &amp;amp; SFT Gates of Rangit Dam",,,,https://www.nhpcindia.com/welcome/tender
2026-09-04,NEW,NHPC,PURCHASE OF DIFFERENT TYPES OF MS MATERIAL,,,,https://www.nhpcindia.com/welcome/tender
2026-09-04,NEW,NHPC,Procurement of MUSCO Make Pressure Valve and Pressure Reducing Valve for fire fighting pipeline installed in Power House of Chamera Power Station-1.,,,,https://www.nhpcindia.com/welcome/tender
2026-09-04,NEW,NHPC,"Supply, Installation, Testing & Commissioning of Passenger Elevator and Dismantling of Old Elevator in the Power House of Teesta-V Power Station",,,,https://www.nhpcindia.com/welcome/tender
2026-09-04,NEW,NHPC,Restoration and completion of Balance H. M. works of Sheelagarh Diversion work of Parbati HE Project (Stage-II)” (Package No. C-806),,,,https://www.nhpcindia.com/welcome/tender
2026-09-04,NEW,NHPC,Creation of Security Operation Centre (SOC) near Data Centre at 2nd floor of Neer Shakti Sadan,,,,https://www.nhpcindia.com/welcome/tender
2026-09-04,NEW,NHPC,"Laying of Epoxy Coating on the Floors of Powerhouse, Dulhasti Power Station",,,,https://www.nhpcindia.com/welcome/tender
2026-09-04,NEW,NHPC,"Providing Security Services of Ex-Serviceman through DGR Registered Agencies at Access Road Tunnel of Sawalkote HE Project, Tanger, Dist.- Ramban (Jammu and Kashmir) for the period of 24 months.",,,,https://www.nhpcindia.com/welcome/tender
2026-09-04,NEW,NHPC,Purchase of Miscellaneous Electrical Consumable Items,,,,https://www.nhpcindia.com/welcome/tender
2026-09-04,NEW,NHPC,Purchase of Stationary for Sewa-II Power Station,,,,https://www.nhpcindia.com/welcome/tender
2026-09-04,NEW,NHPC,Purchase of 125 KVA DG Set,,,,https://www.nhpcindia.com/welcome/tender
2026-09-04,NEW,NHPC,"Purchase of 2 Nos Mobile/Portable DG Set(30KVA) for Dibang MPP, Roing",,,,https://www.nhpcindia.com/welcome/tender
2026-09-04,NEW,NHPC,"Construction of retaining wall/wing wall at Ghat Nallah near Shiv Mandir at Right Bank, Kolaptukar, SLP, Arunachal Pradesh.",,,,https://www.nhpcindia.com/welcome/tender
2026-09-04,NEW,NHPC,"Protection work of upstream approach road from RD±420M to RD±480M (Left bank) upstream of Dam axis, Teesta-V Power Station",,,,https://www.nhpcindia.com/welcome/tender
2026-09-04,NEW,NHPC,Hiring of Different Type of Vehicles (11 no.) along with all necessary arrangement for its smooth operation/ running for various locations of Parbati H.E. Project (Stage-II) (Package No. C- 790),,,,https://www.nhpcindia.com/welcome/tender
2026-09-04,NEW,NHPC,"Supply, Installation, Testing and Commissioning of ABT type energy meters along with network creation for AMR (automatic meter reading) and supply of other indicating instruments for Power House of Parbati H.E. Project Stage-II. (Package No. C-800)",,,,https://www.nhpcindia.com/welcome/tender
2026-09-04,NEW,NHPC,"Repairing of Two nos Main drainage Pumps, 160KW, make - Kirloskar of Uri II Power House",,,,https://www.nhpcindia.com/welcome/tender
2026-09-04,NEW,NHPC,"Construction of 06 Nos Toilet Near Manjushiri Statue at Tia village under CSR scheme 2024-25 by Nimoo Bazgo Power Station, Alchi, Leh.&amp;amp;quot;",,,,https://www.nhpcindia.com/welcome/tender
2026-09-04,NEW,NHPC,"Internal &amp;amp;amp;amp;amp;amp;amp;amp;amp; External distempering/ painting and repair of plaster in flats at NHPC Residential Colony, Sector-41, Faridabad for 2 years",,,,https://www.nhpcindia.com/welcome/tender
2026-09-04,NEW,NHPC,Custom Bid for Services - Non Comprehensive Annual Maintenance Contract AMC of Trane make Chillers RTAC200 installed at Power House,,,,https://www.nhpcindia.com/welcome/tender
2026-09-04,NEW,NHPC,Selection of Roof Top Developer for Setting up Grid Connected Solar Roof Top Plants at Various locations on government buildings in the state of Haryana on RESCO Mode through Tariff-Based Competitive Bidding,,,,https://www.nhpcindia.com/welcome/tender
2026-09-04,NEW,NHPC,Selection of BESS Developers for setting up of 500MW / 1000MWh InSTS connected standalone BESS in the state of Andhra Pradesh under TBCB with VGF support (NHPC-Tranche-II-BESS) (2024-25),,,,https://www.nhpcindia.com/welcome/tender
2026-09-04,NEW,NHPC,"Operation &amp; maintenance of sewage treatment plant (STP), collection of hydro meteorological data/Instrumentation data for Teesta-V.",,,,https://www.nhpcindia.com/welcome/tender
2026-09-04,NEW,NHPC,"Repairing and Construction of additional septic tank, drain and plinth protection at CISF Barrack SLP Gerukamukh.",,,,https://www.nhpcindia.com/welcome/tender
2026-09-04,NEW,NHPC,Procurement of 1350 Kg SF6 Gas for 400KVA GIS of CPS-1.,,,,https://www.nhpcindia.com/welcome/tender
2026-09-04,NEW,NHPC,"Operation &amp; maintenance of sewage treatment plant (STP), collection of hydro meteorological data/Instrumentation data for Teesta-V.",,,,https://www.nhpcindia.com/welcome/tender
2026-09-04,NEW,NHPC,Selection of Roof Top Developer for Setting up Grid Connected Solar Roof Top Plants at Various locations on government buildings in the state of Manipur on RESCO Mode through Tariff-Based Competitive Bidding,,,,https://www.nhpcindia.com/welcome/tender
2026-09-04,NEW,NHPC,Purchase of Pt100 duplex RTD for Sewa2 Power House,,,,https://www.nhpcindia.com/welcome/tender
2026-09-04,NEW,NHPC,Purchase of Wireless Access Point,,,,https://www.nhpcindia.com/welcome/tender
2026-09-04,NEW,NHPC,"Providing assistance in R&amp;M of VIP Guest House including 40 KVA DG Set at Tadong, Gangtok for Teesta-V PS for period of 2 years",,,,https://www.nhpcindia.com/welcome/tender
2026-09-04,NEW,NHPC,"Repairing, Painting of Field Hostel and Modification of Dormitory Shed and Other Structure located at Nakrod, BSPS",,,,https://www.nhpcindia.com/welcome/tender
2026-09-04,NEW,NHPC,"Maintenance and up keeping of Roads connecting to Power House and removal of rubbish material from adjoining area at left bank area & Maintenance, Up Keeping of Left Bank Colony Area, Teesta- V Power Station, Balutar for a period of 02 years (2025-27)",,,,https://www.nhpcindia.com/welcome/tender
2026-09-04,NEW,NHPC,"Testing of 42 Nos Alstom Make (presently GE) Micom relays installed at Power House and Switchyard of Kishanganga Power station. Bandipora, J&amp;K (PKG-521).",,,,https://www.nhpcindia.com/welcome/tender
2026-09-04,NEW,NHPC,Cleaning and Maintenance of Nowpora Complex of Uri-II Power Station,,,,https://www.nhpcindia.com/welcome/tender
2026-09-04,NEW,NHPC,"Repair of TGB Oil slinger cover of Unit #2 (Pelton turbine) for Kishanganga Power Station(3X110MW), Bandipora, J &amp;amp; K (PKG-529).",,,,https://www.nhpcindia.com/welcome/tender
2026-09-04,NEW,NHPC,Running and maintenance of Solid waste treatment plant and collection of waste daily from different location Balutar and bi-weekly from Samdong colony along with its treatment for FY 2025-27,,,,https://www.nhpcindia.com/welcome/tender
2026-09-04,NEW,NHPC,Purchase of Spares for EOT cranes installed at Power House Parbati-III Power Station,,,,https://www.nhpcindia.com/welcome/tender
2026-09-04,NEW,NHPC,"Purchase of Curtain Pipe, Sider and mounting bracket (Q4)",,,,https://www.nhpcindia.com/welcome/tender
2026-09-04,NEW,NHPC,Purchase of Decorative Mats - Mat Door Coir (Q3),,,,https://www.nhpcindia.com/welcome/tender
2026-09-04,NEW,NHPC,Purchase of Door Curtains (V2) (Q3),,,,https://www.nhpcindia.com/welcome/tender
2026-09-04,NEW,NHPC,Purchase of HYDRAULICALLY REGULATED DOOR CLOSERS (Q3),,,,https://www.nhpcindia.com/welcome/tender
2026-09-04,NEW,NHPC,CCTV CAMERA SUPPLY AND INSTALLATION,,,,https://www.nhpcindia.com/welcome/tender
2026-09-04,NEW,NHPC,"Providing Pipe culvert at Dhaee Nala on Taleru-Power House Road, CPS-1.",,,,https://www.nhpcindia.com/welcome/tender
2026-09-04,NEW,NHPC,Hiring of 01 No inspection Vehicle M and M Bolero BS6 or equivalent for Teesta-V Power Station for a period of 24 Months,,,,https://www.nhpcindia.com/welcome/tender
2026-09-04,NEW,NHPC,Hiring of 01 No M and M Bolero Pickup or equivalent for Teesta-v power station for a period of 24 Months,,,,https://www.nhpcindia.com/welcome/tender
2026-09-04,NEW,NHPC,"Renovation of Toilets of Block -I of Regional office , Jammu",,,,https://www.nhpcindia.com/welcome/tender
2026-09-04,NEW,NHPC,"Procurement of Misc type of Electrical, Furniture & Furnishing items for CPS-1, Khairi",,,,https://www.nhpcindia.com/welcome/tender
2026-09-04,NEW,NHPC,"Supply,Fabrication,Installation,Testing and commissioning of main gate of Power House,cut out cover railing and staircase railing on different floor of Power House of Parbati-H.E. Project (Stage-II) (Package No-C-803)",,,,https://www.nhpcindia.com/welcome/tender
2026-09-04,NEW,NHPC,Wired/Wireless 40 Mbps Point to point P2P Connection (LAN) Between Ithai Barrage and Loktak Admin Office.,,,,https://www.nhpcindia.com/welcome/tender
2026-09-04,NEW,NHPC,"Purchase of Spare ABB Make ACB 800 Amp, MODEL:-SACE PR121/P EMAX EIN 08,4 Pole, 415 V AC,50 HZ for dam site of Parbati-III Power Station",,,,https://www.nhpcindia.com/welcome/tender
2026-09-04,NEW,NHPC,"All in One PC (Q2) , Line Interactive UPS with AVR (V2) (Q2) , Multifunction Machines MFM (Q2)",,,,https://www.nhpcindia.com/welcome/tender
2026-09-04,NEW,NHPC,ISAT PHONE DOCKING STATION with Inmarsat SMA/TNC Cable kit 50 Meters and Availability of RJ11 port,,,,https://www.nhpcindia.com/welcome/tender
2026-09-04,NEW,NHPC,"Supply, Transportation, Dismantling, Installation, Testing and Commissioning of Fire Fighting Pipelines of Baira Siul Power Station",,,,https://www.nhpcindia.com/welcome/tender
2026-09-04,NEW,NHPC,Rewiring of 12 C-type quarters (C-107-118) at Jyotipuram Colony,,,,https://www.nhpcindia.com/welcome/tender
2026-09-04,NEW,NHPC,"Repair/Restoration work of 2.0 Ton Air Conditioner Units installed in Power House, Ravi Retreat and Gym of CPS-I.",,,,https://www.nhpcindia.com/welcome/tender
2026-09-04,NEW,NHPC,Purchase of spares of Godrej make Fork lift (Model: GX300E) at Power house,,,,https://www.nhpcindia.com/welcome/tender
2026-09-04,NEW,NHPC,Implementation of Automatic Generation Control (AGC) System at Subansiri Lower HE Project (8 x 250 MW) and Parbati HE Project (Stage-II) (4 x 200 MW) of NHPC Limited,,,,https://www.nhpcindia.com/welcome/tender
2026-09-04,NEW,NHPC,"Hiring of MUV/ SUV of engine capacity of 2200 cc (Turbo Charged) viz. M &amp; M Scorpio BS-VI or equivalent along with Driver for General Pool Duty, KGPS, Bandipora (No.5) for 2 years (PKG-528).",,,,https://www.nhpcindia.com/welcome/tender
2026-09-04,NEW,NHPC,"Hiring of MUV/ SUV of engine capacity of 2200 cc (Turbo Charged) viz. M &amp; M Scorpio BS-VI or equivalent along with Driver for General Pool Duty, KGPS, Bandipora (No.4) for 2 years (PKG-527).",,,,https://www.nhpcindia.com/welcome/tender
2026-09-04,NEW,NHPC,"Hiring of MUV/SUV Engine capacity 2700cc (Turbo Charged) viz. Innova Crysta (BS-VI) or equivalent along with Driver for NHPC Colony, Bandipora for 2 years (PKG-523).",,,,https://www.nhpcindia.com/welcome/tender
2026-09-04,NEW,NHPC,"Insurance of the work “Supply, Erection, Testing and Commissioning of 420 KV GIS, 400 KV Outdoor Pothead Yard, 400 KV XLPE Cables and associated accessories for Teesta V Power station”",,,,https://www.nhpcindia.com/welcome/tender
2026-09-04,NEW,NHPC,Hiring of two nos multi utility vehicle (bolero camper or equivalent) for two years for Sewa-II Power Station,,,,https://www.nhpcindia.com/welcome/tender
2026-09-04,NEW,NHPC,Hiring of one no. of Bus for Sewa-II Power Station,,,,https://www.nhpcindia.com/welcome/tender
2026-09-04,NEW,NHPC,"Construction of internal (WBM) Road interconnecting to various building and upto main entry gate/exit gate at Chimiri colony, DMP, Arunachal Pradesh",,,,https://www.nhpcindia.com/welcome/tender
2026-09-04,NEW,NHPC,"Providing work assistance in collection, analysis &amp; recording of Hydro Metrological data and Dam Instrumentation data at Dam site of Teesta-V Power Station",,,,https://www.nhpcindia.com/welcome/tender
2026-09-04,NEW,NHPC,"Hiring of MUV/ SUV of engine capacity of 2200 cc (Turbo Charged) viz. M & M Scorpio BS-VI or equivalent along with Driver for General Pool Duty, KGPS, Bandipora (No.1) for 2 years (PKG-524).",,,,https://www.nhpcindia.com/welcome/tender
2026-09-04,NEW,NHPC,"Hiring of MUV/ SUV of engine capacity of 2200 cc (Turbo Charged) viz. M & M Scorpio BS-VI or equivalent along with Driver for General Pool Duty, KGPS, Bandipora (No.3) for 2 years (PKG-526).",,,,https://www.nhpcindia.com/welcome/tender
2026-09-04,NEW,NHPC,"Hiring of MUV/ SUV of engine capacity of 2200 cc (Turbo Charged) viz. M & M Scorpio BS-VI or equivalent along with Driver for General Pool Duty, KGPS, Bandipora (No.2) for 2 years (PKG-525).",,,,https://www.nhpcindia.com/welcome/tender
2026-09-04,NEW,NHPC,"Roof Treatment of Administrative Building at SLP, Gerukamukh",,,,https://www.nhpcindia.com/welcome/tender
2026-09-04,NEW,NHPC,"Construction of two rooms at Govt High School, Tappar, Distt - Chamba.",,,,https://www.nhpcindia.com/welcome/tender
2026-09-04,NEW,NHPC,Purchase of OFR Heaters for Field hostels of Parbati-III Power Station,,,,https://www.nhpcindia.com/welcome/tender
2026-09-04,NEW,NHPC,Toner Cartridges / Ink Cartridges / Consumables for Printers (Q2),,,,https://www.nhpcindia.com/welcome/tender
2026-09-04,NEW,NHPC,Toner Cartridges / Ink Cartridges / Consumables for Printers (Q2),,,,https://www.nhpcindia.com/welcome/tender
2026-09-04,NEW,NHPC,"PVC panelling, and other misc. tiles work of administrative building-II at Jyotipuram, Salal Power Station",,,,https://www.nhpcindia.com/welcome/tender
2026-09-04,NEW,NHPC,Providing services for Running and maintenance of Electrical installation and power supply network of Dam site &amp;amp; Samdong Colony of Teesta-V Power station for the period of 2-Years,,,,https://www.nhpcindia.com/welcome/tender
2026-09-04,NEW,NHPC,Construction of diesel generator set shed (for newly installed DG sets) and Diesel storage shed at Barrage of Uri Power Station,,,,https://www.nhpcindia.com/welcome/tender
2026-09-04,NEW,NHPC,Repairing and Painting of 06 Nos of Type-III Quarter and Barrack of Siang Lower Project at Pasighat Complex,,,,https://www.nhpcindia.com/welcome/tender
2026-09-04,NEW,NHPC,Repairing and Maintenance of Executive Field Hostel of Siang Lower H.E Project at Pasighat,,,,https://www.nhpcindia.com/welcome/tender
2026-09-04,NEW,NHPC,Repairing and Maintenance of Transit Camp of Siang Lower HE Project at Pasighat,,,,https://www.nhpcindia.com/welcome/tender
2026-09-04,NEW,NHPC,Purchase of Electrical Items,,,,https://www.nhpcindia.com/welcome/tender
2026-09-04,NEW,NHPC,Purchase of PVC Copper Cable Single Core and Multi Core Circular Sheathed Cord with Flexible Conductor (V2) as per IS 694 (Q2),,,,https://www.nhpcindia.com/welcome/tender
2026-09-04,NEW,NHPC,Purchase of LED Lamps,,,,https://www.nhpcindia.com/welcome/tender
2026-09-04,NEW,NHPC,"Fabrication, Supply and Erection of modified Spillway Radial gate Sill Beams, Supply &amp; erection of Steel liner grade IS 2062-E450A/BR #1 to 4 and repairing of Spillway Glacis with HPC of bay# 1 ,2&amp; 4 at Dam of Chamera-II Power Station(E-FILE: 120202)",,,,https://www.nhpcindia.com/welcome/tender
2026-09-04,NEW,NHPC,HM Works for Repair/ Restoration of Pressure Shafts of Parbati HE Project (Stage-II) (Package No. C-799),,,,https://www.nhpcindia.com/welcome/tender
2026-09-04,NEW,NHPC,"Supplying and installation of 1 KLD sewage treatment plant for Alchi Residential Colony of NBPS, Alchi.",,,,https://www.nhpcindia.com/welcome/tender
2026-09-04,NEW,NHPC,"Operation of Cafeteria, Canteen and snacks at various Locations of NHPC Headquarters Complex, Sector-33, Faridabad for 02 Years",,,,https://www.nhpcindia.com/welcome/tender
2026-09-04,NEW,NHPC,Implementation of Rooftop Solar Projects on Government Buildings of allocated Central Ministries in RESCO Mode on Tariff-Based Competitive Bidding under PM Surya Ghar Muft Bijli Yojana (PMSG-MBY),,,,https://www.nhpcindia.com/welcome/tender
2026-09-04,NEW,NHPC,"Repairing, Renovation and Painting work of Dam Complex Rangit Power station",,,,https://www.nhpcindia.com/welcome/tender
2026-09-04,NEW,NHPC,"Construction of 15 meter height elevated steel staging and installation of 20,000 ltr water storage capacity PVC Tank with GI Pipe &amp;amp;amp;amp;amp;amp;amp;amp; fitting at 3rd bench of office cum Residential complex, Sawalkote HE Project",,,,https://www.nhpcindia.com/welcome/tender
2026-09-04,NEW,NHPC,Reservoir Rim Treatment work near Zang village from RD ±1150M of Dam axis to RD ±1600M &amp; RD ±615M of Dam axis to RD ±625M upstream of Dam axis of Teesta-V Power Station.,,,,https://www.nhpcindia.com/welcome/tender
2026-09-04,NEW,NHPC,"Reservoir Rim Treatment Work at Dikchu, East Sikkim from RD ±2000M to RD ±2250M and RD ±2300M to RD ±2400M upstream of Teesta-V Power Station Dam Axis.",,,,https://www.nhpcindia.com/welcome/tender
2026-09-04,NEW,NHPC,Purchase of Double Acting Hydraulic Hand Pump with 02 nos Hydraulic Hose Make VANKOS MODEL HP-2 A/P + RDCV (04 Nos) For Radial Gates Installed at Dam Site of Parbati-III Power Station,,,,https://www.nhpcindia.com/welcome/tender
2026-09-04,NEW,NHPC,Repair of defective modules of Static Excitation System &amp;amp;#40;SEE&amp;amp;#41; of Nimoo Bazgo Power Station,,,,https://www.nhpcindia.com/welcome/tender
2026-09-04,NEW,NHPC,"Supply, Installation &amp; Commissioning of Portable gasoline engine driven hydraulic power pack for radial gates for Uri-II PS",,,,https://www.nhpcindia.com/welcome/tender
2026-09-04,NEW,NHPC,Purchase of 08 nos. Washing Machine 10-12 KG,,,,https://www.nhpcindia.com/welcome/tender
2026-09-04,NEW,NHPC,Purchase of 50 nos. Refrigerator 190-220 L.,,,,https://www.nhpcindia.com/welcome/tender
2026-09-04,NEW,NHPC,Hiring of One (01) no. Mahindra Scorpio N Model Z2 (Diesel) or higher and Two (02) nos. Mahindra Camper Model 4WD (Diesel) with Driver and with fuel (reimbursable) for two years,,,,https://www.nhpcindia.com/welcome/tender
2026-09-04,NEW,NHPC,"Pest Control Management & Termite Treatment for Subansiri Lower Project, Gerukamukh.",,,,https://www.nhpcindia.com/welcome/tender
2026-09-04,NEW,NHPC,"Selection of Roof Top Developer for Setting up Solar Roof Top Plants at Various Departments of Law, Justice & Parliamentary Affairs, Jal Shakti, Irrigation & Flood Control, Forest, Ecology & Environment and Home in State of J&K through JAKEDA in RESCO Mode on Tariff-Based Competitive Bidding",,,,https://www.nhpcindia.com/welcome/tender
2026-09-04,NEW,NHPC,Purchase of 3.5 KVA Inverter (V2) (Q2),,,,https://www.nhpcindia.com/welcome/tender
2026-09-04,NEW,NHPC,Procurement of Stationary Lead Acid Batteries (with Tubular Positive Plates) in Monobloc Containers as per IS 13369 (Q3),,,,https://www.nhpcindia.com/welcome/tender
2026-09-04,NEW,NHPC,Selection of Roof Top Developer for Setting up Grid Connected Solar Roof Top Plants at Various locations on government buildings in the state of Sikkim on RESCO Mode through Tariff-Based Competitive Bidding,,,,https://www.nhpcindia.com/welcome/tender
2026-09-04,NEW,NHPC,"Supply and installation of necessary equipment for updating the fire and safety system installed in Regional Office, Chandigarh",,,,https://www.nhpcindia.com/welcome/tender
2026-09-04,NEW,NHPC,"Shifting of pumps, motors, panels and construction of pump foundations for installation of New pump and change ofsuction lines, delivery lines,Gate valves and NRVs of existing pipeline andOther repair works at differentPumpingStations of Jyotipuram",,,,https://www.nhpcindia.com/welcome/tender
2026-09-04,NEW,NHPC,Painting and other miscellaneous Work of administrative building-I (Finance/CISF) of Salal Power Station Jyotipuram,,,,https://www.nhpcindia.com/welcome/tender
2026-09-04,NEW,NHPC,"Inspection, Load Testing and Non-destructive Testing of 70 R Single Span Class AA, double lane cantilever Bridge over Subansiri River for Subansiri Lower HE Project, NHPC Ltd",,,,https://www.nhpcindia.com/welcome/tender
2026-09-04,NEW,NHPC,Optical Mini Prism Targets.,,,,https://www.nhpcindia.com/welcome/tender
2026-09-04,NEW,NHPC,Construction of steel structure near MAT Portal for protection against shooting stones at Parbati-III Power Station,,,,https://www.nhpcindia.com/welcome/tender
2026-09-04,NEW,NHPC,"Up-keeping and maintenance of residential building/ mess at Residential Complex at Dawar, Gurez, Bandipora for 2 years (PKG-522).",,,,https://www.nhpcindia.com/welcome/tender
2026-09-04,NEW,NHPC,Repair and painting work of damaged Type-I (P) quarters along with misc. works of Rangit Power Station,,,,https://www.nhpcindia.com/welcome/tender
2026-09-04,NEW,NHPC,"Providing and fixing sign boards, retro reflective overhead signage boards and 3D Acrylic LED letter boards at parbati-III power station",,,,https://www.nhpcindia.com/welcome/tender
2026-09-04,NEW,NHPC,"Procurement of 02 nos. Basic Life Support Ambulances (Type-C) for Distt.Upper Subansiri, Arunachal Pradesh under CSR &SD;",,,,https://www.nhpcindia.com/welcome/tender
2026-09-04,NEW,NHPC,"Laying footpath of residential ground, painting and Tiling works of quarters for newly joined officers and Supervisors at backside of project workshop of Rangit Power Station.",,,,https://www.nhpcindia.com/welcome/tender
2026-09-04,NEW,NHPC,SITC and Integration of new system with current CCTV Surveillance System,,,,https://www.nhpcindia.com/welcome/tender
2026-09-04,NEW,NHPC,"Exploratory drifting work of LDR-1 extension of 82 m (52+15+15) m length (1.8 M X 2.1M) size at Left bank of Kamala River at Kamala HE Project, Tamen, Arunachal Pradesh",,,,https://www.nhpcindia.com/welcome/tender
2026-09-04,NEW,NHPC,"Supply and Installation of 02 nos. Floor Standing / Tower Type Hot & Cold 2T Air Conditioners with all accessories at CPS- 1, Khairi.",,,,https://www.nhpcindia.com/welcome/tender
2026-09-04,NEW,NHPC,"Protection work of road approaching Market, above Mandir road and Car Parking of residential area near Type-III Qrt of Rangit power station",,,,https://www.nhpcindia.com/welcome/tender
2026-09-04,NEW,NHPC,Restoration of damaged retaining/breast wall and drains at Dam area of Rangit Power Station,,,,https://www.nhpcindia.com/welcome/tender
2026-09-04,NEW,NHPC,"Procurement of Water Supply Fittings for Water Supply Maintenance of CPS-1, Khairi.",,,,https://www.nhpcindia.com/welcome/tender
2026-09-04,NEW,NHPC,"Foam Mattress (V2) (Q2) , Sheeting, Tickings and Bedsheets (V2) as per IS 175 (Q3)",,,,https://www.nhpcindia.com/welcome/tender
2026-09-04,NEW,NHPC,Rotational Moulded Polyethylene Water Storage Tanks as per IS 12701 (Q3),,,,https://www.nhpcindia.com/welcome/tender
2026-09-04,NEW,NHPC,Selection of BESS Developers for setting up of 125MW / 500MWh InSTS connected standalone BESS in the state of Kerala under TBCB with VGF support (NHPC-Tranche-I-BESS) (2024-25),,,,https://www.nhpcindia.com/welcome/tender
2026-09-04,NEW,NHPC,Repair & Painting; of Office Building at Dul Dam DPS- Kishtwar,,,,https://www.nhpcindia.com/welcome/tender
2026-09-04,NEW,NHPC,"Painting of Pothead Yard, CISF Building, Rest Room, STP, CISF Check Post, and Boundary Wall along the River at Powerhouse of Dulhasti Power Station, Kishtwar",,,,https://www.nhpcindia.com/welcome/tender
2026-09-04,NEW,NHPC,"Design, Manufacturing and replacement of HV and LV Windings of 48.33MVA, 11/400/√3 KV, single phase Generator transformer of Unit #2 R-Phase (S.No.217620-02) and repair as per scope of work”",,,,https://www.nhpcindia.com/welcome/tender
2026-09-04,NEW,NHPC,Purchase of Vacuum Breaking valve from BHEL,,,,https://www.nhpcindia.com/welcome/tender
2026-09-04,NEW,NHPC,Purchase of DUPLEX FILTER ASSEMBLY (Model No. DFDK W/HC 160 QLF 100 D1. x/ L220),,,,https://www.nhpcindia.com/welcome/tender
2026-09-04,NEW,NHPC,Purchase of EHV grade Transformer oil for Power Transformers,,,,https://www.nhpcindia.com/welcome/tender
2026-09-04,NEW,NHPC,Hiring of 01 No M&M Bolero Camper or equivalent for Teesta-V Power Station for a period of 24 Months,,,,https://www.nhpcindia.com/welcome/tender
2026-09-04,NEW,NHPC,"Servicing of Two (02) Nos. 150/20/10T EOT Crane installed at Power House and One (01) No. 75/10 Ton EOT Crane installed at Valve House of Kishanganga Power Station, Bandipora, J &amp; K (PKG-520).",,,,https://www.nhpcindia.com/welcome/tender
2026-09-04,NEW,NHPC,Hiring of 06 MUV/SUV up to 2200 CC (Mahindra Scorpio-N Model Z-2 (Diesel) or higher vehicle) with driver for the period of 02 years for Dibang Multipurpose Project,,,,https://www.nhpcindia.com/welcome/tender
2026-09-04,NEW,NHPC,Hiring of 06 MUV/SUV up to 1500 CC (Mahindra Bolero Model B4(Diesel) or higher vehicle) for the period of twenty-four (24) months for Dibang Multipurpose Project.,,,,https://www.nhpcindia.com/welcome/tender
2026-09-04,NEW,NHPC,"Construction of sewerage system & water supply arrangement for Portable container (Accommodation, Canteen and office) at New Apali (Pattar camp), DMP, Arunachal Pradesh.",,,,https://www.nhpcindia.com/welcome/tender
2026-09-04,NEW,NHPC,"Onsite upgradation Software of Biometric machines installed at Chamera Power Station-I, Khairi.",,,,https://www.nhpcindia.com/welcome/tender
2026-09-04,NEW,NHPC,Construction of Atal Tinkering Lab for DAV BSPS School at Surangani,,,,https://www.nhpcindia.com/welcome/tender
2026-09-04,NEW,NHPC,Modification work of officers club in Baira Siul Power Station Surangani,,,,https://www.nhpcindia.com/welcome/tender
2026-09-04,NEW,NHPC,"Providing Services for Running &amp; Maintenance of Housekeeping/Upkeeping works of Office Complex at Regional Office, Itanagar",,,,https://www.nhpcindia.com/welcome/tender
2026-09-04,NEW,NHPC,"Procurement of Hydrogen Fuel Cell Electric Buses (3 Nos.) and its Comprehensive Maintenance Services for 3 Years for Leh, UT of Ladakh (2Nos.) & Chamba, Himachal Pradesh (1 No.)",,,,https://www.nhpcindia.com/welcome/tender
2026-09-04,NEW,NHPC,Comprehensive Annual Maintenance Contract (CAMC) for 1 Year of 01 No. RIEGL VZ 2000i-Long Range Terrestrial Laser Scanner for Project Investigation Division of Corporate office.,,,,https://www.nhpcindia.com/welcome/tender
2026-09-04,NEW,NHPC,Replacement of pipeline along with header of submersible pumps installed at Draft tube plug end in Power House of CPS-1.,,,,https://www.nhpcindia.com/welcome/tender
2026-09-04,NEW,NHPC,"Purchase of Furniture for Guest House, Transit Camp, Field Hostel of Parbati-III Power Station",,,,https://www.nhpcindia.com/welcome/tender
2026-09-04,NEW,NHPC,Repair and Re-commissioning of 05 nos. STP including supply of consumables and spares and two year annual maintenance contract (AMC) of 05 nos. STP at different locations (Mashka and Sarthali) of Sewa-II Power Station (CW-668)”,,,,https://www.nhpcindia.com/welcome/tender
2026-09-04,NEW,NHPC,"Supply, Installation, Testing and Commissioning of Circulating Cooling Water Pumps (Horizontal Split Casing Centrifugal Pump) at Power House of Parbati H.E. Project (Stage-II) (Package No. C-797)",,,,https://www.nhpcindia.com/welcome/tender
2026-09-04,NEW,NHPC,"Supply, Testing and Demonstration of working of Skid Mounted Diesel Engine Driven Fire Fighting Pump of minimum Capacity of 2280 LPM for Power House of CPS-I.",,,,https://www.nhpcindia.com/welcome/tender
2026-09-04,NEW,NHPC,"Operation and maintenance of 350 KLD STP Plant &amp;amp;amp;amp;amp;amp; Compost Machine at NHPC Residential Colony, Sector-41, Faridabad",,,,https://www.nhpcindia.com/welcome/tender
2026-09-04,NEW,NHPC,Up-keeping & Maintenance of Hydro-mechanical Equipments of Uri-2 Power Station,,,,https://www.nhpcindia.com/welcome/tender
2026-09-04,NEW,NHPC,"Supply, installation, testing and commissioning of total 171 Nos. 20W Solar Street Lights with all accessories.",,,,https://www.nhpcindia.com/welcome/tender
2026-09-04,NEW,NHPC,"Restoration of 30KWP Rooftop Solar Power Plant of Admin office building of CPS-1, Khairi",,,,https://www.nhpcindia.com/welcome/tender
2026-09-04,NEW,NHPC,Repair and renovation of Passenger shed at Gingle,,,,https://www.nhpcindia.com/welcome/tender
2026-09-04,NEW,NHPC,"Renovation of School building of Government Secondary School, Bizari, Lower Dibang valley, Arunachal Pradesh.",,,,https://www.nhpcindia.com/welcome/tender
2026-09-04,NEW,NHPC,"Purchase of Survey Instruments (02 Nos. Electronic Total station along with its accessories) for Dibang Multipurpose Project (2880MW), Arunachal Pradesh",,,,https://www.nhpcindia.com/welcome/tender
2026-09-04,NEW,NHPC,Procurement of Repeater and walkie talkie Motorola make for project site of Dibang Multipurpose Project,,,,https://www.nhpcindia.com/welcome/tender
2026-09-04,NEW,NHPC,"Procurement of CCTV system for CSR, Parbati- III Power station",,,,https://www.nhpcindia.com/welcome/tender
2026-09-04,NEW,NHPC,"EPC Work of Construction of Package-2: Basic infrastructure of Roads and Street illumination of 600MW(Phase-l) Solar Power Park for the development of 1200 MW Solar Power Park under UMPPRE at Gram Samooh: Mai, Tehsil: Madhogarh, District: Jalaun, Uttar Pradesh",,,,https://www.nhpcindia.com/welcome/tender
2026-09-04,NEW,NHPC,"Repair and Renovation of Higher Secondary School, Saspol, Leh-under CSR Scheme funded by Nimoo Bazgo Power Station, NHPC Ltd",,,,https://www.nhpcindia.com/welcome/tender
2026-09-04,NEW,NHPC,River bank protection/ erosion control measures on the left bank of River Subansiri downstream of village Geriki 1 (RD 27 km - 28 km),,,,https://www.nhpcindia.com/welcome/tender
2026-09-04,NEW,NHPC,Construction of Classrooms and upgradation of Computer room at Govt. High School at Bazgo under CSR scheme 2024-25,,,,https://www.nhpcindia.com/welcome/tender
2026-09-04,NEW,NHPC,E.O.I. FOR EMPANELMENT OF ARBITRATOR (PANEL-A),,,,https://www.nhpcindia.com/welcome/tender
2026-09-04,NEW,NHPC,"Application of Surface Protective hard Coating on Stay Vanes, Stay Ring and Spiral Casing Surface for One Unit at Uri-II Power Station",,,,https://www.nhpcindia.com/welcome/tender
2026-09-04,NEW,NHPC,Repair and Renovation of Log Boom installed at Dam area of Uri-II Power Station,,,,https://www.nhpcindia.com/welcome/tender
2026-09-04,NEW,NHPC,"Re-babbitting of retrieved bearing pads of Turbine guide bearing, Lower guide bearing, Upper guide bearing and Thrust bearing of 3X170MW Teesta-V Power Station",,,,https://www.nhpcindia.com/welcome/tender
2026-09-04,NEW,NHPC,Providing Mastic asphalt over the Dam Bridge Top and part portion of left bank approach road of CPS-1 dam.,,,,https://www.nhpcindia.com/welcome/tender
2026-09-04,NEW,NHPC,"Supply, fabrication and installation of ventilation duct in Draft Tube Plug end tunnel of Power House of Chamera Power Station-1.",,,,https://www.nhpcindia.com/welcome/tender
2026-09-04,NEW,NHPC,"Running and Maintenance of Administrative Building at Teesta-V Power Station, Balutar , FY 2024-26",,,,https://www.nhpcindia.com/welcome/tender
2026-09-04,NEW,NHPC,"Supply, Transportation, Dismantling, Installation, Testing and Commissioning of Fire Fighting Pipelines of Baira Siul Power Station",,,,https://www.nhpcindia.com/welcome/tender
2026-09-04,NEW,NHPC,Purchase of Online UPS & Battery System,,,,https://www.nhpcindia.com/welcome/tender
2026-09-04,NEW,NHPC,Purchase of CCTV Camera System,,,,https://www.nhpcindia.com/welcome/tender
2026-09-04,NEW,NHPC,Hiring of 01 No M and M Bolero Camper or equivalent for Teesta-V Power Station for a period of 24 Months,,,,https://www.nhpcindia.com/welcome/tender
2026-09-04,NEW,NHPC,"Purchase of cartridges and toner for Canon, EPSON printer and Canon Plotter for 01 year.",,,,https://www.nhpcindia.com/welcome/tender
2026-09-04,NEW,NHPC,Development of Rooftop Solar Power Projects on Buildings of NHPC Limited in Zone-IV (North East Power Stations) under PM Surya Ghar: Muft Bijli Yojana,,,,https://www.nhpcindia.com/welcome/tender
2026-09-04,NEW,NHPC,"Purchase of 06 Nos SPHERICAL ROLLER BEARINGS 24134 W33C3 for Dam Site, Parbati-III Power Station",,,,https://www.nhpcindia.com/welcome/tender
2026-09-04,NEW,NHPC,"24-30 HP Submersible Dewatering Pump as per scope of supply &amp; Technical Specifications, for Salal PS",,,,https://www.nhpcindia.com/welcome/tender
2026-09-04,NEW,NHPC,"Providing and fixing ACP sheet in administrative building 2 at Salal Power Station, Jyotipuram",,,,https://www.nhpcindia.com/welcome/tender
2026-09-04,NEW,NHPC,Impact Assessment Study of CSR Activities in view of statutory requirements,,,,https://www.nhpcindia.com/welcome/tender
2026-09-04,NEW,NHPC,Repair work of painting in Residential buildings and guest house of Nimoo Bazgo Power Station Alchi Leh,,,,https://www.nhpcindia.com/welcome/tender
2026-09-04,NEW,NHPC,"Purchase of DC LVDT FOR GUIDE VANE FEEDBACK, 24V DC, and 151.5 MM STROKE LENGTH",,,,https://www.nhpcindia.com/welcome/tender
2026-09-04,NEW,NHPC,Routine Maintenance of 4X60 MW Hydro-Generating Equipments and Auxiliaries of Uri-II Power Station,,,,https://www.nhpcindia.com/welcome/tender
2026-09-04,NEW,NHPC,Cleaning and sweeping works of Uri-II Power House for 2025-26,,,,https://www.nhpcindia.com/welcome/tender
2026-09-04,NEW,NHPC,Supply of Spare Parts for Fire Detection and Alarm System Make Notifier and Inspection Rectification of Fire Fighting Water Sprinkler System installed at NBPS Alchi Leh,,,,https://www.nhpcindia.com/welcome/tender
2026-09-04,NEW,NHPC,Repair and Renovation of temporary shed of IRBn barrack at Rangit Power Station,,,,https://www.nhpcindia.com/welcome/tender
2026-09-04,NEW,NHPC,Purchase of Current transformer (CT) for Sewa-II Dam-HM (PR-69),,,,https://www.nhpcindia.com/welcome/tender
2026-09-04,NEW,NHPC,Purchase of fabricated guide shoe bracket of stop log gate for Sewa-II Dam-HM,,,,https://www.nhpcindia.com/welcome/tender
2026-09-04,NEW,NHPC,Repair Maintenance and other development works of BSPS DAV School Building at Surangani,,,,https://www.nhpcindia.com/welcome/tender
2026-09-04,NEW,NHPC,"Repair & Maintenance of KV Building at Chamera II Power Station, Karian, Chamba, (H.P.)",,,,https://www.nhpcindia.com/welcome/tender
2026-09-04,NEW,NHPC,"Patch repairing of existing damaged road surface of Manjeer to Badoh, Switchyard and Some Colony Road at BSPS, Surangani",,,,https://www.nhpcindia.com/welcome/tender
2026-09-04,NEW,NHPC,Electric Heat Tracing and Insulation of Domestic Water Supply Distribution System to maintain the temperature of water in flow condition in Leh Guest House of NHPC Ltd,,,,https://www.nhpcindia.com/welcome/tender
2026-09-04,NEW,NHPC,Appointment of Dividend Banker for distribution of Interim Dividend for the Financial Year 2024-25,,,,https://www.nhpcindia.com/welcome/tender
2026-09-04,NEW,NHPC,"Construction of Cremation at Kundlu, Post-Diyola, The-Churah, Distt-Chamba(H.P)",,,,https://www.nhpcindia.com/welcome/tender
2026-09-04,NEW,NHPC,Procurement of Various types of Steel Wire Rope Slings for under-sluice gates installed at dam of CPS-I.,,,,https://www.nhpcindia.com/welcome/tender
2026-09-04,NEW,NHPC,Selection of Hybrid Power Developers For Supply of 1200MW (1.2 GW) ISTS (Inter State Transmission System) Connected Wind-Solar Hybrid Power Projects,,,,https://www.nhpcindia.com/welcome/tender
2026-09-04,NEW,NHPC,"Levelling/ development of Sports Ground in Village Panted (Thana Plassi Panchayat), Kathua. (CSR-664)”",,,,https://www.nhpcindia.com/welcome/tender
2026-09-04,NEW,NHPC,"Repair and Painting of car parking shed in parking area near office building at Vidyut Nagar Colony, Regional Office-Siliguri",,,,https://www.nhpcindia.com/welcome/tender
2026-09-04,NEW,NHPC,"Procurement of Hand Dryer NHPC Limited, Faridabad",,,,https://www.nhpcindia.com/welcome/tender
2026-09-04,NEW,NHPC,Diving assistance work for cleaning of Intake Trash rack after manual removal of floating waste/Silt/RBM from the Intake forebay trash rack of Uri-II Power Station,,,,https://www.nhpcindia.com/welcome/tender
2026-09-04,NEW,NHPC,"Restoration of De-Icing System of Spillway Radial Gates 1 and 2 and Trash Rack by way of Repairing and Servicing at Dam of Nimoo Bazgo Power Station, NHPC Limited, Alchi ,Ladakh.",,,,https://www.nhpcindia.com/welcome/tender
2026-09-04,NEW,NHPC,Watch and ward of various instruments and components of TRT outlet area of Salal Power Station for a period of two years,,,,https://www.nhpcindia.com/welcome/tender
2026-09-04,NEW,NHPC,"Supply of 400 KV 1Core 2500 Sqmm XLPE cable Supply Outdoor Termination kit, Supply of 1 No. 400kV GIS Termination kit suitable for 1C 2500 sqmm Cable, Dismantling and removal of old cable and installation of new cable.",,,,https://www.nhpcindia.com/welcome/tender
2026-09-04,NEW,NHPC,Scientific Cleaning of water storage tanks related to water supply at Salal Power Station,,,,https://www.nhpcindia.com/welcome/tender
2026-09-04,NEW,NHPC,"Supply, Installation, Testing and Commissioning of Addressable Fire alarm Control Panel with smoke and heat detector at Admin Building#1&amp;amp;amp;amp;2, Zorawar Hospital &amp;amp;amp;amp; Telephone Exchange Room of Salal Power Station",,,,https://www.nhpcindia.com/welcome/tender
2026-09-04,NEW,NHPC,Providing protection work near Dachi Bridge of Uri-II Power Station,,,,https://www.nhpcindia.com/welcome/tender
2026-09-04,NEW,NHPC,"Vibration analysis and dynamic balancing of all three hydro-generating units of Kishanganga Power Station, Bandipora, J&amp;K (PKG-519).",,,,https://www.nhpcindia.com/welcome/tender
2026-09-04,NEW,NHPC,Capacitance and Tan Delta testing kit,,,,https://www.nhpcindia.com/welcome/tender
2026-09-04,NEW,NHPC,17 Desktop Computres with MS-OFFICE,,,,https://www.nhpcindia.com/welcome/tender
2026-09-04,NEW,NHPC,"Procurement, Manufacturing, Supply, Erection, Testing and Commissioning of new expansion joint at AB-10 anchor block etc. complete in all respect at Sewa-II Power Station, Mashka, DIstt.-Kathua(J&amp;amp;K) (MW-665)",,,,https://www.nhpcindia.com/welcome/tender
2026-09-04,NEW,NHPC,"Supply, Installation, Testing and Commissioning of Automatic Water Level Recorder System AWLR, Non-Contact Radar or RF type, Velocity Sensor and AWS for Early Warning system EWS in the upstream of Dam site of Teesta-V Power Station, Sikkim",,,,https://www.nhpcindia.com/welcome/tender
2026-09-04,NEW,NHPC,"Painting the face of the dam in the downstream direction of Parbati-H.E. Project (Stage-II), (Package No-C-796)",,,,https://www.nhpcindia.com/welcome/tender
2026-09-04,NEW,NHPC,"Painting and repair work of New Executive Field Hostel at Jyotipuram, Salal Power Station",,,,https://www.nhpcindia.com/welcome/tender
2026-09-04,NEW,NHPC,Procurement of AC for Salal Power Station,,,,https://www.nhpcindia.com/welcome/tender
2026-09-04,NEW,NHPC,ISAT Phone Docking Unit Along with Magnetic Base Outdoor / Vehicular Antenna (Q2),,,,https://www.nhpcindia.com/welcome/tender
2026-09-04,NEW,NHPC,"Re-certification of ISO 9001:2015, ISO 14001:2015 & ISO 45001:2018 (Latest Edition) for 03 Years, Regional Office, NHPC Limited, Banikhet.",,,,https://www.nhpcindia.com/welcome/tender
2026-09-04,NEW,NHPC,"Refurbishment/repair/replacement of components of Spillway Radial Gates (1, 2 3) for its max opening as per design (Up to 12m) including fabrication, installation, painting, testing and commissioning",,,,https://www.nhpcindia.com/welcome/tender
2026-09-04,NEW,NHPC,Purchase of Spares for 2 Nos. SF6 Gas Handling Service carts of DILO Make and Servicing thereof,,,,https://www.nhpcindia.com/welcome/tender
2026-09-04,NEW,NHPC,"Design, Manufacture, Supply, Erection, Testing & Commissioning and handing over of Archimedes screw turbines along with associated equipments in Sewa-II Power station",,,,https://www.nhpcindia.com/welcome/tender
2026-09-04,NEW,NHPC,Purchase of spare control cards for battery chargers installed at Parbati-III Power station,,,,https://www.nhpcindia.com/welcome/tender
2026-09-04,NEW,NHPC,"Cleaning of jungle (bushes), removal of deposited soil and providing re-Connection of water supply pipe line from main storage water tank to Field Hostel, Type-C and administrative building at Pamphok, Teesta-VI H E Project, Sikkim",,,,https://www.nhpcindia.com/welcome/tender
2026-09-04,NEW,NHPC,"Package-1, Works of Boundary survey &amp;amp;amp;amp; marking, Gates chain link fencing of PSS with compound walls and gates all around the periphery of the 600MW (phase-I) Solar power park at Gram Samooh Mai",,,,https://www.nhpcindia.com/welcome/tender
2026-09-04,NEW,NHPC,"Reservoir Rim Treatment work at Left Bank area from RD ±3000M of Dam axis to RD ±3200M upstream of Dam axis below Naya Bazar/Food Godown at Dikchu, North Sikkim",,,,https://www.nhpcindia.com/welcome/tender
2026-09-04,NEW,NHPC,"Providing and laying premix carpeting on internal road of Banikhet colony from Transport Yard to ED office and upto Field Hostel ( D-6 qtr) including repair of pot holes from NHPC chowk to transport yard at Banikhet, Tehsil - Dalhousie, Distt - Chamba (HP)",,,,https://www.nhpcindia.com/welcome/tender
2026-09-04,NEW,NHPC,Purchase of Radiator &amp; it's items For 500 KVA DG Set installed at Admn Building,,,,https://www.nhpcindia.com/welcome/tender
2026-09-04,NEW,NHPC,"Providing and fixing Split Bamboo fencing around main office complex of Dibang Multipurpose Project, NHPC Ltd, Roing, Lower Dibang Valley, Arunachal Pradesh",,,,https://www.nhpcindia.com/welcome/tender
2026-09-04,NEW,NHPC,"Supply and Installation of balance instrumentation work in DAM of Kishanganga Power Station, Bandipora, J&amp;K (PKG-518).",,,,https://www.nhpcindia.com/welcome/tender
2026-09-04,NEW,NHPC,"Construction of cross-drainage work along with Hume Pipe culvert near RD-152m (Rd-0 end of PH road) in Left Bank play ground area side of Teesta-V Power Station, Balutar",,,,https://www.nhpcindia.com/welcome/tender
2026-09-04,NEW,NHPC,Purchase of Horizontal Heat Detector,,,,https://www.nhpcindia.com/welcome/tender
2026-09-04,NEW,NHPC,"Repair / Re-insulation of overhang portion of 40 Nos. Stator bars and 13 Nos. Jumpers of 110MW Hydro Generator installed at Kishanganga Power Station, Bandipora, J&amp;K (PKG-510).",,,,https://www.nhpcindia.com/welcome/tender
2026-09-04,NEW,NHPC,"Construction of internal road along with footpaths side drains / khul etc. at NHPC Colony, Kralpora, Bandipora (PKG-507).",,,,https://www.nhpcindia.com/welcome/tender
2026-09-04,NEW,NHPC,"Construction of Steel Truss fabrication at Govt. Sr. Secondary School, Makha on top of the academic building for organizing various programme and other activities during rainy season and scorching heat of summer, East Sikkim",,,,https://www.nhpcindia.com/welcome/tender
2026-09-04,NEW,NHPC,Purchase of Milliamp Process Clamp Meter for Power House,,,,https://www.nhpcindia.com/welcome/tender
2026-09-04,NEW,NHPC,Replacement of old centralized ductable AC system of Regional Office Chandigarh with new VRV/VRF air conditioner system &amp;amp;#40;Hot and Cold&amp;amp;#41;,,,,https://www.nhpcindia.com/welcome/tender
2026-09-04,NEW,NHPC,Servicing/Overhauling of EOT Cranes as per scope of work installed at Power House and Dam/Surge Shaft of Uri-2 Power Station,,,,https://www.nhpcindia.com/welcome/tender
2026-09-04,NEW,NHPC,"Providing Rain shelter at Dhaar crossing on NHPC road in the Gram Panchayat Nagali, Development Block Bhattiyat, Tehsil Dalhousie, Distt. Chamba under CSR activities, CPS-1.",,,,https://www.nhpcindia.com/welcome/tender
2026-09-04,NEW,NHPC,"Providing services of DG sets with operating staff and without POL at Dawar and Dam site, Gurez of Kishanganga Power Station for 24 months (PKG-512)",,,,https://www.nhpcindia.com/welcome/tender
2026-09-04,NEW,NHPC,"Hiring of 3MT capacity Mini Truck (BS-VI) or equivalent along with Driver for Dam Site, KGPS, Gurez, Bandipora for 2 years (PKG-516).",,,,https://www.nhpcindia.com/welcome/tender
2026-09-04,NEW,NHPC,"Providing Services for Operation, &amp; Monitoring of Generating Units of Power House, GIS and Associated Systems for the period of two (2) years",,,,https://www.nhpcindia.com/welcome/tender
2026-09-04,NEW,NHPC,"Hiring of 10 KL capacity Water Tanker along with Driver for Dam Site, Gurez, Bandipora for 2 years (PKG-517).",,,,https://www.nhpcindia.com/welcome/tender
2026-09-04,NEW,NHPC,"Insurance Cover for 50MW Solar Power Project at Theni/ Dindigul District, Tamilnadu for one year (from 07.02.2025 to 06.02.2026)",,,,https://www.nhpcindia.com/welcome/tender
2026-09-04,NEW,NHPC,Mega Risk Policy including Terrorism &amp;amp; Third Party Liability Policy for NHPC Power Stations (For one year w.e.f 01.04.2025 to 31.03.2026),,,,https://www.nhpcindia.com/welcome/tender
2026-09-04,NEW,NHPC,External Safety Audit of Kishanganga Power Station for the FY 2024-25.,,,,https://www.nhpcindia.com/welcome/tender
2026-09-04,NEW,NHPC,Up-keeping and maintenance of Executive field hostel at Nowpora Complex of Uri-II Power Station,,,,https://www.nhpcindia.com/welcome/tender
2026-09-04,NEW,NHPC,Running &amp; Maintenance of Workshop/Transport and Store at Uri-II Power Station” for the period of 01 year,,,,https://www.nhpcindia.com/welcome/tender
2026-09-04,NEW,NHPC,"Supply, Erection, testing and commissioning of Centralized Greasing and lubricating System for all six turbines of Salal Power Station",,,,https://www.nhpcindia.com/welcome/tender
2026-09-04,NEW,NHPC,"Repair and restoration of road by Premix carpet, Cement Concrete interlocking paver block, and wire create gabion and concrete work in different location at Mashka - Siara (Pepri) road of Sewa- II Power Station Mashka (J&K) (CW-661)",,,,https://www.nhpcindia.com/welcome/tender
2026-09-04,NEW,NHPC,"Lot-3: Main Dam including Coffer Dam of Dibang Multipurpose Project”, Arunachal Pradesh, India",,,,https://www.nhpcindia.com/welcome/tender
2026-09-04,NEW,NHPC,Re-tubing and Repairing of Thrust bearing oil Cooler of Chamera-1 Power Station,,,,https://www.nhpcindia.com/welcome/tender
2026-09-04,NEW,NHPC,"Providing and Fixing Single Sided Thrie W Metal Beam Crash Barrier at different locations on L/S Road of Baira Dam Reservoir, Baira Siul Power Station",,,,https://www.nhpcindia.com/welcome/tender
2026-09-04,NEW,NHPC,Repair of servomotor of MIV/BFV/nozzle and bypass valve of butterfly valve installed at Valve House of Parbati H.E. Project (Stage-II) (Package No. C-787),,,,https://www.nhpcindia.com/welcome/tender
2026-09-04,NEW,NHPC,"Providing and fixing SS 304 gates at Ganga Sadan and NHPC Bhawan entrance, NHPC Residential Complex, Sec-41, Faridabad",,,,https://www.nhpcindia.com/welcome/tender
2026-09-04,NEW,NHPC,"Supply, Transportation, Erection and Commissioning of 03 Nos. of gates along with electricity operated 35T capacity Rope Drum Hoist.",,,,https://www.nhpcindia.com/welcome/tender
2026-09-04,NEW,NHPC,"Running and Maintenance of Water Supply System at Left bank and Right bank colony, Balutar (FY 2025-27)",,,,https://www.nhpcindia.com/welcome/tender
2026-09-04,NEW,NHPC,"Restoration work of existing road from Sheelagarh Bailey Bridge to Hurla Nallah of Parbati-H.E. Project (Stage-II), (Package No-C-793)",,,,https://www.nhpcindia.com/welcome/tender
2026-09-04,NEW,NHPC,Providing protection work near Dachi Bridge of Uri-II Power Station,,,,https://www.nhpcindia.com/welcome/tender
2026-09-04,NEW,NHPC,"Digitalization of HR policy, IR wages office file and Records of NHPC Ltd. Office Complex, Sector-33, Faridabad",,,,https://www.nhpcindia.com/welcome/tender
2026-09-04,NEW,NHPC,"Supplying, Erection, Testing and Commissioning of Electrical and Mechanical works and construction of Civil works for 90 KLD sewage treatment plant (STP) for NHPC Teesta V Right Bank Colony, Balutar",,,,https://www.nhpcindia.com/welcome/tender
2026-09-04,NEW,NHPC,Construction work of check dam on left bank nallah at upstream of Uri-II Dam,,,,https://www.nhpcindia.com/welcome/tender
2026-09-04,NEW,NHPC,Supply and erection of “W” beam metal crash barrier on Bagdhar-Khairi road between RD 0/470 to 15/300 km at CPS-1.,,,,https://www.nhpcindia.com/welcome/tender
2026-09-04,NEW,NHPC,"Service, repair and maintenance contract of Package/Ductable ACs installed at Power House &amp;amp;amp;amp;amp; Colony of Chamera-I Power Station",,,,https://www.nhpcindia.com/welcome/tender
2026-09-04,NEW,NHPC,Purchase of Stator Coils (TOSHIBA make) for 189 MVA Hydro Generator of Teesta-V Power Station .,,,,https://www.nhpcindia.com/welcome/tender
2026-09-04,NEW,NHPC,"Replacement of Rotating Labyrinths, any repairs required there off and HP-HVOF Coating of Francis Runner of 60 MW Hydro-Generator of Uri-II Power station for FY 2024-25.",,,,https://www.nhpcindia.com/welcome/tender
2026-09-04,NEW,NHPC,"Hiring of 3MT capacity Mini Truck (BS-VI) or equivalent along with Driver for NHPC Colony, Bandipora for 2 years (PKG-515).",,,,https://www.nhpcindia.com/welcome/tender
2026-09-04,NEW,NHPC,"Hiring of 10MT capacity Truck (BS-VI) or equivalent along with Driver for NHPC Colony, Bandipora for 2 years (PKG-514).",,,,https://www.nhpcindia.com/welcome/tender
2026-09-04,NEW,NHPC,Hiring of 01 No inspection Vehicle M&amp;M Bolero B6 or equivalent for Teesta-V Power Station for a period of 24 Months,,,,https://www.nhpcindia.com/welcome/tender
2026-09-04,NEW,NHPC,"Hiring of 18-21 Seater Tempo Traveller or equivalent along with Driver for NHPC Colony, Bandipora for 2 years (PKG-513).",,,,https://www.nhpcindia.com/welcome/tender
2026-09-04,NEW,NHPC,"Pre-Commissioning/ Commissioning/ Post-Commissioning activities of Unit #1, 2, 3 &amp; Unit#4 and its Accessories of Power House of Parbati H.E. Project, Stage-II (4 X 200 MW; Pelton Turbines) (Package No. C-791).",,,,https://www.nhpcindia.com/welcome/tender
2026-09-04,NEW,NHPC,"Supply, Installation, Testing and Commissioning of Fire Detection and alarm System&#40;FDAS&#41; at Administrative Building, Baira Siul Power Station",,,,https://www.nhpcindia.com/welcome/tender
2026-09-04,NEW,NHPC,Monthly Basis Cab &amp; Taxi Hiring Services - SUV; 2000 km x 320 hours; Local 24*7,,,,https://www.nhpcindia.com/welcome/tender
2026-09-04,NEW,NHPC,"Repair of Diversion Tunnel(DT) by Concreting, Supplying & Erection of Steel Liner(Plate) at Baira Dam BSPS",,,,https://www.nhpcindia.com/welcome/tender
2026-09-04,NEW,NHPC,Renovation and addition / alteration for Sub Station of Uri-II P.S. Located at Salamabad,,,,https://www.nhpcindia.com/welcome/tender
2026-09-04,NEW,NHPC,Comprehensive Package Policy- CPM Equipment of Power Stations of NHPC for the period from 01.04.2025 to 31.03.2026,,,,https://www.nhpcindia.com/welcome/tender
2026-09-04,NEW,NHPC,"Providing fencing work for Surge Shaft area, Kishanganga Power Station, Bandipora, J&amp;K, (PKG-511).",,,,https://www.nhpcindia.com/welcome/tender
2026-09-04,NEW,NHPC,"Painting and miscellaneous repair work of PA 1-42, PB 1-18 & PB 109-116 quarters (including converted PA-Field Hostel) at Regional office, Banikhet (HP)",,,,https://www.nhpcindia.com/welcome/tender
2026-09-04,NEW,NHPC,"Execution of street lighting of main road in colony of Kishanganga Power Station, Bandipora, J&amp;K (PKG-508).",,,,https://www.nhpcindia.com/welcome/tender
2026-09-04,NEW,NHPC,Plastering and painting of boundary wall of power house complex and stone pitching on hill side beside approach road to Power house of Sewa-II PS (CW-662),,,,https://www.nhpcindia.com/welcome/tender
2026-09-04,NEW,NHPC,Procurement of Spare Server and PNI800 (Plant Network Interface Module) for SCADA system manufactured and installed by M/s ABB in Generating Unit of Salal Power Station.,,,,https://www.nhpcindia.com/welcome/tender
2026-09-04,NEW,NHPC,Foundation work for prefabricated G+1 staff accommodation building,,,,https://www.nhpcindia.com/welcome/tender
2026-09-04,NEW,NHPC,"Protection of Bridge Abutment at 500RD Jiwa Nallah Road of Parbati-H.E. Project (Stage-II), (Package No-C-789)",,,,https://www.nhpcindia.com/welcome/tender
2026-09-04,NEW,NHPC,Hiring of 01 No inspection Vehicle M&M Bolero B6 or equivalent for IRBn of Teesta-v power station for a period of 24 Months,,,,https://www.nhpcindia.com/welcome/tender
2026-09-04,NEW,NHPC,Hiring of 01 No inspection Vehicle M&M Scorpio or equivalent for Teesta-v power station for a period of 24 Months,,,,https://www.nhpcindia.com/welcome/tender
2026-09-04,NEW,NHPC,Purchase of Earth Tester and Leakage Current Clamp Meter for Power House,,,,https://www.nhpcindia.com/welcome/tender
2026-09-04,NEW,NHPC,Purchase of Calibration bath for calibration of DTT and RTD,,,,https://www.nhpcindia.com/welcome/tender
2026-09-04,NEW,NHPC,"Construction of approach road from village Baggi to Government Secondary School Baggi in Gram Panchayat Kangad and upgradation of playground GMS Baggi, Development Block Salooni, Distt. Chamba under CSR.",,,,https://www.nhpcindia.com/welcome/tender
2026-09-04,NEW,NHPC,"Construction of Drain along playground of Government Middle School Baggi in village Baggi in Gram Panchayat Kanged, Development Block Salooni, Distt Chamba under CSR",,,,https://www.nhpcindia.com/welcome/tender
2026-09-04,NEW,NHPC,"Repairing of toilets and other miscellaneous work of residential buildings-C,D &amp; E type blocks at Township Complex, Nagwain of Parbati-H.E. Project (Stage-II), (Package No-C-788)",,,,https://www.nhpcindia.com/welcome/tender
2026-09-04,NEW,NHPC,"RRT Work for Package-5 (VZ 15) of Rangit-IV HE Project, Sikkip.",,,,https://www.nhpcindia.com/welcome/tender
2026-09-04,NEW,NHPC,River training/protection works at riverbank (Right Bank of Rangit River) of Reshi Bazar.,,,,https://www.nhpcindia.com/welcome/tender
2026-09-04,NEW,NHPC,Deputation of Service Engineer for replace damaged pole of SF6 Circuit Breaker of 145 kV Bus coupler Circuit Breakers of SIEMENS make,,,,https://www.nhpcindia.com/welcome/tender
2026-09-04,NEW,NHPC,"Re-construction of 11 by 0.415 KV Electrical Sub-station along with HT line, HT and LT Panels, and other associated works, at Dikchu Dam site of Teesta-V Power Station NHPC Ltd, damaged due to land slide",,,,https://www.nhpcindia.com/welcome/tender
2026-09-04,NEW,NHPC,"Renovation of office space at 2nd Floor (Left wing) of Administrative Building of Teesta V Power Station, Balutar, Sikkim.",,,,https://www.nhpcindia.com/welcome/tender
2026-09-04,NEW,NHPC,"Construction of Retaining wall in U/S and D/S of Permanent Steel Bridge (70R) at Right Bank of River Teesta in Teesta-VI H E Project, Pamphok, Sikkim",,,,https://www.nhpcindia.com/welcome/tender
2026-09-04,NEW,NHPC,"Re-babbitting of retrieved bearing pads of Turbine guide bearing, Lower guide bearing, Upper guide bearing & Thrust bearing of 3X170MW Teesta-V Power Station",,,,https://www.nhpcindia.com/welcome/tender
2026-09-04,NEW,NHPC,"Drilling of 01 No Bore well, installation of casing pipe &amp; submersible pumps along with connecting to water pipe line at Left bank for Power House , Teesta-V Power Station",,,,https://www.nhpcindia.com/welcome/tender
2026-09-04,NEW,NHPC,"Internal Repair & painting works of 4 Nos Type-III quarters, 6 Nos Type –II old quarters, 5 Nos Type –II New quarters and Type-III/2C quarter at Vidyut Nagar colony, Regional Office-Siliguri",,,,https://www.nhpcindia.com/welcome/tender
2026-09-04,NEW,NHPC,Providing assistance for IT &amp; Communication related works at Power House and Dam site of Teesta-V Power Station,,,,https://www.nhpcindia.com/welcome/tender
2026-09-04,NEW,NHPC,"Drilling of 03 Nos. Bore wells, installation of casing pipe &amp; submersible pumps along with connecting to water pipe line at Balutar colony , Teesta-V Power Station",,,,https://www.nhpcindia.com/welcome/tender
2026-09-04,NEW,NHPC,"Construction of toilet block at camp office in official residence of Minister of State of Power, Ministry of Power at 1 - Lodhi Estate, New Delhi",,,,https://www.nhpcindia.com/welcome/tender
2026-09-04,NEW,NHPC,"Restoration of damaged Crate Wall in between Rd- ±0/495km to ±0/501km at Sherpur Road near Dam site, Chamera Power Station-1.",,,,https://www.nhpcindia.com/welcome/tender
2026-09-04,NEW,NHPC,"Running and Maintenance of office cum transit camp, canteen, up-keeping of Dam structures and access roads at Dam complex of Teesta-V Power Station",,,,https://www.nhpcindia.com/welcome/tender
2026-09-04,NEW,NHPC,"Purchase of 3 Nos. Submersible Pump, 48 KW for drainage sump-6/Transformer cavern drainage sump of Power House of Parbati-III Power Station",,,,https://www.nhpcindia.com/welcome/tender
2026-09-04,NEW,NHPC,"Undertaking In-situ &amp;amp;amp; Lab Soil Testing for West Seti H.E. Project, Sudur Paschim Province, Nepal",,,,https://www.nhpcindia.com/welcome/tender
2026-09-04,NEW,NHPC,"Annual Maintenance and repair work for residential buildings of NHPC Colony, Jyotipuram",,,,https://www.nhpcindia.com/welcome/tender
2026-09-04,NEW,NHPC,Painting and renovation of 15 Nos of quarters in C1 type Bachelor Accommodation of DSB Colony at Dulhasti Power Station,,,,https://www.nhpcindia.com/welcome/tender
2026-09-04,NEW,NHPC,"Construction of toilet at Lord Buddha Park in Tibetan Refugee Handicraft Centre, Middle Bakrota, Dalhousie, Distt-Chamba",,,,https://www.nhpcindia.com/welcome/tender
2026-09-04,NEW,NHPC,"Providing services for Running & Maintenance of Subansiri Upper Project office building at Sippi village, Arunachal Pradesh",,,,https://www.nhpcindia.com/welcome/tender
2026-09-04,NEW,NHPC,General Up Keeping of Water Supply System Rangit Power Station for Year 2024-25,,,,https://www.nhpcindia.com/welcome/tender
2026-09-04,NEW,NHPC,"Repair and maintenance of misc. civil related works for NHPC Office Complex, Sector-33, Faridabad and NHPC Residential Colony, Sector-41, Faridabad",,,,https://www.nhpcindia.com/welcome/tender
2026-09-04,NEW,NHPC,Hiring of Consultancy Services of a Practicing Company Secretary for the services related to Incorporation of Joint Venture Company between NHPC and APGENCO,,,,https://www.nhpcindia.com/welcome/tender
2026-09-04,NEW,NHPC,Repair of two numbers of retrieved Servomotors of MIV of Teesta-V Power Station,,,,https://www.nhpcindia.com/welcome/tender
2026-09-04,NEW,NHPC,"Providing pest control service in the office building of Regional Office, Chandigarh.",,,,https://www.nhpcindia.com/welcome/tender
2026-09-04,NEW,NHPC,"Restoration of damaged boundary wall near Nursery School &amp;amp;amp; Villa A1-81 and Chain Link Fencing at KV School, DSB and Semna Colony at DPS, Kishtwar",,,,https://www.nhpcindia.com/welcome/tender
2026-09-04,NEW,NHPC,Painting of side walls stilling basin including piers of dam at Rangit Power station,,,,https://www.nhpcindia.com/welcome/tender
2026-09-04,NEW,NHPC,"Third Party Protection Audit for 16 nos. of Power Stations at NHPC as per Scope of Work including Travel, Lodging & Boarding Charges",,,,https://www.nhpcindia.com/welcome/tender
2026-09-04,NEW,NHPC,"Renovation of Villa A3-78, DSB Colony at DPS Kishtwar",,,,https://www.nhpcindia.com/welcome/tender
2026-09-04,NEW,NHPC,"“Repair of Dam Spillway Bucket No’s 4 using High Performance Concrete and Repair of side walls of Dam Spillway No’s 3 &amp;amp;amp;amp;amp; 4 using Epoxy Mortar at Dul Dam, DPS, Kishtwa",,,,https://www.nhpcindia.com/welcome/tender
2026-09-04,NEW,NHPC,"Repairing of damaged fencing of Auditorium at Left Bank of Teesta-V Power Station, Balutar",,,,https://www.nhpcindia.com/welcome/tender
2026-09-04,NEW,NHPC,"RFP for Protective Ceramic coating on Spiral Casing, Stay Vanes and Turbine Top Cover of Generating Units of Teesta-V Power Station",,,,https://www.nhpcindia.com/welcome/tender
2026-09-04,NEW,NHPC,"Modernization of Plumb-Line System by Supply and Installation of Automatic Plumb line System at EL 1212m and 1220m (XY Coordinator readout Charge Coupled Device and automatic data transmission to Dam Control Room) at Dul Dam, Dulhasti Power Station, Kishtwar",,,,https://www.nhpcindia.com/welcome/tender
2026-09-04,NEW,NHPC,"Repairing of Retaining Walls at various locations from Zero Point to Lal Tanki (water tank) at Teesta-V Power Station, Balutar",,,,https://www.nhpcindia.com/welcome/tender
2026-09-04,NEW,NHPC,Comprehensive Annual Maintenance Contract for Matrix make EPABX Communication Servers installed at Teesta-V Power Station,,,,https://www.nhpcindia.com/welcome/tender
2026-09-04,NEW,NHPC,"Providing epoxy flooring on turbine floor, Service bay &amp;amp; entrance area of power house, parbati-III power station",,,,https://www.nhpcindia.com/welcome/tender
2026-09-04,NEW,NHPC,"External Safety Audit for the year 2024-25 in Teesta-V Power Station, NHPC Ltd.",,,,https://www.nhpcindia.com/welcome/tender
2026-09-04,NEW,NHPC,Treatment of minor erosion on Left bank of dam just downstream of stilling basin by way of M25A40 at Sewa-II Power Station (CW-647),,,,https://www.nhpcindia.com/welcome/tender
2026-09-04,NEW,NHPC,Purchase of Miscellaneous General Consumables for Sewa-II Power Station,,,,https://www.nhpcindia.com/welcome/tender
2026-09-04,NEW,NHPC,Purchase of various types of Hydromechanical gate rubber seals,,,,https://www.nhpcindia.com/welcome/tender
2026-09-04,NEW,NHPC,Extension of SCADA/ARMAC system to Dam Colony for remote operation of spillway gates of Sewa-II Dam,,,,https://www.nhpcindia.com/welcome/tender
2026-09-04,NEW,NHPC,"Construction of OPD Complex in Sub-District Hospital, Bani, Kathua J&amp;amp;K under CSR-SD (CSR-660)",,,,https://www.nhpcindia.com/welcome/tender
2026-09-04,NEW,NHPC,Protection and stabilization work along the road in Dam Area from Rd 5253 to Rd 5315 &amp;amp;amp;amp;amp;amp;amp;amp; repair of RCC retaining outlet channel wall of SFT at Dul Dam DPS- Kishtwar,,,,https://www.nhpcindia.com/welcome/tender
2026-09-04,NEW,NHPC,Protection work on left bank of Sewa river in front of Power House of CPS-1.,,,,https://www.nhpcindia.com/welcome/tender
2026-09-04,NEW,NHPC,Repairing of CISF Barrack at Dam site of Chamera-1 Power Station,,,,https://www.nhpcindia.com/welcome/tender
2026-09-04,NEW,NHPC,Engagement of consultant for Review & Testing of the operating efficiency of existing Internal Financial Control system of NHPC Ltd for the FY 2024-2025,,,,https://www.nhpcindia.com/welcome/tender
2026-09-04,NEW,NHPC,"Treatment of Joint and waterproofing crystalline coating to check the seepage water in Dam Gallery surface of Pulga Dam, Barshaini of Parbati-H.E. Project (Stage-II) (Package No-C-781)",,,,https://www.nhpcindia.com/welcome/tender
2026-09-04,NEW,NHPC,"Construction of Two Morchas for CISF near Power House, CPS-1 KHairi",,,,https://www.nhpcindia.com/welcome/tender
2026-09-04,NEW,NHPC,"Construction of DG room and providing Paver blocks around around the intake area of Dam at Barshaini of Parbati-H.E. Project (Stage-II), (Package No-C-782)",,,,https://www.nhpcindia.com/welcome/tender
2026-09-04,NEW,NHPC,Running & Maintenance of 02 Nos. Bullet Proof Scorpio of Loktak HE Project for a period of 01 (one) year.,,,,https://www.nhpcindia.com/welcome/tender
2026-09-04,NEW,NHPC,Miscellaneous Repair and Maintenance Work of VIP Guest House and HOP Residence at BSPS Surangani,,,,https://www.nhpcindia.com/welcome/tender
2026-09-04,NEW,NHPC,"Strengthening of Dumping site number DS-7 near Adit-IV of Parbati-H.E. Project (Stage-II), (Package No-C-786)",,,,https://www.nhpcindia.com/welcome/tender
2026-09-04,NEW,NHPC,"Development of basic amenities at Jalandora village under CSR Scheme of NHPC Limited, Kishanganga Power Station, Bandipora, J&K (PKG-509).",,,,https://www.nhpcindia.com/welcome/tender
2026-09-04,NEW,NHPC,"Operation &amp;amp;amp;amp; maintenance of sewage treatment plant (STP), collection of hydro meteorological data/Instrumentation data for Teesta-V PS",,,,https://www.nhpcindia.com/welcome/tender
2026-09-04,NEW,NHPC,"Purchase of Runner Assembly, Francis Turbine for Chamera-III Power Station",,,,https://www.nhpcindia.com/welcome/tender
2026-09-04,NEW,NHPC,"Annual Maintenance Contract of 3X500 KVA and 1X200 KVA Cummins make DG sets installed at Power House,Dam site and Samdong",,,,https://www.nhpcindia.com/welcome/tender
2026-09-04,NEW,NHPC,"Repair / Re-insulation of overhang portion of 40 Nos. Stator bars and 13 Nos. Jumpers of 110MW Hydro Generator installed at Kishanganga Power Station, Bandipora, J&amp;amp;amp;K (PKG-510).",,,,https://www.nhpcindia.com/welcome/tender
2026-09-04,NEW,NHPC,"Restoration of Pancha Trench Weir,Pancha Intake Structure,Manihar Outfall,Manihar to Hurla Road and Channelization of Pancha Nallah of Parbati-H.E. Project (Stage-II) , (Package No-C-783)",,,,https://www.nhpcindia.com/welcome/tender
2026-09-04,NEW,NHPC,"Construction of VIP Guest House (existing partially constructed Class-I Type Building) at Rangit-IV H.E. Project, JPCL, Sikkip, Soreng District, SIkkim",,,,https://www.nhpcindia.com/welcome/tender
2026-09-04,NEW,NHPC,"Providing and Laying Bore Well and Water Supply System at Field Hostel Nakrod, BSPS",,,,https://www.nhpcindia.com/welcome/tender
2026-09-04,NEW,NHPC,"Repairing of Cavity in Apron area, downstream of end sill at EL +1151.00 of Dam by way of M25A40 at Sewa-II Power Station (CW-642)",,,,https://www.nhpcindia.com/welcome/tender
2026-09-04,NEW,NHPC,"Drilling of two no. Boreholes, supply and installation of MS pipe, submersible pumps in complete for tapping of underground water for supply to Chimiri Colony, Dibang Multipurpose Project, Arunachal Pradesh",,,,https://www.nhpcindia.com/welcome/tender
2026-09-04,NEW,NHPC,Restoration of shed and duty room for STP in sapangini colony of Parbati-III Power station,,,,https://www.nhpcindia.com/welcome/tender
2026-09-04,NEW,NHPC,"Renovation of Permanent Field Hostel (PFH) at NHPC Colony Kishanganga Power Station, Kralpora, Bandipora, J and K (PKG-506).",,,,https://www.nhpcindia.com/welcome/tender
2026-09-04,NEW,NHPC,Purchase of printer cartridges and drums and toner for photocopier machines.,,,,https://www.nhpcindia.com/welcome/tender
2026-09-04,NEW,NHPC,Supply of on Line Vibration Monitoring and Analysing System with All Accessories for all Six Units,,,,https://www.nhpcindia.com/welcome/tender
2026-09-04,NEW,NHPC,tender17102024,,,,https://www.nhpcindia.com/welcome/tender
2026-09-04,NEW,NHPC,"Exploratory Drilling Works of one hole of 50m depth in plunge pool area at Right Bank of river for Subansiri Upper Project 1605MW, Arunachal Pradesh",,,,https://www.nhpcindia.com/welcome/tender
2026-09-04,NEW,NHPC,"Geological exploration by Extension of 01 no. of already Existing Drift (RDR6), drift size 1.8x2.1m Rectangular section by another 130 M on Right Bank of River Subansiri at Power House Site of Subansiri Upper Project” in Arunachal Pradesh",,,,https://www.nhpcindia.com/welcome/tender
2026-09-04,NEW,NHPC,Purchase of HP12A Toner,,,,https://www.nhpcindia.com/welcome/tender
2026-09-04,NEW,NHPC,"Construction of 03 nos. additional classrooms in Govt. High School Barmota, Bani (J&K) under CSR-SD scheme (CSR-659)”",,,,https://www.nhpcindia.com/welcome/tender
2026-09-04,NEW,NHPC,Repair of CRPF barrack/building at Lamdan and repair of CRPF officer’s mess kitchen at Old Colony Loktak.,,,,https://www.nhpcindia.com/welcome/tender
2026-09-04,NEW,NHPC,"Clearing of Jungle (Weeds, Vegetation etc.) along the Loktak-Leimatak road between RD 12.00 Km to RD 24.70 Km.",,,,https://www.nhpcindia.com/welcome/tender
2026-09-04,NEW,NHPC,"Strengthening of Dumping site number DS-11 at left Bank of Sainj River of Parbati-H.E. Project (Stage-II), (Package No-C-785)",,,,https://www.nhpcindia.com/welcome/tender
2026-09-04,NEW,NHPC,"Construction of a Pucca Footpath (Tiles) at Ward No. 8 Mashka, near NHPC Sewa-II Power Project (Approx 100mtr from the Switchyard (CSR-658)”",,,,https://www.nhpcindia.com/welcome/tender
2026-09-04,NEW,NHPC,"Cleaning and disinfecting of water storage tanks for water supply system of township and others locations of CPS-II, Karian, Chamba (E-FILE-127784)",,,,https://www.nhpcindia.com/welcome/tender
2026-09-04,NEW,NHPC,Construction of access road and platform at switchyard for attending any fault in 400KV line in Parbati-III Power Station,,,,https://www.nhpcindia.com/welcome/tender
2026-09-04,NEW,NHPC,Hiring an e-SUV (Electric Vehicle) at Regional Office Chandigarh,,,,https://www.nhpcindia.com/welcome/tender
2026-09-04,NEW,NHPC,Construction of Boundary wall and leveling of Ground at newly constructed Common Facility Centre (CFC) at Vill. Hutt. Extension of Mela Ground at Mashka (J&K) (CSR-657),,,,https://www.nhpcindia.com/welcome/tender
2026-09-04,NEW,NHPC,"Roof protection and painting of CISF barrack at SLP, Gerukamukh.",,,,https://www.nhpcindia.com/welcome/tender
2026-09-04,NEW,NHPC,Purchase of furniture for 30 room guest house under construction on the right bank of 2880 MW Dibang Multipurpose Project site 2,,,,https://www.nhpcindia.com/welcome/tender
2026-09-04,NEW,NHPC,Purchase of furniture for 30 room guest house under construction on the right bank of 2880 MW Dibang Multipurpose Project site 1,,,,https://www.nhpcindia.com/welcome/tender
2026-09-04,NEW,NHPC,"Annual Maintenance of Hydro Mechanical equipment/gates installed at Baira Dam, Bhaledh Trench, Siul Weir and TRC gates, PRV gate at Power House Complex",,,,https://www.nhpcindia.com/welcome/tender
2026-09-04,NEW,NHPC,"Reconstruction of Footpath near RD 2720m of Valve House Road to Surge Shaft at BSPS, Surangani",,,,https://www.nhpcindia.com/welcome/tender
2026-09-04,NEW,NHPC,Repairing of internal bituminous road from NHPC mor/ Zero Point to Power House Gate (Rd-0.00 to Rd-1750m) at Teesta- V Power Station,,,,https://www.nhpcindia.com/welcome/tender
2026-09-04,NEW,NHPC,"Protection of Local Houses of Villagers and their cultivation land along river by providing concrete wall cum crate work at Surangani and Shar Village, Distt-Chamba",,,,https://www.nhpcindia.com/welcome/tender
2026-09-04,NEW,NHPC,"Supply, installation, commissioning with testing of 415V AC Distribution Panel consisting of one incoming circuit breaker and 02 nos. DG set circuit breakers/MCCBs with improvement in design and drawing at Dam of Dulhasti Power Station",,,,https://www.nhpcindia.com/welcome/tender
2026-09-04,NEW,NHPC,Purchase of shaft seal lower wearing ring (movable ring) for Francis Turbine,,,,https://www.nhpcindia.com/welcome/tender
2026-09-04,NEW,NHPC,"Design, Supply and installation of temporary pre-fabricated shed (Super-Structure) for Kendriya Vidyalaya at Left Bank side of Teesta-V PS, Balutar, Sikkim",,,,https://www.nhpcindia.com/welcome/tender
2026-09-04,NEW,NHPC,Selection of Solar Power Generators For Setting up of 1200 MW ISTS Connected Solar Power Projects on anywhere in India basis under TBCB with Green Shoe Option (NH PC-Tranche-IX-Solar (2024-25)),,,,https://www.nhpcindia.com/welcome/tender
2026-09-04,NEW,NHPC,Development of Rooftop Solar Power Projects on Buildings of NHPC Limited at the various locations under PM Surya Ghar: Muft Bijli Yojana,,,,https://www.nhpcindia.com/welcome/tender
2026-09-04,NEW,NHPC,Repair of Stilling Basin along with submerged part of spillway glacis at dam of Rangit Power Station,,,,https://www.nhpcindia.com/welcome/tender
2026-09-04,NEW,NHPC,"Annual Maintenance Contract (AMC) for Computer and other Peripheral of Sewa-II Power Station, Mashka, J&K for 01 year (SC-656)",,,,https://www.nhpcindia.com/welcome/tender
2026-09-04,NEW,NHPC,Procurement of Automatic Wire Rope Lubrication System equipped with Pneumatic Operated Grease Pump for Chamera-I Power Station.,,,,https://www.nhpcindia.com/welcome/tender
2026-09-04,NEW,NHPC,"Construction of accommodation for security personnel at TBM location, Kishanganga Power Station, Bandipora, J&K (PKG-505).",,,,https://www.nhpcindia.com/welcome/tender
2026-09-04,NEW,NHPC,"Providing security fencing work for TBM and Valve House Area, Kishanganga Power Station, Bandipora, J&K (PKG-503).",,,,https://www.nhpcindia.com/welcome/tender
2026-09-04,NEW,NHPC,"Construction of concrete pavement near CVT portal to CISF barrack at Power House area of Kishanganga Power Station Bandipora, J&K (PKG-499)",,,,https://www.nhpcindia.com/welcome/tender
2026-09-04,NEW,NHPC,"Construction of accommodation for security personnel at Surge Shaft area, Kishanganga Power Station, Bandipora, J&K (PKG-504)",,,,https://www.nhpcindia.com/welcome/tender
2026-09-04,NEW,NHPC,Procurement of Field Circuit Breaker of Lenoir Elec Make for Excitation System installed in Phase II of Salal Power House from M/s Micronova Impex Pvt. Ltd.,,,,https://www.nhpcindia.com/welcome/tender
2026-09-04,NEW,NHPC,printing of various essential works registers for related to CISF unit NHPC Seva-II Power Station the year 2024,,,,https://www.nhpcindia.com/welcome/tender
2026-09-04,NEW,NHPC,Purchase of spare parts for electrical Vertical turbine pumps installed at Fire Fighting pumping station at Sewa-II Power House,,,,https://www.nhpcindia.com/welcome/tender
2026-09-04,NEW,NHPC,"Supply, fixing/assembling / testing and on site re-tubing of Generator Plug in oil coolers for combined bearing (thrust and upper guide) of Sewa-II Power Station.",,,,https://www.nhpcindia.com/welcome/tender
2026-09-04,NEW,NHPC,"Drilling of two no. Boreholes, supply and installation of MS pipe, submersible pumps in complete for tapping of underground water for supply to Chimiri Colony,Dibang Multipurpose Project, Arunachal Pradesh",,,,https://www.nhpcindia.com/welcome/tender
2026-09-04,NEW,NHPC,Supply of Laundry Type Washing Machines / Drying Machines,,,,https://www.nhpcindia.com/welcome/tender
2026-09-04,NEW,NHPC,Supply and Installation of Air Conditioners at CPS-I,,,,https://www.nhpcindia.com/welcome/tender
2026-09-04,NEW,NHPC,Supply of TSLG-AUXILIARY DIGITAL TACHOMETER (ADT) NEYRPIC TSLG ADT.,,,,https://www.nhpcindia.com/welcome/tender
2026-09-04,NEW,NHPC,"Construction of Deep Burial Pits and safe pits for sharp wastes for Project Hospital, Kom-Keirap, Loktak Power Station.",,,,https://www.nhpcindia.com/welcome/tender
2026-09-04,NEW,NHPC,Repair and painting of Existing Watch Tower and other miscellaneous work at Power House Complex of Sewa-II Power Station.(CW-655),,,,https://www.nhpcindia.com/welcome/tender
2026-09-04,NEW,NHPC,"Cleaning & sweeping of Non-Executive Field Hostels and manpower for assistance in Township store at NHPC colony, Kralpora, Bandipora for 2 years (PKG-502).",,,,https://www.nhpcindia.com/welcome/tender
2026-09-04,NEW,NHPC,"Restoration work of Dumping Site DS-6 near Adit-3 of Parbati-H.E. Project (Stage-II), (Package No-C-779)",,,,https://www.nhpcindia.com/welcome/tender
2026-09-04,NEW,NHPC,"Supply, Installation and AMC of Automatic Water Level Recorder (AWLR) and Velocity Sensor for EWS for Gauge and Flow meter site at Jiwa,Hurla,Manihar,Pancha and Jigrai Nallah along with TRC of Parbati-II H.E.Project (Pkg. No-C-765A)",,,,https://www.nhpcindia.com/welcome/tender
2026-09-04,NEW,NHPC,"Restoration / Repair of damaged CGI shed building of DG Room & Control room, Left bank NHPC Teesta V power station , Balutar",,,,https://www.nhpcindia.com/welcome/tender
2026-09-04,NEW,NHPC,Repair and renovation of Type-III Qtrs under possession of Teesta-VI HE Project at Balutar,,,,https://www.nhpcindia.com/welcome/tender
2026-09-04,NEW,NHPC,Purchase of Rubber items for annual maintenance of FY 2024-25 for power house,,,,https://www.nhpcindia.com/welcome/tender
2026-09-04,NEW,NHPC,Insurance coverage under Group Insurance Scheme in lieu of EDLI in NHPC Limited for a period of one year (from 01.01.25 to 31.12.25),,,,https://www.nhpcindia.com/welcome/tender
2026-09-04,NEW,NHPC,Running and Maintenance of Executive & Non-Executive Field Hostels and Canteen Services at Samdong Colony,,,,https://www.nhpcindia.com/welcome/tender
2026-09-04,NEW,NHPC,"Strengthening and surfacing of Dam Goli Road, CPS-1.",,,,https://www.nhpcindia.com/welcome/tender
2026-09-04,NEW,NHPC,"Civil works and providing grill fencing in Government Secondary School, Bardang (East Sikkim)",,,,https://www.nhpcindia.com/welcome/tender
2026-09-04,NEW,NHPC,"Clearing of Jungle (Weeds, Vegetation etc.) at Slide Zone Area of Loktak Power Station.",,,,https://www.nhpcindia.com/welcome/tender
2026-09-04,NEW,NHPC,Construction of approach road from main gate of ITI Kishtwar to Office and different trades Workshops,,,,https://www.nhpcindia.com/welcome/tender
2026-09-04,NEW,NHPC,Repair & Painting of CISF Colony at Tomruchi Dul Dam DPS- Kishtwar,,,,https://www.nhpcindia.com/welcome/tender
2026-09-04,NEW,NHPC,Installation of optical fibre based Network for CCTV Camera System at Loktak and Leimatak.,,,,https://www.nhpcindia.com/welcome/tender
2026-09-04,NEW,NHPC,"Construction of foundation platform (sub-structure) for temporary pre-fabricated shed for Kendriya Vidyalaya at Left Bank side of Teesta-V PS, Balutar, Sikkim",,,,https://www.nhpcindia.com/welcome/tender
2026-09-04,NEW,NHPC,"Supplying and laying of industrial tiles in machine hall & Service bay at Power House of Chamera-II Power Station, Chamba (HP).",,,,https://www.nhpcindia.com/welcome/tender
2026-09-04,NEW,NHPC,Fitting (installation and commissioning) of M.S. Anti-Jet Seal Assembly for M.S. Lintel Beam of Spillway Radial Gates at Dam of Uri-II Power Station,,,,https://www.nhpcindia.com/welcome/tender
2026-09-04,NEW,NHPC,Selection of Solar Power Generators For Setting up of 1.2 GW ISTS Connected Solar Power Projects with 600MW/1200MWh (ESS) on anywhere in India basis under TTBCB with Green Shoe Option (NHPC-Tranche-VIII-Solar with Storage (2024-25)),,,,https://www.nhpcindia.com/welcome/tender
2026-09-04,NEW,NHPC,Reservoir Rim Treatment work near Dikchu from RD ±2000M of Dam axis to RD ±2250M upstream of Dam axis & RD± 2300M to RD± 2400M of Teesta-V Power Station.,,,,https://www.nhpcindia.com/welcome/tender
2026-09-04,NEW,NHPC,Purchase of 1 Nos DG Set (50KVA) for SUBANSIRI UPPER PROJECT,,,,https://www.nhpcindia.com/welcome/tender
2026-09-04,NEW,NHPC,Insurance Coverage of Outstanding Multipurpose Advance under “NHPC Employees Multipurpose Advance Insurance Scheme for a period of one year from 19.11.2024 to 18.11.2025,,,,https://www.nhpcindia.com/welcome/tender
2026-09-04,NEW,NHPC,"Construction of Public Toilets for Boys and Girls at GSSS Kohal, Distt- Chamba, H.P under CSR",,,,https://www.nhpcindia.com/welcome/tender
2026-09-04,NEW,NHPC,"Supply, Installation & Commissioning of Portable gasoline engine driven hydraulic power pack for radial gates for Uri-II PS",,,,https://www.nhpcindia.com/welcome/tender
2026-09-04,NEW,NHPC,"Providing and Laying of good Earth over disposed muck at dumping site,Jhuni of Parbati-H.E. Project (Stage-II), (Package No-C-777)",,,,https://www.nhpcindia.com/welcome/tender
2026-09-04,NEW,NHPC,"Painting of ribs at Adit-3, LHPS, Surge Shaft Bottom & Surge Shaft Top Adits of Sewa-II Power Station (CW-645)”",,,,https://www.nhpcindia.com/welcome/tender
2026-09-04,NEW,NHPC,Appointment of a Credit Rating Agency for 3 years (i.e. from FY 2024-25 to 2026-27) for public /private placement of fresh issue of Secured/Un-secured Bonds/Term Loans by NHPC Limited in one or more tranches,,,,https://www.nhpcindia.com/welcome/tender
2026-09-04,NEW,NHPC,"RRT Work for Package-1 (VZ1&3) of Rangit-IV HE Project, Sikkip.",,,,https://www.nhpcindia.com/welcome/tender
2026-09-04,NEW,NHPC,"RRT Work for Package-4 (VZ 11 and 12) of Rangit-IV HE Project, Sikkip.",,,,https://www.nhpcindia.com/welcome/tender
2026-09-04,NEW,NHPC,Purchase of Batteries to DG Sets and Elevator installed at Dam Complex in CPS-1.,,,,https://www.nhpcindia.com/welcome/tender
2026-09-04,NEW,NHPC,Restoration of existing damaged PWD road at left bank from Behali to Power House at Parbati-III Power Station,,,,https://www.nhpcindia.com/welcome/tender
2026-09-04,NEW,NHPC,Annual Maintenance of generating units and its components for the year 2024-25 and 2025-26 at Parbati-III Power Station,,,,https://www.nhpcindia.com/welcome/tender
2026-09-04,NEW,NHPC,Servicing and repair of M/s Kirlsokar make DG set (02 nos- 500kVA and 01-no. 250kVA) installed at Sewa-II Power Station (SC-646),,,,https://www.nhpcindia.com/welcome/tender
2026-09-04,NEW,NHPC,"Exploratory drifting work of RDR-2 extension of 55m (40+15)m length (1.8 M X 2.1M) size at Right bank of Kamala river at Kamala HE Project, Tamen, Arunachal Pradesh",,,,https://www.nhpcindia.com/welcome/tender
2026-09-04,NEW,NHPC,"Exploratory drilling, driving and reaming of Nx size drill holes with Diamond core drilling machine using Double /Triple Tube core barrel at Dam, PH and TRT area of Seti River-6 HE Project, District-Doti/Achham, Sudur Paschim Province, Nepal",,,,https://www.nhpcindia.com/welcome/tender
2026-09-04,NEW,NHPC,"RRT Work for Package -3 (VZ 8,9 & 10) for Rangit-IV HE Project, Sikkip.",,,,https://www.nhpcindia.com/welcome/tender
2026-09-04,NEW,NHPC,"RRT Work for Package-2 (VZ 2and 7) of Rangit-IV HE Project, Sikkip",,,,https://www.nhpcindia.com/welcome/tender
2026-09-04,NEW,NHPC,"Repairing, Erection, Testing and Commissioning of 2X5 MVA 66/11 KV Transformer for Teesta-V Power Station",,,,https://www.nhpcindia.com/welcome/tender
2026-09-04,NEW,NHPC,"Providing services like preparation & catering of food in Executive Field Hostels & Transit Camp at NHPC Colony, Kralpora, Bandipora for 24 months (PKG-501)",,,,https://www.nhpcindia.com/welcome/tender
2026-09-04,NEW,NHPC,AMC for Two DG sets of 1000KVA installed in Switchyard & one DG set of 500KVA installed in Dam complex in CPS1,,,,https://www.nhpcindia.com/welcome/tender
2026-09-04,NEW,NHPC,"Restoration and rehabilitation work for dumping site DS-1,DS-2 and DS-3 near Pulga Dam, Barshaini of Parbati-H.E. Project (Stage-II), (Package No-C-775",,,,https://www.nhpcindia.com/welcome/tender
2026-09-04,NEW,NHPC,"Supply, installation and commissioning of 65 nos. 30 Watt solar street light complete and accessories for making functional 30 nos. existing non-functional solar street lights of KGPS colony, Bandipora (PKG-498).",,,,https://www.nhpcindia.com/welcome/tender
2026-09-04,NEW,NHPC,"Laying of power cables between LT feeder panels of temporary and permanent buildings in residential colony of Kishanganga Power Station, Bandipora, J&K (PKG-494)",,,,https://www.nhpcindia.com/welcome/tender
2026-09-04,NEW,NHPC,Purchase of carbon brushes for generator rotor slip ring of Chamera-II Power Station.,,,,https://www.nhpcindia.com/welcome/tender
2026-09-04,NEW,NHPC,"purchase of CCTV cameras, NVR and WiFi access points for Chamera-II Power Station",,,,https://www.nhpcindia.com/welcome/tender
2026-09-04,NEW,NHPC,"Exploratory drifting work of LDR-1 extension of 82 m (52+15+15) m length (1.8 M X 2.1M) size at Left bank of Kamala River at Kamala HE Project, Tamen, Arunachal Pradesh",,,,https://www.nhpcindia.com/welcome/tender
2026-09-04,NEW,NHPC,"River bank protection/ erosion control measures on the Left bank of River Subansiri adjacent to Na-ali (RD 60.10km to RD 61.00km) 900m, Beyond 30km",,,,https://www.nhpcindia.com/welcome/tender
2026-09-04,NEW,NHPC,"River bank protection/ erosion control measures on the Left bank of River Subansiri adjacent to Pub-telahi GP Aserakota, Gualbari near 27° 7'0.44""N, 94° 11'44.37""E (900m),Beyond 30km ” between RD 55.32km to 56.22 km",,,,https://www.nhpcindia.com/welcome/tender
2026-09-04,NEW,NHPC,Annual Maintenance Contract of water coolers/ purifiers installed at CPS-1.,,,,https://www.nhpcindia.com/welcome/tender
2026-09-04,NEW,NHPC,"Construction of shed for protection of Diesel Tank at Chamera-II Power Station, Karian, Chamba",,,,https://www.nhpcindia.com/welcome/tender
2026-09-04,NEW,NHPC,"Supply, Erection & Fixing of Pre-fabricated (Super-Structure) temporary structure for Kendriya Vidyalaya (single story) at Teesta-V Power Station, Balutar, Singtam, Distt- Gangtok, Sikkim",,,,https://www.nhpcindia.com/welcome/tender
2026-09-04,NEW,NHPC,Raising of Height of existing Protection Wall on hill slope of Power House Building at BSPS,,,,https://www.nhpcindia.com/welcome/tender
2026-09-04,NEW,NHPC,Supply and installation of Low pressure air dryer of 550 CFM along with Suitable Line Filters and associated accessories such as Pipes & fittings for installation for Chamera-I Power Station,,,,https://www.nhpcindia.com/welcome/tender
2026-09-04,NEW,NHPC,Purchase of Portable Vertical Boring Machine for Head cover and Pivot ring for Power House of Parbati-III Power Station,,,,https://www.nhpcindia.com/welcome/tender
2026-09-04,NEW,NHPC,"Construction of Fire Station near Switch yard of Kishanganga Power station, Bandipora, J&K (PKG-491)",,,,https://www.nhpcindia.com/welcome/tender
2026-09-04,NEW,NHPC,Purchase of Miscellaneous Items,,,,https://www.nhpcindia.com/welcome/tender
2026-09-04,NEW,NHPC,Purchase of General Miscellaneous Items,,,,https://www.nhpcindia.com/welcome/tender
2026-09-04,NEW,NHPC,Renovation of Type-II (S-2) Quarter as Field Hostel Mess at Leimatak.,,,,https://www.nhpcindia.com/welcome/tender
2026-09-04,NEW,NHPC,"Construction of Public Toilet in Sundla Market, Distt- Chamba under CSR",,,,https://www.nhpcindia.com/welcome/tender
2026-09-04,NEW,NHPC,"Supply, Installation, Testing and Commissioning of Desktop Computers with 5 years warranty at NHPC Limited, Sector -33, Faridabad (Haryana)",,,,https://www.nhpcindia.com/welcome/tender
2026-09-04,NEW,NHPC,Reservoir Rim Treatment work near Phidang area from RD ±3200M of Dam axis to RD ±3800M upstream of Dam axis of Teesta-V Power Station,,,,https://www.nhpcindia.com/welcome/tender
2026-09-04,NEW,NHPC,"Erosion control measures on the Left bank of River Subansiri by provision of RCC Jack Jetty adjacent of village Lathiakola, Bhimpara G.P. (1) 27°15’17.30”N, 94°13’5.38”E (2) 27°13’41.49”N, 94°12’57.09”E beyond 30Km (1200M",,,,https://www.nhpcindia.com/welcome/tender
2026-09-04,NEW,NHPC,Erosion control measures on the Right bank of River Subansiri by provision of RCC Jack Jetty adjacent to village Sagolikata (RD 39.40KM to 40.10KM) Beyond 30km (700m,,,,https://www.nhpcindia.com/welcome/tender
2026-09-04,NEW,NHPC,Restoration of damaged/washed out portion of boundary/retaining wall along the river including electrical works at sapangini of Parbati III Power Station,,,,https://www.nhpcindia.com/welcome/tender
2026-09-04,NEW,NHPC,Purchase of spares for two nos. of 150/20/10 Ton EOT Crane installed at Power House & one no. 75/10 Ton EOT Crane installed at Valve House of Kishanganga Power Station,,,,https://www.nhpcindia.com/welcome/tender
2026-09-04,NEW,NHPC,"Round the Clock Operation of E&M Plant and Machinery at Power House, Transformer Cavern, Valve House and 220 KV Switchyard of 3x110 MW Kishanganga Power Station, Bandipora, J &K (PKG-497)",,,,https://www.nhpcindia.com/welcome/tender
2026-09-04,NEW,NHPC,Annual Maintenance Contract (AMC) for 02 years of 220Volt DC & 48 Volt DC Battery Chargers of Sewa-II Power Station (SC-648),,,,https://www.nhpcindia.com/welcome/tender
2026-09-04,NEW,NHPC,"“Procurement of Medical Equipment for Anini District Hospital of Dibang Valley District, Arunachal Pradesh under CSR&SD; 2023-24”",,,,https://www.nhpcindia.com/welcome/tender
2026-09-04,NEW,NHPC,"Purchase of Insert Socket of various sizes for Hydraulic Torque Wrench, Model HTW-40S for Power House of Parbati-III Power Station",,,,https://www.nhpcindia.com/welcome/tender
2026-09-04,NEW,NHPC,Providing services for the testing of cable anchors for residual stress and re-stressing the same to required level (to 420 Kg/sq.cm pressure) complete in all respect.,,,,https://www.nhpcindia.com/welcome/tender
2026-09-04,NEW,NHPC,SITC of 11KV Vacuum Circuit Breaker alongwith panel and accessories,,,,https://www.nhpcindia.com/welcome/tender
2026-09-04,NEW,NHPC,"Exploratory drifting work of LDR-3 extension-2 (Downstream surge cavern) 361 m length (1.8 M X 2.1M) size at Left bank of Kamala river at Kamala HE Project, Tamen, Arunachal Pradesh",,,,https://www.nhpcindia.com/welcome/tender
2026-09-04,NEW,NHPC,"Painting and other Miscellaneous repair works at Dam body of Baira Dam, BSPS",,,,https://www.nhpcindia.com/welcome/tender
2026-09-04,NEW,NHPC,"Premix Carpeting and allied Protection Works of Power House Roads and painting and re-writing of sign/welcome boards of all roads at BSPS, Surangani",,,,https://www.nhpcindia.com/welcome/tender
2026-09-04,NEW,NHPC,Purchase of Safety Relief Valves- Spring Loaded,,,,https://www.nhpcindia.com/welcome/tender
2026-09-04,NEW,NHPC,R & M of Downstream Concrete Apron at Siul Weir by providing HPC(M-65) & Concrete M-25 at BSPS Surangani,,,,https://www.nhpcindia.com/welcome/tender
2026-09-04,NEW,NHPC,Purchase of Tyres,,,,https://www.nhpcindia.com/welcome/tender
2026-09-04,NEW,NHPC,"Additional Geological Exploratory Drilling of 05 Nos. holes (DDH-48,49,50,51,52) at Kamala HE Project, Tamen, Arunachal Pradesh",,,,https://www.nhpcindia.com/welcome/tender
2026-09-04,NEW,NHPC,"Erosion control measures on the Left bank of River Subansiri by providing RCC Jack Jetty adjacent to village Muroliya (RD66.55KM to 67.55KM), Beyond 30KM(1000m)",,,,https://www.nhpcindia.com/welcome/tender
2026-09-04,NEW,NHPC,Purchase of U- cup seals of shaft seal system of Francis Turbine of Uri-II Power House,,,,https://www.nhpcindia.com/welcome/tender
2026-09-04,NEW,NHPC,"Erosion control measures on the Left bank of River Subansiri by providing RCC Jack Jetty adjacent to village Nahorani (RD43.20KM to 44.20KM), Beyond 30KM(1000m)",,,,https://www.nhpcindia.com/welcome/tender
2026-09-04,NEW,NHPC,"Providing and Fixing of Aluminium/Glass Cabins and partition work at Machine hall floor,Generator floor,Turbine floor and GIS floor of Parbati-H.E. Project (Stage-II), (Package No-C-772)",,,,https://www.nhpcindia.com/welcome/tender
2026-09-04,NEW,NHPC,"Replacement of Maintenance and Service Seal of MIV of 01 nos Generating Unit of Sewa-II Power Station, Mashka, Distt.-Kathua (J&K) (MW-649)",,,,https://www.nhpcindia.com/welcome/tender
2026-09-04,NEW,NHPC,"Repair, Maintenance and panting work of temporary D-Type quarters from D1 to D4 of Chamera-II Power Station, Karian, Chamba(H.P)",,,,https://www.nhpcindia.com/welcome/tender
2026-09-04,NEW,NHPC,Repair along with HP-HVOF coating of Runner (1 Nos.) and Guidevane set (2 sets) for 3X100 MW Francis hydro turbines of Chamera-II Power Station.,,,,https://www.nhpcindia.com/welcome/tender
2026-09-04,NEW,NHPC,"Minor repair of guide vanes through welding, grinding and machining of parbati III power station, Behali",,,,https://www.nhpcindia.com/welcome/tender
2026-09-04,NEW,NHPC,Internal repairing and painting of the Administrative Building and other miscellaneous work at Regional Office-Siliguri,,,,https://www.nhpcindia.com/welcome/tender
2026-09-04,NEW,NHPC,Annual Maintenance Contract of Xerox make Photocopiers installed at Sewa-II Power Station (SC-653),,,,https://www.nhpcindia.com/welcome/tender
2026-09-04,NEW,NHPC,Hiring of Services for Watch & Ward of Office & Various Project Establishment of Dibang Multipurpose Project at Roing and Project Sites for 12 months under DGR sponsored Security Agency,,,,https://www.nhpcindia.com/welcome/tender
2026-09-04,NEW,NHPC,Erection of new Rubber seals after removal of old damaged seals of 03 nos. Spillway Radial gates at Dam of Parbati HE Project (Stage-II)” (Package No. C-773).,,,,https://www.nhpcindia.com/welcome/tender
2026-09-04,NEW,NHPC,"Dewatering of surface penstock at two (02) locations during replacement of expansion joint at Sewa-II Power Station, Mashka, Distt.-Kathua (J&K) (MW-652)",,,,https://www.nhpcindia.com/welcome/tender
2026-09-04,NEW,NHPC,Providing services for Routine Electrical Maintenance work of Electro- mechanical systems of Teesta-V Power House excluding Annual /Capital Maintenance works of Units and associated system for smooth running of (3 x170 )MW generating units and Associated,,,,https://www.nhpcindia.com/welcome/tender
2026-09-04,NEW,NHPC,"Repairing of Loktak-Leimatak road from Jeevan Nagar to Power House Colony at Leimatak, Loktak Project.",,,,https://www.nhpcindia.com/welcome/tender
2026-09-04,NEW,NHPC,"Supply, Installation and AMC of Automatic Water Level Recorder(AWLR) and Velocity Sensor for Early Warning System (AWS) for Gauge and Flow meter site at Jiwa,Hurla,Manihar,Pancha and Jigrai Nallah along with TRC of PHEP-II,Pkg.No.-C-765",,,,https://www.nhpcindia.com/welcome/tender
2026-09-04,NEW,NHPC,"Repairing of Loktak-Leimatak road from Tiddim Gate to Pump House at Awang Bazar and road from Tiddim Gate to Bamboo Trash Rack, Loktak Project.",,,,https://www.nhpcindia.com/welcome/tender
2026-09-04,NEW,NHPC,Providing and Fixing Aluminium Composite Panelling and Wooden Panelling along with Flooring & False Ceiling in designated area of Power House of Parbati HE Project (Stage-II) (Package No. C-770).,,,,https://www.nhpcindia.com/welcome/tender
2026-09-04,NEW,NHPC,"Repairing of damaged spillway and invert of Intake Tunnel at Jiwa Nallah Trench Weir site of Parbati-H.E. Project (Stage-II), (Package No-C-774)",,,,https://www.nhpcindia.com/welcome/tender
2026-09-04,NEW,NHPC,Restoration of main water supply line from natural sources to water tank with related protection work and footpath at Sewa-II Power Station (CW-651),,,,https://www.nhpcindia.com/welcome/tender
2026-09-04,NEW,NHPC,Cleaning and maintenance of Nowpora complex for Uri-II Power Station,,,,https://www.nhpcindia.com/welcome/tender
2026-09-04,NEW,NHPC,"Construction of View cutter between Main Gate to Jama Maszid due to Securities concern at barrage complex area, Boniyar of Uri Power Station",,,,https://www.nhpcindia.com/welcome/tender
2026-09-04,NEW,NHPC,"Ceramic coating on spiral case, stay vanes and stay ring of U # 2 & U# 3 of Dulhasti Power Station",,,,https://www.nhpcindia.com/welcome/tender
2026-09-04,NEW,NHPC,Restoration of Damaged Protection/Retaining Wall due to heavy rains at Wireless colony and near Guest House of BSPS,,,,https://www.nhpcindia.com/welcome/tender
2026-09-04,NEW,NHPC,Reservoir Rim Treatment work near Zang village from RD ±1150M of Dam axis to RD ±1600M & RD ±615M of Dam axis to RD ±625M upstream of Dam axis of Teesta-V Power Station,,,,https://www.nhpcindia.com/welcome/tender
2026-09-04,NEW,NHPC,"Hiring of services for Transportation and Lab Testing of Sediment Samples & reporting of data for West Seti H. E. Project, Sudur Paschim Province, Nepal. (WS-10)",,,,https://www.nhpcindia.com/welcome/tender
2026-09-04,NEW,NHPC,"Round the Clock Maintenance of E&M Plant and Machinery at Power House, Transformer Cavern, Valve House and Switchyard of 3x110 MW Kishanganga Power Station, Bandipora, J &K (PKG-493).",,,,https://www.nhpcindia.com/welcome/tender
2026-09-04,NEW,NHPC,Shaft Seal lower wearing ring,,,,https://www.nhpcindia.com/welcome/tender
2026-09-04,NEW,NHPC,"“Hiring of Expert from GEPIL for Repair/ Modification /Tuning/ maintenance /Upgradation works of Generator/ Turbine/ MIV/ Governing System/ SCADA/ Excitation System for Year 2025 on requirement basis at Power House, Uri-II Power Station",,,,https://www.nhpcindia.com/welcome/tender
2026-09-04,NEW,NHPC,Condition monitoring test on HV Equipment at NHPC Uri-II Power Station,,,,https://www.nhpcindia.com/welcome/tender
2026-09-04,NEW,NHPC,Procurement/laying/installation/hardware And Splicing Of New ADSS 24 Optical Fiber Cable,,,,https://www.nhpcindia.com/welcome/tender
2026-09-04,NEW,NHPC,"Pest Control Management & Termite Treatment for Subansiri Lower Project, Gerukamukh",,,,https://www.nhpcindia.com/welcome/tender
2026-09-04,NEW,NHPC,"Roof Treatment of Administrative Building at SLP, Gerukamukh",,,,https://www.nhpcindia.com/welcome/tender
2026-09-04,NEW,NHPC,Running and Maintenance of Project Dispensary Samdong for the period of 2-Years,,,,https://www.nhpcindia.com/welcome/tender
2026-09-04,NEW,NHPC,Running and Maintenance of Project Hospital at Balutar for the period of 2-Years,,,,https://www.nhpcindia.com/welcome/tender
2026-09-04,NEW,NHPC,"Supply, Installation, Testing and Commissioning of GLOF (Glacier lake Outburst Flood) warning system at Gurez of Kishanganga Power Station, Bandipora, J&K (PKG-496)",,,,https://www.nhpcindia.com/welcome/tender
2026-09-04,NEW,NHPC,"Fabrication, Supply and Erection of 03 nos. modified Spillway Radial Gate Sill Beams at Dam of Parbati-H.E. Project (Stage-II), (Package No-C-767)",,,,https://www.nhpcindia.com/welcome/tender
2026-09-04,NEW,NHPC,"Repairing of damaged protection wall behind Aeon cafeteria at CPS -1,Khairi.",,,,https://www.nhpcindia.com/welcome/tender
2026-09-04,NEW,NHPC,"Procurement of Differential Global Positioning System (DGPS) for Subansiri Upper HEP, Arunachal Pradesh",,,,https://www.nhpcindia.com/welcome/tender
2026-09-04,NEW,NHPC,"Repair and Maintenance of road from NH-1A to Surge Shaft and NH-1A to DTGH of Uri-II Power Station, JK",,,,https://www.nhpcindia.com/welcome/tender
2026-09-04,NEW,NHPC,"Repair of Damaged Drainage & Dewatering Submersible Pumps of AQUA make of Dulhasti Power House, DPS, Kishtwar",,,,https://www.nhpcindia.com/welcome/tender
2026-09-04,NEW,NHPC,"Purchase of welding consumable items for turbine section, pipe & pumping section, auxiliary section, Generator section and workshop section dhyangarh etc of Salal Power House",,,,https://www.nhpcindia.com/welcome/tender
2026-09-04,NEW,NHPC,"Repair of Damaged Drainage & Dewatering Submersible Pumps of Sulzer Make of Dulhasti Power House, DPS, Kishtwar",,,,https://www.nhpcindia.com/welcome/tender
2026-09-04,NEW,NHPC,"Repair and maintenance work including painting of footpaths along Colony Road, NHPC, Vidyut Nagar, Siliguri",,,,https://www.nhpcindia.com/welcome/tender
2026-09-04,NEW,NHPC,Repair and Painting of car parking shed in parking area near office building at Vidyut Nagar Colony,,,,https://www.nhpcindia.com/welcome/tender
2026-09-04,NEW,NHPC,"Repair & Maintenance of Water Proofing Treatment of roof for 13 Nos. B- Type Quarters, C-17 to C-40 & D-01 to D-44 at Jyotipuram Colony in Salal Power Station",,,,https://www.nhpcindia.com/welcome/tender
2026-09-04,NEW,NHPC,Casting of tetra pods and other repair works at TRT outlet site of Salal Power Station,,,,https://www.nhpcindia.com/welcome/tender
2026-09-04,NEW,NHPC,"Hiring of manpower for operation, maintenance & up keeping of Kishanganga Dam Toe Power House, Gurez, Bandipora, J & K (PKG-495).",,,,https://www.nhpcindia.com/welcome/tender
2026-09-04,NEW,NHPC,"Providing assistance to Running and Maintenance of Mashka- Siara road i/c Adit-iv & Surge shaft road, internal roads of colony at Sewa-II Power Station Mashka (J&K) for a period of 02 years (SC-650)",,,,https://www.nhpcindia.com/welcome/tender
2026-09-04,NEW,NHPC,"Supply, Installation, testing and commissioning of main cooling water pump Motor set (Split casing pump motor set instead of vertical pump motor set) of Chamera-I Power Station.",,,,https://www.nhpcindia.com/welcome/tender
2026-09-04,NEW,NHPC,"Construction of one educational block building for Army Goodwill School at Army Brigade Area, Gurez, Bandipora, J&K (PKG-484).",,,,https://www.nhpcindia.com/welcome/tender
2026-09-04,NEW,NHPC,Purchase of spare TR10 Actuator and MDV for Salal Power Station,,,,https://www.nhpcindia.com/welcome/tender
2026-09-04,NEW,NHPC,Procurement of Spare Server and PNI800 (Plant Network Interface Module) for SCADA system manufactured and installed by M/s ABB in the generating unit of Salal Power Station.,,,,https://www.nhpcindia.com/welcome/tender
2026-09-04,NEW,NHPC,Exploratory Drilling Works of one hole of 165m depth at Left Bank of river near Dam Axis to establish grouting requirement by carrying out groutability testing for Subansiri Upper Project (1605MW),,,,https://www.nhpcindia.com/welcome/tender
2026-09-04,NEW,NHPC,"“Providing Services for Running & Maintenance of Housekeeping/Upkeeping of Bachelor Accommodations (Sr. Executive Field Hostel cum Guest House, Executive Field Hostel and Transit Camp) at Itanagar.",,,,https://www.nhpcindia.com/welcome/tender
2026-09-04,NEW,NHPC,Monetization of Free Cash component (Return on Equity) of Dulhasti Power Station for next eight-year in single tranche during FY 2024-2025,,,,https://www.nhpcindia.com/welcome/tender
2026-09-04,NEW,NHPC,"Supply Installation and Annual maintenance of LED Display board at Nagwain, Parbati HE Project (Stage-II)” (Package No. C-741A).",,,,https://www.nhpcindia.com/welcome/tender
2026-09-04,NEW,NHPC,"Repair/Renovation of Intake and Pump House situated near Power House, Loktak Power Station, Leimatak, Manipur of Loktak Project, Manipur.",,,,https://www.nhpcindia.com/welcome/tender
2026-09-04,NEW,NHPC,Construction of STP Sheds and other allied works of Power House near TRC area at BSPS Surangani,,,,https://www.nhpcindia.com/welcome/tender
2026-09-04,NEW,NHPC,"Bush Cutting on hill slopes at Surge Shaft, Valve House, Switch Yard, Power House area and other area at BSPS, Surangani",,,,https://www.nhpcindia.com/welcome/tender
2026-09-04,NEW,NHPC,Insurance coverage of outstanding Children Higher Education Advance under NHPC Employees Children Higher Education Advance Group Insurance Scheme” for a period of one year from 19.09.2024 to 18.09.2025,,,,https://www.nhpcindia.com/welcome/tender
2026-09-04,NEW,NHPC,Insurance coverage for outstanding House Building Advance under NHPC Employees (HBA) Group Insurance Scheme for a period of one year (14-09-2024 to 13-09-2025),,,,https://www.nhpcindia.com/welcome/tender
2026-09-04,NEW,NHPC,"Exploratory drilling, driving & reaming of Nx size drill holes with Diamond core drilling machine using Double Tube/Triple Tube core barrel at Underground Powerhouse Location of West Seti H.E. Project, District-Doti, Sudur Paschim Province, Nepal",,,,https://www.nhpcindia.com/welcome/tender
2026-09-04,NEW,NHPC,"Repair and maintenance of CISF accommodation at K.T. Camp, Sewa-II Power Station (CW-644)",,,,https://www.nhpcindia.com/welcome/tender
2026-09-04,NEW,NHPC,Repair of Sill beam and side plates of Under Sluice Gates of DAM CPS-1.,,,,https://www.nhpcindia.com/welcome/tender
2026-09-04,NEW,NHPC,Procurement of multifunction printers for Subansiri Upper Project.,,,,https://www.nhpcindia.com/welcome/tender
2026-09-04,NEW,NHPC,Painting and other Miscellaneous repair works of CISF Barack/Mess at Baira Dam of BSPS,,,,https://www.nhpcindia.com/welcome/tender
2026-09-04,NEW,NHPC,"Hiring of Architectural Consultancy Services for the development of office, Guest Houses and Township of NHPC Regional Office Cum Residential Complex at Hollongi Airport Project Development Area, Kokola, under Balijan Circle, Papum Pare, Arunachal Pradesh",,,,https://www.nhpcindia.com/welcome/tender
2026-09-04,NEW,NHPC,"Protection work of boundary wall by gabion structure at Garsa office complex of Parbati-H.E. Project (Stage-II), (Package No-C-766)",,,,https://www.nhpcindia.com/welcome/tender
2026-09-04,NEW,NHPC,Painting and minor repairing of tiles of different areas of Dulhasti Power House,,,,https://www.nhpcindia.com/welcome/tender
2026-09-04,NEW,NHPC,"Renovation of electrical work of Bursar Guest House in DSB Colony of Dulhasti Power Station at DPS, Kishtwar",,,,https://www.nhpcindia.com/welcome/tender
2026-09-04,NEW,NHPC,Purchase of Cartridge and Toner for Canon Photocopiers / Printers for Parbati III PS,,,,https://www.nhpcindia.com/welcome/tender
2026-09-04,NEW,NHPC,Rate Contract of Medicines for 2 years for Teesta-V Power Station,,,,https://www.nhpcindia.com/welcome/tender
2026-09-04,NEW,NHPC,"Clearing of Jungle on the Downstream face of Rock-fill Dam and V-notch area at Dhyangarh, Salal Power station for the year 2024-2025",,,,https://www.nhpcindia.com/welcome/tender
2026-09-04,NEW,NHPC,"Repair, Development and other Misc. works in the surrounding areas of D-Type Field Hostel, B-Type Bachelor accommodation of Salal Power Station”.",,,,https://www.nhpcindia.com/welcome/tender
2026-09-04,NEW,NHPC,Repairing of 02 Nos Multistage case booster pump WL 100/4 and 02 Nos 3 (Three) Phase induction motor 170 HP (125 KW) at Shalimar Pumping Station at DPS Kishtwar,,,,https://www.nhpcindia.com/welcome/tender
2026-09-04,NEW,NHPC,Annual Maintenance Work of two Units of Sewa-II Power House (3X40MW) for the period of 02 years i.e. for FY 2024-25 & 2025-26 (EW-643),,,,https://www.nhpcindia.com/welcome/tender
2026-09-04,NEW,NHPC,Replacement of old centralized ductable AC system of Regional Office Chandigarh with new VRV/VRF air conditioner (hot & Cold),,,,https://www.nhpcindia.com/welcome/tender
2026-09-04,NEW,NHPC,"Repair & maintenance of existing Old water supply GI PIPE Line at Balutar colony Right bank, NHPC Teesta-V Power Station",,,,https://www.nhpcindia.com/welcome/tender
2026-09-04,NEW,NHPC,Dry ice Cryogenic cleaning of Stator & painting on Stator,,,,https://www.nhpcindia.com/welcome/tender
2026-09-04,NEW,NHPC,AMC of MC-Monitoring make vibration monitoring system installed at Power House of Chamera Power Station-1.,,,,https://www.nhpcindia.com/welcome/tender
2026-09-04,NEW,NHPC,Purchase of (01) Autodesk Civil 3D 2025 Commercial New Single-user ELD 3-Year Subscription.,,,,https://www.nhpcindia.com/welcome/tender
2026-09-04,NEW,NHPC,M4 Maintenance of Unit Bays of 400 KV GIS of Chamera-II Power Station1.,,,,https://www.nhpcindia.com/welcome/tender
2026-09-04,NEW,NHPC,"Channelizing of river bed by silt removal/Dredging ahead of TRC in the downstream at TLD-III PS, Rambi",,,,https://www.nhpcindia.com/welcome/tender
2026-09-04,NEW,NHPC,Restoration of damaged/wash out portion-Suite no: 3 & balcony portion of Room No 1 & 2 of VIP Guest House at Sapangni colony of Parbati-III Power Station,,,,https://www.nhpcindia.com/welcome/tender
2026-09-04,NEW,NHPC,Providing assistance in Operation and Maintenance of Gauge & Discharge site at Sarthali of Sewa-II Power Station for a period of 02 years (SC-631),,,,https://www.nhpcindia.com/welcome/tender
2026-09-04,NEW,NHPC,"Replacement of Old damaged pipeline of Left Bank Colony at Teesta-V Power Station, Balutar",,,,https://www.nhpcindia.com/welcome/tender
2026-09-04,NEW,NHPC,"Protection and Fencing of NHPC Land Located in Revenue Villages of Hillerpernia, Mohura and Parampillan",,,,https://www.nhpcindia.com/welcome/tender
2026-09-04,NEW,NHPC,Modification and repair work of main entrance gate of Gingal Complex and CISF C-Barracks,,,,https://www.nhpcindia.com/welcome/tender
2026-09-04,NEW,NHPC,Cleaning of water storage tanks at various locations of Sewa-II Power Station (For 02 years) (SC-637),,,,https://www.nhpcindia.com/welcome/tender
2026-09-04,NEW,NHPC,"Construction of Footpath between view point to DGR Morcha at Barrage Complex Area, Boniyar of Uri Power Station",,,,https://www.nhpcindia.com/welcome/tender
2026-09-04,NEW,NHPC,Repair work of Damaged Boniyar Nallah Culvert of Barrage at Uri Power Station,,,,https://www.nhpcindia.com/welcome/tender
2026-09-04,NEW,NHPC,Comprehensive Annual Maintenance Contract for Matrix make EPABX Communication Servers installed at Teesta-V Power Station,,,,https://www.nhpcindia.com/welcome/tender
2026-09-04,NEW,NHPC,"Hiring of 01 No. of Innova GX 7S or higher version and 01 No. Mahindra Scorpio classic S-11, BS-6 or higher version for a period of 02(Two) years with driver but without fuel for deployment at Kamala HE Project, Boasimla, Distt. Kamle, Arunachal Pradesh",,,,https://www.nhpcindia.com/welcome/tender
2026-09-04,NEW,NHPC,"The work of filling the cavity by laying stones in the downstream of gate number 01 to 06 of the spillway of Uri Power Station, Barrage",,,,https://www.nhpcindia.com/welcome/tender
2026-09-04,NEW,NHPC,Demarcation and Protection of NHPC Land (Khadinyar Site Fencing),,,,https://www.nhpcindia.com/welcome/tender
2026-09-04,NEW,NHPC,Purchase of various type of fasteners for TG units at Parbati III power Station,,,,https://www.nhpcindia.com/welcome/tender
2026-09-04,NEW,NHPC,"Repair and maintenance of 33 KV, 11 KV , LT network at Semna, Shalimar, Dul and Power House including Cleaning of Panel Rooms, substations of 132/33 kV, 33/11 kV, 11/0.415 kV at Semna, Shalimar & Hasti and related misc. works of DPS Kishtwar for a period of Two year",,,,https://www.nhpcindia.com/welcome/tender
2026-09-04,NEW,NHPC,"General upkeeping and R&M of Transit camp Batote for a Period of 02 years (2024-25) & (2025-26) in Dulhasti Power Station, Kishtwar",,,,https://www.nhpcindia.com/welcome/tender
2026-09-04,NEW,NHPC,Cleaning of debris and silt deposited inside the spiral casing and Penstock Area (MIV upstream upto 20 Mtr) of Teesta V Power Station,,,,https://www.nhpcindia.com/welcome/tender
2026-09-04,NEW,NHPC,"Hiring of Mahindra Bolero BS-VI (O) or equivalent along with Driver for Dam Toe Power House, KGPS, Gurez, Bandipora for 2 years (PKG-488).",,,,https://www.nhpcindia.com/welcome/tender
2026-09-04,NEW,NHPC,"Hiring of Mahindra Bolero BS-VI (O) or equivalent along with Driver for Power House, KGPS, Bandipora for 2 years (PKG-489).",,,,https://www.nhpcindia.com/welcome/tender
2026-09-04,NEW,NHPC,"Hiring of Mahindra Bolero BS-VI (O) or equivalent along with Driver for CISF Unit, KGPS, Bandipora for 2 years (PKG-490)",,,,https://www.nhpcindia.com/welcome/tender
2026-09-04,NEW,NHPC,Hiring of Three (03) nos. Mahindra Bolero model B4 (Diesel) or higher with driver and with fuel (reimbursable) for two years”- regarding,,,,https://www.nhpcindia.com/welcome/tender
2026-09-04,NEW,NHPC,Procurement of Hand GPS,,,,https://www.nhpcindia.com/welcome/tender
2026-09-04,NEW,NHPC,Application of Surface Protective Hard Coating on Spiral Casing and DT Cone of three Generating units of BSPS,,,,https://www.nhpcindia.com/welcome/tender
2026-09-04,NEW,NHPC,"Annual Maintenance of Two Nos. Hydro-generating units (Pelton Turbine) of 3X110 MW Kishanganga Power Station, Bandipora, J&K (PKG-492).",,,,https://www.nhpcindia.com/welcome/tender
2026-09-04,NEW,NHPC,"Repair and painting of Executive field hostel (inside), D-Type, D-Special and repair of damaged road in front of D-Type at Sapangni, Parbati-III Power Station",,,,https://www.nhpcindia.com/welcome/tender
2026-09-04,NEW,NHPC,"Supply, Installation, testing and commissioning of RECD as per CPCB norms on 2000/750 KVA Diesel Generating Set installed at NHPC Office Complex, Sector-33 & NHPC Residential Complex, Sector-41, Faridabad",,,,https://www.nhpcindia.com/welcome/tender
2026-09-04,NEW,NHPC,"Running and Maintenance of Water Supply System at Left bank and Right bank colony, Balutar (FY 2024-26)",,,,https://www.nhpcindia.com/welcome/tender
2026-09-04,NEW,NHPC,"Up-keeping and Maintenance of Dam Control Room, Dam body open area, Concrete road, Galleries etc. in Dam Complex of Uri-II Power Station",,,,https://www.nhpcindia.com/welcome/tender
2026-09-04,NEW,NHPC,Internal electrification of temporary residential and office establishments at Right Bank Munli Camp.,,,,https://www.nhpcindia.com/welcome/tender
2026-09-04,NEW,NHPC,"Cleaning of jungle (bushes), removal of deposited soil and providing re-Connection of water supply pipe line from main storage water tank to Field Hostel, Type-C and administrative building at Pamphok, Teesta-VI H E Project, Sikkim.",,,,https://www.nhpcindia.com/welcome/tender
2026-09-04,NEW,NHPC,"Repairing of Cavity in Apron area, downstream of end sill at EL +1151.00 of Dam by way of HPC M25A40 at Sewa-II Power Station (CW-642)",,,,https://www.nhpcindia.com/welcome/tender
2026-09-04,NEW,NHPC,Selection of Wind Power Developers for Supply of 600MW power from ISTS connected Wind Power Projects on anywhere in India basis under Tariff Based Competitive Bidding (TBCB) (NHPC-Tranche-VII-WIND (2024-25),,,,https://www.nhpcindia.com/welcome/tender
2026-09-04,NEW,NHPC,"General upkeeping and R & M of Guest House/Field Hostel including miscellaneous work for 02 years (2024-25) & (2025-26) in Dulhasti Power Station, Kishtwar.",,,,https://www.nhpcindia.com/welcome/tender
2026-09-04,NEW,NHPC,"Repairing and painting works of External & Internal Boundary wall at Vidyut Nagar Colony, Regional Office-Siliguri",,,,https://www.nhpcindia.com/welcome/tender
2026-09-04,NEW,NHPC,Providing and Fixing False Ceiling at Control Room and Conference Hall Ceiling & Epoxy Flooring at Service Bay and surrounding floor at Power House.,,,,https://www.nhpcindia.com/welcome/tender
2026-09-04,NEW,NHPC,"Running and Maintenance of Administrative Building at Teesta-V Power Station, Balutar , FY 2024-26",,,,https://www.nhpcindia.com/welcome/tender
2026-09-04,NEW,NHPC,"Supply of TILT METER (WIRELESS) , MPBX (WIRELESS) , V-NOTCH , CRACK METER (WIRELESS) , DATA LOGGER , PRISM SURVEY TARGET , Installation Charge (including drilling charge)",,,,https://www.nhpcindia.com/welcome/tender
2026-09-04,NEW,NHPC,SITC and Integration of new system with current CCTV Surveillance System as a single system,,,,https://www.nhpcindia.com/welcome/tender
2026-09-04,NEW,NHPC,"Painting, wall panelling and other Misc. work of Salal Sadan Guest House at Salal Power Station",,,,https://www.nhpcindia.com/welcome/tender
2026-09-04,NEW,NHPC,"Running and Maintenance of Nursery, Children cum Herbal Park and other Gardens in residential area and office building at Teesta-V Power Station for 02 years",,,,https://www.nhpcindia.com/welcome/tender
2026-09-04,NEW,NHPC,"Repair & Restoration of PPM room, Renovation of Dam control Room building by providing aluminium partition wall and false ceiling in Lift room & open space of ground floor, repair of toilets and other miscellaneous works at Dhyangarh of Salal Power Station",,,,https://www.nhpcindia.com/welcome/tender
2026-09-04,NEW,NHPC,"Maintenance and up-keeping of Right bank area Balutar, Teesta V Power Station for 02 years , FY 2024-26.",,,,https://www.nhpcindia.com/welcome/tender
2026-09-04,NEW,NHPC,NDT (Non-destructive testing) for thickness measurement at critical points of open-air- steel lined penstock and Firefighting pipeline by ultrasonic thickness measurement gauge at Sewa-II Power Station (SC-641),,,,https://www.nhpcindia.com/welcome/tender
2026-09-04,NEW,NHPC,Up-keeping and Maintenance of VIP Guest House at Nowpora Complex of Uri-ll Power Station,,,,https://www.nhpcindia.com/welcome/tender
2026-09-04,NEW,NHPC,"""Major Repair of 625 meter existing log boom installed in dam Reservoir as per scope of work for Salal Power Station ”.",,,,https://www.nhpcindia.com/welcome/tender
2026-09-04,NEW,NHPC,"Non-Comprehensive Maintenance Contract for CATERPILLAR Make 2000 KVA DG Sets installed at NHPC Limited, Corporate Office Premises, Sector-33, Faridabad",,,,https://www.nhpcindia.com/welcome/tender
2026-09-04,NEW,NHPC,"Repair of damaged/eroded portions of Spillway glacis, spillway, divide wall, training wall spillway buckets and silt excluder gallery with epoxy mortar, cementitious mortar and HPC of concrete dam of Salal Power Station.",,,,https://www.nhpcindia.com/welcome/tender
2026-09-04,NEW,NHPC,"Procurement of Occupancy Sensor (Motion Sensor) for Corporate Office Complex, NHPC Limited, Sector-33, Faridabad",,,,https://www.nhpcindia.com/welcome/tender
2026-09-04,NEW,NHPC,Recertification of QMS certification as per IS ISO 9001 2015 EMS as per IS ISO 14001 2015 and OHSMS as per IS ISO 45001 2018 for three 03 years and surveillance audit for 02 years of Sewa2 Power Station SC638,,,,https://www.nhpcindia.com/welcome/tender
2026-09-04,NEW,NHPC,Hiring of 01 No. Ambulance (2100-2600 CC /Turbo Charged) along with driver for Loktak HE Project for 02 Years (Package-8).,,,,https://www.nhpcindia.com/welcome/tender
2026-09-04,NEW,NHPC,R and M of Water Supply Arrangements at Loktak FY 2024-25.,,,,https://www.nhpcindia.com/welcome/tender
2026-09-04,NEW,NHPC,"Miscellaneous Repair and Renovation Works of Multipurpose Stage and Adjoining Area at Chhinj Ground, BSPS, Surangani",,,,https://www.nhpcindia.com/welcome/tender
2026-09-04,NEW,NHPC,"Lot 3 Main Dam including Coffer Dam of Dibang Multipurpose Project Arunachal Pradesh, India",,,,https://www.nhpcindia.com/welcome/tender
2026-09-04,NEW,NHPC,"Purchase of Curtains for Guest House-II, Community Centre and Staff Club, NHPC Residential Complex, Sec-41, Faridabad.",,,,https://www.nhpcindia.com/welcome/tender
2026-09-04,NEW,NHPC,"Protection of Left bank road of Intake Adit facing river and slope protection of Right bank at entrance of CFRD at Dam Site Gurez of KGPS, Bandipora (PKG-483).",,,,https://www.nhpcindia.com/welcome/tender
2026-09-04,NEW,NHPC,Repair and strengthening of boundaries’ at workshop and Quality Assurance department premises situated at Dhyangarh,,,,https://www.nhpcindia.com/welcome/tender
2026-09-04,NEW,NHPC,"Repair and Restoration of tile work near VIP Guest House and Sr. Executive Field Hostel at Sewa-II Power Station, Mashka (J&K) (CW-635)",,,,https://www.nhpcindia.com/welcome/tender
2026-09-04,NEW,NHPC,Purchase of two set Facing Plate for Top Cover and Pivot Ring with HP-HVOF coated for Parbati-III Power Station,,,,https://www.nhpcindia.com/welcome/tender
2026-09-04,NEW,NHPC,"Upgradation of 04 no’s work stations of SCADA (Windows 7 Professional to Windows 10 with software to be provided by OEM) installed at Power House Control Room of Kishanganga Power Station,Bandipora",,,,https://www.nhpcindia.com/welcome/tender
2026-09-04,NEW,NHPC,Repair/Restoration of damages caused due to joint opening in Bottom Horizontal Pressure Shaft of Power House of Parbati HE Project (Stage-II) (Package No. C-764).,,,,https://www.nhpcindia.com/welcome/tender
2026-09-04,NEW,NHPC,Repair of two numbers of Servomotors of Teesta-V Power Station,,,,https://www.nhpcindia.com/welcome/tender
2026-09-04,NEW,NHPC,"Supply, Installation, Testing & Commissioning of Automatic Water Level Recorder System (AWLR), (Non-Contact Radar/RF type), Velocity Sensor and AWS for Early Warning system (EWS) in the upstream of Dam site of Teesta-V Power Station, Sikkim",,,,https://www.nhpcindia.com/welcome/tender
2026-09-04,NEW,NHPC,Purchase of Office Suite Software,,,,https://www.nhpcindia.com/welcome/tender
2026-09-04,NEW,NHPC,Custom Bid for Services - Procurement of services of Technical Assistance in GIS RS Centre under Environment and Diversity Management Division at NHPC Office Complex Faridabad for 24 months,,,,https://www.nhpcindia.com/welcome/tender
2026-09-04,NEW,NHPC,"Providing manpower for assistance, cleaning and sweeping of Project Hospital at NHPC colony, Kralpora Bandipora for 2 years (PKG-487).",,,,https://www.nhpcindia.com/welcome/tender
2026-09-04,NEW,NHPC,Hiring of 01 No inspection Vehicle M&M Bolero B6/M&M Xylo or equivalent for 24 months for Teesta-V Power Station,,,,https://www.nhpcindia.com/welcome/tender
2026-09-04,NEW,NHPC,Providing cement concrete pavement on old approach road and construction of drain from Salal dam main road to Sai-Lanjan village via High School- RD 1400 to RD 1750 mtr”,,,,https://www.nhpcindia.com/welcome/tender
2026-09-04,NEW,NHPC,"Protective Ceramic Coating on Spiral Casing, Stay Vanes and Turbine Top Cover of 3 nos Generating Units (Unit-1, 2,3) of Teesta-V Power Station",,,,https://www.nhpcindia.com/welcome/tender
2026-09-04,NEW,NHPC,Repairing of CPU for Vibration Monitoring System VMS 500 installed at Teesta-V Power Station,,,,https://www.nhpcindia.com/welcome/tender
2026-09-04,NEW,NHPC,"Repair and maintenance of Project Hospital & Incinerator room (Helipad) at NHPC Teesta-V Power station, Balutar",,,,https://www.nhpcindia.com/welcome/tender
2026-09-04,NEW,NHPC,Purchase of Foam Mattress for 30 room guest house under construction on the right bank of 2880 MW Dibang Multipurpose Project site.,,,,https://www.nhpcindia.com/welcome/tender
2026-09-04,NEW,NHPC,Purchase of furniture for 30 room guest house under construction on the right bank of 2880 MW Dibang Multipurpose Project site,,,,https://www.nhpcindia.com/welcome/tender
2026-09-04,NEW,NHPC,Providing assistance for IT & Communication related works at Power House and Dam site of Teesta-V Power Station,,,,https://www.nhpcindia.com/welcome/tender
2026-09-04,NEW,NHPC,Repair Work of Main Road of Jyotipuram Residential Complex,,,,https://www.nhpcindia.com/welcome/tender
2026-09-04,NEW,NHPC,Hiring the Services of Tax Consultant for handling Tax Compliance’s matter on TDS on Dividend to be paid during FY 2024-25 & 2025-26 and other matters relating thereto. Approval for Draft Tender Document and call of Tender.,,,,https://www.nhpcindia.com/welcome/tender
2026-09-04,NEW,NHPC,"Repairing and painting of 02 nos Security Barrack & 02 nos Parking shed at Regional Office, Vidyut Nagar, Siliguri",,,,https://www.nhpcindia.com/welcome/tender
2026-09-04,NEW,NHPC,“Water proofing Roof Treatment of Power House at Dhyangarh of Salal Power Station,,,,https://www.nhpcindia.com/welcome/tender
2026-09-04,NEW,NHPC,Establishment of Early Warning System along with Automation of Siren and PA System for Parbati-III Power Station,,,,https://www.nhpcindia.com/welcome/tender
2026-09-04,NEW,NHPC,"Construction of RCC inverted L type section Cantilever Wall cum drain at 3rd Bench of Office cum Residential Complex, Sawalkote HE Project, Tanger, Ramban (J&K)",,,,https://www.nhpcindia.com/welcome/tender
2026-09-04,NEW,NHPC,Drainage and Protection Work and Part Realignment at Major Landslide portion of Project Access Road at RD ±2200 of Sawalkote HE Project,,,,https://www.nhpcindia.com/welcome/tender
2026-09-04,NEW,NHPC,"Repairing, Erection, Testing and Commissioning of 2X5 MVA 66/11 KV Transformer for Teesta-V Power Station",,,,https://www.nhpcindia.com/welcome/tender
2026-09-04,NEW,NHPC,"Supply, Installation, testing and Commissioning of Portable container for Workstation.",,,,https://www.nhpcindia.com/welcome/tender
2026-09-04,NEW,NHPC,"Supply, Installation, testing and Commissioning of Portable container for canteen.",,,,https://www.nhpcindia.com/welcome/tender
2026-09-04,NEW,NHPC,Internal electrification of temporary residential and office establishments at Right Bank Munli Camp,,,,https://www.nhpcindia.com/welcome/tender
2026-09-04,NEW,NHPC,"Renovation, Repairing and Painting of Type-II quarter at Samdong Colony, Teesta-V",,,,https://www.nhpcindia.com/welcome/tender
2026-09-04,NEW,NHPC,"Replacement of concrete tiles in the lawn footpath in front of FH,GH,HR office and Kalamanch along with installation of automatic sliding doors in the guest house of Township Complex at Nagwain, PHEP (Stage-II), (Pkg. No-C-758)",,,,https://www.nhpcindia.com/welcome/tender
2026-09-04,NEW,NHPC,"Hiring of Architectural Consultancy work for Planning, Designing and Estimating work of construction of Kendriya Vidyalaya ( A-1 Type ) at Teesta-V PS, Balutar, Sikkim.",,,,https://www.nhpcindia.com/welcome/tender
2026-09-04,NEW,NHPC,Annual Maintenance of Generating Units & its accessories for the year 2024-25,,,,https://www.nhpcindia.com/welcome/tender
2026-09-04,NEW,NHPC,Appointment of Dividend Banker for Payment of Final Dividend for the Financial Year 2023-24,,,,https://www.nhpcindia.com/welcome/tender
2026-09-04,NEW,NHPC,"Providing and Fixing of Stainless Steel Railing at Dam top and structural steel railing with maintaining the slope of ramp for Dam mess at Barshaini, Parbati-H.E. Project (Stage-II), (Package No-C-756)”.",,,,https://www.nhpcindia.com/welcome/tender
2026-09-04,NEW,NHPC,Hiring of six (06 No.) M&M Bolero Neo for the Subansiri Lower HE Project and empanelment of bidders for one year.,,,,https://www.nhpcindia.com/welcome/tender
2026-09-04,NEW,NHPC,Repair and Renovation of 1st Floor of existing building of Kendriya Vidyalaya.,,,,https://www.nhpcindia.com/welcome/tender
2026-09-04,NEW,NHPC,"Restoration of damaged boundary wall along with river protection/training work at Sainj Township of Parbati H.E. Project (Stage-II), (Package No-C-745A)",,,,https://www.nhpcindia.com/welcome/tender
2026-09-04,NEW,NHPC,"SUPPLY, ERECTION, TESTING AND COMMISSIONING OF HYDRAULIC TRASH RACK CLEANING MACHINE FOR SALAL POWER STATION (690 MW)",,,,https://www.nhpcindia.com/welcome/tender
2026-09-04,NEW,NHPC,Repair of Thrust Bearing Mirror Disc of 60 MW Francis Turbine of Baira Siul Power Station,,,,https://www.nhpcindia.com/welcome/tender
2026-09-04,NEW,NHPC,Re-tubing and Repairing of Thrust bearing oil Cooler of Chamera-1 Power Station.,,,,https://www.nhpcindia.com/welcome/tender
2026-09-04,NEW,NHPC,Selection of RE Power Developers For Supply of 1200MW Firm & Dispatchable power (Assured Peak Power Supply) from ISTS connected Renewable Energy Power Projects coupled with Energy Storage System (ESS) on ‘anywhere in India’ basis under TBCB with “GREENSHOE OPTION,,,,https://www.nhpcindia.com/welcome/tender
2026-09-04,NEW,NHPC,"Maintenance & Cleaning of Rain Harvesting Pits for year 2024 in NHPC office Complex, Sector-33, Faridabad, Haryana",,,,https://www.nhpcindia.com/welcome/tender
2026-09-04,NEW,NHPC,"Restoration / Repair of damaged CGI shed building of DG Room & Control room, Left bank NHPC Teesta V power station , Balutar",,,,https://www.nhpcindia.com/welcome/tender
2026-09-04,NEW,NHPC,"Topographical Survey of Project area for Kamala Hydroelectric Project (1800 MW), Arunachal Pradesh",,,,https://www.nhpcindia.com/welcome/tender
2026-09-04,NEW,NHPC,"Supply and Fixing of 800 Amp LT Distribution Panel (Outdoor) at Powerhouse area, Pamphok.",,,,https://www.nhpcindia.com/welcome/tender
2026-09-04,NEW,NHPC,"Restoration of protection work damaged due to Flash Flood at Manikaran colony of Dam Complex, Parbati-H.E. Project (Stage-II), (Package No-C-755)",,,,https://www.nhpcindia.com/welcome/tender
2026-09-04,NEW,NHPC,Providing services for Routine Mechanical Maintenance Work of Teesta-V Power House Excluding Annual / Capital Maintenance Works for Smooth Running of 3x170 MW Generating Units and Associated System for the period of two (2) years,,,,https://www.nhpcindia.com/welcome/tender
2026-09-04,NEW,NHPC,"Providing and laying cement concrete, protection wall and cross drainage work of Katarbain-Bhaledh road at BSPS,Surangani,Chamba",,,,https://www.nhpcindia.com/welcome/tender
2026-09-04,NEW,NHPC,"Repair of Damaged retaining walls From RD ± 5.800 KM to RD ± 5.820 KM and RD ±3.500 KM to ±RD 3.517 KM at Dam to Goli Road, CPS-1.",,,,https://www.nhpcindia.com/welcome/tender
2026-09-04,NEW,NHPC,Retubing and Repairing of Stator Air Cooler of Chamera-1 Power Station.,,,,https://www.nhpcindia.com/welcome/tender
2026-09-04,NEW,NHPC,"Drilling of two no. Boreholes, supply & installation of MS pipe, submersible pumps in complete for tapping of underground water for supply to Chimiri Colony, Dibang Multipurpose Project, Arunachal Pradesh",,,,https://www.nhpcindia.com/welcome/tender
2026-09-04,NEW,NHPC,"Package-6, Modification of Diversion Tunnel into Tunnel Spillway Arrangement - Civil & HM Works (Tunnel Spillway, Adit to GOC, GOC Gate Shaft, Inlet Bell Mouth, Outlet Concrete Dyke and Energy Dissipation Arrangement) for Teesta-V Power Station, Sikkim",,,,https://www.nhpcindia.com/welcome/tender
2026-09-04,NEW,NHPC,"Re-tubing of old and used Generator coolers (07 nos. stator air coolers, 04 nos. LGB coolers and 08 nos. UGB coolers).",,,,https://www.nhpcindia.com/welcome/tender
2026-09-04,NEW,NHPC,"Repair and Maintenance of Manikaran office/buildings and internal road at Dam Complex and Manikaran Colony , Parbati-H.E. Project (Stage-II), (Package No-C-751).",,,,https://www.nhpcindia.com/welcome/tender
2026-09-04,NEW,NHPC,"Hiring of services for Testing of Sediment Samples & reporting of data for Seti River-6 H. E. Project, Sudur Paschim Province, Nepal (SR-05)",,,,https://www.nhpcindia.com/welcome/tender
2026-09-04,NEW,NHPC,Dry ice Cryogenic cleaning of Stator & painting on Stator,,,,https://www.nhpcindia.com/welcome/tender
2026-09-04,NEW,NHPC,NH/CCW/CC-II/CO-315/PR10023/536,,,,https://www.nhpcindia.com/welcome/tender
2026-09-04,NEW,NHPC,"Construction of retaining structures for development of third bench of Office cum Residential complex of Sawalkote HE Project, Tanger",,,,https://www.nhpcindia.com/welcome/tender
2026-09-04,NEW,NHPC,Annual Maintenance Contract of water coolers/ purifiers installed at CPS-1.,,,,https://www.nhpcindia.com/welcome/tender
2026-09-04,NEW,NHPC,"Providing services for Running & Maintenance of Land Acquisition, R&R and Environment divisions of Dibang Multipurpose Project, Arunachal Pradesh for 12months",,,,https://www.nhpcindia.com/welcome/tender
2026-09-04,NEW,NHPC,Invitation of Applications for Empanelment of Insurance Consultants,,,,https://www.nhpcindia.com/welcome/tender
2026-09-04,NEW,NHPC,Reservoir Rim Treatment near Dikchu Bazar area from RD ±2.15 KM of Dam axis to RD ±2.20 KM upstream of Dam axis at Dam site of Teesta-V Power Station,,,,https://www.nhpcindia.com/welcome/tender
2026-09-04,NEW,NHPC,"Scan of top to access the depth & penetration of surface cracks existing at the top surface of Dul Dam, in Year (2023-24) DPS, Kishtwar",,,,https://www.nhpcindia.com/welcome/tender
2026-09-04,NEW,NHPC,Providing assistance for Running & Maintenance of main administrative office at Mangan for Teesta -IV HE Project,,,,https://www.nhpcindia.com/welcome/tender
2026-09-04,NEW,NHPC,Providing protection work for stabilization of hill slope in MAT and DTGH area of Power House at Uri-II Power Station,,,,https://www.nhpcindia.com/welcome/tender
2026-09-04,NEW,NHPC,"Engagement of DGR sponsored Private Security Agencies/ Services at Sewa-II Power Station, Mashka, District-Kathua, J&K (SC-630)",,,,https://www.nhpcindia.com/welcome/tender
2026-09-04,NEW,NHPC,"Restoration work of damage slided portion of Adit-III approach road between Road RD ±0.00 km - RD ±6.00 km and protection work of approach road to Adit-I portal including Stair work from dam top to stilling basin at Sewa-II Power Station, J&K(CW-616)",,,,https://www.nhpcindia.com/welcome/tender
2026-09-04,NEW,NHPC,Toe protection work at right bank of D/s of Ithai Barrage.,,,,https://www.nhpcindia.com/welcome/tender
2026-09-04,NEW,NHPC,"Repairing of internal roads, sewerage line and round abouts of Nowpora Colony, Uri-II Power Station",,,,https://www.nhpcindia.com/welcome/tender
2026-09-04,NEW,NHPC,Annual/Capital Maintenance of 4 X 60MW Hydro-Generating Units of Uri-II Power Station as per scope of work for period of two successive maintenance year i.e. 2024-25 and 2025-26,,,,https://www.nhpcindia.com/welcome/tender
2026-09-04,NEW,NHPC,Upgradation and refurbishment of EOT cranes of Uri Power Station,,,,https://www.nhpcindia.com/welcome/tender
2026-09-04,NEW,NHPC,Restoration of damaged Parapet from Tamruchi RD 2700 to RD 4400 along the road side of Dul Dam at DPS Kishtwar,,,,https://www.nhpcindia.com/welcome/tender
2026-09-04,NEW,NHPC,"Restoration of the damaged Railing and approach path to C-Gallery, Chain Link fencing from intake to Dam Top, Culvert at RD 2776, Toilet at Dam Top, and other Miscellaneous repair Works at Dul Dam DPS- Kishtwar",,,,https://www.nhpcindia.com/welcome/tender
2026-09-04,NEW,NHPC,"Repair of CRPF barrack/building at Lamdan and repair of CRPF officer’s mess kitchen at Old Colony Loktak of Loktak Project, Manipur.",,,,https://www.nhpcindia.com/welcome/tender
2026-09-04,NEW,NHPC,Selection of Solar Power Generators For Setting up of 1200 MW (1.2 GW) ISTS Connected Solar Power Projects on anywhere in India basis under TBCB,,,,https://www.nhpcindia.com/welcome/tender
2026-09-04,NEW,NHPC,Deputation of skilled manpower for repair of 50 MVAr Shunt Reactor at 400KV Switchyard Complex of Chamera-1 Power station,,,,https://www.nhpcindia.com/welcome/tender
2026-09-04,NEW,NHPC,"Repairing, overhauling and replacement of filter media in both old and new filtration plants installed in the colony of Regional Office, Siliguri",,,,https://www.nhpcindia.com/welcome/tender
2026-09-04,NEW,NHPC,"Exploratory drilling, driving and reaming of Nx size drill holes with Diamond core drilling machine using Double Tube/Triple Tube core barrel at Dam, PH and TRT of SR-6 HE Project, Distt.-Doti/Achham, Sudur Paschim Province, Nepal (SR-06)",,,,https://www.nhpcindia.com/welcome/tender
2026-09-04,NEW,NHPC,Providing and laying boulder apron in wire crates at Cheko Nallah along Permanent boundary wall of NHPC Chimri colony land,,,,https://www.nhpcindia.com/welcome/tender
2026-09-04,NEW,NHPC,"Repair of One set Damaged Bottom Ring & Minor repairing, Machining & HP-HVOF Coating of 2 Sets (48Nos) Guide vanes of Dulhasti Power station, Kishtwar",,,,https://www.nhpcindia.com/welcome/tender
2026-09-04,NEW,NHPC,"Restoration of retaining wall on road from Power House to CISF Barrack at RD 1/172 Km to 1/196 km near CISF Ground, CPS-1.",,,,https://www.nhpcindia.com/welcome/tender
2026-09-04,NEW,NHPC,"Construction of 06 blocks (each block consisting of 04 No. rooms) of temporary building at Munli right bank, New Apali and at various places, Dibang Multipurpose Project, Arunachal Pradesh",,,,https://www.nhpcindia.com/welcome/tender
2026-09-04,NEW,NHPC,"Providing power supply for various buildings and installation of street lights at Chimri Colony, 2880 MW Dibang Multipurpose Project",,,,https://www.nhpcindia.com/welcome/tender
2026-09-04,NEW,NHPC,Hiring of External Agency/ Consultant for preparation of DPR for 1800 MW Savitri Pump Storage Project,,,,https://www.nhpcindia.com/welcome/tender
2026-09-04,NEW,NHPC,"Repair and Painting Work of Plan House, Control Room and Old Barrack at Siul Complex, BSPS, Surangani",,,,https://www.nhpcindia.com/welcome/tender
2026-09-04,NEW,NHPC,"Design & Engineering, Manufacturing, Supply, Erection, Testing & Commissioning of 10 Ton EOT (Electric Overhead Travelling) crane at E&M Store of Parbati HE Project Stage-II.)”(Package-C-752)",,,,https://www.nhpcindia.com/welcome/tender
2026-09-04,NEW,NHPC,"Supply, Installation, Testing and commissioning of 02 nos. 800 Amps Air Circuit Breaker (ACB) including accessories and Restoration of automation system of WBSEDCL I/C and DG AMF panel of O&M Unit-II Office, Kolkata",,,,https://www.nhpcindia.com/welcome/tender
2026-09-04,NEW,NHPC,"EPC Contract for Design, Engineering, Supply, Construction, Erection, Testing, and Commissioning of 200 MW Grid connected Solar PV Power Project in GSECL’s RE Solar Park at Khavda (Stage-3), Gujarat with Comprehensive O & M for five years.",,,,https://www.nhpcindia.com/welcome/tender
2026-09-04,NEW,NHPC,"Providing footpath along internal road from main gate to Line Division Office at Old Colony of Loktak Project, Manipur.",,,,https://www.nhpcindia.com/welcome/tender
2026-09-04,NEW,NHPC,Purchase of LT distribution panels for providing power supply at Pathar camp site colony,,,,https://www.nhpcindia.com/welcome/tender
2026-09-04,NEW,NHPC,"Painting and Repairing Work of Valve House, Cable Trench at Switchyard, New DG Building and Switchyard Control Room at Baira Siul Power Station",,,,https://www.nhpcindia.com/welcome/tender
2026-09-04,NEW,NHPC,"Repair & maintenance of existing Old water supply GI PIPE Line at Balutar colony Right bank, NHPC Teesta-V Power Station",,,,https://www.nhpcindia.com/welcome/tender
2026-09-04,NEW,NHPC,"Supplying, Erection, Testing and Commissioning of Electrical & Mechanical works and construction of Civil works for 90 KLD sewage treatment plant (STP) for NHPC Teesta V Right Bank Colony, Balutar",,,,https://www.nhpcindia.com/welcome/tender
2026-09-04,NEW,NHPC,"Supply, installation, Testing and commissioning of Horizontal centrifugal axially split case pump with suitable motor & frame and Starter cum control panel with mandatory spares and Pipeline with accessories & Bus bar chamber with Main switch & Power cable for HVAC system of Teesta V Power Station",,,,https://www.nhpcindia.com/welcome/tender
2026-09-04,NEW,NHPC,"Purchase of Split AC with accessories for office building at Roing, office building and HOP residence at Chimri colony on GeM Portal",,,,https://www.nhpcindia.com/welcome/tender
2026-09-04,NEW,NHPC,"Repair & painting of Nursery School building at CPS-1, Khairi.",,,,https://www.nhpcindia.com/welcome/tender
2026-09-04,NEW,NHPC,"Repair of Drains, Tiles, Flooring etc. of Field Hostel-1 to Field Hostel -4, Old B-type and Old C-Type Buildings in Township of Kishanganga Power Station, Bandipora, J&K (PKG-482).",,,,https://www.nhpcindia.com/welcome/tender
2026-09-04,NEW,NHPC,"Replacement of cover plate of Cable Channel and Repair at Switch Yard area of Sewa-II Power Station Mashka,(JK) (CW-618)",,,,https://www.nhpcindia.com/welcome/tender
2026-09-04,NEW,NHPC,"Providing protection work near power intake of Uri-II Power Station, JK",,,,https://www.nhpcindia.com/welcome/tender
2026-09-04,NEW,NHPC,"Providing Running and Maintenance Services in Various Field Hostels at Dibang Multipurpose Project, Roing, Arunachal Pradesh",,,,https://www.nhpcindia.com/welcome/tender
2026-09-04,NEW,NHPC,Overhauling and Servicing along with supply of consumable spares for H.P. & L.P. Compressors of Teesta-V Power Station,,,,https://www.nhpcindia.com/welcome/tender
2026-09-04,NEW,NHPC,"Repair, Maintenance, Flushing & Revival of Twin Tube Piezometer(TTP) at Baira Dam",,,,https://www.nhpcindia.com/welcome/tender
2026-09-04,NEW,NHPC,Consultancy Services for Preparation of Pre-Feasibility Reports (PFR) for two pumped storage projects in Maharashtra (Kalu PSP) and Tripura (Longthrai PSP,,,,https://www.nhpcindia.com/welcome/tender
2026-09-04,NEW,NHPC,"Supply, Installation and Annual maintenance of LED Display board at Nagwain,Parbati HE Project (Stage-II)” (Package No. C-741).",,,,https://www.nhpcindia.com/welcome/tender
2026-09-04,NEW,NHPC,Supply and Installation of anti-corrosive coating and Thermal lagging of cooling water pipe line at Uri-II Power House,,,,https://www.nhpcindia.com/welcome/tender
2026-09-04,NEW,NHPC,Painting of Hydro Mechanical equipments and structures installed at Dam & SFT of Uri-II Power Station,,,,https://www.nhpcindia.com/welcome/tender
2026-09-04,NEW,NHPC,"Providing services for operation and maintenance of electrical equipment of Dibang Multipurpose Project and wiring of the proposed accommodation, for a period of 12 months",,,,https://www.nhpcindia.com/welcome/tender
2026-09-04,NEW,NHPC,Providing service of Running and Maintenance of IT&C Division of Dibang Multipurpose Project (2880MW).,,,,https://www.nhpcindia.com/welcome/tender
2026-09-04,NEW,NHPC,"Repair of Jigrai Trench Weir surface at Jigrai Nallah site of Parbati H.E. Project (Stage-II), (Package No-C-749)”.",,,,https://www.nhpcindia.com/welcome/tender
2026-09-04,NEW,NHPC,"Service, repair and maintenance contract of Package/DuctableACs installed at Power House & Colony of Chamera-I Power Station.",,,,https://www.nhpcindia.com/welcome/tender
2026-09-04,NEW,NHPC,"Protection of Left bank road of Intake Adit facing river and slope protection of Right bank at entrance of CFRD at Dam Site Gurez of KGPS, Bandipora (PKG-483).",,,,https://www.nhpcindia.com/welcome/tender
2026-09-04,NEW,NHPC,"Providing Running & Maintenance services for Liaison office cum Transit camp, Dibrugarh of Dibang Multipurpose Project, Roing, Arunachal Pradesh for a period of 24 months",,,,https://www.nhpcindia.com/welcome/tender
2026-09-04,NEW,NHPC,"Supply, Installation and commissioning of MS Effluent Water Digital Flow Meters for Sewage Treatment Plants at Dulhasti Power Station, Kishtwar",,,,https://www.nhpcindia.com/welcome/tender
2026-09-04,NEW,NHPC,Purchase of Rebound hammer (schmidt’s hammer) for 2880MW Dibang Multipurpose Project,,,,https://www.nhpcindia.com/welcome/tender
2026-09-04,NEW,NHPC,"Supply, Installation, Testing and commissioning of 500 KVA silent Diesel Generator set as per detailed technical specification",,,,https://www.nhpcindia.com/welcome/tender
2026-09-04,NEW,NHPC,"Supply, Installation, Testing and commissioning of 250 KVA silent Diesel Generator sets as per detailed technical specification",,,,https://www.nhpcindia.com/welcome/tender
2026-09-04,NEW,NHPC,Carrying out Annual Maintenance and Repair of underwater parts of three Generating Units of 3X60 MW of BSPS,,,,https://www.nhpcindia.com/welcome/tender
2026-09-04,NEW,NHPC,"Replacement of Wooden Flooring of Badminton Court of Community Hall/Multipurpose Hall at Nagwain Township of Parbati-H.E. Project (Stage-II), (Package No-C-748)”.",,,,https://www.nhpcindia.com/welcome/tender
2026-09-04,NEW,NHPC,"Painting of temporary and permanent KVS building at Sainj, Parbati-H.E. Project (Stage-II), (Package No-C-750).”",,,,https://www.nhpcindia.com/welcome/tender
2026-09-04,NEW,NHPC,Hiring of Services for providing Cooking services and assistance in cleaning in NHPC transit camp,,,,https://www.nhpcindia.com/welcome/tender
2026-09-04,NEW,NHPC,"Repairing of CRPF barrack at Power House Colony, Leimatak.",,,,https://www.nhpcindia.com/welcome/tender
2026-09-04,NEW,NHPC,"Providing Security Services of Ex-Serviceman through DGR Registered Agencies at Regional Office, Chandigarh",,,,https://www.nhpcindia.com/welcome/tender
2026-09-04,NEW,NHPC,"Housekeeping of Jyoti Sadan at NHPC Office Complex, Sector-33, Faridabad",,,,https://www.nhpcindia.com/welcome/tender
2026-09-04,NEW,NHPC,Purchase of Godrej furniture under PAC,,,,https://www.nhpcindia.com/welcome/tender
2026-09-04,NEW,NHPC,"Onsite Repair of Runner (OS1) of Dulhasti Power Station, Kishtwar",,,,https://www.nhpcindia.com/welcome/tender
2026-09-04,NEW,NHPC,Repairing of Water Supply System in Old Colony & New Colony of Loktak Project.,,,,https://www.nhpcindia.com/welcome/tender
2026-09-04,NEW,NHPC,"Repairing of 4th row of Bamboo Trash Rack at Power Channel, Loktak Project, Manipur.",,,,https://www.nhpcindia.com/welcome/tender
2026-09-04,NEW,NHPC,"Architecture works of office room at Power House of Kishanganga PS by providing and fixing wooden wall lining, khatam bandi in ceiling, laminated wooden flooring etc. (PKG-478).",,,,https://www.nhpcindia.com/welcome/tender
2026-09-04,NEW,NHPC,"Construction of High Raised Watch Tower near Pump House at TRC area of Sewa-II Power Station, Mashka, J&K(CW-620)",,,,https://www.nhpcindia.com/welcome/tender
2026-09-04,NEW,NHPC,"Restoration of Damaged Left Bank Sainj Suind Road between RD 567 (U/s) to RD 1284 (D/s) and boundary wall of CISF Camp, Sallah of Parbati-III Power Station",,,,https://www.nhpcindia.com/welcome/tender
2026-09-04,NEW,NHPC,"Supply, installation, testing and commissioning of license free Walkie Talkie sets (Make: Skyfone , Model :S-111) including charger, battery, clip etc. & spare battery for license free Walkie Talkie sets of Make: Skyfone , Model :S-111",,,,https://www.nhpcindia.com/welcome/tender
2026-09-04,NEW,NHPC,"“Repair, Painting and Renovation of 4th & 5th Block and other Misc. Work at KV School DPS, Kishtwar",,,,https://www.nhpcindia.com/welcome/tender
2026-09-04,NEW,NHPC,"Renovation of Bursar Guest House (Quarter No. 97,98,99,100&101;) in Semna Colony of Dulhasti Power Station, Kishtwar",,,,https://www.nhpcindia.com/welcome/tender
2026-09-04,NEW,NHPC,"Providing Earthing for Electrical Installations at Office premises and Colony of Sewa-II Power Station, Mashka, Distt.-Kathua(JK) (EW-617)",,,,https://www.nhpcindia.com/welcome/tender
2026-09-04,NEW,NHPC,"Providing and Fixing of Awning at Portico of Administrative office and PFH at NHPC colony Kralpora, Bandipora (PKG-475).",,,,https://www.nhpcindia.com/welcome/tender
2026-09-04,NEW,NHPC,"Landscaping work at NHPC Colony Kralpora, Bandipora, J and K by providing play equipment and garden benches (PKG-479)”.",,,,https://www.nhpcindia.com/welcome/tender
2026-09-04,NEW,NHPC,"Providing and laying GI pipe line for water supply scheme RD 450 to 810 and miscellaneous work such as road concreting, drain works etc. at Shalimar colony, DPS, Kishtwar",,,,https://www.nhpcindia.com/welcome/tender
2026-09-04,NEW,NHPC,"Providing Insurance Cover during O&M period for 50MW Wind Power Project at Jaisalmer, Rajasthan for one year w.e.f. 19.06.24 to 18.06.25",,,,https://www.nhpcindia.com/welcome/tender
2026-09-04,NEW,NHPC,"Supply and Laying of 12 Core Optical Fiber Cable from Admin block via 132 KV switchyard Semna colony to Hunjala Dul Dam area at DPS, Kishtwar",,,,https://www.nhpcindia.com/welcome/tender
2026-09-04,NEW,NHPC,"Lot- 5B Package for Hydro-Mechanical Works for Intake and Draft Tube Gates & Hoists of Dibang Multipurpose Project, 2880 MW , located in Lower Dibang Valley District in the State of Arunachal Pradesh, India",,,,https://www.nhpcindia.com/welcome/tender
2026-09-04,NEW,NHPC,"Package 5 - Civil works for Repair and Restoration work in HRT from Adit-3 downstream to Adit-5, Surge Shaft, Tail Race Tunnel area etc. of Teesta-V Power Station, Sikkim.",,,,https://www.nhpcindia.com/welcome/tender
2026-09-04,NEW,NHPC,"Repair and renovation of Dam control room, Power pack room and Gate chamber of KGPS Dam site Gurez, Bandipora, J & K (PKG-481)",,,,https://www.nhpcindia.com/welcome/tender
2026-09-04,NEW,NHPC,Protection work for strengthening basement/footing of lattice pole structures of NHPC 11KV Balutar-Dikchu Transmission line of Teesta-V Power Station,,,,https://www.nhpcindia.com/welcome/tender
2026-09-04,NEW,NHPC,Repairing of 02 Nos Multistage case booster pump WL 100/4 and 02 Nos 3 (Three) Phase induction motor 170 HP (125 KW) at Shalimar Pumping Station at DPS Kishtwar,,,,https://www.nhpcindia.com/welcome/tender
2026-09-04,NEW,NHPC,Hydrographic Survey upto 32.50 km downstream of Dul Dam in Chenab river for Dam Break Analysis / Flood Routing and preparation of Inundation Map (for EAP),,,,https://www.nhpcindia.com/welcome/tender
2026-09-04,NEW,NHPC,"Hydrographic Survey of Dul Dam Reservoir & Cross Section for EWS at DPS, Kishtwar for year 2024 and year 2025",,,,https://www.nhpcindia.com/welcome/tender
2026-09-04,NEW,NHPC,"Modification/Refurbishment with design & engineering of three Monorail Hoists with supply of different components and installation & commissioning for making the hoists fully functional at Dam site of Dulhasti Power Station, NHPC Ltd., Kishtwar (J&K)",,,,https://www.nhpcindia.com/welcome/tender
2026-09-04,NEW,NHPC,Creation of CRECHE/ DAY CARE CENTRE facility at Uri-II Power Station-Repair & Painting work of some portion of Nursery School building at Nowpora complex thereof,,,,https://www.nhpcindia.com/welcome/tender
2026-09-04,NEW,NHPC,Insurance Coverage under Group Personal Accident Insurance Scheme (GPAI) for a period of one year (From 01/06/2024 to 31/05/2025),,,,https://www.nhpcindia.com/welcome/tender
2026-09-04,NEW,NHPC,Overhauling and Servicing along with supply of consumable spares for H.P. & L.P. Compressors of Teesta-V Power Station,,,,https://www.nhpcindia.com/welcome/tender
2026-09-04,NEW,NHPC,"Development and landscaping of park at NHPC residential colony Dawar Gurez, of Kishanganga Power Station, Jammu and Kashmir (PKG-480).",,,,https://www.nhpcindia.com/welcome/tender
2026-09-04,NEW,NHPC,Upgradation of SCADA System at Teesta-V Power Station: Ensuring Efficiency and Security,,,,https://www.nhpcindia.com/welcome/tender
2026-09-04,NEW,NHPC,Complete restoration of Chiller Unit # 01 of HVAC system at PH,,,,https://www.nhpcindia.com/welcome/tender
2026-09-04,NEW,NHPC,"Supply, Installation, Testing and Commissioning of Fire Fighting and Protection System of Oil Pumping Units of MIV and Governor installed in Power House of Sewa-II Power Station, Mashka, Distt.-Kathua (JK) (MW-609)",,,,https://www.nhpcindia.com/welcome/tender
2026-09-04,NEW,NHPC,Insurance Coverage of Motor Vehicle Advance under NHPC Employees (MVA) Group Insurance Scheme for a Period of One Year (24.05.2024 to 23.05.2025),,,,https://www.nhpcindia.com/welcome/tender
2026-09-04,NEW,NHPC,"Repairing of Guest House and Area development around Guest house at Ithai Colony, Loktak Power Station.",,,,https://www.nhpcindia.com/welcome/tender
2026-09-04,NEW,NHPC,"Cleaning of Hurla and Pancha Trench weir, intake structure , collection chamber, Silt Flushing tunnel, gate grooves, Approch Tunnel, Feeder Tunnel and other associated structure of Parbati-H.E. Project, (Stage-II), (Package No-C-747)",,,,https://www.nhpcindia.com/welcome/tender
2026-09-04,NEW,NHPC,"Repair of existing Civil site office and Civil Site Store at Old Colony, Loktak Project.",,,,https://www.nhpcindia.com/welcome/tender
2026-09-04,NEW,NHPC,"Repair, Machining, Stress Relieving and HP-HVOF Coating of Runner and Guide Vanes of 60 MW Francis Turbine of Baira Siul Power Station",,,,https://www.nhpcindia.com/welcome/tender
2026-09-04,NEW,NHPC,"Waterproofing treatment of Vertical Expansion Joints at Power House Building,BSPS,Surangani",,,,https://www.nhpcindia.com/welcome/tender
2026-09-04,NEW,NHPC,"Renovation of Boundary wall at Dawar Gurez of Kishanganga Power Station, J & K (PKG-476).",,,,https://www.nhpcindia.com/welcome/tender
2026-09-04,NEW,NHPC,Upgradation of Feedback system of Main Inlet Valve (MIV) and Brake Jet Valve (BJV) at Power House of Parbati HE Project (Stage-II)”(Package-C-743).,,,,https://www.nhpcindia.com/welcome/tender
2026-09-04,NEW,NHPC,Repair of two numbers of Servomotors of Teesta-V Power Station,,,,https://www.nhpcindia.com/welcome/tender
2026-09-04,NEW,NHPC,Selection of RE Power Developers For Supply of 1200MW ‘Firm & Dispatchable’ power from ISTS connected (TBCB) - Tranche-II,,,,https://www.nhpcindia.com/welcome/tender
2026-09-04,NEW,NHPC,"Construction of 120ft Bailey Bridge over Khordak Channel near Khordak Regulator, Loktak Project on EPC basis.",,,,https://www.nhpcindia.com/welcome/tender
2026-09-04,NEW,NHPC,"Removal of grass/ rank vegetation around Diesel Power House at Bidda workshop in NHPC Township, Dhyangarh & Jyotipuram.",,,,https://www.nhpcindia.com/welcome/tender
2026-09-04,NEW,NHPC,"Modification of Trench Weirs at Bhaledh including Design, manufacturing, supply and erection of modified trash rack along with necessary civil work at Bhaledh trench weir apron to increase the water carrying capacity and state of art for preventing of washing out of the trash rack placed over Bhaledh trench weir of Baira Siul Power Station",,,,https://www.nhpcindia.com/welcome/tender
2026-09-04,NEW,NHPC,"Repair and maintenance of SBI Bank and Post Office Building at Commercial Complex, Gerukamukh",,,,https://www.nhpcindia.com/welcome/tender
2026-09-04,NEW,NHPC,"Construction of Toilet, Rain Shelter at Bihali, Larji and Development of Play ground in School at Tipridhar under NHPC-CSR Scheme",,,,https://www.nhpcindia.com/welcome/tender
2026-09-04,NEW,NHPC,Hiring of 01 No inspection Vehicle M&M Bolero BS6 or equivalent for 24 months for Teesta-V Power Station,,,,https://www.nhpcindia.com/welcome/tender
2026-09-04,NEW,NHPC,Hiring of 01 No inspection Vehicle M&M Bolero B6/M&M Xylo or equivalent for 24 months for Teesta-V Power Station,,,,https://www.nhpcindia.com/welcome/tender
2026-09-04,NEW,NHPC,Hiring of a Toyota Innova (Crysta)2.4 GX or equivalent for 24 months for Teesta-V Power Station,,,,https://www.nhpcindia.com/welcome/tender
2026-09-04,NEW,NHPC,"Development of Area between Administrative Building and Community Hall and Near Permanent B-Type Quarters at KGPS Colony, Bandipora (PKG-463).",,,,https://www.nhpcindia.com/welcome/tender
2026-09-04,NEW,NHPC,Providing assistance for IT & Communication related works at Power House and Dam site of Teesta-V Power Station,,,,https://www.nhpcindia.com/welcome/tender
2026-09-04,NEW,NHPC,"Repairs and servicing of Ashok Leyland Make Tractor Trailer-JK14B-7967, Model-4921 ((2024_NHPC_799846_1))",,,,https://www.nhpcindia.com/welcome/tender
2026-09-04,NEW,NHPC,Restoration of damaged/washed out portion of foot track and M S Pipe railing along river sapangini colony of Parbati III Power Station,,,,https://www.nhpcindia.com/welcome/tender
2026-09-04,NEW,NHPC,"Providing and fixing the supporting frame over runner inspection platform and covering plate on runner removal hatch cover of three generating units of Power House, Kishanganga Power Station (PKG-471).",,,,https://www.nhpcindia.com/welcome/tender
2026-09-04,NEW,NHPC,"Repairing work of Perimeter Wall near the NHPC Colony Main Gate at Karalpora, Bandipora, J & K (Pkg-470).",,,,https://www.nhpcindia.com/welcome/tender
2026-09-04,NEW,NHPC,Restoration of damaged/washed out portion of boundary/retaining wall along the river including electrical works at sapangini of Parbati III Power Station,,,,https://www.nhpcindia.com/welcome/tender
2026-09-04,NEW,NHPC,"Repair work of 11 KV HT line of Panch and construction of new 11 KV line of Hurla site of Parbati H.E. Project (Stage-II), (Package No-C-746)",,,,https://www.nhpcindia.com/welcome/tender
2026-09-04,NEW,NHPC,"Replacement of raised flooring panels of Control Room of Sewa -II Power Station, Mashka, J&K (CW-600)",,,,https://www.nhpcindia.com/welcome/tender
2026-09-04,NEW,NHPC,"Renovation work in Power House sub store, near Switchyard of Kishanganga Power Station, Bandipora, J&K (PKG-469).",,,,https://www.nhpcindia.com/welcome/tender
2026-09-04,NEW,NHPC,"Repair and maintenance of Project Hospital & Incinerator room (Helipad) at NHPC Teesta-V Power station, Balutar",,,,https://www.nhpcindia.com/welcome/tender
2026-09-04,NEW,NHPC,"Restoration protection work of Dumping Site-3, Tareda, Parbati-III Power Station",,,,https://www.nhpcindia.com/welcome/tender
2026-09-04,NEW,NHPC,External Painting of Salal Power House & surroundings and Providing and Fixing ACP sheets in front of Service bay and entrance of Power House Building (Tender ID 2024_NHPC_798990_1),,,,https://www.nhpcindia.com/welcome/tender
2026-09-04,NEW,NHPC,Hiring of Five (05) nos. Mahindra Bolero model B4 (Diesel) or higher with driver and with fuel (reimbursable) for two years,,,,https://www.nhpcindia.com/welcome/tender
2026-09-04,NEW,NHPC,"Protection work for Boundary wall at Power House area, KGPS, Bandipora, J&K (Pkg-474)",,,,https://www.nhpcindia.com/welcome/tender
2026-09-04,NEW,NHPC,"Providing and fixing Grab bar in toilets at NHPC Office, Sec-33, Faridabad",,,,https://www.nhpcindia.com/welcome/tender
2026-09-04,NEW,NHPC,Repainting of various components installed at Switchyard Complex of CPS-1.,,,,https://www.nhpcindia.com/welcome/tender
2026-09-04,NEW,NHPC,"Channelization of Seepage in Transformer Cavern, MAT Portal, MIV floor, Platform on GIS floor crane beam of Power House Parbati-III Power Station, Behali",,,,https://www.nhpcindia.com/welcome/tender
2026-09-04,NEW,NHPC,"Restoration of damaged boundary wall along with river protection/training work at Sainj Township of Parbati H.E. Project (Stage-II), (Package No-C-745)",,,,https://www.nhpcindia.com/welcome/tender
2026-09-04,NEW,NHPC,"Repair of Right bank Executive Field Hostel (With Kitchen) & internal electrification of Executive Field Hostel and kitchen of Auditorium, Teesta -V Power Station at Balutar",,,,https://www.nhpcindia.com/welcome/tender
2026-09-04,NEW,NHPC,Safety Railing for newly constructed A-type and B-type quarters for CISF at Nowpora Complex of Uri-II Power Station,,,,https://www.nhpcindia.com/welcome/tender
2026-09-04,NEW,NHPC,"Design, supply, erection and commissioning of mono rail for lifting arrangement of Drainage and Dewatering system",,,,https://www.nhpcindia.com/welcome/tender
2026-09-04,NEW,NHPC,"""River bank protection/ erosion control measures on the Right bank of River Subansiri adjacent to Kokatitup, D/s of 1 Nos Sumdiri (RD 49.45KM to 50.35KM) (900m), beyond 30KM)""",,,,https://www.nhpcindia.com/welcome/tender
2026-09-04,NEW,NHPC,"Repair and Maintenance of road from NH-1A to Surge Shaft and NH-1A to DTGH of Uri-II Power Station, JK",,,,https://www.nhpcindia.com/welcome/tender
2026-09-04,NEW,NHPC,"Repairing of road side drains along the power channel and other areas at dam complex of Uri-II Power Station, JK",,,,https://www.nhpcindia.com/welcome/tender
2026-09-04,NEW,NHPC,"Comprehensive Maintenance including supply of spares, installation, testing and commissioning of 40 Ton and 10 Ton EOT crane installed in Turbine Floor and GIS Hall respectively at Power House of Parbati HE Project (Stage-II)”(Package-C-740).",,,,https://www.nhpcindia.com/welcome/tender
2026-09-04,NEW,NHPC,"Drilling of 30 m Holes of 45mm in Drainage Gallery, Power House, PPS-III Behali",,,,https://www.nhpcindia.com/welcome/tender
2026-09-04,NEW,NHPC,"Procurement, Manufacturing, Supply, Erection, Testing and Commissioning of new expansion joint at AB-10 anchor block etc. complete in all respect at Sewa-II Power Station, Mashka, Distt.-Kathua (JK) (MW-599)",,,,https://www.nhpcindia.com/welcome/tender
2026-09-04,NEW,NHPC,"Drilling of 02 Bore wells and installation of casing and submersible pumps along with connecting to water Supply tank/pipe line at Balutar colony Right bank, Teesta-V Power Station",,,,https://www.nhpcindia.com/welcome/tender
2026-09-04,NEW,NHPC,"Hiring of Services for providing assistance in Field Hostel mess & assistance in Office Works for West Seti Project, Sudur Paschim Province, Nepal (Package WS-08).",,,,https://www.nhpcindia.com/welcome/tender
2026-09-04,NEW,NHPC,Providing and Fixing Profile Sheet at MAT Portal and near Machine Hall of Parbati-III Power Station,,,,https://www.nhpcindia.com/welcome/tender
2026-09-04,NEW,NHPC,Repairing and painting of exterior portion of VIP Guest House and its Boundary Wall at Regional office-Siliguri,,,,https://www.nhpcindia.com/welcome/tender
2026-09-04,NEW,NHPC,"Plinth Protection, drain repair, external repair and painting works of Type-Zero, Type-I, Type-IA, Type -II (old), Type-II (New) and Type-III, F/H at Regional Office, Vidyut Nagar, Siliguri",,,,https://www.nhpcindia.com/welcome/tender
2026-09-04,NEW,NHPC,"Hiring of Services for collection of G&D data and Sedimentation Samples at Dam & Power House Site and providing assistance during Geophysical Studies, Survey work and site visits of West Seti H. E. Project, Sudur Paschim Pradesh, Nepal (Package WS-07)",,,,https://www.nhpcindia.com/welcome/tender
2026-09-04,NEW,NHPC,"Hiring of Services for collection of G&D data and Sedimentation Samples at Dam & Power House Site and providing assistance during Geophysical Studies, Survey work and site visits of Seti River-6 H. E. Project, Sudur Paschim Pradesh, Nepal (Package SR-04)",,,,https://www.nhpcindia.com/welcome/tender
2026-09-04,NEW,NHPC,"Hiring of Mahindra Bolero Camper 4WD BS VI (Double Cabin) for Dugar HE Project at Luj, Killar, Distt. Chamba (Package No. DHEP-17)",,,,https://www.nhpcindia.com/welcome/tender
2026-09-04,NEW,NHPC,"Painting of VIP Guest house at Sector-35, Renovation of stair case with Stainless steel railing, tile flooring, Construction of Temporary sheds, Collapsible door at Sector-43, Chandigarh",,,,https://www.nhpcindia.com/welcome/tender
2026-09-04,NEW,NHPC,Internal Wiring of a Plan House Cum Office Building and Canteen(Under Construction) at Baira Dam,,,,https://www.nhpcindia.com/welcome/tender
2026-09-04,NEW,NHPC,"Statutory test of Lifting Tools-tackles, air vessels and equipment under Factory Act, 1948 of power House",,,,https://www.nhpcindia.com/welcome/tender
2026-09-04,NEW,NHPC,"Insurance of various movable and immovable properties of NHPC Office Complex, Sector-33, Faridabad, Residential Complex, Surajkund Road, Faridabad and Guest House-Delhi for the period of 2024-25.",,,,https://www.nhpcindia.com/welcome/tender
2026-09-04,NEW,NHPC,Hydrographic survey of Salal Dam reservoir at Dhyangarh for year 2024-25,,,,https://www.nhpcindia.com/welcome/tender
2026-09-04,NEW,NHPC,"Painting and Miscellaneous Repair Works of Central Store at Baira Siul Power Station,Surangani",,,,https://www.nhpcindia.com/welcome/tender
2026-09-04,NEW,NHPC,Hiring of a M&M Bolero Camper or equivalent for Teesta-V Power Station for a period of 24 months,,,,https://www.nhpcindia.com/welcome/tender
2026-09-04,NEW,NHPC,Purchase of cartridge and toner for HP printers.,,,,https://www.nhpcindia.com/welcome/tender
2026-09-04,NEW,NHPC,“Purchase of 01 no. Ultra Sound Machine”,,,,https://www.nhpcindia.com/welcome/tender
2026-09-04,NEW,NHPC,Providing assistance for Running & Maintenance of main administrative office at Mangan for Teesta -IV HE Project.,,,,https://www.nhpcindia.com/welcome/tender
2026-09-04,NEW,NHPC,Providing assistance for Running & Maintenance of Field Hostel at Samdong for Teesta -IV HE Project,,,,https://www.nhpcindia.com/welcome/tender
2026-09-04,NEW,NHPC,"Stabilization of hill slope side of penstock u/s of AB # 8 at Sewa -II Power Station, Mashka, J&K (CW-611)",,,,https://www.nhpcindia.com/welcome/tender
2026-09-04,NEW,NHPC,River bank protection/ erosion control measures on the Right bank of River Subansiri adjacent to village Haridash goan (Beyond 30km),,,,https://www.nhpcindia.com/welcome/tender
2026-09-04,NEW,NHPC,"Supply, Erection and Testing of 11 KV inter-connection line from NHPC Left bank colony to NHPC Right bank colony at Teesta-V Power Station, Balutar",,,,https://www.nhpcindia.com/welcome/tender
2026-09-04,NEW,NHPC,"Package-4, Civil Works for cleaning, repair and restoration work of HRT (Adit-1 to Adit-3) of Teesta-V Power Station, Sikkim",,,,https://www.nhpcindia.com/welcome/tender
2026-09-04,NEW,NHPC,Annual Maintenance Contract for 03 nos. 500 KVA DG set & 01 no. 200 KVA Cummins make DG set,,,,https://www.nhpcindia.com/welcome/tender
2026-09-04,NEW,NHPC,“Providing assistance services for hydro meteorological work of Dibang Multipurpose Project at various G&D sites and rain gauge stations”,,,,https://www.nhpcindia.com/welcome/tender
2026-09-04,NEW,NHPC,"Renovation, Repairing and Painting of Type-II (12 Nos) quarter at Samdong Colony, Teesta-V",,,,https://www.nhpcindia.com/welcome/tender
2026-09-04,NEW,NHPC,"Internal Wiring of Balika Ashram(Under Construction)at Chilli, Tehsil-Churah, Distt- Chamba(H.P)",,,,https://www.nhpcindia.com/welcome/tender
2026-09-04,NEW,NHPC,"Repair of SFT Outlet and its surrounding area at Bhaledh,BSPS,Surangani",,,,https://www.nhpcindia.com/welcome/tender
2026-09-04,NEW,NHPC,"Restoration of Damaged / Washout portion of Drain, Sewage Line & Internal Road along the river at Sapangni Colony, Parbati-III Power Station",,,,https://www.nhpcindia.com/welcome/tender
2026-09-04,NEW,NHPC,"Rate Contract for Purchase of Medicines for Project Hospital Subansiri Lower H.E, Project Gerukamukh for 1 year",,,,https://www.nhpcindia.com/welcome/tender
2026-09-04,NEW,NHPC,"“ Supply, Installation, testing and Commissioning of Portable container for offices, accommodations and canteen use purpose”.",,,,https://www.nhpcindia.com/welcome/tender
2026-09-04,NEW,NHPC,Construction of cladding work by way of Aluminium Composite Panel (ACP) in approach gallery of Power House at Uri-II Power Station,,,,https://www.nhpcindia.com/welcome/tender
2026-09-04,NEW,NHPC,"“ Manufacturing, Supplying, Installation, Testing and commissioning of customized Main LT Distribution Panel with 2000A current capacity Copper bus bar and as per detailed technical specification.",,,,https://www.nhpcindia.com/welcome/tender
2026-09-04,NEW,NHPC,Restoration Work of Potable Water Supply Line from Pump Station to Pothead Yard of Parbati-III Power Station,,,,https://www.nhpcindia.com/welcome/tender
2026-09-04,NEW,NHPC,"“ Supply, installation, testing and commissioning of license free Walkie Talkie sets (Make: Skyfone , Model :S-111) including charger, battery, clip etc. & spare battery for license free Walkie Talkie sets of Make: Skyfone , Model :S-111”,",,,,https://www.nhpcindia.com/welcome/tender
2026-09-04,NEW,NHPC,"Wide publicity of achievements of Ministry of Power, Government of India through hoardings in the State of Sikkim",,,,https://www.nhpcindia.com/welcome/tender
2026-09-04,NEW,NHPC,Balance Work of “Construction of Oil Sump Tank under RMU works of Baira Siul Power Station,,,,https://www.nhpcindia.com/welcome/tender
2026-09-04,NEW,NHPC,"Modification of Trench Weirs at Bhaledh including Design, manufacturing, supply and erection of modified trash rack along with necessary civil work at Bhaledh trench weir apron to increase the water carrying capacity and state of art for preventing of washing out of the trash rack placed over Bhaledh trench weir of Baira Siul Power Station",,,,https://www.nhpcindia.com/welcome/tender
2026-09-04,NEW,NHPC,"Purchase of 2 Nos DG Set (30KVA) for Dibang MPP, Roing",,,,https://www.nhpcindia.com/welcome/tender
2026-09-04,NEW,NHPC,Supply & Installation of Portable Security Guard Cabins at construction sites of Major works of Dibang Multipurpose Project & at Chimiri Colony,,,,https://www.nhpcindia.com/welcome/tender
2026-09-04,NEW,NHPC,एनएचपीसी निगम मुख्यालय में 300 नग क्लास- III डिजिटल हस्ताक्षर सर्टिफिकेट (DSC) की आपूर्ति के लिए तीन वर्षों की दर अनुबंध,,,,https://www.nhpcindia.com/welcome/tender
2026-09-04,NEW,NHPC,Repairing of Steel Bridge over Siul Nallah to Drop Shaft at Siul Weir Complex of BSPS,,,,https://www.nhpcindia.com/welcome/tender
2026-09-04,NEW,NHPC,Additional Rock Protection in Poor Reach of Adit to Pressure Shaft and Adit to MIV Hall,,,,https://www.nhpcindia.com/welcome/tender
2026-09-04,NEW,NHPC,onstruction of new boundary and beautification of front area of the non-Executive field hostel of Regional Office-Siliguri,,,,https://www.nhpcindia.com/welcome/tender
2026-09-04,NEW,NHPC,"Repairing of road from NH-1A to Dachi bridge of Uri-II Power Station, JK",,,,https://www.nhpcindia.com/welcome/tender
2026-09-04,NEW,NHPC,Supply of 1200MW power from ISTS connected Wind Power Projects under Tariff Based Competitive Bidding (TBCB),,,,https://www.nhpcindia.com/welcome/tender
2026-09-04,NEW,NHPC,Hiring of Different Type of Vehicles (15 no.) along with all necessary arrangement for its smooth operation/ running for various locations of Parbati H.E. Project (Stage-II) (Package No. C- 738)”.,,,,https://www.nhpcindia.com/welcome/tender
2026-09-04,NEW,NHPC,"Construction of temporary rooms for starting Kendriya Vidyalaya in Children's Park at Left Bank of Teesta-V Power Station, Balutar",,,,https://www.nhpcindia.com/welcome/tender
2026-09-04,NEW,NHPC,Repair and maintenance work of Dam Spillway Glacis no. 3 of Uri-Il Power Station,,,,https://www.nhpcindia.com/welcome/tender
2026-09-04,NEW,NHPC,"Repairing of CRPF Type-II Quarters (Nos. 18, 22, 25, 26, 27 & 28) Near Guest House at Old Colony Loktak.",,,,https://www.nhpcindia.com/welcome/tender
2026-09-04,NEW,NHPC,"Supply, Installation, Testing and Commissioning of Fire Fighting and Protection System of Oil Pumping Units of MIV and Governor installed in Power House of Sewa-II Power Station, Mashka, Distt.-Kathua (J&K) (MW-609)",,,,https://www.nhpcindia.com/welcome/tender
2026-09-04,NEW,NHPC,Mural art work for Salal Power Station and power house photo at wall in front of Admin II building Salal Power Station,,,,https://www.nhpcindia.com/welcome/tender
2026-09-04,NEW,NHPC,"Clearing of grass/jungle grown over the silt deposited in the right bank of the reservoir area near to Rock-fill dam at Dhyangarh, Salal Power Station",,,,https://www.nhpcindia.com/welcome/tender
2026-09-04,NEW,NHPC,"Re-Wiring of Admin Building-II (GM Office) at Salal Power Station, Jyotipuram",,,,https://www.nhpcindia.com/welcome/tender
2026-09-04,NEW,NHPC,"Construction of wire Crates for slope protection of damaged G E Store land on the right bank of river bank towards Kanan Khola at Teesta-VI H E Project Pamphok, South Sikkim, Sikkim",,,,https://www.nhpcindia.com/welcome/tender
2026-09-04,NEW,NHPC,"Restoration of Damages Caused due to Heavy Rainfall at Power House Site of Parbati HE Project (Stage-II), Sainj, Kullu, (H.P) (Package No. C-734A)”.",,,,https://www.nhpcindia.com/welcome/tender
2026-09-04,NEW,NHPC,"Comprehensive AMC of Window/ Split/ Cassette Type Air Conditioners & Water Coolers in NHPC Residential Complex, Sector-41, Faridabad for Two Years.",,,,https://www.nhpcindia.com/welcome/tender
2026-09-04,NEW,NHPC,"Renovation of Toilet in Admin Building, Behali of Parbati-III Power Station",,,,https://www.nhpcindia.com/welcome/tender
2026-09-04,NEW,NHPC,"Providing Running and Maintenance Services in Various Field Hostels at Dibang Multipurpose Project, Roing, Arunachal Pradesh",,,,https://www.nhpcindia.com/welcome/tender
2026-09-04,NEW,NHPC,"Package-3, Civil works for Repair and Restoration of Concrete Dam & Appurtenant Structure, Power Intake, Desilting Chambers, Branch HRT, GOC, Gate Shafts and Part HRT etc. upto Adit 1 of Teesta-V Power Station, Sikkim",,,,https://www.nhpcindia.com/welcome/tender
2026-09-04,NEW,NHPC,Providing Consultancy Services for undertaking EIA studies for West Seti H E Project along with Initial Environmental Examination for its Transmission Line including preparation and approval of EIA study report from IBN/MOFE/Govt. of Nepal,,,,https://www.nhpcindia.com/welcome/tender
2026-09-04,NEW,NHPC,Hiring of Services for undertaking Reservoir Area Survey and River Cross-Section Survey of Seti River and its tributaries /nallahs in the reservoir area for West Seti HE Project.,,,,https://www.nhpcindia.com/welcome/tender
2026-09-04,NEW,NHPC,Restoration of damaged protection work of road to Silt flushing Tunnel of Parbati-III Power Station,,,,https://www.nhpcindia.com/welcome/tender
2026-09-04,NEW,NHPC,"Engineering, Procurement & Construction (EPC) Contract for Setting up of Pilot Project for Green Hydrogen based Mobility Station at District- Chamba, Himachal Pradesh along with Comprehensive O&M of 03 Years",,,,https://www.nhpcindia.com/welcome/tender
2026-09-04,NEW,NHPC,Restoration of damaged/wash out of protection work along the river at Sapangni colony of Parbati-III Power Station,,,,https://www.nhpcindia.com/welcome/tender
2026-09-04,NEW,NHPC,Hiring of Three (03) nos. Mahindra Scorpio N Model Z2 (Diesel) or higher with driver and with fuel for two years,,,,https://www.nhpcindia.com/welcome/tender
2026-09-04,NEW,NHPC,Borrowing of Rupee Term Loan (RTL) up to Rs. 1500 Crore from Banks/ Financial Institutions,,,,https://www.nhpcindia.com/welcome/tender
2026-09-04,NEW,NHPC,"Providing Running & Maintenance services for Liaison office cum Transit camp, Dibrugarh of Dibang Multipurpose Project, Roing, Arunachal Pradesh for a period of 24 months",,,,https://www.nhpcindia.com/welcome/tender
2026-09-04,NEW,NHPC,"The work of upkeeping the existing Office Complex and adjoining areas, the mandays are required to maintain and running of system at Dibang Multipurpose Project, Roing, Arunachal Pradesh",,,,https://www.nhpcindia.com/welcome/tender
2026-09-04,NEW,NHPC,"Repairing of Loktak-Leimatak road from Tiddim Gate to Pump House at Awang Bazar and road from Tiddim Gate to Bamboo Trash Rack, Loktak Project.",,,,https://www.nhpcindia.com/welcome/tender
2026-09-04,NEW,NHPC,"To provide services for operation and maintenance of electrical equipment of Dibang Multipurpose Project and wiring of the proposed accommodation, for a period of 12 months .",,,,https://www.nhpcindia.com/welcome/tender
2026-09-04,NEW,NHPC,Repair work of damaged road on left bank at dam site Kharamukh Chamera –III Power Station. . (Pkg. No. DIII-04)”,,,,https://www.nhpcindia.com/welcome/tender
2026-09-04,NEW,NHPC,"Repair of Spillway glacis of gate No. 02 of Chamera-III Power station, Dam at Kharamukh. (Pkg. No. DIII-03)",,,,https://www.nhpcindia.com/welcome/tender
2026-09-04,NEW,NHPC,Repairing of Main and MIV drainage pumps of Power House at Uri-II Power Station,,,,https://www.nhpcindia.com/welcome/tender
2026-09-04,NEW,NHPC,Repair works of Horizontal Portion of Pressure Shaft at Adit -VI of Chamera-III Power Station (Pkg. No. DIII-05),,,,https://www.nhpcindia.com/welcome/tender
2026-09-04,NEW,NHPC,"Repairing of 5th row of Bamboo Trash Rack and cleaning of water Hyacinth Phumdies, Aquatic Weeds between 4th row and 5th row of Bamboo Trash Rack at Power Channel, Loktak Project, Manipur.",,,,https://www.nhpcindia.com/welcome/tender
2026-09-04,NEW,NHPC,"Construction of Toilet block at the Camp Office of Hon’ble Minister of State for Power & H.I. at 1301, Sector-28 , Faridabad, Haryana",,,,https://www.nhpcindia.com/welcome/tender
2026-09-04,NEW,NHPC,Appointment of International Credit Rating Agency for issuing credit rating for NHPC’s International Borrowing Program for 3 years (i.e. from 3rd Feb. 2024 to 2nd Feb. 2027),,,,https://www.nhpcindia.com/welcome/tender
2026-09-04,NEW,NHPC,"Supply, Erection, Testing and Commissioning of LED High Mast Lighting System at Dibang MPP",,,,https://www.nhpcindia.com/welcome/tender
2026-09-04,NEW,NHPC,Supply of one (1) Set of By-pass Valve for MIV for Teesta- V Power Station,,,,https://www.nhpcindia.com/welcome/tender
2026-09-04,NEW,NHPC,Facility Management Service- R&M of office & field hostel 2024-2026 (2 years),,,,https://www.nhpcindia.com/welcome/tender
2026-09-04,NEW,NHPC,Hiring of 01 No Toyota Innova (Crysta) 2.4 GX or equivalent vehicle for Teesta-IV HE Project,,,,https://www.nhpcindia.com/welcome/tender
2026-09-04,NEW,NHPC,"Hiring of Services for Two Years in day to day assistance (such as Attendant, Photocopier, Dak carrier and other misc. works in the NHPC Office, Sec-33, Faridabad for office work",,,,https://www.nhpcindia.com/welcome/tender
2026-09-04,NEW,NHPC,Expression of Interest (EOI) From Any Indian/Global Company FOR “Empanelment with NHPC Ltd regarding the Development of Offshore Wind Power Projects in India”,,,,https://www.nhpcindia.com/welcome/tender
2026-09-04,NEW,NHPC,Restoration of Sheelagarh Manihar road near Sheelagarh Bailley Bridge of Parbati HE Project (Stage-II) (Package No. C-737),,,,https://www.nhpcindia.com/welcome/tender
2026-09-04,NEW,NHPC,Restoration of damaged/wash out portion of protection work of dumping site DS-1 along the river at Sallah of Parbati-III Power Station,,,,https://www.nhpcindia.com/welcome/tender
2026-09-04,NEW,NHPC,"Providing Security Services at NHPC Residential Colony, Surajkund Road, Faridabad by DGR Sponsored Security Agency for 02 years",,,,https://www.nhpcindia.com/welcome/tender
2026-09-04,NEW,NHPC,Protection of Plunge Pool area by providing Concrete Block & Wire Crates at Dam Site of Parbati-III Power Station,,,,https://www.nhpcindia.com/welcome/tender
2026-09-04,NEW,NHPC,Renovation of common toilets of Administrative building of Uri-II Power Station at Nowpora,,,,https://www.nhpcindia.com/welcome/tender
2026-09-04,NEW,NHPC,"Hiring of R&M Services for Running and Maintenance of Office Cum Field Hostel of 50 MW Wind Power Project , Jaisalmer of NHPC Ltd.",,,,https://www.nhpcindia.com/welcome/tender
2026-09-04,NEW,NHPC,Monetization of Free Cash component (Return on Equity) of Kishanganga Power Station for next eight-year in single tranche during FY 2023-2024,,,,https://www.nhpcindia.com/welcome/tender
2026-09-04,NEW,NHPC,"Re-construction of 11/0.415 KV Electrical Sub-station along with HT line, HT & LT Panels, and other associated works, at Dikchu Dam site of Teesta-V Power Station NHPC Ltd, damaged due to land slide",,,,https://www.nhpcindia.com/welcome/tender
2026-09-04,NEW,NHPC,Removal of slided muck from Adit -II of Parbati-III Power Station at Salwad,,,,https://www.nhpcindia.com/welcome/tender
2026-09-04,NEW,NHPC,"Testing of several parameters of Drinking water as per IS :10500: 2012, Stack Emissions and Noise Level of DG Sets, Noise level in Power House and other locations, Effluent from Sewerage Treatment Plants (STP) and Stack Emission of Incinerator at Teesta-V",,,,https://www.nhpcindia.com/welcome/tender
2026-09-04,NEW,NHPC,"Supply, Installation, testing and commissioning of main cooling water pump Motor set (Split casing pump motor set instead of vertical pump motor set) of Chamera-I Power Station.",,,,https://www.nhpcindia.com/welcome/tender
2026-09-04,NEW,NHPC,"Supply, Installation, Testing and Commissioning of PA system at Dam & Power House of Chamera-I Power Station.",,,,https://www.nhpcindia.com/welcome/tender
2026-09-04,NEW,NHPC,"Wide publicity of achievements of Ministry of Power, Government of India through hoardings in the State of Sikkim",,,,https://www.nhpcindia.com/welcome/tender
2026-09-04,NEW,NHPC,"Repair and Renovation of Saraswati Vidhya Niketan at Samdong, Sikkim",,,,https://www.nhpcindia.com/welcome/tender
2026-09-04,NEW,NHPC,Selection of Wind Power Developers For Supply of 1300MW power from ISTS connected Wind Power Projects under Tariff Based Competitive Bidding (TBCB),,,,https://www.nhpcindia.com/welcome/tender
2026-09-04,NEW,NHPC,Repair of damaged 30 (Thirty) stator bars of 110MW Hydro generator installed at Kishanganga Power Station (PKG-462).,,,,https://www.nhpcindia.com/welcome/tender
2026-09-04,NEW,NHPC,Protection work of approach road to Adit-II portal of Sewa-II Power Station(CW-602),,,,https://www.nhpcindia.com/welcome/tender
2026-09-04,NEW,NHPC,"Supply, erection, testing and commissioning of 11 kV overhead line with Aerial bunched cables from Y-Junction to Dam Intake of NHPC Subansiri Lower Hydroelectric Project, Dollungmukh, Arunachal Pradesh",,,,https://www.nhpcindia.com/welcome/tender
2026-09-04,NEW,NHPC,Repair of steel liner in spillway Glacis at D/S of radial gate No #3 of Dul Dam at DPS Kishtwar,,,,https://www.nhpcindia.com/welcome/tender
2026-09-04,NEW,NHPC,"Wide publicity of achievements of Ministry of Power, Government of India through Selfie points in the State of Sikkim",,,,https://www.nhpcindia.com/welcome/tender
2026-09-04,NEW,NHPC,Rectification (Using NDT techniques and Welding) of water leakage from concrete near to Spiral casing manhole of Unit-1 of CPS-1.,,,,https://www.nhpcindia.com/welcome/tender
2026-09-04,NEW,NHPC,Repair & maintenance of Dhyangarh Zero band Talwara road by repair of potholes and patches with bituminous surface at Salal Power Station,,,,https://www.nhpcindia.com/welcome/tender
2026-09-04,NEW,NHPC,Appointment of Dividend Banker for distribution of Interim Dividend for the Financial Year 2023-24,,,,https://www.nhpcindia.com/welcome/tender
2026-09-04,NEW,NHPC,"Repair, Maintenance of HM equipments installed at Siul Weir, Bhaled Weir and Power House Complex of BSPS",,,,https://www.nhpcindia.com/welcome/tender
2026-09-04,NEW,NHPC,"Repairing of 4 nos A-Type Qtrs. (21 to 24) at Uri-II Power Station, Nowpora Complex",,,,https://www.nhpcindia.com/welcome/tender
2026-09-04,NEW,NHPC,"Ceramic Coating on spiral casing, stay vanes and stay ring of Unit # 1 of Dulhasti Power Station",,,,https://www.nhpcindia.com/welcome/tender
2026-09-04,NEW,NHPC,"Renovation of Hospital Building in Semna Colony at Dulhasti Power Station, Kishtwar",,,,https://www.nhpcindia.com/welcome/tender
2026-09-04,NEW,NHPC,Restoration of ARMAC System installed at Dam of Parbati-III Power Station,,,,https://www.nhpcindia.com/welcome/tender
2026-09-04,NEW,NHPC,"Construction of Garbage collecting Pit at Chenab Nagar, Dulhasti Power Station Kishtwar",,,,https://www.nhpcindia.com/welcome/tender
2026-09-04,NEW,NHPC,Renovation of Dulhasti Bhawan and Chenab Bhavan at DPS Kishtwar,,,,https://www.nhpcindia.com/welcome/tender
2026-09-04,NEW,NHPC,Protection work of left pier of Khairi bridge foundation.,,,,https://www.nhpcindia.com/welcome/tender
2026-09-04,NEW,NHPC,Providing and applying Antifungal Coating in Power House of Parbati-III Power Station,,,,https://www.nhpcindia.com/welcome/tender
2026-09-04,NEW,NHPC,Construction of Foundation for Integrated TRT Outlet Gate Hoist at Chamera Power Station-I.,,,,https://www.nhpcindia.com/welcome/tender
2026-09-04,NEW,NHPC,Construction of Overhead water tank along-with Borewell for Fire Station at Salamabad of Uri-II Power Station,,,,https://www.nhpcindia.com/welcome/tender
2026-09-04,NEW,NHPC,"Restoration of Damages around E&M Stores due to Heavy Rainfall at Power House Site of Parbati HE Project (Stage-II), Sainj, Kullu, (H.P) (Package No. C-735).",,,,https://www.nhpcindia.com/welcome/tender
2026-09-04,NEW,NHPC,Repair and renovation of 132 KV substation building and other buildings of Dulhasti Power Station Kishtwar,,,,https://www.nhpcindia.com/welcome/tender
2026-09-04,NEW,NHPC,"Restoration of Damages Caused due to Heavy Rainfall at Power House Site of Parbati HE Project (Stage-II), Sainj, Kullu, (H.P) (Package No. C-734)”.",,,,https://www.nhpcindia.com/welcome/tender
2026-09-04,NEW,NHPC,"Construction of School Building (Rooms, Kitchen and Toilets, Boundary Wall etc.) at Govt. Primary School, Khalihalta (Ward No.13, Roop Nagar, Reasi) under CSR Scheme.",,,,https://www.nhpcindia.com/welcome/tender
2026-09-04,NEW,NHPC,"Exploratory Drifting at Underground Powerhouse of Seti River-6 H. E. Project, District: Doti/Achham, Sudur Paschim Province, Nepal (Package SR-03)",,,,https://www.nhpcindia.com/welcome/tender
2026-09-04,NEW,NHPC,"Exploratory Drifting at Left and Right Abutment of Dam of Seti River-6 H. E. Project, District: Doti/ Achham, Sudur Paschim Province, Nepal (Package SR-02)",,,,https://www.nhpcindia.com/welcome/tender
2026-09-04,NEW,NHPC,"Exploratory drilling, driving, reaming of Nx size drill holes with Diamond core drilling machine using Double Tube Triple Tube core barrel",,,,https://www.nhpcindia.com/welcome/tender
2026-09-04,NEW,NHPC,"Procurement, Manufacturing, Supply, Erection, Testing and Commissioning of new expansion joint at AB-10 anchor block etc complete in all respect at Sewa-II Power Station, Mashka, Distt.-Kathua (J&K) (MW-599)",,,,https://www.nhpcindia.com/welcome/tender
2026-09-04,NEW,NHPC,"Repair of oil pipe line, pressure testing, condenser coil cleaning and SITC of DYNA View display of Trane make Chillers (RTAC-200) installed at Sewa-II Power House (MW-603)",,,,https://www.nhpcindia.com/welcome/tender
2026-09-04,NEW,NHPC,"External Repairing and Painting at Teesta Bhawan, Vidyut Nagar",,,,https://www.nhpcindia.com/welcome/tender
2026-09-04,NEW,NHPC,"Plinth Protection, drain repair, external repair and painting works of Type-Zero, Type-I, Type-IA, Type -II (old), Type-II (New) & Type-III, F/H at Regional Office, Vidyut Nagar, Siliguri",,,,https://www.nhpcindia.com/welcome/tender
2026-09-04,NEW,NHPC,"Refurbishment and Replacement of Pipe Lines, Valves, NRVs, Pumps and other accessories of Old Fire Fighting System",,,,https://www.nhpcindia.com/welcome/tender
2026-09-04,NEW,NHPC,"Providing Security Services at NHPC Office Complex, Faridabad by DGR Sponsored Security Agency",,,,https://www.nhpcindia.com/welcome/tender
2026-09-04,NEW,NHPC,"Repair of 02 No. Aqua make, 150 HP Submersible Pump at Parbati-III Power Station",,,,https://www.nhpcindia.com/welcome/tender
2026-09-04,NEW,NHPC,Calling service engineer (OEM) of HMC for servicing/inspection during Annual Maintenance of Generating units of 3x110 MW Kishanganga Power station(PKG-452).,,,,https://www.nhpcindia.com/welcome/tender
2026-09-04,NEW,NHPC,Replacement of False ceiling in Control room and VIP room of Power House of Parbati H.E. Project (Stage-II) (Package No. C-730)”,,,,https://www.nhpcindia.com/welcome/tender
2026-09-04,NEW,NHPC,"Repair & painting of Spectator gallery , Rangmanch & Basketball court in Kendriya Vidyalaya at Chamera Power Station-I.",,,,https://www.nhpcindia.com/welcome/tender
2026-09-04,NEW,NHPC,"Scan of top to access the depth & penetration of surface cracks existing at the top surface of Dul Dam, in Year (2023-24) DPS, Kishtwar",,,,https://www.nhpcindia.com/welcome/tender
2026-09-04,NEW,NHPC,"(A) Construction of (a) Security Post near Adit-I, APS Top & right bank of Dam (b) Construction of rain shelter at Dam site (B) Electrification of Security Posts near Adit I, APS Top & Right bank of Dam, Teesta-V Power Station",,,,https://www.nhpcindia.com/welcome/tender
2026-09-04,NEW,NHPC,Repair with HP-HVOF coating of damaged runners OP-2 & OP-3 of Dulhasti Power Station,,,,https://www.nhpcindia.com/welcome/tender
2026-09-04,NEW,NHPC,"Repairing of damaged approach road of Bhaledh Apron at BSPS Surangani, Chamba",,,,https://www.nhpcindia.com/welcome/tender
2026-09-04,NEW,NHPC,"Minor repairing and painting of External portion of Administrative building with compound wall and other miscellaneous work at Regional office, Siliguri",,,,https://www.nhpcindia.com/welcome/tender
2026-09-04,NEW,NHPC,"Exploratory Drilling Works (40 nos. holes @4 m each) at Right Bank drift and Left Bank Drift of Dibang Multipurpose Project, Arunachal Pradesh",,,,https://www.nhpcindia.com/welcome/tender
2026-09-04,NEW,NHPC,"Repairing and Maintenance by Providing Protection Wall of Nakrod-Dam Road at Bairadam, BSPS",,,,https://www.nhpcindia.com/welcome/tender
2026-09-04,NEW,NHPC,"Maintenance and Strengthening of colony boundary wall and Kachhariyan Pump Station at Salal Power Station, Jyotipuram.",,,,https://www.nhpcindia.com/welcome/tender
2026-09-04,NEW,NHPC,"Replacement of raised flooring panels of Control Room of Sewa -II Power Station, Mashka, J&K (CW-600)",,,,https://www.nhpcindia.com/welcome/tender
2026-09-04,NEW,NHPC,"Providing and laying of Cement Concrete in the invert of Crown Construction Adit at Power House of KGPS, Bandipora (Pkg-456).",,,,https://www.nhpcindia.com/welcome/tender
2026-09-04,NEW,NHPC,"Scientific cleaning and sterilisation of water tanks at Semna, DSB and Shalimar colony of Dulhasti Power Station, Kishtwar",,,,https://www.nhpcindia.com/welcome/tender
2026-09-04,NEW,NHPC,Repair of two numbers of Servomotors of Teesta-V Power Station,,,,https://www.nhpcindia.com/welcome/tender
2026-09-04,NEW,NHPC,"Internal Electrification of Control room building with frisking facility and all weather shed at CISF barrier at Power House KGPS, Bandipora, J&K (Pkg-453)",,,,https://www.nhpcindia.com/welcome/tender
2026-09-04,NEW,NHPC,"Replacement of Rubber Seals of radial gates 1,2 & 3 of Dam at Kharamukh, Chamera-III Power Station, Dharwala Distt. Chamba, H.P., (Package No. HM-04)”",,,,https://www.nhpcindia.com/welcome/tender
2026-09-04,NEW,NHPC,"Hiring of two (02) Toyota Innova Crysta with drivers for Subansiri Lower Project, Gerukamukh with empanelment of bidders for one year",,,,https://www.nhpcindia.com/welcome/tender
2026-09-04,NEW,NHPC,"Hiring of Five (05) nos. of Mahindra Scorpio, Model Classic-S (Diesel) or higher with driver for Subansiri Lower HE Project",,,,https://www.nhpcindia.com/welcome/tender
2026-09-04,NEW,NHPC,"Repair, Maintenance and Painting work of Type-II Qtrs & Boundary Walls in Lower Colony at Baira Siul Power Station",,,,https://www.nhpcindia.com/welcome/tender
2026-09-04,NEW,NHPC,"Water Proofing of Roof and Repair of Bank Building at Baira Siul Power Station, Surangani",,,,https://www.nhpcindia.com/welcome/tender
2026-09-04,NEW,NHPC,Water proofing Roof Treatment of Power House at Dhyangarh.,,,,https://www.nhpcindia.com/welcome/tender
2026-09-04,NEW,NHPC,"Construction of footpath and chain link fencing around IDCS building, Lum village",,,,https://www.nhpcindia.com/welcome/tender
2026-09-04,NEW,NHPC,"Construction of Community Hall at Balmiki Mohalla, Ward No.2, Nai Basti, Reasi Village, District- Reasi under CSR Scheme",,,,https://www.nhpcindia.com/welcome/tender
2026-09-04,NEW,NHPC,Repair of road from NHPC Mor (zero point) to Power House Teesta-V Power Station,,,,https://www.nhpcindia.com/welcome/tender
2026-09-04,NEW,NHPC,"Replacement of Rotating Labyrinths, any repairs required there off and HP-HVOF Coating of Francis Runner of 60 MW Hydro-Generator of Uri-II Power station for FY 2023-24",,,,https://www.nhpcindia.com/welcome/tender
2026-09-04,NEW,NHPC,Providing assistance for shift wise Operation work of 4X60MW Generating units & DG sets of Uri-II power house.,,,,https://www.nhpcindia.com/welcome/tender
2026-09-04,NEW,NHPC,"Widening of stairs of CISF Watch Tower located in Township area at Kishanganga Power Station, Bandipora, J&K (Pkg-451)",,,,https://www.nhpcindia.com/welcome/tender
2026-09-04,NEW,NHPC,"Painting of Temporary office, Old CISF Barrack, FH-1, FH-2, FH-3, FH-4, Old B-Type Quarters and Old C-Type Quarters of Kishanganga Power Station at Bandipora, J&K (Pkg-450)”.",,,,https://www.nhpcindia.com/welcome/tender
2026-09-04,NEW,NHPC,Construction of mid day meal facility for Senior Secondary school at Dikch,,,,https://www.nhpcindia.com/welcome/tender
2026-09-04,NEW,NHPC,Hiring of 1 nos. of Mahindra Bolero model B4 (diesel) or higher & 1 nos. of Mahindra camper 4WD or higher with driver for 24 months,,,,https://www.nhpcindia.com/welcome/tender
2026-09-04,NEW,NHPC,Hiring of 2 nos. of Mahindra Bolero model B4 (diesel) or higher with driver for 24 months,,,,https://www.nhpcindia.com/welcome/tender
2026-09-04,NEW,NHPC,"Restoration of Civil works for dam, Desilting Chamber, Silt Flushing Tunnel and Part HRT (up to Adit I of HRT) of Teesta-V Power Station, Sikkim",,,,https://www.nhpcindia.com/welcome/tender
2026-09-04,NEW,NHPC,"Repair and Painting of Administrative Office, HR & Finance Office, Electrical Infra Office, Multipurpose shed and Development of surrounding area of Admin Building of Sewa -II Power Station at Mashka ( J&K) (CW-598)",,,,https://www.nhpcindia.com/welcome/tender
2026-09-04,NEW,NHPC,"Renovation, beautification and misc works at the Government Primary School Pheedang, North Sikkim",,,,https://www.nhpcindia.com/welcome/tender
2026-09-04,NEW,NHPC,"Cleaning of Drainage Sump at Pump Gallery Floor and disposal of materials obtained from sump to outside of Power House within a lead of 3.0 Km, KGPS, Karalpora, Bandipora (Pkg-449).",,,,https://www.nhpcindia.com/welcome/tender
2026-09-04,NEW,NHPC,TENDER DOCUMENT FOR RESTORATION OF DAMAGED HM COMPONENTS AT TEESTA-V POWER STATION LOCATED IN EAST SIKKIM DISTRICT IN THE STATE OF SIKKIM,,,,https://www.nhpcindia.com/welcome/tender
2026-09-04,NEW,NHPC,"Providing of Security Services at NHPC Guest House, Khel Gaon, Delhi by DGR sponsored Security Agency for Two Years",,,,https://www.nhpcindia.com/welcome/tender
2026-09-04,NEW,NHPC,"Providing and fixing GI profile sheet in the wall and ceiling of Transformer Cavern at Powerhouse, KGPS. (PKG-444)",,,,https://www.nhpcindia.com/welcome/tender
2026-09-04,NEW,NHPC,"Repair of damages in Spillway of Jiwa Nallah Trench Weir Site of Parbati H.E. Project (Stage-II), Package No-C-721",,,,https://www.nhpcindia.com/welcome/tender
2026-09-04,NEW,NHPC,"Application of protective coating on spiral casing, stay ring and stay vanes of turbine, Chamera- III Power Station, Dharwala (Pkg. No. PH-03)",,,,https://www.nhpcindia.com/welcome/tender
2026-09-04,NEW,NHPC,"Re-drilling and washing of drainage holes in drainage gallery of power house, CPS-1.",,,,https://www.nhpcindia.com/welcome/tender
2026-09-04,NEW,NHPC,Repairing of 2 sets (40 numbers) damaged guide vanes for Teesta-V Power Station for F.Y 2023-24,,,,https://www.nhpcindia.com/welcome/tender
2026-09-04,NEW,NHPC,"Construction of Toilet for Security Staff of Indian Reserve Battalion (IRBn) near Power House entrance of Teesta-V Power Station, Balutar, East Sikkim",,,,https://www.nhpcindia.com/welcome/tender
2026-09-04,NEW,NHPC,"Restoration of damaged drain and wall in between Valve House and Power House, BSPS, Surangani",,,,https://www.nhpcindia.com/welcome/tender
2026-09-04,NEW,NHPC,For Selection of Hybrid Power Developers For Supply of 1500MW power from ISTS connected Wind-Solar Hybrid Power Projects system on ‘anywhere in India’ basis under Tariff Based Competitive Bidding (TBCB),,,,https://www.nhpcindia.com/welcome/tender
2026-09-04,NEW,NHPC,Providing detachable new stainless steel structure for safety purpose at old RCC railing at dam railing structure & painting work on RCC railing & adjoining surrounding structures at Dhyangarh for Salal Power Station,,,,https://www.nhpcindia.com/welcome/tender
2026-09-04,NEW,NHPC,"Package-I : Construction of Civil works of Diversion tunnels, HM works of Diversion tunnels, Road Tunnel, Temporary and Permanent Roads, 2 no. Temporary Bridges, upstream and downstream Coffer Dams, Dam & Spillway, Plunge pool, Main & Auxiliary Intakes, Pressure tunnels/Shafts (Main & Auxiliary), Underground Power House, Busducts/tunnels, Underground Transformer Cavern, Draft tube tunnels, Cable tunnel, Ventilation tunnel, Downstream Surge Chamber, Pothead Yard, Tail race tunnels for Main & Auxiliary plant & other associated adits/structures for 500MW Dugar Hydro Electric Project Located at Luj village in Chamba district of Himachal Pradesh India.",,,,https://www.nhpcindia.com/welcome/tender
2026-09-04,NEW,NHPC,Construction of cladding work by way of Aluminium Composite Panel (ACP) in approach gallery of Power House at Uri-II Power Station,,,,https://www.nhpcindia.com/welcome/tender
2026-09-04,NEW,NHPC,"Supply and Installation of spares for 01 No. Battery Charger rating 220 SP10 FCBC, HBL make for Teesta-V Power Station",,,,https://www.nhpcindia.com/welcome/tender
2026-09-04,NEW,NHPC,Development of Basketball Court in Nowpora Colony of Uri-II Power Station.,,,,https://www.nhpcindia.com/welcome/tender
2026-09-04,NEW,NHPC,Restoration of 75 Ton EOT (Electrically Operated Travelling) crane installed at Valve House of Parbati H.E. Project (Stage-II) (Package No. C-726),,,,https://www.nhpcindia.com/welcome/tender
2026-09-04,NEW,NHPC,Diving assistance work for cleaning of Intake Trash rack after manual removal of floating waste/Silt / RBM from the Intake forebay trash rack of Uri-II Power Station,,,,https://www.nhpcindia.com/welcome/tender
2026-09-04,NEW,NHPC,Retrieval of stuck Emergency gate of Diversion Tunnel at Dam site of BSPS,,,,https://www.nhpcindia.com/welcome/tender
2026-09-04,NEW,NHPC,"Modification in Diversion Tunnel Service Gate for passing E-Flow, Surangani, Baira Siul Power Station",,,,https://www.nhpcindia.com/welcome/tender
2026-09-04,NEW,NHPC,"Restoration of Damaged Protection Work at D/S of Badoh Bridge on right bank of river near RD-7700m,BSPS,Surangani",,,,https://www.nhpcindia.com/welcome/tender
2026-09-04,NEW,NHPC,"Fabrication, Supply and Erection of modified Spillway Stop Log & Radial gate Sill Beams, Supply & erection of Steel liner grade IS 2062-E450A/BR and repairing of Spillway Glacis & Apron with HPC of bay# 1 & 2 at Dam of Parbati-III Power Station",,,,https://www.nhpcindia.com/welcome/tender
2026-09-04,NEW,NHPC,"Design, Supply, Transportation, Installation, Testing and Commissioning of Early Warning System for Baira Siul Power Station",,,,https://www.nhpcindia.com/welcome/tender
2026-09-04,NEW,NHPC,Directors & Officers (D&O) Liability Insurance Policy for the period 23.01.2024 to 22.01.2025.,,,,https://www.nhpcindia.com/welcome/tender
2026-09-04,NEW,NHPC,"Supply and fixing of Stainless Steel railing for all four Units installed at Power House of Parbati H.E.Project, Stage-II” (Package No. C-724)",,,,https://www.nhpcindia.com/welcome/tender
2026-09-04,NEW,NHPC,"Renovation of Forest Rest House, Jhuni at Parbati HE Project Stage-II”(Package No. C-703-A)",,,,https://www.nhpcindia.com/welcome/tender
2026-09-04,NEW,NHPC,"Up-keeping & Maintenance and Canteen Services of Administrative Building at Nowpora Complex, Uri-II Power Station",,,,https://www.nhpcindia.com/welcome/tender
2026-09-04,NEW,NHPC,Reservoir Rim Treatment of left bank of Sainj river RD 440 to 550m (110m) at Dam of Parbati-III Power Station,,,,https://www.nhpcindia.com/welcome/tender
2026-09-04,NEW,NHPC,"Upgradation of playground located at Government Middle School (GMS), Kandai Under annual works of CSR for the FY 2023-24 of Chamera-I Power Station.",,,,https://www.nhpcindia.com/welcome/tender
2026-09-04,NEW,NHPC,Cleaning of phumdies and grasses at five locations where AWLR is installed.,,,,https://www.nhpcindia.com/welcome/tender
2026-09-04,NEW,NHPC,Conducting Post monsoon Hydrographic survey in the reservoir of Uri-II Power Station,,,,https://www.nhpcindia.com/welcome/tender
2026-09-04,NEW,NHPC,Annual Maintenance Contract 2023-2024 & 2024-2025 for execution of work of Underwater Parts Repair and other works in Turbine Generator set including Dynamic Balancing of the Machines of Two Units of Dulhasti Power House,,,,https://www.nhpcindia.com/welcome/tender
2026-09-04,NEW,NHPC,"Establishing Radio Access Network(RAN)System between Baira Dam and Admin Block, Surangani, Baira Siul Power Station",,,,https://www.nhpcindia.com/welcome/tender
2026-09-04,NEW,NHPC,"Restoration of Damage /Eroded Portion of Dam Toe of Baira Dam, Nakrod, BSPS",,,,https://www.nhpcindia.com/welcome/tender
2026-09-04,NEW,NHPC,Construction of mid day meal facility for Secondary school at Lower Samdong,,,,https://www.nhpcindia.com/welcome/tender
2026-09-04,NEW,NHPC,"Repair of Diversion Tunnel(DT) invert at Baira Dam, Nakrod of BSPS",,,,https://www.nhpcindia.com/welcome/tender
2026-09-04,NEW,NHPC,Dismantling and re-erection of temporary kitchen of CISF at KGPS colony (PKG-447),,,,https://www.nhpcindia.com/welcome/tender
2026-09-04,NEW,NHPC,Mega Risk Policy including Terrorism & Third Party Liability Policy for NHPC Power Stations (For one year w.e.f. 30.10.2023 to 29.10.2024),,,,https://www.nhpcindia.com/welcome/tender
2026-09-04,NEW,NHPC,"Restoration of Damaged Protection Work at D/S and U/S of Outlet TRC on right bank at Power House, BSPS, Surangani",,,,https://www.nhpcindia.com/welcome/tender
2026-09-04,NEW,NHPC,"Repair & Maintenance of Kendriya Vidyalaya, Jyotipuram, Salal Power Station, UT of Jammu & Kashmir",,,,https://www.nhpcindia.com/welcome/tender
2026-09-04,NEW,NHPC,"Mud lifting / De-silting from stop log Gate Grooves of RG #1 & RG #2 up to successful placement of Stop log Units in stop log Gate grooves at Dam site, Kharamukh.(Package No. HM-03)”.",,,,https://www.nhpcindia.com/welcome/tender
2026-09-04,NEW,NHPC,Estimate for “SITC of 11 KV overhead Stand by Feeder from Power house (near SFT) to Salamabad Substation of Uri-II Power Station,,,,https://www.nhpcindia.com/welcome/tender
2026-09-04,NEW,NHPC,Maintenance of external water supply line and plumbing work in Bandi residential colony of Uri-II power station,,,,https://www.nhpcindia.com/welcome/tender
2026-09-04,NEW,NHPC,"Painting of CGI sheet roofing of Type-I & Type-II quarters, Dispensary and Offices at Sarthali Colony of Sewa-II Power Station (CW-593)Painting of CGI sheet roofing of Type-I & Type-II quarters, Dispensary and Offices at Sarthali Colony of Sewa-II Power Station (CW-593)",,,,https://www.nhpcindia.com/welcome/tender
2026-09-04,NEW,NHPC,"Supply, erection, testing and commissioning of 11 kV overhead line with Aerial bunched cables from Y-Junction to Dam Intake of NHPC Subansiri Lower Hydroelectric Project, Dollungmukh, Arunachal Pradesh",,,,https://www.nhpcindia.com/welcome/tender
2026-09-04,NEW,NHPC,"River bank protection/ erosion control measures on the Right bank of River Subansiri adjacent to Ghancharai (U/S of WRD works) (RD55.625KM to 56.125KM) (500m), Beyond 30KM",,,,https://www.nhpcindia.com/welcome/tender
2026-09-04,NEW,NHPC,Comprehensive Biennial maintenance Contract of Fire Alarm & Detection (FDA) System of Uri-II Power House,,,,https://www.nhpcindia.com/welcome/tender
2026-09-04,NEW,NHPC,"Engineering Procurement and Construction (EPC) contract for development of 40 MW Capacity Solar Power Project and associated 220 KV Transmission line for connectivity at 220 KV OPTCL Transmission System through LILO Provision along with comprehensive O&M for 05 (Five) years at at Village-Landeihil, Tehsil-Jaganath Prasad, Distt-Ganjam, Odisha",,,,https://www.nhpcindia.com/welcome/tender
2026-09-04,NEW,NHPC,"Sliding Zone treatment and restoration of road between at RD 3420 to 3495 m and providing boulder filled crate on slided portion of road from RD 3300 to 3314 m and RD 4000 m to 4050 m at Katarbain - Bhaledh Road, BSPS Surangani",,,,https://www.nhpcindia.com/welcome/tender
2026-09-04,NEW,NHPC,Insurance coverage under Group Insurance Scheme in lieu of EDLI in NHPC Limited for a period of one year (from 01.01.24 to 31.12.24,,,,https://www.nhpcindia.com/welcome/tender
2026-09-04,NEW,NHPC,Running & Maintenance of Canteen at Uri-II Power House for the period of 02 years.,,,,https://www.nhpcindia.com/welcome/tender
2026-09-04,NEW,NHPC,"Construction of one Female ward and one Tuberculosis ward at Sub District Hospital, BANI (J&K) (CSR-597)”",,,,https://www.nhpcindia.com/welcome/tender
2026-09-04,NEW,NHPC,"Renewal/Recertification of Integrated Management System (ISO, QMS 9001:2015, EMS 14001:2015 & OH&S 45001:2018) License of RO Chandigarh",,,,https://www.nhpcindia.com/welcome/tender
2026-09-04,NEW,NHPC,Routine Maintenance of 4X60 MW Hydro Generating Equipment and Auxiliaries of Uri-2 Power Station for 12 Months,,,,https://www.nhpcindia.com/welcome/tender
2026-09-04,NEW,NHPC,"River side protection work for approach road to pump no. 2 & STP at BSPS, Surangani",,,,https://www.nhpcindia.com/welcome/tender
2026-09-04,NEW,NHPC,"Providing and fixing in position curtain wall with Aluminium Composite Panel Cladding with Aluminium Base Frames and Flooring in Emergency Gallery at Power House of KGPS, Bandipora (PKG-433).",,,,https://www.nhpcindia.com/welcome/tender
2026-09-04,NEW,NHPC,Maintenance Service Contract For Computers and Peripherals including Local Area Network (LAN),,,,https://www.nhpcindia.com/welcome/tender
2026-09-04,NEW,NHPC,“Protection work of Hydraulic cylinders of Radial Gate #03 against shooting stones at Dam site (Package No. DIII-01)”.,,,,https://www.nhpcindia.com/welcome/tender
2026-09-04,NEW,NHPC,"River bank protection/ erosion control measures on the Right bank of River Subansiri downstream to Sonowal gaon, beyond 30KM (RD 36.13KM to 37.13KM (1000m",,,,https://www.nhpcindia.com/welcome/tender
2026-09-04,NEW,NHPC,River bank protection/ erosion control measures on the Right bank of River Subansiri Downstream to Ghancharai (27°6’23.26” N &94;°9’14.87” E) between RD 56.70KM to 57.70KM beyond 30KM (1000m,,,,https://www.nhpcindia.com/welcome/tender
2026-09-04,NEW,NHPC,Painting of Two nos. of 150/20/10 Ton EOT Crane installed at Power House of Kishanganga Power Station (PKG-445).,,,,https://www.nhpcindia.com/welcome/tender
2026-09-04,NEW,NHPC,"Carrying out various Geo-technical investigation/Test including site preparation, drilling holes, collection of samples, laboratory testing, In situ testing/ investigation at different locations for Sawalkote HE Project, Tanger, Dist. Ramban.",,,,https://www.nhpcindia.com/welcome/tender
2026-09-04,NEW,NHPC,"Clearing of Jungle (Weeds, Vegetation, etc.) and road side drain from Bamboo Trash Rack to RD 12.000 Km along the Loktak-Leimatak Road.",,,,https://www.nhpcindia.com/welcome/tender
2026-09-04,NEW,NHPC,Complete restoration of Chiller Unit # 01 of HVAC system at PH,,,,https://www.nhpcindia.com/welcome/tender
2026-09-04,NEW,NHPC,"Internal Inspection of one no. AREVA make, 13.8/(400/√3) kV, 70 MVA, Single Phase Generator Step-up Transformer of Teesta-V Power Station.",,,,https://www.nhpcindia.com/welcome/tender
2026-09-04,NEW,NHPC,River bank protection/ erosion control measures on the Right bank of River Subansiri adjacent to Mahaijan Alengri (RD 42.75KM to 43.65KM beyond 30KM (900m,,,,https://www.nhpcindia.com/welcome/tender
2026-09-04,NEW,NHPC,River bank protection/ erosion control measures on the Right bank of River Subansiri adjacent to Hekrajan goan between RD 23.3Km to 23.5km and 23.7km to 24.4km (beyond 30 km.,,,,https://www.nhpcindia.com/welcome/tender
2026-09-04,NEW,NHPC,"Renovation/complete replacement of motor brake assembly, control panel, power cable, cabin equipments and related electrical equipments of 50 Ton capacity draft tube gantry crane installed in Chamera Power Station-I",,,,https://www.nhpcindia.com/welcome/tender
2026-09-04,NEW,NHPC,Tiling work of Site mess & Unit line area of CISF at Sarthali Colony of Sewa-II Power Station (CW-591),,,,https://www.nhpcindia.com/welcome/tender
2026-09-04,NEW,NHPC,"River bank protection/ erosion control measures on the Left bank of River Subansiri adjacent to Kaliani, Gunasuti GP (RD41.65KM to 42.55KM (900m) beyond 30KM",,,,https://www.nhpcindia.com/welcome/tender
2026-09-04,NEW,NHPC,River bank protection/ erosion control measures on the Left bank of River Subansiri adjacent to Balibheta goan in Gunasuti GP (RD44.70 KM to 45.60KM (900m) beyond 30KM’,,,,https://www.nhpcindia.com/welcome/tender
2026-09-04,NEW,NHPC,"River bank protection/ erosion control measures on the Right bank of River Subansiri adjacent to Gaghor Kalaknowa (RD 48.55 KM to RD 49.45Km) 900m, Beyond 30KM",,,,https://www.nhpcindia.com/welcome/tender
2026-09-04,NEW,NHPC,"Supply, Erection, Testing and Commissioning of Street Light along road from Volvo Point to NHPC main gate(CISF check gate) and in between Field Hostels-I&II;, NHPC Colony, Subansiri Lower Hydroelectric Project, Gerukamukh, Assam",,,,https://www.nhpcindia.com/welcome/tender
2026-09-04,NEW,NHPC,Insurance Coverage of Outstanding Multipurpose Advance under “NHPC Employees Multipurpose Advance Insurance Scheme for a period of one year from 19.11.2023 to 18.11.2024” on Open Tender Basis.,,,,https://www.nhpcindia.com/welcome/tender
2026-09-04,NEW,NHPC,"Checking, Testing and Refilling of Carbon Dioxide (CO2) Cylinders fitted in the Carbon Dioxide (CO2) Fire Protection System for 4 nos. of Unit Generators (220 MVA) in Power House of Parbati HE Project, Stage-II (Package No. C-718).",,,,https://www.nhpcindia.com/welcome/tender
2026-09-04,NEW,NHPC,"Construction/Renovation of Cremation shed & Pathways at Dul Village, Kishtwar",,,,https://www.nhpcindia.com/welcome/tender
2026-09-04,NEW,NHPC,"Cleaning and Disinfection of Storage Water Tanks for Water Supply and Distribution System of Township at BSPS, Surangani for a period of Two Years",,,,https://www.nhpcindia.com/welcome/tender
2026-09-04,NEW,NHPC,"Miscellaneous Repair, Maintenance and Painting work of Type-III, Type-IV and Type-V Residential Buildings, Boundary Wall and Other Infrastructure of Jaddu Colony at Baira Siul power Station, Surangani",,,,https://www.nhpcindia.com/welcome/tender
2026-09-04,NEW,NHPC,Repair and painting of residential B Type quarters 30 Blocks Qtr no 101 to 220 and C Type 3 Blocks Qtr no 21 to 32 at Lower Samleu CPS 1,,,,https://www.nhpcindia.com/welcome/tender
2026-09-04,NEW,NHPC,Engagement of consultant for Survey and Investigation and preparation of Evaluation report of Potential Floating Solar Capacities on the selected Reservoirs/water Bodies in the State of Maharashtra,,,,https://www.nhpcindia.com/welcome/tender
2026-09-04,NEW,NHPC,"Design, Engineering, refurbishment/repair/replacement of components of Spillway equipment’s gate and hoist and restoration of Radial Gate for its max opening as per design including fabrication, assembly, installation, erection, painting testing and commissioning and Design Engineering, refurbishment/repair/replacement for storage arrangements, movement and toeing of Stop Log gates up to Gantry Crane",,,,https://www.nhpcindia.com/welcome/tender
2026-09-04,NEW,NHPC,"Painting of D/S face of Dam EL-1246.50 to EL- 1270.00M, U/S Face of dam EL-1266.50 to 1270.00 Parapet at Dam Top and repair & Painting of damaged parapet along the road side of dam DPS, Kishtwar",,,,https://www.nhpcindia.com/welcome/tender
2026-09-04,NEW,NHPC,"Construction of Langer Hall in Gurudwara Sahib Premises at Kishtwar, J&K-182204",,,,https://www.nhpcindia.com/welcome/tender
2026-09-04,NEW,NHPC,Special maintenance and repair works of water supply and sanitary system of Dawar Colony located at Dam Site Gurez of KGPS (PKG-439).,,,,https://www.nhpcindia.com/welcome/tender
2026-09-04,NEW,NHPC,Appointment of Transaction Advisor for Finalization of Model for Monetization through Securitization of free cash flow of one or more power station (s) in single tranche & execution thereof,,,,https://www.nhpcindia.com/welcome/tender
2026-09-04,NEW,NHPC,"Repair and painting of Type-A quarters and repair, renovation and painting of electrical panel room in Sewa Vihar Colony at Mashka, Distt.-Kathua, J&K (CW-595)",,,,https://www.nhpcindia.com/welcome/tender
2026-09-04,NEW,NHPC,"Construction of 2 Nos. Shed for storage of lubricants and boundary wall at Power House Complex of Sewa-II Power Station, Mashka, Distt.-Kathua (J&K) (CW-596)",,,,https://www.nhpcindia.com/welcome/tender
2026-09-04,NEW,NHPC,“Modernization/alteration of HOP office and creation of Visitor room along with HOP Sectt. at Administrative Building-II of Salal Power Station”,,,,https://www.nhpcindia.com/welcome/tender
2026-09-04,NEW,NHPC,Modernisation of Plumb-line system by Supply and Installation of Automatic Plumb-line System (XY Coordinator readout Charge Coupled Device and Automatic Data Transmission to Control Room) for Salal Power Station.,,,,https://www.nhpcindia.com/welcome/tender
2026-09-04,NEW,NHPC,"Supply, Installation, Testing & Commissioning of E-Flow measuring & monitoring system in 2 Nos. Radial Gates at Salal Power Station.",,,,https://www.nhpcindia.com/welcome/tender
2026-09-04,NEW,NHPC,Repairing of Pirngad Steel Bridge Over Siul Nallah to Drop Shaft at Siul Weir Complex of BSPS,,,,https://www.nhpcindia.com/welcome/tender
2026-09-04,NEW,NHPC,"Clearing of Jungle (Weeds, Vegetation, etc.) and road side drain along the Loktak-Leimatak road between RD 12.000 Km to RD 24.70 Km and old road",,,,https://www.nhpcindia.com/welcome/tender
2026-09-04,NEW,NHPC,Hiring of 01 No inspection Vehicle M&M Bolero/M&M Xylo or equivalent for Pool duty,,,,https://www.nhpcindia.com/welcome/tender
2026-09-04,NEW,NHPC,Repair of Lift located at Salal Dam Top of Salal Power Station.,,,,https://www.nhpcindia.com/welcome/tender
2026-09-04,NEW,NHPC,"Renovation, Repairing and Painting of Type-II (12 Nos) quarter at Samdong Colony, Teesta-V",,,,https://www.nhpcindia.com/welcome/tender
2026-09-04,NEW,NHPC,Installation of Canopy over Intake Gate Platforms and Gantry at Dam site of Teesta-V Power station.,,,,https://www.nhpcindia.com/welcome/tender
2026-09-04,NEW,NHPC,Purchase of 01 no.Ultrasound Scanning Machine (Q3),,,,https://www.nhpcindia.com/welcome/tender
2026-09-04,NEW,NHPC,Protection work for strengthening of basement/footing of lattice pole 11KV Transmission line of Teesta-V Power Station,,,,https://www.nhpcindia.com/welcome/tender
2026-09-04,NEW,NHPC,"Repair, replacement of lower moving labyrinth, static balancing and HP-HVOF coating of one number Runner of 130 MW Francis Turbine of Parbati-3 Power Station",,,,https://www.nhpcindia.com/welcome/tender
2026-09-04,NEW,NHPC,"Exploratory Drifting at Left Abutment and Right Abutment of Dam of West Seti H. E. Project, District Doti, Sudur Paschim Province, Nepal (Package WS-04)",,,,https://www.nhpcindia.com/welcome/tender
2026-09-04,NEW,NHPC,"Exploratory drilling, driving, reaming of Nx size drill holes with Diamond core drilling machine using Double Tube/Triple Tube core barrel at Power Intake, HRT, Surface Power House, MAT, TRT Areas of West Seti HE Project, Nepal (WS-03)",,,,https://www.nhpcindia.com/welcome/tender
2026-09-04,NEW,NHPC,"Exploratory drilling, driving and reaming of Nx size drill holes with Diamond core drilling machine using Double Tube/Triple Tube core barrel at Dam Site Area of West Seti HE Project, District Doti/ Dadeldhura, Sudur Paschim Province, Nepal (WS-01)",,,,https://www.nhpcindia.com/welcome/tender
2026-09-04,NEW,NHPC,Painting Work of 20 Nos. Gen transformers at Salal Power Station,,,,https://www.nhpcindia.com/welcome/tender
2026-09-04,NEW,NHPC,Calling of Service Engineer for Servicing/Overhauling and repairing of 03 nos. ELC-50C & 3 nos. LVDH-50 Machines of HM Works at Dam Site,,,,https://www.nhpcindia.com/welcome/tender
2026-09-04,NEW,NHPC,Scientific Cleaning of Water Storage Tanks related to water supply at Jyotipuram,,,,https://www.nhpcindia.com/welcome/tender
2026-09-04,NEW,NHPC,Regarding repairs of 03 nos of Escorts make mobile cranes of Salal Power Station,,,,https://www.nhpcindia.com/welcome/tender
2026-09-04,NEW,NHPC,Comprehensive Package Policy- CPM Equipment of Power Stations of NHPC for the period from 30.10.2023 to 29.10.2024,,,,https://www.nhpcindia.com/welcome/tender
2026-09-04,NEW,NHPC,"Exploratory Drifting at Underground Powerhouse Location of West Seti HE Project, District Doti, Sudur Paschim Province, Nepal (Package-WS-02)",,,,https://www.nhpcindia.com/welcome/tender
2026-09-04,NEW,NHPC,"Internal Electrification of Sr. Secondary School, Legship, West Sikkim",,,,https://www.nhpcindia.com/welcome/tender
2026-09-04,NEW,NHPC,"Improvement of Mela Ground at Mashka for creation of sports infrastructure for the promotion of culture of sports and engagement of local youths at Sewa-II Power Station, Mashka (J&K) (CSR-590)",,,,https://www.nhpcindia.com/welcome/tender
2026-09-04,NEW,NHPC,Annual maintenance of Generating Units & its accessories for the year 2023-24,,,,https://www.nhpcindia.com/welcome/tender
2026-09-04,NEW,NHPC,Supply Installation Testing and Commissioning of PINTLE TYPE TAKE UP in place of CRD cable reeling drum and accessories of Gantry crane at Power House and TRCM cum Gantry crane at Dam of Rangit Power Station,,,,https://www.nhpcindia.com/welcome/tender
2026-09-04,NEW,NHPC,"Painting and other miscellaneous work of Badminton Hall of Salal Power Station, Jyotipuram",,,,https://www.nhpcindia.com/welcome/tender
2026-09-04,NEW,NHPC,Running & Maintenance of Workshop/Transport and Store at Uri-II Power Station for the period of 01 year,,,,https://www.nhpcindia.com/welcome/tender
2026-09-04,NEW,NHPC,Providing cement concrete pavement and drain on old approach road to Sai lanjan village via high school from Salal dam under CSR Activities by Salal Power Station,,,,https://www.nhpcindia.com/welcome/tender
2026-09-04,NEW,NHPC,Alteration in one shed of central store of Sewa-II Power Station to store transformer oil barrel (CW-587),,,,https://www.nhpcindia.com/welcome/tender
2026-09-04,NEW,NHPC,"Annual maintenance of units, its ancillaries, transformer & switchgear with levelling/centering, alignment & dynamic balancing of two nos. of Hydro-generating units at 3X40 MW Sewa-II Power Station (MW-588)",,,,https://www.nhpcindia.com/welcome/tender
2026-09-04,NEW,NHPC,"Repairing, painting and devlopment of recreation center and its surrounding areas of Rangit Power Station",,,,https://www.nhpcindia.com/welcome/tender
2026-09-04,NEW,NHPC,Comprehensive Annual Maintenance Contract for Fire Detection & Alarm System for Two Years,,,,https://www.nhpcindia.com/welcome/tender
2026-09-04,NEW,NHPC,"Construction of separate toilet for Primary students (Separately for boys & girls) of Kendriya Vidyalaya, Balutar, District - Gangtok, Sikkim",,,,https://www.nhpcindia.com/welcome/tender
2026-09-04,NEW,NHPC,"“Repair and HP-HVOF Coating of 20 Nos. Wicket Gates (01 Set) of 77 MW Francis Hydro- Turbine of Chamera-III Power Station, Dharwala Distt. Chamba, H.P., (Pkg. No. PH-01)”",,,,https://www.nhpcindia.com/welcome/tender
2026-09-04,NEW,NHPC,Vibration analysis and dynamic balancing of hydro-generating units of Kishanganga Power Station (PKG-437).,,,,https://www.nhpcindia.com/welcome/tender
2026-09-04,NEW,NHPC,"Construction of Plan House, Office and Canteen at Baira Dam of BSPS",,,,https://www.nhpcindia.com/welcome/tender
2026-09-04,NEW,NHPC,Calibration of Miscellaneous Hospital Equipment,,,,https://www.nhpcindia.com/welcome/tender
2026-09-04,NEW,NHPC,Comprehensive repair damaged Runners (RN-4) along with LML of Teesta-V Power Station,,,,https://www.nhpcindia.com/welcome/tender
2026-09-04,NEW,NHPC,"Annual Maintenance and repair work for residential buildings of NHPC Colony of Salal Power Station, Jyotipuram",,,,https://www.nhpcindia.com/welcome/tender
2026-09-04,NEW,NHPC,"Exploratory core Drilling, Driving and Reaming of drill holes with lowering of casing of suitable sizes with Water Percolation Test and Cement grouting at Dam Axis Left Bank of Sawalkote HE Project",,,,https://www.nhpcindia.com/welcome/tender
2026-09-04,NEW,NHPC,Taking cross-section of Chenab River at different locations for Sawalkote HE Project,,,,https://www.nhpcindia.com/welcome/tender
2026-09-04,NEW,NHPC,"Repair and Refurbishment of 20’’ Butterfly Valve of MIV Bypass line in Power House of Chamera Power Station-1, Khairi",,,,https://www.nhpcindia.com/welcome/tender
2026-09-04,NEW,NHPC,"Laying of gravel in Potheadyard area of switchyard of CPS-1, Khairi.",,,,https://www.nhpcindia.com/welcome/tender
2026-09-04,NEW,NHPC,"Repair along with HP-HVOF coating of 20 nos. Damaged Guide Vanes (including To & Fro transportation) of 130 MW Francis Turbine, Parbati-III Power Station”.",,,,https://www.nhpcindia.com/welcome/tender
2026-09-04,NEW,NHPC,Construction and laying of Pre-cast Cement Concrete Blocks for repair of TRT Apron at Teesta-V Power Station Balutar,,,,https://www.nhpcindia.com/welcome/tender
2026-09-04,NEW,NHPC,Annual Maintenance of 2 Nos. Hydro-generating Units (Pelton Turbine) of 3x110 MW Kishanganga Power Station (PKG-438).,,,,https://www.nhpcindia.com/welcome/tender
2026-09-04,NEW,NHPC,"Fixing of steel ladders, Footpath Bridge and railing on the inaccessible areas of Piers of Teesta-V Dam",,,,https://www.nhpcindia.com/welcome/tender
2026-09-04,NEW,NHPC,Installation of Street Lights for Dam Illumination of Uri-II Power Station,,,,https://www.nhpcindia.com/welcome/tender
2026-09-04,NEW,NHPC,External Illumination of Power House area (From NH to entrance gate of Draft Tube Gate Hall) of Uri-II Power Station,,,,https://www.nhpcindia.com/welcome/tender
2026-09-04,NEW,NHPC,Erection of 11 KV Standby Feeder from Salamabad to Nowpora through 11 KV HT AB cable of Uri 2 Power Station,,,,https://www.nhpcindia.com/welcome/tender
2026-09-04,NEW,NHPC,"Repair of side drain of By-pass road of Dulhasti Power Station, Kishtwar",,,,https://www.nhpcindia.com/welcome/tender
2026-09-04,NEW,NHPC,Providing and applying Antifungal Coating in Power House Pārbati-III Power Station,,,,https://www.nhpcindia.com/welcome/tender
2026-09-04,NEW,NHPC,"Premix Carpeting and Misc. Repair Works of Road from Chenab Nagar Sector-I to Kendriya Vidyalaya Gate-1, Misc. Link Road in Sector-I and part of the Road located in DSB Colony at DPS, Kishtwar",,,,https://www.nhpcindia.com/welcome/tender
2026-09-04,NEW,NHPC,"Construction of Concrete Step for Protection of Slope along CISF Barrack at Dam Site, KGPS, Gurez (PKG-436).",,,,https://www.nhpcindia.com/welcome/tender
2026-09-04,NEW,NHPC,"Hiring of Two (02) nos. Mahindra Scorpio Model Classic S Diesel or higher/ equivalent with driver for Dibang Multi-Purpose Project, Roing.",,,,https://www.nhpcindia.com/welcome/tender
2026-09-04,NEW,NHPC,Appointment of one International Credit Rating Agency for a period of 02 years i.e. from 03.02.2024 to 02.02.2026,,,,https://www.nhpcindia.com/welcome/tender
2026-09-04,NEW,NHPC,Central Record Keping Agencies“ (CRA) for implementation of National System (NPS Tire-I)-Corporate Model in NHPC Limited,,,,https://www.nhpcindia.com/welcome/tender
2026-09-04,NEW,NHPC,Carrying out Annual Maintenance and Repair of underwater parts of three Generating Units of 3X60 MW of BSPS,,,,https://www.nhpcindia.com/welcome/tender
2026-09-04,NEW,NHPC,Test Tender-02,,,,https://www.nhpcindia.com/welcome/tender
2026-09-04,NEW,NHPC,"Repairing of Fencing and Toilet at Chinj Ground, BSPS,Surangani",,,,https://www.nhpcindia.com/welcome/tender
2026-09-04,NEW,NHPC,Test Tender,,,,https://www.nhpcindia.com/welcome/tender
2026-09-04,NEW,NHPC,"Construction of concrete retaining wall from MT Gate to towards the D/S of Dam of KGPS, Gurez (PKG-431)",,,,https://www.nhpcindia.com/welcome/tender
2026-09-04,NEW,NHPC,Installation of Underground Diesel Storage Tank at DAM Site of Kishanganga Power Station (PKG-435).,,,,https://www.nhpcindia.com/welcome/tender
2026-09-04,NEW,NHPC,Periodic Inspection /Testing / Servicing of 2X225 Ton Capacity EOT Cranes Installed at Teesta-V Power Station,,,,https://www.nhpcindia.com/welcome/tender
2026-09-04,NEW,NHPC,Borrowing of Rs 2000 Crore through Term Loan from the scheduled private/public sector banks and financial institutions,,,,https://www.nhpcindia.com/welcome/tender
2026-09-04,NEW,NHPC,"Erection of Maintenance Platform of SFT gate Hydraulic Cylinders at GOC SFT, Dam site, Kharamukh, Chamera-III Power Station, Dharwala Distt. Chamba, H.P., (Package No. HM- 02)",,,,https://www.nhpcindia.com/welcome/tender
2026-09-04,NEW,NHPC,"Hiring of two (02) Toyota Innova Crysta with drivers for Subansiri Lower Project, Gerukamukh with empanelment of bidders for one year.",,,,https://www.nhpcindia.com/welcome/tender
2026-09-04,NEW,NHPC,Construction of Aluminium Cabin and Partition of Office at Power House in Uri-II Power Station,,,,https://www.nhpcindia.com/welcome/tender
2026-09-04,NEW,NHPC,"Re-babbitting of Thrust bearing pads, TGB, LGB & UGB pads (1 Set each) of Parbati-III Power Station",,,,https://www.nhpcindia.com/welcome/tender
2026-09-04,NEW,NHPC,"Fencing of land acquired by Uri-II Power Station, NHPC at various locations with R.C.C. posts and barbed wire",,,,https://www.nhpcindia.com/welcome/tender
2026-09-04,NEW,NHPC,Rate Contract of Medicines for 2 years for Teesta-V Power Station,,,,https://www.nhpcindia.com/welcome/tender
2026-09-04,NEW,NHPC,"Providing boundary wall at CRPF Camp situated near Valve House, Jiwan Nagar, Loktak Power Station.",,,,https://www.nhpcindia.com/welcome/tender
2026-09-04,NEW,NHPC,"Construction of Security Check Post Cum Temporary site office at Chimri colony, Dibang Multipurpose Project, Roing Arunachal Pradesh",,,,https://www.nhpcindia.com/welcome/tender
2026-09-04,NEW,NHPC,"Setting up of 200 MW Solar PV Power Project in 600 MW in Solar park (Stage-I) of Gujrat State Electricity Corporation Ltd (GSECL) at khavda, Gujrat",,,,https://www.nhpcindia.com/welcome/tender
2026-09-04,NEW,NHPC,"Design, Supply ,Fabrication, installation and commissioning of double storey Pre-Fabricated NHPC Administrative Building at Chimri, Dibang Multipurpose Project, Arunachal Pradesh of Area 1047.00",,,,https://www.nhpcindia.com/welcome/tender
2026-09-04,NEW,NHPC,"Design, Supply, Fabrication, installation and commissioning of double storey Pre-Fabricated Field Hostel at Chimri, Dibang Multipurpose Project, Arunachal Pradesh of Area 1345 Sqm (G+1)",,,,https://www.nhpcindia.com/welcome/tender
2026-09-04,NEW,NHPC,Appointment of Dividend Banker for distribution of Final Dividend for the Financial Year 2022-23,,,,https://www.nhpcindia.com/welcome/tender
2026-09-04,NEW,NHPC,Hiring of 03 nos. of TATA NEXON EV PRIME (Model-XZ +LUX) or higher model with Driver and empanelment of the bidders for one year for Subansiri Lower HE Project.,,,,https://www.nhpcindia.com/welcome/tender
2026-09-04,NEW,NHPC,"Design, Supply, Erection, Testing & Commissioning of Sewage Treatment Plant (STP) - 10KLD (based on SBR Technology) at Dam Complex of Pārbati HE Project Stage-II”. (Package No. C-709)",,,,https://www.nhpcindia.com/welcome/tender
2026-09-04,NEW,NHPC,"Repair of road from Power House of Parbati-II to Parbati-III Dam road (Junction of Parbati-II and Parbati-III Dam Road) of Parbati HE Project, Stage-II. (Package No. C-716)",,,,https://www.nhpcindia.com/welcome/tender
2026-09-04,NEW,NHPC,"Supply, Installation, Testing & Commissioning of Automatic Water Level Recorder System (AWLR), (Non-Contact Radar / RF type) for Early warning system in the upstream of Dam site of Teesta-V Power station, Sikkim",,,,https://www.nhpcindia.com/welcome/tender
2026-09-04,NEW,NHPC,"Supply, Installation and Commissioning of Ducted Split Air Conditioning Units for GIS Relay Room of Teesta-V Power Station",,,,https://www.nhpcindia.com/welcome/tender
2026-09-04,NEW,NHPC,Insurance coverage for outstanding House Building Advance under NHPC Employees (HBA) Group Insurance Scheme for a period of one year (14-09-2023 to 13-09-2024),,,,https://www.nhpcindia.com/welcome/tender
2026-09-04,NEW,NHPC,Repair and renovation of toilet/bathroom at Salal Power House at Dhyangarh,,,,https://www.nhpcindia.com/welcome/tender
2026-09-04,NEW,NHPC,"Supply, Erection, Testing & Commissioning of 02 Nos. TRCM for Subansiri Lower HE Project (2000 MW).",,,,https://www.nhpcindia.com/welcome/tender
2026-09-04,NEW,NHPC,"Hiring of Five (05) nos. of Mahindra Scorpio, Model Classic-S (Diesel) or higher with driver for Subansiri Lower HE Project.",,,,https://www.nhpcindia.com/welcome/tender
2026-09-04,NEW,NHPC,"Repairing of damage portion of Katarbain-Bhaledh Road at RD 3410 to 3460 m of BSPS, Surangani, Distt-Chamba(H.P)",,,,https://www.nhpcindia.com/welcome/tender
2026-09-04,NEW,NHPC,Providing and fixing thermal insulation in ceiling of Executive Field Hostel of Uri-II Power Station,,,,https://www.nhpcindia.com/welcome/tender
2026-09-04,NEW,NHPC,Hiring of 03 nos. of TATA NEXON EV MAX (Model-XZ +LUX) or or higher model with Driver and empanelment of the bidders for one year for Subansiri Lower HE Project.,,,,https://www.nhpcindia.com/welcome/tender
2026-09-04,NEW,NHPC,Repairing of Boundary Wall from Main Gate to Filter Plant via Patel Bazaar and KV at Old Colony Loktak.,,,,https://www.nhpcindia.com/welcome/tender
2026-09-04,NEW,NHPC,"Repairing of Type-II Qtrs. (C) Blocks at Leimatak colony, Loktak Power Station",,,,https://www.nhpcindia.com/welcome/tender
2026-09-04,NEW,NHPC,Re-babbitting & Machining of 08 No.UGB (Upper Guide Bearing) Pad of Sewa-II Power Station (MW-579),,,,https://www.nhpcindia.com/welcome/tender
2026-09-04,NEW,NHPC,"Engagement of DGR sponsored Private Security Agencies/ Services at Sewa-II Power Station, Mashka, District-Kathua, J&K (SC-578)",,,,https://www.nhpcindia.com/welcome/tender
2026-09-04,NEW,NHPC,Grass Cutting/Jungle clearing at Barrage complex and Uranbua Colony of Uri Power Station,,,,https://www.nhpcindia.com/welcome/tender
2026-09-04,NEW,NHPC,"Repairing of Dam Site Road From Salamabad Complex Entry Gate to Dam Control Room of Uri-II Power Station, Uri,J&K",,,,https://www.nhpcindia.com/welcome/tender
2026-09-04,NEW,NHPC,Repair of MIV Servomotor of Sewa-II Power Station (MW-582),,,,https://www.nhpcindia.com/welcome/tender
2026-09-04,NEW,NHPC,Repair of Sill beam and side plates of Under Sluice Gates of DAM CPS-1.,,,,https://www.nhpcindia.com/welcome/tender
2026-09-04,NEW,NHPC,"Repair of 2 No. of 250KLD STP established at Lower & Upper Samleu and installation of a New Bio Reactor of 40KLD Capacity at CPS-1, Khairi.",,,,https://www.nhpcindia.com/welcome/tender
2026-09-04,NEW,NHPC,Lot-5C Hydromechanical works Package for Pressure Shaft Steel Liners of Dibang Multipurpose Project,,,,https://www.nhpcindia.com/welcome/tender
2026-09-04,NEW,NHPC,"Repair, renovation and painting of VIP Guest House and Activity Centre (Mess) of Uri Power Station , Gingle",,,,https://www.nhpcindia.com/welcome/tender
2026-09-04,NEW,NHPC,"Repairing of 1010 KVA, 11 KV Alternator of DG#1 installed at Pothead Yard, Parbati-III Power Station",,,,https://www.nhpcindia.com/welcome/tender
2026-09-04,NEW,NHPC,"Replacement of damage old GI pipe line and fitting by CPVC pipe of Permanent C-Type & D-Type Field hostel at Sainj Township, PHEP-II. (Package No. C-708).",,,,https://www.nhpcindia.com/welcome/tender
2026-09-04,NEW,NHPC,"Repair of Jigrai Trench Weir surface at Jigrai Nallah Site of Parbati H.E. Project (Stage-II),” (Package No. C-713)",,,,https://www.nhpcindia.com/welcome/tender
2026-09-04,NEW,NHPC,Hiring of 01 No. Innova Crysta GX(7S)/GX(8S) or higher model for Parbati H. E. Project (Stage-II) (Package No. C- 714)”.,,,,https://www.nhpcindia.com/welcome/tender
2026-09-04,NEW,NHPC,"Repairing of toilets and other miscellaneous works of residential building - C, D & E type Blocks at township complex, Nagwain PHEP-II”. (Package No. C-707).",,,,https://www.nhpcindia.com/welcome/tender
2026-09-04,NEW,NHPC,Cleaning and disinfection of RCC and PVC water tanks at NHPC Gingl,,,,https://www.nhpcindia.com/welcome/tender
2026-09-04,NEW,NHPC,"Repair of 2.5 MVA, 11/0.433 KV, 3 Phase Dry Type CG Make Station Service Transformer Sr. No. DT2031/04 of URI-II Power House",,,,https://www.nhpcindia.com/welcome/tender
2026-09-04,NEW,NHPC,Construction of Plain Cement Concrete (PCC) Road for newly constructed A&B type qtrs. for use of CISF personnel in Nowpora Complex of Uri –II Power Station,,,,https://www.nhpcindia.com/welcome/tender
2026-09-04,NEW,NHPC,Proposal for Selection of “POINT OF PRESENCE” (POP) For implementation of National Pension System (NPS Tire–I) -Corporate Model in NHPC Limited,,,,https://www.nhpcindia.com/welcome/tender
2026-09-04,NEW,NHPC,Clearing of Grass at NHPC Colony Gingle (2023-24),,,,https://www.nhpcindia.com/welcome/tender
2026-09-04,NEW,NHPC,Annual Maintenance Contract (AMC) of 60 KLD Capacity Sewage Treatment Plant (STP) installed at NHPC Colony Gingle of Uri Power Station,,,,https://www.nhpcindia.com/welcome/tender
2026-09-04,NEW,NHPC,Repair of spillway side abutments at Dam Complex of Sewa-II Power Station (CW-570),,,,https://www.nhpcindia.com/welcome/tender
2026-09-04,NEW,NHPC,"Design, supply, erection, testing, commissioning and Modification / up gradation in existing TRT Gate for integration of gate segments alongwith new rope drum hoisting arrangement to cater any emergency requirement of quick closure of TRT gate of CPS-1.",,,,https://www.nhpcindia.com/welcome/tender
2026-09-04,NEW,NHPC,Repair Maintenance and Painting of Non-Executive Field Hostel and Guest House Building at Sewa-II Power Station Maska (J&K).(CW-580),,,,https://www.nhpcindia.com/welcome/tender
2026-09-04,NEW,NHPC,Protection work in front of Adit-IV at Uri-II Power Station,,,,https://www.nhpcindia.com/welcome/tender
2026-09-04,NEW,NHPC,Providing and applying Antifungal Coating in Power House Pārbati-III Power Station,,,,https://www.nhpcindia.com/welcome/tender
2026-09-04,NEW,NHPC,"Repair of damaged Bottom Ring and one set of Wicket Gate Upper Housing of Dulhasti Power Station, Kishtwar",,,,https://www.nhpcindia.com/welcome/tender
2026-09-04,NEW,NHPC,"EPC Contract for Setting up of Pilot Project for Green Hydrogen based Mobility Station at Kargil, UT of Ladakh",,,,https://www.nhpcindia.com/welcome/tender
2026-09-04,NEW,NHPC,Development of Sallah Area of CISF by levelling and providing Drain & Path etc. of Parbati-III Power Station,,,,https://www.nhpcindia.com/welcome/tender
2026-09-04,NEW,NHPC,"Repair and painting of Executive field hostel (inside) and repair of damaged road in front of D-type at Sapangni, Parbati-III Power Station",,,,https://www.nhpcindia.com/welcome/tender
2026-09-04,NEW,NHPC,Repairing/Providing hill side drain between RD:16.092 Km to RD:16.2290 Km along Loktak-Leimatak Road.,,,,https://www.nhpcindia.com/welcome/tender
2026-09-04,NEW,NHPC,"Minor repairing, Machining & HP-HVOF Coating of 1 Set(24 Nos) Guide vanes of Dulhasti Power Station, Kishtwar",,,,https://www.nhpcindia.com/welcome/tender
2026-09-04,NEW,NHPC,"Cleaning of logs, boulders and large quantity of silt accumulated in front of Trash Rack/ Intake structure of Teesta-V Power Station",,,,https://www.nhpcindia.com/welcome/tender
2026-09-04,NEW,NHPC,Providing breast wall from RD 17.229 KM to RD 17.264 KM along bypass road of Loktak- Leimatak Road,,,,https://www.nhpcindia.com/welcome/tender
2026-09-04,NEW,NHPC,"Repairing of road side RR drain at old road, in between RD 330.0m to 500.00m and RD 812.00m to RD 860.00m at Loktak-Leimatak road.",,,,https://www.nhpcindia.com/welcome/tender
2026-09-04,NEW,NHPC,"Shifting of pumps, motors, panels and construction of pump foundations for installation of New pump and change of suction lines and delivery lines interfacing with existing pipeline and at Dugala, Salal Power Station, UT of J&K",,,,https://www.nhpcindia.com/welcome/tender
2026-09-04,NEW,NHPC,Routine Maintenance of Hydro Mechanical Equipments of Uri-II Power Station,,,,https://www.nhpcindia.com/welcome/tender
2026-09-04,NEW,NHPC,Providing assistance for Running and Maintenance of Main Administrative Office at Tingchim for Teesta-IV H.E. Project,,,,https://www.nhpcindia.com/welcome/tender
2026-09-04,NEW,NHPC,NH/DPS/CONT/NIT-137/2023/E90494 dated 24.05.2023,,,,https://www.nhpcindia.com/welcome/tender
2026-09-04,NEW,NHPC,"Exploratory drilling, driving and reaming of drill holes for lowering of casing of Px/Hx/Nx size for ± 280 m length of SFT area of Dulhasti-II HE Project Kishtwar",,,,https://www.nhpcindia.com/welcome/tender
2026-09-04,NEW,NHPC,"Construction of 01 No. Security hut and toilet behind LT Panel at Pulga Dam, Barshaini of Parbati-H.E. Project, Stage-II” (Package No. C-693)",,,,https://www.nhpcindia.com/welcome/tender
2026-09-04,NEW,NHPC,"Repairing of IRB Barrack, CRPF Morcha, HOP Residence and Internal Boundary Walls at Old Colony Loktak",,,,https://www.nhpcindia.com/welcome/tender
2026-09-04,NEW,NHPC,"Repair and renovation of toilets in Administrative Office Building at Gingle, Uri Power Station",,,,https://www.nhpcindia.com/welcome/tender
2026-09-04,NEW,NHPC,"Providing and Fixing Aluminium Coated Panel for Dam Control Room Building at Dawar, Gurez of KGPS (PKG-430)",,,,https://www.nhpcindia.com/welcome/tender
2026-09-04,NEW,NHPC,"Internal Electrification work of CISF Barrack at DAM Site of Kishanganga Power Station, Gurez, Bandipora. (PKG-429)",,,,https://www.nhpcindia.com/welcome/tender
2026-09-04,NEW,NHPC,"Supply, erection, testing and commissioning of 11 kV overhead line with Aerial bunched cables from Y-Junction to Dam Intake of NHPC Subansiri Lower Hydroelectric Project, Dollungmukh, Arunachal Pradesh.",,,,https://www.nhpcindia.com/welcome/tender
2026-09-04,NEW,NHPC,"Repair/Renovation of Pump House situated near Power House, Loktak Power Station, Leimatak",,,,https://www.nhpcindia.com/welcome/tender
2026-09-04,NEW,NHPC,"Dismantling of Tilted CC wall and hill protection work at Bhaledh Trench Weir of BSPS, Surangani ,Distt- Chamba",,,,https://www.nhpcindia.com/welcome/tender
2026-09-04,NEW,NHPC,"Repair of Spillway Glacis/Bucket S-1, S-2 & S-3 & protection work in downstream side, left bank by concrete cladding wall at Pulga Dam, Barshaini of PHEP-II”. (Package No. C-705).",,,,https://www.nhpcindia.com/welcome/tender
2026-09-04,NEW,NHPC,Restoration of damaged Retaining Walls at RD-2/120 Km to RD-2/140 km at surge shaft (Baggi) Road,,,,https://www.nhpcindia.com/welcome/tender
2026-09-04,NEW,NHPC,"Construction of Security Check Post Cum Temporary site office at Chimri colony, Dibang Multipurpose Project, Roing Arunachal Pradesh",,,,https://www.nhpcindia.com/welcome/tender
2026-09-04,NEW,NHPC,"Exploratory Drifts Work of 120 m length and size 1.8 m (W) X 2.1 m (H) of rectangular section (01 No. drift of 40 m length at Dam Toe area and 01 No. drift of 80 m length at Plunge Pool area) at Left Bank for Dibang Multipurpose Project, Arunachal Pradesh",,,,https://www.nhpcindia.com/welcome/tender
2026-09-04,NEW,NHPC,Restoration of damaged Retaining Walls at RD-2/120 Km to RD-2/140 km at surge shaft (Baggi) Road,,,,https://www.nhpcindia.com/welcome/tender
2026-09-04,NEW,NHPC,"Supply, erection/installation and commissioning of Submersible pumps (two nos.) for drainage system of power house of Chamera-I Power Station",,,,https://www.nhpcindia.com/welcome/tender
2026-09-04,NEW,NHPC,NH/SPS/CD/NIT-01/2023-24/85-94 dtd 10/05/23,,,,https://www.nhpcindia.com/welcome/tender
2026-09-04,NEW,NHPC,"Repair and Painting of Dam Control Room, Parapet Wall and Cover of Cable Trench of Dam of Parbati-III",,,,https://www.nhpcindia.com/welcome/tender
2026-09-04,NEW,NHPC,Repair of roof and painting of Officers club at Sapangni,,,,https://www.nhpcindia.com/welcome/tender
2026-09-04,NEW,NHPC,"Miscellaneous Repair works in Pot head Yard area and fire fighting water tank area, Parbati-III Power Station",,,,https://www.nhpcindia.com/welcome/tender
2026-09-04,NEW,NHPC,Providing protection work and strengthening the existing channelization work of Seepage at Sapangini,,,,https://www.nhpcindia.com/welcome/tender
2026-09-04,NEW,NHPC,Providing and laying shotcrete work with rock anchor bolt in upstream of Penstock near AB#8 at Sewa-II Power Station Mashka (J&K) (CW-534),,,,https://www.nhpcindia.com/welcome/tender
2026-09-04,NEW,NHPC,"AMC of Eleven (11) number RO installed at various locations in NHPC Residential colony, Faridabad for a period of Two years.",,,,https://www.nhpcindia.com/welcome/tender
2026-09-04,NEW,NHPC,GEM/2023/B/3417959,,,,https://www.nhpcindia.com/welcome/tender
2026-09-04,NEW,NHPC,"Renovation of Kitchen, Toilet, Dining Hall and painting of Auditorium at Left Bank Teesta-V Power Station, Balutar",,,,https://www.nhpcindia.com/welcome/tender
2026-09-04,NEW,NHPC,"Maintenance & Cleaning of Rain Harvesting Pits for year 2023 in NHPC office Complex, Sector-33, Faridabad",,,,https://www.nhpcindia.com/welcome/tender
2026-09-04,NEW,NHPC,"Engineering Procurement and Construction (EPC) contract for development of 50 MW Floating Solar Power Project and associated transmission system for Grid Connectivity along with Comprehensive O&M for 05 (Five) years at West Kallada, District-Kollam, in the state of Kerala",,,,https://www.nhpcindia.com/welcome/tender
2026-09-04,NEW,NHPC,"EPC Contract for development of 300 MW Capacity Floating Solar Power Project and associated 220 KV transmission line for connectivity at 400 KV Grid substation alongwith Comprehensive O and M for 05 years at Rengali Reservoir Angul, Odisha",,,,https://www.nhpcindia.com/welcome/tender
2026-09-04,NEW,NHPC,"Providing Insurance Cover during O&M period for 50MW Wind Power Project at Jaisalmer, Rajasthan for one year w.e.f. 19.06.23 to 18.06.24",,,,https://www.nhpcindia.com/welcome/tender
2026-09-04,NEW,NHPC,"Refilling and associated works for Fire Extinguishers installed at NHPC Office Complex Sector-33 & NHPC Residential Colony, Sector-41, Faridabad for a period of two years",,,,https://www.nhpcindia.com/welcome/tender
2026-09-04,NEW,NHPC,"Repairing of Filter Plant Pump Shed at Loktak Colony, Loktak Power Station",,,,https://www.nhpcindia.com/welcome/tender
2026-09-04,NEW,NHPC,"Construction of Plan House, Office and Canteen at Baira Dam of BSPS",,,,https://www.nhpcindia.com/welcome/tender
2026-09-04,NEW,NHPC,"Design & Engineering through international consultant (RCC Dam), Construction Planning and Construction Monitoring for Dibang Multi Purpose Project",,,,https://www.nhpcindia.com/welcome/tender
2026-09-04,NEW,NHPC,"Re-construction of 11/0.415 KV Electrical Sub-station along with HT line, HT & LT Panels, and other associated works, at Dikchu Dam site of Teesta-V Power Station NHPC Ltd, damaged due to land slide",,,,https://www.nhpcindia.com/welcome/tender
2026-09-04,NEW,NHPC,"Turnkey execution of 1856 MW Sawalkot Hydro Electric Project located at Ramban /Udhampur district in the Union Territory of Jammu & Kashmir, India",,,,https://www.nhpcindia.com/welcome/tender
2026-09-04,NEW,NHPC,Providing and Fixing welded steel Main Gate at ED office Right Bank Kolaptukar Subansiri Lower,,,,https://www.nhpcindia.com/welcome/tender
2026-09-04,NEW,NHPC,"Design & Engineering through international consultant (RCC Dam), Construction Planning and Construction Monitoring for Dibang Multi Purpose Project",,,,https://www.nhpcindia.com/welcome/tender
2026-09-04,NEW,NHPC,Lot-5C Hydromechanical works Package for Pressure Shaft Steel Liners of Dibang Multipurpose Project,,,,https://www.nhpcindia.com/welcome/tender
2026-09-04,NEW,NHPC,Repairing of water Supply drain and Slope Protection work near Awang Pump House at Loktak.,,,,https://www.nhpcindia.com/welcome/tender
2026-09-04,NEW,NHPC,Restoration of damaged Retaining Walls and Breast Walls at Bagdhar Khairi Road.,,,,https://www.nhpcindia.com/welcome/tender
2026-09-04,NEW,NHPC,"Supply, Installation, Testing, Commissioning and Annual Maintenance of Early Warning System (EWS) at Dugar HE Project” (Package No. DHEP-10).",,,,https://www.nhpcindia.com/welcome/tender
