Severity,Check,TenderKey,Authority,Detail,Value
HIGH,SOURCE_UNHEALTHY,,,SECI_AWARDED returned FAILED,fetch failed for https://www.seci.co.in/Bidder/view/tender/results/all-award/list/bidder: 500 Server Error: Internal Ser
LOW,WINNER_NOT_FOUND,T-14b219a5ac11,NTPC,material tender closed with no winner found yet,250.0
LOW,WINNER_NOT_FOUND,T-7c9a4ab50607,NTPC,material tender closed with no winner found yet,260.0
LOW,WINNER_NOT_FOUND,T-d8fe1d193335,NTPC,material tender closed with no winner found yet,130.0
LOW,WINNER_NOT_FOUND,T-8572ea4e6c43,NTPC,material tender closed with no winner found yet,100.0
LOW,WINNER_NOT_FOUND,T-b94f3b4c0308,NTPC,material tender closed with no winner found yet,250.0
LOW,WINNER_NOT_FOUND,T-51bcbee78be9,NTPC,material tender closed with no winner found yet,750.0
LOW,WINNER_NOT_FOUND,T-62813dc9a0ca,NTPC,material tender closed with no winner found yet,350.0
LOW,WINNER_NOT_FOUND,T-c1c9a767d938,NTPC,material tender closed with no winner found yet,50.0
LOW,WINNER_NOT_FOUND,T-11b4e8d84ec1,NTPC,material tender closed with no winner found yet,250.0
LOW,WINNER_NOT_FOUND,T-5253bb106eb9,NTPC,material tender closed with no winner found yet,750.0
LOW,WINNER_NOT_FOUND,T-cf8e9e17fdc8,NTPC,material tender closed with no winner found yet,250.0
LOW,WINNER_NOT_FOUND,T-15daded0fe3c,NTPC,material tender closed with no winner found yet,50.0
LOW,WINNER_NOT_FOUND,T-b303d7a1b2a2,NTPC,material tender closed with no winner found yet,625.0
LOW,WINNER_NOT_FOUND,T-0029e937e68a,NTPC,material tender closed with no winner found yet,100.0
LOW,WINNER_NOT_FOUND,T-1f1d044d99d5,NTPC,material tender closed with no winner found yet,100.0
LOW,WINNER_NOT_FOUND,T-028c77ab317f,NTPC,material tender closed with no winner found yet,250.0
LOW,WINNER_NOT_FOUND,T-3347736b306a,NTPC,material tender closed with no winner found yet,250.0
LOW,WINNER_NOT_FOUND,T-3c8d2f1c74de,NTPC,material tender closed with no winner found yet,750.0
LOW,WINNER_NOT_FOUND,T-87dbce87bc84,NTPC,material tender closed with no winner found yet,800.0
LOW,WINNER_NOT_FOUND,T-a20adbdabbc4,NTPC,material tender closed with no winner found yet,250.0
LOW,WINNER_NOT_FOUND,T-917ecf03e16f,NTPC,material tender closed with no winner found yet,86.0
LOW,WINNER_NOT_FOUND,T-bdad7ad70c85,NTPC,material tender closed with no winner found yet,250.0
LOW,WINNER_NOT_FOUND,T-393760614a19,NTPC,material tender closed with no winner found yet,225.0
LOW,WINNER_NOT_FOUND,T-ed03dd1e13ae,NTPC,material tender closed with no winner found yet,250.0
LOW,WINNER_NOT_FOUND,T-80096b52963a,NTPC,material tender closed with no winner found yet,2000.0
LOW,WINNER_NOT_FOUND,T-1990e7256edf,NTPC,material tender closed with no winner found yet,2000.0
LOW,WINNER_NOT_FOUND,T-b2c375eb88a2,NTPC,material tender closed with no winner found yet,65.0
LOW,WINNER_NOT_FOUND,T-c490075c3d6b,NTPC,material tender closed with no winner found yet,70.0
LOW,WINNER_NOT_FOUND,T-2f139ac31969,NTPC,material tender closed with no winner found yet,100.0
LOW,WINNER_NOT_FOUND,T-8302af7c3e94,NTPC,material tender closed with no winner found yet,1000.0
LOW,WINNER_NOT_FOUND,T-d8ea428e3ff7,NTPC,material tender closed with no winner found yet,1000.0
LOW,WINNER_NOT_FOUND,T-6a5bc0145ac2,NTPC,material tender closed with no winner found yet,1200.0
LOW,WINNER_NOT_FOUND,T-1e86f19373c0,NTPC,material tender closed with no winner found yet,1200.0
LOW,WINNER_NOT_FOUND,T-bebe9e3dd6ab,NTPC,material tender closed with no winner found yet,100.0
LOW,WINNER_NOT_FOUND,T-934aef4f77f1,NTPC,material tender closed with no winner found yet,1000.0
LOW,WINNER_NOT_FOUND,T-95def88bd9bd,NTPC,material tender closed with no winner found yet,1200.0
LOW,WINNER_NOT_FOUND,T-53f7c46ff920,NTPC,material tender closed with no winner found yet,1000.0
LOW,WINNER_NOT_FOUND,T-25830e4ec543,NTPC,material tender closed with no winner found yet,100.0
LOW,WINNER_NOT_FOUND,T-110f999350f3,NTPC,material tender closed with no winner found yet,500.0
LOW,WINNER_NOT_FOUND,T-68938593bd6b,NTPC,material tender closed with no winner found yet,923.0
LOW,WINNER_NOT_FOUND,T-f7e5c1496f90,NTPC,material tender closed with no winner found yet,600.0
HIGH,POSSIBLE_DUPLICATE,f3fea2a5581e,SECI,same reference number on two records,SECI/CP/SPD/RFS/AN/4MW/012020
HIGH,POSSIBLE_DUPLICATE,db2d9d41e1fd,SECI,same reference number on two records,SECI/CP/NIT/ITNETWORKAV/042020
LOW,WINNER_NOT_FOUND,T-8df1f96ff222,NTPC,material tender closed with no winner found yet,1200.0
LOW,WINNER_NOT_FOUND,T-cd9f5c9e69c5,SECI,material tender closed with no winner found yet,2000.0
HIGH,POSSIBLE_DUPLICATE,cd9f5c9e69c5,SECI,same reference number on two records,SECI/CP/SPD/ISTS-IX/RFS/2000MW/032020
LOW,WINNER_NOT_FOUND,cd9f5c9e69c5,SECI,material tender closed with no winner found yet,2000.0
HIGH,POSSIBLE_DUPLICATE,4b6721edc0f4,SECI,same reference number on two records,SECI/CP/NIT/2020/SCCL32
HIGH,POSSIBLE_DUPLICATE,e9d93b092016,SECI,same reference number on two records,SECI/CP/PSS/2020/01
HIGH,POSSIBLE_DUPLICATE,8ad78e85def2,SECI,same reference number on two records,SECI/CP/NIT/2020/SCCL15
LOW,WINNER_NOT_FOUND,T-2ff6bbf36dbb,SECI,material tender closed with no winner found yet,2000.0
HIGH,POSSIBLE_DUPLICATE,2ff6bbf36dbb,SECI,same reference number on two records,SECI/CP/WPD/2000MW/T9/RFS/032020
LOW,WINNER_NOT_FOUND,2ff6bbf36dbb,SECI,material tender closed with no winner found yet,2000.0
HIGH,POSSIBLE_DUPLICATE,66334e1d66b6,SECI,same reference number on two records,SECI/CP/NIT/MODFURNITURE/062020
HIGH,POSSIBLE_DUPLICATE,124ce37a4a1f,SECI,same reference number on two records,SECI/CP/SPD/RFS/10MWSPV/BK-RJ/062020
LOW,WINNER_NOT_FOUND,T-a5253de27e74,NTPC,material tender closed with no winner found yet,1070.0
HIGH,POSSIBLE_DUPLICATE,7116dca98c98,SECI,same reference number on two records,SECI/CP/NIT/2020/VOCPT5
HIGH,POSSIBLE_DUPLICATE,3306e54faad5,SECI,same reference number on two records,SECI/CP/NIT/AVEQUIP/082020
HIGH,POSSIBLE_DUPLICATE,eecb36ab7aa0,SECI,same reference number on two records,SECI/CP/RFS/PMDP/LK/2020
LOW,WINNER_NOT_FOUND,T-998e9b3ae144,SECI,material tender closed with no winner found yet,1070.0
HIGH,POSSIBLE_DUPLICATE,998e9b3ae144,SECI,same reference number on two records,SECI/CP/SPD/RFS/RJ-III/072020
LOW,WINNER_NOT_FOUND,998e9b3ae144,SECI,material tender closed with no winner found yet,1070.0
HIGH,POSSIBLE_DUPLICATE,53d5475a9954,SECI,same reference number on two records,SECI/CP/NIT/ITFMS/092020
HIGH,POSSIBLE_DUPLICATE,c83fc5dffc01,SECI,same reference number on two records,SECI/SD/EOI/20-21
LOW,WINNER_NOT_FOUND,T-a034c4a2aee2,NTPC,material tender closed with no winner found yet,600.0
LOW,WINNER_NOT_FOUND,T-566fd0283239,SECI,material tender closed with no winner found yet,1200.0
HIGH,POSSIBLE_DUPLICATE,566fd0283239,SECI,same reference number on two records,SECI/CP/HPD/T3/1200MW/RFS/012020
LOW,WINNER_NOT_FOUND,566fd0283239,SECI,material tender closed with no winner found yet,1200.0
HIGH,POSSIBLE_DUPLICATE,7a955b8b64ee,SECI,same reference number on two records,SECI/CP/SOFT/2020
LOW,WINNER_NOT_FOUND,T-54d2a3f18a68,SECI,material tender closed with no winner found yet,100.0
HIGH,POSSIBLE_DUPLICATE,54d2a3f18a68,SECI,same reference number on two records,SECI/CP/RFB/2020/CG/100/150
LOW,WINNER_NOT_FOUND,54d2a3f18a68,SECI,material tender closed with no winner found yet,100.0
LOW,WINNER_NOT_FOUND,T-4e06bed6f1f7,NTPC,material tender closed with no winner found yet,300.0
LOW,WINNER_NOT_FOUND,T-ac9dcd99b0a5,NTPC,material tender closed with no winner found yet,190.0
MEDIUM,CAPACITY_IMPLAUSIBLE,T-069167338a56,SECI,"capacity above 5 GW, check the parsed unit",7500.0
LOW,WINNER_NOT_FOUND,T-069167338a56,SECI,material tender closed with no winner found yet,7500.0
HIGH,POSSIBLE_DUPLICATE,069167338a56,SECI,same reference number on two records,SECI/CP/SPD/RFS/LEH-KARGIL/7500MW/122018
MEDIUM,CAPACITY_IMPLAUSIBLE,069167338a56,SECI,"capacity above 5 GW, check the parsed unit",7500.0
LOW,WINNER_NOT_FOUND,069167338a56,SECI,material tender closed with no winner found yet,7500.0
LOW,WINNER_NOT_FOUND,T-378fc4a48839,SECI,material tender closed with no winner found yet,1200.0
HIGH,POSSIBLE_DUPLICATE,378fc4a48839,SECI,same reference number on two records,SECI/CP/WPD/1200MW/T10/RFS/122020
LOW,WINNER_NOT_FOUND,378fc4a48839,SECI,material tender closed with no winner found yet,1200.0
LOW,WINNER_NOT_FOUND,T-e5c0035292e8,SECI,material tender closed with no winner found yet,2500.0
HIGH,POSSIBLE_DUPLICATE,e5c0035292e8,SECI,same reference number on two records,SECI/CP/SPD/ISTS-X/KOPPAL-SP/RFS/2500MW/042020
LOW,WINNER_NOT_FOUND,e5c0035292e8,SECI,material tender closed with no winner found yet,2500.0
HIGH,POSSIBLE_DUPLICATE,05e822c2a54c,SECI,same reference number on two records,SECI/CP/TD/2020/LEH/20S/20B
HIGH,POSSIBLE_DUPLICATE,d43cca53b1ce,SECI,same reference number on two records,SECI/CP/NIT/HOUSEKEEPING/032021
HIGH,POSSIBLE_DUPLICATE,5d09f30aa031,SECI,same reference number on two records,SECI/CP/TD/2020/BCCL/25S
LOW,WINNER_NOT_FOUND,T-17b0ccd6222a,NTPC,material tender closed with no winner found yet,300.0
LOW,WINNER_NOT_FOUND,T-db09cae1338d,NTPC,material tender closed with no winner found yet,600.0
LOW,WINNER_NOT_FOUND,T-2bca1dd2f0ad,SECI,material tender closed with no winner found yet,1785.0
HIGH,POSSIBLE_DUPLICATE,2bca1dd2f0ad,SECI,same reference number on two records,SECI/CP/SPD/RFS/RJ-IV/032021
LOW,WINNER_NOT_FOUND,2bca1dd2f0ad,SECI,material tender closed with no winner found yet,1785.0
LOW,WINNER_NOT_FOUND,T-88409b177112,SECI,material tender closed with no winner found yet,1200.0
HIGH,POSSIBLE_DUPLICATE,88409b177112,SECI,same reference number on two records,SECI/CP/WPD/1200MW/T11/RFS/052021
LOW,WINNER_NOT_FOUND,88409b177112,SECI,material tender closed with no winner found yet,1200.0
LOW,WINNER_NOT_FOUND,T-530c4bbf4a68,SECI,material tender closed with no winner found yet,1200.0
HIGH,POSSIBLE_DUPLICATE,530c4bbf4a68,SECI,same reference number on two records,SECI/CP/HPD/T4/1200MW/RFS/042021
LOW,WINNER_NOT_FOUND,530c4bbf4a68,SECI,material tender closed with no winner found yet,1200.0
HIGH,POSSIBLE_DUPLICATE,2873dd792e0f,SECI,same reference number on two records,SECI/CP/SOFT/STAAD/2021
HIGH,POSSIBLE_DUPLICATE,08c5663f364d,SECI,same reference number on two records,SECI/CP/BMS/2021
LOW,WINNER_NOT_FOUND,T-88faead54357,SECI,material tender closed with no winner found yet,100.0
HIGH,POSSIBLE_DUPLICATE,88faead54357,SECI,same reference number on two records,SECI/CP/RFP/2020/CG/100/120/OE
LOW,WINNER_NOT_FOUND,88faead54357,SECI,material tender closed with no winner found yet,100.0
HIGH,POSSIBLE_DUPLICATE,a04fb656c820,SECI,same reference number on two records,SECI/CP/OM/AN/2021/01
HIGH,POSSIBLE_DUPLICATE,f7eeb7eb3f61,SECI,same reference number on two records,SECI/CP/CSR/2021/01
LOW,WINNER_NOT_FOUND,T-5a5e72e722e6,SECI,material tender closed with no winner found yet,5000.0
HIGH,POSSIBLE_DUPLICATE,5a5e72e722e6,SECI,same reference number on two records,SECI/CP/RPD/RTC-II/RFS/5000MW/032020
LOW,WINNER_NOT_FOUND,5a5e72e722e6,SECI,material tender closed with no winner found yet,5000.0
HIGH,POSSIBLE_DUPLICATE,0164f3d25bc7,SECI,same reference number on two records,SECI/CP/MI/00/0002/2021-22
LOW,WINNER_NOT_FOUND,T-8fbdff66adb7,NTPC,material tender closed with no winner found yet,300.0
LOW,WINNER_NOT_FOUND,T-b004a658bfd0,NTPC,material tender closed with no winner found yet,500.0
LOW,WINNER_NOT_FOUND,T-1ede13fbecf6,NTPC,material tender closed with no winner found yet,735.0
LOW,WINNER_NOT_FOUND,T-3f8659e53df5,NTPC,material tender closed with no winner found yet,200.0
LOW,WINNER_NOT_FOUND,T-65be4f1d570f,SECI,material tender closed with no winner found yet,1200.0
HIGH,POSSIBLE_DUPLICATE,65be4f1d570f,SECI,same reference number on two records,SECI/CP/SPD/ISTS-X/RFS/1200MW/072021
LOW,WINNER_NOT_FOUND,65be4f1d570f,SECI,material tender closed with no winner found yet,1200.0
LOW,WINNER_NOT_FOUND,T-a99eb73812e0,SECI,material tender closed with no winner found yet,1200.0
HIGH,POSSIBLE_DUPLICATE,a99eb73812e0,SECI,same reference number on two records,SECI/CP/IPP/12/0002/21-22
LOW,WINNER_NOT_FOUND,a99eb73812e0,SECI,material tender closed with no winner found yet,1200.0
LOW,WINNER_NOT_FOUND,T-46472d767a7b,NTPC,material tender closed with no winner found yet,1200.0
HIGH,POSSIBLE_DUPLICATE,f0b47448cb25,SECI,same reference number on two records,SECI/CP/IPP/11/0001/21-22
LOW,WINNER_NOT_FOUND,T-46432bfe2d46,NTPC,material tender closed with no winner found yet,1200.0
HIGH,POSSIBLE_DUPLICATE,7409417e8e5c,SECI,same reference number on two records,SECI/CP/EOI/11/0001/2021-22
LOW,WINNER_NOT_FOUND,T-2c18fa909bfe,SECI,material tender closed with no winner found yet,100.0
HIGH,POSSIBLE_DUPLICATE,2c18fa909bfe,SECI,same reference number on two records,SECI/CP/TD/2021/CG/100
LOW,WINNER_NOT_FOUND,2c18fa909bfe,SECI,material tender closed with no winner found yet,100.0
LOW,WINNER_NOT_FOUND,T-34925f7c8086,SECI,material tender closed with no winner found yet,1200.0
HIGH,POSSIBLE_DUPLICATE,34925f7c8086,SECI,same reference number on two records,SECI/CP/IPP/13/0003/21-22
LOW,WINNER_NOT_FOUND,34925f7c8086,SECI,material tender closed with no winner found yet,1200.0
HIGH,POSSIBLE_DUPLICATE,5d3d1d5729bb,SECI,same reference number on two records,SECI/CP/SPD/RFS/15MW/BBMB/072020
LOW,WINNER_NOT_FOUND,T-ddbf5100f8ad,SECI,material tender closed with no winner found yet,50.0
HIGH,POSSIBLE_DUPLICATE,ddbf5100f8ad,SECI,same reference number on two records,SECI/CP/TD/2020/TN/50
LOW,WINNER_NOT_FOUND,ddbf5100f8ad,SECI,material tender closed with no winner found yet,50.0
LOW,WINNER_NOT_FOUND,T-b73faee82786,NTPC,material tender closed with no winner found yet,325.0
LOW,WINNER_NOT_FOUND,T-8e3a545ed34a,NTPC,material tender closed with no winner found yet,1000.0
HIGH,POSSIBLE_DUPLICATE,c3748d37b9db,SECI,same reference number on two records,SECI/CP/PMC/11/0001/2021-22
LOW,WINNER_NOT_FOUND,T-eacd77e62ed2,NTPC,material tender closed with no winner found yet,300.0
LOW,WINNER_NOT_FOUND,T-357ba8a91f7b,NTPC,material tender closed with no winner found yet,720.0
LOW,WINNER_NOT_FOUND,T-df1323d2d006,NTPC,material tender closed with no winner found yet,150.0
LOW,WINNER_NOT_FOUND,T-2f4e5ec41e99,NTPC,material tender closed with no winner found yet,500.0
HIGH,POSSIBLE_DUPLICATE,78e284189cb2,SECI,same reference number on two records,SECI/CP/AD/13/0002/21-22
HIGH,POSSIBLE_DUPLICATE,fccb9a8c8ab9,SECI,same reference number on two records,SECI/CP/PMC/11/0002/2021-22
HIGH,POSSIBLE_DUPLICATE,f6f612cd83e0,SECI,same reference number on two records,SECI/CP/PMC/11/0003/2021-22
HIGH,POSSIBLE_DUPLICATE,b4cd2130db2b,SECI,same reference number on two records,SECI/CP/AD/13/0003/21-22
LOW,WINNER_NOT_FOUND,T-7d612748798b,NTPC,material tender closed with no winner found yet,500.0
HIGH,POSSIBLE_DUPLICATE,32749334772f,SECI,same reference number on two records,SECI/CP/IPP/17/0005/21-22
HIGH,POSSIBLE_DUPLICATE,c8c90fcb17e8,SECI,same reference number on two records,SECI/CP/IPP/17/0002/22-23
LOW,WINNER_NOT_FOUND,T-c4da5bef4fda,NTPC,material tender closed with no winner found yet,100.0
LOW,WINNER_NOT_FOUND,T-a6b2d538221c,NTPC,material tender closed with no winner found yet,200.0
LOW,WINNER_NOT_FOUND,T-dd471025347e,NTPC,material tender closed with no winner found yet,1255.0
HIGH,POSSIBLE_DUPLICATE,716463ee7e38,SECI,same reference number on two records,SECI/CP/MI/00/0004/2021-22
LOW,WINNER_NOT_FOUND,T-018adabb0d45,NTPC,material tender closed with no winner found yet,4750.0
HIGH,POSSIBLE_DUPLICATE,c0d4bff3b7ac,SECI,same reference number on two records,GEM/2022/B/2225359
HIGH,POSSIBLE_DUPLICATE,bf0530e4277a,SECI,same reference number on two records,GEM/2022/B/2225248
HIGH,POSSIBLE_DUPLICATE,1328b93d19ee,SECI,same reference number on two records,SECI/CP/MI/00/0006/2022-23
LOW,WINNER_NOT_FOUND,T-159554c06610,NTPC,material tender closed with no winner found yet,500.0
LOW,WINNER_NOT_FOUND,T-5846c1b846de,NTPC,material tender closed with no winner found yet,600.0
HIGH,POSSIBLE_DUPLICATE,032d5bc17b80,SECI,same reference number on two records,SECI/CP/PMC/11/0001/2022-23
LOW,WINNER_NOT_FOUND,T-20fef13eecc1,SECI,material tender closed with no winner found yet,100.0
HIGH,POSSIBLE_DUPLICATE,20fef13eecc1,SECI,same reference number on two records,SECI/CP/OP/17/002/21-22
LOW,WINNER_NOT_FOUND,20fef13eecc1,SECI,material tender closed with no winner found yet,100.0
LOW,WINNER_NOT_FOUND,T-1b30daa21ab6,SECI,material tender closed with no winner found yet,1200.0
HIGH,POSSIBLE_DUPLICATE,1b30daa21ab6,SECI,same reference number on two records,SECI/CP/IPP/12/0006/21-22
LOW,WINNER_NOT_FOUND,1b30daa21ab6,SECI,material tender closed with no winner found yet,1200.0
HIGH,POSSIBLE_DUPLICATE,ce3ef75a35f0,SECI,same reference number on two records,GEM/2022/B/2258520
HIGH,POSSIBLE_DUPLICATE,1d898d272463,SECI,same reference number on two records,GEM/2022/B/2302458
HIGH,POSSIBLE_DUPLICATE,6cbbd90197e0,SECI,same reference number on two records,GEM/2022/B/2270775
LOW,WINNER_NOT_FOUND,T-21a1d155e088,NTPC,material tender closed with no winner found yet,720.0
HIGH,POSSIBLE_DUPLICATE,e22abb5444fe,SECI,same reference number on two records,SECI/CP/IPP/17/0003/22-23
LOW,WINNER_NOT_FOUND,T-3b2c0083bc35,NTPC,material tender closed with no winner found yet,1000.0
LOW,WINNER_NOT_FOUND,T-d2e5e4e13e9f,NTPC,material tender closed with no winner found yet,300.0
LOW,WINNER_NOT_FOUND,T-d20ef432404a,SECI,material tender closed with no winner found yet,500.0
LOW,WINNER_NOT_FOUND,T-d2a00c098b6d,SECI,material tender closed with no winner found yet,1680.0
HIGH,POSSIBLE_DUPLICATE,d20ef432404a,SECI,same reference number on two records,SECI/CP/IPP/15/0001/22-23
LOW,WINNER_NOT_FOUND,d20ef432404a,SECI,material tender closed with no winner found yet,500.0
HIGH,POSSIBLE_DUPLICATE,d2a00c098b6d,SECI,same reference number on two records,SECI/CP/OP/11/0001/2022-23
LOW,WINNER_NOT_FOUND,d2a00c098b6d,SECI,material tender closed with no winner found yet,1680.0
HIGH,POSSIBLE_DUPLICATE,bc24acf73cdf,SECI,same reference number on two records,SECI/CP/PMC/11/0002/2022-23
LOW,WINNER_NOT_FOUND,T-a9ca3ef0c16a,NTPC,material tender closed with no winner found yet,4750.0
LOW,WINNER_NOT_FOUND,T-0760cff9bd32,NTPC,material tender closed with no winner found yet,250.0
HIGH,POSSIBLE_DUPLICATE,86d2f5943bc0,SECI,same reference number on two records,SECI/CP/OP/17/002/22-23
HIGH,POSSIBLE_DUPLICATE,eeeea6263f81,SECI,same reference number on two records,SECI/CP/OP/14/003/2022-23
HIGH,POSSIBLE_DUPLICATE,3adf19b06764,SECI,same reference number on two records,GEM/2022/B/2674510
HIGH,POSSIBLE_DUPLICATE,6ebd3aebd49e,SECI,same reference number on two records,SECI/CP/IPP/17/0008/21-22
HIGH,POSSIBLE_DUPLICATE,e42229ff0a1b,SECI,same reference number on two records,SECI/CP/EOI/17/0001/22-23
LOW,WINNER_NOT_FOUND,T-255a03e734ca,NTPC,material tender closed with no winner found yet,325.0
LOW,WINNER_NOT_FOUND,T-d9cb50fe38e5,NTPC,material tender closed with no winner found yet,1200.0
HIGH,POSSIBLE_DUPLICATE,9a8847430031,SECI,same reference number on two records,SECI/CP/OP/14/004/2022-23
LOW,WINNER_NOT_FOUND,T-cc0184fe8f88,NTPC,material tender closed with no winner found yet,4750.0
LOW,WINNER_NOT_FOUND,T-1c6e9277976b,SECI,material tender closed with no winner found yet,2250.0
HIGH,POSSIBLE_DUPLICATE,1c6e9277976b,SECI,same reference number on two records,SECI/CP/IPP/13/0004/22-23
LOW,WINNER_NOT_FOUND,1c6e9277976b,SECI,material tender closed with no winner found yet,2250.0
HIGH,POSSIBLE_DUPLICATE,d9ca73bcce6b,SECI,same reference number on two records,SECI/CP/MI/00/0009/22-23
LOW,WINNER_NOT_FOUND,T-514c36db27e7,SECI,material tender closed with no winner found yet,1200.0
HIGH,POSSIBLE_DUPLICATE,514c36db27e7,SECI,same reference number on two records,SECI/CP/IPP/13/0007/22-23
LOW,WINNER_NOT_FOUND,514c36db27e7,SECI,material tender closed with no winner found yet,1200.0
HIGH,POSSIBLE_DUPLICATE,196aa5a75c78,SECI,same reference number on two records,SECI/CP/IPP/14/0005/22-23
LOW,WINNER_NOT_FOUND,T-d2ce9785cfa0,NTPC,material tender closed with no winner found yet,1000.0
LOW,WINNER_NOT_FOUND,T-a4d731ac2ccd,NTPC,material tender closed with no winner found yet,2000.0
LOW,WINNER_NOT_FOUND,T-d43b73fc9626,NTPC,material tender closed with no winner found yet,1000.0
HIGH,POSSIBLE_DUPLICATE,64b3db07f5ec,SECI,same reference number on two records,SECI/CP/MI/00/0010/2022-23
LOW,WINNER_NOT_FOUND,T-eb0e4ec9fe44,NTPC,material tender closed with no winner found yet,4750.0
HIGH,POSSIBLE_DUPLICATE,d9b39af22575,SECI,same reference number on two records,SECI/CP/MI/00/0011/2022-23
HIGH,POSSIBLE_DUPLICATE,ca0c285efc7f,SECI,same reference number on two records,SECI/CP/OP/17/005/22-23
LOW,WINNER_NOT_FOUND,T-4f73476dad9b,SECI,material tender closed with no winner found yet,1200.0
HIGH,POSSIBLE_DUPLICATE,4f73476dad9b,SECI,same reference number on two records,SECI/CP/IPP/12/0008/22-23
LOW,WINNER_NOT_FOUND,4f73476dad9b,SECI,material tender closed with no winner found yet,1200.0
HIGH,POSSIBLE_DUPLICATE,d9767af89b90,SECI,same reference number on two records,SECI/CP/AD/13/0004/2022-23
LOW,WINNER_NOT_FOUND,T-79b966936bfc,NTPC,material tender closed with no winner found yet,2000.0
LOW,WINNER_NOT_FOUND,T-6b39b4e00ad2,NTPC,material tender closed with no winner found yet,755.0
LOW,WINNER_NOT_FOUND,T-7380c7d4f177,NTPC,material tender closed with no winner found yet,755.0
HIGH,POSSIBLE_DUPLICATE,6fe55cac44c1,SECI,same reference number on two records,SECI/CP/AD/13/0005/2022-23
HIGH,POSSIBLE_DUPLICATE,e00e88ac33bf,SECI,same reference number on two records,SECI/CP/MI/00/0012/2022-23
LOW,WINNER_NOT_FOUND,T-288d320b85c4,NTPC,material tender closed with no winner found yet,300.0
LOW,WINNER_NOT_FOUND,T-7ac04f44b40a,NTPC,material tender closed with no winner found yet,1000.0
LOW,WINNER_NOT_FOUND,T-4013f658dd66,NTPC,material tender closed with no winner found yet,310.0
LOW,WINNER_NOT_FOUND,T-cdbc138b65ad,NTPC,material tender closed with no winner found yet,500.0
LOW,WINNER_NOT_FOUND,T-d9b5a60369bc,SECI,material tender closed with no winner found yet,2000.0
HIGH,POSSIBLE_DUPLICATE,d9b5a60369bc,SECI,same reference number on two records,SECI/CP/IPP/11/0009/22-23
LOW,WINNER_NOT_FOUND,d9b5a60369bc,SECI,material tender closed with no winner found yet,2000.0
LOW,WINNER_NOT_FOUND,T-df199fab4f2b,SECI,material tender closed with no winner found yet,100.0
HIGH,POSSIBLE_DUPLICATE,df199fab4f2b,SECI,same reference number on two records,SECI/CP/OP/17/009/2023-24
LOW,WINNER_NOT_FOUND,df199fab4f2b,SECI,material tender closed with no winner found yet,100.0
HIGH,POSSIBLE_DUPLICATE,6450e1dc2745,SECI,same reference number on two records,GEM/2023/B/3569235
HIGH,POSSIBLE_DUPLICATE,8d0805a01920,SECI,same reference number on two records,GEM/2023/B/3568683
HIGH,POSSIBLE_DUPLICATE,af2b187c203e,SECI,same reference number on two records,SECI/CP/AD/EOI/17/0001/2023-24
LOW,WINNER_NOT_FOUND,T-0a102dcfeb9f,NTPC,material tender closed with no winner found yet,1500.0
HIGH,POSSIBLE_DUPLICATE,67f5f45642e8,SECI,same reference number on two records,GEM/2023/B/3752299
HIGH,POSSIBLE_DUPLICATE,dfa1062c1efc,SECI,same reference number on two records,SECI/CP/MI/00/0014/2023-24
LOW,WINNER_NOT_FOUND,T-de72af94b2a5,NTPC,material tender closed with no winner found yet,110.0
MEDIUM,CAPACITY_IMPLAUSIBLE,T-c88a6712deb0,SECI,"capacity above 5 GW, check the parsed unit",13000.0
LOW,WINNER_NOT_FOUND,T-c88a6712deb0,SECI,material tender closed with no winner found yet,13000.0
HIGH,POSSIBLE_DUPLICATE,c88a6712deb0,SECI,same reference number on two records,SECI/CP/MI/00/0013/2023-24
MEDIUM,CAPACITY_IMPLAUSIBLE,c88a6712deb0,SECI,"capacity above 5 GW, check the parsed unit",13000.0
LOW,WINNER_NOT_FOUND,c88a6712deb0,SECI,material tender closed with no winner found yet,13000.0
HIGH,POSSIBLE_DUPLICATE,9316f7921b2a,SECI,same reference number on two records,SECI/CP/AD/13/0005/2022-23/R1
LOW,WINNER_NOT_FOUND,T-c822f4218fa6,NTPC,material tender closed with no winner found yet,120.0
LOW,WINNER_NOT_FOUND,T-afafd16a6da5,NTPC,material tender closed with no winner found yet,1500.0
LOW,WINNER_NOT_FOUND,T-1b988946c0ae,SECI,material tender closed with no winner found yet,300.0
HIGH,POSSIBLE_DUPLICATE,1b988946c0ae,SECI,same reference number on two records,SECI/CP/OP/11/0006/2022-23
LOW,WINNER_NOT_FOUND,1b988946c0ae,SECI,material tender closed with no winner found yet,300.0
LOW,WINNER_NOT_FOUND,T-17e94642395f,SECI,material tender closed with no winner found yet,1000.0
HIGH,POSSIBLE_DUPLICATE,17e94642395f,SECI,same reference number on two records,SECI/CP/OP/11/008/2023-24
LOW,WINNER_NOT_FOUND,17e94642395f,SECI,material tender closed with no winner found yet,1000.0
HIGH,POSSIBLE_DUPLICATE,4490c885af54,SECI,same reference number on two records,SECI/CP/AD/13/0010/2023-24
LOW,WINNER_NOT_FOUND,T-9bfa3225b531,SECI,material tender closed with no winner found yet,1300.0
HIGH,POSSIBLE_DUPLICATE,9bfa3225b531,SECI,same reference number on two records,SECI/CP/IPP/12/0001/23-24
LOW,WINNER_NOT_FOUND,9bfa3225b531,SECI,material tender closed with no winner found yet,1300.0
LOW,WINNER_NOT_FOUND,T-cdc425d33777,NTPC,material tender closed with no winner found yet,2000.0
LOW,WINNER_NOT_FOUND,T-0c595b1c374d,NTPC,material tender closed with no winner found yet,300.0
LOW,WINNER_NOT_FOUND,T-a6d869a17e43,NTPC,material tender closed with no winner found yet,1200.0
LOW,WINNER_NOT_FOUND,T-29a64a92b584,SECI,material tender closed with no winner found yet,1000.0
HIGH,POSSIBLE_DUPLICATE,29a64a92b584,SECI,same reference number on two records,SECI/CP/IPP/11/0007/23-24
LOW,WINNER_NOT_FOUND,29a64a92b584,SECI,material tender closed with no winner found yet,1000.0
LOW,WINNER_NOT_FOUND,T-4c908303954b,SECI,material tender closed with no winner found yet,100.0
HIGH,POSSIBLE_DUPLICATE,4c908303954b,SECI,same reference number on two records,SECI/CP/OP/17/007/2022-23
LOW,WINNER_NOT_FOUND,4c908303954b,SECI,material tender closed with no winner found yet,100.0
LOW,WINNER_NOT_FOUND,T-d16eed10cbe6,SECI,material tender closed with no winner found yet,2000.0
HIGH,POSSIBLE_DUPLICATE,d16eed10cbe6,SECI,same reference number on two records,SECI/CP/IPP/13/0008/23-24
LOW,WINNER_NOT_FOUND,d16eed10cbe6,SECI,material tender closed with no winner found yet,2000.0
LOW,WINNER_NOT_FOUND,T-f33857bd548a,NTPC,material tender closed with no winner found yet,3000.0
HIGH,POSSIBLE_DUPLICATE,c51a50fe3b7d,SECI,same reference number on two records,SECI/CP/MI/00/0015/2023-24
HIGH,POSSIBLE_DUPLICATE,775eb2112596,SECI,same reference number on two records,SECI/CP/MI/00/0016/2023-24
LOW,WINNER_NOT_FOUND,T-ee8a6c0a850c,NTPC,material tender closed with no winner found yet,1000.0
LOW,WINNER_NOT_FOUND,T-1330c48c9b2f,NTPC,material tender closed with no winner found yet,1500.0
LOW,WINNER_NOT_FOUND,T-ac5ac31d3f4f,NTPC,material tender closed with no winner found yet,1500.0
HIGH,POSSIBLE_DUPLICATE,0a9e2e1f8aa3,SECI,same reference number on two records,SECI/CP/IPP/14/0002/23-24
HIGH,POSSIBLE_DUPLICATE,c849ae31eff8,SECI,same reference number on two records,GEM/2023/B/4345458
HIGH,POSSIBLE_DUPLICATE,11aed464cab2,SECI,same reference number on two records,GEM/2023/B/4342230
HIGH,POSSIBLE_DUPLICATE,9106b50541d5,SECI,same reference number on two records,GEM/2023/B/4240493
LOW,WINNER_NOT_FOUND,T-c7c7b122a6a3,NTPC,material tender closed with no winner found yet,1500.0
LOW,WINNER_NOT_FOUND,T-fa0955c0e46a,NTPC,material tender closed with no winner found yet,1255.0
HIGH,POSSIBLE_DUPLICATE,f5f29a794d9b,SECI,same reference number on two records,GEM/2023/B/4351279
LOW,WINNER_NOT_FOUND,T-0e36a56162a2,SECI,material tender closed with no winner found yet,1350.0
HIGH,POSSIBLE_DUPLICATE,0e36a56162a2,SECI,same reference number on two records,SECI/CP/IPP/12/0009/22-23
LOW,WINNER_NOT_FOUND,0e36a56162a2,SECI,material tender closed with no winner found yet,1350.0
HIGH,POSSIBLE_DUPLICATE,1f4b3f2fb87c,SECI,same reference number on two records,SECI/CP/MI/00/0017/2023-24
LOW,WINNER_NOT_FOUND,T-4cf4ee5acbf7,SECI,material tender closed with no winner found yet,400.0
HIGH,POSSIBLE_DUPLICATE,4cf4ee5acbf7,SECI,same reference number on two records,SECI/CP/OP/11/011/2023-24
LOW,WINNER_NOT_FOUND,4cf4ee5acbf7,SECI,material tender closed with no winner found yet,400.0
LOW,WINNER_NOT_FOUND,T-e128d39d5c9d,NTPC,material tender closed with no winner found yet,1080.0
LOW,WINNER_NOT_FOUND,T-f6a185bc918c,NTPC,material tender closed with no winner found yet,100.0
LOW,WINNER_NOT_FOUND,T-e9bef878a764,NTPC,material tender closed with no winner found yet,1000.0
LOW,WINNER_NOT_FOUND,T-8036e1e1c232,SECI,material tender closed with no winner found yet,1500.0
HIGH,POSSIBLE_DUPLICATE,8036e1e1c232,SECI,same reference number on two records,SECI/CP/IPP/11/0016/23-24
LOW,WINNER_NOT_FOUND,8036e1e1c232,SECI,material tender closed with no winner found yet,1500.0
LOW,WINNER_NOT_FOUND,T-42885d78a817,SECI,material tender closed with no winner found yet,1500.0
HIGH,POSSIBLE_DUPLICATE,42885d78a817,SECI,same reference number on two records,SECI/CP/IPP/13/0005/23-24
LOW,WINNER_NOT_FOUND,42885d78a817,SECI,material tender closed with no winner found yet,1500.0
LOW,WINNER_NOT_FOUND,T-9627843c703f,NTPC,material tender closed with no winner found yet,1500.0
LOW,WINNER_NOT_FOUND,T-d575a36d1704,SECI,material tender closed with no winner found yet,1500.0
HIGH,POSSIBLE_DUPLICATE,d575a36d1704,SECI,same reference number on two records,SECI/CP/IPP/11/0017/23-24
LOW,WINNER_NOT_FOUND,d575a36d1704,SECI,material tender closed with no winner found yet,1500.0
HIGH,POSSIBLE_DUPLICATE,e08e7e3b9d19,SECI,same reference number on two records,SECI/CP/MI/00/0020/2023-24
HIGH,POSSIBLE_DUPLICATE,5ebd60956530,SECI,same reference number on two records,SECI/CP/MI/00/0019/2023-24
LOW,WINNER_NOT_FOUND,T-824d7248bd30,SECI,material tender closed with no winner found yet,800.0
HIGH,POSSIBLE_DUPLICATE,824d7248bd30,SECI,same reference number on two records,SECI/CP/IPP/13/0004/23-24
LOW,WINNER_NOT_FOUND,824d7248bd30,SECI,material tender closed with no winner found yet,800.0
HIGH,POSSIBLE_DUPLICATE,c6362189e6c6,SECI,same reference number on two records,SECI/CP/IPP/14/0011/23-24
HIGH,POSSIBLE_DUPLICATE,4792968a25f7,SECI,same reference number on two records,GEM/2024/B/4716323
HIGH,POSSIBLE_DUPLICATE,5a7ae8933cd2,SECI,same reference number on two records,GEM/2024/B/4729886
LOW,WINNER_NOT_FOUND,T-6b23ce616d0d,NTPC,material tender closed with no winner found yet,1000.0
HIGH,POSSIBLE_DUPLICATE,36a8fdaff13b,SECI,same reference number on two records,SECI/CP/MI/00/0021/2023-24
LOW,WINNER_NOT_FOUND,T-b0aa9f04d11a,NTPC,material tender closed with no winner found yet,225.0
HIGH,POSSIBLE_DUPLICATE,2b5c779e47b3,SECI,same reference number on two records,SECI/CP/IPP/14/0010/23-24
HIGH,POSSIBLE_DUPLICATE,9530b0622c35,SECI,same reference number on two records,GEM/2024/B/4767269
LOW,WINNER_NOT_FOUND,T-4abb573623bc,NTPC,material tender closed with no winner found yet,1000.0
HIGH,POSSIBLE_DUPLICATE,d205c06d4053,SECI,same reference number on two records,GEM/2024/B/4779881
LOW,WINNER_NOT_FOUND,T-20aa5d386ee3,NTPC,material tender closed with no winner found yet,800.0
LOW,WINNER_NOT_FOUND,T-8221043315a9,NTPC,material tender closed with no winner found yet,2000.0
LOW,WINNER_NOT_FOUND,T-2400c58b7826,NTPC,material tender closed with no winner found yet,500.0
HIGH,POSSIBLE_DUPLICATE,419a121c644e,SECI,same reference number on two records,SECI/CP/AD/13/0010/2023-24/R01
HIGH,POSSIBLE_DUPLICATE,3219ba39705a,SECI,same reference number on two records,SECI/CP/IPP/14/0022/23-24
LOW,WINNER_NOT_FOUND,T-a85c11b0dc5c,NTPC,material tender closed with no winner found yet,2000.0
LOW,WINNER_NOT_FOUND,T-b84440e73807,NTPC,material tender closed with no winner found yet,1200.0
HIGH,POSSIBLE_DUPLICATE,b87e26f45a1b,SECI,same reference number on two records,GEM/2024/B/484885
HIGH,POSSIBLE_DUPLICATE,c09322e1a3d9,SECI,same reference number on two records,GEM/2024/B/4846022
HIGH,POSSIBLE_DUPLICATE,ab549d3ec851,SECI,same reference number on two records,SECI/CP/AD/13/10/23-24/R1/GEM
HIGH,POSSIBLE_DUPLICATE,96b634e6184c,SECI,same reference number on two records,SECI/CP/EOI/17/0002/23-24
LOW,WINNER_NOT_FOUND,T-3c01e0b229a4,NTPC,material tender closed with no winner found yet,2000.0
LOW,WINNER_NOT_FOUND,T-dfa4729456ff,NTPC,material tender closed with no winner found yet,2000.0
LOW,WINNER_NOT_FOUND,T-d42c7ba4f5c3,NTPC,material tender closed with no winner found yet,50.0
LOW,WINNER_NOT_FOUND,T-58f62315c7cc,SECI,material tender closed with no winner found yet,900.0
HIGH,POSSIBLE_DUPLICATE,58f62315c7cc,SECI,same reference number on two records,SECI/CP/OP/11/012/2023-24
LOW,WINNER_NOT_FOUND,58f62315c7cc,SECI,material tender closed with no winner found yet,900.0
LOW,WINNER_NOT_FOUND,T-63834397be78,NTPC,material tender closed with no winner found yet,900.0
LOW,WINNER_NOT_FOUND,T-2cf071482f93,NTPC,material tender closed with no winner found yet,900.0
LOW,WINNER_NOT_FOUND,T-4c0bc9bc2bcc,NTPC,material tender closed with no winner found yet,1000.0
LOW,WINNER_NOT_FOUND,T-ee3bef336d85,SECI,material tender closed with no winner found yet,1200.0
HIGH,POSSIBLE_DUPLICATE,ee3bef336d85,SECI,same reference number on two records,SECI/CP/IPP/13/0020/23-24
LOW,WINNER_NOT_FOUND,ee3bef336d85,SECI,material tender closed with no winner found yet,1200.0
LOW,WINNER_NOT_FOUND,T-a68b8841f181,NTPC,material tender closed with no winner found yet,150.0
LOW,WINNER_NOT_FOUND,T-abadf51d6ec9,NTPC,material tender closed with no winner found yet,300.0
LOW,WINNER_NOT_FOUND,T-382db0798599,NTPC,material tender closed with no winner found yet,2000.0
LOW,WINNER_NOT_FOUND,T-19d2151fc089,NTPC,material tender closed with no winner found yet,500.0
LOW,WINNER_NOT_FOUND,T-651ca70bdb18,NTPC,material tender closed with no winner found yet,110.0
LOW,WINNER_NOT_FOUND,T-f061c94e7fed,NTPC,material tender closed with no winner found yet,1000.0
LOW,WINNER_NOT_FOUND,T-a6afd9a41121,NTPC,material tender closed with no winner found yet,1110.0
LOW,WINNER_NOT_FOUND,T-d8b1c91e1b1b,NTPC,material tender closed with no winner found yet,1200.0
LOW,WINNER_NOT_FOUND,T-41628f251226,NTPC,material tender closed with no winner found yet,1200.0
HIGH,POSSIBLE_DUPLICATE,1fdff52dac2c,SECI,same reference number on two records,SECI/CP/IPP/14/0003/24-25
LOW,WINNER_NOT_FOUND,T-f68597724bc7,SECI,material tender closed with no winner found yet,300.0
HIGH,POSSIBLE_DUPLICATE,f68597724bc7,SECI,same reference number on two records,SECI/CP/OP/11/013/2023-24
LOW,WINNER_NOT_FOUND,f68597724bc7,SECI,material tender closed with no winner found yet,300.0
LOW,WINNER_NOT_FOUND,T-413eb0d90421,SECI,material tender closed with no winner found yet,1200.0
HIGH,POSSIBLE_DUPLICATE,413eb0d90421,SECI,same reference number on two records,SECI/CP/IPP/11/0023/23-24
LOW,WINNER_NOT_FOUND,413eb0d90421,SECI,material tender closed with no winner found yet,1200.0
HIGH,POSSIBLE_DUPLICATE,883d267aac9d,SECI,same reference number on two records,SECI/CP/IPP/14/0013/23-24
HIGH,POSSIBLE_DUPLICATE,ea281faaaf4d,SECI,same reference number on two records,SECI/CP/IPP/14/0001/24-25
LOW,WINNER_NOT_FOUND,T-f453c0443993,SECI,material tender closed with no winner found yet,1260.0
HIGH,POSSIBLE_DUPLICATE,f453c0443993,SECI,same reference number on two records,SECI/CP/IPP/13/0006/23-24
LOW,WINNER_NOT_FOUND,f453c0443993,SECI,material tender closed with no winner found yet,1260.0
LOW,WINNER_NOT_FOUND,T-fa15f0fd7ec5,NTPC,material tender closed with no winner found yet,1200.0
HIGH,POSSIBLE_DUPLICATE,a5108c7e7cae,SECI,same reference number on two records,SECI/CP/MI/00/0022/2023-24
LOW,WINNER_NOT_FOUND,T-f09cd6b48dae,NTPC,material tender closed with no winner found yet,2000.0
LOW,WINNER_NOT_FOUND,T-e40707d1066e,SECI,material tender closed with no winner found yet,1200.0
HIGH,POSSIBLE_DUPLICATE,5d92a3302c45,SECI,same reference number on two records,SECI/CP/OP/11/014/2024-25
HIGH,POSSIBLE_DUPLICATE,e40707d1066e,SECI,same reference number on two records,SECI/CP/IPP/11/0004/24-25
LOW,WINNER_NOT_FOUND,e40707d1066e,SECI,material tender closed with no winner found yet,1200.0
HIGH,POSSIBLE_DUPLICATE,08ecfe191835,SECI,same reference number on two records,SECI/CP/IPP/14/0008/24-25
LOW,WINNER_NOT_FOUND,T-938a244d23b9,NTPC,material tender closed with no winner found yet,1200.0
HIGH,POSSIBLE_DUPLICATE,824deb92e40f,SECI,same reference number on two records,SECI/CP/MI/00/0022/2024-25
LOW,WINNER_NOT_FOUND,T-ceb453b52974,NTPC,material tender closed with no winner found yet,795.0
LOW,WINNER_NOT_FOUND,T-de15f70d1bf2,NTPC,material tender closed with no winner found yet,225.0
LOW,WINNER_NOT_FOUND,T-6975a7a5eaec,NTPC,material tender closed with no winner found yet,900.0
LOW,WINNER_NOT_FOUND,T-44fdcfd0ce29,SECI,material tender closed with no winner found yet,100.0
HIGH,POSSIBLE_DUPLICATE,44fdcfd0ce29,SECI,same reference number on two records,GEM/2024/B/5174454
LOW,WINNER_NOT_FOUND,44fdcfd0ce29,SECI,material tender closed with no winner found yet,100.0
HIGH,POSSIBLE_DUPLICATE,906eb5a1ed33,SECI,same reference number on two records,GEM/2024/B/5040970
LOW,WINNER_NOT_FOUND,T-37ec3e82b4a8,SECI,material tender closed with no winner found yet,500.0
HIGH,POSSIBLE_DUPLICATE,37ec3e82b4a8,SECI,same reference number on two records,SECI/CP/IPP/12/0002/24-25
LOW,WINNER_NOT_FOUND,37ec3e82b4a8,SECI,material tender closed with no winner found yet,500.0
LOW,WINNER_NOT_FOUND,T-fe18307ee241,NTPC,material tender closed with no winner found yet,260.0
LOW,WINNER_NOT_FOUND,T-dfce7a12c394,SECI,material tender closed with no winner found yet,400.0
HIGH,POSSIBLE_DUPLICATE,dfce7a12c394,SECI,same reference number on two records,SECI/CP/IPP/13/0006/24-25
LOW,WINNER_NOT_FOUND,dfce7a12c394,SECI,material tender closed with no winner found yet,400.0
HIGH,POSSIBLE_DUPLICATE,c159b9938c2f,SECI,same reference number on two records,GEM/2024/B/5179316
LOW,WINNER_NOT_FOUND,T-381510c59735,SECI,material tender closed with no winner found yet,1000.0
HIGH,POSSIBLE_DUPLICATE,381510c59735,SECI,same reference number on two records,SECI/CP/IPP/15/0009/24-25
LOW,WINNER_NOT_FOUND,381510c59735,SECI,material tender closed with no winner found yet,1000.0
LOW,WINNER_NOT_FOUND,T-9fcced9ee2ad,NTPC,material tender closed with no winner found yet,1200.0
LOW,WINNER_NOT_FOUND,T-687e4f19f247,NTPC,material tender closed with no winner found yet,250.0
HIGH,POSSIBLE_DUPLICATE,7c36d698de5d,SECI,same reference number on two records,GEM/2024/B/5113524
HIGH,POSSIBLE_DUPLICATE,e6e002723b64,SECI,same reference number on two records,SECI/CP/MI/00/04/2024-25
HIGH,POSSIBLE_DUPLICATE,249ca8efa0b6,SECI,same reference number on two records,GEM/2024/B/5250344
LOW,WINNER_NOT_FOUND,T-245ef5160dd8,NTPC,material tender closed with no winner found yet,2000.0
LOW,WINNER_NOT_FOUND,T-3783bf989885,NTPC,material tender closed with no winner found yet,2000.0
LOW,WINNER_NOT_FOUND,T-90d028e84473,NTPC,material tender closed with no winner found yet,630.0
LOW,WINNER_NOT_FOUND,T-7e342d42147e,SECI,material tender closed with no winner found yet,500.0
HIGH,POSSIBLE_DUPLICATE,7e342d42147e,SECI,same reference number on two records,SECI/CP/IPP/13/0003/23-24
LOW,WINNER_NOT_FOUND,7e342d42147e,SECI,material tender closed with no winner found yet,500.0
HIGH,POSSIBLE_DUPLICATE,9eeea0028d9b,SECI,same reference number on two records,SECI/CP/MI/00/08/2024-25
LOW,WINNER_NOT_FOUND,T-51b3cdfe7fa3,NTPC,material tender closed with no winner found yet,1200.0
HIGH,POSSIBLE_DUPLICATE,c9475336e28e,SECI,same reference number on two records,GEM/2024/B/5377068
LOW,WINNER_NOT_FOUND,T-f1fb74da8652,NTPC,material tender closed with no winner found yet,2000.0
LOW,WINNER_NOT_FOUND,T-df2c1b9c49af,SECI,material tender closed with no winner found yet,1000.0
HIGH,POSSIBLE_DUPLICATE,df2c1b9c49af,SECI,same reference number on two records,SECI/CP/IPP/13/0014/23-24
LOW,WINNER_NOT_FOUND,df2c1b9c49af,SECI,material tender closed with no winner found yet,1000.0
HIGH,POSSIBLE_DUPLICATE,c2697f90ad42,SECI,same reference number on two records,SECI/CP/PMC/11/03/2024-25
HIGH,POSSIBLE_DUPLICATE,39e0f28d87c4,SECI,same reference number on two records,GEM/2024/B/5369540
LOW,WINNER_NOT_FOUND,T-0204ef8eee9d,NTPC,material tender closed with no winner found yet,1200.0
LOW,WINNER_NOT_FOUND,T-c51d2f5bb67c,SECI,material tender closed with no winner found yet,2000.0
HIGH,POSSIBLE_DUPLICATE,c51d2f5bb67c,SECI,same reference number on two records,SECI/CP/IPP/11/0011/24-25
LOW,WINNER_NOT_FOUND,c51d2f5bb67c,SECI,material tender closed with no winner found yet,2000.0
HIGH,POSSIBLE_DUPLICATE,f824e98f39c7,SECI,same reference number on two records,SECI/CP/IPP/11/0010/24-25
LOW,WINNER_NOT_FOUND,T-37d77c2747c4,NTPC,material tender closed with no winner found yet,650.0
LOW,WINNER_NOT_FOUND,T-a2513de3848b,NTPC,material tender closed with no winner found yet,1000.0
LOW,WINNER_NOT_FOUND,T-37d9ee64b67f,NTPC,material tender closed with no winner found yet,1500.0
HIGH,POSSIBLE_DUPLICATE,eace7f4df2fc,SECI,same reference number on two records,SECI/CP/OP/11/015/2024-25
LOW,WINNER_NOT_FOUND,T-8c237e5a6b6e,NTPC,material tender closed with no winner found yet,1110.0
LOW,WINNER_NOT_FOUND,T-d7119b95b074,NTPC,material tender closed with no winner found yet,2000.0
LOW,WINNER_NOT_FOUND,T-e3d090413ac1,NTPC,material tender closed with no winner found yet,630.0
LOW,WINNER_NOT_FOUND,T-e753088b3edc,SECI,material tender closed with no winner found yet,2000.0
LOW,WINNER_NOT_FOUND,T-300074d526a5,SECI,material tender closed with no winner found yet,1000.0
HIGH,POSSIBLE_DUPLICATE,7904b43cdfea,SECI,same reference number on two records,SECI/CP/IPP/11/0007/24-25
HIGH,POSSIBLE_DUPLICATE,e753088b3edc,SECI,same reference number on two records,SECI/CP/IPP/13/0013/24-25
LOW,WINNER_NOT_FOUND,e753088b3edc,SECI,material tender closed with no winner found yet,2000.0
HIGH,POSSIBLE_DUPLICATE,300074d526a5,SECI,same reference number on two records,SECI/CP/IPP/11/0014/24-25
LOW,WINNER_NOT_FOUND,300074d526a5,SECI,material tender closed with no winner found yet,1000.0
LOW,WINNER_NOT_FOUND,T-32916b355c9c,NTPC,material tender closed with no winner found yet,755.0
LOW,WINNER_NOT_FOUND,T-8179cd8549d7,NTPC,material tender closed with no winner found yet,1000.0
LOW,WINNER_NOT_FOUND,T-3e1d4bf10fb0,NTPC,material tender closed with no winner found yet,1000.0
HIGH,POSSIBLE_DUPLICATE,4c8785ba54f8,SECI,same reference number on two records,SECI/CP/MI/00/09/2024-25
HIGH,POSSIBLE_DUPLICATE,eae453cce18c,SECI,same reference number on two records,SECI/CP/MI/00/0006/2024-25
LOW,WINNER_NOT_FOUND,T-46329b2242cb,NTPC,material tender closed with no winner found yet,600.0
LOW,WINNER_NOT_FOUND,T-af82b00da7ef,NTPC,material tender closed with no winner found yet,1000.0
LOW,WINNER_NOT_FOUND,T-7d53065b0a8e,SECI,material tender closed with no winner found yet,400.0
HIGH,POSSIBLE_DUPLICATE,f34020f2c810,SECI,same reference number on two records,SECI/CP/PMC/11/04/2024-25
HIGH,POSSIBLE_DUPLICATE,7d53065b0a8e,SECI,same reference number on two records,SECI/CP/OP/11/016/2024-25
LOW,WINNER_NOT_FOUND,7d53065b0a8e,SECI,material tender closed with no winner found yet,400.0
LOW,WINNER_NOT_FOUND,T-e15ec74b87d3,NTPC,material tender closed with no winner found yet,960.0
HIGH,POSSIBLE_DUPLICATE,49b8954cb23e,SECI,same reference number on two records,SECI/CP/EOI/17/0004/24-25
LOW,WINNER_NOT_FOUND,T-c04de5b53575,NTPC,material tender closed with no winner found yet,2000.0
HIGH,POSSIBLE_DUPLICATE,f94badb39868,SECI,same reference number on two records,SECI/CP/MI/00/05/2024-25
LOW,WINNER_NOT_FOUND,T-38219992a2f2,NTPC,material tender closed with no winner found yet,1200.0
HIGH,POSSIBLE_DUPLICATE,923e40d9c591,SECI,same reference number on two records,SECI/CP/IPP/14/0012/24-25
HIGH,POSSIBLE_DUPLICATE,ee9696e43e03,SECI,same reference number on two records,SECI/CP/PMC/11/05/2024-25
HIGH,POSSIBLE_DUPLICATE,074438755cd3,SECI,same reference number on two records,SECI/CP/IPP/11/0023/24-25
LOW,WINNER_NOT_FOUND,T-5d73bfa178ee,SECI,material tender closed with no winner found yet,125.0
HIGH,POSSIBLE_DUPLICATE,5d73bfa178ee,SECI,same reference number on two records,SECI/CP/IPP/15/00018/24-25
LOW,WINNER_NOT_FOUND,5d73bfa178ee,SECI,material tender closed with no winner found yet,125.0
HIGH,POSSIBLE_DUPLICATE,f9086a6c5607,SECI,same reference number on two records,GEM/2025/B/5799258
HIGH,POSSIBLE_DUPLICATE,847d5ccd0ab4,SECI,same reference number on two records,GEM/2025/B/5824252
LOW,WINNER_NOT_FOUND,T-9b1801135eba,NTPC,material tender closed with no winner found yet,2000.0
LOW,WINNER_NOT_FOUND,T-be78bfb74fa7,NTPC,material tender closed with no winner found yet,2500.0
HIGH,POSSIBLE_DUPLICATE,63304409e192,SECI,same reference number on two records,GEM/2025/B/5799842
LOW,WINNER_NOT_FOUND,T-827f24023149,NTPC,material tender closed with no winner found yet,1200.0
HIGH,POSSIBLE_DUPLICATE,61fc1c9e9bc4,SECI,same reference number on two records,SECI/CP/IPP/14/0021/24-25
HIGH,POSSIBLE_DUPLICATE,15e017ba55b7,SECI,same reference number on two records,GEM/2025/B/5931987
LOW,WINNER_NOT_FOUND,T-313fb5a97db4,NTPC,material tender closed with no winner found yet,1400.0
LOW,WINNER_NOT_FOUND,T-3de381c5403a,SECI,material tender closed with no winner found yet,1200.0
HIGH,POSSIBLE_DUPLICATE,3de381c5403a,SECI,same reference number on two records,SECI/CP/IPP/13/0019/24-25
LOW,WINNER_NOT_FOUND,3de381c5403a,SECI,material tender closed with no winner found yet,1200.0
HIGH,POSSIBLE_DUPLICATE,6630b5bb4429,SECI,same reference number on two records,GEM/2025/B/6076106
LOW,WINNER_NOT_FOUND,T-7db0c2907d97,NTPC,material tender closed with no winner found yet,100.0
LOW,WINNER_NOT_FOUND,T-49d677c18048,NTPC,material tender closed with no winner found yet,300.0
LOW,WINNER_NOT_FOUND,T-41a50cd5b33b,SECI,material tender closed with no winner found yet,600.0
HIGH,POSSIBLE_DUPLICATE,41a50cd5b33b,SECI,same reference number on two records,SECI/CP/IPP/12/0028/24-25
LOW,WINNER_NOT_FOUND,41a50cd5b33b,SECI,material tender closed with no winner found yet,600.0
HIGH,POSSIBLE_DUPLICATE,152fe936b890,SECI,same reference number on two records,SECI/CP/IPP/14/0015/24-25
LOW,WINNER_NOT_FOUND,T-679bc3262d84,NTPC,material tender closed with no winner found yet,900.0
LOW,WINNER_NOT_FOUND,T-ba58c62d16ca,NTPC,material tender closed with no winner found yet,1200.0
HIGH,POSSIBLE_DUPLICATE,204b72483322,SECI,same reference number on two records,SECI/CP/IPP/14/0026/24-25
LOW,WINNER_NOT_FOUND,T-498e678c02ce,NTPC,material tender closed with no winner found yet,1000.0
HIGH,POSSIBLE_DUPLICATE,201b9539506d,SECI,same reference number on two records,SECI/CP/MI/00/0012/2025-26
HIGH,POSSIBLE_DUPLICATE,992fd92eb64a,SECI,same reference number on two records,GEM/2025/B/6185614
LOW,WINNER_NOT_FOUND,T-0ececd22b3c4,NTPC,material tender closed with no winner found yet,900.0
HIGH,POSSIBLE_DUPLICATE,1b3681bbd630,SECI,same reference number on two records,GEM/2025/B/6168367
HIGH,POSSIBLE_DUPLICATE,165861f902b5,SECI,same reference number on two records,SECI/CP/IPP/11/0001/25-26
LOW,WINNER_NOT_FOUND,T-089d0e1ef83a,NTPC,material tender closed with no winner found yet,100.0
LOW,WINNER_NOT_FOUND,T-06c32049b77b,NTPC,material tender closed with no winner found yet,250.0
LOW,WINNER_NOT_FOUND,T-d90383612cf9,NTPC,material tender closed with no winner found yet,56.0
LOW,WINNER_NOT_FOUND,T-7e7c6ca2c346,NTPC,material tender closed with no winner found yet,1200.0
LOW,WINNER_NOT_FOUND,T-1aab8a777ca0,SECI,material tender closed with no winner found yet,200.0
HIGH,POSSIBLE_DUPLICATE,1aab8a777ca0,SECI,same reference number on two records,SECI/CP/OP/11/017/2024-25
LOW,WINNER_NOT_FOUND,1aab8a777ca0,SECI,material tender closed with no winner found yet,200.0
HIGH,POSSIBLE_DUPLICATE,9bf1bfa569f1,SECI,same reference number on two records,SECI/CP/IPP/11/0003/25-26
LOW,WINNER_NOT_FOUND,T-598749f81646,NTPC,material tender closed with no winner found yet,550.0
HIGH,POSSIBLE_DUPLICATE,8bbc6fdc18c4,SECI,same reference number on two records,GEM/2025/B/6154316
HIGH,POSSIBLE_DUPLICATE,3aec8c8e4742,SECI,same reference number on two records,SECI/CP/OP/11/018/2024-25
HIGH,POSSIBLE_DUPLICATE,55a61c2367e3,SECI,same reference number on two records,GEM/2025/B/6348513
HIGH,POSSIBLE_DUPLICATE,fb6aab79e7b9,SECI,same reference number on two records,SECI/CP/EOI/17/0002/24-25
HIGH,POSSIBLE_DUPLICATE,839226a84d18,SECI,same reference number on two records,GEM/2025/B/6330370
LOW,WINNER_NOT_FOUND,T-fde0ead488aa,NTPC,material tender closed with no winner found yet,240.0
HIGH,POSSIBLE_DUPLICATE,ce22f5ffa709,SECI,same reference number on two records,SECI/CP/MI/00/0002/2024-25
HIGH,POSSIBLE_DUPLICATE,10cb240e80b4,SECI,same reference number on two records,SECI/CP/IPP/11/0025/24-25
LOW,WINNER_NOT_FOUND,T-fe15bf1bbbfb,NTPC,material tender closed with no winner found yet,245.0
LOW,WINNER_NOT_FOUND,T-f45512a363f8,NTPC,material tender closed with no winner found yet,600.0
LOW,WINNER_NOT_FOUND,T-94b0df70e976,NTPC,material tender closed with no winner found yet,250.0
LOW,WINNER_NOT_FOUND,T-19ccf24b8c17,NTPC,material tender closed with no winner found yet,230.0
LOW,WINNER_NOT_FOUND,T-63ae192d2424,NTPC,material tender closed with no winner found yet,2000.0
LOW,WINNER_NOT_FOUND,T-e3f1b46e9f78,SECI,material tender closed with no winner found yet,4000.0
LOW,WINNER_NOT_FOUND,T-1033bdc5c3d2,SECI,material tender closed with no winner found yet,500.0
HIGH,POSSIBLE_DUPLICATE,e3f1b46e9f78,SECI,same reference number on two records,SECI/CP/IPP/12/0018/23-24
LOW,WINNER_NOT_FOUND,e3f1b46e9f78,SECI,material tender closed with no winner found yet,4000.0
HIGH,POSSIBLE_DUPLICATE,1033bdc5c3d2,SECI,same reference number on two records,SECI/CP/IPP/12/0016/24-25
LOW,WINNER_NOT_FOUND,1033bdc5c3d2,SECI,material tender closed with no winner found yet,500.0
LOW,WINNER_NOT_FOUND,T-2ccc5251348e,NTPC,material tender closed with no winner found yet,600.0
HIGH,POSSIBLE_DUPLICATE,e6a413d3b3fd,SECI,same reference number on two records,SECI/CP/IPP/11/0002/25-26
LOW,WINNER_NOT_FOUND,T-b4b747f33715,NTPC,material tender closed with no winner found yet,1000.0
LOW,WINNER_NOT_FOUND,T-da3fee7259c9,NTPC,material tender closed with no winner found yet,300.0
HIGH,POSSIBLE_DUPLICATE,579f31249f3b,SECI,same reference number on two records,SECI/CP/OP/11/019/2024-25
LOW,WINNER_NOT_FOUND,T-9682ae61d0a1,NTPC,material tender closed with no winner found yet,1200.0
LOW,WINNER_NOT_FOUND,T-96bc8ea65069,NTPC,material tender closed with no winner found yet,1500.0
LOW,WINNER_NOT_FOUND,T-e4c9764168a3,NTPC,material tender closed with no winner found yet,300.0
HIGH,POSSIBLE_DUPLICATE,5c72ca0bfbd3,SECI,same reference number on two records,GEM/2025/B/6522305
LOW,WINNER_NOT_FOUND,T-bc17cf8b27ed,NTPC,material tender closed with no winner found yet,813.0
LOW,WINNER_NOT_FOUND,T-17f32343c6d7,NTPC,material tender closed with no winner found yet,300.0
LOW,WINNER_NOT_FOUND,T-48d9a559bdaf,SECI,material tender closed with no winner found yet,2000.0
HIGH,POSSIBLE_DUPLICATE,48d9a559bdaf,SECI,same reference number on two records,SECI/CP/IPP/11/0004/25-26
LOW,WINNER_NOT_FOUND,48d9a559bdaf,SECI,material tender closed with no winner found yet,2000.0
LOW,WINNER_NOT_FOUND,T-6e2c390cc6ec,NTPC,material tender closed with no winner found yet,900.0
LOW,WINNER_NOT_FOUND,T-961a8c7934e8,NTPC,material tender closed with no winner found yet,80.0
LOW,WINNER_NOT_FOUND,T-8885e9602ec6,NTPC,material tender closed with no winner found yet,110.0
LOW,WINNER_NOT_FOUND,T-7b9247f430fa,SECI,material tender closed with no winner found yet,600.0
LOW,WINNER_NOT_FOUND,T-a9a14c583d53,SECI,material tender closed with no winner found yet,600.0
HIGH,POSSIBLE_DUPLICATE,7b9247f430fa,SECI,same reference number on two records,SECI/CP/OP/15/0001/25-26
LOW,WINNER_NOT_FOUND,7b9247f430fa,SECI,material tender closed with no winner found yet,600.0
HIGH,POSSIBLE_DUPLICATE,a9a14c583d53,SECI,same reference number on two records,SECI/CP/OP/15/0002/25-26
LOW,WINNER_NOT_FOUND,a9a14c583d53,SECI,material tender closed with no winner found yet,600.0
HIGH,POSSIBLE_DUPLICATE,5359199012d3,SECI,same reference number on two records,SECI/CP/IPP/11/0007/25-26
HIGH,POSSIBLE_DUPLICATE,a6e0e046ca47,SECI,same reference number on two records,SECI/CP/EOI/17/0001/25-26
HIGH,POSSIBLE_DUPLICATE,0457937fb39a,SECI,same reference number on two records,GEM/2025/B/6593565
LOW,WINNER_NEEDS_VERIFICATION,T-f2ff6c795ea5,SECI,"winner from press or AI, confirm before use",Renew
HIGH,POSSIBLE_DUPLICATE,f2ff6c795ea5,SECI,same reference number on two records,SECI/CP/IPP/11/0008/25-26
LOW,WINNER_NEEDS_VERIFICATION,f2ff6c795ea5,SECI,"winner from press or AI, confirm before use",Renew
HIGH,POSSIBLE_DUPLICATE,972cc7a2697e,SECI,same reference number on two records,SECI/CP/MI/00/0013/2025-26
HIGH,POSSIBLE_DUPLICATE,e38508bc7700,SECI,same reference number on two records,GEM/2025/B/6799118
HIGH,POSSIBLE_DUPLICATE,bb5321169d39,SECI,same reference number on two records,SECI/CP/IPP/11/0009/25-26
HIGH,POSSIBLE_DUPLICATE,3ed26c08c244,SECI,same reference number on two records,GEM/2025/B/6663042
LOW,WINNER_NEEDS_VERIFICATION,T-c99bd23af287,SECI,"winner from press or AI, confirm before use",ENGIE; NLC India; Rays Power
HIGH,POSSIBLE_DUPLICATE,c99bd23af287,SECI,same reference number on two records,SECI/CP/IPP/11/0006/25-26
LOW,WINNER_NEEDS_VERIFICATION,c99bd23af287,SECI,"winner from press or AI, confirm before use",ENGIE; NLC India; Rays Power
LOW,WINNER_NOT_FOUND,T-710e9150b621,SECI,material tender closed with no winner found yet,500.0
HIGH,POSSIBLE_DUPLICATE,710e9150b621,SECI,same reference number on two records,SECI/CP/IPP/11/0024/24-25
LOW,WINNER_NOT_FOUND,710e9150b621,SECI,material tender closed with no winner found yet,500.0
LOW,WINNER_NEEDS_VERIFICATION,T-519bbe8b1f67,SECI,"winner from press or AI, confirm before use",Waaree; KP Energy; Vena Energy
HIGH,POSSIBLE_DUPLICATE,519bbe8b1f67,SECI,same reference number on two records,SECI/CP/IPP/12/0013/25-26
LOW,WINNER_NEEDS_VERIFICATION,519bbe8b1f67,SECI,"winner from press or AI, confirm before use",Waaree; KP Energy; Vena Energy
LOW,WINNER_NOT_FOUND,T-40997de3451e,NTPC,material tender closed with no winner found yet,672.0
HIGH,POSSIBLE_DUPLICATE,8288f555991a,SECI,same reference number on two records,SECI/CP/IPP/11/0010/25-26
LOW,WINNER_NOT_FOUND,T-c6f7d896cb3e,SECI,material tender closed with no winner found yet,1200.0
HIGH,POSSIBLE_DUPLICATE,c6f7d896cb3e,SECI,same reference number on two records,SECI/CP/IPP/13/0012/25-26
LOW,WINNER_NOT_FOUND,c6f7d896cb3e,SECI,material tender closed with no winner found yet,1200.0
HIGH,POSSIBLE_DUPLICATE,e7a70ac3cfc2,SECI,same reference number on two records,SECI/CP/EOI/17/0002/25-26
HIGH,POSSIBLE_DUPLICATE,8710803c124b,SECI,same reference number on two records,GEM/2025/B/6865130
HIGH,POSSIBLE_DUPLICATE,fa843504f878,SECI,same reference number on two records,SECI/CP/IPP/11/0011/25-26
LOW,WINNER_NOT_FOUND,T-361c070c7904,SECI,material tender closed with no winner found yet,125.0
HIGH,POSSIBLE_DUPLICATE,361c070c7904,SECI,same reference number on two records,SECI/CP/IPP/15/0015/25-26
LOW,WINNER_NOT_FOUND,361c070c7904,SECI,material tender closed with no winner found yet,125.0
HIGH,POSSIBLE_DUPLICATE,1014f36ba5a0,SECI,same reference number on two records,SECI/CP/IPP/11/0018/25-26
LOW,WINNER_NOT_FOUND,T-edf758b5a8a3,NTPC,material tender closed with no winner found yet,250.0
HIGH,POSSIBLE_DUPLICATE,74acf23a97b4,SECI,same reference number on two records,GEM/2026/B/7226995
HIGH,POSSIBLE_DUPLICATE,52a3d6981fc9,SECI,same reference number on two records,GEM/2025/B/6979184
HIGH,POSSIBLE_DUPLICATE,323c85033090,SECI,same reference number on two records,SECI/CP/MI/00/0014/25-26
HIGH,POSSIBLE_DUPLICATE,cda851b97093,SECI,same reference number on two records,SECI/CP/IT/12/0004/25-26
LOW,WINNER_NOT_FOUND,T-8f1afab1e6dd,NTPC,material tender closed with no winner found yet,215.0
LOW,WINNER_NEEDS_VERIFICATION,T-ba290cae1701,NTPC,"winner from press or AI, confirm before use",Pace Digitek
LOW,WINNER_NOT_FOUND,T-5a581e3e48d6,SECI,material tender closed with no winner found yet,700.0
HIGH,POSSIBLE_DUPLICATE,e1985e132e91,SECI,same reference number on two records,SECI/CP/OP/11/022/2025-26
HIGH,POSSIBLE_DUPLICATE,5a581e3e48d6,SECI,same reference number on two records,SECI/CP/OP/11/023/2025-26
LOW,WINNER_NOT_FOUND,5a581e3e48d6,SECI,material tender closed with no winner found yet,700.0
HIGH,POSSIBLE_DUPLICATE,3b9999f0995e,SECI,same reference number on two records,GEM/2026/B/7127977
LOW,WINNER_NOT_FOUND,T-f3ff92ba26ea,NTPC,material tender closed with no winner found yet,600.0
HIGH,POSSIBLE_DUPLICATE,0536236643fc,SECI,same reference number on two records,SECI/CP/IPP/11/0019/25-26
HIGH,POSSIBLE_DUPLICATE,2224936920aa,SECI,same reference number on two records,SECI/CP/OP/11/021/2025-26
LOW,WINNER_NOT_FOUND,T-856355d4d037,NTPC,material tender closed with no winner found yet,1000.0
LOW,WINNER_NOT_FOUND,T-51e31bd0deb3,SECI,material tender closed with no winner found yet,80.0
HIGH,POSSIBLE_DUPLICATE,51e31bd0deb3,SECI,same reference number on two records,SECI/CP/IPP/17/0001/26-27
LOW,WINNER_NOT_FOUND,51e31bd0deb3,SECI,material tender closed with no winner found yet,80.0
LOW,WINNER_NOT_FOUND,T-67465aa83379,NTPC,material tender closed with no winner found yet,200.0
LOW,WINNER_NOT_FOUND,T-3f3a48663894,NTPC,material tender closed with no winner found yet,900.0
HIGH,POSSIBLE_DUPLICATE,b72f28c00668,SECI,same reference number on two records,SECI/CP/IPP/11/0021/25-26
HIGH,POSSIBLE_DUPLICATE,2919f6189f6e,SECI,same reference number on two records,GEM/2026/B/7428171
HIGH,POSSIBLE_DUPLICATE,b6f755087194,SECI,same reference number on two records,GEM/2026/B/7442938
LOW,WINNER_NOT_FOUND,T-83e79713fd9c,NTPC,material tender closed with no winner found yet,1200.0
LOW,WINNER_NOT_FOUND,T-89d3316eac5b,NTPC,material tender closed with no winner found yet,900.0
HIGH,POSSIBLE_DUPLICATE,1a0723d56143,SECI,same reference number on two records,GEM/2026/B/7451237
HIGH,POSSIBLE_DUPLICATE,a27a537dc10c,SECI,same reference number on two records,GEM/2026/B/7450768
LOW,WINNER_NOT_FOUND,T-9e88e234c68e,NTPC,material tender closed with no winner found yet,900.0
LOW,WINNER_NOT_FOUND,T-e4c4957f12b0,NTPC,material tender closed with no winner found yet,1200.0
LOW,WINNER_NOT_FOUND,T-e34ec5f93b37,NTPC,material tender closed with no winner found yet,800.0
LOW,WINNER_NOT_FOUND,T-2b32a0fbd349,SECI,material tender closed with no winner found yet,1500.0
HIGH,POSSIBLE_DUPLICATE,2b32a0fbd349,SECI,same reference number on two records,SECI/CP/IPP/15/0017/25-26
LOW,WINNER_NOT_FOUND,2b32a0fbd349,SECI,material tender closed with no winner found yet,1500.0
HIGH,POSSIBLE_DUPLICATE,5e857f36cb1c,SECI,same reference number on two records,-
HIGH,POSSIBLE_DUPLICATE,c940b2763116,SECI,same reference number on two records,GEM/2026/B/7560916
HIGH,POSSIBLE_DUPLICATE,8d15f4c7c20e,SECI,same reference number on two records,SECI/CP/EOI/17/0004/25-26
HIGH,POSSIBLE_DUPLICATE,6032489271df,SECI,same reference number on two records,GEM/2026/B/7573898
HIGH,POSSIBLE_DUPLICATE,0cd9d3c23734,SECI,same reference number on two records,SECI/CP/IT/26/001/FA
LOW,WINNER_NOT_FOUND,T-0e504759f60c,NTPC,material tender closed with no winner found yet,550.0
LOW,WINNER_NOT_FOUND,T-2ec1ded70236,SECI,material tender closed with no winner found yet,2000.0
HIGH,POSSIBLE_DUPLICATE,2ec1ded70236,SECI,same reference number on two records,SECI/CP/IPP/12/0003/26-27
LOW,WINNER_NOT_FOUND,2ec1ded70236,SECI,material tender closed with no winner found yet,2000.0
LOW,WINNER_NOT_FOUND,T-0927eb756d66,NTPC,material tender closed with no winner found yet,240.0
LOW,WINNER_NOT_FOUND,T-72b638579b3d,NTPC,material tender closed with no winner found yet,300.0
LOW,WINNER_NOT_FOUND,T-9dce59fc73ec,NTPC,material tender closed with no winner found yet,550.0
HIGH,POSSIBLE_DUPLICATE,3578bef74836,SECI,same reference number on two records,SECI/CP/IPP/11/0004/26-27
LOW,WINNER_NOT_FOUND,T-b26738cc40d9,SECI,material tender closed with no winner found yet,1000.0
HIGH,POSSIBLE_DUPLICATE,b26738cc40d9,SECI,same reference number on two records,SECI/CP/IPP/13/0016/25-26
LOW,WINNER_NOT_FOUND,b26738cc40d9,SECI,material tender closed with no winner found yet,1000.0
LOW,WINNER_NOT_FOUND,T-2298de2387a8,NTPC,material tender closed with no winner found yet,2000.0
LOW,WINNER_NOT_FOUND,T-a3dcdb8d4277,NTPC,material tender closed with no winner found yet,240.0
HIGH,POSSIBLE_DUPLICATE,d93078a92d7c,SECI,same reference number on two records,GEM/2026/B/7636230
HIGH,POSSIBLE_DUPLICATE,d61d2ba849dc,SECI,same reference number on two records,GEM/2026/B/7634813
HIGH,POSSIBLE_DUPLICATE,9732f72d896a,SECI,same reference number on two records,SECI/CP/IPP/11/0005/26-27
HIGH,POSSIBLE_DUPLICATE,3620a5d9115f,SECI,same reference number on two records,SECI/CP/OP/11/04/2026-27
LOW,WINNER_NOT_FOUND,T-00641139216d,NTPC,material tender closed with no winner found yet,900.0
LOW,WINNER_NOT_FOUND,T-76a19cbdb074,NTPC,material tender closed with no winner found yet,300.0
LOW,WINNER_NOT_FOUND,T-dea013ca569a,NTPC,material tender closed with no winner found yet,894.3
LOW,WINNER_NOT_FOUND,T-fe5ae1312df3,NTPC,material tender closed with no winner found yet,540.0
LOW,WINNER_NOT_FOUND,T-a5b691e0a9cb,SECI,material tender closed with no winner found yet,1000.0
HIGH,POSSIBLE_DUPLICATE,a5b691e0a9cb,SECI,same reference number on two records,SECI/CP/IPP/13/0020/25-26
LOW,WINNER_NOT_FOUND,a5b691e0a9cb,SECI,material tender closed with no winner found yet,1000.0
LOW,WINNER_NOT_FOUND,T-d58cf9505679,NTPC,material tender closed with no winner found yet,110.0
HIGH,POSSIBLE_DUPLICATE,bc75bdd51c91,SECI,same reference number on two records,SECI/CP/EOI/17/0001/26-27
LOW,WINNER_NOT_FOUND,T-3e3df44c0435,NTPC,material tender closed with no winner found yet,813.0
LOW,WINNER_NOT_FOUND,T-bd34718f1cef,NTPC,material tender closed with no winner found yet,600.0
LOW,WINNER_NOT_FOUND,T-7bd77556d47f,SECI,material tender closed with no winner found yet,1500.0
HIGH,POSSIBLE_DUPLICATE,7bd77556d47f,SECI,same reference number on two records,SECI/CP/IPP/13/0006/26-27
LOW,WINNER_NOT_FOUND,7bd77556d47f,SECI,material tender closed with no winner found yet,1500.0
LOW,WINNER_NOT_FOUND,T-bef42b8fc9df,NTPC,material tender closed with no winner found yet,813.0
LOW,WINNER_NOT_FOUND,T-69c7a513e920,NTPC,material tender closed with no winner found yet,600.0
HIGH,POSSIBLE_DUPLICATE,2340251f1369,SECI,same reference number on two records,SECI/CP/IPP/11/0007/26-27
HIGH,POSSIBLE_DUPLICATE,784605598a1f,SECI,same reference number on two records,GEM/2026/B/7897394
LOW,WINNER_NOT_FOUND,T-8f1494aaf9b2,SECI,material tender closed with no winner found yet,100.0
HIGH,POSSIBLE_DUPLICATE,8f1494aaf9b2,SECI,same reference number on two records,GEM/2026/B/7883396
LOW,WINNER_NOT_FOUND,8f1494aaf9b2,SECI,material tender closed with no winner found yet,100.0
HIGH,POSSIBLE_DUPLICATE,5e9b7edc2288,SECI,same reference number on two records,SECI/CP/IPP/13/0002/26-27
HIGH,POSSIBLE_DUPLICATE,d469b7653326,SECI,same reference number on two records,SECI/CP/MI/00/0001/26-27
HIGH,POSSIBLE_DUPLICATE,9f1745658bdb,SECI,same reference number on two records,SECI/CP/OP/11/0001/26-27
HIGH,POSSIBLE_DUPLICATE,1f8ee688fa78,SECI,same reference number on two records,SECI/CP/OP/15/0005/26-27
HIGH,POSSIBLE_DUPLICATE,128bed57616b,SECI,same reference number on two records,SECI/2026/B/7961764
HIGH,POSSIBLE_DUPLICATE,fde2f1c357d8,SECI,same reference number on two records,SECI/CP/EOI/17/0002/26-27
HIGH,POSSIBLE_DUPLICATE,f5a0469c786d,SECI,same reference number on two records,SECI/CP/IT/12/03/2025-26
HIGH,POSSIBLE_DUPLICATE,06aa19e5e4d1,SECI,same reference number on two records,SECI/CP/EOI/17/0003/26-27
HIGH,POSSIBLE_DUPLICATE,e671476b4d53,SECI,same reference number on two records,SECI/CP/OP/11/0003/26-27
HIGH,POSSIBLE_DUPLICATE,876f5d4e8922,SECI,same reference number on two records,SECI/CP/OP/11/0002/26-27
HIGH,POSSIBLE_DUPLICATE,c1be359c8a64,SECI,same reference number on two records,SECI/CP/EOI/17/0004/26-27
HIGH,POSSIBLE_DUPLICATE,9be57a217bf3,SECI,same reference number on two records,SECI/CP/IPP/15/0008/26-27
HIGH,POSSIBLE_DUPLICATE,1b9bd417bdbe,SECI,same reference number on two records,SECI/CP/OP/15/0006/25-26
HIGH,POSSIBLE_DUPLICATE,7a4a7e61e2d8,SECI,same reference number on two records,SECI/CP/MI/00/0002/26-27
HIGH,POSSIBLE_DUPLICATE,bd1bd676960c,SECI,same reference number on two records,SECI/CP/IPP/15/0009/26-27
LOW,WINNER_NEEDS_VERIFICATION,T-70cc4438cd19,GUVNL,"winner from press or AI, confirm before use",NLC India
LOW,WINNER_NEEDS_VERIFICATION,T-bd812b7761b5,GUVNL,"winner from press or AI, confirm before use",NLC India
LOW,WINNER_NEEDS_VERIFICATION,T-948bf847c4a1,GUVNL,"winner from press or AI, confirm before use",Juniper; Jakson
LOW,WINNER_NEEDS_VERIFICATION,T-82c8f8303a06,GUVNL,"winner from press or AI, confirm before use",Juniper
LOW,WINNER_NEEDS_VERIFICATION,T-8940327e293b,MPPMCL,"winner from press or AI, confirm before use",Ayana Renewable
LOW,WINNER_NEEDS_VERIFICATION,T-65e5485f6676,MPPMCL,"winner from press or AI, confirm before use",Adani Power
LOW,WINNER_NEEDS_VERIFICATION,T-75d161984b5f,MPPMCL,"winner from press or AI, confirm before use",Adani Power
LOW,WINNER_NEEDS_VERIFICATION,T-dbef980519c3,MPPMCL,"winner from press or AI, confirm before use",Ayana Renewable
LOW,WINNER_NEEDS_VERIFICATION,T-fc60669753ff,MPPMCL,"winner from press or AI, confirm before use",Adani Power
LOW,WINNER_NEEDS_VERIFICATION,T-0b6a6c9a8b8a,MPPMCL,"winner from press or AI, confirm before use",Adani Power
LOW,WINNER_NEEDS_VERIFICATION,T-172f6093be8e,MSEDCL,"winner from press or AI, confirm before use",Adani Power; Renew
LOW,WINNER_NEEDS_VERIFICATION,T-6697f371e816,MSEDCL,"winner from press or AI, confirm before use",Adani Power
LOW,WINNER_NEEDS_VERIFICATION,T-b5827573c02f,MSEDCL,"winner from press or AI, confirm before use",Adani Power
LOW,WINNER_NEEDS_VERIFICATION,T-0d0321969a77,MSEDCL,"winner from press or AI, confirm before use",Adani Power
LOW,WINNER_NEEDS_VERIFICATION,T-1794aa33ca43,MSEDCL,"winner from press or AI, confirm before use",Adani Power
LOW,WINNER_NEEDS_VERIFICATION,T-5711baf8cc41,MSEDCL,"winner from press or AI, confirm before use",Oswal
LOW,WINNER_NEEDS_VERIFICATION,T-ff2d1ff995b7,MSEDCL,"winner from press or AI, confirm before use",Adani Power
HIGH,POSSIBLE_DUPLICATE,9dd0b11b669c,NHPC,same reference number on two records,GEM/2026/B/7928676
HIGH,POSSIBLE_DUPLICATE,7d7a43abb814,NHPC,same reference number on two records,GEM/2026/B/7983814
HIGH,POSSIBLE_DUPLICATE,858988ccdb80,NHPC,same reference number on two records,GEM/2026/B/7986749
HIGH,POSSIBLE_DUPLICATE,8e428ace0f8c,NHPC,same reference number on two records,GEM/2026/B/7742469
HIGH,POSSIBLE_DUPLICATE,13829b2bb34c,NHPC,same reference number on two records,NH/DG/CONTRACT/1097/2026-27/34
HIGH,POSSIBLE_DUPLICATE,c58369082ab8,NHPC,same reference number on two records,GEM/2026/B/7846143
HIGH,POSSIBLE_DUPLICATE,0bc9ba9fdcea,NHPC,same reference number on two records,GEM/2026/B/7926982
HIGH,POSSIBLE_DUPLICATE,b3d1b899d997,NHPC,same reference number on two records,GEM/2026/B/7915365
HIGH,POSSIBLE_DUPLICATE,55e1bf9a1213,NHPC,same reference number on two records,NH/CPS-1/PNC/W-1648/2026-27/49DATE28/08/2026
HIGH,POSSIBLE_DUPLICATE,58b6785f4cd3,NHPC,same reference number on two records,GEM/2026/B/7930404
HIGH,POSSIBLE_DUPLICATE,096f7d5cd622,NHPC,same reference number on two records,2026NHPC9240971
HIGH,POSSIBLE_DUPLICATE,d3a37b6ba088,NHPC,same reference number on two records,NH/CPS-1/PC/W-1655/2026-27/50DATED29/08/2026
HIGH,POSSIBLE_DUPLICATE,da023f52c33b,NHPC,same reference number on two records,NBPS/CNP/2026-27/W-48/275
HIGH,POSSIBLE_DUPLICATE,6d051a53ce87,NHPC,same reference number on two records,GEM/2026/B/7932599
HIGH,POSSIBLE_DUPLICATE,daefa08a8539,NHPC,same reference number on two records,GEM/2026/B/7966185
HIGH,POSSIBLE_DUPLICATE,57f29fb8e81b,NHPC,same reference number on two records,2026NHPC9240511
HIGH,POSSIBLE_DUPLICATE,2a00e33e69eb,NHPC,same reference number on two records,GEM/2026/B/7965539
HIGH,POSSIBLE_DUPLICATE,00860b6e6fc7,NHPC,same reference number on two records,NBPS/CNP/2026-27/W-49/276
HIGH,POSSIBLE_DUPLICATE,9a2378b58e7f,NHPC,same reference number on two records,GEM/2026/B/7934376DATED24-08-2026
HIGH,POSSIBLE_DUPLICATE,b52ccbd74450,NHPC,same reference number on two records,GEM/2026/B/7891950DATED21-08-2026
HIGH,POSSIBLE_DUPLICATE,d44f524102a4,NHPC,same reference number on two records,GEM/2026/B/7891923DATED20-08-2026
HIGH,POSSIBLE_DUPLICATE,8a8a887db723,NHPC,same reference number on two records,NH/SPS/PC/NIT-220/2026-27/312-320
HIGH,POSSIBLE_DUPLICATE,f611f7f62384,NHPC,same reference number on two records,2026NHPC9233841
HIGH,POSSIBLE_DUPLICATE,3f994d163626,NHPC,same reference number on two records,GEM/2026/B/7818482
HIGH,POSSIBLE_DUPLICATE,1b34b931d9bd,NHPC,same reference number on two records,GEM/2026/B/7863839
HIGH,POSSIBLE_DUPLICATE,e6e87d81d253,NHPC,same reference number on two records,GEM/2026/B/7900435
HIGH,POSSIBLE_DUPLICATE,0c006e0f8e43,NHPC,same reference number on two records,GEM/2026/B/7939565
HIGH,POSSIBLE_DUPLICATE,adbdd7f96e5c,NHPC,same reference number on two records,GEM/2026/B/7929300
HIGH,POSSIBLE_DUPLICATE,193203cc5990,NHPC,same reference number on two records,GEM/2026/B/7908444DATED25-08-2026
HIGH,POSSIBLE_DUPLICATE,363658f17f9c,NHPC,same reference number on two records,NBPS/CNP/2026-27/W-47/274
HIGH,POSSIBLE_DUPLICATE,e827ab50dfb0,NHPC,same reference number on two records,GEM/2026/B/7814838
HIGH,POSSIBLE_DUPLICATE,520668df0f7f,NHPC,same reference number on two records,GEM/2026/B/7883627
HIGH,POSSIBLE_DUPLICATE,bf6a9a312bc3,NHPC,same reference number on two records,GEM/2026/B/7853830
HIGH,POSSIBLE_DUPLICATE,bcc52a1238c2,NHPC,same reference number on two records,2026NHPC9233361
HIGH,POSSIBLE_DUPLICATE,75c077252170,NHPC,same reference number on two records,GEM/2026/B/7934593DATED21-08-2026
HIGH,POSSIBLE_DUPLICATE,94b11889cfa1,NHPC,same reference number on two records,NBPS/CNP/2026-27/W-45/272
HIGH,POSSIBLE_DUPLICATE,de1b90425391,NHPC,same reference number on two records,NBPS/CNP/2026-27/W-46/273
HIGH,POSSIBLE_DUPLICATE,df0593cf7cd6,NHPC,same reference number on two records,GEM/2026/B/7860605
HIGH,POSSIBLE_DUPLICATE,1e0b70c2031a,NHPC,same reference number on two records,GEM/2026/B/7904859
HIGH,POSSIBLE_DUPLICATE,2eee6f3823e3,NHPC,same reference number on two records,GEM/2026/B/7867596DATED20-08-2026
HIGH,POSSIBLE_DUPLICATE,229b1c72a079,NHPC,same reference number on two records,GEM/2026/B/7843173
HIGH,POSSIBLE_DUPLICATE,359efaccebca,NHPC,same reference number on two records,GEM/2026/B/7879971DATED19-08-2026
HIGH,POSSIBLE_DUPLICATE,0e35c7be8321,NHPC,same reference number on two records,GEM/2026/B/7886861DATED13-08-2026
HIGH,POSSIBLE_DUPLICATE,44f5e9192cf9,NHPC,same reference number on two records,NH/CCW/CC-IV/CO-480/PR16526/8
HIGH,POSSIBLE_DUPLICATE,ff747e1e736b,NHPC,same reference number on two records,NH/BSPS/CC/CW/18/2026-27/248
HIGH,POSSIBLE_DUPLICATE,6a52d6017355,NHPC,same reference number on two records,GEM/2026/B/7771437
HIGH,POSSIBLE_DUPLICATE,4d8d4cb448c2,NHPC,same reference number on two records,GEM/2026/B/7770013
HIGH,POSSIBLE_DUPLICATE,d28c3e3a5bfc,NHPC,same reference number on two records,GEM/2026/B/7910556DATED17-08-2026
HIGH,POSSIBLE_DUPLICATE,efc2758f004e,NHPC,same reference number on two records,GEM/2026/B/7892064
HIGH,POSSIBLE_DUPLICATE,8eb640a2babe,NHPC,same reference number on two records,NH/BSPS/CC/CW/15/2026-27/247
HIGH,POSSIBLE_DUPLICATE,24c25afeb40f,NHPC,same reference number on two records,GEM/2026/B/7882673DATED17-08-2026
HIGH,POSSIBLE_DUPLICATE,64593ad5ad23,NHPC,same reference number on two records,GEM/2026/B/7883551DATED16-08-2026
HIGH,POSSIBLE_DUPLICATE,84b7105d522c,NHPC,same reference number on two records,GEM/2026/B/7875791
HIGH,POSSIBLE_DUPLICATE,f31fd7be767b,NHPC,same reference number on two records,GEM/2026/B/7806146
HIGH,POSSIBLE_DUPLICATE,6e06fb938f9d,NHPC,same reference number on two records,GEM/2026/B/7860009
HIGH,POSSIBLE_DUPLICATE,e29c53b05bd1,NHPC,same reference number on two records,GEM/2026/B/7915854DATED14-08-2026
HIGH,POSSIBLE_DUPLICATE,c3bee3be2c72,NHPC,same reference number on two records,GEM/2026/B/7865369
HIGH,POSSIBLE_DUPLICATE,e815d7004ef2,NHPC,same reference number on two records,GEM/2026/B/7882755DATED14082025
HIGH,POSSIBLE_DUPLICATE,98b4828eda93,NHPC,same reference number on two records,GEM/2026/B/7875681DATED14082026
HIGH,POSSIBLE_DUPLICATE,fb7db1819262,NHPC,same reference number on two records,GEM/2026/B/7778470
HIGH,POSSIBLE_DUPLICATE,af505fd03502,NHPC,same reference number on two records,GEM/2026/B/7776424
HIGH,POSSIBLE_DUPLICATE,f8c7d9251913,NHPC,same reference number on two records,GEM/2026/B/7870278DATED10-08-2026
HIGH,POSSIBLE_DUPLICATE,4e83d6ccf0bb,NHPC,same reference number on two records,2026NHPC9216861
HIGH,POSSIBLE_DUPLICATE,80686c1471b2,NHPC,same reference number on two records,GEM/2026/B/7865659
HIGH,POSSIBLE_DUPLICATE,9bba7cde7666,NHPC,same reference number on two records,NH/CCW/CC-IV/CO-438/PRNOPR10024/242
HIGH,POSSIBLE_DUPLICATE,3f7fbebe74fd,NHPC,same reference number on two records,GEM/2026/B/7822015
HIGH,POSSIBLE_DUPLICATE,a5fd7e180a34,NHPC,same reference number on two records,GEM/2026/B/7827285DATED07-08-2026
HIGH,POSSIBLE_DUPLICATE,6c1c6417d5b7,NHPC,same reference number on two records,NH/SEWA-II/CONTRACTS/CSR-711/2026-27/NIT-09/75/DATED10082026
HIGH,POSSIBLE_DUPLICATE,1c333ee75509,NHPC,same reference number on two records,GEM/2026/B/7845318
HIGH,POSSIBLE_DUPLICATE,af57f5182f68,NHPC,same reference number on two records,GEM/2026/B/7808946
HIGH,POSSIBLE_DUPLICATE,c6d0292c2833,NHPC,same reference number on two records,GEM/2026/B/7800108
HIGH,POSSIBLE_DUPLICATE,cfd3d765aa36,NHPC,same reference number on two records,2026NHPC9208721
HIGH,POSSIBLE_DUPLICATE,fefc54374d6a,NHPC,same reference number on two records,GEM/2026/B/7845850
HIGH,POSSIBLE_DUPLICATE,331e99289935,NHPC,same reference number on two records,GEM/2026/B/7829807
HIGH,POSSIBLE_DUPLICATE,2563faacd01d,NHPC,same reference number on two records,GEM/2026/B/7882481
HIGH,POSSIBLE_DUPLICATE,3ad5eef9a32c,NHPC,same reference number on two records,GEM/2026/B/7750183
HIGH,POSSIBLE_DUPLICATE,c0a8fa387679,NHPC,same reference number on two records,GEM/2026/B/7742561
HIGH,POSSIBLE_DUPLICATE,bbd7b25f2010,NHPC,same reference number on two records,GEM/2026/B/7884146DATED08-08-2026
HIGH,POSSIBLE_DUPLICATE,906eb8ab6dff,NHPC,same reference number on two records,2026NHPC9206091
HIGH,POSSIBLE_DUPLICATE,b712a34ce304,NHPC,same reference number on two records,NH/CCW/CC-II/CO-479/PR10026/103
HIGH,POSSIBLE_DUPLICATE,133c95a2fae5,NHPC,same reference number on two records,GEM/2026/B/7746652
HIGH,POSSIBLE_DUPLICATE,ef9a8536d506,NHPC,same reference number on two records,GEM/2026/B/7830565
HIGH,POSSIBLE_DUPLICATE,d2f8635529c6,NHPC,same reference number on two records,GEM/2026/B/7832817
HIGH,POSSIBLE_DUPLICATE,367023d0d1d7,NHPC,same reference number on two records,GEM/2026/B/7835719
HIGH,POSSIBLE_DUPLICATE,4022ace7cb53,NHPC,same reference number on two records,2026NHPC9204101
HIGH,POSSIBLE_DUPLICATE,89bc1ed6504d,NHPC,same reference number on two records,GEM/2026/B/7832988
HIGH,POSSIBLE_DUPLICATE,d03fbcfdaa6b,NHPC,same reference number on two records,GEM/2026/B/7733336
HIGH,POSSIBLE_DUPLICATE,0e89864d84e6,NHPC,same reference number on two records,GEM/2026/B/7844968
HIGH,POSSIBLE_DUPLICATE,48226202463c,NHPC,same reference number on two records,GEM/2026/B/7744745
HIGH,POSSIBLE_DUPLICATE,70122284a14f,NHPC,same reference number on two records,GEM/2026/B/7836094DATED01-08-2026
HIGH,POSSIBLE_DUPLICATE,96a2dd2789a0,NHPC,same reference number on two records,NH-RPS-ECD01412/1/2026-ECD/69
HIGH,POSSIBLE_DUPLICATE,dd24859fc077,NHPC,same reference number on two records,NBPS/CNP/2026-27/W-341/262
HIGH,POSSIBLE_DUPLICATE,fe4fed7661ba,NHPC,same reference number on two records,GEM/2026/B/7803573
HIGH,POSSIBLE_DUPLICATE,8af9569f706c,NHPC,same reference number on two records,2026NHPC9194291
HIGH,POSSIBLE_DUPLICATE,f3ae0378a791,NHPC,same reference number on two records,GEM/2026/B/7847350
HIGH,POSSIBLE_DUPLICATE,d547d57f96f0,NHPC,same reference number on two records,GEM/2026/B/7777245DATED31-07-2026
HIGH,POSSIBLE_DUPLICATE,b9abb5d697df,NHPC,same reference number on two records,GEM/2026/B/7806250DATED31-07-2026
HIGH,POSSIBLE_DUPLICATE,e3a7d2f9f3a8,NHPC,same reference number on two records,2026NHPC9198611
HIGH,POSSIBLE_DUPLICATE,93580c61b2f0,NHPC,same reference number on two records,GEM/2026/B/7680887DATED21-07-2026
HIGH,POSSIBLE_DUPLICATE,75a34a691871,NHPC,same reference number on two records,2026NHPC9198511
HIGH,POSSIBLE_DUPLICATE,626a4f3f0bd1,NHPC,same reference number on two records,2026NHPC9197351
HIGH,POSSIBLE_DUPLICATE,a11e047280c1,NHPC,same reference number on two records,NH/CPS-1/PNC/W-1652/2026-27/44DATED29/07/2026
HIGH,POSSIBLE_DUPLICATE,71ad2958b1b8,NHPC,same reference number on two records,GEM/2026/B/7766113
HIGH,POSSIBLE_DUPLICATE,1a242a3fa1c1,NHPC,same reference number on two records,2026NHPC9193311
HIGH,POSSIBLE_DUPLICATE,5c995629be5a,NHPC,same reference number on two records,NBPS/CNP/2026-27/W-44/271
HIGH,POSSIBLE_DUPLICATE,3867933db26f,NHPC,same reference number on two records,GEM/2026/B/7776916DATED28-07-2026
HIGH,POSSIBLE_DUPLICATE,d0d01af646c3,NHPC,same reference number on two records,NH/DG/CONTRACT/1095/2026-27/24
HIGH,POSSIBLE_DUPLICATE,a9bd83c44190,NHPC,same reference number on two records,GEM/2026/B/7794741DATED27-07-2026
HIGH,POSSIBLE_DUPLICATE,0d70724ec2cc,NHPC,same reference number on two records,NH/SPS/PAMPC/NIT-219/2026-27/260-268
HIGH,POSSIBLE_DUPLICATE,f901b3201d65,NHPC,same reference number on two records,GEM/2026/B/7794874
HIGH,POSSIBLE_DUPLICATE,ca457cb7797a,NHPC,same reference number on two records,GEM/2026/B/7802065
HIGH,POSSIBLE_DUPLICATE,97f74ac0a953,NHPC,same reference number on two records,NBPS/CNP/2025-26/W-43/270
HIGH,POSSIBLE_DUPLICATE,7638bb83353d,NHPC,same reference number on two records,NH/CCW/CC-II/CO-474/PR10026/79
HIGH,POSSIBLE_DUPLICATE,5efbafeac548,NHPC,same reference number on two records,2026NHPC9182861
HIGH,POSSIBLE_DUPLICATE,8fa83adbde77,NHPC,same reference number on two records,NH/TSV/CONT/CC-354/NIT-1090/2026-27/133DATED27/07/2026TENDERIDNO2026NHPC9192131
HIGH,POSSIBLE_DUPLICATE,80e161923d02,NHPC,same reference number on two records,NBPS/CNP/2026-27/W-42/269
HIGH,POSSIBLE_DUPLICATE,b815277f2060,NHPC,same reference number on two records,GEM/2026/B/7730619
HIGH,POSSIBLE_DUPLICATE,47ba8f150fb9,NHPC,same reference number on two records,2026NHPC9191591
HIGH,POSSIBLE_DUPLICATE,402d18099a42,NHPC,same reference number on two records,2026NHPC9191251
HIGH,POSSIBLE_DUPLICATE,da6c961eaf48,NHPC,same reference number on two records,GEMBIDNUMBERGEM/2026/B/7804706DATED24-07-2026
HIGH,POSSIBLE_DUPLICATE,6198eb3fb756,NHPC,same reference number on two records,NH/CPS-1/PNC/W-1651/2026-27/41DATE22/07/2026
HIGH,POSSIBLE_DUPLICATE,8a23ff7d48de,NHPC,same reference number on two records,NH/CPS-1/PNC/W-1650/2026-27/42DATED24/07/2026
HIGH,POSSIBLE_DUPLICATE,368e68c478fd,NHPC,same reference number on two records,GEM/2026/B/7830385
HIGH,POSSIBLE_DUPLICATE,f2b7aebd28e1,NHPC,same reference number on two records,NH/TSV/CONT/CC-355/NIT-1089/2026-27/127DATED25/07/2026ANDE-TENDERID2026NHPC9189121
HIGH,POSSIBLE_DUPLICATE,997c6a76df43,NHPC,same reference number on two records,2026NHPC9190591
HIGH,POSSIBLE_DUPLICATE,bbbe1ecc5ced,NHPC,same reference number on two records,2026NHPC9189391
HIGH,POSSIBLE_DUPLICATE,7e6a2dd7ac5c,NHPC,same reference number on two records,2026NHPC9188751
HIGH,POSSIBLE_DUPLICATE,9afdc1aac6a3,NHPC,same reference number on two records,2026NHPC9189031
HIGH,POSSIBLE_DUPLICATE,5e3c6b9843d7,NHPC,same reference number on two records,NH/DMP/PNC/NIT/2026/1E-TENDERID2026NHPC9182821
HIGH,POSSIBLE_DUPLICATE,83004200b264,NHPC,same reference number on two records,GEM/2026/B/7690043
HIGH,POSSIBLE_DUPLICATE,3692d63e971f,NHPC,same reference number on two records,GEM/2026/B/7699594
HIGH,POSSIBLE_DUPLICATE,89a45e7c8cdf,NHPC,same reference number on two records,GEM/2026/B/7826715DATED24-07-2026
HIGH,POSSIBLE_DUPLICATE,dc137003b870,NHPC,same reference number on two records,GEM/2026/B/7796963
HIGH,POSSIBLE_DUPLICATE,b18b3931c676,NHPC,same reference number on two records,GEM/2026/B/7632174
HIGH,POSSIBLE_DUPLICATE,d04fdd3b7949,NHPC,same reference number on two records,GEM/2026/B/7784869DATED21-07-2026
HIGH,POSSIBLE_DUPLICATE,d32d2dcd234c,NHPC,same reference number on two records,GEM/2026/B/7778788DATED21-07-2026
HIGH,POSSIBLE_DUPLICATE,f197614fe843,NHPC,same reference number on two records,NH/RANDD/LIB/VENDORS/2026-27/37
HIGH,POSSIBLE_DUPLICATE,f76412e539c5,NHPC,same reference number on two records,GEM/2026/B/7809431DATED22-07-2026
HIGH,POSSIBLE_DUPLICATE,74c4d7983712,NHPC,same reference number on two records,GEM/2026/B/7791229DATED22-07-2026
HIGH,POSSIBLE_DUPLICATE,dbb48237972f,NHPC,same reference number on two records,GEM/2026/B/7687382
HIGH,POSSIBLE_DUPLICATE,81a81220b3ae,NHPC,same reference number on two records,GEM/2026/B/7687409
HIGH,POSSIBLE_DUPLICATE,eb60bd403fe7,NHPC,same reference number on two records,2026NHPC9181961
HIGH,POSSIBLE_DUPLICATE,f8011f614446,NHPC,same reference number on two records,GEM/2026/B/7780498
HIGH,POSSIBLE_DUPLICATE,e95b25655414,NHPC,same reference number on two records,GEM/2026/B/7749640DATED20-07-2026
HIGH,POSSIBLE_DUPLICATE,1a64cdde17fd,NHPC,same reference number on two records,GEM/2026/B/7722390DATED20-07-2026
HIGH,POSSIBLE_DUPLICATE,1901f18cdbd7,NHPC,same reference number on two records,GEM/2026/B/7714137
HIGH,POSSIBLE_DUPLICATE,db2287d3519b,NHPC,same reference number on two records,GEM/2026/B/7698955
HIGH,POSSIBLE_DUPLICATE,7c86a64875f8,NHPC,same reference number on two records,GEM/2026/B/7744990
HIGH,POSSIBLE_DUPLICATE,bdac84b63e9b,NHPC,same reference number on two records,NH-RPS-CTS01111/4/2024-CIVILTS/62
HIGH,POSSIBLE_DUPLICATE,a3980d26ca39,NHPC,same reference number on two records,GEM/2026/B/7735067DATED19-07-2026
HIGH,POSSIBLE_DUPLICATE,195c27ca4adf,NHPC,same reference number on two records,GEM/2026/B/7789078
HIGH,POSSIBLE_DUPLICATE,68ed055d57d1,NHPC,same reference number on two records,GEM/2026/B/7732250DATED18-07-2026
HIGH,POSSIBLE_DUPLICATE,0e831c37c5da,NHPC,same reference number on two records,GEM/2026/B/7682082
HIGH,POSSIBLE_DUPLICATE,053ce3bb40e5,NHPC,same reference number on two records,GEM/2026/B/7670716
HIGH,POSSIBLE_DUPLICATE,5221349d3440,NHPC,same reference number on two records,NH/UPS/PCS/C-145/NIQ-122/537DATED18072026
HIGH,POSSIBLE_DUPLICATE,3f3362195581,NHPC,same reference number on two records,NH/CCW/CC-II/CO-475/PR16426/1
HIGH,POSSIBLE_DUPLICATE,96f6f08bf7a1,NHPC,same reference number on two records,GEM/2026/B/7763682
HIGH,POSSIBLE_DUPLICATE,a3bed12f922a,NHPC,same reference number on two records,GEM/2026/B/7792756
HIGH,POSSIBLE_DUPLICATE,8bff8b7cd8db,NHPC,same reference number on two records,NH/CCW/CC-II/CO-478/PR10026/87
HIGH,POSSIBLE_DUPLICATE,86a6f3e81ed0,NHPC,same reference number on two records,NH-RPS-CTS01112/3/2025-CIVILTS/59
HIGH,POSSIBLE_DUPLICATE,497f86187bac,NHPC,same reference number on two records,2026NHPC9117851
HIGH,POSSIBLE_DUPLICATE,43e5bb05e5ec,NHPC,same reference number on two records,NH/TSV/CONT/MC-170/NIT-1088/2026-27/113DATED15/07/2026ANDE-TENDERID2026NHPC9172361
HIGH,POSSIBLE_DUPLICATE,83ae5f1a6c39,NHPC,same reference number on two records,GEM/2026/B/7707437
HIGH,POSSIBLE_DUPLICATE,b7755022a41a,NHPC,same reference number on two records,-1119O
HIGH,POSSIBLE_DUPLICATE,0e809a638a08,NHPC,same reference number on two records,NBPS/CNP/2026-27/W-41/268
HIGH,POSSIBLE_DUPLICATE,4c8a020a3399,NHPC,same reference number on two records,GEM/2026/B/7686277
HIGH,POSSIBLE_DUPLICATE,d5eb1413fef3,NHPC,same reference number on two records,GEM/2026/B/7686127
HIGH,POSSIBLE_DUPLICATE,4d39abbd9792,NHPC,same reference number on two records,GEM/2026/B/7685008
HIGH,POSSIBLE_DUPLICATE,e0afddb49165,NHPC,same reference number on two records,GEM/2026/B/7684857
HIGH,POSSIBLE_DUPLICATE,24467c169dd1,NHPC,same reference number on two records,GEM/2026/B/7746900
HIGH,POSSIBLE_DUPLICATE,c7ba9b5606f1,NHPC,same reference number on two records,2026NHPC9153491
HIGH,POSSIBLE_DUPLICATE,55dfecbff3e7,NHPC,same reference number on two records,GEM/2026/B/7677954
HIGH,POSSIBLE_DUPLICATE,3f9dc01190c0,NHPC,same reference number on two records,GEM/2026/B/7677961
HIGH,POSSIBLE_DUPLICATE,e9a9b402241c,NHPC,same reference number on two records,GEM/2026/B/7677970
HIGH,POSSIBLE_DUPLICATE,45959ce13d8a,NHPC,same reference number on two records,NH/SIANGLOWER/NIT/2026/07
HIGH,POSSIBLE_DUPLICATE,74f6a811f501,NHPC,same reference number on two records,NH/CCW/CC-II/CO-477/PR10026/95
HIGH,POSSIBLE_DUPLICATE,e7ed432cfc09,NHPC,same reference number on two records,NH/CCW/CC-II/CO-469/PR16526/7
HIGH,POSSIBLE_DUPLICATE,ba3bd28db493,NHPC,same reference number on two records,GEM/2026/B/7740267
HIGH,POSSIBLE_DUPLICATE,29294f3e5e6d,NHPC,same reference number on two records,NH/CCW/CC-II/CO-476/PR10026/96
HIGH,POSSIBLE_DUPLICATE,030e02d8b794,NHPC,same reference number on two records,GEM/2026/B/7739665
HIGH,POSSIBLE_DUPLICATE,21285b768860,NHPC,same reference number on two records,GEM/2026/B/7755879DATED13-07-2026
HIGH,POSSIBLE_DUPLICATE,30fd5c0219af,NHPC,same reference number on two records,2026NHPC9160181
HIGH,POSSIBLE_DUPLICATE,a306e267d1c1,NHPC,same reference number on two records,GEM/2026/B/7714404DATED11-07-2026
HIGH,POSSIBLE_DUPLICATE,307930193b9e,NHPC,same reference number on two records,GEM/2026/B/7697531DATED11-07-2026
HIGH,POSSIBLE_DUPLICATE,f0a0cb55f110,NHPC,same reference number on two records,NBPS/CNP/2026-27/W-40/267
HIGH,POSSIBLE_DUPLICATE,b41d1f46215b,NHPC,same reference number on two records,NH/DPSCONT/NIT277/2026/E164512DATED08072026ANDTENDERID2026NHPC9163951
HIGH,POSSIBLE_DUPLICATE,817667e14760,NHPC,same reference number on two records,NH/CCW/CC-II/TEESTAVI/EOI-91DATED10-07-2026
HIGH,POSSIBLE_DUPLICATE,73b3bb0b89b1,NHPC,same reference number on two records,GEM/2026/B/7727465DATED09-07-2026
HIGH,POSSIBLE_DUPLICATE,2dac828dcb42,NHPC,same reference number on two records,NH-RPS-PH01212/3/2026-PH/53
HIGH,POSSIBLE_DUPLICATE,7235f4602118,NHPC,same reference number on two records,NH/SEWA-II/CONTRACTS/CW-740/2026-27/NIT-08/51DATED09072026
HIGH,POSSIBLE_DUPLICATE,be9cfe346916,NHPC,same reference number on two records,GEM/2026/B/7725040DATED07-07-2026
HIGH,POSSIBLE_DUPLICATE,bdebf5e96837,NHPC,same reference number on two records,GEM/2026/B/7698373
HIGH,POSSIBLE_DUPLICATE,0ff62353b2b5,NHPC,same reference number on two records,GEM/2026/B/7685820DATED08-07-2026
HIGH,POSSIBLE_DUPLICATE,e2f1736e00dc,NHPC,same reference number on two records,NH-RPS-PH01213/4/2026-PH/52
HIGH,POSSIBLE_DUPLICATE,d0d4e6ce7f8c,NHPC,same reference number on two records,GEM/2026/B/7744924
HIGH,POSSIBLE_DUPLICATE,2d5d342be29c,NHPC,same reference number on two records,2026NHPC9163921
HIGH,POSSIBLE_DUPLICATE,fd41619b5068,NHPC,same reference number on two records,GEM/2026/B/7715811DATED07-07-2026
HIGH,POSSIBLE_DUPLICATE,c5ba04a3efe8,NHPC,same reference number on two records,GEM/2026/B/7706346
HIGH,POSSIBLE_DUPLICATE,efcfdd3fc89a,NHPC,same reference number on two records,NH/TSV/CONT/CC-373/NIT-1085/2026-27/108DATED06/07/2026ANDE-TENDERID2026NHPC9160361
HIGH,POSSIBLE_DUPLICATE,269618e3beec,NHPC,same reference number on two records,NH/TSV/CONT/CC-359/NIT-1084/2026-27/106DATED06/07/2026ANDE-TENDERID2026NHPC9160061
HIGH,POSSIBLE_DUPLICATE,952eb9d22f3c,NHPC,same reference number on two records,GEM/2026/B/7596165
HIGH,POSSIBLE_DUPLICATE,b27301f7956f,NHPC,same reference number on two records,NH/TSV/CONT/CC-367/NIT-1086/2026-27/109DATED06/07/2026ANDE-TENDERID2026NHPC9161051
HIGH,POSSIBLE_DUPLICATE,d4c744d030cc,NHPC,same reference number on two records,NH/SIANGLOWER/NIT/2026/06
HIGH,POSSIBLE_DUPLICATE,87b214c9609e,NHPC,same reference number on two records,NH/SIANGLOWER/NIT/2026/05
HIGH,POSSIBLE_DUPLICATE,49a4953151a9,NHPC,same reference number on two records,GEM/2026/B/7717121
HIGH,POSSIBLE_DUPLICATE,0d2789058b61,NHPC,same reference number on two records,GEM/2026/B/7642079
HIGH,POSSIBLE_DUPLICATE,b14e5aa65c86,NHPC,same reference number on two records,GEM/2026/B/7578525
HIGH,POSSIBLE_DUPLICATE,e0a96996c655,NHPC,same reference number on two records,NH/TSV/CONT/CC-360/NIT-1083/2026-27/105DATED04/07/2026ANDE-TENDERID2026NHPC9159591
HIGH,POSSIBLE_DUPLICATE,6e9308cdc5d8,NHPC,same reference number on two records,GEM/2026/B/7664158
HIGH,POSSIBLE_DUPLICATE,421f531b3fd1,NHPC,same reference number on two records,NH/SIANGLOWER/NIT/2026/04
HIGH,POSSIBLE_DUPLICATE,fe77eef36083,NHPC,same reference number on two records,GEM/2026/B/7675347
HIGH,POSSIBLE_DUPLICATE,8487f27d1a9a,NHPC,same reference number on two records,GEM/2026/B/7674883
HIGH,POSSIBLE_DUPLICATE,81ea67d62419,NHPC,same reference number on two records,GEM/2026/B/7674343
HIGH,POSSIBLE_DUPLICATE,8fdc865e007c,NHPC,same reference number on two records,NH/PPS-III/NIT/PR11926/53/1/104DATED03072026
HIGH,POSSIBLE_DUPLICATE,582c7c814e88,NHPC,same reference number on two records,GEM/2026/B/7634185
HIGH,POSSIBLE_DUPLICATE,ed11399eeb13,NHPC,same reference number on two records,NH/SEWA-II/CONTRACTS/CW-738/2026-27/NIT-07/46/DATED03072026
HIGH,POSSIBLE_DUPLICATE,991fe1172626,NHPC,same reference number on two records,NH/TLD-IVPS/PC/W-955/2026/2306DATE01/07/2026
HIGH,POSSIBLE_DUPLICATE,ca3a8566600b,NHPC,same reference number on two records,NH/TSV/CONT/CC-362/NIT-1082/2026-27/100DATED02/07/2026ANDE-TENDERID2026NHPC9151121
HIGH,POSSIBLE_DUPLICATE,663116065d65,NHPC,same reference number on two records,-1118O
HIGH,POSSIBLE_DUPLICATE,4cbddeac056e,NHPC,same reference number on two records,2026NHPC9150831
HIGH,POSSIBLE_DUPLICATE,abb4bfb02b21,NHPC,same reference number on two records,GEM/2026/B/7664369
HIGH,POSSIBLE_DUPLICATE,5d3bcebee6c4,NHPC,same reference number on two records,GEM/2026/B/7632832DATED01-07-2026
HIGH,POSSIBLE_DUPLICATE,43b6b4990f55,NHPC,same reference number on two records,NH-RPS-ECD01414/5/2025-ECD/48
HIGH,POSSIBLE_DUPLICATE,3d90e2bb7ce6,NHPC,same reference number on two records,GEM/2026/B/7691428
HIGH,POSSIBLE_DUPLICATE,b49e7e510ece,NHPC,same reference number on two records,GEM/2026/B/7554918
HIGH,POSSIBLE_DUPLICATE,57b186b79b22,NHPC,same reference number on two records,GEM/2026/B/7696461
HIGH,POSSIBLE_DUPLICATE,73aa845cb625,NHPC,same reference number on two records,NH/TSV/CONT/CC-366/NIT-1081/2026-27/99DATED29/06/2026ANDE-TENDERID2026NHPC9150541
HIGH,POSSIBLE_DUPLICATE,9b71e21348bc,NHPC,same reference number on two records,2026NHPC9149551
HIGH,POSSIBLE_DUPLICATE,285779fef2bb,NHPC,same reference number on two records,NH-RPS-CTS01112/1/2026-CIVILTS/46
HIGH,POSSIBLE_DUPLICATE,352720e6e305,NHPC,same reference number on two records,GEM/2026/B/7621305
HIGH,POSSIBLE_DUPLICATE,2e51d8b9702b,NHPC,same reference number on two records,2026NHPC9149111
HIGH,POSSIBLE_DUPLICATE,cd285ea04849,NHPC,same reference number on two records,GEM/2026/B/7635652
HIGH,POSSIBLE_DUPLICATE,263ac405c11e,NHPC,same reference number on two records,GEM/2026/B/7678140
HIGH,POSSIBLE_DUPLICATE,812f8a4e4db6,NHPC,same reference number on two records,GEM/2026/B/7582856
HIGH,POSSIBLE_DUPLICATE,c800857eb5ef,NHPC,same reference number on two records,GEM/2026/B/7650711
HIGH,POSSIBLE_DUPLICATE,5cbae637e049,NHPC,same reference number on two records,GEM/2026/B/7677844DATED27-06-2026
HIGH,POSSIBLE_DUPLICATE,e9898c87b50e,NHPC,same reference number on two records,2026NHPC9148911
HIGH,POSSIBLE_DUPLICATE,27efe95b72d0,NHPC,same reference number on two records,GEM/2026/B/7688487DATED26-06-2026
HIGH,POSSIBLE_DUPLICATE,f84fb7390f36,NHPC,same reference number on two records,GEM/2026/B/7702250DATED25-06-2026
HIGH,POSSIBLE_DUPLICATE,3c75fc469a9d,NHPC,same reference number on two records,GEM/2026/B/7684674
HIGH,POSSIBLE_DUPLICATE,74f5e35a1b60,NHPC,same reference number on two records,GEM/2026/B/7664625
HIGH,POSSIBLE_DUPLICATE,de9d8fcf919d,NHPC,same reference number on two records,NH/PPS-III/NIT/PR11926/31/1/96DATED25062026
HIGH,POSSIBLE_DUPLICATE,4d4e2e009ace,NHPC,same reference number on two records,GEM/2026/B/7707081
HIGH,POSSIBLE_DUPLICATE,22c51a892a8d,NHPC,same reference number on two records,NH/CCW/CC-II/CO-472/PR10026/69
HIGH,POSSIBLE_DUPLICATE,c3fefb65ab9a,NHPC,same reference number on two records,GEM/2026/B/7621801DATED24-06-2026
HIGH,POSSIBLE_DUPLICATE,76b2b39c46cb,NHPC,same reference number on two records,NH/SEWA-II/CONTRACTS/CW-737/2026-27/NIT-06/38/DATED24062026
HIGH,POSSIBLE_DUPLICATE,33a8367e33bb,NHPC,same reference number on two records,2026NHPC9145091
HIGH,POSSIBLE_DUPLICATE,2b1423b656c0,NHPC,same reference number on two records,NH/DG/CONTRACT/1093/2026-27/19
HIGH,POSSIBLE_DUPLICATE,ae6b2b17ae3e,NHPC,same reference number on two records,NH/SPS/PNC/NIT-218/2026-27/192-201CPPPTENDERID2026NHPC9143571
HIGH,POSSIBLE_DUPLICATE,3d350549e965,NHPC,same reference number on two records,GEM/2026/B/7628516
HIGH,POSSIBLE_DUPLICATE,e24ac9e24f31,NHPC,same reference number on two records,-1117O
HIGH,POSSIBLE_DUPLICATE,2de54ba7203f,NHPC,same reference number on two records,GEM/2026/B/7687476
HIGH,POSSIBLE_DUPLICATE,662082f4150f,NHPC,same reference number on two records,NH-RPS-CTS012/4/2026-CIVILTS/42
HIGH,POSSIBLE_DUPLICATE,ea9114c3c025,NHPC,same reference number on two records,NH/SEWA-II/CONTRACTS/CW-739/2026-27/NIT-05/35/DATED23062026
HIGH,POSSIBLE_DUPLICATE,7cba3de14443,NHPC,same reference number on two records,2026NHPC9144501
HIGH,POSSIBLE_DUPLICATE,5be10cfa72c0,NHPC,same reference number on two records,2026NHPC9138471
HIGH,POSSIBLE_DUPLICATE,5052c4b5ae45,NHPC,same reference number on two records,NH/CCW/CC-II/TLD-IIIPS/PR-11425/244/EOI-359DATED23-06-2026
HIGH,POSSIBLE_DUPLICATE,05b9985200ed,NHPC,same reference number on two records,2026NHPC9129701
HIGH,POSSIBLE_DUPLICATE,69e0741d78d7,NHPC,same reference number on two records,GEM/2026/B/7600311DATED22-06-2026
HIGH,POSSIBLE_DUPLICATE,c3a91090ebf5,NHPC,same reference number on two records,NH/CPS-1/PC/W-1612/2025-26/36DATED22/06/2026
HIGH,POSSIBLE_DUPLICATE,a213f2199fcb,NHPC,same reference number on two records,NBPS/CNP/2026-27/W-38/265
HIGH,POSSIBLE_DUPLICATE,36e22f0a6ed1,NHPC,same reference number on two records,NH/CPS-1/PAMPC/W-1637/2026-27/32DATED09/06/2026
HIGH,POSSIBLE_DUPLICATE,8b4fd1a072c9,NHPC,same reference number on two records,-1116O
HIGH,POSSIBLE_DUPLICATE,4ca4a3e23a6d,NHPC,same reference number on two records,NH/TSV/CONT/RM-219/NIT-1080/2026-27/86DATED19/06/2026ANDGEMBIDNOGEM/2026/B/7685725
HIGH,POSSIBLE_DUPLICATE,273b68ab0b5d,NHPC,same reference number on two records,-1115O
HIGH,POSSIBLE_DUPLICATE,02f0c455a2f8,NHPC,same reference number on two records,GEM/2026/B/7666519
HIGH,POSSIBLE_DUPLICATE,365357fc2b8c,NHPC,same reference number on two records,NH/CPS-1/PNC/W-1648/2026-27/35DATED18/06/2026
HIGH,POSSIBLE_DUPLICATE,54c6a0e959d6,NHPC,same reference number on two records,-1114O
HIGH,POSSIBLE_DUPLICATE,66a6d0da0513,NHPC,same reference number on two records,NH/SPS/PNC/NIT-216/26-27/161-170
HIGH,POSSIBLE_DUPLICATE,f0f3e4d78e25,NHPC,same reference number on two records,GEM/2026/B/7637054
HIGH,POSSIBLE_DUPLICATE,4feeb44270a2,NHPC,same reference number on two records,GEM/2026/B/7647822
HIGH,POSSIBLE_DUPLICATE,6b90ca42a78e,NHPC,same reference number on two records,NH/CONTSENM-II/CO-208/BSUL/PR/JSP/2026-27
HIGH,POSSIBLE_DUPLICATE,5a6f1d7e494e,NHPC,same reference number on two records,NH/DPS/CONT/NIT-280/2026/E169008DATED17062026TENDERIDNO2026NHPC9134091
HIGH,POSSIBLE_DUPLICATE,fd1f20c8edc0,NHPC,same reference number on two records,2026NHPC9117591
HIGH,POSSIBLE_DUPLICATE,e667d7966277,NHPC,same reference number on two records,-1113O
HIGH,POSSIBLE_DUPLICATE,f7764bd72379,NHPC,same reference number on two records,GEM/2026/B/7624505
HIGH,POSSIBLE_DUPLICATE,f01dfeab4c7d,NHPC,same reference number on two records,2026NHPC9131381
HIGH,POSSIBLE_DUPLICATE,b499446b7238,NHPC,same reference number on two records,NH/SLP/CONT/2025/C-20/NIT/71116/06/2026
HIGH,POSSIBLE_DUPLICATE,790c8c86e8bd,NHPC,same reference number on two records,-1112O
HIGH,POSSIBLE_DUPLICATE,da3e6c8e5bc9,NHPC,same reference number on two records,-1111O
HIGH,POSSIBLE_DUPLICATE,5bf8d4e0588e,NHPC,same reference number on two records,NH/CPS-1/PC/W-1647/2026-27/37DATED26/06/2026
HIGH,POSSIBLE_DUPLICATE,7ebf2797f548,NHPC,same reference number on two records,GEM/2026/B/7581772
HIGH,POSSIBLE_DUPLICATE,c28c9069dedd,NHPC,same reference number on two records,NH/CPS-1/PNC/W-1615/2026-27/33DATED15/06/2026
HIGH,POSSIBLE_DUPLICATE,bbcdd584766a,NHPC,same reference number on two records,-1110O
HIGH,POSSIBLE_DUPLICATE,dc1bfb6b7525,NHPC,same reference number on two records,NH/SEWA-II/CONTRACTS/CW-731/2026-27/NIT-04/29/DATED15062026
HIGH,POSSIBLE_DUPLICATE,deadff2ad760,NHPC,same reference number on two records,-1109O
HIGH,POSSIBLE_DUPLICATE,fe7d09476216,NHPC,same reference number on two records,GEM/2026/B/7616145DATED15-06-2026
HIGH,POSSIBLE_DUPLICATE,3657c62a89f7,NHPC,same reference number on two records,-1108O
HIGH,POSSIBLE_DUPLICATE,88892055c77e,NHPC,same reference number on two records,GEM/2026/B/7597099
HIGH,POSSIBLE_DUPLICATE,61485038da9f,NHPC,same reference number on two records,NBPS/CNP/2026-27/W-37/264
HIGH,POSSIBLE_DUPLICATE,345ae759e530,NHPC,same reference number on two records,GEM/2026/B/7634524
HIGH,POSSIBLE_DUPLICATE,fd8ccfbdb469,NHPC,same reference number on two records,NH/DG/CONTRACT/1092/2026-27/17
HIGH,POSSIBLE_DUPLICATE,019f93286790,NHPC,same reference number on two records,GEM/2026/B/7585977DATED12-06-2026
HIGH,POSSIBLE_DUPLICATE,8cdb0f2089bb,NHPC,same reference number on two records,GEM/2026/B/7595502DATED12-06-2026
HIGH,POSSIBLE_DUPLICATE,3d2d0ff74060,NHPC,same reference number on two records,GEM/2026/B/7625444DATED12-06-2026
HIGH,POSSIBLE_DUPLICATE,bf1f4501421c,NHPC,same reference number on two records,GEM/2026/B/7630940DATED12-06-2026
HIGH,POSSIBLE_DUPLICATE,8ef20ff75776,NHPC,same reference number on two records,GEM/2026/B/7618389
HIGH,POSSIBLE_DUPLICATE,90ddba444186,NHPC,same reference number on two records,GEM/2026/B/7511503
HIGH,POSSIBLE_DUPLICATE,00b863911f15,NHPC,same reference number on two records,GEMBIDNOGEM/2026/B/7651074
HIGH,POSSIBLE_DUPLICATE,c480a09655fd,NHPC,same reference number on two records,-1107O
HIGH,POSSIBLE_DUPLICATE,033a07d248a2,NHPC,same reference number on two records,GEM/2026/B/7492713
HIGH,POSSIBLE_DUPLICATE,e4eb61495bc3,NHPC,same reference number on two records,GEM/2026/B/7542019
HIGH,POSSIBLE_DUPLICATE,17f7383aba82,NHPC,same reference number on two records,GEM/2026/B/7630404DATED11-06-2026
HIGH,POSSIBLE_DUPLICATE,b4bc296e1297,NHPC,same reference number on two records,NH-RPS-CTS01112/4/2025-CIVILTS/39
HIGH,POSSIBLE_DUPLICATE,af3173d358b4,NHPC,same reference number on two records,GEM/2026/B/7584119DATED10-06-2026
HIGH,POSSIBLE_DUPLICATE,64987067512c,NHPC,same reference number on two records,GEM/2026/B/7625442DATED10-06-2026
HIGH,POSSIBLE_DUPLICATE,174fa701c498,NHPC,same reference number on two records,GEM/2026/B/7616000DATED10-06-2026
HIGH,POSSIBLE_DUPLICATE,005418f678d2,NHPC,same reference number on two records,NH/TLD-IVPS/PC/W-956/2026/2270DATE10/06/2026
HIGH,POSSIBLE_DUPLICATE,84b31725de05,NHPC,same reference number on two records,GEM/2026/B/7537582
HIGH,POSSIBLE_DUPLICATE,daea5f815848,NHPC,same reference number on two records,NBPS/CNP/2025-26/W-39/66
HIGH,POSSIBLE_DUPLICATE,f711840c4acd,NHPC,same reference number on two records,NH/CCW/CC-II/CO-468/PR12926/27
HIGH,POSSIBLE_DUPLICATE,49047d226a9b,NHPC,same reference number on two records,GEM/2026/B/7596277DATED09-06-2026
HIGH,POSSIBLE_DUPLICATE,6f03b4b6d192,NHPC,same reference number on two records,GEM/2026/B/7480601
HIGH,POSSIBLE_DUPLICATE,4778db925553,NHPC,same reference number on two records,NH-RPS-CTS01112/2/2025-CIVILTS/38
HIGH,POSSIBLE_DUPLICATE,55e781fc76dd,NHPC,same reference number on two records,NH/SPS/PC/NIT-217/2026-27/150-159
HIGH,POSSIBLE_DUPLICATE,9c5c5a502a2f,NHPC,same reference number on two records,GEM/2026/B/7639179
HIGH,POSSIBLE_DUPLICATE,4f1d9ff7e2cf,NHPC,same reference number on two records,NH-RPS-ECD01414/3/2025-ECD/37
HIGH,POSSIBLE_DUPLICATE,3661f907b083,NHPC,same reference number on two records,2026NHPC9118651
HIGH,POSSIBLE_DUPLICATE,b6c970f0dd7f,NHPC,same reference number on two records,NH/DPSCONT/NIT-279/2026/E168618
HIGH,POSSIBLE_DUPLICATE,739bbb23855f,NHPC,same reference number on two records,NH/TSV/CONT/CC-371/NIT-1079/2025-26/74DATED06/06/2026ANDE-TENDERID2026NHPC9118571
HIGH,POSSIBLE_DUPLICATE,fb049df7b445,NHPC,same reference number on two records,GEM/2026/B/7603272DATED05-06-2026
HIGH,POSSIBLE_DUPLICATE,fd04f5f1f7d6,NHPC,same reference number on two records,GEM/2026/B/7603421DATED05-06-2026
HIGH,POSSIBLE_DUPLICATE,e7febc879de5,NHPC,same reference number on two records,NH/CPS-1/PNC/W-1645/2026-27/31DATED05/06/2026
HIGH,POSSIBLE_DUPLICATE,01eff3b8f9ce,NHPC,same reference number on two records,NH/RO-SLG/PC/NIT-10/2026-2027/10DATED05/06/2026
HIGH,POSSIBLE_DUPLICATE,023ad8daffc8,NHPC,same reference number on two records,2026NHPC9114231
HIGH,POSSIBLE_DUPLICATE,379821f0d47a,NHPC,same reference number on two records,NH/CPS-1/PNC/W-1644/2026-27/30DATED04/06/2026
HIGH,POSSIBLE_DUPLICATE,90d6823605af,NHPC,same reference number on two records,GEM/2026/B/7613043
HIGH,POSSIBLE_DUPLICATE,1e771fa767b7,NHPC,same reference number on two records,GEM/2026/B/7565700
HIGH,POSSIBLE_DUPLICATE,ce4919089b8a,NHPC,same reference number on two records,2026NHPC9109751
HIGH,POSSIBLE_DUPLICATE,f9d79f0cf927,NHPC,same reference number on two records,GEM/2026/B/7608541DATED03-06-2026
HIGH,POSSIBLE_DUPLICATE,da0409e380af,NHPC,same reference number on two records,NH/SLP/CONT/2026/C-06/NIT/705
HIGH,POSSIBLE_DUPLICATE,c24378147747,NHPC,same reference number on two records,GEM/2026/B/7584430
HIGH,POSSIBLE_DUPLICATE,3ab667dc4327,NHPC,same reference number on two records,GEM/2026/B/7526501DATED03-06-2026
HIGH,POSSIBLE_DUPLICATE,4f749d0c8c62,NHPC,same reference number on two records,GEM/2026/B/7582961
HIGH,POSSIBLE_DUPLICATE,b358bc25489d,NHPC,same reference number on two records,GEM/2026/B/7613512
HIGH,POSSIBLE_DUPLICATE,e7e28fd0b527,NHPC,same reference number on two records,GEM/2026/B/7484105
HIGH,POSSIBLE_DUPLICATE,b34c1e30da39,NHPC,same reference number on two records,NH/SLP/CONT/2026/C-05/NIT/704
HIGH,POSSIBLE_DUPLICATE,5a1613bcad51,NHPC,same reference number on two records,NH/CPS-1/PNC/W-1643/2026-27/29DATED29/05/2026
HIGH,POSSIBLE_DUPLICATE,bfe319d27ca6,NHPC,same reference number on two records,2026NHPC9111021
HIGH,POSSIBLE_DUPLICATE,feda64a2a0e4,NHPC,same reference number on two records,GEM/2026/B/7529611
HIGH,POSSIBLE_DUPLICATE,e7a346f9cb83,NHPC,same reference number on two records,GEM/2026/B/7590429DATED01-06-2026
HIGH,POSSIBLE_DUPLICATE,ac539476cdfb,NHPC,same reference number on two records,GEM/2026/B/7591280DATED30-05-2026
HIGH,POSSIBLE_DUPLICATE,2f13afdce010,NHPC,same reference number on two records,GEM/2026/B/7544431DATED30-05-2026
HIGH,POSSIBLE_DUPLICATE,e7f795a42c03,NHPC,same reference number on two records,NH/CCW/CCIII/CO467/PR11926/49
HIGH,POSSIBLE_DUPLICATE,4bd06ff87210,NHPC,same reference number on two records,2026NHPC9054591
HIGH,POSSIBLE_DUPLICATE,9ba1844d040a,NHPC,same reference number on two records,GEM/2026/B/7597953DATED29-05-2026
HIGH,POSSIBLE_DUPLICATE,55f7c2834e07,NHPC,same reference number on two records,GEM/2026/B/7519526
HIGH,POSSIBLE_DUPLICATE,0801e5c030bd,NHPC,same reference number on two records,NH/SEWA-II/CONTRACTS/CW-732/2026-27/NIT-03/22DATED29052026
HIGH,POSSIBLE_DUPLICATE,449c70e3915a,NHPC,same reference number on two records,GEM/2026/B/7569772DATED27-05-2026
HIGH,POSSIBLE_DUPLICATE,b827f77bf032,NHPC,same reference number on two records,GEM/2026/B/7570469DATED27-05-2026
HIGH,POSSIBLE_DUPLICATE,e8d28c6c94eb,NHPC,same reference number on two records,2026NHPC8994541
HIGH,POSSIBLE_DUPLICATE,ac18bb872c46,NHPC,same reference number on two records,2026NHPC9104661
HIGH,POSSIBLE_DUPLICATE,9890749eccdf,NHPC,same reference number on two records,GEM/2026/B/7588604
HIGH,POSSIBLE_DUPLICATE,46a8cf236b26,NHPC,same reference number on two records,GEM/2026/B/7575292
HIGH,POSSIBLE_DUPLICATE,3ed602514a14,NHPC,same reference number on two records,NH/SEWA-II/CONTRACTS/CSR-725/2026-27/NIT-02/21DATED27052026
HIGH,POSSIBLE_DUPLICATE,c59d541e0d9d,NHPC,same reference number on two records,GEM/2026/B/7500085
HIGH,POSSIBLE_DUPLICATE,c414c4672d76,NHPC,same reference number on two records,GEM/2026/B/7577977DATED26-05-2026
HIGH,POSSIBLE_DUPLICATE,90b352ad24cc,NHPC,same reference number on two records,GEM/2026/B/7554276
HIGH,POSSIBLE_DUPLICATE,d8e66f16c11d,NHPC,same reference number on two records,GEM/2026/B/7549248DATED25-05-2026
HIGH,POSSIBLE_DUPLICATE,44f0b19e172d,NHPC,same reference number on two records,GEM/2026/B/7496127
HIGH,POSSIBLE_DUPLICATE,3496690e6931,NHPC,same reference number on two records,GEM/2026/B/7550283DATED25-05-2026
HIGH,POSSIBLE_DUPLICATE,546e3b066b27,NHPC,same reference number on two records,NH/SIANGLOWER/NIT/2026/03
HIGH,POSSIBLE_DUPLICATE,c7316c100e09,NHPC,same reference number on two records,2026NHPC9100011
HIGH,POSSIBLE_DUPLICATE,e5dcaa0671da,NHPC,same reference number on two records,2026NHPC9090641
HIGH,POSSIBLE_DUPLICATE,3b10e54446b0,NHPC,same reference number on two records,2026NHPC9100131
HIGH,POSSIBLE_DUPLICATE,69efa52599ba,NHPC,same reference number on two records,GEM/2026/B/7533166
HIGH,POSSIBLE_DUPLICATE,808a5f7c6292,NHPC,same reference number on two records,GEM/2026/B/7504756
HIGH,POSSIBLE_DUPLICATE,2529382c3882,NHPC,same reference number on two records,NH/SEWA-II/CONTRACTS/CW-730/2026-27/NIT-01/19/DATED23052026
HIGH,POSSIBLE_DUPLICATE,ad6659b826b9,NHPC,same reference number on two records,GEM/2026/B/7573418
HIGH,POSSIBLE_DUPLICATE,cbf5d89f18b8,NHPC,same reference number on two records,GEM/2026/B/7480306
HIGH,POSSIBLE_DUPLICATE,8e69c9b0a62e,NHPC,same reference number on two records,GEM/2026/B/7530500
HIGH,POSSIBLE_DUPLICATE,db2c6d0202ef,NHPC,same reference number on two records,-1106O
HIGH,POSSIBLE_DUPLICATE,4af62aa82b36,NHPC,same reference number on two records,NH/PPS-III/NIT/PR11925/122/1/49DATED21052026
HIGH,POSSIBLE_DUPLICATE,155c9141d1d2,NHPC,same reference number on two records,GEM/2026/B/7465717
HIGH,POSSIBLE_DUPLICATE,50ccf07350d0,NHPC,same reference number on two records,2026NHPC9096541
HIGH,POSSIBLE_DUPLICATE,502ddf8dba33,NHPC,same reference number on two records,2026NHPC9096271
HIGH,POSSIBLE_DUPLICATE,0b9f38b2da42,NHPC,same reference number on two records,NH/BSPS/CC/CW/01/2026-27/66
HIGH,POSSIBLE_DUPLICATE,adc89dcbff57,NHPC,same reference number on two records,GEM/2026/B/7558357DATED21-05-2026
HIGH,POSSIBLE_DUPLICATE,b7e7dad5c991,NHPC,same reference number on two records,2026NHPC9095681
HIGH,POSSIBLE_DUPLICATE,89d9f6e45217,NHPC,same reference number on two records,GEM/2026/B/7530881DATED21-05-2026
HIGH,POSSIBLE_DUPLICATE,5415c82facab,NHPC,same reference number on two records,GEM/2026/B/7544922DATED18-05-2026
HIGH,POSSIBLE_DUPLICATE,c8e9692209c1,NHPC,same reference number on two records,NH/CCW/CC-III/CO-465/PR11926/49
HIGH,POSSIBLE_DUPLICATE,8b4bf04ad6dc,NHPC,same reference number on two records,GEM/2026/B/7524770DATED20-05-2026
HIGH,POSSIBLE_DUPLICATE,43b6b057f308,NHPC,same reference number on two records,NH/TLD-IVPS/PC/W-939/2026/2253DATED20/05/2026
HIGH,POSSIBLE_DUPLICATE,92ca7af0029a,NHPC,same reference number on two records,GEM/2026/B/7541788DATED20-05-2026
HIGH,POSSIBLE_DUPLICATE,13a4dc1f3e42,NHPC,same reference number on two records,GEM/2026/B/7540037DATED20-05-2026
HIGH,POSSIBLE_DUPLICATE,74fa574fc002,NHPC,same reference number on two records,GEM/2026/B/7541618
HIGH,POSSIBLE_DUPLICATE,75acd8a114f5,NHPC,same reference number on two records,GEM/2026/B/7484007
HIGH,POSSIBLE_DUPLICATE,a0aa71eac0d6,NHPC,same reference number on two records,NH/CPS-1/PNC/W-1641/2026-27/27DATED18/05/2026
HIGH,POSSIBLE_DUPLICATE,b874db3823c0,NHPC,same reference number on two records,2026NHPC9089861
HIGH,POSSIBLE_DUPLICATE,f4fa9cbdbcff,NHPC,same reference number on two records,GEM/2026/B/7501068
HIGH,POSSIBLE_DUPLICATE,415897339cae,NHPC,same reference number on two records,NH-RPS-HM01216/3/2025-DAMHM/29
HIGH,POSSIBLE_DUPLICATE,d9df56ced074,NHPC,same reference number on two records,2026NHPC9112981
HIGH,POSSIBLE_DUPLICATE,26ebc4c746ef,NHPC,same reference number on two records,2026NHPC9090751
HIGH,POSSIBLE_DUPLICATE,4fdf85bc2939,NHPC,same reference number on two records,GEM/2026/B/7456831DATED18-05-2026
HIGH,POSSIBLE_DUPLICATE,705eb89fae8c,NHPC,same reference number on two records,GEM/2026/B/7408446DATED16-05-2026
HIGH,POSSIBLE_DUPLICATE,da0eef82d499,NHPC,same reference number on two records,GEM/2026/B/7509255
HIGH,POSSIBLE_DUPLICATE,22dc099b9e5f,NHPC,same reference number on two records,GEM/2026/B/7473824
HIGH,POSSIBLE_DUPLICATE,4cb0bd412ccb,NHPC,same reference number on two records,-1105O
HIGH,POSSIBLE_DUPLICATE,9db5219c7864,NHPC,same reference number on two records,GEM/2026/B/7546187
HIGH,POSSIBLE_DUPLICATE,edb02b9a82f2,NHPC,same reference number on two records,NH/TLD-IVPS/PC/W-954/2026/2245DATE15/05/2026
HIGH,POSSIBLE_DUPLICATE,7a6555d4cf36,NHPC,same reference number on two records,GEM/2026/B/7522316
HIGH,POSSIBLE_DUPLICATE,7d53a1a53d30,NHPC,same reference number on two records,GEM/2026/B/7443807
HIGH,POSSIBLE_DUPLICATE,370d5374a427,NHPC,same reference number on two records,GEM/2026/B/7436262
HIGH,POSSIBLE_DUPLICATE,1f67101850ae,NHPC,same reference number on two records,GEM/2026/B/7521006DATED15-05-2026
HIGH,POSSIBLE_DUPLICATE,5dcff212fba4,NHPC,same reference number on two records,GEM/2026/B/7526401DATED15-05-2026
HIGH,POSSIBLE_DUPLICATE,855c3818c4f9,NHPC,same reference number on two records,GEM/2026/B/7522544DATED14-05-2026
HIGH,POSSIBLE_DUPLICATE,ef4a6a305c77,NHPC,same reference number on two records,GEM/2026/B/7511629DATED14-05-2026
HIGH,POSSIBLE_DUPLICATE,85d906447566,NHPC,same reference number on two records,NH/SPS/CD/NIT-119/2026-27/103-112TENDERID2026NHPC908423
HIGH,POSSIBLE_DUPLICATE,9c78e7e84862,NHPC,same reference number on two records,GEM/2026/B/7464274
HIGH,POSSIBLE_DUPLICATE,f275e0703333,NHPC,same reference number on two records,NH/PPS-III/NIT/PR11925/249/2/38DATED13052026
HIGH,POSSIBLE_DUPLICATE,a1df3e866ed3,NHPC,same reference number on two records,BIDNUMBERGEM/2026/B/7422255
HIGH,POSSIBLE_DUPLICATE,dcbca5bf9cf7,NHPC,same reference number on two records,NH/SPS/CD/NIT-117/2026-27/81-90
HIGH,POSSIBLE_DUPLICATE,03af2cacb60d,NHPC,same reference number on two records,2026NHPC9084791
HIGH,POSSIBLE_DUPLICATE,99e0acee92c4,NHPC,same reference number on two records,NH/CPS-I/PNC/W-1636/2026-27/90DATED11/05/2026
HIGH,POSSIBLE_DUPLICATE,3e944cd35309,NHPC,same reference number on two records,NH/CPS-I/PNC/W-1633/2026-27/20DATED01/05/2026
HIGH,POSSIBLE_DUPLICATE,4aa38f86d521,NHPC,same reference number on two records,GEM/2026/B/7505710DATED12-05-2026
HIGH,POSSIBLE_DUPLICATE,93f3bda4b3a4,NHPC,same reference number on two records,GEM/2026/B/7507641DATED12-05-2026
HIGH,POSSIBLE_DUPLICATE,889a12c555c1,NHPC,same reference number on two records,2026NHPC9083451
HIGH,POSSIBLE_DUPLICATE,56b7b7d39066,NHPC,same reference number on two records,2026NHPC9083341
HIGH,POSSIBLE_DUPLICATE,9aa3e745317a,NHPC,same reference number on two records,GEM/2026/B/7485455
HIGH,POSSIBLE_DUPLICATE,9fe4ab994c44,NHPC,same reference number on two records,GEM/2026/B/7518964DATED11-05-2026
HIGH,POSSIBLE_DUPLICATE,0dfca573d787,NHPC,same reference number on two records,NH/CCW/CC-II/CO-463/PR10026/35
HIGH,POSSIBLE_DUPLICATE,67cbc9b10691,NHPC,same reference number on two records,GEM/2026/B/7438996
HIGH,POSSIBLE_DUPLICATE,5341cce91724,NHPC,same reference number on two records,NH/DPS/CONT/NIT-270/2026/E163993DATED11052026
HIGH,POSSIBLE_DUPLICATE,f03b62078437,NHPC,same reference number on two records,NHDPS/CONT/NIT271/2026/E168606
HIGH,POSSIBLE_DUPLICATE,4ece4e39b7cf,NHPC,same reference number on two records,NBPS/CNP/2026-27/W-33/260
HIGH,POSSIBLE_DUPLICATE,5b44d1e53ac0,NHPC,same reference number on two records,GEM/2026/B/7422255
HIGH,POSSIBLE_DUPLICATE,3b494042dd4a,NHPC,same reference number on two records,2026NHPC9080931
HIGH,POSSIBLE_DUPLICATE,6c4ad967238f,NHPC,same reference number on two records,REFFNONH/RO-CHD/PNC/2026/10CPPTENDERID2026NHPC9074901
HIGH,POSSIBLE_DUPLICATE,134b884704ae,NHPC,same reference number on two records,NH/TLD-IVPS/PC/W-949/2026/2238DATE09/05/2026
HIGH,POSSIBLE_DUPLICATE,0b5296091787,NHPC,same reference number on two records,NH/TEESTA-VI/PAMPAMPAMPC/NIT-43/2026/930
HIGH,POSSIBLE_DUPLICATE,cb26ae0e3b7c,NHPC,same reference number on two records,NONH/SPS/PNC/NIT-118/26-27/71-80CPPPTENDERID2026NHPC9076901
HIGH,POSSIBLE_DUPLICATE,974dbeaead93,NHPC,same reference number on two records,GEM/2026/B/7460150
HIGH,POSSIBLE_DUPLICATE,c87f2ee7195d,NHPC,same reference number on two records,GEM/2026/B/7446973
HIGH,POSSIBLE_DUPLICATE,4ddf006bd4ef,NHPC,same reference number on two records,GEM/2026/B/7449604
HIGH,POSSIBLE_DUPLICATE,1390e64dfa72,NHPC,same reference number on two records,GEM/2026/B/7446266
HIGH,POSSIBLE_DUPLICATE,dcf5f109b0d6,NHPC,same reference number on two records,GEM/2026/B/7481325DATED08-05-2026
HIGH,POSSIBLE_DUPLICATE,beea46f490eb,NHPC,same reference number on two records,GEM/2026/B/7481323DATED08-05-2026
HIGH,POSSIBLE_DUPLICATE,5d22ca57c8ea,NHPC,same reference number on two records,NH/TLD-IVPS/PC/W-952/2026/2037DATED07/05/2026
HIGH,POSSIBLE_DUPLICATE,ec86d3e02ac4,NHPC,same reference number on two records,GEM/2026/B/7453437DATED06-05-2026
HIGH,POSSIBLE_DUPLICATE,8f6768f08fdf,NHPC,same reference number on two records,GEM/2026/B/7419963
HIGH,POSSIBLE_DUPLICATE,35a6609a7acd,NHPC,same reference number on two records,GEM/2026/B/7466888
HIGH,POSSIBLE_DUPLICATE,3e1772242244,NHPC,same reference number on two records,GEM/2026/B/7449455
HIGH,POSSIBLE_DUPLICATE,a168c596ef7c,NHPC,same reference number on two records,2026NHPC9076801
HIGH,POSSIBLE_DUPLICATE,dc09877b0426,NHPC,same reference number on two records,NH/TSV/CONT/RM-218/NIT-1078/2026-27/37DATED06/05/2026ANDGEMBIDNOGEM/2026/B/7507778
HIGH,POSSIBLE_DUPLICATE,e4e65a4629b6,NHPC,same reference number on two records,NH/CPS-1/PNC/W-1634/2026-27/25DATED06/05/2026
HIGH,POSSIBLE_DUPLICATE,eee9621025be,NHPC,same reference number on two records,GEM/2026/B/7449421
HIGH,POSSIBLE_DUPLICATE,7aab8d410868,NHPC,same reference number on two records,NH/CPS-1/PNC/W-1632/2026-27/23DATED05/05/2026
HIGH,POSSIBLE_DUPLICATE,48265fdd4659,NHPC,same reference number on two records,GEM/2026/B/7476552
HIGH,POSSIBLE_DUPLICATE,606f823ec68f,NHPC,same reference number on two records,GEM/2026/B/7454407
HIGH,POSSIBLE_DUPLICATE,a22fb6dfb115,NHPC,same reference number on two records,NH/TLD-IVPS/PC/W-951/2026/2235DATE04/05/2026
HIGH,POSSIBLE_DUPLICATE,264d8f1f6569,NHPC,same reference number on two records,GEM/2026/B/7484826
HIGH,POSSIBLE_DUPLICATE,cddc60cb6c55,NHPC,same reference number on two records,2026NHPC9072511
HIGH,POSSIBLE_DUPLICATE,b92169511132,NHPC,same reference number on two records,2026NHPC9073451
HIGH,POSSIBLE_DUPLICATE,b5913db154fb,NHPC,same reference number on two records,GEM/2026/B/7410247
HIGH,POSSIBLE_DUPLICATE,997ef01886a0,NHPC,same reference number on two records,2026NHPC9071901
HIGH,POSSIBLE_DUPLICATE,3e6cd035508d,NHPC,same reference number on two records,GEM/2026/B/7418192
HIGH,POSSIBLE_DUPLICATE,8a1a1a9413fc,NHPC,same reference number on two records,GEM/2026/B/7462948DATED04-05-2026
HIGH,POSSIBLE_DUPLICATE,dbf4540dcef9,NHPC,same reference number on two records,GEM/2026/B/7447460DATED04-05-2026
HIGH,POSSIBLE_DUPLICATE,8185b97a9f10,NHPC,same reference number on two records,2026NHPC9072451
HIGH,POSSIBLE_DUPLICATE,ddf248122f15,NHPC,same reference number on two records,GEM/2026/B/7431801
HIGH,POSSIBLE_DUPLICATE,1bde6261f998,NHPC,same reference number on two records,NH/SPS/PAMPC/NIT-114/26-27/39-48
HIGH,POSSIBLE_DUPLICATE,e2da7be7b233,NHPC,same reference number on two records,GEM/2026/B/7451567
HIGH,POSSIBLE_DUPLICATE,a2ae2fcbc8ff,NHPC,same reference number on two records,GEM/2026/B/7476291
HIGH,POSSIBLE_DUPLICATE,23872ca367c4,NHPC,same reference number on two records,NH/CPS-1/PNC/W-1635/2026-27/22DATED01/05/2026
HIGH,POSSIBLE_DUPLICATE,badad907e322,NHPC,same reference number on two records,NBPS/CNP/2026-27/W-34/262
HIGH,POSSIBLE_DUPLICATE,88ef6b5c43b1,NHPC,same reference number on two records,NH/CPS-1/PNC/W-1631/2026-27/19DATED01/05/2026
HIGH,POSSIBLE_DUPLICATE,bde4c8dc1ad8,NHPC,same reference number on two records,GEM/2026/B/7466353
HIGH,POSSIBLE_DUPLICATE,12bc3b309425,NHPC,same reference number on two records,GEM/2026/B/7410607
HIGH,POSSIBLE_DUPLICATE,5b1c2835a7ee,NHPC,same reference number on two records,GEM/2026/B/7399460DATED01-05-2026
HIGH,POSSIBLE_DUPLICATE,a1399dd716f3,NHPC,same reference number on two records,GEM/2026/B/7439940
HIGH,POSSIBLE_DUPLICATE,29ae2359ecc1,NHPC,same reference number on two records,GEM/2026/B/7435260
HIGH,POSSIBLE_DUPLICATE,ee3bd437a5fb,NHPC,same reference number on two records,GEM/2026/B/7379701
HIGH,POSSIBLE_DUPLICATE,459ecafc7bbb,NHPC,same reference number on two records,GEM/2026/B/7394758
HIGH,POSSIBLE_DUPLICATE,bf2fab922d51,NHPC,same reference number on two records,GEM/2026/B/7423836
HIGH,POSSIBLE_DUPLICATE,288250e5145c,NHPC,same reference number on two records,GEM/2026/B/7450977
HIGH,POSSIBLE_DUPLICATE,3dc865d55fd7,NHPC,same reference number on two records,GEM/2026/B/7431784
HIGH,POSSIBLE_DUPLICATE,406721da27e7,NHPC,same reference number on two records,GEM/2026/B/7490737
HIGH,POSSIBLE_DUPLICATE,b39d5f4f10da,NHPC,same reference number on two records,NH/CPS-1/PNC/W-1629/2026-27/17DATED30/04/2026
HIGH,POSSIBLE_DUPLICATE,53e700399e2f,NHPC,same reference number on two records,NH/CPS-1/PC/W-1591/2026-27/16DATED29/04/2026
HIGH,POSSIBLE_DUPLICATE,0706ccb1e6da,NHPC,same reference number on two records,2026NHPC9069651
HIGH,POSSIBLE_DUPLICATE,2aaa1df37acc,NHPC,same reference number on two records,NH/PPS-III/NIT/PR11925/239/1/29DATED29042026
HIGH,POSSIBLE_DUPLICATE,5264f567d02f,NHPC,same reference number on two records,NH/CPS-1/PC/W-1625/2026-27/15DATED29/04/2026
HIGH,POSSIBLE_DUPLICATE,0c2e58d8f63f,NHPC,same reference number on two records,NH/PPS-III/NIT/PR11925/198/1/27DATED29042026
HIGH,POSSIBLE_DUPLICATE,47e4ceb8896f,NHPC,same reference number on two records,-1104O
HIGH,POSSIBLE_DUPLICATE,e983634bcf88,NHPC,same reference number on two records,GEM/2026/B/7340428
HIGH,POSSIBLE_DUPLICATE,b3a1b0d354cd,NHPC,same reference number on two records,2026NHPC9068571
HIGH,POSSIBLE_DUPLICATE,80517b01e22a,NHPC,same reference number on two records,NH/UPS/PCS/C-144/NIQ-120/486DATED27042026
HIGH,POSSIBLE_DUPLICATE,a3923767a258,NHPC,same reference number on two records,NH/CPS-1/PC/W-1626/2026-27/14DATED28/04/2026
HIGH,POSSIBLE_DUPLICATE,a46df33cf295,NHPC,same reference number on two records,GEM/2026/B/7454726
HIGH,POSSIBLE_DUPLICATE,76c19e0cef6a,NHPC,same reference number on two records,GEM/2026/B/7421578
HIGH,POSSIBLE_DUPLICATE,862e30f0aea7,NHPC,same reference number on two records,2026NHPC9065741
HIGH,POSSIBLE_DUPLICATE,c4725e4c830a,NHPC,same reference number on two records,GEM/2026/B/7459290
HIGH,POSSIBLE_DUPLICATE,b8c9dda406bd,NHPC,same reference number on two records,GEM/2026/B/7420103
HIGH,POSSIBLE_DUPLICATE,1e56b0b4703d,NHPC,same reference number on two records,2026NHPC9066791
HIGH,POSSIBLE_DUPLICATE,ca17875dc412,NHPC,same reference number on two records,2026NHPC9066971
HIGH,POSSIBLE_DUPLICATE,256509a3aa5a,NHPC,same reference number on two records,NH/SLP/CONT/2026/C-03/NIT/691
HIGH,POSSIBLE_DUPLICATE,7b8a82213bff,NHPC,same reference number on two records,NH/CPS-1/PC/W-1623/2026-27/13DATED27/04/2026
HIGH,POSSIBLE_DUPLICATE,5629beb06b7b,NHPC,same reference number on two records,2026NHPC9066081
HIGH,POSSIBLE_DUPLICATE,003a5a44fff7,NHPC,same reference number on two records,BIDNUMBERGEM/2026/B/7440016DATED17-04-2026
HIGH,POSSIBLE_DUPLICATE,0b19fca9a583,NHPC,same reference number on two records,NH/CPS-1/PC/W-1627/2026-27/66DATED27/04/2026
HIGH,POSSIBLE_DUPLICATE,336bce977e49,NHPC,same reference number on two records,NH/KG/PNC/DAM/PKG-586/2026
HIGH,POSSIBLE_DUPLICATE,d5d7aab5ba42,NHPC,same reference number on two records,GEM/2026/B/7392306
HIGH,POSSIBLE_DUPLICATE,a59248c9dbf5,NHPC,same reference number on two records,GEM/2026/B/7443199
HIGH,POSSIBLE_DUPLICATE,8cd6e45d844f,NHPC,same reference number on two records,NH/CPS-1/PNC/W-1613/2026-27/12DATED25/04/2026
HIGH,POSSIBLE_DUPLICATE,68c88ab677c8,NHPC,same reference number on two records,NH/CPS-1/PNC/W-1628/2026-27/65DATED25/04/2026
HIGH,POSSIBLE_DUPLICATE,2e2eae68cc81,NHPC,same reference number on two records,BIDNUMBERGEM/2026/B/7465862DATED24-04-2026
HIGH,POSSIBLE_DUPLICATE,0e6c0ac056b7,NHPC,same reference number on two records,GEM/2026/B/7458446
HIGH,POSSIBLE_DUPLICATE,4c1c7ab7a7d6,NHPC,same reference number on two records,NH/CPS-1/PC/W-1622/2026-27/11DATED23/04/2026
HIGH,POSSIBLE_DUPLICATE,823922a9373b,NHPC,same reference number on two records,GEMBIDGEM/2026/B/7425545
HIGH,POSSIBLE_DUPLICATE,189ccb5e3327,NHPC,same reference number on two records,GEM/2026/B/7396454
HIGH,POSSIBLE_DUPLICATE,a1a1d83c2705,NHPC,same reference number on two records,GEM/2026/B/7403474
HIGH,POSSIBLE_DUPLICATE,311c2f801612,NHPC,same reference number on two records,2026NHPC9060621
HIGH,POSSIBLE_DUPLICATE,e0288cb671bd,NHPC,same reference number on two records,NH/TLD-IVPS/PC/W-953/2026/2225DATED21/04/2026
HIGH,POSSIBLE_DUPLICATE,26e831f8ad7e,NHPC,same reference number on two records,2026NHPC9059821
HIGH,POSSIBLE_DUPLICATE,d4321837bf10,NHPC,same reference number on two records,NH/TSV/CONT/CC-372/NIT-1077/2026-27/22DATEDDATED20/04/2026TENDERID2026NHPC9059161
HIGH,POSSIBLE_DUPLICATE,26d38a89ad84,NHPC,same reference number on two records,NH/RO-SLG/PAMPC/NIT-01/2026-2027/01DATED18/04/2026
HIGH,POSSIBLE_DUPLICATE,6ea020176a6b,NHPC,same reference number on two records,GEM/2026/B/7435705
HIGH,POSSIBLE_DUPLICATE,1a6733210a13,NHPC,same reference number on two records,GEM/2026/B/7435136
HIGH,POSSIBLE_DUPLICATE,6d4d3da0b5b9,NHPC,same reference number on two records,NH/CPS-1/PC/W-1618/2026-27/09DATED18/04/2026
HIGH,POSSIBLE_DUPLICATE,950189d4dae7,NHPC,same reference number on two records,GEM/2026/B/7394910
HIGH,POSSIBLE_DUPLICATE,ba1552aebed2,NHPC,same reference number on two records,-1103O
HIGH,POSSIBLE_DUPLICATE,1698a6b50b5f,NHPC,same reference number on two records,GEM/2026/B/7424585
HIGH,POSSIBLE_DUPLICATE,7a6b4c342cac,NHPC,same reference number on two records,GEM/2026/B/7410472
HIGH,POSSIBLE_DUPLICATE,97cfa248af53,NHPC,same reference number on two records,GEM/2026/B/7419709
HIGH,POSSIBLE_DUPLICATE,9689064847c5,NHPC,same reference number on two records,GEM/2026/B/7427977DATED16-04-2026
HIGH,POSSIBLE_DUPLICATE,ed862587f7dc,NHPC,same reference number on two records,NH/CPS-1/PC/W-1610/2026-27/10DATED07/04/2026
HIGH,POSSIBLE_DUPLICATE,e2c3727cc338,NHPC,same reference number on two records,GEM/2026/B/7389535
HIGH,POSSIBLE_DUPLICATE,3694f15c6c3c,NHPC,same reference number on two records,GEM/2026/B/7399960
HIGH,POSSIBLE_DUPLICATE,3322abadbdbe,NHPC,same reference number on two records,GEM/2026/B/7418361
HIGH,POSSIBLE_DUPLICATE,1178dd5fc2ee,NHPC,same reference number on two records,NH/SPS/CD/NIT-115/2025-26/1139-482026NHPC9033261
HIGH,POSSIBLE_DUPLICATE,464d1ef90738,NHPC,same reference number on two records,NH/TLD-IVPS/PC/W-949/2026/2216DATED15/04/2026
HIGH,POSSIBLE_DUPLICATE,02164c50f548,NHPC,same reference number on two records,GEM/2026/B/7316212
HIGH,POSSIBLE_DUPLICATE,c3691393448d,NHPC,same reference number on two records,-1102O
HIGH,POSSIBLE_DUPLICATE,86679eaea1d1,NHPC,same reference number on two records,NH/TSV/CONT/CC-371/NIT-1076/2026-27/19DATED15/04/2026ANDE-TENDERID2026NHPC9053821
HIGH,POSSIBLE_DUPLICATE,82b95b80b7e0,NHPC,same reference number on two records,GEM/2026/B/7413270
HIGH,POSSIBLE_DUPLICATE,26d58eda369b,NHPC,same reference number on two records,GEM/2026/B/7428086
HIGH,POSSIBLE_DUPLICATE,39c62306caa2,NHPC,same reference number on two records,NONH/TSV/CONT/EC-177/NIT-1075/2026-27/14DATED11/04/2026GEMTENDERIDNO2026NHPC9052451
HIGH,POSSIBLE_DUPLICATE,ed36dcb1516d,NHPC,same reference number on two records,GEM/2026/B/7396643
HIGH,POSSIBLE_DUPLICATE,c6434dc1f956,NHPC,same reference number on two records,NH/DG/CONTRACT/1090/2025-26/05
HIGH,POSSIBLE_DUPLICATE,a80e77aac43c,NHPC,same reference number on two records,NH/CPS-1/PNC/W-1617/2026-27/23DATED10/04/2026
HIGH,POSSIBLE_DUPLICATE,73be6f780dcf,NHPC,same reference number on two records,NH-RPS-PH013/4/2026-PH/10
HIGH,POSSIBLE_DUPLICATE,7f2702ac5fbc,NHPC,same reference number on two records,NH/TLD-IVPS/PC/W-947/2025/2213DATE09/04/2026
HIGH,POSSIBLE_DUPLICATE,cd437e7ab5dc,NHPC,same reference number on two records,NH/CCW/CC-II/CO-458/PR10025/448
HIGH,POSSIBLE_DUPLICATE,e147025efaea,NHPC,same reference number on two records,NH/CPS-1/PC/W-1619/2026-27/05DATED06/04/2026
HIGH,POSSIBLE_DUPLICATE,5e9d6b6f3af0,NHPC,same reference number on two records,GEM/2026/B/7413907DATED09-04-2026
HIGH,POSSIBLE_DUPLICATE,e612559633e3,NHPC,same reference number on two records,NH/UPS/PCS/C-147/NIQ-121/488DATED07042026
HIGH,POSSIBLE_DUPLICATE,74936fe379f7,NHPC,same reference number on two records,NH/UPS/PCS/C-146/NIQ-120/486DATED04042026
HIGH,POSSIBLE_DUPLICATE,22c976a3ef5c,NHPC,same reference number on two records,NH/CCW/CC-II/CO-457/PR60825/2
HIGH,POSSIBLE_DUPLICATE,e22a6602e5dd,NHPC,same reference number on two records,NH/CPS-II/CONT/EFILE-162084/202526/28DATED07/04/2026
HIGH,POSSIBLE_DUPLICATE,afdac79602ca,NHPC,same reference number on two records,-1101O
HIGH,POSSIBLE_DUPLICATE,fcbe2f65a0d3,NHPC,same reference number on two records,NH/TEESTA-VI/PC/NIT-38/2026/903
HIGH,POSSIBLE_DUPLICATE,3fc402df2566,NHPC,same reference number on two records,NH/CCW/CC-II/CO-456/PR10025/450
HIGH,POSSIBLE_DUPLICATE,bd98f7817d27,NHPC,same reference number on two records,NH/SPS/PC/NIT-215/2026-2027/01-10
HIGH,POSSIBLE_DUPLICATE,0d35fb5c1495,NHPC,same reference number on two records,BIDNUMBERGEM/2026/B/7394274DATED06-04-2026
HIGH,POSSIBLE_DUPLICATE,af315766d1f8,NHPC,same reference number on two records,BIDNUMBERGEM/2026/B/7392145DATED07-04-2026
HIGH,POSSIBLE_DUPLICATE,d4520446a593,NHPC,same reference number on two records,GEM/2026/B/7389944DATED07042026
HIGH,POSSIBLE_DUPLICATE,4d521106adb8,NHPC,same reference number on two records,GEM/2026/B/7315358DATED01-04-2026
HIGH,POSSIBLE_DUPLICATE,f61366f6f193,NHPC,same reference number on two records,GEM/2026/B/7402172DATED07-04-2026
HIGH,POSSIBLE_DUPLICATE,192243192c70,NHPC,same reference number on two records,GEM/2026/B/7377109DATED06-04-2026
HIGH,POSSIBLE_DUPLICATE,f36a96957b90,NHPC,same reference number on two records,NH/CPS-1/PC/W-1613/2026-27/04DATED04/04/2026
HIGH,POSSIBLE_DUPLICATE,bbf76f0d8f7e,NHPC,same reference number on two records,NH/TLD-IVPS/PC/W-950/2026/2207DATED04/04/2026
HIGH,POSSIBLE_DUPLICATE,ab14a5779858,NHPC,same reference number on two records,GEM/2026/B/7413846
HIGH,POSSIBLE_DUPLICATE,6f6c25c2a984,NHPC,same reference number on two records,GEM/2026/B/7385475DATED04-04-2026
HIGH,POSSIBLE_DUPLICATE,2bd924f70f62,NHPC,same reference number on two records,NH/CPS-II/CONT/EFILE-163974/202526/27DATED02/04/2026
HIGH,POSSIBLE_DUPLICATE,08fd3406809c,NHPC,same reference number on two records,GEM/2026/B/7400188DATED03-04-2026
HIGH,POSSIBLE_DUPLICATE,797680415001,NHPC,same reference number on two records,GEM/2026/B/7390157DATED03-04-2026
HIGH,POSSIBLE_DUPLICATE,e3b35d85f551,NHPC,same reference number on two records,NH/CPS-1/PC/W-1609/2026-27/03DATED03/04/2026
HIGH,POSSIBLE_DUPLICATE,d0dd14e737ca,NHPC,same reference number on two records,2026NHPC9043541
HIGH,POSSIBLE_DUPLICATE,77b184a5da7b,NHPC,same reference number on two records,NH/CPS-1/PC/W-1616/2026-27/02DATED02/04/2026
HIGH,POSSIBLE_DUPLICATE,4bc8aafbc492,NHPC,same reference number on two records,GEM/2025/B/7021020
HIGH,POSSIBLE_DUPLICATE,653f969aba11,NHPC,same reference number on two records,GEM/2026/B/7382823
HIGH,POSSIBLE_DUPLICATE,57eef1bdea50,NHPC,same reference number on two records,GEM/2026/B/7361113
HIGH,POSSIBLE_DUPLICATE,a382821e0f40,NHPC,same reference number on two records,NH/CPS-1/PC/W-1615/2026-27/01DATED01/04/2026
HIGH,POSSIBLE_DUPLICATE,d4bff84f0709,NHPC,same reference number on two records,NH/TLD-IVPS/PC/W-939/2026/2198DATED31/03/2026
HIGH,POSSIBLE_DUPLICATE,b9b53782d9b4,NHPC,same reference number on two records,GEM/2026/B/7291789DATED19-03-2026
HIGH,POSSIBLE_DUPLICATE,ce7d10089ad0,NHPC,same reference number on two records,NH/TSV/CONT/CC-366/NIT-1074/2025-26/466DATED30/03/2026GEMTENDERIDNO2026NHPC9041031
HIGH,POSSIBLE_DUPLICATE,2d46a4949913,NHPC,same reference number on two records,2026NHPC9040161
HIGH,POSSIBLE_DUPLICATE,811075c9c525,NHPC,same reference number on two records,2026NHPC9039951
HIGH,POSSIBLE_DUPLICATE,3bb1c558bb04,NHPC,same reference number on two records,NH/CPS-1/PC/W-1603/2025-26/558DATED24/03/2026
HIGH,POSSIBLE_DUPLICATE,e9757d45934e,NHPC,same reference number on two records,GEM/2026/B/7361172
HIGH,POSSIBLE_DUPLICATE,f9ee53a164f6,NHPC,same reference number on two records,GEM/2026/B/7353343
HIGH,POSSIBLE_DUPLICATE,cab0c83b7c1a,NHPC,same reference number on two records,GEM/2026/B/7358628
HIGH,POSSIBLE_DUPLICATE,70f65121d8d7,NHPC,same reference number on two records,NH/TLD-IVPS/PC/W-948/2026/2185DATED25/03/2026
HIGH,POSSIBLE_DUPLICATE,43f3ac030626,NHPC,same reference number on two records,NH/TLD-IVPS/PC/W-947/2026/2182DATED17/03/2026
HIGH,POSSIBLE_DUPLICATE,109cdd67a426,NHPC,same reference number on two records,GEM/2026/B/7173655DT-23032026
HIGH,POSSIBLE_DUPLICATE,4259ef257c9f,NHPC,same reference number on two records,GEM/2026/B/7327082
HIGH,POSSIBLE_DUPLICATE,a9bb8b1f0888,NHPC,same reference number on two records,GEM/2026/B/7345121
HIGH,POSSIBLE_DUPLICATE,13f603a9e9cc,NHPC,same reference number on two records,NH/PPS-III/NIT/PR11925/117/1/299DATED24/03/2026
HIGH,POSSIBLE_DUPLICATE,fee8cbb8ef71,NHPC,same reference number on two records,2026NHPC9033951
HIGH,POSSIBLE_DUPLICATE,cfae566415e1,NHPC,same reference number on two records,NH/DG/CONTRACT/1087/2025-26/102
HIGH,POSSIBLE_DUPLICATE,236de44463ae,NHPC,same reference number on two records,NH/DG/CONTRACT/1085/2025-26/103
HIGH,POSSIBLE_DUPLICATE,6c78cc2d6607,NHPC,same reference number on two records,NH-RPS-CTS01211/1/2026-CIVILTS/234
HIGH,POSSIBLE_DUPLICATE,6b2443bbe65b,NHPC,same reference number on two records,NH/CCW/CC-II/CO-354/PR10025/206
HIGH,POSSIBLE_DUPLICATE,10ccfe2d5750,NHPC,same reference number on two records,NH/CPS-1/PC/W-1614/2025-26/554DATED19/03/2026
HIGH,POSSIBLE_DUPLICATE,133cd05f3195,NHPC,same reference number on two records,-1100O
HIGH,POSSIBLE_DUPLICATE,93bde816b501,NHPC,same reference number on two records,NH/CPS-1/PC/W-1612/2025-26/550DATED17/03/2026
HIGH,POSSIBLE_DUPLICATE,8d34e5a069fc,NHPC,same reference number on two records,NH/CPS-1/PC/W-1543/2025-26/549DATED17/03/2026
HIGH,POSSIBLE_DUPLICATE,0a232c08ccf6,NHPC,same reference number on two records,2026NHPC9027071
HIGH,POSSIBLE_DUPLICATE,d6b5b3155de8,NHPC,same reference number on two records,-1099O
HIGH,POSSIBLE_DUPLICATE,33216a87eb26,NHPC,same reference number on two records,2026NHPC9018361
HIGH,POSSIBLE_DUPLICATE,d8b217718623,NHPC,same reference number on two records,2026NHPC9025901
HIGH,POSSIBLE_DUPLICATE,f85b29b9be72,NHPC,same reference number on two records,GEM/2026/B/7241288
HIGH,POSSIBLE_DUPLICATE,9023831eabe6,NHPC,same reference number on two records,NH/TSV/CONT/CC-369/NIT-1073/2025-26/444DATED13/03/2026ANDE-TENDERID2026NHPC9024021
HIGH,POSSIBLE_DUPLICATE,4ece549f483d,NHPC,same reference number on two records,2026NHPC9019261
HIGH,POSSIBLE_DUPLICATE,5a4d9c022141,NHPC,same reference number on two records,GEM/2026/B/7314112
HIGH,POSSIBLE_DUPLICATE,16719473ffd6,NHPC,same reference number on two records,GEM/2026/B/7216582
HIGH,POSSIBLE_DUPLICATE,39447e7e5096,NHPC,same reference number on two records,GEM/2026/B/7267460
HIGH,POSSIBLE_DUPLICATE,5e2dfe770008,NHPC,same reference number on two records,NH/CPS-II/CONT/E-163175/2025-26/26
HIGH,POSSIBLE_DUPLICATE,a25cf51f694a,NHPC,same reference number on two records,GEM/2026/B/7186897
HIGH,POSSIBLE_DUPLICATE,7efbb92d52f4,NHPC,same reference number on two records,GEM/2026/B/7324449
HIGH,POSSIBLE_DUPLICATE,ae59dd99c922,NHPC,same reference number on two records,GEM/2026/B/7186094
HIGH,POSSIBLE_DUPLICATE,43a0a901d2f5,NHPC,same reference number on two records,NH/DG/CONTRACT/1091/2025-26/95
HIGH,POSSIBLE_DUPLICATE,43836d130d64,NHPC,same reference number on two records,GEM/2026/B/7216933
HIGH,POSSIBLE_DUPLICATE,5e7dadc856a8,NHPC,same reference number on two records,GEM/2026/B/7333225DATED10032026
HIGH,POSSIBLE_DUPLICATE,5ac4b3fd9098,NHPC,same reference number on two records,GEM/2026/B/7316132
HIGH,POSSIBLE_DUPLICATE,706fca2eb6f6,NHPC,same reference number on two records,GEM/2026/B/7304199
HIGH,POSSIBLE_DUPLICATE,fb84635eb331,NHPC,same reference number on two records,GEM/2026/B/7276493
HIGH,POSSIBLE_DUPLICATE,eb32cff83a6d,NHPC,same reference number on two records,GEM/2026/B/7312138
HIGH,POSSIBLE_DUPLICATE,dfcc75fba7b6,NHPC,same reference number on two records,NH/DG/CONTRACT/1089/2025-26/94
HIGH,POSSIBLE_DUPLICATE,9d4d62eca5ce,NHPC,same reference number on two records,GEM/2026/B/7283675
HIGH,POSSIBLE_DUPLICATE,6e2487b66bcb,NHPC,same reference number on two records,GEM/2026/B/7178868
HIGH,POSSIBLE_DUPLICATE,cb0d4e86bc73,NHPC,same reference number on two records,2026NHPC9016801
HIGH,POSSIBLE_DUPLICATE,b9b0a9874ba2,NHPC,same reference number on two records,GEM/2026/B/7264708
HIGH,POSSIBLE_DUPLICATE,b821c3d85d31,NHPC,same reference number on two records,NH/DG/CONTRACT/1086/2025-26/93
HIGH,POSSIBLE_DUPLICATE,e1dc9e77db59,NHPC,same reference number on two records,GEM/2026/B/7290628
HIGH,POSSIBLE_DUPLICATE,82dbead8182b,NHPC,same reference number on two records,2026NHPC9014431
HIGH,POSSIBLE_DUPLICATE,26f91fe3cacf,NHPC,same reference number on two records,GEM/2026/B/7241913
HIGH,POSSIBLE_DUPLICATE,a0256c0abb8c,NHPC,same reference number on two records,NH/PPS-III/NIT/PR11925/274/1/278DATED06032026
HIGH,POSSIBLE_DUPLICATE,76595d8c65d5,NHPC,same reference number on two records,2026NHPC9014321
HIGH,POSSIBLE_DUPLICATE,d452c1361bd3,NHPC,same reference number on two records,GEM/2026/B/7070311
HIGH,POSSIBLE_DUPLICATE,19e39efebaaa,NHPC,same reference number on two records,NH/CPS-1/PC/W-1552/2025-26/530DATED05/03/2026
HIGH,POSSIBLE_DUPLICATE,2f631c982df2,NHPC,same reference number on two records,GEM/2026/B/7247691
HIGH,POSSIBLE_DUPLICATE,6a7a4979dbe9,NHPC,same reference number on two records,GEM/2026/B/7245230
HIGH,POSSIBLE_DUPLICATE,f70767d11e9c,NHPC,same reference number on two records,2026NHPC9010191
HIGH,POSSIBLE_DUPLICATE,0d5645b52c7c,NHPC,same reference number on two records,NH/SPS/CD/NIT-116/2025-26/1099-1108TENDERID2026NHPC9007811
HIGH,POSSIBLE_DUPLICATE,22f8340c5f72,NHPC,same reference number on two records,NHCWCCC-IICO-452PR10025387
HIGH,POSSIBLE_DUPLICATE,21922de4e778,NHPC,same reference number on two records,GEM/2026/B/7246761
HIGH,POSSIBLE_DUPLICATE,201018bdb643,NHPC,same reference number on two records,2026NHPC9008231
HIGH,POSSIBLE_DUPLICATE,1671ed0f1add,NHPC,same reference number on two records,2026NHPC9008821
HIGH,POSSIBLE_DUPLICATE,5d12797f4881,NHPC,same reference number on two records,NH/DG/CONTRACT/1084/2025-26/92
HIGH,POSSIBLE_DUPLICATE,2e41d5dde2fb,NHPC,same reference number on two records,GEM/2026/B/7225678
HIGH,POSSIBLE_DUPLICATE,92081f014e8c,NHPC,same reference number on two records,GEM/2026/B/7101102DATED28-02-2026
HIGH,POSSIBLE_DUPLICATE,a62115f8867b,NHPC,same reference number on two records,GEM/2026/B/7233496
HIGH,POSSIBLE_DUPLICATE,f2c84ef7d35b,NHPC,same reference number on two records,GEM/2026/B/7169779
HIGH,POSSIBLE_DUPLICATE,e9d12fa68551,NHPC,same reference number on two records,NH/SLP/CONT/25-C-05/26/NIT/675
HIGH,POSSIBLE_DUPLICATE,e4c3ad768617,NHPC,same reference number on two records,NH/CCW/CC-II/CO-451/PR10025/383
HIGH,POSSIBLE_DUPLICATE,9d2808a7141a,NHPC,same reference number on two records,GEM/2026/B/7168814DATED26-02-2026
HIGH,POSSIBLE_DUPLICATE,52db523e21ac,NHPC,same reference number on two records,GEM/2026/B/7160242
HIGH,POSSIBLE_DUPLICATE,08a495395624,NHPC,same reference number on two records,NH/CPS-1/PC/W-1611/2025-26/524DATED25/02/2026
HIGH,POSSIBLE_DUPLICATE,d3c9b16b2b8a,NHPC,same reference number on two records,GEM/2026/B/7225967
HIGH,POSSIBLE_DUPLICATE,37e151471583,NHPC,same reference number on two records,NH/CCW/CC-II/CO-450/PR10025/369
HIGH,POSSIBLE_DUPLICATE,dd9bd68f0912,NHPC,same reference number on two records,GEM/2026/B/7247877
HIGH,POSSIBLE_DUPLICATE,fa508a0646ec,NHPC,same reference number on two records,GEM/2026/B/7144879
HIGH,POSSIBLE_DUPLICATE,7ef062ee69e4,NHPC,same reference number on two records,GEM/2026/B/7197505
HIGH,POSSIBLE_DUPLICATE,3cc3a66ef1ab,NHPC,same reference number on two records,NH/SLP/CONT/2026/C-01/NIT/674
HIGH,POSSIBLE_DUPLICATE,68fe139cc1b9,NHPC,same reference number on two records,NH/SEWA-II/CONTRACTS/CSR-711/2025-26/NIT-12/208/DATED20022026
HIGH,POSSIBLE_DUPLICATE,355534736817,NHPC,same reference number on two records,2026NHPC8995441
HIGH,POSSIBLE_DUPLICATE,551619a3aca6,NHPC,same reference number on two records,NH/CPS-1/PC/W-1608/2025-26/493DATE05/02/2026
HIGH,POSSIBLE_DUPLICATE,0aabd37223f4,NHPC,same reference number on two records,GEM/2026/B/7233849DATED19-02-2026
HIGH,POSSIBLE_DUPLICATE,7bb2cbb400cc,NHPC,same reference number on two records,GEM/2026/B/7241074
HIGH,POSSIBLE_DUPLICATE,f6d6c00af59b,NHPC,same reference number on two records,NH-RPS-CTS01112/1/2025-CIVILTS/217
HIGH,POSSIBLE_DUPLICATE,31999113c4ad,NHPC,same reference number on two records,2026NHPC8984541
HIGH,POSSIBLE_DUPLICATE,7dce37dbc571,NHPC,same reference number on two records,NH/TSV/CONT/EC-174/NIT-1070/2025-26/422DATED18/02/2026GEMIDGEM/2026/B/7254952
HIGH,POSSIBLE_DUPLICATE,f31dd7e157b2,NHPC,same reference number on two records,GEM/2026/B/7152950
HIGH,POSSIBLE_DUPLICATE,bd0549b05307,NHPC,same reference number on two records,GEM/2026/B/7236756
HIGH,POSSIBLE_DUPLICATE,fb663e54e190,NHPC,same reference number on two records,GEMBIDNOGEM/2026/B/7255081
HIGH,POSSIBLE_DUPLICATE,779d02a5035c,NHPC,same reference number on two records,GEM/2026/B/7195286
HIGH,POSSIBLE_DUPLICATE,eb3f2ff526eb,NHPC,same reference number on two records,GEM/2026/B/7169073
HIGH,POSSIBLE_DUPLICATE,ce387965d590,NHPC,same reference number on two records,GEM/2026/B/7147899
HIGH,POSSIBLE_DUPLICATE,930ab113d838,NHPC,same reference number on two records,GEM/2026/B/7190557
HIGH,POSSIBLE_DUPLICATE,8027de48da41,NHPC,same reference number on two records,GEMBIDNOGEM/2026/B/7250289
HIGH,POSSIBLE_DUPLICATE,53a0d75095ff,NHPC,same reference number on two records,NH/TSV/CONT/CC-370/NIT-1069/2025-26/420DATED17/02/2026ANDGEMBIDNOGEM/2026/B/7249095
HIGH,POSSIBLE_DUPLICATE,afc2f4edfaf6,NHPC,same reference number on two records,NH/CPS-II/CONT/E-146705/2025-26/19DATE16022026
HIGH,POSSIBLE_DUPLICATE,f8573ac97c0e,NHPC,same reference number on two records,2026NHPC8987031
HIGH,POSSIBLE_DUPLICATE,75c9b2984399,NHPC,same reference number on two records,GEMBIDNOGEM/2026/B/7247492
HIGH,POSSIBLE_DUPLICATE,a64641986e78,NHPC,same reference number on two records,GEM/2026/B/7197756
HIGH,POSSIBLE_DUPLICATE,ceb899328e9b,NHPC,same reference number on two records,GEM/2026/B/7218667
HIGH,POSSIBLE_DUPLICATE,99208f480e79,NHPC,same reference number on two records,GEM/2025/B/7021061
HIGH,POSSIBLE_DUPLICATE,878aa7f46a87,NHPC,same reference number on two records,NH/UPS/PCS/C-129/NIQ-117/452DATED12022026
HIGH,POSSIBLE_DUPLICATE,6642268d15cf,NHPC,same reference number on two records,NH/UPS/PCS/C-121R/NIQ-118/453DATED13022026
HIGH,POSSIBLE_DUPLICATE,094fd0ba0a74,NHPC,same reference number on two records,NH/CPS-II/CONT/EFILE-156112/2025-26/18
HIGH,POSSIBLE_DUPLICATE,f946ac5b1708,NHPC,same reference number on two records,2026NHPC8984291
HIGH,POSSIBLE_DUPLICATE,9b86e1e31370,NHPC,same reference number on two records,2026NHPC8960051
HIGH,POSSIBLE_DUPLICATE,e923aeca3b0a,NHPC,same reference number on two records,NH/CPS-1/PC/W-1605/2025-26/509DATED14/02/2026
HIGH,POSSIBLE_DUPLICATE,0f994e3fa5b8,NHPC,same reference number on two records,GEM/2026/B/7218330DATED14-02-2026
HIGH,POSSIBLE_DUPLICATE,1c243fc6b2a3,NHPC,same reference number on two records,GEM/2026/B/7137504
HIGH,POSSIBLE_DUPLICATE,7d950d7f247f,NHPC,same reference number on two records,NH/TLD-IVPS/PC/W-945/2026/2166DATE13/02/2026
HIGH,POSSIBLE_DUPLICATE,3cb5908366da,NHPC,same reference number on two records,NH/BSPS/CC/CW/78/2025-26/605
HIGH,POSSIBLE_DUPLICATE,4e9bde6dec3b,NHPC,same reference number on two records,2026NHPC8983421
HIGH,POSSIBLE_DUPLICATE,5fe59d36b0f8,NHPC,same reference number on two records,NH/TLD-IVPS/PC/W-939/2025/2165DATE12/02/2026
HIGH,POSSIBLE_DUPLICATE,3ac87ffdbf24,NHPC,same reference number on two records,NH/TLD-IVPS/PC/W-934/2025/2162DATE11/02/2026
HIGH,POSSIBLE_DUPLICATE,df103460e0bf,NHPC,same reference number on two records,NH/TLD-IVPS/PC/W-944/2026/2160DATED11/02/2026
HIGH,POSSIBLE_DUPLICATE,e79a4fb3ca97,NHPC,same reference number on two records,NH/UPS/PCS/C-136/NIQ-116/449DATED12022026
HIGH,POSSIBLE_DUPLICATE,56f014d0aa66,NHPC,same reference number on two records,GEM/2026/B/7184707
HIGH,POSSIBLE_DUPLICATE,bd5af6aa6390,NHPC,same reference number on two records,GEM/2026/B/7207525
HIGH,POSSIBLE_DUPLICATE,8c73c8d608c6,NHPC,same reference number on two records,NH/UPS/PCS/C-135/NIQ-115/447DATED11022026
HIGH,POSSIBLE_DUPLICATE,9a2bdf7d56e7,NHPC,same reference number on two records,NH/PPS-III/NIT/PR11925/249/1/259DATED11022026
HIGH,POSSIBLE_DUPLICATE,6e13b58cf3a8,NHPC,same reference number on two records,NH/PPS-III/NIT/PR11925/232/1/258DATED11022026
HIGH,POSSIBLE_DUPLICATE,c2263d258daa,NHPC,same reference number on two records,2026NHPC8978941
HIGH,POSSIBLE_DUPLICATE,9b342c38e186,NHPC,same reference number on two records,NH-RPS-PH01212/1/2026-PH/213
HIGH,POSSIBLE_DUPLICATE,d48d2444b975,NHPC,same reference number on two records,NH/UPS/PCS/C-126/NIQ-114/439DATED10022026
HIGH,POSSIBLE_DUPLICATE,bc444999e2cb,NHPC,same reference number on two records,GEMBIDNOGEM/2026/B/7219496
HIGH,POSSIBLE_DUPLICATE,50979efc1175,NHPC,same reference number on two records,GEM/2026/B/7135819
HIGH,POSSIBLE_DUPLICATE,c4afc128e548,NHPC,same reference number on two records,NH/PPS-III/NIT/PR11925/255/1/257DATED10022026
HIGH,POSSIBLE_DUPLICATE,76074e8c6ac0,NHPC,same reference number on two records,2026NHPC8975221
HIGH,POSSIBLE_DUPLICATE,8be3a4cd6c0a,NHPC,same reference number on two records,NH/DG/CONTRACT/1080/2025-26/86
HIGH,POSSIBLE_DUPLICATE,59afe5e18886,NHPC,same reference number on two records,2026NHPC8966351
HIGH,POSSIBLE_DUPLICATE,3da36d4f26ca,NHPC,same reference number on two records,NH/TEESTA-VI/PC/NIT-42/2026/888
HIGH,POSSIBLE_DUPLICATE,cc3fb1cf5440,NHPC,same reference number on two records,NH/TSV/CONT/CC-366/NIT-1066/2025-26/414DATED09/02/2026GEMTENDERIDNO2026NHPC8976471
HIGH,POSSIBLE_DUPLICATE,2a6e77d9467e,NHPC,same reference number on two records,NH/TEESTA-VI/PC/NIT-40/2025/887
HIGH,POSSIBLE_DUPLICATE,324086b25f7e,NHPC,same reference number on two records,GEM/2026/B/7187428
HIGH,POSSIBLE_DUPLICATE,0a488c045ae3,NHPC,same reference number on two records,NH/TSV/CONT/CC-368/NIT-1067/2025-26/416DATED10/02/2026ANDE-TENDERID2026NHPC8978281
HIGH,POSSIBLE_DUPLICATE,d4e14c95bc21,NHPC,same reference number on two records,2026NHPC8976201
HIGH,POSSIBLE_DUPLICATE,4aba68f7be88,NHPC,same reference number on two records,GEM/2026/B/7197933
HIGH,POSSIBLE_DUPLICATE,17756af5e6a7,NHPC,same reference number on two records,GEM/2026/B/7152457DATED-07022026
HIGH,POSSIBLE_DUPLICATE,4e6677ff1b44,NHPC,same reference number on two records,NH/BSPS/CC/CW/68/2025-26/592
HIGH,POSSIBLE_DUPLICATE,fc751fa2adb9,NHPC,same reference number on two records,NH/BSPS/CC/CW/70/2025-26/591
HIGH,POSSIBLE_DUPLICATE,30b34249481f,NHPC,same reference number on two records,NH/DG/CONTRACT/1079/2025-26/84
HIGH,POSSIBLE_DUPLICATE,4c19cb7d2d45,NHPC,same reference number on two records,GEM/2026/B/7117844
HIGH,POSSIBLE_DUPLICATE,9c2393134d6b,NHPC,same reference number on two records,GEM/2026/B/7163288
HIGH,POSSIBLE_DUPLICATE,1e876c798f4e,NHPC,same reference number on two records,2026NHPC8975421
HIGH,POSSIBLE_DUPLICATE,09c7ba75a438,NHPC,same reference number on two records,2026NHPC8973831
HIGH,POSSIBLE_DUPLICATE,85b35c8f7715,NHPC,same reference number on two records,2026NHPC8973901
HIGH,POSSIBLE_DUPLICATE,ab0bd243b7fd,NHPC,same reference number on two records,NH/DG/CONTRACT/1081/2025-26/83DATED06022026
HIGH,POSSIBLE_DUPLICATE,657680607dd4,NHPC,same reference number on two records,NH/CCW/CCII/CO-444/PR10025/384
HIGH,POSSIBLE_DUPLICATE,271216dcde6d,NHPC,same reference number on two records,NH/DPS/CONT/NIT-258/2025/E160252DATED05022026
HIGH,POSSIBLE_DUPLICATE,9b4ab0d8ce22,NHPC,same reference number on two records,NH/TEESTA-VI/PAMPAMPC/NIT-39/2026/885
HIGH,POSSIBLE_DUPLICATE,906cd27697be,NHPC,same reference number on two records,NH/DG/CONTRACT/1076/2025-26/82
HIGH,POSSIBLE_DUPLICATE,77e00fa824e8,NHPC,same reference number on two records,NH/CPS-1/PC/W-1607/2025-26/492DATED04/02/2026
HIGH,POSSIBLE_DUPLICATE,48d1b4ef1988,NHPC,same reference number on two records,NH/TEESTA-VI/PAMPC/NIT-41/2026/883
HIGH,POSSIBLE_DUPLICATE,96e65950a507,NHPC,same reference number on two records,NH/PPS-III/NIT/PR11925/246/1/236DATED02022026
HIGH,POSSIBLE_DUPLICATE,c1c381303f74,NHPC,same reference number on two records,NH/DG/CONTRACT/1083/2025-26/81
HIGH,POSSIBLE_DUPLICATE,533d8fe5a6cf,NHPC,same reference number on two records,GEM/2026/B/7160506
HIGH,POSSIBLE_DUPLICATE,2c0f9f1be9bd,NHPC,same reference number on two records,NH/DG/CONTRACT/1082/2025-26/80
HIGH,POSSIBLE_DUPLICATE,190d447ed497,NHPC,same reference number on two records,NH/TSV/CONT/MC-148/NIT-1065/2025-26/395DATED31/01/2026ANDE-TENDERID2026NHPC8964201
HIGH,POSSIBLE_DUPLICATE,81c348e97ed3,NHPC,same reference number on two records,GEM/2026/B/7122343
HIGH,POSSIBLE_DUPLICATE,ae10b57e537f,NHPC,same reference number on two records,NH/CPS-1/PC/W-1604/2025-26/483DATED31/01/2026
HIGH,POSSIBLE_DUPLICATE,a71582a1b777,NHPC,same reference number on two records,GEM/2025/B/7056322
HIGH,POSSIBLE_DUPLICATE,3894f3e5f0e3,NHPC,same reference number on two records,GEM/2026/B/7100889
HIGH,POSSIBLE_DUPLICATE,76dcc0afe14f,NHPC,same reference number on two records,NH/CPS-1/PC/W-1603/2025-26/482DATED30/01/2026
HIGH,POSSIBLE_DUPLICATE,52e3c627e90b,NHPC,same reference number on two records,NH/SIANGLOWER/NIT/2026/02
HIGH,POSSIBLE_DUPLICATE,27e9b3e877b7,NHPC,same reference number on two records,GEM/2026/B/7100941
HIGH,POSSIBLE_DUPLICATE,1b3d479d1cf2,NHPC,same reference number on two records,NH/DG/CONTRACT/1078/2025-26/79
HIGH,POSSIBLE_DUPLICATE,6d50d5c3e98d,NHPC,same reference number on two records,NH/SIANGLOWER/NIT/2026/01
HIGH,POSSIBLE_DUPLICATE,84415dc99722,NHPC,same reference number on two records,NH/ROSLG/PR15325/87/05DATED28/01/2026
HIGH,POSSIBLE_DUPLICATE,fe97359f50d0,NHPC,same reference number on two records,GEM/2026/B/7139407
HIGH,POSSIBLE_DUPLICATE,4182b5d02b58,NHPC,same reference number on two records,NH-RPS-CTS01111/5/2024-CIVILTS/198
HIGH,POSSIBLE_DUPLICATE,0515f06fe5a6,NHPC,same reference number on two records,GEM/2025/B/7006811
HIGH,POSSIBLE_DUPLICATE,caabdc368e53,NHPC,same reference number on two records,GEM/2026/B/7136885
HIGH,POSSIBLE_DUPLICATE,07996399dcc9,NHPC,same reference number on two records,NH/DG/CONTRACT/1075/2025-26/78
HIGH,POSSIBLE_DUPLICATE,c9b34ceaf3b3,NHPC,same reference number on two records,NH-RPS-CTS01111/3/2024-CIVILTS/197
HIGH,POSSIBLE_DUPLICATE,f3477639aa91,NHPC,same reference number on two records,NH/CPS-1/PC/W-1600/2025-26/481DATED27/01/2026
HIGH,POSSIBLE_DUPLICATE,297c6032f6f7,NHPC,same reference number on two records,NH/CPS-1/PC/W-1601/2025-26/479DATED24/01/2026
HIGH,POSSIBLE_DUPLICATE,78d04c752423,NHPC,same reference number on two records,NH/DG/CONTRACT/1074/2025-26/76
HIGH,POSSIBLE_DUPLICATE,513235bfad56,NHPC,same reference number on two records,NH/BSPS/CC/CW/57/2025-26/556
HIGH,POSSIBLE_DUPLICATE,07f1eaf242c4,NHPC,same reference number on two records,GEM/2025/B/6999617
HIGH,POSSIBLE_DUPLICATE,2c7bb044e9bf,NHPC,same reference number on two records,2026NHPC8951461
HIGH,POSSIBLE_DUPLICATE,157f3b90bb14,NHPC,same reference number on two records,NH/CPS-II/CONT/E-156571/2025-26/15
HIGH,POSSIBLE_DUPLICATE,1adff4179b49,NHPC,same reference number on two records,NH/BSPS/CC/CW/54/2025-26/548
HIGH,POSSIBLE_DUPLICATE,f508cb8f05dd,NHPC,same reference number on two records,NH/CPS-1/PC/W-1599/2025-26/465DATED21/01/2026
HIGH,POSSIBLE_DUPLICATE,c58e7f737484,NHPC,same reference number on two records,GEM/2026/B/7077518DT-21012026
HIGH,POSSIBLE_DUPLICATE,4598e24bd818,NHPC,same reference number on two records,2026NHPC8942291
HIGH,POSSIBLE_DUPLICATE,fae4288ed085,NHPC,same reference number on two records,NH/TLD-IVPS/PC/W-943/2026/2141DATE21/01/2026
HIGH,POSSIBLE_DUPLICATE,3e9fdbf8e49d,NHPC,same reference number on two records,NH/CPS-1/PC/W-1596/2025-26/464DATED20/01/2026
HIGH,POSSIBLE_DUPLICATE,9df0419e2e82,NHPC,same reference number on two records,NH/TSV/CONT/MC-167/NIT-1064/2025-26/388DATED20/01/2026ANDTENDERIDNO2026NHPC8948041
HIGH,POSSIBLE_DUPLICATE,a357bbe2ea08,NHPC,same reference number on two records,GEM/2026/B/7304752
HIGH,POSSIBLE_DUPLICATE,8eeddbb571e9,NHPC,same reference number on two records,NH/CCW/CC-II/CO-437/PR10025/263
HIGH,POSSIBLE_DUPLICATE,a75e23d52a75,NHPC,same reference number on two records,NH-RPS-ECD01211/1/2025-ECD/192
HIGH,POSSIBLE_DUPLICATE,0064b2673f01,NHPC,same reference number on two records,GEM/2026/B/7077968
HIGH,POSSIBLE_DUPLICATE,b6157d2775a1,NHPC,same reference number on two records,NH-RPS-CTS01211/8/2025-CIVILTS/191
HIGH,POSSIBLE_DUPLICATE,716eeb38e1b0,NHPC,same reference number on two records,NH/CPS-1/PC/W-1590/2025-26/461DATED19/01/2026
HIGH,POSSIBLE_DUPLICATE,be888ba9a0f5,NHPC,same reference number on two records,NH/CPS-1/PC/W-1595/2025-26/460DATED19/01/2026
HIGH,POSSIBLE_DUPLICATE,cfceb171366a,NHPC,same reference number on two records,NH/CCW/CC-II/CO-436/PR10025/286
HIGH,POSSIBLE_DUPLICATE,699d4bc2e35e,NHPC,same reference number on two records,GEM/2025/B/7021476
HIGH,POSSIBLE_DUPLICATE,5a1a11c467fa,NHPC,same reference number on two records,NH/TSV/CONT/EC-171/NIT-1063/2025-26/385DATED17/01/2026ANDTENDERIDNO2026NHPC8944711
HIGH,POSSIBLE_DUPLICATE,34dad86099b4,NHPC,same reference number on two records,NH/BSPS/CC/CW/62/2025-26/536
HIGH,POSSIBLE_DUPLICATE,b70d139a7fdb,NHPC,same reference number on two records,NH/PPS-III/NIT/PR11925/234/1/220DATED17012026
HIGH,POSSIBLE_DUPLICATE,721e950e0465,NHPC,same reference number on two records,GEM/2026/B/7113097ANDNH/TSV/CONT/EC-173/NIT-1062/2025-26/375DATED15/01/2026
HIGH,POSSIBLE_DUPLICATE,cbca2cca5074,NHPC,same reference number on two records,2026NHPC8941151
HIGH,POSSIBLE_DUPLICATE,9f1ebce059b6,NHPC,same reference number on two records,NH/CPS-1/PC/W-1592/2025-26/453DATED15/01/2026
HIGH,POSSIBLE_DUPLICATE,68eec4b6bc12,NHPC,same reference number on two records,///-04/2025-2026/0414/01/2026
HIGH,POSSIBLE_DUPLICATE,d57135b09bd0,NHPC,same reference number on two records,NH/SPS/PNC/NIT-214/25-26/1011-1020
HIGH,POSSIBLE_DUPLICATE,0e4aa1acfc99,NHPC,same reference number on two records,NH/BSPS/CC/CW/63/2025-26/521
HIGH,POSSIBLE_DUPLICATE,21851b49e695,NHPC,same reference number on two records,GEM/2026/B/7087676DATED14-01-2026
HIGH,POSSIBLE_DUPLICATE,5e60b62de020,NHPC,same reference number on two records,NH/ROSLG/PR15325/79/03DATED13/01/2026
HIGH,POSSIBLE_DUPLICATE,5c4e26468b58,NHPC,same reference number on two records,GEM/2026/B/7076756
HIGH,POSSIBLE_DUPLICATE,e00b2f10a48d,NHPC,same reference number on two records,NH/CPS-1/PC/W-1589/2025-26/452DATED13/01/2026
HIGH,POSSIBLE_DUPLICATE,179d9dc57eba,NHPC,same reference number on two records,GEM/2025/B/7031760
HIGH,POSSIBLE_DUPLICATE,8af61abeb9b9,NHPC,same reference number on two records,NH/TSV/CONT/CC-367/NIT-1061/2025-26/367DATED12/01/2026ANDTENDERIDNO2026NHPC8935451
HIGH,POSSIBLE_DUPLICATE,ed64efcdd298,NHPC,same reference number on two records,GEM/2025/B/7055279
HIGH,POSSIBLE_DUPLICATE,85f364d0e532,NHPC,same reference number on two records,GEM/2025/B/7056727
HIGH,POSSIBLE_DUPLICATE,fa99eb8e2d62,NHPC,same reference number on two records,NH-RPS-CTS01111/6/2024-CIVILTS/179
HIGH,POSSIBLE_DUPLICATE,6fc1a54c36fc,NHPC,same reference number on two records,GEM/2025/B/6991660
HIGH,POSSIBLE_DUPLICATE,f652fbcdd236,NHPC,same reference number on two records,2026NHPC8934511
HIGH,POSSIBLE_DUPLICATE,491e4ac2c42d,NHPC,same reference number on two records,2025NHPC8844441
HIGH,POSSIBLE_DUPLICATE,6372dee4fcd9,NHPC,same reference number on two records,GEM/2026/B/7061294DATED10-01-2026
HIGH,POSSIBLE_DUPLICATE,aace05e45fe2,NHPC,same reference number on two records,NH/CPS-II/CONT/E-149806/2025-26/12DATED07-01-2026
HIGH,POSSIBLE_DUPLICATE,4bf2e9b24efa,NHPC,same reference number on two records,NH/CPS-II/CONT/EFILE-156056/2025-26/13DATED10/01/2026
HIGH,POSSIBLE_DUPLICATE,a736e6980ceb,NHPC,same reference number on two records,GEM/2026/B/7067990DATED10-01-2026
HIGH,POSSIBLE_DUPLICATE,d2b9837f2552,NHPC,same reference number on two records,NH/DG/CONTRACT/1077/2025-26/72
HIGH,POSSIBLE_DUPLICATE,32571605088a,NHPC,same reference number on two records,NH/TSV/CONT/MC-159/NIT-1060/2025-26/366DATED10/01/2026ANDGEMBIDNOGEM/2026/B/7079641
HIGH,POSSIBLE_DUPLICATE,a8d595210d32,NHPC,same reference number on two records,NH/BSPS/CC/CW/61/2025-26/504
HIGH,POSSIBLE_DUPLICATE,f9c0d61e12b0,NHPC,same reference number on two records,NH/DG/CONTRACT/1073/2025-26/71
HIGH,POSSIBLE_DUPLICATE,bb693c8333af,NHPC,same reference number on two records,NH/SEWA-II/CONTRACTS/CW-708/2025-26/NIT-11/177/DATED09012026
HIGH,POSSIBLE_DUPLICATE,e1e434763723,NHPC,same reference number on two records,NH/CCW/CC-IV/CO-435/PR10025/163
HIGH,POSSIBLE_DUPLICATE,b2de006b309b,NHPC,same reference number on two records,GEM/2025/B/7004512DATED08-01-2026
HIGH,POSSIBLE_DUPLICATE,4219358e5e1e,NHPC,same reference number on two records,-1098O
HIGH,POSSIBLE_DUPLICATE,f27c3eb7683f,NHPC,same reference number on two records,GEM/2025/B/7051216
HIGH,POSSIBLE_DUPLICATE,ec43a503141f,NHPC,same reference number on two records,NH/CPS-1/PC/W-1586/2025-26/445DATED08/01/2026
HIGH,POSSIBLE_DUPLICATE,179b80c0274a,NHPC,same reference number on two records,GEM/2026/B/7101069
HIGH,POSSIBLE_DUPLICATE,428b3a7d6ce2,NHPC,same reference number on two records,-1097O
HIGH,POSSIBLE_DUPLICATE,85977843e8fd,NHPC,same reference number on two records,GEM/2025/B/7036077
HIGH,POSSIBLE_DUPLICATE,d15649f53590,NHPC,same reference number on two records,GEM/2026/B/7063113
HIGH,POSSIBLE_DUPLICATE,4504ac7b917c,NHPC,same reference number on two records,GEM/2025/B/7019049
HIGH,POSSIBLE_DUPLICATE,8bb238d16ae3,NHPC,same reference number on two records,GEM/2025/B/7046429
HIGH,POSSIBLE_DUPLICATE,c6b7d794a1bd,NHPC,same reference number on two records,NH/TSV/CONT/CC-360/NIT-1059/2025-26/356DATED05/01/2026ANDTENDERIDNO2026NHPC8924811
HIGH,POSSIBLE_DUPLICATE,d9e6445fcbf5,NHPC,same reference number on two records,GEM/2025/B/7028163
HIGH,POSSIBLE_DUPLICATE,2f1e11f4469e,NHPC,same reference number on two records,GEM/2026/B/7067259
HIGH,POSSIBLE_DUPLICATE,8a13f364c9b7,NHPC,same reference number on two records,2025NHPC891839
HIGH,POSSIBLE_DUPLICATE,3a06338b3de2,NHPC,same reference number on two records,NH/BSPS/CC/CW/55/2025-26/480
HIGH,POSSIBLE_DUPLICATE,7c1f27e66597,NHPC,same reference number on two records,CONSTRUCTIONOFIRBNBARRACKATDAMOFRANGITPOWERSTATION
HIGH,POSSIBLE_DUPLICATE,34e2b98c9003,NHPC,same reference number on two records,GEM/2025/B/6916555
HIGH,POSSIBLE_DUPLICATE,4847488eae99,NHPC,same reference number on two records,GEM/2025/B/7037182DATED01-01-2026
HIGH,POSSIBLE_DUPLICATE,028512038b12,NHPC,same reference number on two records,NH/BSPS/CC/CW/56/2025-26/459
HIGH,POSSIBLE_DUPLICATE,fc0cdcd5f344,NHPC,same reference number on two records,GEM/2025/B/7058115DATED31-12-2025
HIGH,POSSIBLE_DUPLICATE,2a5a42ae7578,NHPC,same reference number on two records,GEM/2025/B/6985173DATED31-12-2025
HIGH,POSSIBLE_DUPLICATE,c3c798640499,NHPC,same reference number on two records,NH/TSV/CONT/EC-172/NIT-1058/2025-26/350DATED31/12/2025ANDTENDERIDNO2025NHPC8919141
HIGH,POSSIBLE_DUPLICATE,9c2dc4deadb8,NHPC,same reference number on two records,GEM/2025/B/7010064DATED29-12-2025
HIGH,POSSIBLE_DUPLICATE,e5458fd8f367,NHPC,same reference number on two records,NH/TLD-IVPS/PC/W-940/2025/2124DATED30/12/2025
HIGH,POSSIBLE_DUPLICATE,554df2189e4b,NHPC,same reference number on two records,GEM/2025/B/7028399
HIGH,POSSIBLE_DUPLICATE,a23798e68947,NHPC,same reference number on two records,2025NHPC8905541
HIGH,POSSIBLE_DUPLICATE,468ccf97e6c1,NHPC,same reference number on two records,GEM/2025/B/6998382DATE29122025
HIGH,POSSIBLE_DUPLICATE,c248450c7df4,NHPC,same reference number on two records,NH/BSPS/CC/CW/53/2025-26/456
HIGH,POSSIBLE_DUPLICATE,d96f39df3d62,NHPC,same reference number on two records,NH/CPS-1/PC/W-1587/2025-26/427DATED27/12/2025
HIGH,POSSIBLE_DUPLICATE,4bb178f28d32,NHPC,same reference number on two records,NH/PPS-III/NIT/PR11925/224/01/187DATED27-12-2025
HIGH,POSSIBLE_DUPLICATE,f3af79f1b96b,NHPC,same reference number on two records,NH/UPS/PCS/C-128/NIQ-111/414DATED24122025
HIGH,POSSIBLE_DUPLICATE,6560ef4fb04f,NHPC,same reference number on two records,NH/UPS/PCS/C-114R/NIQ-110/412DATED23122025
HIGH,POSSIBLE_DUPLICATE,43091557bdcc,NHPC,same reference number on two records,NH-RPS-DC01111/2/2025-DAMC/162
HIGH,POSSIBLE_DUPLICATE,1eb4c1d7475c,NHPC,same reference number on two records,GEM/2025/B/6994098DATED26-12-2025
HIGH,POSSIBLE_DUPLICATE,4897b603912c,NHPC,same reference number on two records,2025NHPC8913651
HIGH,POSSIBLE_DUPLICATE,e4884eb37839,NHPC,same reference number on two records,NH-RPS-PHC/1/2024-DAMC/158
HIGH,POSSIBLE_DUPLICATE,daa86eed5cfa,NHPC,same reference number on two records,NH/CPS-1/PC/W-1583/2025-26/424DATED24/12/2025
HIGH,POSSIBLE_DUPLICATE,838ecea62839,NHPC,same reference number on two records,GEM/2025/B/6999682DATE24-12-2025
HIGH,POSSIBLE_DUPLICATE,70fb82b6e827,NHPC,same reference number on two records,GEM/2025/B/6935692
HIGH,POSSIBLE_DUPLICATE,d6eeeec95f55,NHPC,same reference number on two records,GEM/2025/B/6972537
HIGH,POSSIBLE_DUPLICATE,87cc1b4ff81c,NHPC,same reference number on two records,GEM/2025/B/7034581
HIGH,POSSIBLE_DUPLICATE,ee8b81c9be33,NHPC,same reference number on two records,GEM/2025/B/6846520
HIGH,POSSIBLE_DUPLICATE,e961fe9ae74f,NHPC,same reference number on two records,GEM/2025/B/7036473
HIGH,POSSIBLE_DUPLICATE,e3e41615af14,NHPC,same reference number on two records,NH-RPS-DC01116/3/2025-DAMC/157
HIGH,POSSIBLE_DUPLICATE,c353d029452c,NHPC,same reference number on two records,NBPS/CNP/2025-26/W-32/259
HIGH,POSSIBLE_DUPLICATE,f6616768c83b,NHPC,same reference number on two records,NH/TSV/CONT/CC-365/NIT-1057/2025-26/342DATED23/12/2025ANDTENDERIDNO2025NHPC8911301
HIGH,POSSIBLE_DUPLICATE,1b979b7b57e3,NHPC,same reference number on two records,GEM/2025/B/6856779
HIGH,POSSIBLE_DUPLICATE,5aeba2173769,NHPC,same reference number on two records,GEM/2025/B/6940917
HIGH,POSSIBLE_DUPLICATE,c07d31ebccf4,NHPC,same reference number on two records,NH/CPS-1/PC/W-1581/2025-26/418DATED23/12/2025
HIGH,POSSIBLE_DUPLICATE,08914a0618d1,NHPC,same reference number on two records,GEM/2025/B/6957364
HIGH,POSSIBLE_DUPLICATE,9dce2562f4f1,NHPC,same reference number on two records,GEM/2025/B/6925655
HIGH,POSSIBLE_DUPLICATE,ad0c5a38debe,NHPC,same reference number on two records,GEM/2025/B/7011834DATED22-12-2025
HIGH,POSSIBLE_DUPLICATE,89a99f30677e,NHPC,same reference number on two records,GEM/2025/B/6974650
HIGH,POSSIBLE_DUPLICATE,cfab898bc34e,NHPC,same reference number on two records,GEM/2025/B/7012388
HIGH,POSSIBLE_DUPLICATE,bcfd407d0365,NHPC,same reference number on two records,2025NHPC8908321
HIGH,POSSIBLE_DUPLICATE,a6515a01f4d9,NHPC,same reference number on two records,NH/TSV/CONT/CC-362/NIT-1056/2025-26/341DATED22/12/2025ANDTENDERIDNO2025NHPC8908511
HIGH,POSSIBLE_DUPLICATE,14e87e294725,NHPC,same reference number on two records,GEM/2025/B/6954625
HIGH,POSSIBLE_DUPLICATE,1a2fa9c9f8e6,NHPC,same reference number on two records,NH/CPS-1/PC/W-1501/2025-26/416DATED20/12/2025
HIGH,POSSIBLE_DUPLICATE,03c4846c15f4,NHPC,same reference number on two records,GEM/2025/B/6968206DATED20-12-2025
HIGH,POSSIBLE_DUPLICATE,876b2c0442f1,NHPC,same reference number on two records,GEM/2025/B/6935541DATED20-12-2025
HIGH,POSSIBLE_DUPLICATE,34e9e2ee6aa2,NHPC,same reference number on two records,NH/CPS-1/PC/W-1582/2025-26/417DATED20/12/2025
HIGH,POSSIBLE_DUPLICATE,5ddbbd426cf4,NHPC,same reference number on two records,GEM/2025/B/6955412
HIGH,POSSIBLE_DUPLICATE,c059ce132b64,NHPC,same reference number on two records,GEM/2025/B/7019296
HIGH,POSSIBLE_DUPLICATE,f7df20cf5c5d,NHPC,same reference number on two records,GEM/2025/B/6919473
HIGH,POSSIBLE_DUPLICATE,3c56ecffe5f3,NHPC,same reference number on two records,NH/CPS-1/PC/W-1585/2025-26/415DATED19/12/2025
HIGH,POSSIBLE_DUPLICATE,c451f1a9ee1a,NHPC,same reference number on two records,NH/TSV/CONT/CC-364/NIT-1055/2025-26/338DATED19/12/2025ANDTENDERIDNO2025NHPC8905631
HIGH,POSSIBLE_DUPLICATE,41039908fee7,NHPC,same reference number on two records,2025NHPC8903561
HIGH,POSSIBLE_DUPLICATE,17d086a7af8d,NHPC,same reference number on two records,GEM/2025/B/7002564
HIGH,POSSIBLE_DUPLICATE,c17706ebc841,NHPC,same reference number on two records,GEM/2025/B/6941972
HIGH,POSSIBLE_DUPLICATE,4a94404feec3,NHPC,same reference number on two records,NH/TSV/CONT/CC-363/NIT-1054/2025-26/334DATED17/12/2025ANDTENDERIDNO2025NHPC8902651
HIGH,POSSIBLE_DUPLICATE,9eb682e8bac7,NHPC,same reference number on two records,GEM/2025/B/6927596
HIGH,POSSIBLE_DUPLICATE,280aaa43539a,NHPC,same reference number on two records,NH/CPS-1/PC/W-1532/2025-26/414DATED17/12/2025
HIGH,POSSIBLE_DUPLICATE,1b62832e327f,NHPC,same reference number on two records,NH/CPS-1/PC/W-1580/2025-26/413DATED17/12/2025
HIGH,POSSIBLE_DUPLICATE,580bc98190f0,NHPC,same reference number on two records,-1096O
HIGH,POSSIBLE_DUPLICATE,ff26fbb478a3,NHPC,same reference number on two records,NH/TSV/CONT/CC-361/NIT-1053/2025-26/333DATED17/12/2025ANDTENDERIDNO2025NHPC8901681
HIGH,POSSIBLE_DUPLICATE,4d5a8f5a84b1,NHPC,same reference number on two records,GEM/2025/B/6942656
HIGH,POSSIBLE_DUPLICATE,781f3ccfb933,NHPC,same reference number on two records,GEM/2025/B/7004384DATED16-12-2025
HIGH,POSSIBLE_DUPLICATE,6abdbb19954d,NHPC,same reference number on two records,GEM/2025/B/7004996DATED16-12-2025
HIGH,POSSIBLE_DUPLICATE,65d7dca7f51b,NHPC,same reference number on two records,NH/TSV/CONT/CC-354/NIT-1052/2025-26/332DATED16/12/2025ANDTENDERIDNO2025NHPC8899951
HIGH,POSSIBLE_DUPLICATE,bc3fcd8763ab,NHPC,same reference number on two records,NH/CPS-1/PC/W-1576/2025-26/412DATED16/12/2025
HIGH,POSSIBLE_DUPLICATE,926410e2c9bf,NHPC,same reference number on two records,GEM/2025/B/6931771
HIGH,POSSIBLE_DUPLICATE,79ad8956f4a6,NHPC,same reference number on two records,GEM/2025/B/6944934
HIGH,POSSIBLE_DUPLICATE,89319cfd73a8,NHPC,same reference number on two records,NH-RPS-CTS01211/6/2025-CIVILTS/149
HIGH,POSSIBLE_DUPLICATE,8ba35b639546,NHPC,same reference number on two records,GEM/2025/B/6917912
HIGH,POSSIBLE_DUPLICATE,e1e0dfe6c7b4,NHPC,same reference number on two records,NH/CPS-1/PC/W-1577/2025-26/401DATED12/12/2025
HIGH,POSSIBLE_DUPLICATE,d1e8f7c67e95,NHPC,same reference number on two records,GEM/2025/B/6982202DATED12-12-2025
HIGH,POSSIBLE_DUPLICATE,7635e104075e,NHPC,same reference number on two records,GEM/2025/B/6945373DATED11-12-2025
HIGH,POSSIBLE_DUPLICATE,6c6e0e279be0,NHPC,same reference number on two records,GEM/2025/B/6937992DATED11-12-2025
HIGH,POSSIBLE_DUPLICATE,d581c148fef1,NHPC,same reference number on two records,GEM/2025/B/6993352DATED12-12-2025
HIGH,POSSIBLE_DUPLICATE,3890f43c7d73,NHPC,same reference number on two records,GEM/2025/B/6963616DATED12-12-2025
HIGH,POSSIBLE_DUPLICATE,f0b9cf539474,NHPC,same reference number on two records,GEM/2025/B/6966597
HIGH,POSSIBLE_DUPLICATE,efe0b1a9b186,NHPC,same reference number on two records,NH/TSV/CONT/CC-360/NIT-1051/2025-26/329DATED11/12/2025ANDTENDERIDNO2025NHPC8894021
HIGH,POSSIBLE_DUPLICATE,6634ba1f6887,NHPC,same reference number on two records,NH/TLD-IVPS/PC/W-942/2025/2114DATED11/12/2025
HIGH,POSSIBLE_DUPLICATE,c70e07241ff7,NHPC,same reference number on two records,NH/BSPS/CC/CW/45/2025-26/392
HIGH,POSSIBLE_DUPLICATE,6f2d25643478,NHPC,same reference number on two records,NH/TLD-IVPS/PC/W-941/2025/2113DATED10/12/2025
HIGH,POSSIBLE_DUPLICATE,ebd10e937dbb,NHPC,same reference number on two records,NH/SPS/CD/NIT-113/25-26/958-967TENDERID2025NHPC8890771
HIGH,POSSIBLE_DUPLICATE,92136114051a,NHPC,same reference number on two records,GEM/2025/B/6946420
HIGH,POSSIBLE_DUPLICATE,c82176746025,NHPC,same reference number on two records,GEM/2025/B/6938688
HIGH,POSSIBLE_DUPLICATE,934cb070648d,NHPC,same reference number on two records,GEM/2025/B/6914432
HIGH,POSSIBLE_DUPLICATE,a149910da441,NHPC,same reference number on two records,NH/CPS-1/PC/W-1575/2025-26/396DATED09/12/2025
HIGH,POSSIBLE_DUPLICATE,751267876771,NHPC,same reference number on two records,NH/CCW/CC-II/CO432/PR10025/315
HIGH,POSSIBLE_DUPLICATE,7ecef2a6ee52,NHPC,same reference number on two records,GEM/2025/B/6853377
HIGH,POSSIBLE_DUPLICATE,72dea369254b,NHPC,same reference number on two records,-1095O
HIGH,POSSIBLE_DUPLICATE,ec15eed10345,NHPC,same reference number on two records,2025NHPC8837721
HIGH,POSSIBLE_DUPLICATE,b925eeddf32b,NHPC,same reference number on two records,GEM/2025/B/6867499
HIGH,POSSIBLE_DUPLICATE,ed4a5afbb09b,NHPC,same reference number on two records,GEM/2025/B/6954550
HIGH,POSSIBLE_DUPLICATE,b62468e7cc60,NHPC,same reference number on two records,GEM/2025/B/6943247
HIGH,POSSIBLE_DUPLICATE,ab673141d070,NHPC,same reference number on two records,NH/CPS-1/PC/W-1578/2025-26/393DATED06/12/2025
HIGH,POSSIBLE_DUPLICATE,7d404d91a576,NHPC,same reference number on two records,GEM/2025/B/6935761
HIGH,POSSIBLE_DUPLICATE,d40f53294aab,NHPC,same reference number on two records,GEM/2025/B/6879306DATED05-12-2025
HIGH,POSSIBLE_DUPLICATE,c8d18e35595a,NHPC,same reference number on two records,NH/SPS/CD/NIT-112/2025-26/916-925
HIGH,POSSIBLE_DUPLICATE,c2d08a5d1e3b,NHPC,same reference number on two records,GEM/2025/B/6935147
HIGH,POSSIBLE_DUPLICATE,5111a4ad0d9f,NHPC,same reference number on two records,NH/DPS/CONT/NIT-256/2025/E155661DATED05122025
HIGH,POSSIBLE_DUPLICATE,df8fd09383ee,NHPC,same reference number on two records,NH/CCW/CC-IV/CO-429/PR10025/155
HIGH,POSSIBLE_DUPLICATE,d1d2c73ec0c8,NHPC,same reference number on two records,NH/CCW/CC-IV/CO-431/PR10025/259
HIGH,POSSIBLE_DUPLICATE,73e3fcace798,NHPC,same reference number on two records,NH-RPS-CTS012/4/2025-CIVILTS/147
HIGH,POSSIBLE_DUPLICATE,e95b8f592afb,NHPC,same reference number on two records,GEM/2025/B/6946139
HIGH,POSSIBLE_DUPLICATE,daa698ffe5f8,NHPC,same reference number on two records,GEM/2025/B/6942077DATED02-12-2025
HIGH,POSSIBLE_DUPLICATE,dc6206f507c9,NHPC,same reference number on two records,NH/TLD-IVPS/PC/W-940/2025/2101DATED29/11/2025
HIGH,POSSIBLE_DUPLICATE,2d2803dce0b1,NHPC,same reference number on two records,NH/TLD-IVPS/PC/W-939/2025/2103DATED02/12/2025
HIGH,POSSIBLE_DUPLICATE,87f33c32400e,NHPC,same reference number on two records,GEM/2025/B/6903720
HIGH,POSSIBLE_DUPLICATE,084cdb0fe3d0,NHPC,same reference number on two records,GEM/2025/B/6926246
HIGH,POSSIBLE_DUPLICATE,0e091be34240,NHPC,same reference number on two records,NH/CPS-1/PC/W-1579/2025-26/384DATED02/12/2025
HIGH,POSSIBLE_DUPLICATE,6e53dec61e39,NHPC,same reference number on two records,NH/DMP/PNC/NIT/2025/14E-TENDERNO2025NHPC8875041
HIGH,POSSIBLE_DUPLICATE,16a35fa9805c,NHPC,same reference number on two records,GEMBIDNOGEM/2025/B/6895289
HIGH,POSSIBLE_DUPLICATE,51374e46d781,NHPC,same reference number on two records,GEMBIDNOGEM/2025/B/6933181
HIGH,POSSIBLE_DUPLICATE,c09e300c83b8,NHPC,same reference number on two records,NH/BSPS/CC/CW/46/2025-26/371
HIGH,POSSIBLE_DUPLICATE,034860fa6a4f,NHPC,same reference number on two records,NH/CPS-I/PC/W-1544/2025-26/332DATED13/11/2025
HIGH,POSSIBLE_DUPLICATE,ffe2bba457ed,NHPC,same reference number on two records,GEM/2025/B/6918794
HIGH,POSSIBLE_DUPLICATE,98219249f440,NHPC,same reference number on two records,NH/CPS-I/PC/W-1573/2025-26/333DATED13/11/2025GEM/2025/B/6889115
HIGH,POSSIBLE_DUPLICATE,c106ab2c3cce,NHPC,same reference number on two records,BIDNUMBER-GEM/2025/B/6858552DATED-28-11-2025
HIGH,POSSIBLE_DUPLICATE,4acf60897431,NHPC,same reference number on two records,GEM/2025/B/6836952
HIGH,POSSIBLE_DUPLICATE,7e289842bfad,NHPC,same reference number on two records,NH/CPS-1/PC/W-1574/2025-26/373DATED27/11/2025
HIGH,POSSIBLE_DUPLICATE,820e177988d7,NHPC,same reference number on two records,GEM/2025/B/6917568
HIGH,POSSIBLE_DUPLICATE,9c5b8bce913c,NHPC,same reference number on two records,GEM/2025/B/6918911DATED27-11-2025
HIGH,POSSIBLE_DUPLICATE,0715dc87f217,NHPC,same reference number on two records,NH/BSPS/CC/CW/41/2025-26/366
HIGH,POSSIBLE_DUPLICATE,b882b0947879,NHPC,same reference number on two records,GEM/2025/B/6903737
HIGH,POSSIBLE_DUPLICATE,369dc290af37,NHPC,same reference number on two records,GEM/2025/B/6900163
HIGH,POSSIBLE_DUPLICATE,d01f3b12a9c6,NHPC,same reference number on two records,GEM/2025/B/6895230
HIGH,POSSIBLE_DUPLICATE,82e1562cd611,NHPC,same reference number on two records,GEM/2025/B/6912261DATED26-11-2025
HIGH,POSSIBLE_DUPLICATE,b24c9a9a5989,NHPC,same reference number on two records,2025NHPC8870971
HIGH,POSSIBLE_DUPLICATE,d1b65f592a9e,NHPC,same reference number on two records,2025NHPC8870781
HIGH,POSSIBLE_DUPLICATE,a0ffdda4f032,NHPC,same reference number on two records,NH/TSV/CONT/MC-160/NIT-1049/2025-26/311DATED25/11/2025ANDGEMBIDNOGEM/2025/B/6928728
HIGH,POSSIBLE_DUPLICATE,da05dfd4e4f8,NHPC,same reference number on two records,GEM/2025/B/6884205DATED25-11-2025
HIGH,POSSIBLE_DUPLICATE,57863a506223,NHPC,same reference number on two records,2025NHPC8870051
HIGH,POSSIBLE_DUPLICATE,96b279636b7d,NHPC,same reference number on two records,GEM/2025/B/6892138
HIGH,POSSIBLE_DUPLICATE,b55eb2807a36,NHPC,same reference number on two records,GEM/2025/B/6846469
HIGH,POSSIBLE_DUPLICATE,a89a4324c465,NHPC,same reference number on two records,GEM/2025/B/6873587DATED24-11-2025
HIGH,POSSIBLE_DUPLICATE,364b3b2d96ae,NHPC,same reference number on two records,GEM/2025/B/6900092
HIGH,POSSIBLE_DUPLICATE,08f080365b4d,NHPC,same reference number on two records,GEM/2025/B/6901073
HIGH,POSSIBLE_DUPLICATE,47db83e51e51,NHPC,same reference number on two records,NH/SLP/CONT/2025/C-16/NIT/644
HIGH,POSSIBLE_DUPLICATE,c941be4bf04c,NHPC,same reference number on two records,GEM/2025/B/6921327
HIGH,POSSIBLE_DUPLICATE,3ef01d2dfa2e,NHPC,same reference number on two records,NH/SIANGLOWER/NIT/2025/12
HIGH,POSSIBLE_DUPLICATE,99562fe074ea,NHPC,same reference number on two records,NH/SEWA2/CONT/CW-699/NIT-10/143DT24112025TENDERID2025NHPC8868971
HIGH,POSSIBLE_DUPLICATE,2bd8026455a1,NHPC,same reference number on two records,GEM/2025/B/6875928DATED20-11-2025
HIGH,POSSIBLE_DUPLICATE,b3efa8dc4c5f,NHPC,same reference number on two records,NH/SIANGLOWER/NIT/2025/11
HIGH,POSSIBLE_DUPLICATE,fd82b3b5876a,NHPC,same reference number on two records,GEM/2025/B/6887944
HIGH,POSSIBLE_DUPLICATE,45c34108ee23,NHPC,same reference number on two records,GEM/2025/B/6878560DATED22-11-2025
HIGH,POSSIBLE_DUPLICATE,05a979524640,NHPC,same reference number on two records,NH/BSPS/CC/CW/35/2025-26/363
HIGH,POSSIBLE_DUPLICATE,043dd71bf808,NHPC,same reference number on two records,NH/BSPS/CC/CW/23/2025-26/362
HIGH,POSSIBLE_DUPLICATE,0b226b8903a0,NHPC,same reference number on two records,NH/BSPS/CC/HM/38/2025-26/361
HIGH,POSSIBLE_DUPLICATE,03ba2abb83f6,NHPC,same reference number on two records,NH/BSPS/CC/CW/44/2025-26/344
HIGH,POSSIBLE_DUPLICATE,210391e81dbf,NHPC,same reference number on two records,NH/BSPS/CC/HM/43/2025-26/345
HIGH,POSSIBLE_DUPLICATE,48db20bae78c,NHPC,same reference number on two records,NH/BSPS/CC/CW/42/2025-26/341
HIGH,POSSIBLE_DUPLICATE,b8215baa89d8,NHPC,same reference number on two records,GEM/2025/B/6900978DATED22-11-2025
HIGH,POSSIBLE_DUPLICATE,668a268a8951,NHPC,same reference number on two records,NH/DPS/CONT/NIT-239/2025/E143477DATED22112025
HIGH,POSSIBLE_DUPLICATE,85786e8be2e8,NHPC,same reference number on two records,GEM/2025/B/6767156
HIGH,POSSIBLE_DUPLICATE,99d3d205cbb0,NHPC,same reference number on two records,GEM/2025/B/6856773
HIGH,POSSIBLE_DUPLICATE,04db781b70e4,NHPC,same reference number on two records,NH/CCW/CC-II/CO-430/PR16025/2
HIGH,POSSIBLE_DUPLICATE,fcad35419753,NHPC,same reference number on two records,NH/UPS/PCS/C-122/NIQ-109/389DATED20112025
HIGH,POSSIBLE_DUPLICATE,349d09c2f587,NHPC,same reference number on two records,GEM/2025/B/6824764
HIGH,POSSIBLE_DUPLICATE,9ee6eb0d1b43,NHPC,same reference number on two records,GEM/2025/B/6890792
HIGH,POSSIBLE_DUPLICATE,c065bb484d65,NHPC,same reference number on two records,NH/SLP/CONT/2025/C-15/NIT/642
HIGH,POSSIBLE_DUPLICATE,717aeb42f36e,NHPC,same reference number on two records,NH/DPS/CONT/NIT-254/2025/E155242DATED21112025
HIGH,POSSIBLE_DUPLICATE,6393e59ae2ce,NHPC,same reference number on two records,GEM/2025/B/6839237
HIGH,POSSIBLE_DUPLICATE,3f2dc9da9220,NHPC,same reference number on two records,GEM/2025/B/6853995
HIGH,POSSIBLE_DUPLICATE,06f16d4f0a8a,NHPC,same reference number on two records,NH/CPS-1/PC/W-1572/2025-26/385DATED19/11/2025
HIGH,POSSIBLE_DUPLICATE,7f8059a79438,NHPC,same reference number on two records,GEM/2025/B/6898629
HIGH,POSSIBLE_DUPLICATE,4cc3e99521a8,NHPC,same reference number on two records,NH/CPS-1/PC/W-1569/2025-26/348DATED17/11/2025
HIGH,POSSIBLE_DUPLICATE,0f4c1ca925f8,NHPC,same reference number on two records,NH/TSV/CONT/CC-359/NIT-1048/2025-26/291DATED18/11/2025ANDTENDERIDNO2025NHPC8859601
HIGH,POSSIBLE_DUPLICATE,10f20f68519e,NHPC,same reference number on two records,NH/DPS/CONT/NIT-255/2025/E155214DATED21112025
HIGH,POSSIBLE_DUPLICATE,6f72d23b1152,NHPC,same reference number on two records,2025NHPC8858781
HIGH,POSSIBLE_DUPLICATE,6e0692631f04,NHPC,same reference number on two records,GEM/2025/B/6898659DATED18-11-2025
HIGH,POSSIBLE_DUPLICATE,8467b32cad02,NHPC,same reference number on two records,GEM/2025/B/6869902
HIGH,POSSIBLE_DUPLICATE,4e7acbbdb33f,NHPC,same reference number on two records,GEM/2025/B/6872164DATED17-11-2025
HIGH,POSSIBLE_DUPLICATE,a9c091d74632,NHPC,same reference number on two records,GEM/2025/B/6836130
HIGH,POSSIBLE_DUPLICATE,44f811b174af,NHPC,same reference number on two records,NH/CPS-1/PC/W-1571/2025-26/345DATED17/11/2025
HIGH,POSSIBLE_DUPLICATE,0dd96ded11fc,NHPC,same reference number on two records,NH/CPS-1/PC/W-1568/2025-26/329DATED12/11/2025
HIGH,POSSIBLE_DUPLICATE,890d716e5d8d,NHPC,same reference number on two records,2025NHPC8857571
HIGH,POSSIBLE_DUPLICATE,4b55b17f24c7,NHPC,same reference number on two records,GEM/2025/B/6890816
HIGH,POSSIBLE_DUPLICATE,9c09f7ba98f7,NHPC,same reference number on two records,GEM/2025/B/6836637
HIGH,POSSIBLE_DUPLICATE,82f456ea1953,NHPC,same reference number on two records,NH/CPS-1/PC/W-1543/2025-26/334DATED13/11/2025
HIGH,POSSIBLE_DUPLICATE,2288937b1e2c,NHPC,same reference number on two records,NH/CCW/CC-II/CO-427/PR10025/207
HIGH,POSSIBLE_DUPLICATE,846ee4ea1a1c,NHPC,same reference number on two records,2025NHPC8855901
HIGH,POSSIBLE_DUPLICATE,3359bf783f97,NHPC,same reference number on two records,GEM/2025/B/6836860DATED13-11-2025
HIGH,POSSIBLE_DUPLICATE,98aec6652454,NHPC,same reference number on two records,GEM/2025/B/6838770
HIGH,POSSIBLE_DUPLICATE,252403a5575c,NHPC,same reference number on two records,GEM/2025/B/6882916
HIGH,POSSIBLE_DUPLICATE,d9da68c27bbe,NHPC,same reference number on two records,NH/TSV/CONT/CC-357/NIT-1047/2025-26/181DATED12/11/2025ANDGEMBIDNOGEM/2025/B/6882019
HIGH,POSSIBLE_DUPLICATE,583c5575eec3,NHPC,same reference number on two records,GEM/2025/B/6855722DATED12-11-2025
HIGH,POSSIBLE_DUPLICATE,93eb05e228b1,NHPC,same reference number on two records,NH/CPS-1/PC/W-1563/2025-26/328DATED11/11/2025
HIGH,POSSIBLE_DUPLICATE,5a68fc2e884b,NHPC,same reference number on two records,NH/CPS-1/PC/W-1508/2025-26/326DATED11/11/2025
HIGH,POSSIBLE_DUPLICATE,e284d2dc52a5,NHPC,same reference number on two records,-1094S
HIGH,POSSIBLE_DUPLICATE,ee8303fef88e,NHPC,same reference number on two records,NH/SEWA-II/CONTRACTS/CW-702/2025/NIT-09/130DATED10112025TENDERID2025NHPC8837621
HIGH,POSSIBLE_DUPLICATE,43948ba76a18,NHPC,same reference number on two records,NBPS/CP/2025-26/W-31/258
HIGH,POSSIBLE_DUPLICATE,96e679c156e0,NHPC,same reference number on two records,NH/UPS/PCS/C-125/NIQ-108/372DATED06112025
HIGH,POSSIBLE_DUPLICATE,254d2b723f58,NHPC,same reference number on two records,NH/CPS-1/PC/W-1570/2025-26/313DATED08/11/2025
HIGH,POSSIBLE_DUPLICATE,087da08de52d,NHPC,same reference number on two records,NH/CPS-1/PC/W-1567/2025-26/312DATED07/11/2025
HIGH,POSSIBLE_DUPLICATE,ca5662217839,NHPC,same reference number on two records,GEM/2025/B/6843711DATED07-11-2025
HIGH,POSSIBLE_DUPLICATE,e9bdea162114,NHPC,same reference number on two records,NH/CPS-1/PC/W-1564/2025-26/309DATED06/11/2025
HIGH,POSSIBLE_DUPLICATE,3bc92e353109,NHPC,same reference number on two records,NH/CONTEM-IV/OM/PR10024/420/2025
HIGH,POSSIBLE_DUPLICATE,be040f0c7b95,NHPC,same reference number on two records,NH/CPS-I/PC/W-1539/2025-26/294DATED24/10/2025
HIGH,POSSIBLE_DUPLICATE,f631ac5dcf5a,NHPC,same reference number on two records,GEM/2025/B/6850300DATED04-11-2025
HIGH,POSSIBLE_DUPLICATE,1fbb4fd7ca5e,NHPC,same reference number on two records,NH/CPS-1/PC/W-1566/2025-26/308DATED06/11/2025
HIGH,POSSIBLE_DUPLICATE,c8f77df9f676,NHPC,same reference number on two records,NH/TSV/CONT/CC-358/NIT-1046/2025-26/273DATED05/11/2025ANDTENDERIDNO2025NHPC8842621
HIGH,POSSIBLE_DUPLICATE,63cdebc67859,NHPC,same reference number on two records,NH/UPS/PCS/C-123R/NIQ-107/371DATED03112025
HIGH,POSSIBLE_DUPLICATE,bf824a1a4215,NHPC,same reference number on two records,NH/CCW/CC-II/CO-425/PR10025/254
HIGH,POSSIBLE_DUPLICATE,2944e957821a,NHPC,same reference number on two records,NH/TLD-IVPS/PC/W-938/2025/2087DATED03/11/2025
HIGH,POSSIBLE_DUPLICATE,86571e84386b,NHPC,same reference number on two records,NH/DG/CONTRACT/1072/2025-26/60DATED04112025
HIGH,POSSIBLE_DUPLICATE,c1ac25c56799,NHPC,same reference number on two records,NH/CPS-1/PC/W-1562/2025-26/307DATED03/11/2025
HIGH,POSSIBLE_DUPLICATE,efd089791cf5,NHPC,same reference number on two records,GEM/2025/B/6846344DATED01-11-2025
HIGH,POSSIBLE_DUPLICATE,03e43272f977,NHPC,same reference number on two records,GEM/2025/B/6846241DATED01-11-2025
HIGH,POSSIBLE_DUPLICATE,fe7dd124fe8c,NHPC,same reference number on two records,NH-RPS-CTS012/9/2024-CIVILTS/120
HIGH,POSSIBLE_DUPLICATE,892a73246897,NHPC,same reference number on two records,NH/DMP/PNC/NIT/2025/13DATE27102025E-TENDER-2025NHPC8831891
HIGH,POSSIBLE_DUPLICATE,06316cf2569c,NHPC,same reference number on two records,NH/DMP/PNC/NIT/2025/12E-TENDER2025NHPC8789541
HIGH,POSSIBLE_DUPLICATE,5967d6efd111,NHPC,same reference number on two records,2025NHPC8835421
HIGH,POSSIBLE_DUPLICATE,c42b7baead6f,NHPC,same reference number on two records,NH/PPS-III/NIT/PR11925/160/1/126DATED30102025
HIGH,POSSIBLE_DUPLICATE,44cfa451c291,NHPC,same reference number on two records,NH/CCW/CC-II/CO-424/PR10025/206
HIGH,POSSIBLE_DUPLICATE,b46bdef1fc1b,NHPC,same reference number on two records,GEM/2025/B/6814097
HIGH,POSSIBLE_DUPLICATE,15accc5fc45c,NHPC,same reference number on two records,GEM/2025/B/6774389DATED29-10-2025
HIGH,POSSIBLE_DUPLICATE,28b9dc4e35dd,NHPC,same reference number on two records,GEM/2025/B/6762637DATED29-10-2025
HIGH,POSSIBLE_DUPLICATE,f7528329480d,NHPC,same reference number on two records,GEM/2025/B/6774568DATED28-10-2025
HIGH,POSSIBLE_DUPLICATE,68be3f3d7578,NHPC,same reference number on two records,NH/CPS-1/PC/W-1561/2025-26/303DATED29/10/2025
HIGH,POSSIBLE_DUPLICATE,908d9991a97a,NHPC,same reference number on two records,GEM/2025/B/6777379
HIGH,POSSIBLE_DUPLICATE,65a29ff57a1d,NHPC,same reference number on two records,NH-RPS-DC/9/2025-DAMC/117
HIGH,POSSIBLE_DUPLICATE,664581c1d415,NHPC,same reference number on two records,NH/PPS-III/NIT/PR11925/126/1/120DATED28102025
HIGH,POSSIBLE_DUPLICATE,0e58060d420c,NHPC,same reference number on two records,GEM/2025/B/6737196DATED28102025
HIGH,POSSIBLE_DUPLICATE,cc1fd88cd2e4,NHPC,same reference number on two records,NH/DG/CONTRACT/1065/2025-26/59
HIGH,POSSIBLE_DUPLICATE,2631f308c188,NHPC,same reference number on two records,NH/CPS-1/PC/W-1531/2025-26/299DATED27/10/2025
HIGH,POSSIBLE_DUPLICATE,69c6b9f6ee89,NHPC,same reference number on two records,NH/CPS-1/PC/W-1558/2025-26/298DATED27/10/2025
HIGH,POSSIBLE_DUPLICATE,4dc7abee7618,NHPC,same reference number on two records,NH/CPS-1/PC/W-1557/2025-26/297DATED25/10/2025
HIGH,POSSIBLE_DUPLICATE,fad3aa1bafa6,NHPC,same reference number on two records,NH/CPS-1/PC/W-1560/2025-26/296DATED25/10/2025
HIGH,POSSIBLE_DUPLICATE,e956e3865cf5,NHPC,same reference number on two records,GEM/2025/B/6803610DATED25-10-2025
HIGH,POSSIBLE_DUPLICATE,83b69fce6c76,NHPC,same reference number on two records,GEM/2025/B/6806160DATED25-10-2025
HIGH,POSSIBLE_DUPLICATE,6363bc99819a,NHPC,same reference number on two records,NH/TSV/CONT/MC-148/NIT-1045/2025-26/467DATED25/10/2025ANDE-TENDERNO2025NHPC8828671
HIGH,POSSIBLE_DUPLICATE,a77b2bc1d8af,NHPC,same reference number on two records,GEM/2025/B/6763201DATED24-10-2025
HIGH,POSSIBLE_DUPLICATE,dc14a6505786,NHPC,same reference number on two records,2025NHPC8825831
HIGH,POSSIBLE_DUPLICATE,61ab34d1833a,NHPC,same reference number on two records,GEM/2025/B/6789001
HIGH,POSSIBLE_DUPLICATE,fa8f3605f52c,NHPC,same reference number on two records,NH/PPS-III/NIT/PR11925/149/1/113DATED18102025
HIGH,POSSIBLE_DUPLICATE,915f9a92c4e2,NHPC,same reference number on two records,NH/PPS-III/NIT/PR11925/134/1/112DATED18102025
HIGH,POSSIBLE_DUPLICATE,9b89af6577bf,NHPC,same reference number on two records,NH/CPS-1/PC/W-1556/2025-26/293DATED22/10/2025
HIGH,POSSIBLE_DUPLICATE,c2d00034ff62,NHPC,same reference number on two records,GEM/2025/B/6650827
HIGH,POSSIBLE_DUPLICATE,a95cd0d4e838,NHPC,same reference number on two records,GEM/2025/B/6797875
HIGH,POSSIBLE_DUPLICATE,c47e2231e8a0,NHPC,same reference number on two records,GEM/2025/B/6792315
HIGH,POSSIBLE_DUPLICATE,fcbc91137b1c,NHPC,same reference number on two records,NH/DPS/CONT/NIT-253/2025/E153671DATED19112025
HIGH,POSSIBLE_DUPLICATE,fed5934d67a7,NHPC,same reference number on two records,NH/TSV/CONT/CC-356/NIT-1044/2025-26/261DATED20/10/2025ANDTENDERIDNO2025NHPC8823271
HIGH,POSSIBLE_DUPLICATE,a4aaaf75a5c9,NHPC,same reference number on two records,NH/PPS-III/NIT/PR11925/128/1/110DATED17102025
HIGH,POSSIBLE_DUPLICATE,b2c6d4c5b8af,NHPC,same reference number on two records,NH/PPS-III/NIT/PR11925/147/1/108DATED16102025
HIGH,POSSIBLE_DUPLICATE,3aec481dec21,NHPC,same reference number on two records,NH/DPS/CONT/NIT-252/2025/E156131DATED18102025
HIGH,POSSIBLE_DUPLICATE,2d6bc17dc232,NHPC,same reference number on two records,GEM/2025/B/6773122DATED17-10-2025
HIGH,POSSIBLE_DUPLICATE,f34b8e57b957,NHPC,same reference number on two records,NH/CPS-1/PC/W-1537/2025-26/285DATED17/10/2025
HIGH,POSSIBLE_DUPLICATE,58a2bcb5d723,NHPC,same reference number on two records,NH/SIANGLOWER/NIT/2025/10
HIGH,POSSIBLE_DUPLICATE,a0585d2fb8a1,NHPC,same reference number on two records,NH/CPS-1/PC/W-1553/2025-26/284DATED17/10/2025
HIGH,POSSIBLE_DUPLICATE,c70935400ce3,NHPC,same reference number on two records,NH/CPS-1/PC/W-1538/2025-26/281DATED16/10/2025
HIGH,POSSIBLE_DUPLICATE,fa8fee07338d,NHPC,same reference number on two records,NH/CPS-1/PC/W-1547/2025-26/280DATED16/10/2025
HIGH,POSSIBLE_DUPLICATE,2ca712f39482,NHPC,same reference number on two records,NH/SIANGLOWER/NIT/2025/09
HIGH,POSSIBLE_DUPLICATE,7937e4a74a3a,NHPC,same reference number on two records,NH/SIANGLOWER/NIT/2025/08
HIGH,POSSIBLE_DUPLICATE,a0d0eaa109c2,NHPC,same reference number on two records,NH/SIANGLOWER/NIT/2025/07
HIGH,POSSIBLE_DUPLICATE,0c1d267b737c,NHPC,same reference number on two records,GEM/2025/B/6726539
HIGH,POSSIBLE_DUPLICATE,5d9c3e1837f2,NHPC,same reference number on two records,GEM/2025/B/6775963
HIGH,POSSIBLE_DUPLICATE,f8474938b418,NHPC,same reference number on two records,GEM/2025/B/6738550
HIGH,POSSIBLE_DUPLICATE,08e30c6e0d7f,NHPC,same reference number on two records,NBPS/CP/2025-26/S-11/168DATED10-10-2025
HIGH,POSSIBLE_DUPLICATE,69e4cbf694a6,NHPC,same reference number on two records,NH/CPS-1/PC/W-1555/2025-26/270DATED14/10/2025
HIGH,POSSIBLE_DUPLICATE,c35063f02d60,NHPC,same reference number on two records,NBPS/CP/2025-26/S-13/172DATED14-10-2025
HIGH,POSSIBLE_DUPLICATE,d9e44909cbaf,NHPC,same reference number on two records,2025NHPC8807351
HIGH,POSSIBLE_DUPLICATE,de34ffda11e6,NHPC,same reference number on two records,NBPS/CP/2025-26/S-12/171DATED13-10-2025
HIGH,POSSIBLE_DUPLICATE,daab44eb420c,NHPC,same reference number on two records,-1093O
HIGH,POSSIBLE_DUPLICATE,114306f8210b,NHPC,same reference number on two records,NH/DPS/CONT/NIT-250/2025/E155879DATED14102025
HIGH,POSSIBLE_DUPLICATE,9ad758acdc08,NHPC,same reference number on two records,NH/CPS-1/PC/W-1552/2025-26/267DATED13/10/2025
HIGH,POSSIBLE_DUPLICATE,1b1cfa0a9b48,NHPC,same reference number on two records,NH-RPS-DC011/1/2025-DAMC/106
HIGH,POSSIBLE_DUPLICATE,e67cab8e2471,NHPC,same reference number on two records,-1092O
HIGH,POSSIBLE_DUPLICATE,5d820f585dbe,NHPC,same reference number on two records,NH/DPS/CONT/NIT-251/2025/E150545DATED15102025
HIGH,POSSIBLE_DUPLICATE,8dad61c78a9e,NHPC,same reference number on two records,NH-RPS-HM01313/1/2025-DAMHM/105
HIGH,POSSIBLE_DUPLICATE,f21a54cfbaef,NHPC,same reference number on two records,GEM/2025/B/6778126DATED13-10-2025
HIGH,POSSIBLE_DUPLICATE,75765d51eb06,NHPC,same reference number on two records,NH/UPS/PCS/C-121/NIQ-103/364DATED10102025
HIGH,POSSIBLE_DUPLICATE,e85474bacd2a,NHPC,same reference number on two records,GEM/2025/B/6769097
HIGH,POSSIBLE_DUPLICATE,1a7373ff12f2,NHPC,same reference number on two records,GEM/2025/B/6752424DATED-08-10-2025
HIGH,POSSIBLE_DUPLICATE,13cc241d2a5b,NHPC,same reference number on two records,NH/CPS-1/PC/W-1551/2025-26/264DATED11/10/2025
HIGH,POSSIBLE_DUPLICATE,de5efb638d27,NHPC,same reference number on two records,GEM/2025/B/6754475DATED11-10-2025
HIGH,POSSIBLE_DUPLICATE,2d65c0da5208,NHPC,same reference number on two records,NH/CPS-1/PNC/W-1545/2025-26/263DATED10/10/2025
HIGH,POSSIBLE_DUPLICATE,b818d4f7e8b6,NHPC,same reference number on two records,GEM/2025/B/6748974DATED10-10-2025
HIGH,POSSIBLE_DUPLICATE,0f7c8c5c842c,NHPC,same reference number on two records,NBPS/CP/2025-26/P-15DATED30-09-2025
HIGH,POSSIBLE_DUPLICATE,b24fa3634ede,NHPC,same reference number on two records,NBPS/CP/2025-26/P-17DATED25-09-2025
HIGH,POSSIBLE_DUPLICATE,8264a4c84448,NHPC,same reference number on two records,NBPS/CP/2025-26/S-10/156DATED23-09-2025
HIGH,POSSIBLE_DUPLICATE,a2f5c54c446c,NHPC,same reference number on two records,2025NHPC8808071
HIGH,POSSIBLE_DUPLICATE,dc746732c5c6,NHPC,same reference number on two records,GEM/2025/B/6725966
HIGH,POSSIBLE_DUPLICATE,5756382c41aa,NHPC,same reference number on two records,GEM/2025/B/6721056
HIGH,POSSIBLE_DUPLICATE,5de415565dcf,NHPC,same reference number on two records,GEM/2025/B/6765786
HIGH,POSSIBLE_DUPLICATE,dfe10549ef85,NHPC,same reference number on two records,2025NHPC8804931
HIGH,POSSIBLE_DUPLICATE,e4cf9621874d,NHPC,same reference number on two records,2025NHPC8802441
HIGH,POSSIBLE_DUPLICATE,e61b77d3af37,NHPC,same reference number on two records,GEM/2025/B/6752569DATED07-10-2025
HIGH,POSSIBLE_DUPLICATE,504992f385ce,NHPC,same reference number on two records,GEM/2025/B/6750171
HIGH,POSSIBLE_DUPLICATE,b6be90d11f3d,NHPC,same reference number on two records,NH/CCW/CC-II/CO-422/PR10025/219
HIGH,POSSIBLE_DUPLICATE,83dc0e846c0a,NHPC,same reference number on two records,NH/TSV/CONT/EC-167/NIT-1043/2025-26/240DATED06/10/2025ANDGEMBIDNOGEM/2025/B/6757907
HIGH,POSSIBLE_DUPLICATE,5f02b9736453,NHPC,same reference number on two records,GEM/2025/B/6554304
HIGH,POSSIBLE_DUPLICATE,1ee659d51ee8,NHPC,same reference number on two records,GEM/2025/B/6656621
HIGH,POSSIBLE_DUPLICATE,8a383307ca4a,NHPC,same reference number on two records,NH/TSV/CONT/CC-355/NIT-1042/2025-26/156DATED06/10/2025ANDE-TENDERID2025NHPC8801241
HIGH,POSSIBLE_DUPLICATE,cdbb9cb4753e,NHPC,same reference number on two records,2025NHPC8801491
HIGH,POSSIBLE_DUPLICATE,a72be0d02978,NHPC,same reference number on two records,NH/CPS-1/PC/W-1534/2025-26/247DATED04/10/2025
HIGH,POSSIBLE_DUPLICATE,8dbc9f6f4cc4,NHPC,same reference number on two records,NH/CPS-1/PC/W-1542/2025-26/245DATED03/10/2025
HIGH,POSSIBLE_DUPLICATE,ffd7314d9c2c,NHPC,same reference number on two records,GEM/2025/B/6749678
HIGH,POSSIBLE_DUPLICATE,0847dd1d72d2,NHPC,same reference number on two records,NH/TEESTA-VI/PC/NIT-38/2025/828
HIGH,POSSIBLE_DUPLICATE,971d068d6c84,NHPC,same reference number on two records,GEM/2025/B/6744694DATED01-10-2025
HIGH,POSSIBLE_DUPLICATE,a7d71c715990,NHPC,same reference number on two records,GEM/2025/B/6555688
HIGH,POSSIBLE_DUPLICATE,4d38ef10bad9,NHPC,same reference number on two records,NH/CPS-1/PC/W-1548/2025-26/242DATED30/09/2025
HIGH,POSSIBLE_DUPLICATE,49a1ab061c66,NHPC,same reference number on two records,GEM/2025/B/6592902
HIGH,POSSIBLE_DUPLICATE,33c56cb11475,NHPC,same reference number on two records,GEM/2025/B/6685627
HIGH,POSSIBLE_DUPLICATE,04329c102409,NHPC,same reference number on two records,GEM/2025/B/6740763
HIGH,POSSIBLE_DUPLICATE,1c45ceb1cd1b,NHPC,same reference number on two records,NBPS/CP/2025-26/W-30/257
HIGH,POSSIBLE_DUPLICATE,73d6c809cc51,NHPC,same reference number on two records,NH/CCW/CC-IV/CO-418/PR10025/184
HIGH,POSSIBLE_DUPLICATE,79ba198e48f3,NHPC,same reference number on two records,GEM/2025/B/6665928
HIGH,POSSIBLE_DUPLICATE,37ae70264455,NHPC,same reference number on two records,GEM/2025/B/6602951
HIGH,POSSIBLE_DUPLICATE,ec2c8760a54f,NHPC,same reference number on two records,GEM/2025/B/6712418
HIGH,POSSIBLE_DUPLICATE,647fe28662dc,NHPC,same reference number on two records,GEM/2025/B/6715914
HIGH,POSSIBLE_DUPLICATE,3dac667c776d,NHPC,same reference number on two records,NH-RPS-DC01116/4/2025-DAMC/97
HIGH,POSSIBLE_DUPLICATE,27db8ea3829a,NHPC,same reference number on two records,NH-RPS-DC01111/1/2025-DAMC/96
HIGH,POSSIBLE_DUPLICATE,3aa85e15aad2,NHPC,same reference number on two records,GEM/2025/B/6727851
HIGH,POSSIBLE_DUPLICATE,5270bd72deaa,NHPC,same reference number on two records,GEM/2025/B/6703128DATED27-09-2025
HIGH,POSSIBLE_DUPLICATE,4ec3e9221e84,NHPC,same reference number on two records,NH/CPS-1/PC/W-1515/2025-26/232DATED25/09/2025
HIGH,POSSIBLE_DUPLICATE,4738ba82a13c,NHPC,same reference number on two records,NH/CPS-1/PC/W-1536/2025-26/231DATED25/09/2025
HIGH,POSSIBLE_DUPLICATE,50b990aa101e,NHPC,same reference number on two records,GEM/2025/B/6705488DATED25-09-2025
HIGH,POSSIBLE_DUPLICATE,73124b92e27a,NHPC,same reference number on two records,GEM/2025/B/6711999
HIGH,POSSIBLE_DUPLICATE,d36eec4ab6a9,NHPC,same reference number on two records,1091O
HIGH,POSSIBLE_DUPLICATE,691e64a7c392,NHPC,same reference number on two records,2025NHPC8786691
HIGH,POSSIBLE_DUPLICATE,84fa2968d14d,NHPC,same reference number on two records,NH/CPS-1/PC/W-1509/2025-26/229DATE23/09/2025
HIGH,POSSIBLE_DUPLICATE,e07496790e66,NHPC,same reference number on two records,2025NHPC8783951
HIGH,POSSIBLE_DUPLICATE,75a5b1546866,NHPC,same reference number on two records,GEM/2025/B/6661765
HIGH,POSSIBLE_DUPLICATE,1171b45eefdb,NHPC,same reference number on two records,2025NHPC8784871
HIGH,POSSIBLE_DUPLICATE,e774402d7ab1,NHPC,same reference number on two records,NH/TLD-IVPS/PC/W-935/2025/2071DATED20/09/2025
HIGH,POSSIBLE_DUPLICATE,b6331bf8102b,NHPC,same reference number on two records,GEM/2025/B/6600291
HIGH,POSSIBLE_DUPLICATE,66b9f0bf7ae6,NHPC,same reference number on two records,NH/CPS-1/PC/W-1533/2025-26/224DATED19/09/2025
HIGH,POSSIBLE_DUPLICATE,ad935bf413bf,NHPC,same reference number on two records,NH/PPS-III/NIT/PR11924/35-87/1/87DATED19092025
HIGH,POSSIBLE_DUPLICATE,fc2f32616e9c,NHPC,same reference number on two records,GEM/2025/B/6573853DATED16-09-2025
HIGH,POSSIBLE_DUPLICATE,ab7833cb36f8,NHPC,same reference number on two records,NH/TLD-IVPS/W-936/2025/2064DATED19/09/2025
HIGH,POSSIBLE_DUPLICATE,d509054dca80,NHPC,same reference number on two records,GEM/2025/B/6625610DATED19-09-2025
HIGH,POSSIBLE_DUPLICATE,d9a72334fd08,NHPC,same reference number on two records,GEM/2025/B/6689726
HIGH,POSSIBLE_DUPLICATE,a416967476c8,NHPC,same reference number on two records,NH/TSV/CONT/RM-213/NIT-1040/2025-26/224DATED19/09/2025ANDGEM/2025/B/6700885
HIGH,POSSIBLE_DUPLICATE,0d1efcb0dd7c,NHPC,same reference number on two records,NH/UPS/PCS/C-119/NIQ-102/355DATED15092025
HIGH,POSSIBLE_DUPLICATE,5d701b20467b,NHPC,same reference number on two records,NH/PSP/MASINTA/PR16925/22/01
HIGH,POSSIBLE_DUPLICATE,6e4efc93e8a3,NHPC,same reference number on two records,GEM/2025/B/6668382DATED18-09-2025
HIGH,POSSIBLE_DUPLICATE,4a6b5c2147d6,NHPC,same reference number on two records,GEM/2025/B/6642167DATED18-09-2025
HIGH,POSSIBLE_DUPLICATE,8b96a173fa76,NHPC,same reference number on two records,GEM/2025/B/6694209DATED17-09-2025
HIGH,POSSIBLE_DUPLICATE,54bf34957f51,NHPC,same reference number on two records,2025NHPC8756221
HIGH,POSSIBLE_DUPLICATE,135691519391,NHPC,same reference number on two records,NH-RPS-PH01213/9/2025-PH/80
HIGH,POSSIBLE_DUPLICATE,14abe28cb98c,NHPC,same reference number on two records,2025NHPC8774611
HIGH,POSSIBLE_DUPLICATE,ad4ce8fc913e,NHPC,same reference number on two records,GEM/2025/B/6590166DATED13-09-2025
HIGH,POSSIBLE_DUPLICATE,d7fae192c6c7,NHPC,same reference number on two records,GEM/2025/B/6669549DATED12-09-2025
HIGH,POSSIBLE_DUPLICATE,722666661d9b,NHPC,same reference number on two records,NH/TSV/CONT/MC-164/NIT-1039/2025-26/219DATED15/09/2025ANDE-TENDERID2025NHPC8775151
HIGH,POSSIBLE_DUPLICATE,e27842b81027,NHPC,same reference number on two records,NH/CCW/CC-IV/CO-415/PR10025/78
HIGH,POSSIBLE_DUPLICATE,015cb19117a0,NHPC,same reference number on two records,GEM/2025/B/6627196DATED13-09-2025
HIGH,POSSIBLE_DUPLICATE,8f73731f7cbc,NHPC,same reference number on two records,GEM/2025/B/6678661
HIGH,POSSIBLE_DUPLICATE,b2ae5cdafb5b,NHPC,same reference number on two records,GEMBIDNOGEM/2025/B/6638426
HIGH,POSSIBLE_DUPLICATE,c8aaab9c5170,NHPC,same reference number on two records,GEMBIDNOGEM/2025/B/6638485
HIGH,POSSIBLE_DUPLICATE,63f0d92c2bf4,NHPC,same reference number on two records,NH/PPS-III/NIT/PR11925/46/1/80DATED11/09/2025
HIGH,POSSIBLE_DUPLICATE,4eecb17b9927,NHPC,same reference number on two records,GEM/2025/B/6650232DATED12-09-2025
HIGH,POSSIBLE_DUPLICATE,5a6ed38b4b9a,NHPC,same reference number on two records,NH/PPS-III/NIT/PR11925/44/01/77DATED08-09-2025
HIGH,POSSIBLE_DUPLICATE,77eafcbe877f,NHPC,same reference number on two records,GEM/2025/B/6631678
HIGH,POSSIBLE_DUPLICATE,f6e42a69615e,NHPC,same reference number on two records,GEMBIDNOGEM/2025/B/6645594
HIGH,POSSIBLE_DUPLICATE,12c225651513,NHPC,same reference number on two records,GEM/2025/B/6645844
HIGH,POSSIBLE_DUPLICATE,a1eea15c3ab0,NHPC,same reference number on two records,GEM/2025/B/6627197
HIGH,POSSIBLE_DUPLICATE,eb26e1655df2,NHPC,same reference number on two records,NH/CPS-II/CONT/E-146705/2025-26/10DATE09092025
HIGH,POSSIBLE_DUPLICATE,f65d8127d871,NHPC,same reference number on two records,GEM/2025/B/6595089DATED09-09-2025
HIGH,POSSIBLE_DUPLICATE,22c428c9ce6a,NHPC,same reference number on two records,GEM/2025/B/6603822
HIGH,POSSIBLE_DUPLICATE,7bbdfc270fe7,NHPC,same reference number on two records,PURCHASEOFSULFURHEXAFLUORIDESF6GASANALYSERFOR400KVGISOFURI-IIPOWERSTATION
HIGH,POSSIBLE_DUPLICATE,2ab764595098,NHPC,same reference number on two records,2025NHPC8760531
HIGH,POSSIBLE_DUPLICATE,954804423d1d,NHPC,same reference number on two records,GEM/2025/B/6593146DATED03-09-2025
HIGH,POSSIBLE_DUPLICATE,8bef8c6beb73,NHPC,same reference number on two records,NH/CPS-1/PC/W-1525/2025-26/207DATED06/09/2025
HIGH,POSSIBLE_DUPLICATE,6ec073ee11c6,NHPC,same reference number on two records,GEM/2025/B/6650056DATED06-09-2025
HIGH,POSSIBLE_DUPLICATE,cd0dddbc7dbb,NHPC,same reference number on two records,NH-RPS-PH013/14/2025-PH/75
HIGH,POSSIBLE_DUPLICATE,1ebcbe78f1f8,NHPC,same reference number on two records,NH/TSV/CONT/CC-354/NIT-1038/2025-26/309DATED05/09/2025ANDTENDERIDNO2025NHPC8762411
HIGH,POSSIBLE_DUPLICATE,81575a989d74,NHPC,same reference number on two records,GEM/2025/B/6632499DATED04-09-2025
HIGH,POSSIBLE_DUPLICATE,360a4c687a0a,NHPC,same reference number on two records,GEM/2025/B/6627791DATED04-09-2025
HIGH,POSSIBLE_DUPLICATE,b32420770103,NHPC,same reference number on two records,NH/UPS/PCS/C-115/NIQ-101/345DATED27082025
HIGH,POSSIBLE_DUPLICATE,5b41d6222659,NHPC,same reference number on two records,GEM/2025/B/6615748DATED03-09-2025
HIGH,POSSIBLE_DUPLICATE,72c0b38b69b9,NHPC,same reference number on two records,2025NHPC8756211
HIGH,POSSIBLE_DUPLICATE,f8321239897e,NHPC,same reference number on two records,2025NHPC8754411
HIGH,POSSIBLE_DUPLICATE,1f3dde961e1b,NHPC,same reference number on two records,NH/CPS-1/PC/W-1519/2025-26/198DATED30/08/2025
HIGH,POSSIBLE_DUPLICATE,08afba176bda,NHPC,same reference number on two records,GEM/2025/B/6566997
HIGH,POSSIBLE_DUPLICATE,af4e83bd4137,NHPC,same reference number on two records,NH/DG/CONTRACT/1071/2025-26/48
HIGH,POSSIBLE_DUPLICATE,dd04a1d87f06,NHPC,same reference number on two records,NH/TSV/CONT/EC-168/NIT-1037/2025-26/207DATED01/09/2025ANDGEMBIDNOGEM/2025/B/6555280
HIGH,POSSIBLE_DUPLICATE,e59dab41272f,NHPC,same reference number on two records,GEM/2025/B/6547279
HIGH,POSSIBLE_DUPLICATE,88c4e0cab873,NHPC,same reference number on two records,-1090L
HIGH,POSSIBLE_DUPLICATE,9b18c5222865,NHPC,same reference number on two records,GEM/2025/B/6591693
HIGH,POSSIBLE_DUPLICATE,940826f209d7,NHPC,same reference number on two records,GEM/2025/B/6571719DATED26-08-2025
HIGH,POSSIBLE_DUPLICATE,c9e624892838,NHPC,same reference number on two records,GEM/2025/B/6599857
HIGH,POSSIBLE_DUPLICATE,0656357dc194,NHPC,same reference number on two records,2025NHPC8751591
HIGH,POSSIBLE_DUPLICATE,4a2f85fa9a34,NHPC,same reference number on two records,GEM/2025/B/6528196
HIGH,POSSIBLE_DUPLICATE,88be6efeec6b,NHPC,same reference number on two records,2025NHPC8751311
HIGH,POSSIBLE_DUPLICATE,4275cc713aae,NHPC,same reference number on two records,GEM/2025/B/6610633DATED28-08-2025
HIGH,POSSIBLE_DUPLICATE,af22691983cc,NHPC,same reference number on two records,NH/CPS-1/PC/W-1501/2025-26/195DATED28/08/2025
HIGH,POSSIBLE_DUPLICATE,018fbe3f35e0,NHPC,same reference number on two records,NH/SLP/CONT/2025/C-11/NIT/594
HIGH,POSSIBLE_DUPLICATE,b8dc9266348e,NHPC,same reference number on two records,GEM/2025/B/6611082DATED26-08-2025
HIGH,POSSIBLE_DUPLICATE,2f4b2c8cf291,NHPC,same reference number on two records,NH/DG/CONTRACT/1070/2025-26/45
HIGH,POSSIBLE_DUPLICATE,4d299643dec2,NHPC,same reference number on two records,NH/SEWA-II/CONTRACTS/CW-693/2025/NIT-08/91DATED27082025
HIGH,POSSIBLE_DUPLICATE,7b51b9cb96e3,NHPC,same reference number on two records,GEM/2025/B/6559530DATED26-08-2025
HIGH,POSSIBLE_DUPLICATE,27f5d9f1d6f0,NHPC,same reference number on two records,NH/CPS-1/PC/W-1523/2025-26/194DATED26/08/2025
HIGH,POSSIBLE_DUPLICATE,826641050766,NHPC,same reference number on two records,NH/UPS/PCS/C-114/NIQ-100/343DATED25082025
HIGH,POSSIBLE_DUPLICATE,0cadb93dff21,NHPC,same reference number on two records,NH/UPS/PCS/C-113/NIQ-99/341DATED23082025
HIGH,POSSIBLE_DUPLICATE,ec6a7f36dd8b,NHPC,same reference number on two records,GEM/2025/B/6517970
HIGH,POSSIBLE_DUPLICATE,a81f4f598406,NHPC,same reference number on two records,GEM/2025/B/6518884
HIGH,POSSIBLE_DUPLICATE,f6adcef86be3,NHPC,same reference number on two records,-1089O
HIGH,POSSIBLE_DUPLICATE,5756bbfad6d1,NHPC,same reference number on two records,GEM/2025/B/6580159
HIGH,POSSIBLE_DUPLICATE,9ec2f788583c,NHPC,same reference number on two records,GEM/2025/B/6581034
HIGH,POSSIBLE_DUPLICATE,6c9a2261e77f,NHPC,same reference number on two records,GEM/2025/B/6580725
HIGH,POSSIBLE_DUPLICATE,0dc651b6bc02,NHPC,same reference number on two records,GEM/2025/B/6580477
HIGH,POSSIBLE_DUPLICATE,b562f59ea10b,NHPC,same reference number on two records,NH/CPS-II/CONT/E-147290/2025-26/08DATE20/08/2025
HIGH,POSSIBLE_DUPLICATE,e6b6d520263d,NHPC,same reference number on two records,NH/CPS-1/PC/W-1522/2025-26/186DATED22/08/2025
HIGH,POSSIBLE_DUPLICATE,4c86a8c23918,NHPC,same reference number on two records,NH/SPS/PC/NIT-08/25-26/512-522DATED22/08/2025CPPPTENDERID2025NHPC8742841
HIGH,POSSIBLE_DUPLICATE,9043729e51ba,NHPC,same reference number on two records,NH/SEWA-II/CONTRACTS/CW-694/2025/NIT-07/86DATED220820252025NHPC8742941
HIGH,POSSIBLE_DUPLICATE,919dfc4394c1,NHPC,same reference number on two records,GEM/2025/B/6574189DATED22-08-2025
HIGH,POSSIBLE_DUPLICATE,54b2b8f90007,NHPC,same reference number on two records,GEM/2025/B/6560100DATED22-08-2025
HIGH,POSSIBLE_DUPLICATE,e648a3b42569,NHPC,same reference number on two records,GEM/2025/B/6567807DATED21-08-2025
HIGH,POSSIBLE_DUPLICATE,df3cc23ce647,NHPC,same reference number on two records,2025NHPC8740881
HIGH,POSSIBLE_DUPLICATE,a620ae2485e4,NHPC,same reference number on two records,2025NHPC8740451
HIGH,POSSIBLE_DUPLICATE,dbf8395e9c1a,NHPC,same reference number on two records,NH/TLD-IVPS/PC/114613/2025/2051DATE21082025
HIGH,POSSIBLE_DUPLICATE,08fb3dd04f6d,NHPC,same reference number on two records,GEM/2025/B/6551374
HIGH,POSSIBLE_DUPLICATE,2301dc3cc935,NHPC,same reference number on two records,GEM/2025/B/6542132
HIGH,POSSIBLE_DUPLICATE,20362be87356,NHPC,same reference number on two records,GEM/2025/B/6541865
HIGH,POSSIBLE_DUPLICATE,8f34209f14c8,NHPC,same reference number on two records,GEM/2025/B/6549959
HIGH,POSSIBLE_DUPLICATE,5e9e0ddf18f7,NHPC,same reference number on two records,NH/TSV/CONT/MC-162/NIT-1036/2025-26/202DATED20/08/2025ANDE-TENDERID2025NHPC8719861
HIGH,POSSIBLE_DUPLICATE,7e1bdd851997,NHPC,same reference number on two records,2025NHPC8731961
HIGH,POSSIBLE_DUPLICATE,ac80cdac7c0f,NHPC,same reference number on two records,NH/TEESTA-VI/PC/2025/814
HIGH,POSSIBLE_DUPLICATE,7581a2ecb191,NHPC,same reference number on two records,GEM/2025/B/6539190
HIGH,POSSIBLE_DUPLICATE,ef05c4536b1b,NHPC,same reference number on two records,GEM/2025/B/6558620
HIGH,POSSIBLE_DUPLICATE,a76f7a2f1b6e,NHPC,same reference number on two records,NH/TLD-IVPS/PC/W-933/2025/2050DATE20082025
HIGH,POSSIBLE_DUPLICATE,140fc5309729,NHPC,same reference number on two records,NH/SPS/PC/25-26/NIT-213
HIGH,POSSIBLE_DUPLICATE,1f136b291d73,NHPC,same reference number on two records,GEM/2025/B/6388401
HIGH,POSSIBLE_DUPLICATE,15ddd6a79661,NHPC,same reference number on two records,GEM/2025/B/6485693
HIGH,POSSIBLE_DUPLICATE,e5772e96038e,NHPC,same reference number on two records,NH/TLD-IVPS/PC/W-934/2025/2048DATED16/08/2025
HIGH,POSSIBLE_DUPLICATE,f597d9b8326c,NHPC,same reference number on two records,GEM/2025/B/6561614DATED18-08-2025
HIGH,POSSIBLE_DUPLICATE,762cd46f1243,NHPC,same reference number on two records,GEM/2025/B/6579274
HIGH,POSSIBLE_DUPLICATE,934f8fa0e9ab,NHPC,same reference number on two records,GEM/2025/B/6537038
HIGH,POSSIBLE_DUPLICATE,a49221957440,NHPC,same reference number on two records,GEM/2025/B/6577303DATED16-08-2025
HIGH,POSSIBLE_DUPLICATE,d72aed6ba57a,NHPC,same reference number on two records,2025NHPC8735481
HIGH,POSSIBLE_DUPLICATE,b33e0e05f5c6,NHPC,same reference number on two records,GEM/2025/B/6561777DATED14-08-2025
HIGH,POSSIBLE_DUPLICATE,4df11caceb44,NHPC,same reference number on two records,GEM/2025/B/6557961
HIGH,POSSIBLE_DUPLICATE,cd435b621ef2,NHPC,same reference number on two records,GEM/2025/B/6457024
HIGH,POSSIBLE_DUPLICATE,34550f16bc1e,NHPC,same reference number on two records,GEM/2025/B/6557617DATED14-08-2025
HIGH,POSSIBLE_DUPLICATE,1d87124ea371,NHPC,same reference number on two records,NH/CPS-1/PC/W-1518/2025-26/173DATED06/08/2025
HIGH,POSSIBLE_DUPLICATE,eee63bc58ccc,NHPC,same reference number on two records,GEM/2025/B/6562469DATED13-08-2025
HIGH,POSSIBLE_DUPLICATE,49c2a3336dae,NHPC,same reference number on two records,NH/CPS-1/PC/W-1512/2025-26/169DATED05/08/2025
HIGH,POSSIBLE_DUPLICATE,11d784e8a066,NHPC,same reference number on two records,NH/CPS-1/PC/W-1529/2025-26/166DATED01/08/2025
HIGH,POSSIBLE_DUPLICATE,819478633ccf,NHPC,same reference number on two records,NH/CPS-1/PC/W-1528/2025-26/165DATED31/07/2025
HIGH,POSSIBLE_DUPLICATE,52dcde8f7cd6,NHPC,same reference number on two records,GEM/2025/B/6337406
HIGH,POSSIBLE_DUPLICATE,4e8f9eeb03f4,NHPC,same reference number on two records,GEM/2025/B/6473778
HIGH,POSSIBLE_DUPLICATE,79ea05b04416,NHPC,same reference number on two records,GEM/2025/B/6524051DATED05-08-2025
HIGH,POSSIBLE_DUPLICATE,07dbd675a34a,NHPC,same reference number on two records,GEM/2025/B/6472479DATED28-07-2025
HIGH,POSSIBLE_DUPLICATE,1a077a002bd9,NHPC,same reference number on two records,GEM/2025/B/6497715DATED05-08-2025
HIGH,POSSIBLE_DUPLICATE,33bf335d4513,NHPC,same reference number on two records,GEM/2025/B/6525083DATED09-08-2025
HIGH,POSSIBLE_DUPLICATE,329b68694cf9,NHPC,same reference number on two records,GEM/2025/B/6478899
HIGH,POSSIBLE_DUPLICATE,2ba843f54cea,NHPC,same reference number on two records,GEM/2025/B/6500877
HIGH,POSSIBLE_DUPLICATE,e7ff14a53a92,NHPC,same reference number on two records,GEM/2025/B/6496575
HIGH,POSSIBLE_DUPLICATE,c2df8d060eac,NHPC,same reference number on two records,2025NHPC8727011
HIGH,POSSIBLE_DUPLICATE,1a41a912a255,NHPC,same reference number on two records,GEM/2025/B/6481242
HIGH,POSSIBLE_DUPLICATE,ea319ab0e57e,NHPC,same reference number on two records,NH/CPS-II/CONT/E-133813/2025-26/08DATE08/08/2025
HIGH,POSSIBLE_DUPLICATE,97a77cf2deb1,NHPC,same reference number on two records,LOCATION
HIGH,POSSIBLE_DUPLICATE,88b8eb5d5bfc,NHPC,same reference number on two records,2025NHPC8723751
HIGH,POSSIBLE_DUPLICATE,5a86c4561cc7,NHPC,same reference number on two records,NH/TSV/CONT/RM-212/NIT-1035/2025-26/187DATED07/08/2025ANDGEMBIDNO-GEM/2025/B/6545276
HIGH,POSSIBLE_DUPLICATE,dd543c8ce7b6,NHPC,same reference number on two records,GEM/2025/B/6481120
HIGH,POSSIBLE_DUPLICATE,543ad9463be0,NHPC,same reference number on two records,NH/SPS/PC/NIT-05/2025-26/458-467TENDERID2025NHPC8723511
HIGH,POSSIBLE_DUPLICATE,c0bbd7ea12e5,NHPC,same reference number on two records,GEM/2025/B/6538559DATED05-08-2025
HIGH,POSSIBLE_DUPLICATE,26e07635661c,NHPC,same reference number on two records,H/TSV/CONT/MC-161/NIT-1034/2025-26/186DATED06/08/2025ANDGEMBIDNOGEM/2025/B/6519383
HIGH,POSSIBLE_DUPLICATE,6188349f88f9,NHPC,same reference number on two records,-1088O
HIGH,POSSIBLE_DUPLICATE,70ed3443fb05,NHPC,same reference number on two records,GEM/2025/B/6490155
HIGH,POSSIBLE_DUPLICATE,210a85c98a7b,NHPC,same reference number on two records,GEM/2025/B/6535696
HIGH,POSSIBLE_DUPLICATE,0440a5f465f1,NHPC,same reference number on two records,NH/CCW/CC-III/CO-406/PR-10925/83
HIGH,POSSIBLE_DUPLICATE,2fbb7a482c86,NHPC,same reference number on two records,-1087O
HIGH,POSSIBLE_DUPLICATE,a29790ebc4a5,NHPC,same reference number on two records,GEM/2025/B/6508217
HIGH,POSSIBLE_DUPLICATE,438102c19f15,NHPC,same reference number on two records,GEM/2025/B/6503119
HIGH,POSSIBLE_DUPLICATE,f05749b00dab,NHPC,same reference number on two records,GEM/2025/B/6509358DATED4-08-2025
HIGH,POSSIBLE_DUPLICATE,d77578eb3066,NHPC,same reference number on two records,GEM/2025/B/6513913
HIGH,POSSIBLE_DUPLICATE,d3a1149c7656,NHPC,same reference number on two records,GEM/2025/B/6363194
HIGH,POSSIBLE_DUPLICATE,717dd17d4962,NHPC,same reference number on two records,NH/TEESTA-VI/PC/2025/809
HIGH,POSSIBLE_DUPLICATE,ae8421a7d97e,NHPC,same reference number on two records,NH/SEWA-II/CONTRACTS/CW-691/2025/NIT-06/75DATED03082025
HIGH,POSSIBLE_DUPLICATE,ada2e5de3dc4,NHPC,same reference number on two records,GEM/2025/B/6358870
HIGH,POSSIBLE_DUPLICATE,244436d4dc1c,NHPC,same reference number on two records,GEM/2025/B/6485672DATED02-08-2025
HIGH,POSSIBLE_DUPLICATE,c293e4b8315e,NHPC,same reference number on two records,GEM/2025/B/6500972DATED02-08-2025
HIGH,POSSIBLE_DUPLICATE,38478dfc1b4f,NHPC,same reference number on two records,GEM/2025/B/6444054DATED01-08-2025
HIGH,POSSIBLE_DUPLICATE,08aab98abd6d,NHPC,same reference number on two records,GEM/2025/B/6524228DATED01-08-2025
HIGH,POSSIBLE_DUPLICATE,00c1fe42be56,NHPC,same reference number on two records,NH/TLD-IVPS/PC/W-933/2025/2047DATED01/08/2025
HIGH,POSSIBLE_DUPLICATE,507b2c0e6fd0,NHPC,same reference number on two records,2025NHPC8716251
HIGH,POSSIBLE_DUPLICATE,20cb80f9e182,NHPC,same reference number on two records,-1086O
HIGH,POSSIBLE_DUPLICATE,8b1e0ae2627b,NHPC,same reference number on two records,GEM/2025/B/6460470DATED31-07-2025
HIGH,POSSIBLE_DUPLICATE,1c8348a48c76,NHPC,same reference number on two records,2025NHPC8715291
HIGH,POSSIBLE_DUPLICATE,9845e3099b25,NHPC,same reference number on two records,NBPS/CNP/2025-26/W-29/256
HIGH,POSSIBLE_DUPLICATE,7d5d2a3ca0fb,NHPC,same reference number on two records,2025NHPC8714651
HIGH,POSSIBLE_DUPLICATE,93fd8e8243a6,NHPC,same reference number on two records,GEM/2025/B/650541631-07-2025
HIGH,POSSIBLE_DUPLICATE,f3ab8564c69a,NHPC,same reference number on two records,GEM/2025/B/6476439DATED31-07-2025
HIGH,POSSIBLE_DUPLICATE,797ff1e2ee80,NHPC,same reference number on two records,GEM/2025/B/6420837DATED26-07-2025
HIGH,POSSIBLE_DUPLICATE,3fd0a1bdb423,NHPC,same reference number on two records,NH/SPS/PNC/NIT07/25-26/429-439CPPPTENDERID2025NHPC8706621
HIGH,POSSIBLE_DUPLICATE,90f346fb0588,NHPC,same reference number on two records,GEM/2025/B/6480419DATED-29072025
HIGH,POSSIBLE_DUPLICATE,fb5f92ef38fe,NHPC,same reference number on two records,GEM/2025/B/6482935DATED29-07-2025
HIGH,POSSIBLE_DUPLICATE,ba2ce0a7b517,NHPC,same reference number on two records,GEM/2025/B/6464856
HIGH,POSSIBLE_DUPLICATE,4f3b1dcf85d8,NHPC,same reference number on two records,NH/TSV/CONT/EC-167/NIT-1033/2025-26/174DATED30/07/2025ANDGEMBIDNOGEM/2025/B/6493285
HIGH,POSSIBLE_DUPLICATE,bc9b6e3828b8,NHPC,same reference number on two records,2025NHPC8701581
HIGH,POSSIBLE_DUPLICATE,7ff983383892,NHPC,same reference number on two records,GEM/2025/B/6489940
HIGH,POSSIBLE_DUPLICATE,fce1c08947b0,NHPC,same reference number on two records,GEM/2025/B/6411856
HIGH,POSSIBLE_DUPLICATE,df16b4911df7,NHPC,same reference number on two records,NH/DPS/CONT/NIT-248/2025/E142553DATED29072025
HIGH,POSSIBLE_DUPLICATE,5f696b3d7670,NHPC,same reference number on two records,2025NHPC8695661
HIGH,POSSIBLE_DUPLICATE,065200cf8375,NHPC,same reference number on two records,2025NHPC8707551
HIGH,POSSIBLE_DUPLICATE,310779a4360c,NHPC,same reference number on two records,NH/CPS-II/CONT/E-143740/2025-26/07DATED28/07/2025
HIGH,POSSIBLE_DUPLICATE,eae0f5be2886,NHPC,same reference number on two records,NH/DPS/CONT/NIT-247/2025/E148542DATED28072025
HIGH,POSSIBLE_DUPLICATE,cd93a1395ed6,NHPC,same reference number on two records,2025NHPC8706671
HIGH,POSSIBLE_DUPLICATE,57a35c72491a,NHPC,same reference number on two records,NH/CPS-II/CONT/E-136886/2025-26/05DATE17/07/2025
HIGH,POSSIBLE_DUPLICATE,1cc46745d052,NHPC,same reference number on two records,NH/CPS-II/CONT/E-144884/2024-25/06DATE25072025
HIGH,POSSIBLE_DUPLICATE,87f6f8b5b61f,NHPC,same reference number on two records,NH/ROCHD/PNC/CW17/2025/24DATED26072025
HIGH,POSSIBLE_DUPLICATE,c8aa46d5e20b,NHPC,same reference number on two records,NH/SIANGLOWER/NIT/2025/06
HIGH,POSSIBLE_DUPLICATE,fba9d001c45e,NHPC,same reference number on two records,NH/CPS-1/PC/W-1527/2025-26/155DATE24/07/2025
HIGH,POSSIBLE_DUPLICATE,19d677ddeb97,NHPC,same reference number on two records,NH/CPS-1/PC/W-1513/2025-26/156DATED25/07/2025
HIGH,POSSIBLE_DUPLICATE,0cb5ea20660d,NHPC,same reference number on two records,NH/ROBKT/PC/2025/CW210/15DTD25072025
HIGH,POSSIBLE_DUPLICATE,2e84ef9265bc,NHPC,same reference number on two records,NH/ROBKT/PC/2025/CW210/15DATED25072025
HIGH,POSSIBLE_DUPLICATE,9ee78ba0bb31,NHPC,same reference number on two records,-1085O
HIGH,POSSIBLE_DUPLICATE,dfa0ca65566e,NHPC,same reference number on two records,NH/SPS/CD/NIT-109/25-26/397-406CPPPTENDERID2025NHPC8690951
HIGH,POSSIBLE_DUPLICATE,ccbeb932b5f4,NHPC,same reference number on two records,NH/UPS/PCS/C-112/NIQ-98/327DATED23072024
HIGH,POSSIBLE_DUPLICATE,08243df53b19,NHPC,same reference number on two records,2025NHPC8700281
HIGH,POSSIBLE_DUPLICATE,7120f3a29a8f,NHPC,same reference number on two records,GEM/2025/B/6382387
HIGH,POSSIBLE_DUPLICATE,74a3310b864e,NHPC,same reference number on two records,GEM/2025/B/6429550
HIGH,POSSIBLE_DUPLICATE,16b97275b721,NHPC,same reference number on two records,-1084O
HIGH,POSSIBLE_DUPLICATE,9b9b605451fe,NHPC,same reference number on two records,GEM/2025/B/6446631DATED17-07-2025
HIGH,POSSIBLE_DUPLICATE,a830ff11045e,NHPC,same reference number on two records,GEM/2025/B/6325682
HIGH,POSSIBLE_DUPLICATE,ca639f87d29d,NHPC,same reference number on two records,GEM/2025/B/6457482DATED18-07-2025
HIGH,POSSIBLE_DUPLICATE,04df54e71166,NHPC,same reference number on two records,GEM/2025/B/6383997
HIGH,POSSIBLE_DUPLICATE,0ed94228356e,NHPC,same reference number on two records,GEM/2025/B/6394532
HIGH,POSSIBLE_DUPLICATE,d6d016bca8cc,NHPC,same reference number on two records,GEM/2025/B/6332242
HIGH,POSSIBLE_DUPLICATE,bcc850e67fc8,NHPC,same reference number on two records,GEM/2025/B/6444064DATED17-07-2025
HIGH,POSSIBLE_DUPLICATE,e66aeb011d6c,NHPC,same reference number on two records,GEM/2025/B/6318858
HIGH,POSSIBLE_DUPLICATE,62cdc66ff57b,NHPC,same reference number on two records,GEM/2025/B/6318942
HIGH,POSSIBLE_DUPLICATE,7c9ad6557cab,NHPC,same reference number on two records,GEM/2025/B/6318621
HIGH,POSSIBLE_DUPLICATE,1e48f97f602d,NHPC,same reference number on two records,GEM/2025/B/6319575
HIGH,POSSIBLE_DUPLICATE,abba1c6db57d,NHPC,same reference number on two records,GEM/2025/B/6342927
HIGH,POSSIBLE_DUPLICATE,3a255ae2d237,NHPC,same reference number on two records,2025NHPC8644421
HIGH,POSSIBLE_DUPLICATE,ef1ac8427562,NHPC,same reference number on two records,GEM/2025/B/6393807
HIGH,POSSIBLE_DUPLICATE,e107178db693,NHPC,same reference number on two records,GEM/2025/B/6318729
HIGH,POSSIBLE_DUPLICATE,cdbf5a263aee,NHPC,same reference number on two records,GEM/2025/B/6319153
HIGH,POSSIBLE_DUPLICATE,3ce53e2a43a3,NHPC,same reference number on two records,GEM/2025/B/6318811
HIGH,POSSIBLE_DUPLICATE,b8caef5b1d6c,NHPC,same reference number on two records,GEM/2025/B/6342844
HIGH,POSSIBLE_DUPLICATE,e232b8c9167a,NHPC,same reference number on two records,GEM/2025/B/6318898
HIGH,POSSIBLE_DUPLICATE,9c01901490bf,NHPC,same reference number on two records,GEM/2025/B/6425243
HIGH,POSSIBLE_DUPLICATE,fd5501da03aa,NHPC,same reference number on two records,GEM/2025/B/6362638
HIGH,POSSIBLE_DUPLICATE,d2ae95b8d492,NHPC,same reference number on two records,NH/CCW/CC-IV/CO-405/PR10025/121
HIGH,POSSIBLE_DUPLICATE,285bacab4214,NHPC,same reference number on two records,2025NHPC8637851
HIGH,POSSIBLE_DUPLICATE,80da58ad9d6c,NHPC,same reference number on two records,GEM/2025/B/6314136
HIGH,POSSIBLE_DUPLICATE,aba33aecf788,NHPC,same reference number on two records,2025NHPC8688541
HIGH,POSSIBLE_DUPLICATE,950011fe42d5,NHPC,same reference number on two records,GEM/2025/B/6323961
HIGH,POSSIBLE_DUPLICATE,b0ece8f61be9,NHPC,same reference number on two records,GEM/2025/B/6358264
HIGH,POSSIBLE_DUPLICATE,b90c920b6d32,NHPC,same reference number on two records,-1083O
HIGH,POSSIBLE_DUPLICATE,f346fcc0c5e8,NHPC,same reference number on two records,GEM/2025/B/6448658DATED15-07-2025
HIGH,POSSIBLE_DUPLICATE,0252620e4522,NHPC,same reference number on two records,GEM/2025/B/6405711
HIGH,POSSIBLE_DUPLICATE,252e3c51df0c,NHPC,same reference number on two records,GEM/2025/B/6419264
HIGH,POSSIBLE_DUPLICATE,6aec1f6b4eb4,NHPC,same reference number on two records,GEM/2025/B/6385853DATED14-07-2025
HIGH,POSSIBLE_DUPLICATE,61601504e5ec,NHPC,same reference number on two records,NH/DPS/CONT/NIT-245/2025/E147903DATED15072025
HIGH,POSSIBLE_DUPLICATE,ca8aa50cb748,NHPC,same reference number on two records,NH/DPS/CONT/NIT-246/2025/E148667DATED14072025
HIGH,POSSIBLE_DUPLICATE,f2502b315e1f,NHPC,same reference number on two records,GEM/2025/B/6358397
HIGH,POSSIBLE_DUPLICATE,1de64a895aed,NHPC,same reference number on two records,NH/TLD-IVPS/PC/W-930/2025/2039DATE12/07/2025
HIGH,POSSIBLE_DUPLICATE,e2fe5bc0b009,NHPC,same reference number on two records,2025NHPC8686881
HIGH,POSSIBLE_DUPLICATE,317cc63d9ca2,NHPC,same reference number on two records,2025NHPC8686241
HIGH,POSSIBLE_DUPLICATE,dd5b95174a0b,NHPC,same reference number on two records,2025NHPC8666621
HIGH,POSSIBLE_DUPLICATE,cfb78979580a,NHPC,same reference number on two records,NH/TSV/CONT/RM-215/NIT-1032/2025-26/144DATED10/07/2025ANDGEM/2025/B/6437467
HIGH,POSSIBLE_DUPLICATE,c98b9c663ff5,NHPC,same reference number on two records,NH/SPS/PC/NIT-212/25-26/342-351
HIGH,POSSIBLE_DUPLICATE,cf48fc39c47a,NHPC,same reference number on two records,GEM/2025/B/6413003
HIGH,POSSIBLE_DUPLICATE,a68eebf26b6b,NHPC,same reference number on two records,GEM/2025/B/6410634
HIGH,POSSIBLE_DUPLICATE,a9af8d2857f3,NHPC,same reference number on two records,GEM/2025/B/6413109
HIGH,POSSIBLE_DUPLICATE,b5e9c96c388c,NHPC,same reference number on two records,GEM/2025/B/6385539
HIGH,POSSIBLE_DUPLICATE,b92e7c7dd04d,NHPC,same reference number on two records,GEM/2025/B/6415616DATED09-07-202
HIGH,POSSIBLE_DUPLICATE,e10e9a9270e3,NHPC,same reference number on two records,GEM/2025/B/6408125
HIGH,POSSIBLE_DUPLICATE,b58e9b7b9dbc,NHPC,same reference number on two records,GEM/2025/B/6403089DATED08-07-2025
HIGH,POSSIBLE_DUPLICATE,820c22466faf,NHPC,same reference number on two records,2025NHPC8678391
HIGH,POSSIBLE_DUPLICATE,e2abf1904ce2,NHPC,same reference number on two records,NH/SPS/CD/NIT-106/25-26/323-333TENDERID2025NHPC8678841
HIGH,POSSIBLE_DUPLICATE,55802dbd037d,NHPC,same reference number on two records,GEM/2025/B/6385499DATED01-07-2025
HIGH,POSSIBLE_DUPLICATE,91e627df88b7,NHPC,same reference number on two records,GEM/2025/B/6417475DATED08-07-2025
HIGH,POSSIBLE_DUPLICATE,d278e1682488,NHPC,same reference number on two records,2025NHPC8676191
HIGH,POSSIBLE_DUPLICATE,faeba212fc20,NHPC,same reference number on two records,GEM/2025/B/6367747
HIGH,POSSIBLE_DUPLICATE,3a433a42a089,NHPC,same reference number on two records,GEM/2025/B/6401056
HIGH,POSSIBLE_DUPLICATE,b4fff4d05f47,NHPC,same reference number on two records,NH/SPS/PNC/NIT-211/25-26/311-320
HIGH,POSSIBLE_DUPLICATE,956bc01724d8,NHPC,same reference number on two records,NH/SPS/PC/NIT-210/25-26/300-309
HIGH,POSSIBLE_DUPLICATE,8faf7defac3d,NHPC,same reference number on two records,NH/SPS/PC/NIT-209/25-26/289-298
HIGH,POSSIBLE_DUPLICATE,644efec4e2b9,NHPC,same reference number on two records,NH/DG/CONTRACT/1069/2025-26/25
HIGH,POSSIBLE_DUPLICATE,05df944237d0,NHPC,same reference number on two records,NH/DG/CONTRACT/1067/2025-26/26DATED05/07/2025
HIGH,POSSIBLE_DUPLICATE,f70c4105aa96,NHPC,same reference number on two records,GEM/2025/B/6376311
HIGH,POSSIBLE_DUPLICATE,37b83b032052,NHPC,same reference number on two records,1082O
HIGH,POSSIBLE_DUPLICATE,8100212cf6d2,NHPC,same reference number on two records,NH/CCW/CC-II/CO-404/PR10025/115
HIGH,POSSIBLE_DUPLICATE,2b72e46dc113,NHPC,same reference number on two records,NH/TSV/CONT/EC-163/NIT-1031/2025-26/141DATED08/07/2025ANDE-TENDERID2025NHPC8654351
HIGH,POSSIBLE_DUPLICATE,05cd5603086c,NHPC,same reference number on two records,NH/SEWA2/CONT/CW-687/NIT-05/55DT030725TENDERID2025NHPC8673071
HIGH,POSSIBLE_DUPLICATE,f4c617b4f381,NHPC,same reference number on two records,NH/TSV/CONT/MC-160/NIT-1030/2025-26/135DATED03/07/2025ANDGEMBIDNOGEM/2025/B/6404404
HIGH,POSSIBLE_DUPLICATE,d3c9d420f192,NHPC,same reference number on two records,NH/DG/CONTRACT/1068/2025-26/22DATED02/07/2025
HIGH,POSSIBLE_DUPLICATE,358df65320e3,NHPC,same reference number on two records,GEM/2025/B/6196209
HIGH,POSSIBLE_DUPLICATE,5b0c6c5362b8,NHPC,same reference number on two records,GEM/2025/B/6323838DATED02-07-2025
HIGH,POSSIBLE_DUPLICATE,b178970675aa,NHPC,same reference number on two records,GEM/2025/B/6353880
HIGH,POSSIBLE_DUPLICATE,bf51980634f3,NHPC,same reference number on two records,GEM/2025/B/6393923DATED02-07-2025
HIGH,POSSIBLE_DUPLICATE,52a64aa78184,NHPC,same reference number on two records,GEM/2025/B/6392192
HIGH,POSSIBLE_DUPLICATE,51b1f0366f8a,NHPC,same reference number on two records,GEM/2025/B/6390223
HIGH,POSSIBLE_DUPLICATE,2ca4d355a9fc,NHPC,same reference number on two records,NH/SEWA2/CONT/CW-683/NIT-04/54DT020725TENDERID2025NHPC8671041
HIGH,POSSIBLE_DUPLICATE,505fdc8a5dab,NHPC,same reference number on two records,NH/TSV/CONT/EC-166/NIT-1029/2025-26/134DATED02/07/2025ANDE-TENDERID2025NHPC8670561
HIGH,POSSIBLE_DUPLICATE,c39888e91d54,NHPC,same reference number on two records,2025NHPC8669271
HIGH,POSSIBLE_DUPLICATE,8103a408e978,NHPC,same reference number on two records,2025NHPC8666281
HIGH,POSSIBLE_DUPLICATE,52bc194d9ecb,NHPC,same reference number on two records,NH/CPS-III/CONT/142370/2025-26/88DATED30062025
HIGH,POSSIBLE_DUPLICATE,0222aa20f11b,NHPC,same reference number on two records,GEM/2025/B/6377314
HIGH,POSSIBLE_DUPLICATE,16988a18c3f3,NHPC,same reference number on two records,TESTINGTENDER
HIGH,POSSIBLE_DUPLICATE,cb39ee64670f,NHPC,same reference number on two records,GEM/2025/B/6208564
HIGH,POSSIBLE_DUPLICATE,06716970d429,NHPC,same reference number on two records,GEM/2025/B/6376764
HIGH,POSSIBLE_DUPLICATE,ff0128267ac9,NHPC,same reference number on two records,NH/BSPS/CC/CW/07/2025-26/100
HIGH,POSSIBLE_DUPLICATE,534f0a0e0680,NHPC,same reference number on two records,GEM/2025/B/6362824
HIGH,POSSIBLE_DUPLICATE,141c535b439b,NHPC,same reference number on two records,NH/UPS/PCS/C-111/NIQ-97/296DATED13062025
HIGH,POSSIBLE_DUPLICATE,3c981d484f2d,NHPC,same reference number on two records,GEM/2025/B/6304847
HIGH,POSSIBLE_DUPLICATE,6dbe8bce1913,NHPC,same reference number on two records,GEM/2025/B/6351723DATED27-06-2025
HIGH,POSSIBLE_DUPLICATE,3504b55d1759,NHPC,same reference number on two records,GEM/2025/B/6246951DATED12-06-2025
HIGH,POSSIBLE_DUPLICATE,17334ad68161,NHPC,same reference number on two records,GEM/2025/B/6294043
HIGH,POSSIBLE_DUPLICATE,39c5588d2f90,NHPC,same reference number on two records,NH/TSV/CONT/EC-165/NIT-1028/2025-26/124DATED26/06/2025ANDE-TENDERID2025NHPC8659611
HIGH,POSSIBLE_DUPLICATE,be6732dae1a8,NHPC,same reference number on two records,GEM/2025/B/6356457
HIGH,POSSIBLE_DUPLICATE,6d828bef9a4a,NHPC,same reference number on two records,GEM/2025/B/6381602
HIGH,POSSIBLE_DUPLICATE,56c010436085,NHPC,same reference number on two records,NH/CPS-III/CONT/134857/2025-26/62
HIGH,POSSIBLE_DUPLICATE,816ccb88803d,NHPC,same reference number on two records,NH/SEWA2/CONT/CW-684/NIT-03/51DT250625TENDERID2025NHPC8661431
HIGH,POSSIBLE_DUPLICATE,8f58052764a9,NHPC,same reference number on two records,NH/CCW/CC-II/CO-403/PR10025/92
HIGH,POSSIBLE_DUPLICATE,130d0faa8020,NHPC,same reference number on two records,GEM/2025/B/6366297DATED25-06-2025
HIGH,POSSIBLE_DUPLICATE,31dbf5844dff,NHPC,same reference number on two records,GEM/2025/B/6356296
HIGH,POSSIBLE_DUPLICATE,51581c7e3708,NHPC,same reference number on two records,NH/BSPS/CC/PH/11/2025-26/095
HIGH,POSSIBLE_DUPLICATE,d921d1df4860,NHPC,same reference number on two records,NH/SLP/CONT/2025/C-07/NIT/541
HIGH,POSSIBLE_DUPLICATE,25f3855b99fc,NHPC,same reference number on two records,GEM/2025/B/6269400
HIGH,POSSIBLE_DUPLICATE,f19169ed121e,NHPC,same reference number on two records,GEM/2025/B/6342470DATED16-06-2025
HIGH,POSSIBLE_DUPLICATE,18ab728c75dd,NHPC,same reference number on two records,GEM/2025/B/6280851DATED19-06-2025
HIGH,POSSIBLE_DUPLICATE,9235e678fc3c,NHPC,same reference number on two records,GEM/2025/B/6358416DATED23-06-2025
HIGH,POSSIBLE_DUPLICATE,64ec48b85d8a,NHPC,same reference number on two records,NH/TLD-IVPS/PC/W-930/2025/2029DATE23/06/2025
HIGH,POSSIBLE_DUPLICATE,58f1ebdae5ae,NHPC,same reference number on two records,NH/CCW/CC-II/CO-402/PR10025/82
HIGH,POSSIBLE_DUPLICATE,c3c9479e4f24,NHPC,same reference number on two records,NH/TSV/CONT/RM-212/NIT-1027/2025-26/114DATED21/06/2025GEMBIDNOGEM/2025/B/6370620
HIGH,POSSIBLE_DUPLICATE,c73d7f6b27e5,NHPC,same reference number on two records,NH/CPS-III/CONT/140221/2025-26/84
HIGH,POSSIBLE_DUPLICATE,3cf84185e213,NHPC,same reference number on two records,GEM/2025/B/6342587
HIGH,POSSIBLE_DUPLICATE,52c4718109c6,NHPC,same reference number on two records,NH/PPS-III/NIT/PR11923/155/1/43DATED20/06/2025
HIGH,POSSIBLE_DUPLICATE,2f73babbfd64,NHPC,same reference number on two records,GEM/2025/B/6310525
HIGH,POSSIBLE_DUPLICATE,46b79795b721,NHPC,same reference number on two records,GEM/2025/B/6190128
HIGH,POSSIBLE_DUPLICATE,8fe321f1a973,NHPC,same reference number on two records,GEM/2025/B/6189960
HIGH,POSSIBLE_DUPLICATE,af7d2b9f8272,NHPC,same reference number on two records,GEM/2025/B/6189047
HIGH,POSSIBLE_DUPLICATE,e6b99597f1ba,NHPC,same reference number on two records,GEM/2025/B/6295664
HIGH,POSSIBLE_DUPLICATE,669b9685316a,NHPC,same reference number on two records,GEM/2025/B/6335611
HIGH,POSSIBLE_DUPLICATE,6341e3299969,NHPC,same reference number on two records,NH/SPS/CD/NIT-104/25-26/248-257DT17-06-2025TENDERID2025NHPC8642901
HIGH,POSSIBLE_DUPLICATE,53d073e191a2,NHPC,same reference number on two records,NH/ROCHD/PNC/CW15/2025/06DATED05052025
HIGH,POSSIBLE_DUPLICATE,c0c79dbaed0d,NHPC,same reference number on two records,GEM/2025/B/6294039
HIGH,POSSIBLE_DUPLICATE,a9498df26c05,NHPC,same reference number on two records,2025NHPC8646711
HIGH,POSSIBLE_DUPLICATE,c0fe1d307de1,NHPC,same reference number on two records,NH/TSV/CONT/EC-164/NIT-1026/2025-26/104DATED16/06/2025ANDGEMBIDNOGEM/2025/B/6336031
HIGH,POSSIBLE_DUPLICATE,14b62e6b960e,NHPC,same reference number on two records,GEM/2025/B/6304891
HIGH,POSSIBLE_DUPLICATE,ff51dba626f1,NHPC,same reference number on two records,NH/SPS/PNC/NIT-208/25-26/271-280
HIGH,POSSIBLE_DUPLICATE,e17d9db3fa91,NHPC,same reference number on two records,GEM/2025/B/6335877DATED14-06-2025
HIGH,POSSIBLE_DUPLICATE,20d17dd7c700,NHPC,same reference number on two records,NH/CCW/CC-IV/CO-401/PR10025/49
HIGH,POSSIBLE_DUPLICATE,a4c0c5735d62,NHPC,same reference number on two records,2025NHPC8641571
HIGH,POSSIBLE_DUPLICATE,3bf1934ed059,NHPC,same reference number on two records,NH/SEWA2/CONT/CW-682/NIT-02/39DT1106252025NHPC8642041
HIGH,POSSIBLE_DUPLICATE,c4f6fd7638d4,NHPC,same reference number on two records,NH/TSV/CONT/RM-210/NIT-1025/2025-26/78DATED10/06/2025GEMBIDNOGEM/2025/B/6325081
HIGH,POSSIBLE_DUPLICATE,92ff696a38d2,NHPC,same reference number on two records,GEM/2025/B/6258843
HIGH,POSSIBLE_DUPLICATE,837e62ea7564,NHPC,same reference number on two records,NH/TSV/CONT/MC-148/NIT-1024/2025-26/77DATED10/06/2025ANDE-TENDERID2025NHPC8638991
HIGH,POSSIBLE_DUPLICATE,645d8db38ef3,NHPC,same reference number on two records,NH/TSV/CONT/RM-216/NIT-1023/2025-26/75DATED09/06/2025AMPGEMBIDNOGEM/2025/B/6318542
HIGH,POSSIBLE_DUPLICATE,24b9feaa7e46,NHPC,same reference number on two records,NH-RPS-PH013/5/2025-PH/40
HIGH,POSSIBLE_DUPLICATE,8e2c8f123ef9,NHPC,same reference number on two records,GEM/2025/B/6299666DATED09-06-2025
HIGH,POSSIBLE_DUPLICATE,5b501b5cddcb,NHPC,same reference number on two records,NH/SPS/CD/NIT-103/25-26/232-2412025NHPC8629781
HIGH,POSSIBLE_DUPLICATE,25536f7096ca,NHPC,same reference number on two records,2025NHPC8613421
HIGH,POSSIBLE_DUPLICATE,4d6012fd37c8,NHPC,same reference number on two records,GEM/2025/B/6233338
HIGH,POSSIBLE_DUPLICATE,b23b02ca0bdf,NHPC,same reference number on two records,NH/DMP/PNC/NIT/2025/08
HIGH,POSSIBLE_DUPLICATE,88e0c9a190b2,NHPC,same reference number on two records,2025NHPC8631811
HIGH,POSSIBLE_DUPLICATE,b5aaed09001f,NHPC,same reference number on two records,GEM/2025/B/6299367
HIGH,POSSIBLE_DUPLICATE,076ad07458fe,NHPC,same reference number on two records,2025NHPC8611731
HIGH,POSSIBLE_DUPLICATE,774514fb99dd,NHPC,same reference number on two records,GEM/2025/B/6262173DATED03-06-2025
HIGH,POSSIBLE_DUPLICATE,4c018dbbf418,NHPC,same reference number on two records,GEM/2025/B/6292452
HIGH,POSSIBLE_DUPLICATE,db4fbf3e681b,NHPC,same reference number on two records,GEM/2025/B/6290399
HIGH,POSSIBLE_DUPLICATE,860e33a54de8,NHPC,same reference number on two records,2025NHPC8623151
HIGH,POSSIBLE_DUPLICATE,4baa0e140248,NHPC,same reference number on two records,2025NHPC8624041
HIGH,POSSIBLE_DUPLICATE,64b38e21aaec,NHPC,same reference number on two records,NH/TSV/CONT/RM-217/NIT-1022/2025-26/72DATED31/05/2025GEMBIDNOGEM/2025/B/6296962
HIGH,POSSIBLE_DUPLICATE,a48cfb1ec75b,NHPC,same reference number on two records,NH/TSV/CONT/RM-215/NIT-1021/2025-26/68DATED31/05/2025AMPAMPGEMBIDNOGEM/2025/B/6295000
HIGH,POSSIBLE_DUPLICATE,c06849ef830a,NHPC,same reference number on two records,NH/TSV/CONT/RM-201/NIT-1020/2025-26/66DATED30/05/2025AMPAMPGEMBIDNOGEM/2025/B/6291186
HIGH,POSSIBLE_DUPLICATE,c54c6fe519ff,NHPC,same reference number on two records,NH/DMP/SAMPD/2025
HIGH,POSSIBLE_DUPLICATE,0618b8025496,NHPC,same reference number on two records,GEM/2025/B/6270471
HIGH,POSSIBLE_DUPLICATE,54561c5f1a4b,NHPC,same reference number on two records,NH/TSV/CONT/EC-158/NIT-1019/2025-26/74DATED29/05/2025ANDGEMBIDIDGEM/2025/B/6288791
HIGH,POSSIBLE_DUPLICATE,f99b8d614054,NHPC,same reference number on two records,GEM/2025/B/6249172
HIGH,POSSIBLE_DUPLICATE,b94a6bee15c2,NHPC,same reference number on two records,-1078O
HIGH,POSSIBLE_DUPLICATE,566f3ddaa52b,NHPC,same reference number on two records,GEM/2025/B/6247683
HIGH,POSSIBLE_DUPLICATE,45440d8386ab,NHPC,same reference number on two records,GEM/2025/B/6271563DATED29-05-2025
HIGH,POSSIBLE_DUPLICATE,abc39053f9df,NHPC,same reference number on two records,GEM/2025/B/6261537
HIGH,POSSIBLE_DUPLICATE,a5326ea95745,NHPC,same reference number on two records,GEM/2025/B/6149970
HIGH,POSSIBLE_DUPLICATE,ff4ef97113b4,NHPC,same reference number on two records,GEM/2025/B/6187016
HIGH,POSSIBLE_DUPLICATE,0a3bc60870f7,NHPC,same reference number on two records,NH/TSV/CONT/MC-159/NIT-1018/2025-26/71DATED28/05/2025ANDGEMBIDNOGEM/2025/B/6257466
HIGH,POSSIBLE_DUPLICATE,b1c4cac07bd5,NHPC,same reference number on two records,NH-RPS-CTS012/11/2024-CIVILTS/32
HIGH,POSSIBLE_DUPLICATE,ac4db2ea262b,NHPC,same reference number on two records,NH/TLD-IVPS/PC/W-926/2025/2018DATED26/05/2025
HIGH,POSSIBLE_DUPLICATE,c3a81f0d97fa,NHPC,same reference number on two records,2025NHPC8617411
HIGH,POSSIBLE_DUPLICATE,23141251cb50,NHPC,same reference number on two records,2025NHPC8617291
HIGH,POSSIBLE_DUPLICATE,4eb34f5a96ed,NHPC,same reference number on two records,NH/CPS-1/PC/W-1510/2025-26/56DATE-22/05/2025
HIGH,POSSIBLE_DUPLICATE,13a7abf3911c,NHPC,same reference number on two records,GEM/2025/B/6231114
HIGH,POSSIBLE_DUPLICATE,44294d871405,NHPC,same reference number on two records,NH/CPS-1/PC/W-1509/2025-26/63DATE24/05/2025
HIGH,POSSIBLE_DUPLICATE,59e40512219a,NHPC,same reference number on two records,NH/CPS-1/PC/W-1508/2025-26/62DATED24/05/25
HIGH,POSSIBLE_DUPLICATE,f3b7fd760155,NHPC,same reference number on two records,NH/CPS-1/PC/W-1505/2025-26/61DATED24/05/25
HIGH,POSSIBLE_DUPLICATE,2310348ac537,NHPC,same reference number on two records,NH/CPS-1/PC/W-1504/2025-26/40DATED09/05/2025
HIGH,POSSIBLE_DUPLICATE,a9440d24af1c,NHPC,same reference number on two records,2025NHPC8615281
HIGH,POSSIBLE_DUPLICATE,1ddeb9e8bddd,NHPC,same reference number on two records,GEM/2025/B/6199122
HIGH,POSSIBLE_DUPLICATE,fffd39b29d69,NHPC,same reference number on two records,NH/TLD-IVPS/PC/W-923/2025/2017DATED23/05/2025
HIGH,POSSIBLE_DUPLICATE,ed4e3186b576,NHPC,same reference number on two records,GEM/2025/B/6149880
HIGH,POSSIBLE_DUPLICATE,6470d878e84c,NHPC,same reference number on two records,GEM/2025/B/6175224
HIGH,POSSIBLE_DUPLICATE,99aa07582d7a,NHPC,same reference number on two records,GEM/2025/B/6188982
HIGH,POSSIBLE_DUPLICATE,b93eccb21330,NHPC,same reference number on two records,2025NHPC8609541
HIGH,POSSIBLE_DUPLICATE,1cf4c30ea918,NHPC,same reference number on two records,GEM/2025/B/6249477
HIGH,POSSIBLE_DUPLICATE,94181962fb7f,NHPC,same reference number on two records,NH/SLP/CONT/2025/C-09/NIT/504
HIGH,POSSIBLE_DUPLICATE,73376c69ac99,NHPC,same reference number on two records,MSTC/GHY/NHPCLIMITED/1/SIKKIMEASTSIKKIM/25-26/10401
HIGH,POSSIBLE_DUPLICATE,92d54cc66325,NHPC,same reference number on two records,GEM/2025/B/6179226
HIGH,POSSIBLE_DUPLICATE,b8be22a567bc,NHPC,same reference number on two records,NH/TLD-IVPS/PC/W-931/2025/2012
HIGH,POSSIBLE_DUPLICATE,24384c897622,NHPC,same reference number on two records,NBPS/CNP/2025-26/W-28/255
HIGH,POSSIBLE_DUPLICATE,61ed1be86ac9,NHPC,same reference number on two records,GEM/2025/B/6010997
HIGH,POSSIBLE_DUPLICATE,5b1d7a01c41d,NHPC,same reference number on two records,NH/TLD-IVPS/PC/W-930/2025/2009
HIGH,POSSIBLE_DUPLICATE,73b0ab92af0f,NHPC,same reference number on two records,NH/TLD-IVPS/PC/W-932/2025/2011
HIGH,POSSIBLE_DUPLICATE,98b26df5ab0e,NHPC,same reference number on two records,NH/TLD-IVPS/PAMPC/W-932/2025/2011
HIGH,POSSIBLE_DUPLICATE,c420da4d4a56,NHPC,same reference number on two records,2025NHPC8604801
HIGH,POSSIBLE_DUPLICATE,8f8faba0d76d,NHPC,same reference number on two records,NH/DPS/CONT/NIT-238/2025/E142739DATED17052025
HIGH,POSSIBLE_DUPLICATE,1a52bc58889c,NHPC,same reference number on two records,NH/TLD-IVPS/PAMPC/W-929/2025/2010DATED14/05/2025
HIGH,POSSIBLE_DUPLICATE,c925e975ed9e,NHPC,same reference number on two records,NH/TLD-IVPS/PC/W-929/2025/2010DATED14/05/2025
HIGH,POSSIBLE_DUPLICATE,26fc9979cf8f,NHPC,same reference number on two records,2025NHPC8604161
HIGH,POSSIBLE_DUPLICATE,20e9ad6a50d9,NHPC,same reference number on two records,GEM/2025/B/6167888
HIGH,POSSIBLE_DUPLICATE,b87b066e368b,NHPC,same reference number on two records,NH/TSV/CONT/CC-353/NIT-1017/2025-26/31DATED10/05/2025AMPAMPTENDERIDNO2025NHPC8596651
HIGH,POSSIBLE_DUPLICATE,36a6fc5c9560,NHPC,same reference number on two records,GEM/2025/B/6209691DATED15052025
HIGH,POSSIBLE_DUPLICATE,ba35dd4304d3,NHPC,same reference number on two records,2025NHPC8601531
HIGH,POSSIBLE_DUPLICATE,a92e8c1eda1d,NHPC,same reference number on two records,NH/SLP/CONT/2025/C-10/NIT/501
HIGH,POSSIBLE_DUPLICATE,b2550ea0914e,NHPC,same reference number on two records,NH/SLP/CONT/2025/C-08/NIT/500
HIGH,POSSIBLE_DUPLICATE,d95ef05e1ec6,NHPC,same reference number on two records,GEM/2025/B/6200788DATED14-05-2025
HIGH,POSSIBLE_DUPLICATE,7896a15177f4,NHPC,same reference number on two records,NH/ROBKT/PAMPAMPAMPAMPAMPAMPC/2025/CW204/116DATED14052025
HIGH,POSSIBLE_DUPLICATE,5e18195a2e59,NHPC,same reference number on two records,GEM/2025/B/6203046
HIGH,POSSIBLE_DUPLICATE,25aef6232a09,NHPC,same reference number on two records,NH/SLP/CONT/2025/C-05/NIT/499
HIGH,POSSIBLE_DUPLICATE,03e61c5308b1,NHPC,same reference number on two records,NH/SPS/CD/NIT-04/25-26/131-140DATED14/05/2025CPPPTENDERID2025NHPC8598042
HIGH,POSSIBLE_DUPLICATE,3fd794ffc551,NHPC,same reference number on two records,GEM/2025/B/6204597
HIGH,POSSIBLE_DUPLICATE,1d7e8410a92d,NHPC,same reference number on two records,NH/CCW/CC-IV/CO-387/PRNOPR10024/425
HIGH,POSSIBLE_DUPLICATE,00251dcbab6e,NHPC,same reference number on two records,GEM/2025/B/6193406
HIGH,POSSIBLE_DUPLICATE,4591bdc3f1fe,NHPC,same reference number on two records,NH/SPS/PAMPAMPAMPC/NIT-207/25-26/141-150
HIGH,POSSIBLE_DUPLICATE,2b4646e2f648,NHPC,same reference number on two records,NH/CCW/CC-III/CO-389/PR10625/25
HIGH,POSSIBLE_DUPLICATE,07cf8ece5c22,NHPC,same reference number on two records,NH/SPS/PAMPC/NIT-206/25-26/120-129
HIGH,POSSIBLE_DUPLICATE,8d2143987606,NHPC,same reference number on two records,GEM/2025/B/6190345DATED13-05-2025
HIGH,POSSIBLE_DUPLICATE,b31616f7e342,NHPC,same reference number on two records,NH/SLP/CONT/2025/C-11/NIT/497
HIGH,POSSIBLE_DUPLICATE,288b0c2afa29,NHPC,same reference number on two records,NH/BSPS/CC/CW/01/2025-26/041
HIGH,POSSIBLE_DUPLICATE,c3204702cd8b,NHPC,same reference number on two records,GEM/2025/B/6199628DATED08052025
HIGH,POSSIBLE_DUPLICATE,d42e87d87ed8,NHPC,same reference number on two records,GEM/2025/B/6164343
HIGH,POSSIBLE_DUPLICATE,4089263e65b3,NHPC,same reference number on two records,GEM/2025/B/6203369
HIGH,POSSIBLE_DUPLICATE,1a41d06b4275,NHPC,same reference number on two records,NH/CPS-1/PC/W-1484/2024-25/36DATED05/05/2025
HIGH,POSSIBLE_DUPLICATE,6ca596a73d7b,NHPC,same reference number on two records,GEM/2025/B/6157431
HIGH,POSSIBLE_DUPLICATE,7c92612bb7a2,NHPC,same reference number on two records,NH/DMP/PNC/NIT/2025/07
HIGH,POSSIBLE_DUPLICATE,82734b430bb2,NHPC,same reference number on two records,NH/BSPS/CC/CW/02/2025-26/035
HIGH,POSSIBLE_DUPLICATE,f8112dfa63ea,NHPC,same reference number on two records,NH/DMP/PNC/NIT/2025/06
HIGH,POSSIBLE_DUPLICATE,34d647a23800,NHPC,same reference number on two records,2025NHPC8587591
HIGH,POSSIBLE_DUPLICATE,e61914441540,NHPC,same reference number on two records,NH/CPS-1/PC/W-1500/2025-26/30DATED01/05/2025
HIGH,POSSIBLE_DUPLICATE,2010152ad02a,NHPC,same reference number on two records,NH/SEWA-II/CONTRACTS/SC-676/2025/NIT-01/13DATED30042025
HIGH,POSSIBLE_DUPLICATE,fa76ced6cbe5,NHPC,same reference number on two records,NH/CPS-1/PC/W-1502/2025-26/29DATED30/04/2025
HIGH,POSSIBLE_DUPLICATE,844f28065d97,NHPC,same reference number on two records,NH/SPS/PNC/NIT-205/25-26/110-119
HIGH,POSSIBLE_DUPLICATE,cf2fa82f9bb1,NHPC,same reference number on two records,NH/CCW/CCII/CO-388/PR10024/389
HIGH,POSSIBLE_DUPLICATE,596001f550fd,NHPC,same reference number on two records,NH/TSV/CONT/RM-214/NIT-1016/2025-26/22DATED29/04/2025
HIGH,POSSIBLE_DUPLICATE,c6e54e5ccb59,NHPC,same reference number on two records,GEM/2025/B/6092735
HIGH,POSSIBLE_DUPLICATE,576342c12cf3,NHPC,same reference number on two records,GEM/2025/B/6155706DATED29-04-2025
HIGH,POSSIBLE_DUPLICATE,3d1c6f173f2b,NHPC,same reference number on two records,GEM/2025/B/6170890DATED29-04-2025
HIGH,POSSIBLE_DUPLICATE,c2b3dc429c82,NHPC,same reference number on two records,NH/SPS/CD/NIT-102/25-26/60-69DATED24/04/2025CPPPTENDERID2025NHPC8573211
HIGH,POSSIBLE_DUPLICATE,f48e77adde14,NHPC,same reference number on two records,NH/SPS/CD/NIT-03/2025-26/81-90DT25/04/2025CPPPTENDERID2025NHPC857827
HIGH,POSSIBLE_DUPLICATE,76e8a7125a6e,NHPC,same reference number on two records,2025NHPC8579601
HIGH,POSSIBLE_DUPLICATE,99b6b8d7912b,NHPC,same reference number on two records,GEM/2025/B/6127026DATED24-04-2025
HIGH,POSSIBLE_DUPLICATE,8d924c27fc8e,NHPC,same reference number on two records,GEM/2025/B/6083298DATED03-04-2025
HIGH,POSSIBLE_DUPLICATE,b9b9d9e7f60d,NHPC,same reference number on two records,NH/PPS-III/NIT/PR11924/183/1/15DATED25/04/2025
HIGH,POSSIBLE_DUPLICATE,66bc84d17059,NHPC,same reference number on two records,GEM/2025/B/6169777
HIGH,POSSIBLE_DUPLICATE,d465aa5c06e0,NHPC,same reference number on two records,GEM/2025/B/6136473
HIGH,POSSIBLE_DUPLICATE,4f2d890b773e,NHPC,same reference number on two records,GEM/2025/B/6110834
HIGH,POSSIBLE_DUPLICATE,01e27c9d575d,NHPC,same reference number on two records,GEM/2025/B/6163863
HIGH,POSSIBLE_DUPLICATE,7a37efa9c03c,NHPC,same reference number on two records,NH/SPS/CD/NIT-101/2025-26/70-80DT23-04-25CPPPTENDERID2025NHPC8574421
HIGH,POSSIBLE_DUPLICATE,f0ada3ee7d03,NHPC,same reference number on two records,GEM/2025/B/6094880
HIGH,POSSIBLE_DUPLICATE,a527a95f95b0,NHPC,same reference number on two records,NH/TSV/CONT/EC-162/NIT-1015/2025-26/24DATED21/04/2025E-TENDERNO2025NHPC8572241
HIGH,POSSIBLE_DUPLICATE,ead1e04c4654,NHPC,same reference number on two records,NH/DG/CONTRACT/1064/2025-26/101DATED21042025
HIGH,POSSIBLE_DUPLICATE,df06d668d8fd,NHPC,same reference number on two records,GEM/2025/B/6132777
HIGH,POSSIBLE_DUPLICATE,7b1a4697d20a,NHPC,same reference number on two records,GEM/2025/B/6103655
HIGH,POSSIBLE_DUPLICATE,0c4fa07bbdee,NHPC,same reference number on two records,NH-RPS-CTS012/9/2024-CIVILTS/04
HIGH,POSSIBLE_DUPLICATE,41a0e8f29c2d,NHPC,same reference number on two records,GEM/2025/B/6104657
HIGH,POSSIBLE_DUPLICATE,86f76d072056,NHPC,same reference number on two records,2025NHPC8571211
HIGH,POSSIBLE_DUPLICATE,afec57656600,NHPC,same reference number on two records,NH/SPS/CD/NIT-02/25-26/49-58TENDERID2025NHPC8551551
HIGH,POSSIBLE_DUPLICATE,8e0fa515d936,NHPC,same reference number on two records,GEM/2025/B/6068684
HIGH,POSSIBLE_DUPLICATE,e2e6c9997707,NHPC,same reference number on two records,NH/TSV/CONT/CC-352/NIT-1014/2025-26/15DATED17/04/2025AMPTENDERIDNO2025NHPC8567851
HIGH,POSSIBLE_DUPLICATE,abfe86e8270d,NHPC,same reference number on two records,NH/DPS/CONT/NIT-236/2025/E142757DATED18042025
HIGH,POSSIBLE_DUPLICATE,ffe317745fb9,NHPC,same reference number on two records,2025NHPC8566051
HIGH,POSSIBLE_DUPLICATE,8de6ee3f0d69,NHPC,same reference number on two records,GEM/2025/B/6140266
HIGH,POSSIBLE_DUPLICATE,3e93a87e7148,NHPC,same reference number on two records,NH/TSV/CONT/RM-211/NIT-1013/2025-26/13DATED15/04/2025AMPGEMBIDNO-GEM/2025/B/6139709
HIGH,POSSIBLE_DUPLICATE,332eb2f756e2,NHPC,same reference number on two records,NH/CCW/CCII/CO-385/PR60824/6
HIGH,POSSIBLE_DUPLICATE,69e6c198de5a,NHPC,same reference number on two records,NH/CCW/CC-IV/CO-381/PR10024/410
HIGH,POSSIBLE_DUPLICATE,d0d781dfcb1e,NHPC,same reference number on two records,NH/CCW/CC-II/CO-386/PR10024/458
HIGH,POSSIBLE_DUPLICATE,c3196339a7f5,NHPC,same reference number on two records,NH/TSV/CONT/RM-212/NIT-1011/2025-26/13DATED09/04/2025GEMBIDNOGEM/2025/B/6130565
HIGH,POSSIBLE_DUPLICATE,3b962aadab6e,NHPC,same reference number on two records,NH/TSV/CONT/EC-161/NIT-1012/2025-26/14DATED10/04/2025ANDE-TENDERIDNO2025NHPC8562401
HIGH,POSSIBLE_DUPLICATE,63a9d8beccc2,NHPC,same reference number on two records,2025NHPC8557551
HIGH,POSSIBLE_DUPLICATE,a5e2ee80e7a2,NHPC,same reference number on two records,NH/SIANGLOWER/NIT/2025/05
HIGH,POSSIBLE_DUPLICATE,c4ceddce2128,NHPC,same reference number on two records,NH/TSV/CONT/RM-213/NIT-1010/2025-26/10DATED07/04/2025GEMBIDNO-GEM/2025/B/6118653
HIGH,POSSIBLE_DUPLICATE,7bacb7402e86,NHPC,same reference number on two records,NH/SIANGLOWER/NIT/2025/04
HIGH,POSSIBLE_DUPLICATE,8f450fdfbd74,NHPC,same reference number on two records,NH/DPS/CONT/NIT-235/2025/E141271DATED09042025
HIGH,POSSIBLE_DUPLICATE,350b7872b299,NHPC,same reference number on two records,GEM/2025/B/5937315
HIGH,POSSIBLE_DUPLICATE,bdb296e37203,NHPC,same reference number on two records,NH/DG/CONTRACT/1058/2025-26/90
HIGH,POSSIBLE_DUPLICATE,0a52091efcc9,NHPC,same reference number on two records,NH/PPS-III/NIT/PR11924/207/1/395DATED04/04/2025
HIGH,POSSIBLE_DUPLICATE,031919f19880,NHPC,same reference number on two records,NH/PPS-III/NIT/PR11924/134/1/390DATED02/04/2025
HIGH,POSSIBLE_DUPLICATE,964205fd2b5b,NHPC,same reference number on two records,2025NHPC8554991
HIGH,POSSIBLE_DUPLICATE,e80a95131cb3,NHPC,same reference number on two records,NH/TSV/CONT/MC-158/NIT-1009/2025/03DATE03/04/2025ANDGEMBIDNOGEM/2025/B/6108449
HIGH,POSSIBLE_DUPLICATE,6f52f8da08e4,NHPC,same reference number on two records,NH/TSV/CONT/CC-351/NIT-1007/2025-26/01DTD02042025
HIGH,POSSIBLE_DUPLICATE,7faf8e46290f,NHPC,same reference number on two records,NH/TSV/CONT/EC-160/NIT-1008/2025-26/01DATED02/04/2025ANDE-TENDERNO2025NHPC8553121
HIGH,POSSIBLE_DUPLICATE,82ad5f065d28,NHPC,same reference number on two records,NH/DG/CONTRACT/1063/2024-25/89DATED01042025
HIGH,POSSIBLE_DUPLICATE,e621ff9ac083,NHPC,same reference number on two records,GEM/2025/B/6077683
HIGH,POSSIBLE_DUPLICATE,969375c46ae5,NHPC,same reference number on two records,NH/TSV/CONT/RM-210/NIT-1006/2024-25/508DATED28/03/2025
HIGH,POSSIBLE_DUPLICATE,d50f7c6b4333,NHPC,same reference number on two records,GEM/2025/B/6039073
HIGH,POSSIBLE_DUPLICATE,f11c58d8285f,NHPC,same reference number on two records,GEM/2025/B/6079696DATED27-03-2025
HIGH,POSSIBLE_DUPLICATE,13949f0526d8,NHPC,same reference number on two records,GEM/2025/B/6030825
HIGH,POSSIBLE_DUPLICATE,2bf652c68161,NHPC,same reference number on two records,NBPS/CNP/2024-25/W-18/254
HIGH,POSSIBLE_DUPLICATE,c1b602cd0571,NHPC,same reference number on two records,2025NHPC8497071
HIGH,POSSIBLE_DUPLICATE,0c1944ac7151,NHPC,same reference number on two records,NH/PPS-III/NIT/PR11924/230/01/375DATED26032025
HIGH,POSSIBLE_DUPLICATE,2a5cc9b74259,NHPC,same reference number on two records,GEM/2025/B/6030038
HIGH,POSSIBLE_DUPLICATE,3b45071144b9,NHPC,same reference number on two records,GEM/2025/B/6035168
HIGH,POSSIBLE_DUPLICATE,5079b7e21db2,NHPC,same reference number on two records,GEM/2025/B/5996573
HIGH,POSSIBLE_DUPLICATE,38fc2e1f9811,NHPC,same reference number on two records,NH/TSV/CONT/CC-347/NIT-1005/2025-25/505DATED25/03/2025
HIGH,POSSIBLE_DUPLICATE,bfc548b255dc,NHPC,same reference number on two records,NH/ROCHD/PNC/CW14/2025/80
HIGH,POSSIBLE_DUPLICATE,3a63c2b90d54,NHPC,same reference number on two records,NH/SLP/CONT/2025/C-01/NIT/435
HIGH,POSSIBLE_DUPLICATE,5db03bf870ff,NHPC,same reference number on two records,2025NHPC8542401
HIGH,POSSIBLE_DUPLICATE,aba8f3c2822d,NHPC,same reference number on two records,NH/TSV/CONT/MC-154/NIT-1004/2024-25/502DATED24/03/2025ANDE-TENDERID2025NHPC8542681
HIGH,POSSIBLE_DUPLICATE,f228788d23da,NHPC,same reference number on two records,NH/BSPS/CC/PH/57/2024-25/606
HIGH,POSSIBLE_DUPLICATE,5b016384a2d5,NHPC,same reference number on two records,NH/BSPS/CC/CW/56/2024-25/602
HIGH,POSSIBLE_DUPLICATE,a6d652dd32b8,NHPC,same reference number on two records,GEM/2025/B/6064556
HIGH,POSSIBLE_DUPLICATE,c55a595ac1a3,NHPC,same reference number on two records,GEM/2025/B/6021898
HIGH,POSSIBLE_DUPLICATE,5e5d2814b7ec,NHPC,same reference number on two records,GEM/2025/B/5883643
HIGH,POSSIBLE_DUPLICATE,776d6140d63b,NHPC,same reference number on two records,NH/SEWA-II/CONTRACTS/EW-671/2025/NIT-27/642DATED19032025
HIGH,POSSIBLE_DUPLICATE,eedd0880890d,NHPC,same reference number on two records,GEM/2025/B/6032743DATED13-03-2025
HIGH,POSSIBLE_DUPLICATE,5c70ef2a4072,NHPC,same reference number on two records,GEM/2025/B/6059500DATED19032025
HIGH,POSSIBLE_DUPLICATE,220fef2cf2cf,NHPC,same reference number on two records,GEM/2025/B/6028895DATED19-03-2025
HIGH,POSSIBLE_DUPLICATE,5b0c430bb40c,NHPC,same reference number on two records,GEM/2025/B/6030291DATED17-03-2025
HIGH,POSSIBLE_DUPLICATE,247f6dc15fd3,NHPC,same reference number on two records,NH/CPS-1/PC/W-1495/2024-25/942DATED18/03/2025
HIGH,POSSIBLE_DUPLICATE,5bbc0fa68b05,NHPC,same reference number on two records,NH/CONTSEM-IV/CO-216/PR100241/39450/2025
HIGH,POSSIBLE_DUPLICATE,b57ae8ce2b75,NHPC,same reference number on two records,2025NHPC8535501
HIGH,POSSIBLE_DUPLICATE,fd3cc2a91f77,NHPC,same reference number on two records,2025NHPC8530401
HIGH,POSSIBLE_DUPLICATE,20a3fc3154cb,NHPC,same reference number on two records,GEM/2025/B/6060833DATE-17032025
HIGH,POSSIBLE_DUPLICATE,0a316697f821,NHPC,same reference number on two records,GEM/2025/B/6031101
HIGH,POSSIBLE_DUPLICATE,5105c5d07a6d,NHPC,same reference number on two records,NH/CPS-1/PC/W-1498/2024-25/931DATED13/03/2025
HIGH,POSSIBLE_DUPLICATE,2de129123f18,NHPC,same reference number on two records,2025NHPC8528471
HIGH,POSSIBLE_DUPLICATE,e4afca4d6ec3,NHPC,same reference number on two records,-NH/TSV/RC/NIT-MS011/12/03
HIGH,POSSIBLE_DUPLICATE,827e0c9ee214,NHPC,same reference number on two records,GEM/2025/B/6021793DATED12032025
HIGH,POSSIBLE_DUPLICATE,9eede118784e,NHPC,same reference number on two records,NH-RPS-CTS01112/3/2024-CIVILTS/135
HIGH,POSSIBLE_DUPLICATE,c83f93503162,NHPC,same reference number on two records,GEM/2025/B/5970393
HIGH,POSSIBLE_DUPLICATE,8b84e6e54fe0,NHPC,same reference number on two records,NH/BSPS/CC/CW/40/2024-25/595
HIGH,POSSIBLE_DUPLICATE,7ed0e19528d9,NHPC,same reference number on two records,GEM/2025/B/6027820DATED11032025
HIGH,POSSIBLE_DUPLICATE,f3208b885896,NHPC,same reference number on two records,2025NHPC8525971
HIGH,POSSIBLE_DUPLICATE,130c8df45442,NHPC,same reference number on two records,GEM/2025/B/6018445
HIGH,POSSIBLE_DUPLICATE,2b959a167ce1,NHPC,same reference number on two records,NBPS/CNP/2024-25/W-221/252
HIGH,POSSIBLE_DUPLICATE,c5ddf8c2c9e2,NHPC,same reference number on two records,NH/DPS/CONT/NIT-234/2025/E139125DATED12032025
HIGH,POSSIBLE_DUPLICATE,ae20d89a0be1,NHPC,same reference number on two records,GEM/2025/B/6027698DATED10032025
HIGH,POSSIBLE_DUPLICATE,4203e5d955d0,NHPC,same reference number on two records,GEM/2025/B/6025923DATED10032025
HIGH,POSSIBLE_DUPLICATE,b9a1fe5999b1,NHPC,same reference number on two records,2025NHPC8510461
HIGH,POSSIBLE_DUPLICATE,6f35a98dad13,NHPC,same reference number on two records,2025NHPC8525401
HIGH,POSSIBLE_DUPLICATE,9bf8b1430921,NHPC,same reference number on two records,2025NHPC8520071
HIGH,POSSIBLE_DUPLICATE,fbcf97360607,NHPC,same reference number on two records,GEM/2025/B/6028790
HIGH,POSSIBLE_DUPLICATE,ea4d301528d0,NHPC,same reference number on two records,GEM/2025/B/5833197
HIGH,POSSIBLE_DUPLICATE,93e1a984fdce,NHPC,same reference number on two records,NH/BSPS/CC/CW/54/2024-25/586
HIGH,POSSIBLE_DUPLICATE,6e2c38bc0059,NHPC,same reference number on two records,GEM/2025/B/6007296DATED06032025
HIGH,POSSIBLE_DUPLICATE,187f9c3c9257,NHPC,same reference number on two records,2025NHPC8520041
HIGH,POSSIBLE_DUPLICATE,61d6df1c5490,NHPC,same reference number on two records,NH/BSPS/CC/CW/50/2024-25/584
HIGH,POSSIBLE_DUPLICATE,03d75d63ad81,NHPC,same reference number on two records,GEM/2025/B/6008423DATED06032025
HIGH,POSSIBLE_DUPLICATE,a73a88ced3dd,NHPC,same reference number on two records,NH/PPS-III/NIT/PR11924/225/01/349
HIGH,POSSIBLE_DUPLICATE,50c5dfa82a00,NHPC,same reference number on two records,GEM/2025/B/5961580DATE05/03/2025
HIGH,POSSIBLE_DUPLICATE,ec95b8712211,NHPC,same reference number on two records,2025NHPC8518151
HIGH,POSSIBLE_DUPLICATE,ecfc1669d3cc,NHPC,same reference number on two records,NBPS/CNP/2024-25/W-27/248
HIGH,POSSIBLE_DUPLICATE,d199e5e3e0fe,NHPC,same reference number on two records,NBPS/CNP/2024-25/W-25/246
HIGH,POSSIBLE_DUPLICATE,4c50c9645687,NHPC,same reference number on two records,NH/TSV/CONT/CC-346/NIT-1003/2024-25/492DATED04/03/2025ANDE-TENDERNO2025NHPC8517311
HIGH,POSSIBLE_DUPLICATE,af829f9a6d8d,NHPC,same reference number on two records,GEM/2025/B/5981374
HIGH,POSSIBLE_DUPLICATE,3f47e556ca94,NHPC,same reference number on two records,GEM/2025/B/6006064DATED03-03-2025
HIGH,POSSIBLE_DUPLICATE,603cb50dc7e2,NHPC,same reference number on two records,GEM/2025/B/6003786
HIGH,POSSIBLE_DUPLICATE,cda9711892a4,NHPC,same reference number on two records,NH/CPS-1/PC/W-1497/2024-25/887DATED01/03/2025
HIGH,POSSIBLE_DUPLICATE,2afe8b723d90,NHPC,same reference number on two records,GEM/2025/B/5966221
HIGH,POSSIBLE_DUPLICATE,5c39e69a1520,NHPC,same reference number on two records,NH/CPS-1/PC/W-1496/2024-25/886DATED28/02/2025
HIGH,POSSIBLE_DUPLICATE,454289a123bc,NHPC,same reference number on two records,NH/PPS-III/NIT/PR11924/226/01/343DATED28/02/2025
HIGH,POSSIBLE_DUPLICATE,452212a6fbb8,NHPC,same reference number on two records,NH/BSPS/CC/CW/53/2024-25/570
HIGH,POSSIBLE_DUPLICATE,3bc4ed930608,NHPC,same reference number on two records,NH/PPS-III/NIT/PR11924/210/1/341DATED28/02/2025
HIGH,POSSIBLE_DUPLICATE,45c95f727979,NHPC,same reference number on two records,NH/CPS-1/PC/W-1490/2024-25/879DATED24/02/2025
HIGH,POSSIBLE_DUPLICATE,4d1d6d9ecf1a,NHPC,same reference number on two records,NH/CCW/CC-I/CO-367/BSUL/PR/JSP/2024-25/383
HIGH,POSSIBLE_DUPLICATE,0c34c052af15,NHPC,same reference number on two records,NH/CPS-1/PC/W-1489/2024-25/884DATED27/02/2025
HIGH,POSSIBLE_DUPLICATE,caa7c940c42f,NHPC,same reference number on two records,GEM/2025/B/5803408
HIGH,POSSIBLE_DUPLICATE,02329b983eee,NHPC,same reference number on two records,GEM/2025/B/5886840
HIGH,POSSIBLE_DUPLICATE,ffc891c000b8,NHPC,same reference number on two records,2025NHPC8506311
HIGH,POSSIBLE_DUPLICATE,e7c98406d90f,NHPC,same reference number on two records,2025NHPC8506441
HIGH,POSSIBLE_DUPLICATE,87a09980d8ec,NHPC,same reference number on two records,NH/CPS-1/PC/W-1473/2024-25/880DATED25/02/2025
HIGH,POSSIBLE_DUPLICATE,fd44f5e5863a,NHPC,same reference number on two records,NH/CPS-1/PC/W-1494/2024-25/878DATED24/02/2025
HIGH,POSSIBLE_DUPLICATE,07b990fb6a55,NHPC,same reference number on two records,NH/BSPS/CC/CW/52/2024-25/568
HIGH,POSSIBLE_DUPLICATE,938f2183ab02,NHPC,same reference number on two records,GEM/2025/B/5910926DT22022025
HIGH,POSSIBLE_DUPLICATE,3295625e86f5,NHPC,same reference number on two records,GEM/2025/B/5985936DT22022025
HIGH,POSSIBLE_DUPLICATE,7ccc8497dc0e,NHPC,same reference number on two records,GEM/2025/B/5920004
HIGH,POSSIBLE_DUPLICATE,633008ef0b99,NHPC,same reference number on two records,NH/CPS-1/PC/W-1488/2024-25/867DATED22/02/2025
HIGH,POSSIBLE_DUPLICATE,a434b5188514,NHPC,same reference number on two records,2025NHPC8505281
HIGH,POSSIBLE_DUPLICATE,fe6db885b9ad,NHPC,same reference number on two records,GEM/2025/B/5921581
HIGH,POSSIBLE_DUPLICATE,dee27ca60a37,NHPC,same reference number on two records,GEM/2025/B/5906520
HIGH,POSSIBLE_DUPLICATE,845e1af74743,NHPC,same reference number on two records,NH/DPS/CONT/NIT-230/2025/E136155DATED22022025
HIGH,POSSIBLE_DUPLICATE,d4ba20c5a54a,NHPC,same reference number on two records,GEM/2025/B/5895011
HIGH,POSSIBLE_DUPLICATE,f6af20afbf59,NHPC,same reference number on two records,NH-R4P-ELEC017/7/2024-ELECT/796
HIGH,POSSIBLE_DUPLICATE,0d0b9fe962b1,NHPC,same reference number on two records,NH-R4P-ELEC017/9/2024-ELECT/2289
HIGH,POSSIBLE_DUPLICATE,c5289e88c3e4,NHPC,same reference number on two records,NH/DPS/CONT/NIT-232/2025/E135109DATED22022025
HIGH,POSSIBLE_DUPLICATE,1c2d029c27d2,NHPC,same reference number on two records,GEM/2025/B/5977173
HIGH,POSSIBLE_DUPLICATE,f50b41c040ac,NHPC,same reference number on two records,GEM/2025/B/5935770
HIGH,POSSIBLE_DUPLICATE,9b781f12626f,NHPC,same reference number on two records,GEM/2025/B/5958354
HIGH,POSSIBLE_DUPLICATE,71945f5cffd5,NHPC,same reference number on two records,GEM/2025/B/5874298
HIGH,POSSIBLE_DUPLICATE,27e3ca14112c,NHPC,same reference number on two records,GEM/2025/B/5903561
HIGH,POSSIBLE_DUPLICATE,5f94c3b97b8d,NHPC,same reference number on two records,NH/TSV/CONT/EC-159/NIT-1002/2024-25/483DATED19/02/2025ANDE-TENDERID2025NHPC8498941
HIGH,POSSIBLE_DUPLICATE,6902d4994985,NHPC,same reference number on two records,2025NHPC8497771
HIGH,POSSIBLE_DUPLICATE,d9d25e194240,NHPC,same reference number on two records,2025NHPC8491041
HIGH,POSSIBLE_DUPLICATE,39e469120d98,NHPC,same reference number on two records,NH/DPS/CONT/NIT-231/2025/E133985DATED13022025
HIGH,POSSIBLE_DUPLICATE,79f6fb9622fc,NHPC,same reference number on two records,2025NHPC8486011
HIGH,POSSIBLE_DUPLICATE,58ae84274863,NHPC,same reference number on two records,GEM/2025/B/5950572DATED15-02-2025
HIGH,POSSIBLE_DUPLICATE,c2337371444d,NHPC,same reference number on two records,GEM/2025/B/5946568DATED15-02-2025
HIGH,POSSIBLE_DUPLICATE,4b2e61f4b4a5,NHPC,same reference number on two records,GEM/2025/B/5909709
HIGH,POSSIBLE_DUPLICATE,ab75d6989b6e,NHPC,same reference number on two records,GEM/2025/B/5845435
HIGH,POSSIBLE_DUPLICATE,2df64677de08,NHPC,same reference number on two records,NH/SLP/CONT/2025/C-04/NIT/396
HIGH,POSSIBLE_DUPLICATE,2983545ed275,NHPC,same reference number on two records,NH/TSV/CONT/CC-350/NIT-1001/2024-25/355DATED15/02/2025
HIGH,POSSIBLE_DUPLICATE,0d632fb7ad65,NHPC,same reference number on two records,2025NHPC8460211
HIGH,POSSIBLE_DUPLICATE,88d9f8be8ab5,NHPC,same reference number on two records,2025NHPC8494191
HIGH,POSSIBLE_DUPLICATE,7b4403ebfb48,NHPC,same reference number on two records,2025NHPC8493881
HIGH,POSSIBLE_DUPLICATE,d2ac0d1e26ab,NHPC,same reference number on two records,NBPS/CNP/2024-25/W-26/247
HIGH,POSSIBLE_DUPLICATE,96aeedb1b365,NHPC,same reference number on two records,2025NHPC8472991
HIGH,POSSIBLE_DUPLICATE,803948584ef5,NHPC,same reference number on two records,GEM/2025/B/5931196DATED14-02-2025
HIGH,POSSIBLE_DUPLICATE,20b15b38ae5a,NHPC,same reference number on two records,2025NHPC8480361
HIGH,POSSIBLE_DUPLICATE,aa2f8d6147c9,NHPC,same reference number on two records,2025NHPC8492361
HIGH,POSSIBLE_DUPLICATE,77175682d0a2,NHPC,same reference number on two records,NH/TSV/CONT/RM-202/NIT-1000/2024-25/475DATED14/02/2025
HIGH,POSSIBLE_DUPLICATE,7b52fdcf6f40,NHPC,same reference number on two records,NH/SLP/CONT/2025/C-02/NIT/395
HIGH,POSSIBLE_DUPLICATE,78029a1c5bd2,NHPC,same reference number on two records,GEM/2025/B/5918543DATED14-02-2025
HIGH,POSSIBLE_DUPLICATE,dbe050648298,NHPC,same reference number on two records,NH/TSV/CONT/RM-202/NIT-1000/2024-25/472DATED13/02/2025
HIGH,POSSIBLE_DUPLICATE,f3cf4f6649a4,NHPC,same reference number on two records,2025NHPC8467051
HIGH,POSSIBLE_DUPLICATE,177682498c1f,NHPC,same reference number on two records,GEM/2025/B/5914041DATED12-02-2025
HIGH,POSSIBLE_DUPLICATE,a6c2ada7c061,NHPC,same reference number on two records,GEM/2025/B/5896839DATED12-02-2025
HIGH,POSSIBLE_DUPLICATE,6b03e2098cc8,NHPC,same reference number on two records,NH/TSV/CONT/RM-208/NIT-999/2024-25/350DATED11/02/2025
HIGH,POSSIBLE_DUPLICATE,6de7df91ee84,NHPC,same reference number on two records,NH/BSPS/CC/CW/51/2024-25/541
HIGH,POSSIBLE_DUPLICATE,e056c21f3d1b,NHPC,same reference number on two records,NH/TSV/CONT/RM-207/NIT-998/2024-25/460
HIGH,POSSIBLE_DUPLICATE,59caa9e31afe,NHPC,same reference number on two records,GEM/2025/B/5900314
HIGH,POSSIBLE_DUPLICATE,6aab515c0117,NHPC,same reference number on two records,GEM/2025/B/5911367
HIGH,POSSIBLE_DUPLICATE,d0b67d7c398d,NHPC,same reference number on two records,GEM/2025/B/5920552
HIGH,POSSIBLE_DUPLICATE,55a838e53c2a,NHPC,same reference number on two records,NH/TSV/CONT/RM-209/NIT-997/2024-25/346DATED10/02/2025
HIGH,POSSIBLE_DUPLICATE,ff83322778f3,NHPC,same reference number on two records,GEM/2025/B/5884838
HIGH,POSSIBLE_DUPLICATE,72e93ff21b00,NHPC,same reference number on two records,GEM/2024/B/5730520
HIGH,POSSIBLE_DUPLICATE,8c0dfe6e9684,NHPC,same reference number on two records,GEM/2024/B/5730222
HIGH,POSSIBLE_DUPLICATE,eec22e633536,NHPC,same reference number on two records,GEM/2024/B/5730146
HIGH,POSSIBLE_DUPLICATE,3d35a7b61978,NHPC,same reference number on two records,GEM/2024/B/5729632
HIGH,POSSIBLE_DUPLICATE,67385a6553fa,NHPC,same reference number on two records,GEM/2025/B/5908238
HIGH,POSSIBLE_DUPLICATE,4d834745220f,NHPC,same reference number on two records,NH/CPS-1/PC/W-1491/2024-25/842DATED07/02/2025
HIGH,POSSIBLE_DUPLICATE,48136dfbdf31,NHPC,same reference number on two records,NH/TSV/CONT/MC-158/NIT-996/2025/453DATED07/02/2025ANDGEMBIDNOGEM/2025/B/5924407
HIGH,POSSIBLE_DUPLICATE,2b9ed1b7bf32,NHPC,same reference number on two records,NH/TSV/CONT/MC-157/NIT-995/2025/452DATED07/02/2025ANDGEMBIDNOGEM/2025/B/5924211
HIGH,POSSIBLE_DUPLICATE,ee73e70ab5c1,NHPC,same reference number on two records,2025NHPC8477001
HIGH,POSSIBLE_DUPLICATE,3bbe2fa9e3ae,NHPC,same reference number on two records,GEM/2025/B/5885681DATED05-02-2025
HIGH,POSSIBLE_DUPLICATE,8be9a51ba0a5,NHPC,same reference number on two records,2025NHPC8480981
HIGH,POSSIBLE_DUPLICATE,3b59bb02631c,NHPC,same reference number on two records,GEM/2025/B/5871383
HIGH,POSSIBLE_DUPLICATE,13df30704d47,NHPC,same reference number on two records,GEM/2025/B/5893236
HIGH,POSSIBLE_DUPLICATE,b1805f38c9aa,NHPC,same reference number on two records,GEM/2025/B/5837192
HIGH,POSSIBLE_DUPLICATE,1b6b2532ab95,NHPC,same reference number on two records,GEM/2025/B/5913253
HIGH,POSSIBLE_DUPLICATE,d9477ca3934a,NHPC,same reference number on two records,NH/BSPS/CC/PH/48/2024-25/535
HIGH,POSSIBLE_DUPLICATE,b27c9253e728,NHPC,same reference number on two records,NH/SPS/CD/NIT19/24-25/1266-76DATE050220252025NHPC8476681
HIGH,POSSIBLE_DUPLICATE,6f37214be576,NHPC,same reference number on two records,NH/CPS-1/PC/W-1493/2024-25/839DATED03/02/2025
HIGH,POSSIBLE_DUPLICATE,2dd777e0b878,NHPC,same reference number on two records,GEM/2025/B/5872486
HIGH,POSSIBLE_DUPLICATE,2504c5e5aa27,NHPC,same reference number on two records,GEM/2025/B/5884423
HIGH,POSSIBLE_DUPLICATE,708f051dabb0,NHPC,same reference number on two records,GEM/2025/B/5873778
HIGH,POSSIBLE_DUPLICATE,575330a206b1,NHPC,same reference number on two records,GEM/2025/B/5873576
HIGH,POSSIBLE_DUPLICATE,21878f611a88,NHPC,same reference number on two records,GEM/2025/B/5869694
HIGH,POSSIBLE_DUPLICATE,211f3261ceb7,NHPC,same reference number on two records,NH/TSV/CONT/EC-158/NIT-994/2024-25/449DATED04/02/2025ANDE-TENDERNO2025NHPC8474851
HIGH,POSSIBLE_DUPLICATE,22cf351a5c6a,NHPC,same reference number on two records,GEM/2025/B/5884766DATED03-02-2025
HIGH,POSSIBLE_DUPLICATE,65fb8de90d4e,NHPC,same reference number on two records,GEM/2025/B/5801385DATED30-01-2025
HIGH,POSSIBLE_DUPLICATE,091f390c8aee,NHPC,same reference number on two records,2025NHPC8472761
HIGH,POSSIBLE_DUPLICATE,59f103cdc5e4,NHPC,same reference number on two records,NH/TSV/CONT/RM-206/NIT-993/2024-25/337DATED01/02/2025GEMBIDNOGEM/2025/B/5898823
HIGH,POSSIBLE_DUPLICATE,df3980bacea9,NHPC,same reference number on two records,GEM/2025/B/5872273
HIGH,POSSIBLE_DUPLICATE,ff06567f4e39,NHPC,same reference number on two records,GEM/2025/B/5872816
HIGH,POSSIBLE_DUPLICATE,60b0a3423c88,NHPC,same reference number on two records,GEM/2025/B/5872620
HIGH,POSSIBLE_DUPLICATE,20bfcdf54057,NHPC,same reference number on two records,NH/SLP/CONT/2024/C-25/NIT/383
HIGH,POSSIBLE_DUPLICATE,c2b1110f984c,NHPC,same reference number on two records,NH/ROBKT/PNC/2025/CW-205/99DATED31012025
HIGH,POSSIBLE_DUPLICATE,efd54f0788a7,NHPC,same reference number on two records,GEM/2025/B/5790047
HIGH,POSSIBLE_DUPLICATE,18d984a94151,NHPC,same reference number on two records,GEM/2025/B/5862573DATED31-01-2025
HIGH,POSSIBLE_DUPLICATE,4a6dd3b8132a,NHPC,same reference number on two records,GEM/2025/B/5876179DATED31-1-2025
HIGH,POSSIBLE_DUPLICATE,869ee15a560e,NHPC,same reference number on two records,NH/SPS/CD/NIT-17/24-25/1248-1258DT30/01/2025TENDERID2025NHPC8468911
HIGH,POSSIBLE_DUPLICATE,0e2192f1b368,NHPC,same reference number on two records,NH/TSV/CONT/RM-205/NIT-992/2024-25/336DATED31/01/2025ANDGEMBIDNOGEM/2025/B/5895449
HIGH,POSSIBLE_DUPLICATE,8af4b93d5c17,NHPC,same reference number on two records,NH/UPS/PCS/C-107/NIQ-92/271DATED31012025
HIGH,POSSIBLE_DUPLICATE,d8b79d85c910,NHPC,same reference number on two records,NH/SIANGLOWER/NIT/2025/03
HIGH,POSSIBLE_DUPLICATE,d8db89f0de71,NHPC,same reference number on two records,NH/SIANGLOWER/NIT/2025/01
HIGH,POSSIBLE_DUPLICATE,83cb63dbbf64,NHPC,same reference number on two records,NH/SIANGLOWER/NIT/2025/02
HIGH,POSSIBLE_DUPLICATE,09b6833cc6c3,NHPC,same reference number on two records,GEM/2025/B/5866192
HIGH,POSSIBLE_DUPLICATE,963d68507587,NHPC,same reference number on two records,GEM/2025/B/5856393
HIGH,POSSIBLE_DUPLICATE,f45e749b5e62,NHPC,same reference number on two records,GEM/2025/B/5856418
HIGH,POSSIBLE_DUPLICATE,c74aac8fa443,NHPC,same reference number on two records,NH/CPS-II/CONT/E-120202/2024-25/29
HIGH,POSSIBLE_DUPLICATE,4cc9afdbce43,NHPC,same reference number on two records,2025NHPC8466761
HIGH,POSSIBLE_DUPLICATE,4874d840c93e,NHPC,same reference number on two records,NBPS/CAMPAMPP/2024-25/W-24/244DATED30-01-2025
HIGH,POSSIBLE_DUPLICATE,41f09058c202,NHPC,same reference number on two records,GEM/2025/B/5795113
HIGH,POSSIBLE_DUPLICATE,941209f0d46e,NHPC,same reference number on two records,2025NHPC8454211
HIGH,POSSIBLE_DUPLICATE,9ed685e277c3,NHPC,same reference number on two records,NH-RPS-DC01116/1/2024-DAMC/187DATE27/01/2025
HIGH,POSSIBLE_DUPLICATE,70d1eb84d131,NHPC,same reference number on two records,2025NHPC8457561
HIGH,POSSIBLE_DUPLICATE,b1487268802a,NHPC,same reference number on two records,NH/TSV/CONT/CC-349/NIT-991/2024-25/443DATED27/01/2025
HIGH,POSSIBLE_DUPLICATE,72dcecac6158,NHPC,same reference number on two records,NH/TSV/CONT/CC-348/NIT-990/2024-25/441DATED27/01/2025
HIGH,POSSIBLE_DUPLICATE,5d32256b8ea3,NHPC,same reference number on two records,GEM/2025/B/5826454
HIGH,POSSIBLE_DUPLICATE,19432aa060c1,NHPC,same reference number on two records,NBPS/CAMPAMPP/2024-25/W-23/243DATED25/01/2025
HIGH,POSSIBLE_DUPLICATE,740b85450bfd,NHPC,same reference number on two records,GEM/2025/B/5815704
HIGH,POSSIBLE_DUPLICATE,210f99897646,NHPC,same reference number on two records,GEM/2025/B/5833989
HIGH,POSSIBLE_DUPLICATE,d242ea072329,NHPC,same reference number on two records,GEM/2025/B/5831793
HIGH,POSSIBLE_DUPLICATE,3d8f0f823f91,NHPC,same reference number on two records,GEM/2024/B/5767160
HIGH,POSSIBLE_DUPLICATE,7af723ddc49e,NHPC,same reference number on two records,NH/SLP/CONT/2024/C-25/NIT/371
HIGH,POSSIBLE_DUPLICATE,20e0cbb409f8,NHPC,same reference number on two records,2025NHPC8424401
HIGH,POSSIBLE_DUPLICATE,7083b17eea8f,NHPC,same reference number on two records,GEM/2025/B/5848709
HIGH,POSSIBLE_DUPLICATE,28fcb3bcdfa2,NHPC,same reference number on two records,GEM/2025/B/5848685
HIGH,POSSIBLE_DUPLICATE,1e78dbc85b5c,NHPC,same reference number on two records,2025NHPC8432971
HIGH,POSSIBLE_DUPLICATE,43f6cccae59b,NHPC,same reference number on two records,NH/ROCHD/PNC/CW13/2025/62
HIGH,POSSIBLE_DUPLICATE,c16f7f5587bf,NHPC,same reference number on two records,NH/SPS/CD/NIT-14/24-25/1141-1151CPPPTENDERID2025NHPC8431801
HIGH,POSSIBLE_DUPLICATE,4b12cf0b579f,NHPC,same reference number on two records,NH/SPS/CD/NIT-15/24-25/1174-842025NHPC8440941DATED11/01/2025
HIGH,POSSIBLE_DUPLICATE,bd0d19c80153,NHPC,same reference number on two records,NH/SLP/CONT/2024/C-41/NIT/369
HIGH,POSSIBLE_DUPLICATE,6ba147968631,NHPC,same reference number on two records,GEM/2025/B/5819139
HIGH,POSSIBLE_DUPLICATE,717173d102a2,NHPC,same reference number on two records,/PPS-III/NIT/PR11924/182/1/306DATED21/01/2025
HIGH,POSSIBLE_DUPLICATE,5c0b68344e6d,NHPC,same reference number on two records,GEM/2025/B/5850386
HIGH,POSSIBLE_DUPLICATE,c24b7f026e70,NHPC,same reference number on two records,NH-RPS-CTS/5/2024-CIVILTS/184
HIGH,POSSIBLE_DUPLICATE,8211c03e3fa8,NHPC,same reference number on two records,NH/PPS-III/NIT/PR11924/50-74/1/304DATED20012025
HIGH,POSSIBLE_DUPLICATE,9efc9963558a,NHPC,same reference number on two records,GEM/2025/B/5840456
HIGH,POSSIBLE_DUPLICATE,53983026f432,NHPC,same reference number on two records,NH-RPS-CTS/6/2024-CIVILTS/183
HIGH,POSSIBLE_DUPLICATE,a10da0add502,NHPC,same reference number on two records,GEM/2025/B/5798145
HIGH,POSSIBLE_DUPLICATE,d33505e0bb38,NHPC,same reference number on two records,2025NHPC8451901
HIGH,POSSIBLE_DUPLICATE,ec5dcd707d55,NHPC,same reference number on two records,GEM/2025/B/5833893DT20012025
HIGH,POSSIBLE_DUPLICATE,02efda07a372,NHPC,same reference number on two records,NH-RPS-CTS01211/28/2024-CIVILTS/182
HIGH,POSSIBLE_DUPLICATE,34506a3a61a7,NHPC,same reference number on two records,NH-RPS-CTS01112/10/2024-CIVILTS/181DATE20/01/2025
HIGH,POSSIBLE_DUPLICATE,9dde428355da,NHPC,same reference number on two records,GEM/2025/B/5829681DT19012025
HIGH,POSSIBLE_DUPLICATE,01611719f492,NHPC,same reference number on two records,GEM/2024/B/5711883
HIGH,POSSIBLE_DUPLICATE,030ccd820493,NHPC,same reference number on two records,GEM/2024/B/5708461
HIGH,POSSIBLE_DUPLICATE,ffbb057aafdf,NHPC,same reference number on two records,2025NHPC8448731
HIGH,POSSIBLE_DUPLICATE,d152cc402e17,NHPC,same reference number on two records,NH/DPS/CONT/NIT-227/2025/E131936DATED17012025
HIGH,POSSIBLE_DUPLICATE,503daaa64990,NHPC,same reference number on two records,NH/DPS/CONT/NIT-228/2025/E133590DATED17012025
HIGH,POSSIBLE_DUPLICATE,264766e5979b,NHPC,same reference number on two records,NH/DPS/CONT/NIT-229/2025/E129998DATED17012025
HIGH,POSSIBLE_DUPLICATE,b549ecf1e9ff,NHPC,same reference number on two records,GEM/2025/B/5790479
HIGH,POSSIBLE_DUPLICATE,df13663146a6,NHPC,same reference number on two records,GEM/2025/B/5789303
HIGH,POSSIBLE_DUPLICATE,82208959c797,NHPC,same reference number on two records,GEM/2025/B/5823556DATED15-01-2025
HIGH,POSSIBLE_DUPLICATE,27e6386ceb30,NHPC,same reference number on two records,NH/TSV/CONT/MC-156/NIT-989/2025/311DATED15/01/2025ANDGEMBIDNOGEM/2025/B/5823621
HIGH,POSSIBLE_DUPLICATE,1137744efeb7,NHPC,same reference number on two records,GEM/2025/B/5777202DATED14012025
HIGH,POSSIBLE_DUPLICATE,cdac848747ff,NHPC,same reference number on two records,NH/DMP/PNC/NIT/2025/03
HIGH,POSSIBLE_DUPLICATE,6ef16385a291,NHPC,same reference number on two records,NH/DMP/PNC/NIT/2025/04
HIGH,POSSIBLE_DUPLICATE,3f87c3368d8f,NHPC,same reference number on two records,NH/DMP/PNC/NIT/2025/02
HIGH,POSSIBLE_DUPLICATE,dfbc5b1c5510,NHPC,same reference number on two records,GEM/2025/B/5811809DT14012025
HIGH,POSSIBLE_DUPLICATE,52542b38f781,NHPC,same reference number on two records,NH/BSPS/CC/CW/49/2024-25/472
HIGH,POSSIBLE_DUPLICATE,c4022433ec46,NHPC,same reference number on two records,NH/BSPS/CC/CW/50/2024-25/470
HIGH,POSSIBLE_DUPLICATE,7d430aeffe3c,NHPC,same reference number on two records,GEM/2025/B/5779888
HIGH,POSSIBLE_DUPLICATE,0a0e1e4007ab,NHPC,same reference number on two records,GEM/2025/B/5793707
HIGH,POSSIBLE_DUPLICATE,214e9c0765d0,NHPC,same reference number on two records,GEM/2024/B/5745264
HIGH,POSSIBLE_DUPLICATE,ad2072b9bdd7,NHPC,same reference number on two records,NH/CPS-1/PC/W-1483/2024-25/718DATED11/01/2025
HIGH,POSSIBLE_DUPLICATE,6629cda456e0,NHPC,same reference number on two records,GEM/2025/B/5777559
HIGH,POSSIBLE_DUPLICATE,d8f54c62f4f1,NHPC,same reference number on two records,NH/SEWA-II/CONTRACTS/CW-668/2024/NIT-26/600DATED09012025
HIGH,POSSIBLE_DUPLICATE,12dd295cf8d0,NHPC,same reference number on two records,2025NHPC8427921
HIGH,POSSIBLE_DUPLICATE,60abaa0a41bf,NHPC,same reference number on two records,GEM/2025/B/5769364DT09012025
HIGH,POSSIBLE_DUPLICATE,98731cb343cb,NHPC,same reference number on two records,GEM/2024/B/5753659
HIGH,POSSIBLE_DUPLICATE,9ad07c51e519,NHPC,same reference number on two records,GEM/2024/B/5755907
HIGH,POSSIBLE_DUPLICATE,423efcf3de47,NHPC,same reference number on two records,GEM/2025/B/5772589
HIGH,POSSIBLE_DUPLICATE,5328a45cba01,NHPC,same reference number on two records,NH/CPS-1/PC/W-1482/2024-25/712DATED07/01/2025
HIGH,POSSIBLE_DUPLICATE,2d54c3704a59,NHPC,same reference number on two records,NH/UPS/PCS/C-105/NIQ-90/250DATED06012025
HIGH,POSSIBLE_DUPLICATE,5e27927cc719,NHPC,same reference number on two records,NH/DMP/PNC/NIT/2024/01DTD06012024
HIGH,POSSIBLE_DUPLICATE,205abb581cab,NHPC,same reference number on two records,GEM/2024/B/5761857
HIGH,POSSIBLE_DUPLICATE,273db3d8c886,NHPC,same reference number on two records,GEM/2024/B/5754430
HIGH,POSSIBLE_DUPLICATE,482ad10fe239,NHPC,same reference number on two records,GEM/2024/B/5743397
HIGH,POSSIBLE_DUPLICATE,fc7e6bce4467,NHPC,same reference number on two records,NH/CCW/CC-I/CO-357/BSUL/PR/JSP/2024-25/379
HIGH,POSSIBLE_DUPLICATE,9ab47d0013b1,NHPC,same reference number on two records,NBPS/CAMPAMPP/2024-25/W-22/241
HIGH,POSSIBLE_DUPLICATE,36b5255c9743,NHPC,same reference number on two records,NH/SLP/CONT/2024/C-40/NIT/337
HIGH,POSSIBLE_DUPLICATE,c46c22318d2c,NHPC,same reference number on two records,NBPS/CNP/2024-25/W-21/240
HIGH,POSSIBLE_DUPLICATE,2a4d1a83f700,NHPC,same reference number on two records,NH/ARBCELL/09/2025/156
HIGH,POSSIBLE_DUPLICATE,732263026445,NHPC,same reference number on two records,GEM/2024/B/5737240
HIGH,POSSIBLE_DUPLICATE,bd308a7f3281,NHPC,same reference number on two records,GEM/2024/B/5722749
HIGH,POSSIBLE_DUPLICATE,da580ea91f71,NHPC,same reference number on two records,NH/TSV/CONT/MC-153/NIT-988/2024-25/296DATED02/01/2025ANDE-TENDERNO2025NHPC8424231
HIGH,POSSIBLE_DUPLICATE,80d517a5abd9,NHPC,same reference number on two records,NH/CPS-1/PC/W-1484/2024-25/668DATED01/01/2025
HIGH,POSSIBLE_DUPLICATE,4aaea9de31b3,NHPC,same reference number on two records,NH/CPS-1/PC/W-1486/2024-25/666DATED31/12/2024
HIGH,POSSIBLE_DUPLICATE,1e57e48e5eaa,NHPC,same reference number on two records,NH/TSV/CONT/RM-195/NIT-987/2024-25/287DATED30/12/2024
HIGH,POSSIBLE_DUPLICATE,11fb625229fb,NHPC,same reference number on two records,NH/BSPS/CC/PH/48/2024-25/443
HIGH,POSSIBLE_DUPLICATE,163cf9adc2bd,NHPC,same reference number on two records,GEM/2024/B/5748808
HIGH,POSSIBLE_DUPLICATE,708f4fa6e758,NHPC,same reference number on two records,GEM/2024/B/5737077
HIGH,POSSIBLE_DUPLICATE,503b96b809fd,NHPC,same reference number on two records,NH/TSV/CONT/MC-155/NIT-986/2024/248DATED27/12/2024ANDGEMBIDNOGEM/2024/B/5755815
HIGH,POSSIBLE_DUPLICATE,8ca72fa72e7e,NHPC,same reference number on two records,GEM/2024/B/5694460
HIGH,POSSIBLE_DUPLICATE,2044a8e4f03e,NHPC,same reference number on two records,2024NHPC8387811
HIGH,POSSIBLE_DUPLICATE,122e6dd7e897,NHPC,same reference number on two records,GEM/2024/B/5697363
HIGH,POSSIBLE_DUPLICATE,b8a3e00a4577,NHPC,same reference number on two records,GEM/2024/B/5700182
HIGH,POSSIBLE_DUPLICATE,a75ec5ecf725,NHPC,same reference number on two records,2024NHPC8411701
HIGH,POSSIBLE_DUPLICATE,00ac487038cd,NHPC,same reference number on two records,GEM/2024/B/5693324
HIGH,POSSIBLE_DUPLICATE,2e4aea2f3983,NHPC,same reference number on two records,NBPS/CNP/2024-25/W-10/239
HIGH,POSSIBLE_DUPLICATE,3477bc4ffc7c,NHPC,same reference number on two records,GEM/2024/B/5707284
HIGH,POSSIBLE_DUPLICATE,167a4c1055d8,NHPC,same reference number on two records,GEM/2024/B/5738127
HIGH,POSSIBLE_DUPLICATE,f03af0d55431,NHPC,same reference number on two records,GEM/2024/B/5665115
HIGH,POSSIBLE_DUPLICATE,302790453288,NHPC,same reference number on two records,NBPS/CNP/2024-25/W-15/238
HIGH,POSSIBLE_DUPLICATE,dfe53f670f91,NHPC,same reference number on two records,NH-RPS-PHC01111/1/2024-DAMC/156
HIGH,POSSIBLE_DUPLICATE,a6087a2c5a30,NHPC,same reference number on two records,GEM/2024/B/5708436DATED18-12-2024
HIGH,POSSIBLE_DUPLICATE,6a41dab31877,NHPC,same reference number on two records,GEM/2024/B/5656169DATED16-12-2024
HIGH,POSSIBLE_DUPLICATE,d02c87ae8e20,NHPC,same reference number on two records,NH/BSPS/CC/CW/40/2024-25/430
HIGH,POSSIBLE_DUPLICATE,fa6f7915b6ee,NHPC,same reference number on two records,E-FILENO126016/2024-25/25
HIGH,POSSIBLE_DUPLICATE,60a12dd032dc,NHPC,same reference number on two records,NH/BSPS/CC/CW/47/2024-25/428
HIGH,POSSIBLE_DUPLICATE,1f8a9cb81fb0,NHPC,same reference number on two records,NBPS/CNP/2024-25/W-20/237
HIGH,POSSIBLE_DUPLICATE,4f67995ecd68,NHPC,same reference number on two records,NH/CCW/CC-II/CO-356/PR10024/292
HIGH,POSSIBLE_DUPLICATE,0d80237a8c41,NHPC,same reference number on two records,NH/BSPS/CC/CW/46/2024-25/420
HIGH,POSSIBLE_DUPLICATE,cb815a5c575b,NHPC,same reference number on two records,GEM/2024/B/5698270DT171224
HIGH,POSSIBLE_DUPLICATE,d8b29669779a,NHPC,same reference number on two records,2024NHPC8354261
HIGH,POSSIBLE_DUPLICATE,01afabc9103d,NHPC,same reference number on two records,NH/SEWA-II/CONTRACTS/CSR-664/2024/NIT-25/568DATED17122024
HIGH,POSSIBLE_DUPLICATE,2ca985b5af82,NHPC,same reference number on two records,NH/ROSLG/PR15324/60/1017/12/2024
HIGH,POSSIBLE_DUPLICATE,bc4a22654352,NHPC,same reference number on two records,GEM/2024/B/5653076
HIGH,POSSIBLE_DUPLICATE,ef4fac9186f2,NHPC,same reference number on two records,GEM/2024/B/5685086
HIGH,POSSIBLE_DUPLICATE,5814f15ec407,NHPC,same reference number on two records,NBPS/CNP/2024-25/W-18/236DATED16-12-2024
HIGH,POSSIBLE_DUPLICATE,e15f6e5d7d2d,NHPC,same reference number on two records,NH/SPS/CD/NIT-11/24-25/1098-1108DATE28/12/20242024NHPC8397711
HIGH,POSSIBLE_DUPLICATE,9357491f6042,NHPC,same reference number on two records,GEM/2024/B/5654963
HIGH,POSSIBLE_DUPLICATE,f8a5f63a574a,NHPC,same reference number on two records,NH/SPS/CD/NIT-12/2024-25/959-968DATED14/12/20242024NHPC8397721
HIGH,POSSIBLE_DUPLICATE,b47807bd4fd1,NHPC,same reference number on two records,NH/SPS/CD/NIT-106/2024-25/936-945DATED14/12/20242024NHPC8397701
HIGH,POSSIBLE_DUPLICATE,418dc25241a0,NHPC,same reference number on two records,2024NHPC8398321
HIGH,POSSIBLE_DUPLICATE,82d8b54eeb4d,NHPC,same reference number on two records,2024NHPC8397661
HIGH,POSSIBLE_DUPLICATE,ad1bb7662114,NHPC,same reference number on two records,GEM/2024/B/5591912
HIGH,POSSIBLE_DUPLICATE,f76005cfb738,NHPC,same reference number on two records,GEM/2024/B/5676319DT121224
HIGH,POSSIBLE_DUPLICATE,d50acba181e8,NHPC,same reference number on two records,NH/SEWA-II/CONTRACTS/MW-665/2024/NIT-24/566DATED14122024
HIGH,POSSIBLE_DUPLICATE,3fae35520311,NHPC,same reference number on two records,NH/TSV/CONT/EC-154/NIT-985/2024-25/374DATED13/12/2024ANDE-TENDERNO2024NHPC8397521
HIGH,POSSIBLE_DUPLICATE,4efd769f9f71,NHPC,same reference number on two records,NH/PP-II/PAMPAMPAMPAMPC/PKGNOC-796/2024/225
HIGH,POSSIBLE_DUPLICATE,05b383269d9f,NHPC,same reference number on two records,NH/SPS/CD/NIT-105/2024-25/924-933DATED11/12/2024
HIGH,POSSIBLE_DUPLICATE,d46f3ab5736c,NHPC,same reference number on two records,GEM/2024/B/5659581
HIGH,POSSIBLE_DUPLICATE,177a1aa50b08,NHPC,same reference number on two records,GEM/2024/B/5690725
HIGH,POSSIBLE_DUPLICATE,165dcbbb0d79,NHPC,same reference number on two records,GEM/2024/B/5686648DATED10122024
HIGH,POSSIBLE_DUPLICATE,ec9505ec2e2e,NHPC,same reference number on two records,NH-RPS-DC01112/10/2024-DAMC/147DATE12/12/2024
HIGH,POSSIBLE_DUPLICATE,208fdcbd8b33,NHPC,same reference number on two records,GEM/2024/B/5667779
HIGH,POSSIBLE_DUPLICATE,2ee7d7e4c91f,NHPC,same reference number on two records,2024NHPC8386641
HIGH,POSSIBLE_DUPLICATE,0c09b376822a,NHPC,same reference number on two records,GEM/2024/B/5676331
HIGH,POSSIBLE_DUPLICATE,47d47fd0a74e,NHPC,same reference number on two records,LTHPL/TSVI/PNC/NIT-34/2024/483
HIGH,POSSIBLE_DUPLICATE,5a02fe84f0dc,NHPC,same reference number on two records,2024NHPC8389671
HIGH,POSSIBLE_DUPLICATE,156a99f181ba,NHPC,same reference number on two records,NH/TSV/CONT/CC-347/NIT-983/2024-25/262DATED11/12/2024
HIGH,POSSIBLE_DUPLICATE,30a0e5ea5146,NHPC,same reference number on two records,NH/ROBKT/PC/2024/CW204/89DATED10122024
HIGH,POSSIBLE_DUPLICATE,a470b383352e,NHPC,same reference number on two records,GEM/2024/B/5586321
HIGH,POSSIBLE_DUPLICATE,637077187b14,NHPC,same reference number on two records,NH/DMP/PNC/NIT/2024/10
HIGH,POSSIBLE_DUPLICATE,4ecb04ea82a2,NHPC,same reference number on two records,2024NHPC8388561
HIGH,POSSIBLE_DUPLICATE,ef1305d527ca,NHPC,same reference number on two records,NH/TSV/CONT/CC-346/NIT-982/2024-25/261DATED09/12/2024
HIGH,POSSIBLE_DUPLICATE,fe598a663c06,NHPC,same reference number on two records,GEM/2024/B/5598160
HIGH,POSSIBLE_DUPLICATE,634806ee0fe4,NHPC,same reference number on two records,2024NHPC8386131
HIGH,POSSIBLE_DUPLICATE,e5ac7b272f3f,NHPC,same reference number on two records,2024NHPC8386071
HIGH,POSSIBLE_DUPLICATE,b2f143996093,NHPC,same reference number on two records,NH/TSV/CONT/CC-345/NIT-981/2024-25/258DATED07/12/2024
HIGH,POSSIBLE_DUPLICATE,5e3c926b2361,NHPC,same reference number on two records,GEM/2024/B/5561347
HIGH,POSSIBLE_DUPLICATE,679af87fc859,NHPC,same reference number on two records,NH/ROCHD/PNC/CW12/2024/60
HIGH,POSSIBLE_DUPLICATE,129ca3b38bb5,NHPC,same reference number on two records,GEM/2024/B/5670896
HIGH,POSSIBLE_DUPLICATE,046ba0a2d08b,NHPC,same reference number on two records,NH/CPS-1/PC/W-1485/2024-25/608DATED06/12/2024
HIGH,POSSIBLE_DUPLICATE,c5f53c7f93ee,NHPC,same reference number on two records,GEM/2024/B/5526049
HIGH,POSSIBLE_DUPLICATE,c432ec581e6d,NHPC,same reference number on two records,GEM/2024/B/5608448
HIGH,POSSIBLE_DUPLICATE,35c2ed117c7b,NHPC,same reference number on two records,NH/TSV/CONT/RM-203/NIT-980/2024-25/257DATED05/12/2024
HIGH,POSSIBLE_DUPLICATE,758ce1a2f905,NHPC,same reference number on two records,GEM/2024/B/5648076
HIGH,POSSIBLE_DUPLICATE,96c39401e100,NHPC,same reference number on two records,NH/CCW/CC-II/CO-353/PR16024/6
HIGH,POSSIBLE_DUPLICATE,b405cc7ad3a6,NHPC,same reference number on two records,NH/CCW/CC-II/CO-354/PR10024/240
HIGH,POSSIBLE_DUPLICATE,71b393906bcc,NHPC,same reference number on two records,GEM/2024/B/5642453
HIGH,POSSIBLE_DUPLICATE,0bbd500251a3,NHPC,same reference number on two records,GEM/2024/B/5649997
HIGH,POSSIBLE_DUPLICATE,43982dd9601b,NHPC,same reference number on two records,GEM/2024/B/5662949
HIGH,POSSIBLE_DUPLICATE,27c82d0540e2,NHPC,same reference number on two records,2024NHPC8369521
HIGH,POSSIBLE_DUPLICATE,c3eacd64e565,NHPC,same reference number on two records,NH/SEWA-II/CONTRACTS/CW-661/2024/NIT-23/557DATED04122024
HIGH,POSSIBLE_DUPLICATE,2779bc0a0c46,NHPC,same reference number on two records,2024NHPC8074592
HIGH,POSSIBLE_DUPLICATE,0f31bfc63167,NHPC,same reference number on two records,NH/CPS-1/PC/W-1445/2024-25/598DATED27/11/2024
HIGH,POSSIBLE_DUPLICATE,904dc07cfcf4,NHPC,same reference number on two records,NH/BSPS/CC/CW/45/2024-25/401
HIGH,POSSIBLE_DUPLICATE,5dd63a381d9c,NHPC,same reference number on two records,2024NHPC8375321
HIGH,POSSIBLE_DUPLICATE,322bf88e6cef,NHPC,same reference number on two records,2024NHPC8374231
HIGH,POSSIBLE_DUPLICATE,562351699ae4,NHPC,same reference number on two records,NH/TSV/CONT/MC-154-338/NIT-979/2024-25/352DATED29/11/2024ANDE-TENDERNO2024NHPC8371031
HIGH,POSSIBLE_DUPLICATE,4cb60b86556c,NHPC,same reference number on two records,NH/TSV/CONT/RM-199/NIT-978/2024-25/242DATED28/11/2024ANDGEMBIDNOGEM/2024/B/5660513
HIGH,POSSIBLE_DUPLICATE,b6331dea357d,NHPC,same reference number on two records,2024NHPC8367791
HIGH,POSSIBLE_DUPLICATE,0992987414b5,NHPC,same reference number on two records,2024NHPC8368011
HIGH,POSSIBLE_DUPLICATE,fa51a42e2493,NHPC,same reference number on two records,GEM/2024/B/5652299
HIGH,POSSIBLE_DUPLICATE,a9ed1a415377,NHPC,same reference number on two records,NH/TSV/CONT/CC-323/NIT-977/2024-25/351DATED27/11/2024ANDE-TENDERNO2024NHPC8367321
HIGH,POSSIBLE_DUPLICATE,a33e8bd7ba8f,NHPC,same reference number on two records,2024NHPC8367441
HIGH,POSSIBLE_DUPLICATE,d733beb315f7,NHPC,same reference number on two records,NH/CPS-1/PC/W-1468/2024-25/595DATED26/11/2024
HIGH,POSSIBLE_DUPLICATE,c94c52ec84c1,NHPC,same reference number on two records,NH/CPS-1/PC/W-1447/2024-25/588DATED25/11/2024
HIGH,POSSIBLE_DUPLICATE,bcab99c95ddd,NHPC,same reference number on two records,GEM/2024/B/5502670
HIGH,POSSIBLE_DUPLICATE,c2b43c58d27c,NHPC,same reference number on two records,2024NHPC8364771
HIGH,POSSIBLE_DUPLICATE,9942667a5def,NHPC,same reference number on two records,GEM/2024/B/5604657
HIGH,POSSIBLE_DUPLICATE,0aef9bb343e7,NHPC,same reference number on two records,GEM/2024/B/5596672
HIGH,POSSIBLE_DUPLICATE,1015a57573dc,NHPC,same reference number on two records,NH/TSV/CONT/MC-152/NIT-976/2024/239DATED25/11/2024ANDGEMBIDNOGEM/2024/B/5644715
HIGH,POSSIBLE_DUPLICATE,c36bac3dfaed,NHPC,same reference number on two records,GEM/2024/B/5593271
HIGH,POSSIBLE_DUPLICATE,ce90d31fa850,NHPC,same reference number on two records,2024NHPC8357351
HIGH,POSSIBLE_DUPLICATE,6715ebeb284c,NHPC,same reference number on two records,NH/BSPS/CC/FS/41/2024-25/386
HIGH,POSSIBLE_DUPLICATE,9e2b3a595797,NHPC,same reference number on two records,GEM/2024/B/5596000
HIGH,POSSIBLE_DUPLICATE,a42a9976748d,NHPC,same reference number on two records,NH/BSPS/CC/CW/44/2024-25/383
HIGH,POSSIBLE_DUPLICATE,77733b4b5317,NHPC,same reference number on two records,2024NHPC8361861
HIGH,POSSIBLE_DUPLICATE,4b0360e33575,NHPC,same reference number on two records,NH/CCW/CC-II/CO-350/PR10024/241
HIGH,POSSIBLE_DUPLICATE,7a2aa7cda6bf,NHPC,same reference number on two records,2024NHPC8358811
HIGH,POSSIBLE_DUPLICATE,1bfeea27633f,NHPC,same reference number on two records,NH/ROBKT/PC/2024/CW-203/87DATED20112024
HIGH,POSSIBLE_DUPLICATE,a0e0653a09be,NHPC,same reference number on two records,2024NHPC8358171
HIGH,POSSIBLE_DUPLICATE,6d412563472b,NHPC,same reference number on two records,NH/SEWA-II/CONTRACTS/CW-662/2024/NIT-22/535DATED20112024
HIGH,POSSIBLE_DUPLICATE,41c76d311d13,NHPC,same reference number on two records,GEM/2024/B/5606909
HIGH,POSSIBLE_DUPLICATE,07716893f258,NHPC,same reference number on two records,NH/SIANGLOWER/NIT/2024/04
HIGH,POSSIBLE_DUPLICATE,ef7b15216054,NHPC,same reference number on two records,2024NHPC8355191
HIGH,POSSIBLE_DUPLICATE,41accedd5406,NHPC,same reference number on two records,NH/TSV/CONT/MC-151/NIT-975/2024/227DATE19/11/2024ANDGEMBIDNOGEM/2024/B/5625112
HIGH,POSSIBLE_DUPLICATE,23290ff3a662,NHPC,same reference number on two records,NH/TSV/CONT/MC-150/NIT-974/2024/226DATE19/11/2024ANDGEMBIDNOGEM/2024/B/5624762
HIGH,POSSIBLE_DUPLICATE,a644c805d2de,NHPC,same reference number on two records,GEM/2024/B/5527449
HIGH,POSSIBLE_DUPLICATE,f224565df5d8,NHPC,same reference number on two records,GEM/2024/B/5531436
HIGH,POSSIBLE_DUPLICATE,c534f9a60864,NHPC,same reference number on two records,NH/CPS-1/PC/W-1474/2024-25/587DATED18/11/2024
HIGH,POSSIBLE_DUPLICATE,0e47304cb470,NHPC,same reference number on two records,NH/CPS-1/PC/W-1473/2024-25/586DATED16/11/2024
HIGH,POSSIBLE_DUPLICATE,a88c53eedbda,NHPC,same reference number on two records,2024NHPC8351921
HIGH,POSSIBLE_DUPLICATE,b31c63d841c8,NHPC,same reference number on two records,NH-R4P-CD011/21/2024-CIVIL/1770
HIGH,POSSIBLE_DUPLICATE,7b8a01b05e84,NHPC,same reference number on two records,NH-R4P-CD011/25/2024-CIVIL/1771
HIGH,POSSIBLE_DUPLICATE,4bfe8499228f,NHPC,same reference number on two records,NH-RPS-PH013/5/2024-PH/113
HIGH,POSSIBLE_DUPLICATE,997299a07105,NHPC,same reference number on two records,NH/TSV/CONT/EC-129/NIT-973/2024-25/332DATED15/11/2024E-TENDERID2024NHPC8347341
HIGH,POSSIBLE_DUPLICATE,df2ba5e998c1,NHPC,same reference number on two records,LTHPL/TSVI/PAMPAMPC/NIT-33/2024/474
HIGH,POSSIBLE_DUPLICATE,50dd71dd1d33,NHPC,same reference number on two records,LTHPL/TSVI/PAMPAMPC/NIT-33/2024/473
HIGH,POSSIBLE_DUPLICATE,b685d76a21e1,NHPC,same reference number on two records,-NITNONH/TSV/CONT/MC-153/NIT-972/2024-25/328DATED14/11/2024E-TENDERNO2024NHPC8350171
HIGH,POSSIBLE_DUPLICATE,6015ca649b6b,NHPC,same reference number on two records,NH/TSV/CONT/CC-344/NIT-971/2024-25/328DATED14/11/2024
HIGH,POSSIBLE_DUPLICATE,263af59d0ead,NHPC,same reference number on two records,NH/ROSLG/PR15324/96/0913/11/2024
HIGH,POSSIBLE_DUPLICATE,042150934d94,NHPC,same reference number on two records,NH/TSV/CONT/RM-190/NIT-970/2024-25/319DATED13/11/2024
HIGH,POSSIBLE_DUPLICATE,611913b9664c,NHPC,same reference number on two records,NH/TSV/CONT/CC-343/NIT-969/2024-25/318DATED13/11/2024
HIGH,POSSIBLE_DUPLICATE,d777ac07b70f,NHPC,same reference number on two records,2024NHPC8345961
HIGH,POSSIBLE_DUPLICATE,a5db70887934,NHPC,same reference number on two records,NH/CPS-1/PC/W-1477/2024-25/581DATED11/11/2024
HIGH,POSSIBLE_DUPLICATE,ae0c38ae2600,NHPC,same reference number on two records,NH/TSV/CONT/RM-201/NIT-968/2024-25/307DATED12/11/2024
HIGH,POSSIBLE_DUPLICATE,38717f6d96fe,NHPC,same reference number on two records,GEM/2024/B/5518121
HIGH,POSSIBLE_DUPLICATE,5fddb2cf8372,NHPC,same reference number on two records,2024NHPC8342081
HIGH,POSSIBLE_DUPLICATE,a4182854c9d9,NHPC,same reference number on two records,NH/SPS/CD/NIT-203/2024-25/792-802
HIGH,POSSIBLE_DUPLICATE,859d8ce6983d,NHPC,same reference number on two records,NH/DPS/CONT/NIT-226/2024/E130047DATED09112024
HIGH,POSSIBLE_DUPLICATE,e9895874905e,NHPC,same reference number on two records,-NH/ROBKT/PC/2024/CW-202/85DATED08112024
HIGH,POSSIBLE_DUPLICATE,25fec902644d,NHPC,same reference number on two records,GEM/2024/B/5573526DTD08-11-2024
HIGH,POSSIBLE_DUPLICATE,9c8fb98c7da1,NHPC,same reference number on two records,NH-RPS-CTS012/7/2024-CIVILTS/108
HIGH,POSSIBLE_DUPLICATE,f4f98281d64d,NHPC,same reference number on two records,2024NHPC8297671
HIGH,POSSIBLE_DUPLICATE,2841d4d039ae,NHPC,same reference number on two records,GEM/2024/B//5580689
HIGH,POSSIBLE_DUPLICATE,f02caa31efc8,NHPC,same reference number on two records,NH/TSV/CONT/MC-149/NIT-967/2024-25/305DATED07/11/2024ANDE-TENDERID2024NHPC8340361
HIGH,POSSIBLE_DUPLICATE,4f4833a0fbf6,NHPC,same reference number on two records,GEM/2024/B/5556498
HIGH,POSSIBLE_DUPLICATE,d2fe97952a84,NHPC,same reference number on two records,NH/DPS/CONT/NIT-224/2024/E126202DATED06112024
HIGH,POSSIBLE_DUPLICATE,a4b80ad955db,NHPC,same reference number on two records,NH-RPS-DC01116/6/2024-DAMC/107
HIGH,POSSIBLE_DUPLICATE,bf1c919d7a25,NHPC,same reference number on two records,GEM/2024/B/5428739
HIGH,POSSIBLE_DUPLICATE,acfab52c6170,NHPC,same reference number on two records,NH/DPS/CONT/NIT-220/2024/E126329DATED02112024
HIGH,POSSIBLE_DUPLICATE,48570087e6ec,NHPC,same reference number on two records,NH/DPS/CONT/NIT-222/2024/E127906DATED31102024
HIGH,POSSIBLE_DUPLICATE,9b1c38e34f4d,NHPC,same reference number on two records,NH/TSV/CONT/CC-342/NIT-966/2024-25/292DATED30/10/2024
HIGH,POSSIBLE_DUPLICATE,64946d444e49,NHPC,same reference number on two records,NH/TSV/CONT/MC-148/NIT-965/2024-25/289DATED30/10/2024ANDE-TENDERID2024NHPC8331601
HIGH,POSSIBLE_DUPLICATE,e7bf0f3d1eaa,NHPC,same reference number on two records,NH/DPS/CONT/NIT-223/2024/E124118DATED30102024
HIGH,POSSIBLE_DUPLICATE,a2c5e54dafd3,NHPC,same reference number on two records,NH/TSV/CONT/CC-341/NIT-964/2024-25/288DATED30/10/2024
HIGH,POSSIBLE_DUPLICATE,ff556db77902,NHPC,same reference number on two records,NH/TSV/CONT/EC-155/NIT-963/2024-25/192DATED29/10/2024AMPGEMBIDGEM/2024/B/5559268
HIGH,POSSIBLE_DUPLICATE,e009e9e64c43,NHPC,same reference number on two records,NH/PPS-III/NIT/PR11924/86/1/228DATED28/10/2024
HIGH,POSSIBLE_DUPLICATE,7d82e245a8cc,NHPC,same reference number on two records,NH/TSV/CONT/EC-157/NIT-962/2024-25/191DATED28/10/2024AMPGEM/2024/B/5555086
HIGH,POSSIBLE_DUPLICATE,02fef509ff05,NHPC,same reference number on two records,NH/SEWA-II/CONTRACTS/CW-647/2024/NIT-21/532DATED28102024
HIGH,POSSIBLE_DUPLICATE,e50fd25cd462,NHPC,same reference number on two records,GEM/2024/B/5542831DATED28-10-2024
HIGH,POSSIBLE_DUPLICATE,24cab9c1f9d6,NHPC,same reference number on two records,GEM/2024/B/5546207DATED28-10-2024
HIGH,POSSIBLE_DUPLICATE,1eabc6be63d6,NHPC,same reference number on two records,GEMBIDNOGEM/2024/B/5533276DATED25-10-2024
HIGH,POSSIBLE_DUPLICATE,d22de18bcf6f,NHPC,same reference number on two records,NH/SEWA-II/CONTRACTS/CSR-660/2024/NIT-20/513DATED24102024
HIGH,POSSIBLE_DUPLICATE,b871a22ff086,NHPC,same reference number on two records,NH/DPS/CONT/NIT-219/2024/E127256DATED26102024
HIGH,POSSIBLE_DUPLICATE,0f3b19fe3e5b,NHPC,same reference number on two records,NH/CPS-1/PC/W-1456/2024-25/562DATED25/10/2024
HIGH,POSSIBLE_DUPLICATE,a0b2f4b24e9d,NHPC,same reference number on two records,NH/CPS-1/PC/W-1470/2024-25/561DATED25/10/2024
HIGH,POSSIBLE_DUPLICATE,94ffe13c2fcb,NHPC,same reference number on two records,GEM/2024/B/5545545
HIGH,POSSIBLE_DUPLICATE,1ac37fc61807,NHPC,same reference number on two records,2024NHPC8324481
HIGH,POSSIBLE_DUPLICATE,1bb07809b575,NHPC,same reference number on two records,NH/CPS-1/PC/W-1471/2024-25/560DATED24/10/2024
HIGH,POSSIBLE_DUPLICATE,dac0bbe23bfa,NHPC,same reference number on two records,2024NHPC8322731
HIGH,POSSIBLE_DUPLICATE,271113874c83,NHPC,same reference number on two records,-1052L
HIGH,POSSIBLE_DUPLICATE,ffad413fc53a,NHPC,same reference number on two records,NH/BSPS/CC/CW/35/2024-25/329
HIGH,POSSIBLE_DUPLICATE,daa1f937acd9,NHPC,same reference number on two records,2024NHPC8319811
HIGH,POSSIBLE_DUPLICATE,8c01576c2b46,NHPC,same reference number on two records,2024NHPC8320561
HIGH,POSSIBLE_DUPLICATE,5c4255d16d24,NHPC,same reference number on two records,NH/TSV/CONT/RM-202/NIT-961/2024-25/267DATED22/10/2024
HIGH,POSSIBLE_DUPLICATE,ed570cc13910,NHPC,same reference number on two records,GEM/2024/B/5434772DTD19102024
HIGH,POSSIBLE_DUPLICATE,1b1340e929e7,NHPC,same reference number on two records,NH/TSV/CONT/EC-156/NIT-960/2024-25/181DATED21/10/2024ANDGEMBIDNOGEM/2024/B/5530251
HIGH,POSSIBLE_DUPLICATE,1cf009ef92e7,NHPC,same reference number on two records,2024NHPC8317221
HIGH,POSSIBLE_DUPLICATE,9d9ba9d9d1e2,NHPC,same reference number on two records,2024NHPC8317811
HIGH,POSSIBLE_DUPLICATE,8e3985c1aa4a,NHPC,same reference number on two records,NH-R4P-CD011/3/2023-CIVIL/1630
HIGH,POSSIBLE_DUPLICATE,0afb7ad19724,NHPC,same reference number on two records,NH/BSPS/CC/CW/34/2024-25/318
HIGH,POSSIBLE_DUPLICATE,ebf1e8e01ff0,NHPC,same reference number on two records,NH/SEWA-II/CONTRACTS/CW-642/2024/NIT-19/508DATED18102024
HIGH,POSSIBLE_DUPLICATE,f821339ba1c3,NHPC,same reference number on two records,NH/DMP/PNC/NIT/2024/8
HIGH,POSSIBLE_DUPLICATE,d08e20b73d67,NHPC,same reference number on two records,NH/PPS-III/NIT/PR11924/65/1/218DATED18/10/2024
HIGH,POSSIBLE_DUPLICATE,fc684fb1fb08,NHPC,same reference number on two records,2024NHPC8313011
HIGH,POSSIBLE_DUPLICATE,c73ef28924c8,NHPC,same reference number on two records,GEM/2024/B/5502171
HIGH,POSSIBLE_DUPLICATE,e19b55f3c0b9,NHPC,same reference number on two records,GEM/2024/B/5428122
HIGH,POSSIBLE_DUPLICATE,7b9c1d49369a,NHPC,same reference number on two records,17102024
HIGH,POSSIBLE_DUPLICATE,67439ce8ebcf,NHPC,same reference number on two records,2024NHPC8303691
HIGH,POSSIBLE_DUPLICATE,aed1f30f2a30,NHPC,same reference number on two records,2024NHPC8311151
HIGH,POSSIBLE_DUPLICATE,04646da6c1d9,NHPC,same reference number on two records,GEM/2024/B/5404386
HIGH,POSSIBLE_DUPLICATE,4d2ad8561d74,NHPC,same reference number on two records,NH/SEWA-II/CONTRACTS/CSR-659/2024/NIT-18/506DATED16102024
HIGH,POSSIBLE_DUPLICATE,08db6966d770,NHPC,same reference number on two records,-1051L
HIGH,POSSIBLE_DUPLICATE,b85c197f9aca,NHPC,same reference number on two records,-1050L
HIGH,POSSIBLE_DUPLICATE,96c71ca46631,NHPC,same reference number on two records,2024NHPC8309761
HIGH,POSSIBLE_DUPLICATE,ad3872d9dac2,NHPC,same reference number on two records,NH/SEWA-II/CONTRACTS/CSR-658/2024/NIT-17/503DATED16102024
HIGH,POSSIBLE_DUPLICATE,39538bc56589,NHPC,same reference number on two records,E-FILE-127784/2024-25/23
HIGH,POSSIBLE_DUPLICATE,4a95abbb0fbe,NHPC,same reference number on two records,NH/PPS-III/NIT/PR11924/76/1/213
HIGH,POSSIBLE_DUPLICATE,9d5862a35ccf,NHPC,same reference number on two records,GEM/2024/B/5429684
HIGH,POSSIBLE_DUPLICATE,113338014793,NHPC,same reference number on two records,NH/SEWA-II/CONTRACTS/CSR-657/2024/NIT-15/500DATED12102024
HIGH,POSSIBLE_DUPLICATE,a8666119069d,NHPC,same reference number on two records,NH/SLP/CONT/2024/C-24/NIT/234
HIGH,POSSIBLE_DUPLICATE,8b6350d05d9a,NHPC,same reference number on two records,GEM/2024/B/5378544
HIGH,POSSIBLE_DUPLICATE,76cd84c5b6c0,NHPC,same reference number on two records,GEM/2024/B/5373471
HIGH,POSSIBLE_DUPLICATE,2318a4eadcd8,NHPC,same reference number on two records,NH/BSPS/CC/HM/33/2024-25/296
HIGH,POSSIBLE_DUPLICATE,6263933aff6f,NHPC,same reference number on two records,NH/BSPS/CC/CW/32/2024-25/294
HIGH,POSSIBLE_DUPLICATE,73b63da7b8f4,NHPC,same reference number on two records,NH/TSV/CONT/CC-340/NIT-958/2024-25/250DATED09/10/2024
HIGH,POSSIBLE_DUPLICATE,a2fa403999dd,NHPC,same reference number on two records,NH/BSPS/CC/CW/31/2024-25/292
HIGH,POSSIBLE_DUPLICATE,b2eb908d1140,NHPC,same reference number on two records,NH/DPS/CONT/NIT-217/2024/E126107DATED09102024
HIGH,POSSIBLE_DUPLICATE,a9c456d244f8,NHPC,same reference number on two records,GEM/2024/B/5448939
HIGH,POSSIBLE_DUPLICATE,6f23b19fec2a,NHPC,same reference number on two records,NH/TSV/CONT/CC-339/NIT-957/2024-25/246DATED08/10/2024
HIGH,POSSIBLE_DUPLICATE,00b49622b677,NHPC,same reference number on two records,2024NHPC8255521
HIGH,POSSIBLE_DUPLICATE,379df33e02c9,NHPC,same reference number on two records,NH/CCW/CC-I/CO-339/PR16924/11DT17092024
HIGH,POSSIBLE_DUPLICATE,7510d6cdddc5,NHPC,same reference number on two records,NH-RPS-DC01112/6/2024-DAMC/101
HIGH,POSSIBLE_DUPLICATE,2dd31c2b18dd,NHPC,same reference number on two records,GEM/2024/B/5464291DATED07102024
HIGH,POSSIBLE_DUPLICATE,edfd96d0e40a,NHPC,same reference number on two records,GEM/2024/B/5445974
HIGH,POSSIBLE_DUPLICATE,5bf4c3d315e6,NHPC,same reference number on two records,2024NHPC8294431
HIGH,POSSIBLE_DUPLICATE,7b87811d3d75,NHPC,same reference number on two records,2024NHPC8294381
HIGH,POSSIBLE_DUPLICATE,a81cb16dce10,NHPC,same reference number on two records,2024NHPC8294301
HIGH,POSSIBLE_DUPLICATE,8bec796a630b,NHPC,same reference number on two records,2024NHPC8294281
HIGH,POSSIBLE_DUPLICATE,e2de26378a41,NHPC,same reference number on two records,GEM/2024/B/5446371
HIGH,POSSIBLE_DUPLICATE,61052fd89a48,NHPC,same reference number on two records,GEM/2024/B/5428508DATED03-10-2024
HIGH,POSSIBLE_DUPLICATE,3df7759da7c5,NHPC,same reference number on two records,GEM/2024/B/5422508DATED28-09-2024
HIGH,POSSIBLE_DUPLICATE,bb2432fafa11,NHPC,same reference number on two records,GEM/2024/B/5418139DATED28-09-2024
HIGH,POSSIBLE_DUPLICATE,0df336e86b93,NHPC,same reference number on two records,NH/DMP/PNC/NIT/2024/7
HIGH,POSSIBLE_DUPLICATE,81e4021ea1f2,NHPC,same reference number on two records,GEM/2024/B/5421744
HIGH,POSSIBLE_DUPLICATE,873ede083a05,NHPC,same reference number on two records,GEM/2024/B/5368519
HIGH,POSSIBLE_DUPLICATE,c909fe19ed3f,NHPC,same reference number on two records,GEM/2024/B/5334921
HIGH,POSSIBLE_DUPLICATE,cfd9cd667ffa,NHPC,same reference number on two records,-1049O
HIGH,POSSIBLE_DUPLICATE,605a2ea3187f,NHPC,same reference number on two records,NH/SEWA-II/CONTRACTS/CW-655/2024/NIT-14/470DATED30092024
HIGH,POSSIBLE_DUPLICATE,c4134e68f2f6,NHPC,same reference number on two records,GEM/2024/B/5418446
HIGH,POSSIBLE_DUPLICATE,7163e60da2de,NHPC,same reference number on two records,2024NHPC8281691
HIGH,POSSIBLE_DUPLICATE,941c9622f49b,NHPC,same reference number on two records,2024NHPC8279681
HIGH,POSSIBLE_DUPLICATE,4810e3178db7,NHPC,same reference number on two records,NH/TSV/CONT/CC-326/NIT-956/2024-25/214DATED26/09/2024
HIGH,POSSIBLE_DUPLICATE,68bbb590dab4,NHPC,same reference number on two records,LTHPL/TSVI/PNC/NIT-33/2024/468
HIGH,POSSIBLE_DUPLICATE,fe11144de922,NHPC,same reference number on two records,GEM/2024/B/5382559
HIGH,POSSIBLE_DUPLICATE,d6bb95fbb7fc,NHPC,same reference number on two records,NH/CCW/CC-II/CO-341/PR10024/189
HIGH,POSSIBLE_DUPLICATE,52a043f9419b,NHPC,same reference number on two records,NH/TSV/CONT/RM-200/NIT-955/2024-25/206DATED24/09/2024
HIGH,POSSIBLE_DUPLICATE,bee1e0c15c9e,NHPC,same reference number on two records,NH/CPS-1/PC/W-1464/2024-25/527DATED23/09/20242024NHPC8273981
HIGH,POSSIBLE_DUPLICATE,06de28e92da5,NHPC,same reference number on two records,NH/TSV/CONT/CC-334/NIT-954/2024-25/205DATED24/09/2024
HIGH,POSSIBLE_DUPLICATE,3514d01b803d,NHPC,same reference number on two records,-1048L
HIGH,POSSIBLE_DUPLICATE,8dac1c52b984,NHPC,same reference number on two records,NH/DPS/CONT/NIT-215/2024/E127445DATED24092024
HIGH,POSSIBLE_DUPLICATE,c34e4f8b2bfe,NHPC,same reference number on two records,NH/DPS/CONT/NIT-214/2024/E126005DATED23092024
HIGH,POSSIBLE_DUPLICATE,fae4d1833dd4,NHPC,same reference number on two records,-1047O
HIGH,POSSIBLE_DUPLICATE,e458d53a6774,NHPC,same reference number on two records,NH/TSV/CONT/CC-338/NIT-953/2024-25/199DATED21/09/2024
HIGH,POSSIBLE_DUPLICATE,df5e908a915c,NHPC,same reference number on two records,GEM/2024/B/5380491
HIGH,POSSIBLE_DUPLICATE,2b7eb5d12a23,NHPC,same reference number on two records,2024NHPC8248351
HIGH,POSSIBLE_DUPLICATE,929bdfafc0df,NHPC,same reference number on two records,2024NHPC8218061
HIGH,POSSIBLE_DUPLICATE,002763145b19,NHPC,same reference number on two records,NH/TSV/CONT/CC-336/NIT-952/2024-25/197DATED20/09/2024
HIGH,POSSIBLE_DUPLICATE,9b1f13780016,NHPC,same reference number on two records,GEM/2024/B/5400400
HIGH,POSSIBLE_DUPLICATE,78257d75f7bd,NHPC,same reference number on two records,GEM/2024/B/5412774
HIGH,POSSIBLE_DUPLICATE,4577ea484141,NHPC,same reference number on two records,NH/BSPS/CC/CW/30/2024-25/250
HIGH,POSSIBLE_DUPLICATE,25778c695d14,NHPC,same reference number on two records,GEM/2024/B/5354549
HIGH,POSSIBLE_DUPLICATE,2e1821e616e9,NHPC,same reference number on two records,2024NHPC8267241
HIGH,POSSIBLE_DUPLICATE,23f20467ac3b,NHPC,same reference number on two records,NH/SEWA-II/CONTRACTS/CW-645/2024/NIT-13/468DATED19092024
HIGH,POSSIBLE_DUPLICATE,745d0f0aeeb7,NHPC,same reference number on two records,NH/CCW/CC-II/CO-336/PR10024/158
HIGH,POSSIBLE_DUPLICATE,43e2c104d82c,NHPC,same reference number on two records,NH-R4P-CD011/10/2024-CIVIL/1334
HIGH,POSSIBLE_DUPLICATE,1304782171ab,NHPC,same reference number on two records,NH-R4P-CD011/13/2024-C/1337
HIGH,POSSIBLE_DUPLICATE,6552da281f14,NHPC,same reference number on two records,GEM/2024/B/5403447
HIGH,POSSIBLE_DUPLICATE,e1e4756e1cb3,NHPC,same reference number on two records,NH/PPS-III/NIT/PR11924/06/1/192DATED17/09/2024
HIGH,POSSIBLE_DUPLICATE,5716dc63ec21,NHPC,same reference number on two records,NH/PPS-III/NIT/PR11924/98/1/193DATED17/09/2024
HIGH,POSSIBLE_DUPLICATE,31879adf3fd7,NHPC,same reference number on two records,GEM/2024/B/5288638DATED17092024
HIGH,POSSIBLE_DUPLICATE,60c8e57a680d,NHPC,same reference number on two records,2024NHPC8263311
HIGH,POSSIBLE_DUPLICATE,b4b247c6e8c4,NHPC,same reference number on two records,NHPCSR-06/2024RETENDER
HIGH,POSSIBLE_DUPLICATE,0faff2e1fc87,NHPC,same reference number on two records,NH-R4P-CD011/12/2024-CIVIL/1336
HIGH,POSSIBLE_DUPLICATE,0c653dc5737a,NHPC,same reference number on two records,NH-R4P-CD011/11/2024-C/1335
HIGH,POSSIBLE_DUPLICATE,5357e1a28800,NHPC,same reference number on two records,NH/TSV/CONT/EC-152/NIT-951/2024-25/128DATED17/09/2024E-TENDERNO2024NHPC8263471
HIGH,POSSIBLE_DUPLICATE,8f0017bc88df,NHPC,same reference number on two records,GEM/2024/B/5308375
HIGH,POSSIBLE_DUPLICATE,7b062299e82c,NHPC,same reference number on two records,GEM/2024/B/5369044
HIGH,POSSIBLE_DUPLICATE,355d78c8473c,NHPC,same reference number on two records,2024NHPC8262811
HIGH,POSSIBLE_DUPLICATE,31bcb0ccde9a,NHPC,same reference number on two records,2024NHPC8262861
HIGH,POSSIBLE_DUPLICATE,ec677e3b35e7,NHPC,same reference number on two records,2024NHPC8262351
HIGH,POSSIBLE_DUPLICATE,8f354220c240,NHPC,same reference number on two records,GEM/2024/B/5333085
HIGH,POSSIBLE_DUPLICATE,779e874ac016,NHPC,same reference number on two records,GEM/2024/B/5331055
HIGH,POSSIBLE_DUPLICATE,50cae3a4b940,NHPC,same reference number on two records,2024NHPC8259601
HIGH,POSSIBLE_DUPLICATE,9a61d3743b6c,NHPC,same reference number on two records,NH/SLP/CONT/2024/C-30/NIT/216
HIGH,POSSIBLE_DUPLICATE,573a5b75b9a1,NHPC,same reference number on two records,NH/SLP/CONT/2024/C-27/NIT/215
HIGH,POSSIBLE_DUPLICATE,d3624530c3b0,NHPC,same reference number on two records,NH/CPS-1/PC/W-1450/2024-25/503DATED13/09/20242024NHPC8260521
HIGH,POSSIBLE_DUPLICATE,3865bb9c67a9,NHPC,same reference number on two records,2024NHPC8259291
HIGH,POSSIBLE_DUPLICATE,ec32feb8a566,NHPC,same reference number on two records,NH/TSV/CONT/CC-337/NIT-950/2024-25/193DATED13/09/2024
HIGH,POSSIBLE_DUPLICATE,cae7af82aace,NHPC,same reference number on two records,NH/BSPS/CC/CW/29/2024-25/243
HIGH,POSSIBLE_DUPLICATE,6b586866b932,NHPC,same reference number on two records,GEM/2024/B/5362532
HIGH,POSSIBLE_DUPLICATE,d21b25de48c6,NHPC,same reference number on two records,GEM/2024/B/5358227
HIGH,POSSIBLE_DUPLICATE,d857b0fab82a,NHPC,same reference number on two records,2024NHPC8258621
HIGH,POSSIBLE_DUPLICATE,e50e4fa7f3d3,NHPC,same reference number on two records,GEM/2024/B/5360214DATED11-09-2024
HIGH,POSSIBLE_DUPLICATE,2d5dd78f45f1,NHPC,same reference number on two records,GEM/2024/B/5369458DATED11-09-2024
HIGH,POSSIBLE_DUPLICATE,6e345d66dd34,NHPC,same reference number on two records,-1046O
HIGH,POSSIBLE_DUPLICATE,1d0a2153a8e2,NHPC,same reference number on two records,NH/BSPS/CC/CW/28/2024-25/238
HIGH,POSSIBLE_DUPLICATE,1b0e133c02c2,NHPC,same reference number on two records,GEM/2024/B/5296662
HIGH,POSSIBLE_DUPLICATE,135e5dfeed47,NHPC,same reference number on two records,NH/TSV/CONT/CC-335/NIT-949/2024-25/191DATED12/09/2024
HIGH,POSSIBLE_DUPLICATE,6b7ac7dd914e,NHPC,same reference number on two records,NH/SLP/CONT/2024/C-29/NIT/211
HIGH,POSSIBLE_DUPLICATE,3484201d4528,NHPC,same reference number on two records,NH/SLP/CONT/2024/C-28/NIT/212
HIGH,POSSIBLE_DUPLICATE,1b10e41172e0,NHPC,same reference number on two records,NH/PPS-III/NIT/PR11923/280/2/183DATED11/09/2024
HIGH,POSSIBLE_DUPLICATE,2088168c4a21,NHPC,same reference number on two records,GEM/2024/B/5313844
HIGH,POSSIBLE_DUPLICATE,84b486478b03,NHPC,same reference number on two records,GEM/2024/B/5258295
HIGH,POSSIBLE_DUPLICATE,1a2e98b82774,NHPC,same reference number on two records,GEM/2024/B/5354865DATED11092024
HIGH,POSSIBLE_DUPLICATE,3be15a4c6b82,NHPC,same reference number on two records,GEM/2024/B/5362665
HIGH,POSSIBLE_DUPLICATE,2565360490e1,NHPC,same reference number on two records,GEM/2024/B/5359432
HIGH,POSSIBLE_DUPLICATE,6b9fb4b51c2f,NHPC,same reference number on two records,NH/CPS-1/PC/W-1462/2024-25/483DATED09/09/2024GEM/2024/B/5376538
HIGH,POSSIBLE_DUPLICATE,028a85cc25ba,NHPC,same reference number on two records,GEM/2024/B/5281063
HIGH,POSSIBLE_DUPLICATE,ca319004beff,NHPC,same reference number on two records,2024NHPC8253651
HIGH,POSSIBLE_DUPLICATE,2ca229dff0f6,NHPC,same reference number on two records,NH/BSPS/CC/CW/22/2024-25/234
HIGH,POSSIBLE_DUPLICATE,b25227a7542f,NHPC,same reference number on two records,NH/BSPS/CC/CW/27/2024-25/232
HIGH,POSSIBLE_DUPLICATE,69f1476d5163,NHPC,same reference number on two records,GEM/2024/B/5351929DATED04092024
HIGH,POSSIBLE_DUPLICATE,192181c0f576,NHPC,same reference number on two records,NH/BSPS/CC/CW/26/2024-25/230
HIGH,POSSIBLE_DUPLICATE,5908287f100e,NHPC,same reference number on two records,GEM/2024/B/5368287DATED09092024
HIGH,POSSIBLE_DUPLICATE,8d580ec7a94d,NHPC,same reference number on two records,2024NHPC8249951
HIGH,POSSIBLE_DUPLICATE,de79caffc06c,NHPC,same reference number on two records,NH/SLP/CONT/2024/C-18/NIT/145
HIGH,POSSIBLE_DUPLICATE,004a82ea0d00,NHPC,same reference number on two records,GEM/2024/B/5299015
HIGH,POSSIBLE_DUPLICATE,59c2a556af66,NHPC,same reference number on two records,NH/SLP/CONT/2024/C-16/NIT/144
HIGH,POSSIBLE_DUPLICATE,834b7a2309f0,NHPC,same reference number on two records,2024NHPC8248221
HIGH,POSSIBLE_DUPLICATE,f4dc3766007f,NHPC,same reference number on two records,NH/SEWA-II/CONTRACTS/MW-649/2024/NIT-12/452DATED07092024
HIGH,POSSIBLE_DUPLICATE,eff69519362e,NHPC,same reference number on two records,2024NHPC8246261
HIGH,POSSIBLE_DUPLICATE,04ff7091d1cb,NHPC,same reference number on two records,2024NHPC8242451
HIGH,POSSIBLE_DUPLICATE,776b9be0bf3e,NHPC,same reference number on two records,NH/PPS-III/NIT/PR11924/81/1/179DATED05-09-2024
HIGH,POSSIBLE_DUPLICATE,bbc5ca52f2a6,NHPC,same reference number on two records,NH/ROSLG/PR15324/66/0705/09/2024
HIGH,POSSIBLE_DUPLICATE,4fb38a8839bc,NHPC,same reference number on two records,GEM/2024/B/5352363DATED05092024
HIGH,POSSIBLE_DUPLICATE,038b4db4d83f,NHPC,same reference number on two records,NH/DMP/PNC/NIT/2024/6
HIGH,POSSIBLE_DUPLICATE,bc325c8693ee,NHPC,same reference number on two records,2024NHPC8243481
HIGH,POSSIBLE_DUPLICATE,bf9ac71b975d,NHPC,same reference number on two records,NH/SEWA-II/CONTRACTS/MW-652/2024/NIT-11/447DATED04092024
HIGH,POSSIBLE_DUPLICATE,edbf433c525a,NHPC,same reference number on two records,NH/TSV/CONT/RM-191/NIT-948/2024-25/179DATED03/09/2024
HIGH,POSSIBLE_DUPLICATE,d3c84c2f4efb,NHPC,same reference number on two records,-1045O
HIGH,POSSIBLE_DUPLICATE,c6ce2174171d,NHPC,same reference number on two records,2024NHPC8241321
HIGH,POSSIBLE_DUPLICATE,8fc04092f373,NHPC,same reference number on two records,-1044O
HIGH,POSSIBLE_DUPLICATE,758e3f053fef,NHPC,same reference number on two records,2024NHPC8236931
HIGH,POSSIBLE_DUPLICATE,7da909b2281f,NHPC,same reference number on two records,NH/PP-II/PC/PKGNOC-774/2024/10856
HIGH,POSSIBLE_DUPLICATE,2302be06eb6e,NHPC,same reference number on two records,NH/SEWA-II/CONTRACTS/CW-651/2024/NIT-10/440DATED02092024
HIGH,POSSIBLE_DUPLICATE,baf398d2ff1f,NHPC,same reference number on two records,GEM/2024/B/5335888
HIGH,POSSIBLE_DUPLICATE,c74dc54a56e8,NHPC,same reference number on two records,NH/UPS/PCS/C-92/NIQ-82/194DATED02092024
HIGH,POSSIBLE_DUPLICATE,25c15d8c610f,NHPC,same reference number on two records,NH/DPS/CONT/NIT-213/2024/E125911DATED30082024
HIGH,POSSIBLE_DUPLICATE,c2ab996bcf05,NHPC,same reference number on two records,NH/BSPS/CC/CW/23/2024-25/222
HIGH,POSSIBLE_DUPLICATE,2b48b1916312,NHPC,same reference number on two records,NH/TSV/CONT/CC-333/NIT-947/2024-25/164DATED30/08/2024
HIGH,POSSIBLE_DUPLICATE,5a5f6968be09,NHPC,same reference number on two records,NHPCWS-10/2024
HIGH,POSSIBLE_DUPLICATE,82ba5ef5992b,NHPC,same reference number on two records,GEM/2024/B/5208466
HIGH,POSSIBLE_DUPLICATE,db5abdfd51ed,NHPC,same reference number on two records,GEM/2024/B/5232232
HIGH,POSSIBLE_DUPLICATE,a012d9cfd72d,NHPC,same reference number on two records,GEM/2023/B/5294886
HIGH,POSSIBLE_DUPLICATE,989a4d0ac00f,NHPC,same reference number on two records,GEM/2024/B/5213722
HIGH,POSSIBLE_DUPLICATE,7d50b69a618f,NHPC,same reference number on two records,GEM/2024/B/5102784
HIGH,POSSIBLE_DUPLICATE,90215ed0d570,NHPC,same reference number on two records,NH/SLP/CONT/2024/C-25/NIT/139
HIGH,POSSIBLE_DUPLICATE,406f9314de80,NHPC,same reference number on two records,NH/SLP/CONT/2024/C-21/NIT/138
HIGH,POSSIBLE_DUPLICATE,f7a653d6568d,NHPC,same reference number on two records,NH/TSV/CONT/RM-198/NIT-946/2024-25/163DATED29/08/2024
HIGH,POSSIBLE_DUPLICATE,0ef147b50786,NHPC,same reference number on two records,NH/TSV/CONT/RM-196/NIT-945/2024-25/162DATED28/08/2024
HIGH,POSSIBLE_DUPLICATE,730ae510212c,NHPC,same reference number on two records,2024NHPC8231751
HIGH,POSSIBLE_DUPLICATE,839d5606aaa1,NHPC,same reference number on two records,NH/PP-II/PC/PKGNOC-767/2024/10847
HIGH,POSSIBLE_DUPLICATE,99ce28dfbba8,NHPC,same reference number on two records,NH/CPS-1/PC/W-1463/2024-25/427DATED28/08/20242024NHPC8231491
HIGH,POSSIBLE_DUPLICATE,4ae0860158cb,NHPC,same reference number on two records,GEM/2024/B/5302404
HIGH,POSSIBLE_DUPLICATE,f0f08bd519ec,NHPC,same reference number on two records,2024NHPC8230731
HIGH,POSSIBLE_DUPLICATE,e7fcd241e12a,NHPC,same reference number on two records,NH/DPS/CONT/NIT-204/2024/E122707DATED28082024
HIGH,POSSIBLE_DUPLICATE,3ca9da893313,NHPC,same reference number on two records,GEM/2024/B/5313116
HIGH,POSSIBLE_DUPLICATE,beb8c5ec5ed4,NHPC,same reference number on two records,NH/DPS/CONT/NIT-203/2024/E122665DATED28082024
HIGH,POSSIBLE_DUPLICATE,c4b0cbbb9b43,NHPC,same reference number on two records,NH/ROSLG/PR15324/58/0627/08/2024
HIGH,POSSIBLE_DUPLICATE,7215e9582984,NHPC,same reference number on two records,NH/ROSLG/PR15324/60/0527/08/2024
HIGH,POSSIBLE_DUPLICATE,06ea695884bc,NHPC,same reference number on two records,NH/SPS/CD/NIT-201/2024-25/466-475
HIGH,POSSIBLE_DUPLICATE,d37e80d7692a,NHPC,same reference number on two records,NH/SPS/CD/NIT-202/2024-25/492-501
HIGH,POSSIBLE_DUPLICATE,5d994e2a8c44,NHPC,same reference number on two records,GEM/2024/B/5217359
HIGH,POSSIBLE_DUPLICATE,76e4f15ef0e6,NHPC,same reference number on two records,GEM/2024/B/5312731DATED24082024
HIGH,POSSIBLE_DUPLICATE,54b1e30a1722,NHPC,same reference number on two records,NH/CPS-1/PC/W-1422/2024-25/405DATED-19/08/20242024NHPC8218661
HIGH,POSSIBLE_DUPLICATE,ae18dda17f47,NHPC,same reference number on two records,2024NHPC8226181
HIGH,POSSIBLE_DUPLICATE,0271dc86e476,NHPC,same reference number on two records,GEM/2024/B/5288158
HIGH,POSSIBLE_DUPLICATE,d7e581743778,NHPC,same reference number on two records,GEM/2024/B/5289634
HIGH,POSSIBLE_DUPLICATE,61310c19129b,NHPC,same reference number on two records,2024NHPC8221251
HIGH,POSSIBLE_DUPLICATE,36426e0691fd,NHPC,same reference number on two records,GEM/2024/B/5274136
HIGH,POSSIBLE_DUPLICATE,26721cd8f660,NHPC,same reference number on two records,NH/CCW/CC-II/CO335/PR10024/177
HIGH,POSSIBLE_DUPLICATE,5601b5050c79,NHPC,same reference number on two records,NH/PP-II/PC/PKGNOC-741A/2024
HIGH,POSSIBLE_DUPLICATE,3d7a06dec071,NHPC,same reference number on two records,-1043O
HIGH,POSSIBLE_DUPLICATE,775b7d08dc90,NHPC,same reference number on two records,NH/BSPS/CC/CW/14/2024-25/208
HIGH,POSSIBLE_DUPLICATE,1d4ba442a19b,NHPC,same reference number on two records,NH/BSPS/CC/CW/24/2024-25/206
HIGH,POSSIBLE_DUPLICATE,4489149d841a,NHPC,same reference number on two records,NH/CCW/CC-II/CO-333/PR10024/134
HIGH,POSSIBLE_DUPLICATE,96348046505f,NHPC,same reference number on two records,GEM/2024/B/5307969
HIGH,POSSIBLE_DUPLICATE,f1132fd97a81,NHPC,same reference number on two records,NHPCWS-09/2024
HIGH,POSSIBLE_DUPLICATE,07b983ae441d,NHPC,same reference number on two records,NH/SEWA-II/CONTRACTS/CW-644/2024/NIT-09/416DATED19082024
HIGH,POSSIBLE_DUPLICATE,cb944567c65e,NHPC,same reference number on two records,NH/CPS-1/PC/W-1459/2024-25/402DATED17/08/2024
HIGH,POSSIBLE_DUPLICATE,4b08c1c4e548,NHPC,same reference number on two records,GEM/2024/B/5106652
HIGH,POSSIBLE_DUPLICATE,1d13be0c8f41,NHPC,same reference number on two records,NH/BSPS/CC/CW/17/2024-25/199
HIGH,POSSIBLE_DUPLICATE,bccf251717d6,NHPC,same reference number on two records,GEM/2024/B/5144189
HIGH,POSSIBLE_DUPLICATE,a6ce5e9c36b5,NHPC,same reference number on two records,NH/PP-II/PC/PKGNOC-766/2024/10834
HIGH,POSSIBLE_DUPLICATE,e8afdbded82c,NHPC,same reference number on two records,NH/DPS/CONT/NIT-206/2024/E121034DATED16082024
HIGH,POSSIBLE_DUPLICATE,d685bc412f2d,NHPC,same reference number on two records,NH/DPS/CONT/NIT-210/2024/E121660DATED14082024
HIGH,POSSIBLE_DUPLICATE,cec8f294eef2,NHPC,same reference number on two records,GEM/2024/B/5191709
HIGH,POSSIBLE_DUPLICATE,b285efeba412,NHPC,same reference number on two records,NH/TSV/RC/NIT-MS011/12/40DATED13-08-2024TENDERID2024NHPC8211691
HIGH,POSSIBLE_DUPLICATE,d44c82be3765,NHPC,same reference number on two records,NH/SPS/CD/NIT-10/2024-25/447-457TENDERID2024NHPC8208651
HIGH,POSSIBLE_DUPLICATE,e7e90fbeee22,NHPC,same reference number on two records,NH/SPS/CD/NIT-08/2024-25/436-446TENDERID2024NHPC820797
HIGH,POSSIBLE_DUPLICATE,3770ad2ccbc0,NHPC,same reference number on two records,NH/DPS/CONT/NIT-205/2024/E112876DATED13082024
HIGH,POSSIBLE_DUPLICATE,2b36de6a897b,NHPC,same reference number on two records,NH/SEWA-II/CONTRACTS/EW-643/2024/NIT-08/414DATED12082024
HIGH,POSSIBLE_DUPLICATE,2e22c7351ae0,NHPC,same reference number on two records,GEM/2024/B/5141556
HIGH,POSSIBLE_DUPLICATE,728407f368dd,NHPC,same reference number on two records,NH/TSV/CONT/CC-324/NIT-944/2024-25/145DATED12/08/2024
HIGH,POSSIBLE_DUPLICATE,d7882538da10,NHPC,same reference number on two records,NH/TSV/CONT/EC-151/NIT-943/2024-25/144DATED10/08/2024E-TENDERID2024NHPC8209131
HIGH,POSSIBLE_DUPLICATE,45d9bdcaf1cd,NHPC,same reference number on two records,GEM/2024/B/5268779
HIGH,POSSIBLE_DUPLICATE,a59362cc8d57,NHPC,same reference number on two records,GEM/2024/B/5200172
HIGH,POSSIBLE_DUPLICATE,812d7dc55f38,NHPC,same reference number on two records,GEM/2024/B/5108720
HIGH,POSSIBLE_DUPLICATE,f13e05c4cd6a,NHPC,same reference number on two records,2024NHPC8204671
HIGH,POSSIBLE_DUPLICATE,03fada4dae4f,NHPC,same reference number on two records,NH/PPS-III/NIT/PR11924/09/1/157DATED08/08/2024
HIGH,POSSIBLE_DUPLICATE,687e8540d44b,NHPC,same reference number on two records,GEM/2024/B/5250000DATED08082024
HIGH,POSSIBLE_DUPLICATE,a2625c5be80e,NHPC,same reference number on two records,NH/TSV/CONT/CC-332/NIT-942/2024-25/138DATED07/08/2024
HIGH,POSSIBLE_DUPLICATE,afbdee8d2306,NHPC,same reference number on two records,NH/UPS/PCS/C-102/NIQ-88/184DATED25072024
HIGH,POSSIBLE_DUPLICATE,a797ec75163d,NHPC,same reference number on two records,NH/UPS/PCS/C-99/NIQ-87/179DATED15072024
HIGH,POSSIBLE_DUPLICATE,4a20d62b6be2,NHPC,same reference number on two records,GEM/2024/B/5249654DATED06082024
HIGH,POSSIBLE_DUPLICATE,cc94fb955c02,NHPC,same reference number on two records,NH/UPS/PCS/C-95/NIQ-85/187DATED01082024
HIGH,POSSIBLE_DUPLICATE,9b83bba28254,NHPC,same reference number on two records,NH/UPS/PCS/C-94/NIQ-84/182DATED18072024
HIGH,POSSIBLE_DUPLICATE,78bbf367ba3b,NHPC,same reference number on two records,NH/TSV/CONT/EC-155/NIT-941/2024-25/99DATED06/08/2024GEMBIDNOGEM/2024/B/5255592
HIGH,POSSIBLE_DUPLICATE,6cc52c62405c,NHPC,same reference number on two records,GEM/2024/B/5222227
HIGH,POSSIBLE_DUPLICATE,a83728b0ca61,NHPC,same reference number on two records,NH/UPS/PCS/C-93/NIQ-83/188DATED05082024
HIGH,POSSIBLE_DUPLICATE,621939dca67f,NHPC,same reference number on two records,NH/UPS/PCS/C-91/NIQ-81/172DATED15062024
HIGH,POSSIBLE_DUPLICATE,741543a10d9e,NHPC,same reference number on two records,GEM/2024/B/5142098
HIGH,POSSIBLE_DUPLICATE,58006fbf1593,NHPC,same reference number on two records,NH/DPS/CONT/NIT-208/2024/E121200DATED-05082024
HIGH,POSSIBLE_DUPLICATE,ee4b353fa223,NHPC,same reference number on two records,NH/DPS/CONT/NIT-207/2024/E121867DATED-05082024
HIGH,POSSIBLE_DUPLICATE,1193d872b444,NHPC,same reference number on two records,NH/TSV/CONT/CC-331/NIT-940/2024-25/132DATED05/08/2024
HIGH,POSSIBLE_DUPLICATE,5681242f5e2c,NHPC,same reference number on two records,GEM/2024/B/5076080
HIGH,POSSIBLE_DUPLICATE,90e2320c1b34,NHPC,same reference number on two records,GEM/2024/B/5078494
HIGH,POSSIBLE_DUPLICATE,d781160a8ed9,NHPC,same reference number on two records,GEM/2024/B/5078833
HIGH,POSSIBLE_DUPLICATE,fe3fc76be196,NHPC,same reference number on two records,GEM/2024/B/5106180
HIGH,POSSIBLE_DUPLICATE,f71d24af8fe3,NHPC,same reference number on two records,GEM/2024/B/5213826
HIGH,POSSIBLE_DUPLICATE,f6ad8b4e5551,NHPC,same reference number on two records,NH/BSPS/CC/PH/20/2024-25/180
HIGH,POSSIBLE_DUPLICATE,fc0e3027f619,NHPC,same reference number on two records,GEM/2024/B/5196393DATED02082024
HIGH,POSSIBLE_DUPLICATE,3f1bb04e031f,NHPC,same reference number on two records,NH/PPS-III/NIT/PR11924/08/1/148DATED02/08/2024
HIGH,POSSIBLE_DUPLICATE,4f545701366e,NHPC,same reference number on two records,GEM/2024/B/5024327
HIGH,POSSIBLE_DUPLICATE,bdd6482bbe7b,NHPC,same reference number on two records,NH/TSV/CONT/RM-199/NIT-939/2024-25/129DATED01/08/2024
HIGH,POSSIBLE_DUPLICATE,c2c98a136180,NHPC,same reference number on two records,GEM/2024/B/5197766
HIGH,POSSIBLE_DUPLICATE,6ed76f09ff52,NHPC,same reference number on two records,NH/DMP/PNC/NIT/2024/5
HIGH,POSSIBLE_DUPLICATE,5017d0c6c9b5,NHPC,same reference number on two records,LTHPL/TSVI/PNC/NIT-34/2024/454
HIGH,POSSIBLE_DUPLICATE,f53a533e7b0f,NHPC,same reference number on two records,NH/SEWA-II/CONTRACTS/CW-642/2024/NIT-07/405DATED30072024
HIGH,POSSIBLE_DUPLICATE,ba8a754ee931,NHPC,same reference number on two records,2024NHPC8163031
HIGH,POSSIBLE_DUPLICATE,c9a33cbe6a47,NHPC,same reference number on two records,NH/DPS/CONT/NIT-193/2024/E115374DATED-30072024
HIGH,POSSIBLE_DUPLICATE,16427bea9b68,NHPC,same reference number on two records,NH/ROSLG/PR15324/27/0430/07/2024
HIGH,POSSIBLE_DUPLICATE,85db5f7451f7,NHPC,same reference number on two records,NH/SPS/CD/NIT-09/2024-25/366-375DATED29/07/2024TENDERID2024NHPC8187981
HIGH,POSSIBLE_DUPLICATE,7366d3091ded,NHPC,same reference number on two records,NH/TSV/CONT/RM-195/NIT-938/2024-25/127DATED29/07/2024
HIGH,POSSIBLE_DUPLICATE,201aedd48adb,NHPC,same reference number on two records,GEM/2024/B/5013758
HIGH,POSSIBLE_DUPLICATE,7c2f40c01948,NHPC,same reference number on two records,GEM/2024/B/5112662
HIGH,POSSIBLE_DUPLICATE,548b528f786e,NHPC,same reference number on two records,NH/SPS/CD/NIT-07/2024-25/298-307DATED22/07/20242024NHPC8176951
HIGH,POSSIBLE_DUPLICATE,c05ceeb62e0f,NHPC,same reference number on two records,NH/TSV/CONT/RM-197/NIT-937/2024-25/122DATED27/07/2024
HIGH,POSSIBLE_DUPLICATE,3969e45ec21e,NHPC,same reference number on two records,NH/SPS/CD/NIT-06/2024-25/270-280DATE17/07/20242024NHPC8169061
HIGH,POSSIBLE_DUPLICATE,00529ca4dc2e,NHPC,same reference number on two records,NH/TSV/CONT/RM-194/NIT-936/2024-25/121DATED27/07/2024
HIGH,POSSIBLE_DUPLICATE,d28a27bfab4f,NHPC,same reference number on two records,GEM/2024/B/5172324DATED26072024
HIGH,POSSIBLE_DUPLICATE,99f82a3127e3,NHPC,same reference number on two records,GEM/2024/B/5192754
HIGH,POSSIBLE_DUPLICATE,14d7535ee1d9,NHPC,same reference number on two records,NH/SPS/CD/NIT-101/2024-25/285-295DATED20/07/2024TENDERID2024NHPC8174111
HIGH,POSSIBLE_DUPLICATE,d07443aca4ef,NHPC,same reference number on two records,GEM/2024/B/5161590
HIGH,POSSIBLE_DUPLICATE,2221f31c4ea5,NHPC,same reference number on two records,NH/SPS/CD/NIT-05/2024-25/356-365DTD25/07/2024TENDERID2024NHPC8180981
HIGH,POSSIBLE_DUPLICATE,cd1cb5e91329,NHPC,same reference number on two records,GEM/2024/B/5167964
HIGH,POSSIBLE_DUPLICATE,1d38112351a4,NHPC,same reference number on two records,GEM/2024/B/5309827DATED21082024
HIGH,POSSIBLE_DUPLICATE,a0cf2ba52f21,NHPC,same reference number on two records,GEM/2024/B/5010793
HIGH,POSSIBLE_DUPLICATE,ed23264399f3,NHPC,same reference number on two records,GEM/2024/B/4987781
HIGH,POSSIBLE_DUPLICATE,8c18c3c10e54,NHPC,same reference number on two records,NH/BSPS/CC/CW/15/2024-25/164
HIGH,POSSIBLE_DUPLICATE,784c285ff67b,NHPC,same reference number on two records,2024NHPC8074591
HIGH,POSSIBLE_DUPLICATE,341a0777859f,NHPC,same reference number on two records,GEM/2024/B/5126556
HIGH,POSSIBLE_DUPLICATE,e1546b67387c,NHPC,same reference number on two records,2024NHPC8175861
HIGH,POSSIBLE_DUPLICATE,9331d8b647f4,NHPC,same reference number on two records,NH/SPS/CD/NIT-102/2024-25/345-355DTD24/07/2024TENDERID2024NHPC8179991
HIGH,POSSIBLE_DUPLICATE,0dc7900e7d35,NHPC,same reference number on two records,NH/SEWA-II/CONTRACTS/CW-635/2024/NIT-06/398DATED22072024
HIGH,POSSIBLE_DUPLICATE,c3f5a0cff61d,NHPC,same reference number on two records,GEM/2024/B/5110924
HIGH,POSSIBLE_DUPLICATE,b108825b1a8b,NHPC,same reference number on two records,GEM/2024/B/4981105
HIGH,POSSIBLE_DUPLICATE,8bbdd940d3fb,NHPC,same reference number on two records,2024NHPC8169041
HIGH,POSSIBLE_DUPLICATE,cf803974a72b,NHPC,same reference number on two records,NH/TSV/CONT/MC-138/NIT-935/2024-25/114DATED17/07/2024E-TENDERNO2024NHPC8169531
HIGH,POSSIBLE_DUPLICATE,ecd537af4dea,NHPC,same reference number on two records,NH/TSV/CONT/EC-154/NIT-934/2024-25/113DATED17/07/20242024NHPC8169441
HIGH,POSSIBLE_DUPLICATE,613d89b27f37,NHPC,same reference number on two records,GEM/2024/B/5163581DATED17072024
HIGH,POSSIBLE_DUPLICATE,fcb24e964e27,NHPC,same reference number on two records,GEM/2024/B/5166640
HIGH,POSSIBLE_DUPLICATE,80c153704451,NHPC,same reference number on two records,GEM/2024/B/5063312
HIGH,POSSIBLE_DUPLICATE,b9d8956fa336,NHPC,same reference number on two records,NH/TSV/CONT/MC-140/NIT-933/2024/112DATED16/07/2024GEMBIDNOGEM/2024/B/5168748
HIGH,POSSIBLE_DUPLICATE,1b62fa552f11,NHPC,same reference number on two records,NH/SPS/CD/NIT-03/2024-25/251-260CPPPTENDERID2024NHPC8165111
HIGH,POSSIBLE_DUPLICATE,b7a19191ccf7,NHPC,same reference number on two records,NH/TSV/CONT/MC-148/NIT-932/2024-25/110DATED16/07/2024E-TENDERNO2024NHPC8167021
HIGH,POSSIBLE_DUPLICATE,9724b538720b,NHPC,same reference number on two records,NH/TSV/CONT/EC-153/NIT-931/2024-25/108DATED15/07/2024GEMBIDNOGEM/2024/B/5163849
HIGH,POSSIBLE_DUPLICATE,c93b17c2fcff,NHPC,same reference number on two records,NH/TSV/CONT/CC-321/NIT-930/2024-25/103DATED13/07/2024
HIGH,POSSIBLE_DUPLICATE,d56dd12b1ccf,NHPC,same reference number on two records,GEM/2024/B/5091483
HIGH,POSSIBLE_DUPLICATE,e6b40e9ac848,NHPC,same reference number on two records,GEM/2024/B/5090904
HIGH,POSSIBLE_DUPLICATE,bbf0fef08ed6,NHPC,same reference number on two records,NH/TSV/CONT/RM-190/NIT-929/2024-25/102DATED12/07/2024
HIGH,POSSIBLE_DUPLICATE,f0845e8be825,NHPC,same reference number on two records,NH/SPS/CD/NIT-04/2024-25/241-250TENDERID2024NHPC8162251
HIGH,POSSIBLE_DUPLICATE,299457428829,NHPC,same reference number on two records,GEM/2024/B/5150497
HIGH,POSSIBLE_DUPLICATE,0e08944cff07,NHPC,same reference number on two records,NH/ROSLG/PR15324/31/0309/07/2024
HIGH,POSSIBLE_DUPLICATE,4115a6506a52,NHPC,same reference number on two records,NH/SPS/CD/NIT-01/2024-25/227-236DATED06/07/2024CPPPTENDERID2024NHPC8153232
HIGH,POSSIBLE_DUPLICATE,cc0776e1f1bf,NHPC,same reference number on two records,NH/PPS-III/NIT/PR11923/293/1/134DATED06/07/2024
HIGH,POSSIBLE_DUPLICATE,571fe1f7e4de,NHPC,same reference number on two records,2024NHPC8150471
HIGH,POSSIBLE_DUPLICATE,7c3bd3f0296a,NHPC,same reference number on two records,2024NHPC8150361
HIGH,POSSIBLE_DUPLICATE,802b0a78385e,NHPC,same reference number on two records,NH/TSV/CONT/EC-152/NIT-927/2024-25/94DATED04/07/2024E-TENDERNO2024NHPC8148811
HIGH,POSSIBLE_DUPLICATE,c326a358ca34,NHPC,same reference number on two records,GEM/2024/B/5083951
HIGH,POSSIBLE_DUPLICATE,3a5143974d5f,NHPC,same reference number on two records,GEM/2024/B/5084161
HIGH,POSSIBLE_DUPLICATE,2234eccbeeb5,NHPC,same reference number on two records,2024NHPC8145951
HIGH,POSSIBLE_DUPLICATE,c1f419454729,NHPC,same reference number on two records,NH/TSV/CONT/CC-327/NIT-926/2024-25/61DATED03/07/2024E-TENDERNO2024NHPC8147571
HIGH,POSSIBLE_DUPLICATE,54d6032abb47,NHPC,same reference number on two records,NH/PP-II/PC/PKGNOC-758/2024/10744
HIGH,POSSIBLE_DUPLICATE,857848f1152c,NHPC,same reference number on two records,NH/TSV/CONT/CC-329/NIT-924/2024-25/57DATED03/07/2024GEMBIDNOGEM/2024/B/5117991
HIGH,POSSIBLE_DUPLICATE,319666c5e203,NHPC,same reference number on two records,NH/TSV/CONT/MC-147/NIT-925/2024-25/58DATED03/07/2024E-TENDERNO2024NHPC8146921
HIGH,POSSIBLE_DUPLICATE,8b67b4a3c229,NHPC,same reference number on two records,NH/CCW/CC-II/CO-324/PR10024/92
HIGH,POSSIBLE_DUPLICATE,c4495083d38d,NHPC,same reference number on two records,NH/PP-II/PC/PKGNOC-756/2024/10735
HIGH,POSSIBLE_DUPLICATE,df0846914c06,NHPC,same reference number on two records,NH/SLP/CONT/2024/C-01/NIT/120
HIGH,POSSIBLE_DUPLICATE,38bc027a948e,NHPC,same reference number on two records,NH/TSV/CONT/CC-328/NIT-923/2024-25/89DATED29/06/2024E-TENDERNO2024NHPC8142191
HIGH,POSSIBLE_DUPLICATE,64aea619f492,NHPC,same reference number on two records,NH/PP-II/PC/PKGNOC-745A/2024/10720
HIGH,POSSIBLE_DUPLICATE,fd711938bfcf,NHPC,same reference number on two records,GEM/2024/B/5103359
HIGH,POSSIBLE_DUPLICATE,b18a8a06b32b,NHPC,same reference number on two records,NH/BSPS/CC/PH/13/2024-25/142
HIGH,POSSIBLE_DUPLICATE,c8f53b303f1d,NHPC,same reference number on two records,NH/CPS-1/PC/W-1445/2024-25/268DATED-28/06/2024
HIGH,POSSIBLE_DUPLICATE,98dfe946113f,NHPC,same reference number on two records,2024NHPC8134141
HIGH,POSSIBLE_DUPLICATE,3b40e3fede89,NHPC,same reference number on two records,NH/CCW/CC-II/CO-326/PR10023/507
HIGH,POSSIBLE_DUPLICATE,8e974c4d3d64,NHPC,same reference number on two records,NH/TSV/CONT/CC-326/NIT-922/2024-25/84DATED27/06/2024
HIGH,POSSIBLE_DUPLICATE,6c37739193e5,NHPC,same reference number on two records,GEM/2024/B/5095388
HIGH,POSSIBLE_DUPLICATE,fbc439c576c1,NHPC,same reference number on two records,LTHPL/TSVI/PC/NIT-32/2024/437
HIGH,POSSIBLE_DUPLICATE,68ae71000449,NHPC,same reference number on two records,NH/PP-II/PC/PKGNOC-755/2024/10713
HIGH,POSSIBLE_DUPLICATE,b60fc66c044b,NHPC,same reference number on two records,NH/TSV/CONT/RM-192/NIT-921/2024-25/83DATED26/06/2024
HIGH,POSSIBLE_DUPLICATE,1d074aa6b1c6,NHPC,same reference number on two records,NH/BSPS/CC/CW/10/2024-25/132
HIGH,POSSIBLE_DUPLICATE,a32388081606,NHPC,same reference number on two records,NH/CPS-1/PC/W-1453/2024-25/223DATED-18/06/2024
HIGH,POSSIBLE_DUPLICATE,14d90965c760,NHPC,same reference number on two records,NH/CPS-1/PC/W-1446/2024-25/224DATED-08/06/2024
HIGH,POSSIBLE_DUPLICATE,bb09f618e05a,NHPC,same reference number on two records,2024NHPC8087191
HIGH,POSSIBLE_DUPLICATE,c0a8788305e9,NHPC,same reference number on two records,2024NHPC8127021
HIGH,POSSIBLE_DUPLICATE,ef1d92f9d89b,NHPC,same reference number on two records,NH-RPS-PH01213/5/2023-PH/34
HIGH,POSSIBLE_DUPLICATE,78582da25600,NHPC,same reference number on two records,NH/PP-II/PC/PKGNOC-751/2024/10703
HIGH,POSSIBLE_DUPLICATE,0fe550c668f0,NHPC,same reference number on two records,NHPCSR-05/2024
HIGH,POSSIBLE_DUPLICATE,c85a68e48f81,NHPC,same reference number on two records,NH/TSV/CONT/EC-151/NIT-918/2024-25/69DATED13/06/2024E-TENDERNO2024NHPC8117701
HIGH,POSSIBLE_DUPLICATE,d47e38535da4,NHPC,same reference number on two records,NH/CCW/CC-II/CO-315/PR10023/536
HIGH,POSSIBLE_DUPLICATE,1ef6163b5e2a,NHPC,same reference number on two records,2024NHPC8112421
HIGH,POSSIBLE_DUPLICATE,54d8a0779349,NHPC,same reference number on two records,NH/CPS-1/PC/W-1450/2024-25/196DATED-12/06/2024
HIGH,POSSIBLE_DUPLICATE,4dd120f4ef2d,NHPC,same reference number on two records,GEM/2024/B/5006300
HIGH,POSSIBLE_DUPLICATE,3185ff39659c,NHPC,same reference number on two records,2024NHPC8094911
HIGH,POSSIBLE_DUPLICATE,c1844cec0ea9,NHPC,same reference number on two records,NH/TSV/CONT/CC-325/NIT-917/2024-25/60DATED10/06/2024
HIGH,POSSIBLE_DUPLICATE,daf28f7edb9d,NHPC,same reference number on two records,NH/DPS/CONT/NIT-200/2024/E100883DATED10062024
HIGH,POSSIBLE_DUPLICATE,1d5345d0a499,NHPC,same reference number on two records,NH/TSV/CONT/RM-187/NIT-916/2024-25/58DATED08/06/2024
HIGH,POSSIBLE_DUPLICATE,dcf3d2d25aa5,NHPC,same reference number on two records,2024NHPC8107861
HIGH,POSSIBLE_DUPLICATE,2035fc11ddff,NHPC,same reference number on two records,NH/SEWA-II/CONTRACTS/SC-630/2024/NIT-05/361DATED07062024
HIGH,POSSIBLE_DUPLICATE,d2e182e5c64d,NHPC,same reference number on two records,NH/SEWA-II/CONTRACTS/CW-616/2024/NIT-04/360DATED06062024
HIGH,POSSIBLE_DUPLICATE,b970790def29,NHPC,same reference number on two records,-1042O
HIGH,POSSIBLE_DUPLICATE,4599afc4dd62,NHPC,same reference number on two records,2024NHPC8102971
HIGH,POSSIBLE_DUPLICATE,11bfb5d2c139,NHPC,same reference number on two records,GEM/2024/B/4946744
HIGH,POSSIBLE_DUPLICATE,c3b4e678000f,NHPC,same reference number on two records,NH/CONTSEM-III/URI-1/PR10623/307/2024
HIGH,POSSIBLE_DUPLICATE,7f0e13af8a8d,NHPC,same reference number on two records,NH/DPS/CONT/NIT-199/2024/E120587DATED03062024
HIGH,POSSIBLE_DUPLICATE,3a028dbddeeb,NHPC,same reference number on two records,NH/DPS/CONT/NIT-198/2024/E120051DATED01062024
HIGH,POSSIBLE_DUPLICATE,e7f38cdaea96,NHPC,same reference number on two records,-1041O
HIGH,POSSIBLE_DUPLICATE,922bf2d72cf9,NHPC,same reference number on two records,2024NHPC8093311
HIGH,POSSIBLE_DUPLICATE,fd7585f7aff1,NHPC,same reference number on two records,NH/CPS-1/PC/W-1442/2024-25/150DATED-29/05/2024
HIGH,POSSIBLE_DUPLICATE,cf1b71e3529d,NHPC,same reference number on two records,NH/ROSLG/PR15323/178/01
HIGH,POSSIBLE_DUPLICATE,dd89158bfd55,NHPC,same reference number on two records,NHPCSR-06/2024
HIGH,POSSIBLE_DUPLICATE,4ccfd541416b,NHPC,same reference number on two records,2024NHPC8080601
HIGH,POSSIBLE_DUPLICATE,6e51143655c0,NHPC,same reference number on two records,NH/DPS/CONT/NIT-197/2024/E118512DATED27052024
HIGH,POSSIBLE_DUPLICATE,3bc02b37d844,NHPC,same reference number on two records,NH/CPS-1/PC/W-1448/2024-25/144DATED23/05/2024
HIGH,POSSIBLE_DUPLICATE,e6c59179401a,NHPC,same reference number on two records,2024NHPC8080421
HIGH,POSSIBLE_DUPLICATE,acacbb271134,NHPC,same reference number on two records,2024NHPC8042981
HIGH,POSSIBLE_DUPLICATE,46f3ccf82938,NHPC,same reference number on two records,NH/CCW/CC-II/CO-318/PR16923/52
HIGH,POSSIBLE_DUPLICATE,b241f14a5b42,NHPC,same reference number on two records,NH/BSPS/CC/CW/05/2024-25/90
HIGH,POSSIBLE_DUPLICATE,20e8360bf8e8,NHPC,same reference number on two records,NH/PP-II/PC/PKGNOC-752/2024
HIGH,POSSIBLE_DUPLICATE,f9248646859b,NHPC,same reference number on two records,NH/ROSLG/PR15323/4418/05/2024
HIGH,POSSIBLE_DUPLICATE,7417f80eaed2,NHPC,same reference number on two records,2024NHPC8057331
HIGH,POSSIBLE_DUPLICATE,aedd26e94666,NHPC,same reference number on two records,-1040O
HIGH,POSSIBLE_DUPLICATE,ab6b8014f069,NHPC,same reference number on two records,GEM/2024/B/4935721
HIGH,POSSIBLE_DUPLICATE,0b0210d476f3,NHPC,same reference number on two records,NH/BSPS/CC/CW/04/2024-25/81
HIGH,POSSIBLE_DUPLICATE,90949ccec852,NHPC,same reference number on two records,NH/TSV/CONT/CC-324/NIT-915/2024-25/40DATED15/05/2024
HIGH,POSSIBLE_DUPLICATE,6e0a7181d3b1,NHPC,same reference number on two records,NH/TSV/CONT/CC-323/NIT-914/2024-25/39DATED15/05/2024
HIGH,POSSIBLE_DUPLICATE,f32994c70b28,NHPC,same reference number on two records,NH/TSV/CONT/MC-146/NIT-913/2024-25/38DATED14/05/2024E-TENDERNO2024NHPC8071761
HIGH,POSSIBLE_DUPLICATE,207da8da0756,NHPC,same reference number on two records,GEM/2024/B/4909940
HIGH,POSSIBLE_DUPLICATE,67c2a0c4f7dd,NHPC,same reference number on two records,NH/CPS-1/PC/W-1449/2024-25/79DATED-10/05/2024
HIGH,POSSIBLE_DUPLICATE,ade084c9bad9,NHPC,same reference number on two records,2024NHPC8068201
HIGH,POSSIBLE_DUPLICATE,ea321b93f07a,NHPC,same reference number on two records,NH/SEWA-II/CONTRACTS/CW-618/2024/NIT-03/339DATED09052024
HIGH,POSSIBLE_DUPLICATE,ca80dff53b86,NHPC,same reference number on two records,2024NHPC8067101
HIGH,POSSIBLE_DUPLICATE,bcbc33b5de24,NHPC,same reference number on two records,GEM/2024/B/4847738
HIGH,POSSIBLE_DUPLICATE,6d6e501e174e,NHPC,same reference number on two records,NH/TSV/CONT/MC-145/NIT-912/2024-25/34DATED08/05/2024GEMBIDNOGEM/2024/B/4924329
HIGH,POSSIBLE_DUPLICATE,62bb1d877a5e,NHPC,same reference number on two records,NH/BSPS/CC/CW/01/2024-25/75
HIGH,POSSIBLE_DUPLICATE,5885257d0ea3,NHPC,same reference number on two records,GEM/2024/B/4916736
HIGH,POSSIBLE_DUPLICATE,0008212917d6,NHPC,same reference number on two records,NH/PP-II/PC/PKGNOC-741/2024/10592
HIGH,POSSIBLE_DUPLICATE,469e14adceaf,NHPC,same reference number on two records,2024NHPC8052741
HIGH,POSSIBLE_DUPLICATE,64a776f56a0e,NHPC,same reference number on two records,2024NHPC8052751
HIGH,POSSIBLE_DUPLICATE,3b9745a1fc1f,NHPC,same reference number on two records,GEM/2024/B/4892947
HIGH,POSSIBLE_DUPLICATE,0bc466d98990,NHPC,same reference number on two records,GEM/2024/B/4811763
HIGH,POSSIBLE_DUPLICATE,bf10e0e5aa54,NHPC,same reference number on two records,NH/PP-II/PC/PKGNOC-749/2024/10587
HIGH,POSSIBLE_DUPLICATE,401bb96816bc,NHPC,same reference number on two records,NH/CPS-1/PC/W-1447/2024-25/23DATED03/05/2024
HIGH,POSSIBLE_DUPLICATE,6b8a85d7fe6f,NHPC,same reference number on two records,2024NHPC8060481
HIGH,POSSIBLE_DUPLICATE,a335a9e1f684,NHPC,same reference number on two records,GEM/2024/B/4812553
HIGH,POSSIBLE_DUPLICATE,71680ec8043d,NHPC,same reference number on two records,NH/DPS/CONT/NIT-195/2024/E115348DATED01052024
HIGH,POSSIBLE_DUPLICATE,6aabba9b04ca,NHPC,same reference number on two records,GEM/2024/B/4863819
HIGH,POSSIBLE_DUPLICATE,27397acc91c9,NHPC,same reference number on two records,GEM/2024/B/4815102
HIGH,POSSIBLE_DUPLICATE,cb42b1b91ce6,NHPC,same reference number on two records,GEM/2024/B/4815075
HIGH,POSSIBLE_DUPLICATE,a26b476e11dd,NHPC,same reference number on two records,NH/BSPS/CC/PH/03/2024-25/66
HIGH,POSSIBLE_DUPLICATE,d34b98f828c5,NHPC,same reference number on two records,NH/PP-II/PC/PKGNOC-748/2024/10558
HIGH,POSSIBLE_DUPLICATE,d7070528fbae,NHPC,same reference number on two records,NH/PP-II/PC/PKGNOC-750/2024/10549
HIGH,POSSIBLE_DUPLICATE,e7b4da5e978d,NHPC,same reference number on two records,NH/LO-KTM/01
HIGH,POSSIBLE_DUPLICATE,6fb587b68e96,NHPC,same reference number on two records,-1039O
HIGH,POSSIBLE_DUPLICATE,c47a42f54668,NHPC,same reference number on two records,NH/RO-CHD/PNC/2024/16
HIGH,POSSIBLE_DUPLICATE,3973570c80ba,NHPC,same reference number on two records,GEM/2024/B/4880100
HIGH,POSSIBLE_DUPLICATE,89223806f9a3,NHPC,same reference number on two records,GEM/2024/B/4858307
HIGH,POSSIBLE_DUPLICATE,4849041cc409,NHPC,same reference number on two records,NH/DPS/CONT/NIT-194/2024/E118364DATED24042024
HIGH,POSSIBLE_DUPLICATE,3e79d6be0bb8,NHPC,same reference number on two records,-1038O
HIGH,POSSIBLE_DUPLICATE,60425d303c0a,NHPC,same reference number on two records,-1037O
HIGH,POSSIBLE_DUPLICATE,491e90c9c688,NHPC,same reference number on two records,2024NHPC8043281
HIGH,POSSIBLE_DUPLICATE,927517825f76,NHPC,same reference number on two records,NH/SEWA-II/CONTRACTS/CW-620/2024/NIT-02/309DATED18042024
HIGH,POSSIBLE_DUPLICATE,ef6e93741702,NHPC,same reference number on two records,NH/PPS-III/NIT/PR11923/281/1/27DATED17/04/2024
HIGH,POSSIBLE_DUPLICATE,1c8ff91df3b5,NHPC,same reference number on two records,GEM/2024/B/4823850
HIGH,POSSIBLE_DUPLICATE,9da251b07c38,NHPC,same reference number on two records,NH/DPS/CONT/NIT-180/2024/E105356DATED17042024
HIGH,POSSIBLE_DUPLICATE,bcb5aabe9eea,NHPC,same reference number on two records,NH/DPS/CONT/NIT-178/2024/E109457DATED16042024
HIGH,POSSIBLE_DUPLICATE,d25961d77122,NHPC,same reference number on two records,NH/SEWA-II/CONTRACTS/EW-617/2024/NIT-01/308DATED13042024
HIGH,POSSIBLE_DUPLICATE,8735e66d7574,NHPC,same reference number on two records,2024NHPC8038901
HIGH,POSSIBLE_DUPLICATE,f0a4f1982710,NHPC,same reference number on two records,2024NHPC8038771
HIGH,POSSIBLE_DUPLICATE,26a19d4a4d37,NHPC,same reference number on two records,NH/DPS/CONT/NIT-179/2024/E112309DATED13042024
HIGH,POSSIBLE_DUPLICATE,4243f5a25dc3,NHPC,same reference number on two records,GEM/2024/B/4856537
HIGH,POSSIBLE_DUPLICATE,644f28252c09,NHPC,same reference number on two records,NH/DPS/CONT/NIT-183/2024/E114442DATED11042024
HIGH,POSSIBLE_DUPLICATE,8886f889af12,NHPC,same reference number on two records,2024NHPC8035591
HIGH,POSSIBLE_DUPLICATE,f35e872bbc34,NHPC,same reference number on two records,2024NHPC8035701
HIGH,POSSIBLE_DUPLICATE,6451dc60f574,NHPC,same reference number on two records,2024NHPC8036221
HIGH,POSSIBLE_DUPLICATE,00b3753a5f1a,NHPC,same reference number on two records,NH/TSV/CONT/CC-322/NIT-911/2024-25/06DATED09/04/2024
HIGH,POSSIBLE_DUPLICATE,8df0eddf41b9,NHPC,same reference number on two records,NH/DPS/CONT/NIT-184/2024/E112876DATED09042024
HIGH,POSSIBLE_DUPLICATE,ff16a4b6d684,NHPC,same reference number on two records,NH/DPS/CONT/NIT-182/2024/E113767DATED06042024
HIGH,POSSIBLE_DUPLICATE,473a0fe18d7a,NHPC,same reference number on two records,NH/DPS/CONT/NIT-181/2024/E111134DATED05042024
HIGH,POSSIBLE_DUPLICATE,7d2eb8e34026,NHPC,same reference number on two records,NH/DPS/CONT/NIT-188/2024/E112711DATED05042024
HIGH,POSSIBLE_DUPLICATE,7cb8fc25bd9f,NHPC,same reference number on two records,2024NHPC8027421
HIGH,POSSIBLE_DUPLICATE,35868ad872e8,NHPC,same reference number on two records,GEM/2024/B/4829938
HIGH,POSSIBLE_DUPLICATE,63cd51e94929,NHPC,same reference number on two records,NH/TSV/CONT/MC-145/NIT-909/2023-24/900DATED30/03/2024E-TENDERNOGEM/2024/B/4827200
HIGH,POSSIBLE_DUPLICATE,be0f75623f23,NHPC,same reference number on two records,2024NHPC8023091
HIGH,POSSIBLE_DUPLICATE,225e2a81fd44,NHPC,same reference number on two records,NH/TSV/CONT/EC-150/NIT-908/2023-24/969DATED27/03/2024-E-TENDERID2024NHPC8023271
HIGH,POSSIBLE_DUPLICATE,b757ded319ab,NHPC,same reference number on two records,NH/TSV/CONT/MC-115/NIT-907/2023-24/967DATED23/03/2024E-TENDERNO2024NHPC8021571
HIGH,POSSIBLE_DUPLICATE,c71ed221fcba,NHPC,same reference number on two records,NH/SEWA-II/CONTRACTS/MW-609/2023/NIT-25/296DATED21032024
HIGH,POSSIBLE_DUPLICATE,841792f8b307,NHPC,same reference number on two records,GEM/2024/B/4786101
HIGH,POSSIBLE_DUPLICATE,6e33aa990641,NHPC,same reference number on two records,-1036O
HIGH,POSSIBLE_DUPLICATE,e02f78422988,NHPC,same reference number on two records,NH/PP-II/PC/PKGNOC-747/2024/10479
HIGH,POSSIBLE_DUPLICATE,fa2fbeb6a06c,NHPC,same reference number on two records,-1035O
HIGH,POSSIBLE_DUPLICATE,f426e95e18e4,NHPC,same reference number on two records,NH/BSPS/CC/PH/71/2023-24/618
HIGH,POSSIBLE_DUPLICATE,436d78435b33,NHPC,same reference number on two records,NH/BSPS/CC/CW/70/2023-24/615
HIGH,POSSIBLE_DUPLICATE,fe60d44d9fc7,NHPC,same reference number on two records,2024NHPC8015761
HIGH,POSSIBLE_DUPLICATE,08e8446bd709,NHPC,same reference number on two records,NH/PP-II/PC/PKGNOC-743/2024/10474
HIGH,POSSIBLE_DUPLICATE,3017d25716af,NHPC,same reference number on two records,NH/TSV/CONT/MC-138/NIT-906/2023-24/957DATED18/03/2024E-TENDERID2024NHPC8014441
HIGH,POSSIBLE_DUPLICATE,1f18ada152ec,NHPC,same reference number on two records,2024NHPC8002021
HIGH,POSSIBLE_DUPLICATE,5f7aee44d4f1,NHPC,same reference number on two records,-1034O
HIGH,POSSIBLE_DUPLICATE,ab36c4d2d8d9,NHPC,same reference number on two records,NH/SPS/CD/NIT-17/2023-24/1142-51DATED14/03/20242024NHPC8003771
HIGH,POSSIBLE_DUPLICATE,48834486b616,NHPC,same reference number on two records,NH/BSPS/CC/CW/69/2023-24/601
HIGH,POSSIBLE_DUPLICATE,92e06a432cb4,NHPC,same reference number on two records,NH/SLP/CONT/2024/C-02/NIT/969
HIGH,POSSIBLE_DUPLICATE,d0c24d86dda6,NHPC,same reference number on two records,NH/PPS-III/NIT/PR11923/251/1/451DATED14/03/2024
HIGH,POSSIBLE_DUPLICATE,0cc81f59c732,NHPC,same reference number on two records,NH/TSV/CONT/MC-142/NIT-904/2024/953DATED14/03/2024ANDGEMBIDNOGEM/2024/B/4777858
HIGH,POSSIBLE_DUPLICATE,37d2a1dcc015,NHPC,same reference number on two records,NH/TSV/CONT/MC-140/NIT-903/2024/952DATED13/03/2024GEMBIDNOGEM/2024/B/4776584
HIGH,POSSIBLE_DUPLICATE,bc12485b722e,NHPC,same reference number on two records,NH/TSV/CONT/MC-141/NIT-902/2024/951DATED13/03/2024GEMBIDNOGEM/2024/B/4776165
HIGH,POSSIBLE_DUPLICATE,c7743518591d,NHPC,same reference number on two records,2024NHPC8003281
HIGH,POSSIBLE_DUPLICATE,96669f53b639,NHPC,same reference number on two records,NH/TSV/CONT/RM-190/NIT-901/2023-24/887DATED12/03/2024
HIGH,POSSIBLE_DUPLICATE,78d45321f10b,NHPC,same reference number on two records,NH/SPS/CD/NIT-19/2023-24/1131-392024NHPC7998461
HIGH,POSSIBLE_DUPLICATE,61b82bfebe6a,NHPC,same reference number on two records,NH/PPS-III/NIT/PR11923/257/1/448DATED12/03/2024
HIGH,POSSIBLE_DUPLICATE,2789d551b28f,NHPC,same reference number on two records,2024NHPC8000791
HIGH,POSSIBLE_DUPLICATE,ff51d646cd5b,NHPC,same reference number on two records,2024NHPC7957381
HIGH,POSSIBLE_DUPLICATE,960aa55c1e19,NHPC,same reference number on two records,NH/PPS-III/NIT/PR11923/280/1/445DATED11/03/2024
HIGH,POSSIBLE_DUPLICATE,e7f1c5209c5e,NHPC,same reference number on two records,NH/PP-II/PC/PKGNOC-746/2024/10458
HIGH,POSSIBLE_DUPLICATE,762204dd86bf,NHPC,same reference number on two records,NH/SEWA-II/CONTRACTS/CW-600/2023/NIT-24/280DATED07032024
HIGH,POSSIBLE_DUPLICATE,240e8760e5a3,NHPC,same reference number on two records,2024NHPC7992641
HIGH,POSSIBLE_DUPLICATE,ed53aeb96ac6,NHPC,same reference number on two records,NH/TSV/CONT/CC-321/NIT-899/2023-24/881DATED07/03/2024
HIGH,POSSIBLE_DUPLICATE,c6ff043f47f1,NHPC,same reference number on two records,NH/PPS-III/NIT/PR11923/248/1/439DATED07/03/2024
HIGH,POSSIBLE_DUPLICATE,778a3fced5df,NHPC,same reference number on two records,NH/SPS/CD/NIT-23/2023-24/1096-05TENDERID2024NHPC7989901
HIGH,POSSIBLE_DUPLICATE,6d1fc9f7bb28,NHPC,same reference number on two records,GEM/2024/B/4615657
HIGH,POSSIBLE_DUPLICATE,92d4647d3d84,NHPC,same reference number on two records,2024NHPC7992611
HIGH,POSSIBLE_DUPLICATE,204965b1b0fe,NHPC,same reference number on two records,GEM/2024/B/4744279
HIGH,POSSIBLE_DUPLICATE,af354712cbcf,NHPC,same reference number on two records,NH/CPS-1/PC/W-1432/2023-24/1507DATED06/03/2024
HIGH,POSSIBLE_DUPLICATE,5082aadff55d,NHPC,same reference number on two records,NH/PPS-III/NIT/PR11923/210/1/435DATED06/03/2024
HIGH,POSSIBLE_DUPLICATE,04b865091100,NHPC,same reference number on two records,NH/PP-II/PC/PKGNOC-745/2024/10445
HIGH,POSSIBLE_DUPLICATE,22c927cccedc,NHPC,same reference number on two records,NH/TSV/CONT/CC-300/NIT-898/2023-24/874DATED05/03/2024
HIGH,POSSIBLE_DUPLICATE,6a94b48674f2,NHPC,same reference number on two records,2024NHPC7988821
HIGH,POSSIBLE_DUPLICATE,ac949af3603b,NHPC,same reference number on two records,NH/PPS-III/NIT/PR11923/151/1/432DATED05/03/2024
HIGH,POSSIBLE_DUPLICATE,5f8a69d2a0f0,NHPC,same reference number on two records,NH/SLP/CONT/23-C-52/24/NIT/938
HIGH,POSSIBLE_DUPLICATE,ca589a98435b,NHPC,same reference number on two records,2024NHPC7987281
HIGH,POSSIBLE_DUPLICATE,6bd1dbf155f3,NHPC,same reference number on two records,2024NHPC7987511
HIGH,POSSIBLE_DUPLICATE,951654d98d2a,NHPC,same reference number on two records,NH/PP-II/PC/PKGNOC-740/2024/10429
HIGH,POSSIBLE_DUPLICATE,cb7019ac007c,NHPC,same reference number on two records,NH/PPS-III/NIT/PR11923/236/1/430DATED04/03/2024
HIGH,POSSIBLE_DUPLICATE,df4046d9f847,NHPC,same reference number on two records,NH/SEWA-II/CONTRACTS/MW-599/2024/NIT-23/277DTD02032024
HIGH,POSSIBLE_DUPLICATE,476288b5972f,NHPC,same reference number on two records,NH/TSV/CONT/CC-320/NIT-897/2023-24/871DATED02/03/2024
HIGH,POSSIBLE_DUPLICATE,98dc5c37289d,NHPC,same reference number on two records,NHPCWS-08/2024
HIGH,POSSIBLE_DUPLICATE,10b4c1bbb1c5,NHPC,same reference number on two records,NH/PPS-III/NIT/PR11923/252/1/422DATED01/03/2024
HIGH,POSSIBLE_DUPLICATE,579616c42291,NHPC,same reference number on two records,NH/ROSLG/PR15323/159/70DATED01032024
HIGH,POSSIBLE_DUPLICATE,3028d58f6e4b,NHPC,same reference number on two records,NH/ROSLG/PR15323/110/69DATED01032024
HIGH,POSSIBLE_DUPLICATE,f0b1ec7cde9c,NHPC,same reference number on two records,NHPCWS-07/2024
HIGH,POSSIBLE_DUPLICATE,2cc7cd9d6f96,NHPC,same reference number on two records,NHPCSR-04/2024
HIGH,POSSIBLE_DUPLICATE,8f0b957ec011,NHPC,same reference number on two records,NH/PP-II/PC/PKGNODHEP-17/2024/10415
HIGH,POSSIBLE_DUPLICATE,fb2944a0a318,NHPC,same reference number on two records,NH/ROCHD/PNC/CW10/2024/08
HIGH,POSSIBLE_DUPLICATE,914180d42d8a,NHPC,same reference number on two records,NH/BSPS/CC/RMU/66/2023-24/569
HIGH,POSSIBLE_DUPLICATE,07a38baa03ed,NHPC,same reference number on two records,NH/TSV/CONT/MC-139/NIT-896/2023-24/914DATED27/02/2024GEMBIDNOGEM/2024/B/4699120
HIGH,POSSIBLE_DUPLICATE,02fc229a5e47,NHPC,same reference number on two records,GEM/2024/B/4694905
HIGH,POSSIBLE_DUPLICATE,eb591d6556c2,NHPC,same reference number on two records,NH/SPS/CD/NIT-27/2023-24/1043-53DT24-02-2024TENDERID2024NHPC7974131
HIGH,POSSIBLE_DUPLICATE,6cc339332f87,NHPC,same reference number on two records,NH/BSPS/CC/CW/63/2023-24/556
HIGH,POSSIBLE_DUPLICATE,68fe3cf4a618,NHPC,same reference number on two records,NH/TSV/CONT/MC-143/NIT-895/2024/912DATED24/02/2024GEMBIDNOGEM/2024/B/4689737
HIGH,POSSIBLE_DUPLICATE,41f1acf85864,NHPC,same reference number on two records,GEM/2024/B/4640608
HIGH,POSSIBLE_DUPLICATE,288fe5518bd4,NHPC,same reference number on two records,GEM/2024/B/4560002
HIGH,POSSIBLE_DUPLICATE,047def774751,NHPC,same reference number on two records,NH/TSV/CONT/RM-187/NIT-894/2023-24/861DATED21/02/2024
HIGH,POSSIBLE_DUPLICATE,63d24da4c657,NHPC,same reference number on two records,NH/TSV/CONT/RM-188/NIT-893/2023-24/857DATED20/02/2024
HIGH,POSSIBLE_DUPLICATE,0a383d3a197e,NHPC,same reference number on two records,NH/SEWA-II/CONTRACTS/CW-611/2024/NIT-22/258DATED19022024
HIGH,POSSIBLE_DUPLICATE,5898fbb4cc63,NHPC,same reference number on two records,NH/SLP/CONT/23C51/2024/NIT/914
HIGH,POSSIBLE_DUPLICATE,ad54536f2836,NHPC,same reference number on two records,NH/TSV/CONT/EC-149/NIT-891/2023-24/852DATED15/02/2024
HIGH,POSSIBLE_DUPLICATE,9b11b4d3ec90,NHPC,same reference number on two records,2024NHPC7954561
HIGH,POSSIBLE_DUPLICATE,fb17253709a6,NHPC,same reference number on two records,NH/TSV/CONT/EC-136/NIT-890/2023-24/850DATED14/02/2024
HIGH,POSSIBLE_DUPLICATE,39d358604030,NHPC,same reference number on two records,GEM/2024/B/4531978
HIGH,POSSIBLE_DUPLICATE,265482b52443,NHPC,same reference number on two records,NH/TSV/CONT/CC-303/NIT-889/2023-24/848DATED12/02/2024
HIGH,POSSIBLE_DUPLICATE,41d951c423c6,NHPC,same reference number on two records,NH/BSPS/CC/EW/59/2023-24/536
HIGH,POSSIBLE_DUPLICATE,fed60641d248,NHPC,same reference number on two records,NH/BSPS/CC/CW/62/2023-24/534
HIGH,POSSIBLE_DUPLICATE,38c84713accd,NHPC,same reference number on two records,NH/PPS-III/NIT/PR11923/240/1/385DATED08/02/2024
HIGH,POSSIBLE_DUPLICATE,fd355766bad3,NHPC,same reference number on two records,NH/SLP/PROC/2024/P-61/NIT/88107022024
HIGH,POSSIBLE_DUPLICATE,4553577b513e,NHPC,same reference number on two records,GEM/2024/B/4520706
HIGH,POSSIBLE_DUPLICATE,9daf8385793e,NHPC,same reference number on two records,2024NHPC7944321
HIGH,POSSIBLE_DUPLICATE,0184d0a2cec6,NHPC,same reference number on two records,GEM/2024/B/4501060
HIGH,POSSIBLE_DUPLICATE,cbb5d561e353,NHPC,same reference number on two records,NH/PPS-III/NIT/PR11923/217/1/383DATED07/02/2024
HIGH,POSSIBLE_DUPLICATE,01d49b9405c6,NHPC,same reference number on two records,GEM/2024/B/4545138
HIGH,POSSIBLE_DUPLICATE,dda409aa0bb7,NHPC,same reference number on two records,NH/TSV/CONT/CC-318/NIT-888/2023-24/838DATED07/02/2024
HIGH,POSSIBLE_DUPLICATE,d55633924791,NHPC,same reference number on two records,NH/BSPS/CC/RMU/56/2023-24/524
HIGH,POSSIBLE_DUPLICATE,596622c4287e,NHPC,same reference number on two records,NH/BSPS/CC/CW/61/2023-24/523
HIGH,POSSIBLE_DUPLICATE,e51e0380ad49,NHPC,same reference number on two records,GEM/2024/B/4529566
HIGH,POSSIBLE_DUPLICATE,e9f0665db7dd,NHPC,same reference number on two records,GEM/2024/B/4532630
HIGH,POSSIBLE_DUPLICATE,af32599d3013,NHPC,same reference number on two records,NH/CONTSEM-III/CO-128/PR10023/357/2024
HIGH,POSSIBLE_DUPLICATE,ab64576fdf34,NHPC,same reference number on two records,NH/BSPS/CC/RMU/56/2023-24/518
HIGH,POSSIBLE_DUPLICATE,afe0c07f69ff,NHPC,same reference number on two records,2024NHPC7935681
HIGH,POSSIBLE_DUPLICATE,ec978ca721a5,NHPC,same reference number on two records,NH/ROSLG/PR15323/128/34DATED30012024
HIGH,POSSIBLE_DUPLICATE,21430dc5e07e,NHPC,same reference number on two records,2024NHPC7929611
HIGH,POSSIBLE_DUPLICATE,32ef02cfec89,NHPC,same reference number on two records,2024NHPC7892361
HIGH,POSSIBLE_DUPLICATE,6c82dad8461f,NHPC,same reference number on two records,NH/PP-II/PC/PKGNOC-738/2024/10327
HIGH,POSSIBLE_DUPLICATE,a00f8640c844,NHPC,same reference number on two records,NH/TSV/CONT/CC-319/NIT-887/2023-24/829DATED30/01/2024
HIGH,POSSIBLE_DUPLICATE,5239e9c35790,NHPC,same reference number on two records,2024NHPC7924671
HIGH,POSSIBLE_DUPLICATE,8e29b5c2aa52,NHPC,same reference number on two records,1033OPEN
HIGH,POSSIBLE_DUPLICATE,f0d8d6119742,NHPC,same reference number on two records,NH/SEWA-II/CONTRACTS/MW-609/2023/NIT-21/239DATED25012024
HIGH,POSSIBLE_DUPLICATE,022fd1cc99d0,NHPC,same reference number on two records,NH/SPS/CD/NIT-18/2023-24/920-9292024NHPC7915291
HIGH,POSSIBLE_DUPLICATE,b1e9bb1b1944,NHPC,same reference number on two records,NH/SPS/CD/NIT-20/2023-24/898-9082024NHPC7910781
HIGH,POSSIBLE_DUPLICATE,2f090e422def,NHPC,same reference number on two records,NH/SPS/CD/NIT-21/2023-24/909-919TENDERID2024NHPC7912471
HIGH,POSSIBLE_DUPLICATE,7bf1681f701b,NHPC,same reference number on two records,LTHPL/TSVI/PC/NIT-29/2024/409
HIGH,POSSIBLE_DUPLICATE,657ad7e75753,NHPC,same reference number on two records,NH/PP-II/PC/PKGNOC-734A/2024/10315
HIGH,POSSIBLE_DUPLICATE,973f98d8eb95,NHPC,same reference number on two records,2024NHPC7913881
HIGH,POSSIBLE_DUPLICATE,b6719f5f7e4d,NHPC,same reference number on two records,NH/PPS-III/NIT/PR11923/222/1/359DATED20/01/2024
HIGH,POSSIBLE_DUPLICATE,cd34f57eaa43,NHPC,same reference number on two records,GEM/2023/B/4373554DATED19-01-2024
HIGH,POSSIBLE_DUPLICATE,0ba6fc23503a,NHPC,same reference number on two records,2024NHPC7912401
HIGH,POSSIBLE_DUPLICATE,d4fd8ee7feaf,NHPC,same reference number on two records,NHPCWS-06/2024
HIGH,POSSIBLE_DUPLICATE,e43c1eb8634b,NHPC,same reference number on two records,NHPCWS-05/2024
HIGH,POSSIBLE_DUPLICATE,7a6e514015da,NHPC,same reference number on two records,NH/PPS-III/NIT/PR11923/237/1/352DATED18/01/2024
HIGH,POSSIBLE_DUPLICATE,ff0074150374,NHPC,same reference number on two records,2023NHPC7752931
HIGH,POSSIBLE_DUPLICATE,eddfaafd9249,NHPC,same reference number on two records,NH/PPS-III/NIT/PR11923/188/1/345DATED17/01/2024
HIGH,POSSIBLE_DUPLICATE,a6876fa6c197,NHPC,same reference number on two records,GEM/2024/B/4442089DTD17012024
HIGH,POSSIBLE_DUPLICATE,0d310009e94d,NHPC,same reference number on two records,NHPC20247901851
HIGH,POSSIBLE_DUPLICATE,d914ee200505,NHPC,same reference number on two records,GEM/2023/B/4338713DATED12-01-2024
HIGH,POSSIBLE_DUPLICATE,c945e9538dda,NHPC,same reference number on two records,GEM/2023/B/4232379DATED12-01-2024
HIGH,POSSIBLE_DUPLICATE,0f46927da16e,NHPC,same reference number on two records,-1032O
HIGH,POSSIBLE_DUPLICATE,75b2ae85a8e9,NHPC,same reference number on two records,GEM/2023/B/4262482
HIGH,POSSIBLE_DUPLICATE,af4cd18c3329,NHPC,same reference number on two records,2024NHPC7897111
HIGH,POSSIBLE_DUPLICATE,dba925ea4371,NHPC,same reference number on two records,2024NHPC7897951
HIGH,POSSIBLE_DUPLICATE,db7bf34ac5a4,NHPC,same reference number on two records,2024NHPC7904041
HIGH,POSSIBLE_DUPLICATE,762c9d6455c7,NHPC,same reference number on two records,2024NHPC7901791
HIGH,POSSIBLE_DUPLICATE,c492f1567eb8,NHPC,same reference number on two records,NH-LPS-HOP01312/2/2023-CD-IANDIII/1031
HIGH,POSSIBLE_DUPLICATE,02b040c9e93e,NHPC,same reference number on two records,2024NHPC7898671
HIGH,POSSIBLE_DUPLICATE,6dcd07846abc,NHPC,same reference number on two records,2024NHPC7413601
HIGH,POSSIBLE_DUPLICATE,0247997a74fa,NHPC,same reference number on two records,GEM/2023/B/4364653DTD11012024
HIGH,POSSIBLE_DUPLICATE,e4abce2d7727,NHPC,same reference number on two records,NH/TSV/PROC/NIT-PHMM011/11/2024/2210DATED11012024E-TENDERNO2024NHPC7898681
HIGH,POSSIBLE_DUPLICATE,9e7a2579f37e,NHPC,same reference number on two records,GEM/2023/B/4366848
HIGH,POSSIBLE_DUPLICATE,0c6c25406f0c,NHPC,same reference number on two records,NH/TS-IV/CONT/MC-1/NIT-886/2023-24/801DATED10/01/2024
HIGH,POSSIBLE_DUPLICATE,23b4e9ae5c6c,NHPC,same reference number on two records,GEM/2024/B/4464044
HIGH,POSSIBLE_DUPLICATE,81c8e3b84bf8,NHPC,same reference number on two records,2024NHPC7886182
HIGH,POSSIBLE_DUPLICATE,e36487d5252b,NHPC,same reference number on two records,NH/PP-II/PC/PKGNOC-737/2024/10282
HIGH,POSSIBLE_DUPLICATE,9266241dab4a,NHPC,same reference number on two records,NH/PPS-III/NIT/PR11923/232/1/335DATED08/01/2024
HIGH,POSSIBLE_DUPLICATE,6353451f017f,NHPC,same reference number on two records,2023NHPC7843731
HIGH,POSSIBLE_DUPLICATE,9f7708cc8b89,NHPC,same reference number on two records,NH/PPS-III/NIT/PR11923/228/1/325DATED04/01/2024
HIGH,POSSIBLE_DUPLICATE,1d601ac8fbf0,NHPC,same reference number on two records,2024NHPC7888601
HIGH,POSSIBLE_DUPLICATE,2f510fa8451a,NHPC,same reference number on two records,NH/WPPJ/2023/124DATED29122023
HIGH,POSSIBLE_DUPLICATE,caa38e759f30,NHPC,same reference number on two records,2024NHPC7886461
HIGH,POSSIBLE_DUPLICATE,ab71659c4c5c,NHPC,same reference number on two records,NH/TSV/CONT/EC-129/NIT-885/2023-24/785DATED04/01/2024
HIGH,POSSIBLE_DUPLICATE,ac94829dbd7c,NHPC,same reference number on two records,NH/PPS-III/NIT/PR11923/187/1/320DATED03/01/2024
HIGH,POSSIBLE_DUPLICATE,6eabe1ab53b7,NHPC,same reference number on two records,NH/TSV/CONT/CC-315/NIT-884/2023-24/783DATED03/01/2024
HIGH,POSSIBLE_DUPLICATE,fb54d951a5ca,NHPC,same reference number on two records,NH/CPS-1/PC/W-1422/2023-24/1202DATED02/01/2024
HIGH,POSSIBLE_DUPLICATE,67d71dd1d5a2,NHPC,same reference number on two records,NH/CPS-1/PC/W-1409/2023-24/1201DATED02/01/2024
HIGH,POSSIBLE_DUPLICATE,efd60dd962ad,NHPC,same reference number on two records,NH/TSV/CONT/CC-318/NIT-882/2023-24/776DATED01/01/2024
HIGH,POSSIBLE_DUPLICATE,9f6b4cd9c82e,NHPC,same reference number on two records,NH/TSV/CONT/CC-316/NIT-883/2023-24/781DATED02/01/2024
HIGH,POSSIBLE_DUPLICATE,c02dda34e619,NHPC,same reference number on two records,2023NHPC7865641
HIGH,POSSIBLE_DUPLICATE,0e26a60e6616,NHPC,same reference number on two records,2023NHPC7881471
HIGH,POSSIBLE_DUPLICATE,23a0ef4748d4,NHPC,same reference number on two records,NH/SEWA-II/CONTRACTS/CW-602/2023/NIT-20/207DATED30122023
HIGH,POSSIBLE_DUPLICATE,45aead237a82,NHPC,same reference number on two records,NH/SLP/CONT/2023/C-15/NIT/78629/12/2023
HIGH,POSSIBLE_DUPLICATE,f342140fac36,NHPC,same reference number on two records,NH/DPS/CONT/NIT-167/2023/E109118DATED02012024
HIGH,POSSIBLE_DUPLICATE,ead0695bb1d0,NHPC,same reference number on two records,NH/TSV/CONT/CC-317/NIT-881/2023-24/775DATED30/12/2023
HIGH,POSSIBLE_DUPLICATE,ae7f362b3eaf,NHPC,same reference number on two records,NH/CPS-1/PC/W-1431/2023-24/1192DATED-28/12/2023
HIGH,POSSIBLE_DUPLICATE,1838ef2797a2,NHPC,same reference number on two records,NH/SPS/CD/NIT-16/2023-24/804-813DT27-12-2023TENDERID2023NHPC7875471
HIGH,POSSIBLE_DUPLICATE,c8abf0e0e2e8,NHPC,same reference number on two records,2023NHPC7870101
HIGH,POSSIBLE_DUPLICATE,075e4c59ab73,NHPC,same reference number on two records,NH/BSPS/CC/RMU/50/2023-24/436
HIGH,POSSIBLE_DUPLICATE,fd96936c08c7,NHPC,same reference number on two records,2023NHPC7872311
HIGH,POSSIBLE_DUPLICATE,51feb719d932,NHPC,same reference number on two records,NH/DPS/CONT/NIT-166/2023/E104909DATED26122023
HIGH,POSSIBLE_DUPLICATE,193ad7471831,NHPC,same reference number on two records,NH/DPS/CONT/NIT-165/2023/E102070DATED23122023
HIGH,POSSIBLE_DUPLICATE,d016c9ded8d4,NHPC,same reference number on two records,NH/PPS-III/NIT/PR11922/471/1/305DATED22/12/2023
HIGH,POSSIBLE_DUPLICATE,136d81e83426,NHPC,same reference number on two records,NH/DPS/CONT/NIT-164/2023/E104911DATED22122023
HIGH,POSSIBLE_DUPLICATE,48b1c4cacca1,NHPC,same reference number on two records,NH/DPS/CONT/NIT-162/2023/E100720DATED22122023
HIGH,POSSIBLE_DUPLICATE,511b2ccdfb41,NHPC,same reference number on two records,NH/CPS-1/PC/W-1420/2023-24/1186DATED-21/12/2023
HIGH,POSSIBLE_DUPLICATE,cd47ca69bd89,NHPC,same reference number on two records,NH/PPS-III/NIT/PR11922/465/3/302DATED21/12/2023
HIGH,POSSIBLE_DUPLICATE,aae0de4d8787,NHPC,same reference number on two records,NH/CPS-1/PC/W-1419/2023-24/1187DATED-21/12/2023
HIGH,POSSIBLE_DUPLICATE,d4fb7b797646,NHPC,same reference number on two records,2023NHPC7866141
HIGH,POSSIBLE_DUPLICATE,3373bd53eb0c,NHPC,same reference number on two records,NH/PP-II/PC/PKGNOC-735/2023/10255
HIGH,POSSIBLE_DUPLICATE,e8a36e7a2579,NHPC,same reference number on two records,NH/DPS/CONT/NIT-163/2023/E104002DATED21122023
HIGH,POSSIBLE_DUPLICATE,c159fd6a1e37,NHPC,same reference number on two records,NH/PP-II/PC/PKGNOC-734/2023/10252
HIGH,POSSIBLE_DUPLICATE,af3cd1a36c88,NHPC,same reference number on two records,NH/SPS/CD/NIT-15/2023-24/743-52DATED19/12/20232023NHPC7861441
HIGH,POSSIBLE_DUPLICATE,b1489d9e5e43,NHPC,same reference number on two records,NHPCSR-03/2023
HIGH,POSSIBLE_DUPLICATE,de985e4aeb81,NHPC,same reference number on two records,NHPCSR-02/2023
HIGH,POSSIBLE_DUPLICATE,3ae4afce7d4a,NHPC,same reference number on two records,NHPCSR-01/2023
HIGH,POSSIBLE_DUPLICATE,b908284efe00,NHPC,same reference number on two records,NH/SEWA-II/CONTRACTS/MW-599/2023/NIT-19/202DATED18122023
HIGH,POSSIBLE_DUPLICATE,60734b983656,NHPC,same reference number on two records,NH/SEWA-II/CONTRACTS/MW-603/2023/NIT-18/201DATED18122023
HIGH,POSSIBLE_DUPLICATE,466ffe4418ea,NHPC,same reference number on two records,NH/ROSLG/PR15323/59/7946DATED11122023
HIGH,POSSIBLE_DUPLICATE,c330249b5445,NHPC,same reference number on two records,NH/ROSLG/PR15323/110/7955DATED16122023
HIGH,POSSIBLE_DUPLICATE,8a42cc448c68,NHPC,same reference number on two records,NH/BSPS/CC/RMU/49/2023-24/410
HIGH,POSSIBLE_DUPLICATE,b8e3c3c037fb,NHPC,same reference number on two records,2023NHPC7851121
HIGH,POSSIBLE_DUPLICATE,7c8aa176099b,NHPC,same reference number on two records,NH/PPS-III/NIT/PR11923/121/1/286DATED13/12/2023
HIGH,POSSIBLE_DUPLICATE,b02984822337,NHPC,same reference number on two records,2023NHPC7849461
HIGH,POSSIBLE_DUPLICATE,b25a95480f20,NHPC,same reference number on two records,NH/PP-II/PC/PKGNOC-730/2023/10235
HIGH,POSSIBLE_DUPLICATE,7fbb0f69def0,NHPC,same reference number on two records,2023NHPC7846371
HIGH,POSSIBLE_DUPLICATE,be306dca36a5,NHPC,same reference number on two records,NH/DPS/CONT/NIT-160/2023/E100883DATED09122023
HIGH,POSSIBLE_DUPLICATE,06a95a927e6f,NHPC,same reference number on two records,NH/TSV/CONT/CC-314/NIT-879/2023-24/743DATED08/12/2023
HIGH,POSSIBLE_DUPLICATE,560cfad6f98a,NHPC,same reference number on two records,NH/DPS/CONT/NIT-159/2023/E101593DATED08122023
HIGH,POSSIBLE_DUPLICATE,a9a650624ac9,NHPC,same reference number on two records,NH/BSPS/CC/CW/46/2023-24/382
HIGH,POSSIBLE_DUPLICATE,08f1651da98a,NHPC,same reference number on two records,NH/ROSLG/PR15323/89/7947DATED07122023
HIGH,POSSIBLE_DUPLICATE,6db4d9b83d88,NHPC,same reference number on two records,NH/DMP/PNC/NIT/2023/06DTD07122023E-TENDERNO2023NHPC7840541
HIGH,POSSIBLE_DUPLICATE,005283948e17,NHPC,same reference number on two records,NH/BSPS/CC/CW/45/2023-24/380
HIGH,POSSIBLE_DUPLICATE,530cf68e7684,NHPC,same reference number on two records,NH/SPS/CD/NIT-10/2023-24/728-37DATED05/12/20232023NHPC7838281
HIGH,POSSIBLE_DUPLICATE,bd1c107a1ca4,NHPC,same reference number on two records,NH/SEWA-II/CONTRACTS/CW-600/2023/NIT-17/188DATED04122023
HIGH,POSSIBLE_DUPLICATE,92d7f1a094fc,NHPC,same reference number on two records,2023NHPC7837661
HIGH,POSSIBLE_DUPLICATE,2515d567461c,NHPC,same reference number on two records,NH/DPS/CONT/NIT-158/2023/E99717DATED04122023
HIGH,POSSIBLE_DUPLICATE,a9bdbe1b8b1a,NHPC,same reference number on two records,NH/TSV/CONT/MC-138/NIT-878/2023-24/818DATED02/12/2023E-TENDERID2023NHPC7835351
HIGH,POSSIBLE_DUPLICATE,8e03fcd9ea69,NHPC,same reference number on two records,2023NHPC7833291
HIGH,POSSIBLE_DUPLICATE,69106ca7f3ee,NHPC,same reference number on two records,2023NHPC7832511
HIGH,POSSIBLE_DUPLICATE,facf2a8089f4,NHPC,same reference number on two records,NH/SLP/CONT/2023/C-31/NIT/743
HIGH,POSSIBLE_DUPLICATE,bbad2b49976f,NHPC,same reference number on two records,NH/SLP/CONT/2023/C-27/NIT/744
HIGH,POSSIBLE_DUPLICATE,863f6cc848f9,NHPC,same reference number on two records,NH/BSPS/CC/CW/43/2023-24/372
HIGH,POSSIBLE_DUPLICATE,674f677fa6cd,NHPC,same reference number on two records,NH/BSPS/CC/CW/44/2023-24/370
HIGH,POSSIBLE_DUPLICATE,25df83a51e14,NHPC,same reference number on two records,NH/SPS/CD/NIT-14/23-24/679-88DATED29/11/20232023NHPC7829971
HIGH,POSSIBLE_DUPLICATE,9a5c741aab7c,NHPC,same reference number on two records,NH/TSV/CONT/CC-313/NIT-877/2023-24/730DATED29/11/2023
HIGH,POSSIBLE_DUPLICATE,de51b0f4e6fc,NHPC,same reference number on two records,NH/SPS/PC/NIT-13/2023-24/668-77DATED28/11/20232023NHPC7817651
HIGH,POSSIBLE_DUPLICATE,680b292f4cfc,NHPC,same reference number on two records,NH/TSV/CONT/CC-312/NIT-876/2023-24/729DATED29/11/2023
HIGH,POSSIBLE_DUPLICATE,919a8c10240b,NHPC,same reference number on two records,2023NHPC7816041
HIGH,POSSIBLE_DUPLICATE,51b8adcdc4e3,NHPC,same reference number on two records,GEM/2023/B/4172220
HIGH,POSSIBLE_DUPLICATE,b7b1d781d5f6,NHPC,same reference number on two records,2023NHPC7818191
HIGH,POSSIBLE_DUPLICATE,cfd694541aa5,NHPC,same reference number on two records,2023NHPC7817101
HIGH,POSSIBLE_DUPLICATE,101e5e1ab098,NHPC,same reference number on two records,NH/TSV/CONT/CC-311/NIT-874/2023-24/804DATED18/11/2023E-TENDERNO2023NHPC7816951
HIGH,POSSIBLE_DUPLICATE,d2aa98d93a88,NHPC,same reference number on two records,GEM/2023/B/4167248DATED13-11-2023
HIGH,POSSIBLE_DUPLICATE,5f382c75035b,NHPC,same reference number on two records,GEM/2023/B/4161891DATED13-11-2023
HIGH,POSSIBLE_DUPLICATE,6ce3f92a91e1,NHPC,same reference number on two records,NH/CCW/CC-IV/CO279/PR11123/202
HIGH,POSSIBLE_DUPLICATE,1cb9ca96770f,NHPC,same reference number on two records,NH/SEWA-II/CONTRACTS/CW-598/2023/NIT-16/165DATED11112023
HIGH,POSSIBLE_DUPLICATE,d61bfb008566,NHPC,same reference number on two records,NH/TSV/CONT/CC-310/NIT-874/2023-24/799DATED11/11/2023E-TENDERNO2023NHPC7807451
HIGH,POSSIBLE_DUPLICATE,25b2222370c1,NHPC,same reference number on two records,2023NHPC7807111
HIGH,POSSIBLE_DUPLICATE,ab70fe1090da,NHPC,same reference number on two records,2023NHPC7803581
HIGH,POSSIBLE_DUPLICATE,f74774b14e82,NHPC,same reference number on two records,NH/CCW/CC-II/CO-277/PR10023/197
HIGH,POSSIBLE_DUPLICATE,2fd1a070459a,NHPC,same reference number on two records,2023NHPC7802551
HIGH,POSSIBLE_DUPLICATE,621b52947ddd,NHPC,same reference number on two records,NH/PP-II/PC/PKGNOC-721/2023/10174
HIGH,POSSIBLE_DUPLICATE,fec03712d042,NHPC,same reference number on two records,2023NHPC7800261
HIGH,POSSIBLE_DUPLICATE,d5c769318c3a,NHPC,same reference number on two records,2023NHPC7799741
HIGH,POSSIBLE_DUPLICATE,61e4666868e3,NHPC,same reference number on two records,NH/TSV/CONT/MC-137/NIT-873/2023-24/793DATED07/11/2023E-TENDERNO2023NHPC7800101
HIGH,POSSIBLE_DUPLICATE,4ac80a2ffade,NHPC,same reference number on two records,NH/TSV/CONT/CC-309/NIT-872/2023-24/701DATED07/11/2023
HIGH,POSSIBLE_DUPLICATE,fa733c5c5225,NHPC,same reference number on two records,NH/BSPS/CC/CW/40/2023-24/308
HIGH,POSSIBLE_DUPLICATE,53b15f8036c8,NHPC,same reference number on two records,2023NHPC7782831
HIGH,POSSIBLE_DUPLICATE,ebf253cc399d,NHPC,same reference number on two records,NH/SPS/CD/NIT-12/2023-24/596-605TENDERID2023NHPC7795621
HIGH,POSSIBLE_DUPLICATE,3ca66b087754,NHPC,same reference number on two records,2023NHPC7756441
HIGH,POSSIBLE_DUPLICATE,d7ec8acce55c,NHPC,same reference number on two records,2023NHPC7793581
HIGH,POSSIBLE_DUPLICATE,e5dd2e9701ca,NHPC,same reference number on two records,NH/TSV/CONT/EC-146/NIT-871/2023-24/698DATED03/11/2023
HIGH,POSSIBLE_DUPLICATE,7490023e09ce,NHPC,same reference number on two records,2023NHPC7792341
HIGH,POSSIBLE_DUPLICATE,32e8a576d772,NHPC,same reference number on two records,2023NHPC7791101
HIGH,POSSIBLE_DUPLICATE,878a6955af59,NHPC,same reference number on two records,GEM/2023/B/4089366
HIGH,POSSIBLE_DUPLICATE,68ac259dd170,NHPC,same reference number on two records,NH/BSPS/CC/HM/39/2023-24/295
HIGH,POSSIBLE_DUPLICATE,38534d8c60ea,NHPC,same reference number on two records,NH/BSPS/CC/RMU/38/2023-24/289
HIGH,POSSIBLE_DUPLICATE,1ee8049cf4c9,NHPC,same reference number on two records,NH/BSPS/CC/CW/36/2023-24/287
HIGH,POSSIBLE_DUPLICATE,d703462cb155,NHPC,same reference number on two records,NH/PPS-III/NIT/PR11923/169/1/235DATED28/10/2023
HIGH,POSSIBLE_DUPLICATE,0f1ff9ba8c89,NHPC,same reference number on two records,NH/BSPS/CC/IT/33/2023-24/285
HIGH,POSSIBLE_DUPLICATE,5e85ee88b508,NHPC,same reference number on two records,GEM/2023/B/4098521
HIGH,POSSIBLE_DUPLICATE,7311cbc47444,NHPC,same reference number on two records,NH/PP-II/PC/PKGNOC-724/2023/10142
HIGH,POSSIBLE_DUPLICATE,8eb16370b612,NHPC,same reference number on two records,NH/PP-II/PC/PKGNOC-703-A/2023/10139
HIGH,POSSIBLE_DUPLICATE,939401b5b58b,NHPC,same reference number on two records,GEM/2023/B/4074137
HIGH,POSSIBLE_DUPLICATE,24b5ae6d5c0c,NHPC,same reference number on two records,NH/PPS-III/NIT/PR11923/156/1/227DATED19/10/2023
HIGH,POSSIBLE_DUPLICATE,14df29ece7b3,NHPC,same reference number on two records,2023NHPC7773941
HIGH,POSSIBLE_DUPLICATE,1e6a06433099,NHPC,same reference number on two records,NH-LPS-HOP01212/4/2023-CDIANDIII/1030
HIGH,POSSIBLE_DUPLICATE,c78c1031c4f5,NHPC,same reference number on two records,GEM/2023/B/4099214
HIGH,POSSIBLE_DUPLICATE,07650bc68fe7,NHPC,same reference number on two records,NH/DPS/CONT/NIT-156/2023/E97490DATED19102023
HIGH,POSSIBLE_DUPLICATE,da5b37f2bfec,NHPC,same reference number on two records,NH/BSPS/CC/PH/32/2023-24/259
HIGH,POSSIBLE_DUPLICATE,84dfc7a89d6a,NHPC,same reference number on two records,NH/BSPS/CC/CW/34/2023-24/255
HIGH,POSSIBLE_DUPLICATE,53de3174cdc4,NHPC,same reference number on two records,NH/TSV/CONT/CC-308/NIT-870/2023-24/686DATED17/10/2023
HIGH,POSSIBLE_DUPLICATE,193ce938a66e,NHPC,same reference number on two records,NH/BSPS/CC/CW/28/2023-24/251
HIGH,POSSIBLE_DUPLICATE,0c214db0e244,NHPC,same reference number on two records,2023NHPC7766981
HIGH,POSSIBLE_DUPLICATE,8c6b8071f077,NHPC,same reference number on two records,GEM/2023/B/4093294
HIGH,POSSIBLE_DUPLICATE,00fb4e6e8f6f,NHPC,same reference number on two records,NH/BSPS/CC/CW/31/2023-24/249
HIGH,POSSIBLE_DUPLICATE,65909672acf8,NHPC,same reference number on two records,NH/SPS/CD/NIT-11/2023-24/416-425TENDERID2023NHPC7734711
HIGH,POSSIBLE_DUPLICATE,cb71aff17949,NHPC,same reference number on two records,2023NHPC7759281
HIGH,POSSIBLE_DUPLICATE,017a0d57f881,NHPC,same reference number on two records,2023NHPC7759311
HIGH,POSSIBLE_DUPLICATE,000013d07276,NHPC,same reference number on two records,GEM/2023/B/4019672
HIGH,POSSIBLE_DUPLICATE,4f2aefc47216,NHPC,same reference number on two records,NH/SEWA-II/CONTRACTS/CW-593/2023/NIT-14/134DATED07102023
HIGH,POSSIBLE_DUPLICATE,27af1087145d,NHPC,same reference number on two records,NH/SLP/CONT/2023/C-15/NIT/639
HIGH,POSSIBLE_DUPLICATE,589e4742a735,NHPC,same reference number on two records,NH/SLP/CONT/2023/C-42/NIT/63830/09/2023
HIGH,POSSIBLE_DUPLICATE,2094d462adbf,NHPC,same reference number on two records,GEM/2023/B/4045734
HIGH,POSSIBLE_DUPLICATE,c1d9da22045b,NHPC,same reference number on two records,NH/CCW/CC-III/CO-266/PR16623/2
HIGH,POSSIBLE_DUPLICATE,44f4f1b23fce,NHPC,same reference number on two records,NH/BSPS/CC/CW/30/2023-24/221
HIGH,POSSIBLE_DUPLICATE,16144909869f,NHPC,same reference number on two records,NH/CCW/CC-II/CO-272/PR10023/210
HIGH,POSSIBLE_DUPLICATE,87bc3f4fdd4d,NHPC,same reference number on two records,GEM/2023/B/3908090
HIGH,POSSIBLE_DUPLICATE,5589805aada6,NHPC,same reference number on two records,NH/SEWA-II/CONTRACTS/CSR-597/2023/NIT-13/132DATED03102023
HIGH,POSSIBLE_DUPLICATE,9095cc62ba24,NHPC,same reference number on two records,NH/ROCHD/PNC/IMS/2023/133DATED30092023
HIGH,POSSIBLE_DUPLICATE,0d06658b82c7,NHPC,same reference number on two records,GEM/2023/B/3895352
HIGH,POSSIBLE_DUPLICATE,dd24e3de2320,NHPC,same reference number on two records,NH/BSPS/CC/CW/29/2023-24/216
HIGH,POSSIBLE_DUPLICATE,03338e929db2,NHPC,same reference number on two records,2023NHPC7742361
HIGH,POSSIBLE_DUPLICATE,01fc18bb1ed6,NHPC,same reference number on two records,GEM/2023/B/3837823
HIGH,POSSIBLE_DUPLICATE,3387efdb3612,NHPC,same reference number on two records,2023NHPC7739661
HIGH,POSSIBLE_DUPLICATE,af62d2a79f98,NHPC,same reference number on two records,NH/SLP/CONT/2023/C-41/NIT/635
HIGH,POSSIBLE_DUPLICATE,bf68b9e436fc,NHPC,same reference number on two records,NH/SLP/CONT/2023/C-40/NIT/634
HIGH,POSSIBLE_DUPLICATE,6d9d5c71a512,NHPC,same reference number on two records,2023NHPC7739741
HIGH,POSSIBLE_DUPLICATE,2c6c6efaf8a3,NHPC,same reference number on two records,2023NHPC7739341
HIGH,POSSIBLE_DUPLICATE,7fb0f0a1c565,NHPC,same reference number on two records,NH-LPS-HOP01222/53/2023-CDIANDIII/1029
HIGH,POSSIBLE_DUPLICATE,bacba1abb74a,NHPC,same reference number on two records,NH/TSV/CONT/MC-115/NIT-869/2023-24/757DATED27/09/2023E-TENDERID2023NHPC7736861
HIGH,POSSIBLE_DUPLICATE,872f29e10532,NHPC,same reference number on two records,NH/TSV/CONT/EC-145/NIT-868/2023-24/665DATED27/09/2023
HIGH,POSSIBLE_DUPLICATE,1c9f0abb2bc3,NHPC,same reference number on two records,NH/SLP/CONT/2023/C-39/NIT/633
HIGH,POSSIBLE_DUPLICATE,ba324572b178,NHPC,same reference number on two records,NH/SLP/CONT/2023/C-38/NIT/630
HIGH,POSSIBLE_DUPLICATE,6cf5b4bf7418,NHPC,same reference number on two records,2023NHPC7731952
HIGH,POSSIBLE_DUPLICATE,47d31a07a710,NHPC,same reference number on two records,NH/SEWA-II/CONTRACTS/CW-591/2023/NIT-12/118DATED21092023
HIGH,POSSIBLE_DUPLICATE,507f695d78e3,NHPC,same reference number on two records,NH/SLP/CONT/2023/C-37/NIT/622
HIGH,POSSIBLE_DUPLICATE,a9d7f10bd1ee,NHPC,same reference number on two records,NH/SLP/CONT/2023/C-36/NIT/620
HIGH,POSSIBLE_DUPLICATE,97b4cc52ad6c,NHPC,same reference number on two records,NH/SLP/CONT/2023/C-35/NIT/610
HIGH,POSSIBLE_DUPLICATE,4d82c26e400d,NHPC,same reference number on two records,NH/SLP/CONT/2023/C-32/NIT/609
HIGH,POSSIBLE_DUPLICATE,3f88cc867b63,NHPC,same reference number on two records,GEM/2023/B/3984625
HIGH,POSSIBLE_DUPLICATE,0a9181af3c68,NHPC,same reference number on two records,2023NHPC7723951
HIGH,POSSIBLE_DUPLICATE,af2375e0d682,NHPC,same reference number on two records,NH/DPS/CONT/NIT-153/2023/E95104DATED16092023
HIGH,POSSIBLE_DUPLICATE,6c80cac78597,NHPC,same reference number on two records,NH/BSPS/CC/CW/23/2023-24/194
HIGH,POSSIBLE_DUPLICATE,722a1c3d173a,NHPC,same reference number on two records,NH/BSPS/CC/CW/27/2023-24/195
HIGH,POSSIBLE_DUPLICATE,7000fe4b0253,NHPC,same reference number on two records,2023NHPC7717692
HIGH,POSSIBLE_DUPLICATE,24ad089cf0b2,NHPC,same reference number on two records,GEM/2023/B/3961229
HIGH,POSSIBLE_DUPLICATE,813dfc811019,NHPC,same reference number on two records,NH/BSPS/CC/RMU/25/2023-24/189
HIGH,POSSIBLE_DUPLICATE,eb0fc6dc7473,NHPC,same reference number on two records,NH/DPS/CONT/NIT-154/2023/E93701DATED14092023
HIGH,POSSIBLE_DUPLICATE,6b63d14d9f53,NHPC,same reference number on two records,NH/DPS/CONT/NIT-155/2023/E98521DATED15092023
HIGH,POSSIBLE_DUPLICATE,acfd7f1a59ac,NHPC,same reference number on two records,2023NHPC7714381
HIGH,POSSIBLE_DUPLICATE,7460af5c46b5,NHPC,same reference number on two records,GEM/2023/B/3952686
HIGH,POSSIBLE_DUPLICATE,1104ad1d469c,NHPC,same reference number on two records,NH/SEWA-II/CONTRACTS/CW-595/2023/NIT-11/109DATED13092023
HIGH,POSSIBLE_DUPLICATE,a7170b5639e6,NHPC,same reference number on two records,NH/SEWA-II/CONTRACTS/CW-596/2023/NIT-10/108DATED13092023
HIGH,POSSIBLE_DUPLICATE,324148935cc5,NHPC,same reference number on two records,NH/SPS/CD/NIT-09/2023-24/393-402TENDERID2023NHPC7711381
HIGH,POSSIBLE_DUPLICATE,ec6715dfd660,NHPC,same reference number on two records,NH/SPS/PC/NIT-07/2023-24/333-42TENDERID-2023NHPC7692651
HIGH,POSSIBLE_DUPLICATE,bfe2ebccb277,NHPC,same reference number on two records,NH/SPS/PC/NIT-10/2023-24/368-377TENDERID-2023NHPC7703561
HIGH,POSSIBLE_DUPLICATE,ee66feb1423f,NHPC,same reference number on two records,NH/BSPS/CC/RMU/24/2023-24/181
HIGH,POSSIBLE_DUPLICATE,94c043438948,NHPC,same reference number on two records,NH-LPS-HOP01217/2/2023-CDIANDIII/1028
HIGH,POSSIBLE_DUPLICATE,04683fd58421,NHPC,same reference number on two records,NH/TSV/CONT/MC-136/NIT-867/2023-24/642DATED06/09/2023
HIGH,POSSIBLE_DUPLICATE,c056fe3800eb,NHPC,same reference number on two records,NH/SPS/PC/NIT-104/2023-24/357-67TENDERIDNO2023NHPC7701541
HIGH,POSSIBLE_DUPLICATE,0334901d4b27,NHPC,same reference number on two records,NH/TSV/CONT/CC-303/NIT-866/2023-24/641DATED05/09/2023
HIGH,POSSIBLE_DUPLICATE,9cc9e8051688,NHPC,same reference number on two records,NH/TSV/CONT/CC-307/NIT-865/2023-24/743DATED04/09/2023E-TENDERID2023NHPC7700241
HIGH,POSSIBLE_DUPLICATE,010401b38577,NHPC,same reference number on two records,GEM/2023/B/3883393DATED04092023
HIGH,POSSIBLE_DUPLICATE,563852e50a70,NHPC,same reference number on two records,NH/TSV/CONT/CC-290/NIT-864/2023-24/640DATED04/09/2023
HIGH,POSSIBLE_DUPLICATE,cfb53d1c988f,NHPC,same reference number on two records,NH/PPS-III/NIT/PR11923/116/1/175DATED02/09/2023
HIGH,POSSIBLE_DUPLICATE,184320083d53,NHPC,same reference number on two records,NHPCWS-04/2023
HIGH,POSSIBLE_DUPLICATE,3442ac01773c,NHPC,same reference number on two records,NHPCWS-03/2023
HIGH,POSSIBLE_DUPLICATE,2b6d72e753f3,NHPC,same reference number on two records,NHPCWS-01/2023
HIGH,POSSIBLE_DUPLICATE,1e0c4967d9e5,NHPC,same reference number on two records,NH/SPS/CD/NIT-08/2023-24/281-300TENDERID2023NHPC7682541
HIGH,POSSIBLE_DUPLICATE,ec8d1703ff69,NHPC,same reference number on two records,NH/TSV/CONT/MC-134/NIT-863/2023-24/751DATED26/08/2023
HIGH,POSSIBLE_DUPLICATE,4067d1327614,NHPC,same reference number on two records,NH/SPS/CD/NIT-08/2023-24/311-320
HIGH,POSSIBLE_DUPLICATE,014a2de2040b,NHPC,same reference number on two records,NH/SPS/CD/NIT-07/2023-24/301-310
HIGH,POSSIBLE_DUPLICATE,aabde7334792,NHPC,same reference number on two records,GEM/2023/B/3873459
HIGH,POSSIBLE_DUPLICATE,bfe08af757f7,NHPC,same reference number on two records,NHPCWS-02/2023
HIGH,POSSIBLE_DUPLICATE,8613973a282a,NHPC,same reference number on two records,NH-RPS-ECD01414/4/2023-ECD/149
HIGH,POSSIBLE_DUPLICATE,6fa458d7019f,NHPC,same reference number on two records,NH/SEWA-II/CONTRACTS/CSR-590/2023/NIT-09/97DATED21082023
HIGH,POSSIBLE_DUPLICATE,6c4b8dc9bb03,NHPC,same reference number on two records,NH/TSV/CONT/MC-135/NIT-862/2023-24/629DATED19/08/2023
HIGH,POSSIBLE_DUPLICATE,08c1a8e01977,NHPC,same reference number on two records,NH-RPS-HM01213/2/2022-DAMHM/144
HIGH,POSSIBLE_DUPLICATE,3e3a31634258,NHPC,same reference number on two records,NH/SPS/CD/NIT-06/2023-24/244-254
HIGH,POSSIBLE_DUPLICATE,de8c411fde52,NHPC,same reference number on two records,GEM/2023/B/3840266
HIGH,POSSIBLE_DUPLICATE,214ec97453ba,NHPC,same reference number on two records,NH/SPS/PC/NIT-03/2023-24/261-70
HIGH,POSSIBLE_DUPLICATE,c620359d551d,NHPC,same reference number on two records,NH/SEWA-II/CONTRACTS/CW-587/2023/NIT-07/93DATED11082023
HIGH,POSSIBLE_DUPLICATE,92fab24fa78f,NHPC,same reference number on two records,NH/SEWA-II/CONTRACTS/MW-588/2023/NIT-08/94DATED14082023
HIGH,POSSIBLE_DUPLICATE,e15cc39ebf0d,NHPC,same reference number on two records,NH-RPS-CTS01111/1/2023-CIVILTS/138
HIGH,POSSIBLE_DUPLICATE,726db89c2de9,NHPC,same reference number on two records,NH/TSV/CONT/EC-144/NIT-860/2023-24/623DATED12/08/2023
HIGH,POSSIBLE_DUPLICATE,bb4b544d9dd4,NHPC,same reference number on two records,NH/TSV/CONT/CC-306/NIT-861/2023-24/624DATED12/08/2023
HIGH,POSSIBLE_DUPLICATE,69784d2b1c73,NHPC,same reference number on two records,2023NHPC7665361
HIGH,POSSIBLE_DUPLICATE,86e44d93912e,NHPC,same reference number on two records,2023NHPC766479
HIGH,POSSIBLE_DUPLICATE,cc00ba3544c4,NHPC,same reference number on two records,NH/BSPS/CC/RMU/18/2023-24/137
HIGH,POSSIBLE_DUPLICATE,a0fc820cdbce,NHPC,same reference number on two records,NH/TSV/CONT/EC-125/NIT-858/2023/715DATED09/08/2023
HIGH,POSSIBLE_DUPLICATE,89ab21872f12,NHPC,same reference number on two records,NH/TSV/CONT/MC-133/NIT-859/2023-24/622DATED10/08/2023
HIGH,POSSIBLE_DUPLICATE,ed5ae6d6fb3f,NHPC,same reference number on two records,NH/SPS/CD/NIT-05/23-24/234-243
HIGH,POSSIBLE_DUPLICATE,601ada371d13,NHPC,same reference number on two records,2023NHPC7650911
HIGH,POSSIBLE_DUPLICATE,f54545cc468b,NHPC,same reference number on two records,2023NHPC7643411
HIGH,POSSIBLE_DUPLICATE,09793bd18077,NHPC,same reference number on two records,2023NHPC7621381
HIGH,POSSIBLE_DUPLICATE,ce27acd2f44c,NHPC,same reference number on two records,2023NHPC7653881
HIGH,POSSIBLE_DUPLICATE,21f543ed4b3f,NHPC,same reference number on two records,NH/PPS-III/NIT/PR11923/62/1/149DATED08/08/2023
HIGH,POSSIBLE_DUPLICATE,87f807878f85,NHPC,same reference number on two records,NH/TSV/CONT/CC-304/NIT-857/2023-24/617DATED08/08/2023
HIGH,POSSIBLE_DUPLICATE,747beec50427,NHPC,same reference number on two records,2023NHPC7658991
HIGH,POSSIBLE_DUPLICATE,682a217278d7,NHPC,same reference number on two records,NH/TSV/CONT/CC-305/NIT-856/2023-24/616DATED08/08/2023
HIGH,POSSIBLE_DUPLICATE,9f80491b5c32,NHPC,same reference number on two records,2023NHPC7645701
HIGH,POSSIBLE_DUPLICATE,282e0f51f2bb,NHPC,same reference number on two records,2023NHPC7645671
HIGH,POSSIBLE_DUPLICATE,52c8026a2448,NHPC,same reference number on two records,2022NHPC7643421
HIGH,POSSIBLE_DUPLICATE,5ca85048cd49,NHPC,same reference number on two records,NH/DPS/CONT/NIT-151/2023/E96444DATED05082023
HIGH,POSSIBLE_DUPLICATE,69ac31fcdfa9,NHPC,same reference number on two records,NH/PPS-III/NIT/PR11922/465/2/144
HIGH,POSSIBLE_DUPLICATE,3a257fbc5a06,NHPC,same reference number on two records,NH/DPS/CONT/NIT-150/2023/E64700DATED04082023
HIGH,POSSIBLE_DUPLICATE,2dc5e3c54644,NHPC,same reference number on two records,2023NHPC7650551
HIGH,POSSIBLE_DUPLICATE,3531300c9148,NHPC,same reference number on two records,GEM/2023/B/3676657DATED26072023
HIGH,POSSIBLE_DUPLICATE,263c6ac28cd1,NHPC,same reference number on two records,GEM/2023/3764939
HIGH,POSSIBLE_DUPLICATE,3bb358de3831,NHPC,same reference number on two records,NH/CONTSEM-IV/CO-34/PR10023/59/2023/112
HIGH,POSSIBLE_DUPLICATE,f9def2a40025,NHPC,same reference number on two records,NH/BSPS/CC/PH/16/2023-24/127
HIGH,POSSIBLE_DUPLICATE,aeb3cf826e70,NHPC,same reference number on two records,NEPAL-02
HIGH,POSSIBLE_DUPLICATE,ca0fa585d819,NHPC,same reference number on two records,NH/BSPS/CC/CW/17/2023-24/123
HIGH,POSSIBLE_DUPLICATE,4712b66f2f8b,NHPC,same reference number on two records,NEPAL-01
HIGH,POSSIBLE_DUPLICATE,d23eeb910746,NHPC,same reference number on two records,2023NHPC7641091
HIGH,POSSIBLE_DUPLICATE,11f39d74fbfc,NHPC,same reference number on two records,2023NHPC7636421
HIGH,POSSIBLE_DUPLICATE,16c9649202bc,NHPC,same reference number on two records,NH/TSV/CONT/EC-141/NIT-855/2023-24/707DATED26/07/2023
HIGH,POSSIBLE_DUPLICATE,464ee433920c,NHPC,same reference number on two records,NH/CCW/CC-II/CO262/PR10023/145
HIGH,POSSIBLE_DUPLICATE,8ea9b60ca80f,NHPC,same reference number on two records,2023NHPC7632571
HIGH,POSSIBLE_DUPLICATE,0423bf9e1546,NHPC,same reference number on two records,NH/SLP/CONT/2023/C-31/NIT/574
HIGH,POSSIBLE_DUPLICATE,6ea5a597bced,NHPC,same reference number on two records,2023NHPC7632231
HIGH,POSSIBLE_DUPLICATE,c47d9511e240,NHPC,same reference number on two records,NH/PPS-III/NIT/PR11923/67/1/126DATED22/07/2023
HIGH,POSSIBLE_DUPLICATE,17eba805e346,NHPC,same reference number on two records,2023NHPC7627691
HIGH,POSSIBLE_DUPLICATE,7c9bfd9c084f,NHPC,same reference number on two records,NH/TSV/RC/NIT-MS011/6/2043DATED20-07-2023
HIGH,POSSIBLE_DUPLICATE,1b530bb2a501,NHPC,same reference number on two records,-1027O
HIGH,POSSIBLE_DUPLICATE,60f27d4e7d05,NHPC,same reference number on two records,NH/DMP/PNC/NIT/2023/05DTD22072023ETENDERNO2023NHPC7623641
HIGH,POSSIBLE_DUPLICATE,a25373038a30,NHPC,same reference number on two records,2023NHPC7607631
HIGH,POSSIBLE_DUPLICATE,5c28443917a1,NHPC,same reference number on two records,NH/DMP/PNC/NIT/2023/04DTD18072023ETENDERNO2023NHPC7616021
HIGH,POSSIBLE_DUPLICATE,8d481b57abef,NHPC,same reference number on two records,NH/DMP/PNC/NIT/2023/03DTD14072023ETENDERNO2023NHPC7615301
HIGH,POSSIBLE_DUPLICATE,ee032b96a435,NHPC,same reference number on two records,NH/CCW/CC-II/CO259/PR10023/117
HIGH,POSSIBLE_DUPLICATE,15f404b79064,NHPC,same reference number on two records,NH/SLP/CONT/2023/C-17/NIT/566
HIGH,POSSIBLE_DUPLICATE,456290d1064d,NHPC,same reference number on two records,NH/PP-II/PC/PKGNOC-709/2023/9921
HIGH,POSSIBLE_DUPLICATE,56786a5757cc,NHPC,same reference number on two records,NH/PP-II/PC/PKGNOC-716/2023/9911
HIGH,POSSIBLE_DUPLICATE,d5bcb20f9b0c,NHPC,same reference number on two records,NH/TSV/CONT/EC-133/NIT-854/2023-24/695DATED14/07/2023
HIGH,POSSIBLE_DUPLICATE,84a4ade372af,NHPC,same reference number on two records,NH/TSV/CONT/EC-142/NIT-853/2023-24/693DATED12/07/2023
HIGH,POSSIBLE_DUPLICATE,c5d1aa05aa43,NHPC,same reference number on two records,NH/CCW/CC-II/CO-261/PR10023/107
HIGH,POSSIBLE_DUPLICATE,d555ed5705a4,NHPC,same reference number on two records,NH/SPS/CD/NIT-04/2023-24/176-186
HIGH,POSSIBLE_DUPLICATE,2d0c59de8bbe,NHPC,same reference number on two records,NH/CC-IV/CO-260/PR11521/260
HIGH,POSSIBLE_DUPLICATE,0fb4ac451557,NHPC,same reference number on two records,NH/SLP/CONT/2023/C-27/NIT/559
HIGH,POSSIBLE_DUPLICATE,9c8257f9be3c,NHPC,same reference number on two records,NH/BSPS/CC/CW/11/2023-24/98
HIGH,POSSIBLE_DUPLICATE,74768fce9488,NHPC,same reference number on two records,2023NHPC7609791
HIGH,POSSIBLE_DUPLICATE,e87579ceafa2,NHPC,same reference number on two records,NH/SLP/CONT/2023/C-10/NIT/558
HIGH,POSSIBLE_DUPLICATE,2664cc53d3de,NHPC,same reference number on two records,2023NHPC7609741
HIGH,POSSIBLE_DUPLICATE,69b9e61f9f2e,NHPC,same reference number on two records,NH-LPS-HOP01222/10/2023-CD-IANDIII/1025
HIGH,POSSIBLE_DUPLICATE,7c5627a15730,NHPC,same reference number on two records,NH/SEWA-II/CONTRACTS/MW-579/2023/NIT-06/59
HIGH,POSSIBLE_DUPLICATE,7c1572d9e601,NHPC,same reference number on two records,NH/SEWA-II/CONTRACTS/SC-578/2023/NIT-05/57DATE03072023
HIGH,POSSIBLE_DUPLICATE,273c2e008dba,NHPC,same reference number on two records,NH/UPS/PCS/C-58/NIQ-53/27DATED01072023
HIGH,POSSIBLE_DUPLICATE,10c78d6ee3e2,NHPC,same reference number on two records,2023NHPC7600391
HIGH,POSSIBLE_DUPLICATE,251aa9b2b73b,NHPC,same reference number on two records,/-II//MW-582/2023/-04/54292023
HIGH,POSSIBLE_DUPLICATE,e221406989db,NHPC,same reference number on two records,2023NHPC7599881
HIGH,POSSIBLE_DUPLICATE,a29a7828efa5,NHPC,same reference number on two records,2023NHPC7599731
HIGH,POSSIBLE_DUPLICATE,630e7dd38182,NHPC,same reference number on two records,2023NHPC7344241
HIGH,POSSIBLE_DUPLICATE,252326360cbe,NHPC,same reference number on two records,NH/UPS/PCS/C-55/NIQ-50/22
HIGH,POSSIBLE_DUPLICATE,e09d33af1826,NHPC,same reference number on two records,NH/PPS-III/NIT/PR11923/63/1/108DATED23/06/2023
HIGH,POSSIBLE_DUPLICATE,f4b86d3e8576,NHPC,same reference number on two records,NH/PP-II/PC/PKGNOC-708/2023/9866
HIGH,POSSIBLE_DUPLICATE,7fa9616d3e32,NHPC,same reference number on two records,NH/PP-II/PC/PKGNOC-713/2023/9862
HIGH,POSSIBLE_DUPLICATE,218f03b4722a,NHPC,same reference number on two records,NH/PP-II/PC/PKGNOC-714/2023/9847
HIGH,POSSIBLE_DUPLICATE,dcb98156fad5,NHPC,same reference number on two records,NH/PP-II/PC/PKGNOC-707/2023/9830
HIGH,POSSIBLE_DUPLICATE,8550e21bd82d,NHPC,same reference number on two records,NH/UPS/PCS/C-56/NIQ-51/23DATED24062023
HIGH,POSSIBLE_DUPLICATE,9f1df751baa0,NHPC,same reference number on two records,2023NHPC7585281
HIGH,POSSIBLE_DUPLICATE,95d91f7b634b,NHPC,same reference number on two records,2023NHPC7584551
HIGH,POSSIBLE_DUPLICATE,fb2bf4662f0a,NHPC,same reference number on two records,2023NHPC7580871
HIGH,POSSIBLE_DUPLICATE,167b05308366,NHPC,same reference number on two records,NH/UPS/PCS/C-60/NIQ-55/19DATED17062023
HIGH,POSSIBLE_DUPLICATE,8025c01cce3b,NHPC,same reference number on two records,NH/UPS/PCS/C-67/NIQ-58/18DATED15062023
HIGH,POSSIBLE_DUPLICATE,e799f5100d70,NHPC,same reference number on two records,NH/SEWA-II/CONTRACTS/CW-570/2023/NIT-02/27DTD020623
HIGH,POSSIBLE_DUPLICATE,b7764310a5d2,NHPC,same reference number on two records,NH/CPS-1/PC/W-1386/2023-24/289DATED12/06/2023
HIGH,POSSIBLE_DUPLICATE,f5facdcd2c10,NHPC,same reference number on two records,NH/SEWA-II/CONTRACTS/CW-580/2023/NIT-03/37
HIGH,POSSIBLE_DUPLICATE,42e75383e556,NHPC,same reference number on two records,2023NHPC7569861
HIGH,POSSIBLE_DUPLICATE,17b9aad51b27,NHPC,same reference number on two records,NH/PPS-III/NIT/PR11922/465/1/82
HIGH,POSSIBLE_DUPLICATE,29b07b30aecc,NHPC,same reference number on two records,NH/DPS/CONT/NIT-139/2023/E92556DATED08062023
HIGH,POSSIBLE_DUPLICATE,788aac866ad3,NHPC,same reference number on two records,2023NHPC7554171
HIGH,POSSIBLE_DUPLICATE,6b9f71b733c0,NHPC,same reference number on two records,NH/PPS-III/NIT/PR11923/46/1/79
HIGH,POSSIBLE_DUPLICATE,3193c57a8159,NHPC,same reference number on two records,NH/PPS-III/NIT/PR11923/46/1/72
HIGH,POSSIBLE_DUPLICATE,9eb3efa16dac,NHPC,same reference number on two records,NH-LPS-HOP01222/17/2023-CDIANDIII/1024
HIGH,POSSIBLE_DUPLICATE,9fd78f624f71,NHPC,same reference number on two records,NH/DPS/CONT/NIT-138/2023/E90978DATED02062023
HIGH,POSSIBLE_DUPLICATE,1f89d3a32d02,NHPC,same reference number on two records,NH/TSV/CONT/MC-132/NIT-852/2023-24/625DATED31052023
HIGH,POSSIBLE_DUPLICATE,7b95080db862,NHPC,same reference number on two records,NH-LPS-HOP01222/11/2023-CDIANDIII/1023
HIGH,POSSIBLE_DUPLICATE,86b839d1fbf9,NHPC,same reference number on two records,NH-LPS-HOP01222/14/2023-CDIANDIII/1022
HIGH,POSSIBLE_DUPLICATE,24bb803bd068,NHPC,same reference number on two records,NH/SPS/PNC/NIT202/23-24/120-29
HIGH,POSSIBLE_DUPLICATE,bf33ac70ccbe,NHPC,same reference number on two records,GEM/2023/B/3466410
HIGH,POSSIBLE_DUPLICATE,339ecdc9eeda,NHPC,same reference number on two records,NH/TSV/CONT/RM-178/NIT-851/2023-24/584
HIGH,POSSIBLE_DUPLICATE,5f668f808729,NHPC,same reference number on two records,NH/DPS/CONT/NIT-137/2023/E90494DATED24052023
HIGH,POSSIBLE_DUPLICATE,991d814599e3,NHPC,same reference number on two records,NH/DPS/CONT/NIT-136/2023/E88640DATE24052023
HIGH,POSSIBLE_DUPLICATE,56f3a8408f6f,NHPC,same reference number on two records,NH/PP-II/PC/PKGNOC-693/2023/9761
HIGH,POSSIBLE_DUPLICATE,3eb060622fb5,NHPC,same reference number on two records,NH-LPS-HOP01222/13/2023-CD-IANDIII/1021
HIGH,POSSIBLE_DUPLICATE,cc2716ee0962,NHPC,same reference number on two records,NH/UPS/PCS/C-61/NIQ-56/10
HIGH,POSSIBLE_DUPLICATE,5924f7e1ca28,NHPC,same reference number on two records,2023NHPC7552791
HIGH,POSSIBLE_DUPLICATE,3c02cd17d0b6,NHPC,same reference number on two records,2023NHPC7552491
HIGH,POSSIBLE_DUPLICATE,2bb9d82a07a1,NHPC,same reference number on two records,NH/SLP/CONT/2023/C-15/NIT/529
HIGH,POSSIBLE_DUPLICATE,53c99002459b,NHPC,same reference number on two records,NH-LPS-HOP01222/09/2023-CD-IANDIII/1020
HIGH,POSSIBLE_DUPLICATE,b84b8dca2d01,NHPC,same reference number on two records,NH/BSPS/CC/CW/04/2023-24/32
HIGH,POSSIBLE_DUPLICATE,ee90cb14f023,NHPC,same reference number on two records,NH/PP-II/PC/PKGNOC-705/2023/9713
HIGH,POSSIBLE_DUPLICATE,141ec07f9bb8,NHPC,same reference number on two records,NH/CPS-1/PNC/W-1393/2023-24/93DATED04/05/2023
HIGH,POSSIBLE_DUPLICATE,c9084eec7c1c,NHPC,same reference number on two records,NH/DMP/PNC/NIT/2023/02DTD27042023E-TENDERNO2023NHPC7505981
HIGH,POSSIBLE_DUPLICATE,305c4c0c8ca9,NHPC,same reference number on two records,NH/DMP/PNC/NIT/2024/01DTD08042023
HIGH,POSSIBLE_DUPLICATE,e0c9fe6e8b3f,NHPC,same reference number on two records,NH/CPS-1/PNC/W-1393/2023-24/93
HIGH,POSSIBLE_DUPLICATE,91ea1b2d3a56,NHPC,same reference number on two records,NH/CPS-1/PNC/W-1350/2023-24/80DATE27/04/2023
HIGH,POSSIBLE_DUPLICATE,b8727bfe956b,NHPC,same reference number on two records,NH/SPS/CD/NIT-01/2023-24/85-94
HIGH,POSSIBLE_DUPLICATE,49f214abea0e,NHPC,same reference number on two records,NH/PPS-III/NIT/PR11922/460/1/38
HIGH,POSSIBLE_DUPLICATE,75cf7329787f,NHPC,same reference number on two records,NH/PPS-III/NIT/PR11922/464/1/27
HIGH,POSSIBLE_DUPLICATE,7a017c2fd58b,NHPC,same reference number on two records,NH/PPS-III/NIT/PR11922/459/1/21
HIGH,POSSIBLE_DUPLICATE,3d4af518c9f5,NHPC,same reference number on two records,NH/PPS-III/NIT/PR11922/457/1/33
HIGH,POSSIBLE_DUPLICATE,1d674048b8f5,NHPC,same reference number on two records,NH/SEWA-II/CONTRACTS/CW-534/2023/NIT-01/10DT10052023
HIGH,POSSIBLE_DUPLICATE,25714441e867,NHPC,same reference number on two records,GEM/2023/B/3436141
HIGH,POSSIBLE_DUPLICATE,e311d9d4b580,NHPC,same reference number on two records,GEM/2023/B/3417959
HIGH,POSSIBLE_DUPLICATE,4dbd001edd35,NHPC,same reference number on two records,NH/TSV/CONT/CC-302/NIT-835/2023-24/540
HIGH,POSSIBLE_DUPLICATE,22efac10aa52,NHPC,same reference number on two records,2023NHPC7481851
HIGH,POSSIBLE_DUPLICATE,da0c48762f5a,NHPC,same reference number on two records,2023NHPC7481251
HIGH,POSSIBLE_DUPLICATE,ea5c9a00d4b6,NHPC,same reference number on two records,2023NHPC7473741
HIGH,POSSIBLE_DUPLICATE,f05677fb19a4,NHPC,same reference number on two records,GEM/2023/B/3335527
HIGH,POSSIBLE_DUPLICATE,53e20d0db6de,NHPC,same reference number on two records,GEM/2023/B/3350204
HIGH,POSSIBLE_DUPLICATE,c012c75fee6f,NHPC,same reference number on two records,NH-LPS-HOP01222/7/2023-CD-IANDIII/1016
HIGH,POSSIBLE_DUPLICATE,e1a958537823,NHPC,same reference number on two records,NH/BSPS/CC/RMU/46/2022-23/354
HIGH,POSSIBLE_DUPLICATE,6860e2d27c47,NHPC,same reference number on two records,2022NHPC7280071
HIGH,POSSIBLE_DUPLICATE,37e243934523,NHPC,same reference number on two records,NH/TSV/CONT/EC-129/NIT-795
HIGH,POSSIBLE_DUPLICATE,bc377c5950fe,NHPC,same reference number on two records,2022NHPC6756681
HIGH,POSSIBLE_DUPLICATE,04b732c4af46,NHPC,same reference number on two records,NH/SLP/CONT/2022/C-29/NIT/278
HIGH,POSSIBLE_DUPLICATE,a6c60e9600b1,NHPC,same reference number on two records,2023NHPC7280071
HIGH,POSSIBLE_DUPLICATE,0accb6815d77,NHPC,same reference number on two records,TEST11111
HIGH,POSSIBLE_DUPLICATE,a5db339ea6b0,NHPC,same reference number on two records,NH-LPS-HOP01222/60/2022-CD-IANDIII/1000
HIGH,POSSIBLE_DUPLICATE,f528640c99d7,NHPC,same reference number on two records,NH/CPS1/PNC/W1375/2022-23/880
HIGH,POSSIBLE_DUPLICATE,f27c7a60c9ea,NHPC,same reference number on two records,NH/PP-II/PC/PKGNODHEP-10/2022/9141
LOW,WINNER_NEEDS_VERIFICATION,T-0185fd440346,NHPC,"winner from press or AI, confirm before use",NLC India; Renew
LOW,WINNER_NEEDS_VERIFICATION,T-0057baebc545,NHPC,"winner from press or AI, confirm before use",NLC India; Renew
LOW,WINNER_NEEDS_VERIFICATION,T-07c8b8a7e244,NHPC,"winner from press or AI, confirm before use",ACME Solar
LOW,WINNER_NEEDS_VERIFICATION,T-17f8188254d8,NHPC,"winner from press or AI, confirm before use",Tata Power
LOW,WINNER_NEEDS_VERIFICATION,T-4d5e7f9d49a8,NHPC,"winner from press or AI, confirm before use",NTPC Green
LOW,WINNER_NEEDS_VERIFICATION,T-fffbbfe5bf93,NHPC,"winner from press or AI, confirm before use",Avaada
LOW,WINNER_NEEDS_VERIFICATION,T-4d4a84c58251,NHPC,"winner from press or AI, confirm before use",SAEL
LOW,WINNER_NEEDS_VERIFICATION,T-8c2d3d47531e,NHPC,"winner from press or AI, confirm before use",ReNew
LOW,WINNER_NEEDS_VERIFICATION,T-956d86e85998,NLC India,"winner from press or AI, confirm before use",Renew; Juniper Green
LOW,WINNER_NEEDS_VERIFICATION,T-56d130be8de8,NLC India,"winner from press or AI, confirm before use",Renew
LOW,WINNER_NEEDS_VERIFICATION,T-36f0b8607c13,NLC India,"winner from press or AI, confirm before use",Renew
LOW,WINNER_NEEDS_VERIFICATION,T-06627f9dafd0,NLC India,"winner from press or AI, confirm before use",Renew
LOW,WINNER_NEEDS_VERIFICATION,T-760f9f0bf997,NLC India,"winner from press or AI, confirm before use",Juniper
LOW,WINNER_NEEDS_VERIFICATION,T-13aa33cc4824,NLC India,"winner from press or AI, confirm before use",Renew
LOW,WINNER_NEEDS_VERIFICATION,T-d97c5c358ed7,NLC India,"winner from press or AI, confirm before use",ENGIE; Rays Power; SECI
LOW,WINNER_NEEDS_VERIFICATION,T-37b17d1a1f46,NLC India,"winner from press or AI, confirm before use",Pace Digitek
LOW,WINNER_NEEDS_VERIFICATION,T-08873d53680b,NTPC,"winner from press or AI, confirm before use",NTPC Green
LOW,WINNER_NEEDS_VERIFICATION,T-513c147e4745,NTPC,"winner from press or AI, confirm before use",SECI
LOW,WINNER_NEEDS_VERIFICATION,T-98082a4e0e6b,NTPC,"winner from press or AI, confirm before use",NTPC Green
LOW,WINNER_NEEDS_VERIFICATION,T-d9717b535ee9,NTPC,"winner from press or AI, confirm before use",SECI; Renew
LOW,WINNER_NEEDS_VERIFICATION,T-30622cb3519a,NTPC,"winner from press or AI, confirm before use",NTPC Renewable
LOW,WINNER_NEEDS_VERIFICATION,T-cca15fd12bcf,NTPC Green Energy,"winner from press or AI, confirm before use",NTPC Green
LOW,WINNER_NEEDS_VERIFICATION,T-b5f86f00d1d1,NVVN,"winner from press or AI, confirm before use",Sunsure
LOW,WINNER_NEEDS_VERIFICATION,T-de9dfcb73ed6,NVVN,"winner from press or AI, confirm before use",Renew
LOW,WINNER_NEEDS_VERIFICATION,T-ed8a197bf7c0,NVVN,"winner from press or AI, confirm before use",Sunsure
LOW,WINNER_NEEDS_VERIFICATION,T-f504d9c8dc54,SECI,"winner from press or AI, confirm before use",Resolven
LOW,WINNER_NEEDS_VERIFICATION,T-2316ce5c96dc,SECI,"winner from press or AI, confirm before use",Greenko; Tata Power; Torrent
LOW,WINNER_NEEDS_VERIFICATION,T-cc515c96331c,SECI,"winner from press or AI, confirm before use",Resolven
LOW,WINNER_NEEDS_VERIFICATION,T-8dbc8a713349,SECI,"winner from press or AI, confirm before use",Greenko; Torrent; Tata Power
LOW,WINNER_NEEDS_VERIFICATION,T-23a801be8353,SECI,"winner from press or AI, confirm before use",KP Energy; Waaree; Purvah Green
LOW,WINNER_NEEDS_VERIFICATION,T-fbcb1c127eb4,SECI,"winner from press or AI, confirm before use",SAEL
LOW,WINNER_NEEDS_VERIFICATION,T-24f1af52d7cd,SECI,"winner from press or AI, confirm before use",Ayana Renewable
LOW,WINNER_NEEDS_VERIFICATION,T-8c6effe8e9f8,SECI,"winner from press or AI, confirm before use",Hero Future; Rays Power; Resolven; Hexa; Juniper
LOW,WINNER_NEEDS_VERIFICATION,T-f69d26bb566a,SECI,"winner from press or AI, confirm before use",NTPC Renewable
MEDIUM,CAPACITY_IMPLAUSIBLE,T-f1715ae5dae5,SECI,"capacity above 5 GW, check the parsed unit",8600.0
LOW,WINNER_NEEDS_VERIFICATION,T-f1715ae5dae5,SECI,"winner from press or AI, confirm before use",Renew
LOW,WINNER_NEEDS_VERIFICATION,T-4f40b69fee32,SECI,"winner from press or AI, confirm before use",Renew
LOW,WINNER_NEEDS_VERIFICATION,T-adfb030af9f6,SECI,"winner from press or AI, confirm before use",ACME Solar
LOW,WINNER_NEEDS_VERIFICATION,T-f316671be8c1,SECI,"winner from press or AI, confirm before use",NTPC Green
LOW,WINNER_NEEDS_VERIFICATION,T-40826cce8ebc,SECI,"winner from press or AI, confirm before use",ACME Solar
LOW,WINNER_NEEDS_VERIFICATION,T-1c2b175fcec0,SECI,"winner from press or AI, confirm before use",Serentica
LOW,WINNER_NEEDS_VERIFICATION,T-62c2fe187de2,SECI,"winner from press or AI, confirm before use",Juniper Green; Renew
LOW,WINNER_NEEDS_VERIFICATION,T-5b49e0adb96b,SECI,"winner from press or AI, confirm before use",Renew
LOW,WINNER_NEEDS_VERIFICATION,T-2443862bb9ca,SECI,"winner from press or AI, confirm before use",NTPC Renewable
LOW,WINNER_NEEDS_VERIFICATION,T-95125eeeb3d5,SECI,"winner from press or AI, confirm before use",Serentica; Renew; AMPIN Energy; ACME Solar
LOW,WINNER_NEEDS_VERIFICATION,T-767ac40a755a,SECI,"winner from press or AI, confirm before use",Serentica
LOW,WINNER_NEEDS_VERIFICATION,T-10c5313b39fd,SECI,"winner from press or AI, confirm before use",renew
LOW,WINNER_NEEDS_VERIFICATION,T-8a50373c8d89,SJVN,"winner from press or AI, confirm before use",Renew; Resolven
LOW,WINNER_NEEDS_VERIFICATION,T-58954615e819,SJVN,"winner from press or AI, confirm before use",Sembcorp; renew
LOW,WINNER_NEEDS_VERIFICATION,T-09598eb67675,SJVN,"winner from press or AI, confirm before use",ACME Solar
LOW,WINNER_NEEDS_VERIFICATION,T-0253747219b9,SJVN,"winner from press or AI, confirm before use",ACME Solar
LOW,WINNER_NEEDS_VERIFICATION,T-a46787d19976,SJVN,"winner from press or AI, confirm before use",Sembcorp; BluPine
LOW,WINNER_NEEDS_VERIFICATION,T-01025727d20d,SJVN,"winner from press or AI, confirm before use",Sembcorp
LOW,WINNER_NEEDS_VERIFICATION,T-2d18ce3f4793,SJVN,"winner from press or AI, confirm before use",Sembcorp; renew
LOW,WINNER_NEEDS_VERIFICATION,T-351318dfbbe8,SJVN,"winner from press or AI, confirm before use",BluPine
LOW,WINNER_NEEDS_VERIFICATION,T-97939a7d7f72,SJVN,"winner from press or AI, confirm before use",NLC India
LOW,WINNER_NEEDS_VERIFICATION,T-d287d11834a0,SJVN Green Energy,"winner from press or AI, confirm before use",ACME Solar; renew
LOW,WINNER_NEEDS_VERIFICATION,T-354bc7d40a8b,UPPCL,"winner from press or AI, confirm before use",Adani Green
