Reason,Severity,TenderKey,Authority,Tender Title,Technology,Capacity MW,What to do,Source URL,Award URL
WINNER_UNKNOWN,HIGH,T-c88a6712deb0,SECI,"Tender for the Selection of Agency to carry out Soil Investigation at proposed 13 GW RE Project Sites in Leh, UT of Lada",Unclassified,13000.0,material tender closed with no winner found; search the agency site,https://www.seci.co.in/tender-details/aWo,
WINNER_UNKNOWN,HIGH,c88a6712deb0,SECI,"Tender for the Selection of Agency to carry out Soil Investigation at proposed 13 GW RE Project Sites in Leh, UT of Lada",Unclassified,13000.0,material tender closed with no winner found; search the agency site,https://www.seci.co.in/tender-details/aWo,
WINNER_UNVERIFIED,HIGH,T-f1715ae5dae5,SECI,"SECI Awards 8.6 GW of ISTS Renewable Energy Projects Across Solar, Hybrid And Storage Tenders - SolarQuarter",Solar + Storage,8600.0,"open the Award URL, confirm the winner, then record it in manual_awards.csv",https://news.google.com/rss/articles/CBMiyAFBVV95cUxNVHlsTTB4RHBoOGtOal9nU001Q3FGUXNLVXFmdWdFeWNoZnRnNExuUHBtMnJCcUJaM0c2MGtZZE44dnRNbXBpOC0xOWliZ1NoUHY5YUpGT2ROUVhXc19URmdEeURPNFB6WjZpRmN2cTk5ZFd3dnJiQ2p1bTFsUl9BQ1J1VXdJbVFEMlVtMGxuVVU0Z1c1LUZEUndfSGlOemVkMFlXQ19rU2pPUk8xN09lZkxLUFlGSWh4d01RX1lwUWlNaDgtMUZjcw?oc=5,https://news.google.com/rss/articles/CBMiyAFBVV95cUxNVHlsTTB4RHBoOGtOal9nU001Q3FGUXNLVXFmdWdFeWNoZnRnNExuUHBtMnJCcUJaM0c2MGtZZE44dnRNbXBpOC0xOWliZ1NoUHY5YUpGT2ROUVhXc19URmdEeURPNFB6WjZpRmN2cTk5ZFd3dnJiQ2p1bTFsUl9BQ1J1VXdJbVFEMlVtMGxuVVU0Z1c1LUZEUndfSGlOemVkMFlXQ19rU2pPUk8xN09lZkxLUFlGSWh4d01RX1lwUWlNaDgtMUZjcw?oc=5
WINNER_UNKNOWN,HIGH,T-069167338a56,SECI,"RfS for 7500 MW Solar Power Projects in Leh and Kargil, Jammu and Kashmir",Solar,7500.0,material tender closed with no winner found; search the agency site,https://www.seci.co.in/tender-details/aQ,
WINNER_UNKNOWN,HIGH,069167338a56,SECI,"RfS for 7500 MW Solar Power Projects in Leh and Kargil, Jammu and Kashmir",Solar,7500.0,material tender closed with no winner found; search the agency site,https://www.seci.co.in/tender-details/aQ,
WINNER_UNKNOWN,HIGH,T-5a5e72e722e6,SECI,"RfS for Supply of 5000 MW RTC Power from ISTS-connected RE Power Projects, complemented with Coal based Thermal Power in",Round-the-Clock / CfD / Trading,5000.0,material tender closed with no winner found; search the agency site,https://www.seci.co.in/tender-details/Zw,
WINNER_UNKNOWN,HIGH,5a5e72e722e6,SECI,"RfS for Supply of 5000 MW RTC Power from ISTS-connected RE Power Projects, complemented with Coal based Thermal Power in",Round-the-Clock / CfD / Trading,5000.0,material tender closed with no winner found; search the agency site,https://www.seci.co.in/tender-details/Zw,
WINNER_UNKNOWN,HIGH,T-018adabb0d45,NTPC,"POWER TRANSFORMER SUPPLY PACKAGE-I (NORTH BLOCK) UNDER DEVELOPMENT OF 4750MW SOLAR PARK AT KHAVDA, GUJARAT",Solar,4750.0,material tender closed with no winner found; search the agency site,https://ntpctender.ntpc.co.in/NITDetails/NITs/24436,
WINNER_UNKNOWN,HIGH,T-a9ca3ef0c16a,NTPC,POWER EVACUATION INFRASTRUCTURE PACKAGE-1(NORTH BLOCK) UNDER DEVELOPMENT OF 4750MW KHAVDA SOLAR PARK.,Transmission / Evacuation,4750.0,material tender closed with no winner found; search the agency site,https://ntpctender.ntpc.co.in/NITDetails/NITs/24542,
WINNER_UNKNOWN,HIGH,T-cc0184fe8f88,NTPC,"POWER TRANSFORMER SUPPLY PACKAGE-II (SOUTH BLOCK) UNDER DEVELOPMENT OF 4750 MW SOLAR PARK AT KHAVDA, GUJARAT.",Solar,4750.0,material tender closed with no winner found; search the agency site,https://ntpctender.ntpc.co.in/NITDetails/NITs/25168,
WINNER_UNKNOWN,HIGH,T-eb0e4ec9fe44,NTPC,"POWER EVACUATION INFRASTRUCTURE PACKAGE UNDER DEVELOPMENT OF 4750MW SOLAR PARK AT KHAVDA, GUJARAT",Transmission / Evacuation,4750.0,material tender closed with no winner found; search the agency site,https://ntpctender.ntpc.co.in/NITDetails/NITs/25452,
WINNER_UNKNOWN,HIGH,T-e3f1b46e9f78,SECI,RfS for Allocation of Sea-bed Lease Rights for 4000 MW Offshore Wind Power Projects,Wind,4000.0,material tender closed with no winner found; search the agency site,https://www.seci.co.in/tender-details/YWB1,
WINNER_UNKNOWN,HIGH,e3f1b46e9f78,SECI,RfS for Allocation of Sea-bed Lease Rights for 4000 MW Offshore Wind Power Projects,Wind,4000.0,material tender closed with no winner found; search the agency site,https://www.seci.co.in/tender-details/YWB1,
WINNER_UNKNOWN,HIGH,T-f33857bd548a,NTPC,SELECTION OF RE POWER GENERATORS FOR SUPPLY OF 3000 MW FIRM AND DISPATCHABLE POWER FROM ISTS-CONNECTED RENEWABLE ENERGY ,Round-the-Clock / CfD / Trading,3000.0,material tender closed with no winner found; search the agency site,https://ntpctender.ntpc.co.in/NITDetails/NITs/26306,
WINNER_UNKNOWN,HIGH,T-e5c0035292e8,SECI,"RfS for 2500 MW ISTS-connected Solar PV Power Projects at UMREPP, Koppal District, Karnataka (ISTS-X)",Solar,2500.0,material tender closed with no winner found; search the agency site,https://www.seci.co.in/tender-details/YWI,
WINNER_UNKNOWN,HIGH,e5c0035292e8,SECI,"RfS for 2500 MW ISTS-connected Solar PV Power Projects at UMREPP, Koppal District, Karnataka (ISTS-X)",Solar,2500.0,material tender closed with no winner found; search the agency site,https://www.seci.co.in/tender-details/YWI,
WINNER_UNKNOWN,HIGH,T-be78bfb74fa7,NTPC,BESS PACKAGE FOR DEVELOPMENT OF 2500 MW/10000 MWH BESS AT NTPC THERMAL STATIONS,Energy Storage (BESS),2500.0,material tender closed with no winner found; search the agency site,https://ntpctender.ntpc.co.in/NITDetails/NITs/28170,
WINNER_UNVERIFIED,HIGH,T-172f6093be8e,MSEDCL,"Adani Power Wins MSEDCL's 2,500 MW Renewable RTC Power Supply Contract - energetica-india.net",Round-the-Clock / CfD / Trading,2500.0,"open the Award URL, confirm the winner, then record it in manual_awards.csv",https://news.google.com/rss/articles/CBMiqgFBVV95cUxQZ1lsbUpQbElWV0w4OUtXSVZyX2dBY1Z0cVhpQzZnaWJFeG43LVJQYUZNbGdsY09TaUpTdWpSdlhUUGttR1QwbzFaeUpXMENuZ0VVM3pUMEl1X3A1Q3FRSjJIaEkzNVpsVkZlYWEya2pRVHdKQXotTkJLNi03REpTZFlHamRKdGhGOEl1UjNCUnlhdUJnMDdPUUtNY3BCQVhZYzJlTnpjMlZBUQ?oc=5,https://news.google.com/rss/articles/CBMiqgFBVV95cUxQZ1lsbUpQbElWV0w4OUtXSVZyX2dBY1Z0cVhpQzZnaWJFeG43LVJQYUZNbGdsY09TaUpTdWpSdlhUUGttR1QwbzFaeUpXMENuZ0VVM3pUMEl1X3A1Q3FRSjJIaEkzNVpsVkZlYWEya2pRVHdKQXotTkJLNi03REpTZFlHamRKdGhGOEl1UjNCUnlhdUJnMDdPUUtNY3BCQVhZYzJlTnpjMlZBUQ?oc=5
WINNER_UNVERIFIED,HIGH,T-ff2d1ff995b7,MSEDCL,"Adani Power Secures 2,500 MW RE RTC Supply Deal With MSEDCL - solarquarter.com",Round-the-Clock / CfD / Trading,2500.0,"open the Award URL, confirm the winner, then record it in manual_awards.csv",https://news.google.com/rss/articles/CBMimwFBVV95cUxPZWNZNXdpMk4xckozclFCY1l3U0hmODZvVUdib3k4Rl9xOVZjeHIwcUI0aHZBcFFqWFhIdjktaFNnMHZ0UVRNRjJYWUV5R0I1U2ZjNDJwVEN0dkJrbU8zWEJFY1lSZTEzSElDRjJpV25QZkN3a0kyTkVXVG40c0FVX1A5ZEF5dW5Ldzd1T19YdmJfemNqYjRkcE5iMA?oc=5,https://news.google.com/rss/articles/CBMimwFBVV95cUxPZWNZNXdpMk4xckozclFCY1l3U0hmODZvVUdib3k4Rl9xOVZjeHIwcUI0aHZBcFFqWFhIdjktaFNnMHZ0UVRNRjJYWUV5R0I1U2ZjNDJwVEN0dkJrbU8zWEJFY1lSZTEzSElDRjJpV25QZkN3a0kyTkVXVG40c0FVX1A5ZEF5dW5Ldzd1T19YdmJfemNqYjRkcE5iMA?oc=5
WINNER_UNKNOWN,HIGH,T-1c6e9277976b,SECI,"RfS for Supply of 2250 MW RTC Power from RE Projects, complemented with Power from any other source or storage in India ",Round-the-Clock / CfD / Trading,2250.0,material tender closed with no winner found; search the agency site,https://www.seci.co.in/tender-details/Z2I,
WINNER_UNKNOWN,HIGH,1c6e9277976b,SECI,"RfS for Supply of 2250 MW RTC Power from RE Projects, complemented with Power from any other source or storage in India ",Round-the-Clock / CfD / Trading,2250.0,material tender closed with no winner found; search the agency site,https://www.seci.co.in/tender-details/Z2I,
WINNER_UNKNOWN,HIGH,T-80096b52963a,NTPC,NIT For Selection of Solar Power Developers for 2000 MW Grid-connected Solar PV Power Plants to be set up anywhere in In,Solar,2000.0,material tender closed with no winner found; search the agency site,https://ntpctender.ntpc.co.in/NITDetails/NITs/18706,
WINNER_UNKNOWN,HIGH,T-1990e7256edf,NTPC,Selection of Developers for Setting up of 2000 MW ISTS Connected Wind Power Projects,Wind,2000.0,material tender closed with no winner found; search the agency site,https://ntpctender.ntpc.co.in/NITDetails/NITs/18716,
WINNER_UNKNOWN,HIGH,T-cd9f5c9e69c5,SECI,RfS for 2000 MW ISTS-connected Solar PV Power Projects in India (ISTS-IX),Solar,2000.0,material tender closed with no winner found; search the agency site,https://www.seci.co.in/tender-details/Zg,
WINNER_UNKNOWN,HIGH,cd9f5c9e69c5,SECI,RfS for 2000 MW ISTS-connected Solar PV Power Projects in India (ISTS-IX),Solar,2000.0,material tender closed with no winner found; search the agency site,https://www.seci.co.in/tender-details/Zg,
WINNER_UNKNOWN,HIGH,T-2ff6bbf36dbb,SECI,RfS for 2000 MW ISTS-connected Wind Power Projects in India (Tranche-IX),Wind,2000.0,material tender closed with no winner found; search the agency site,https://www.seci.co.in/tender-details/ZQ,
WINNER_UNKNOWN,HIGH,2ff6bbf36dbb,SECI,RfS for 2000 MW ISTS-connected Wind Power Projects in India (Tranche-IX),Wind,2000.0,material tender closed with no winner found; search the agency site,https://www.seci.co.in/tender-details/ZQ,
WINNER_UNKNOWN,HIGH,T-a4d731ac2ccd,NTPC,LAND AND EHV TRANSMISSION SYSTEM PACKAGE FOR DEVELOPMENT OF ISTS CONNECTED SOLAR PV PROJECTS (UPTO 2GW) IN RAJASTHAN.,Solar,2000.0,material tender closed with no winner found; search the agency site,https://ntpctender.ntpc.co.in/NITDetails/NITs/25090,
WINNER_UNKNOWN,HIGH,T-79b966936bfc,NTPC,LAND AND EHV TRANSMISSION SYSTEM PACKAGE FOR DEVELOPMENT OF UPTO 2GW ISTS CONNECTED SOLAR PV PROJECTS IN RAJASTHAN (TRAN,Solar,2000.0,material tender closed with no winner found; search the agency site,https://ntpctender.ntpc.co.in/NITDetails/NITs/25464,
WINNER_UNKNOWN,HIGH,T-d9b5a60369bc,SECI,RfS for Selection of Solar Power Developers for Setting up of 2000 MW ISTS-connected Solar PV Power Projects (ISTS-XI),Solar,2000.0,material tender closed with no winner found; search the agency site,https://www.seci.co.in/tender-details/aGU,
WINNER_UNKNOWN,HIGH,d9b5a60369bc,SECI,RfS for Selection of Solar Power Developers for Setting up of 2000 MW ISTS-connected Solar PV Power Projects (ISTS-XI),Solar,2000.0,material tender closed with no winner found; search the agency site,https://www.seci.co.in/tender-details/aGU,
WINNER_UNKNOWN,HIGH,T-cdc425d33777,NTPC,LAND & EHV TRANSMISSION SYSTEM PACKAGE FOR DEVELOPMENT OF UPTO 2GW ISTS CONNECTED SOLAR PV PROJECTS IN RAJASTHAN (TRANCH,Solar,2000.0,material tender closed with no winner found; search the agency site,https://ntpctender.ntpc.co.in/NITDetails/NITs/26222,
WINNER_UNKNOWN,HIGH,T-d16eed10cbe6,SECI,RfS for Selection of Hybrid Power Developers for Setting up of 2000 MW ISTS-connected Wind-Solar Hybrid Power Projects i,Wind-Solar Hybrid,2000.0,material tender closed with no winner found; search the agency site,https://www.seci.co.in/tender-details/YWJ_,
WINNER_UNKNOWN,HIGH,d16eed10cbe6,SECI,RfS for Selection of Hybrid Power Developers for Setting up of 2000 MW ISTS-connected Wind-Solar Hybrid Power Projects i,Wind-Solar Hybrid,2000.0,material tender closed with no winner found; search the agency site,https://www.seci.co.in/tender-details/YWJ_,
WINNER_UNKNOWN,HIGH,T-8221043315a9,NTPC,"Hiring of 01 No. of Commercial Vehicle (RAJASTHAN REGISTERED) for 12 hrs Duty at Fatehgarh 2GW Solar Project, Rajasthan ",Solar,2000.0,material tender closed with no winner found; search the agency site,https://ntpctender.ntpc.co.in/NITDetails/NITs/26937,
WINNER_UNKNOWN,HIGH,T-a85c11b0dc5c,NTPC,DEPLOYMENT OF 01 NO. OF COMMERCIAL VEHICLE RAJASTHAN REGISTERED FOR A PERIOD OF TWO YEARS AT BIKANER 2GW SOLAR PROJECT R,Solar,2000.0,material tender closed with no winner found; search the agency site,https://ntpctender.ntpc.co.in/NITDetails/NITs/26978,
WINNER_UNKNOWN,HIGH,T-3c01e0b229a4,NTPC,Commercial Vehicle for 12 Hrs. Duty at Fatehgarh 2GW Solar Project (Mahindra Scorpio / Bolero Neo or Equivalent) for a P,Solar,2000.0,material tender closed with no winner found; search the agency site,https://ntpctender.ntpc.co.in/NITDetails/NITs/27058,
WINNER_UNKNOWN,HIGH,T-dfa4729456ff,NTPC,"Providing Pantry Services, House Keeping, Office Attendant and Security to Fatehgarh 2 GW Solar Project, Jaisalmer, Raja",Solar,2000.0,material tender closed with no winner found; search the agency site,https://ntpctender.ntpc.co.in/NITDetails/NITs/27056,
WINNER_UNKNOWN,HIGH,T-382db0798599,NTPC,HIRING OF 01 NO OF COMMERCIAL VEHICLE RAJASTHAN REGISTERED FOR 12 HRS DUTY AT FATEHGARH 2GW SOLAR PROJECT RAJASTHAN MAHI,Solar,2000.0,material tender closed with no winner found; search the agency site,https://ntpctender.ntpc.co.in/NITDetails/NITs/27146,
WINNER_UNKNOWN,HIGH,T-f09cd6b48dae,NTPC,HIRING OF 01 NO OF COMMERCIAL VEHICLE RAJASTHAN REGISTERED FOR 12 HRS DUTY AT FATEHGARH 2GW SOLAR PROJECT RAJASTHAN MAHI,Solar,2000.0,material tender closed with no winner found; search the agency site,https://ntpctender.ntpc.co.in/NITDetails/NITs/27351,
WINNER_UNKNOWN,HIGH,T-245ef5160dd8,NTPC,"LAND AND POWER EVACUATION PACKAGE FOR DEVELOPMENT OF 2000MW ISTS CONNECTED SOLAR PV PROJECTS IN BARMER, RAJASTHAN.",Transmission / Evacuation,2000.0,material tender closed with no winner found; search the agency site,https://ntpctender.ntpc.co.in/NITDetails/NITs/26774,
WINNER_UNKNOWN,HIGH,T-3783bf989885,NTPC,Hiring of 01 No. of Commercial Vehicle for 12 Hrs Duty at Fatehgarh 2GW Solar Project (Mahindra Scorpio 4WD or Equivalen,Solar,2000.0,material tender closed with no winner found; search the agency site,https://ntpctender.ntpc.co.in/NITDetails/NITs/27644,
WINNER_UNKNOWN,HIGH,T-f1fb74da8652,NTPC,Deployment of one (1) no. of commercial Vehicle AC Mahindra Scorpio or equivalent (4X4 drive) for a period of Two (02) y,Solar,2000.0,material tender closed with no winner found; search the agency site,https://ntpctender.ntpc.co.in/NITDetails/NITs/27689,
WINNER_UNKNOWN,HIGH,T-c51d2f5bb67c,SECI,RfS for Setting up of 2000 MW ISTS-connected Solar PV Power Projects with 1000 MW/4000 MWh Energy Storage Systems (ESS) ,Solar + Storage,2000.0,material tender closed with no winner found; search the agency site,https://www.seci.co.in/tender-details/YWR1,
WINNER_UNKNOWN,HIGH,c51d2f5bb67c,SECI,RfS for Setting up of 2000 MW ISTS-connected Solar PV Power Projects with 1000 MW/4000 MWh Energy Storage Systems (ESS) ,Solar + Storage,2000.0,material tender closed with no winner found; search the agency site,https://www.seci.co.in/tender-details/YWR1,
WINNER_UNKNOWN,HIGH,T-d7119b95b074,NTPC,"Providing Pantry Services, House Keeping and Office Attendant for Bikaner 2 GW Solar Project, Bikaner, Rajasthan for 24 ",Solar,2000.0,material tender closed with no winner found; search the agency site,https://ntpctender.ntpc.co.in/NITDetails/NITs/27827,
WINNER_UNKNOWN,HIGH,T-e753088b3edc,SECI,RfS for assured Peak supply of 8000 MWh (2000 MW x 4 Hrs.) from ISTS-Connected RE Projects (SECI-FDRE-VI),Round-the-Clock / CfD / Trading,2000.0,material tender closed with no winner found; search the agency site,https://www.seci.co.in/tender-details/YWV3,
WINNER_UNKNOWN,HIGH,e753088b3edc,SECI,RfS for assured Peak supply of 8000 MWh (2000 MW x 4 Hrs.) from ISTS-Connected RE Projects (SECI-FDRE-VI),Round-the-Clock / CfD / Trading,2000.0,material tender closed with no winner found; search the agency site,https://www.seci.co.in/tender-details/YWV3,
WINNER_UNKNOWN,HIGH,T-c04de5b53575,NTPC,DEPLOYMENT OF 01 NO OF COMMERCIAL VEHICLE RAJASTHAN REGISTERED FOR A PERIOD OF TWO 2 YEARS AT FATEHGARH 2GW SOLAR PROJEC,Solar,2000.0,material tender closed with no winner found; search the agency site,https://ntpctender.ntpc.co.in/NITDetails/NITs/28071,
WINNER_UNKNOWN,HIGH,T-9b1801135eba,NTPC,"Providing Pantry Services, House Keeping and Office Attendant for Bikaner 2 GW Solar Project, Bikaner, Rajasthan for 24 ",Solar,2000.0,material tender closed with no winner found; search the agency site,https://ntpctender.ntpc.co.in/NITDetails/NITs/28251,
WINNER_UNKNOWN,HIGH,T-63ae192d2424,NTPC,DEVELOPMENT OF PUMPED HYDRO ENERGY STORAGE (PHES) PROJECT(S) UP TO 2000MW CAPACITY (ANYWHERE IN INDIA).,Pumped Storage,2000.0,material tender closed with no winner found; search the agency site,https://ntpctender.ntpc.co.in/NITDetails/NITs/25909,
WINNER_UNKNOWN,HIGH,T-48d9a559bdaf,SECI,RfS for 2000 MW ISTS-Connected Solar PV Power Projects with 1000 MW/ 4000 MWh ESS in India (SECI-ISTS-XX),Solar,2000.0,material tender closed with no winner found; search the agency site,https://www.seci.co.in/tender-details/YmJ1,https://news.google.com/rss/articles/CBMizwFBVV95cUxPXzlHRmE3WmJXVEEwb0FpQU9rMlJid1FzQTgyWFZXVmQtV2hsNTVVOTNZazl2OTYxbFRrTFdKREwtYjEtSkt3YUpfT2E3SGt1dGQyOHpEUk9zb3NVZFlPMmp1akRpdlh6alZuanVQUjRJSmVVLWhBd3JBUUhPaVFISFhDWDFvX0R6SzFlNHhKWUNjaW5OQlh5NlB1RDdvMmt3WmFoVDdYY2tnYU9hXzB1RktOODNnaHlSWFlfZ0hpNUZyTEJibkNyLXkyX1B4b0U?oc=5
WINNER_UNKNOWN,HIGH,48d9a559bdaf,SECI,RfS for 2000 MW ISTS-Connected Solar PV Power Projects with 1000 MW/ 4000 MWh ESS in India (SECI-ISTS-XX),Solar,2000.0,material tender closed with no winner found; search the agency site,https://www.seci.co.in/tender-details/YmJ1,https://news.google.com/rss/articles/CBMizwFBVV95cUxPXzlHRmE3WmJXVEEwb0FpQU9rMlJid1FzQTgyWFZXVmQtV2hsNTVVOTNZazl2OTYxbFRrTFdKREwtYjEtSkt3YUpfT2E3SGt1dGQyOHpEUk9zb3NVZFlPMmp1akRpdlh6alZuanVQUjRJSmVVLWhBd3JBUUhPaVFISFhDWDFvX0R6SzFlNHhKWUNjaW5OQlh5NlB1RDdvMmt3WmFoVDdYY2tnYU9hXzB1RktOODNnaHlSWFlfZ0hpNUZyTEJibkNyLXkyX1B4b0U?oc=5
WINNER_UNKNOWN,HIGH,T-2ec1ded70236,SECI,RfS for 2000 MW ISTS-Connected Wind Power Projects in India (SECI-Tranche-XX),Wind,2000.0,material tender closed with no winner found; search the agency site,https://www.seci.co.in/tender-details/Ymd3,https://news.google.com/rss/articles/CBMiugFBVV95cUxPZDAzRmdYTE5vYXFDcmV1OXJfLUZlVi1lR3l5R0tBOFpZdGVpUmlLdXdBY05EbFdFZEhTaVVoU1BhZks4UzNDczZxb2JKY3hLVVpFT1cwZWFwNFBMRVNhOFQxaWU5N1BQaFFFMGpwZjNvNE01VGtQU0Y2REl4cDBaV0djaU1GX2VWbG12TENCUGxFQWM2NTB4TjBrSk5NVmo1VnQ3cVlBemdJVUszaEo3eTRRWHNrdWk1N0HSAb8BQVVfeXFMTkdpYldiVzQ1VFlKR291OGVQZi16UWM0ZmMyeE5QSTBoWFdITkt4a0hiMTVKd1lQTFF1UEZGdVRiR2RfbkxaOG11aWJvOVpKb1VudlN5a3RoZUduUVFLTGdkWURONVBsZTVBZWtmOWpNemNsWlg4LVIwSV9OYUVDZlhENkk4ejVrcTBQbVljSF9YZVg3NldXdS1FdTlxRFAtbXNZVkNUTVFlZnQtaS1BVHFFN2NwSFBxVXc0TmstWmc?oc=5
WINNER_UNKNOWN,HIGH,2ec1ded70236,SECI,RfS for 2000 MW ISTS-Connected Wind Power Projects in India (SECI-Tranche-XX),Wind,2000.0,material tender closed with no winner found; search the agency site,https://www.seci.co.in/tender-details/Ymd3,https://news.google.com/rss/articles/CBMiugFBVV95cUxPZDAzRmdYTE5vYXFDcmV1OXJfLUZlVi1lR3l5R0tBOFpZdGVpUmlLdXdBY05EbFdFZEhTaVVoU1BhZks4UzNDczZxb2JKY3hLVVpFT1cwZWFwNFBMRVNhOFQxaWU5N1BQaFFFMGpwZjNvNE01VGtQU0Y2REl4cDBaV0djaU1GX2VWbG12TENCUGxFQWM2NTB4TjBrSk5NVmo1VnQ3cVlBemdJVUszaEo3eTRRWHNrdWk1N0HSAb8BQVVfeXFMTkdpYldiVzQ1VFlKR291OGVQZi16UWM0ZmMyeE5QSTBoWFdITkt4a0hiMTVKd1lQTFF1UEZGdVRiR2RfbkxaOG11aWJvOVpKb1VudlN5a3RoZUduUVFLTGdkWURONVBsZTVBZWtmOWpNemNsWlg4LVIwSV9OYUVDZlhENkk4ejVrcTBQbVljSF9YZVg3NldXdS1FdTlxRFAtbXNZVkNUTVFlZnQtaS1BVHFFN2NwSFBxVXc0TmstWmc?oc=5
WINNER_UNKNOWN,HIGH,T-2298de2387a8,NTPC,SELECTION OF DEVELOPER(S) FOR ISTS CONNECTED PUMP HYDRO ENERGY STORAGE SOLUTIONS OF 2000 MW / 12000 MWh WITH 500 MW (MIN,Pumped Storage,2000.0,material tender closed with no winner found; search the agency site,https://ntpctender.ntpc.co.in/NITDetails/NITs/29893,
WINNER_UNVERIFIED,HIGH,T-fbcb1c127eb4,SECI,"Purvah, SAEL Among Winners of SECI’s 2 GW Solar, 4 GWh Energy Storage Auction - Mercomindia.com",Solar + Storage,2000.0,"open the Award URL, confirm the winner, then record it in manual_awards.csv",https://news.google.com/rss/articles/CBMinwFBVV95cUxNa093ZGg5dFlMSkNKTVZKV2ZfRzEwdkhNN25DVk9Nd2RIUzA5NlhQOVRucHhIbTMtZ2ZKV3ZLdDA2UURISjJDRjlqVDhkVF9iUnhLdjdvcmJJSGx4M0hHQ3gzQVU4QlhGSmh1WmItYUV3MFd5bWllSmhKS0o0UXc0dU16ei0tTXNsUnRLWExiUm9LZUxhMDZZNHdJU2lYNXM?oc=5,https://news.google.com/rss/articles/CBMinwFBVV95cUxNa093ZGg5dFlMSkNKTVZKV2ZfRzEwdkhNN25DVk9Nd2RIUzA5NlhQOVRucHhIbTMtZ2ZKV3ZLdDA2UURISjJDRjlqVDhkVF9iUnhLdjdvcmJJSGx4M0hHQ3gzQVU4QlhGSmh1WmItYUV3MFd5bWllSmhKS0o0UXc0dU16ei0tTXNsUnRLWExiUm9LZUxhMDZZNHdJU2lYNXM?oc=5
WINNER_UNKNOWN,HIGH,T-2bca1dd2f0ad,SECI,RfS for Setting up of 1785 MW Grid-Connected Solar PV Power projects in Rajasthan (Tranche-IV),Solar,1785.0,material tender closed with no winner found; search the agency site,https://www.seci.co.in/tender-details/Y2I,
WINNER_UNKNOWN,HIGH,2bca1dd2f0ad,SECI,RfS for Setting up of 1785 MW Grid-Connected Solar PV Power projects in Rajasthan (Tranche-IV),Solar,1785.0,material tender closed with no winner found; search the agency site,https://www.seci.co.in/tender-details/Y2I,
WINNER_UNKNOWN,HIGH,T-d2a00c098b6d,SECI,"Tender for the Manufacturing, Testing, Packing and Forwarding, Supply and Transportation of 1680 MWp Domestically Manufa",Solar,1680.0,material tender closed with no winner found; search the agency site,https://www.seci.co.in/tender-details/ZmU,
WINNER_UNKNOWN,HIGH,d2a00c098b6d,SECI,"Tender for the Manufacturing, Testing, Packing and Forwarding, Supply and Transportation of 1680 MWp Domestically Manufa",Solar,1680.0,material tender closed with no winner found; search the agency site,https://www.seci.co.in/tender-details/ZmU,
WINNER_UNVERIFIED,HIGH,T-75d161984b5f,MPPMCL,Adani Power Secures LoA for total 1600 MW Capacity from MPPMCL - Adani,Unclassified,1600.0,"open the Award URL, confirm the winner, then record it in manual_awards.csv",https://news.google.com/rss/articles/CBMirAFBVV95cUxNMGo0X0NqWDZDSFJ2bkJlby0zXzlvd29MYlROdk9EMllXaUxRSGlfT0FVUEpvOXhfb2FVV044c3JHaG5COVNIR1RMY0dzbGwtcFJTbFBKU2NucFNpMnF6UzE3TGotWE0xaldyNWRNcmRvc1NwdGowTzFueVZNS0VpUnV0YnNIcFYtWFNYYVc3MlJleldDQlVwM3Zyd2VrMWFVREkxcnpEa2VxLUJD?oc=5,https://news.google.com/rss/articles/CBMirAFBVV95cUxNMGo0X0NqWDZDSFJ2bkJlby0zXzlvd29MYlROdk9EMllXaUxRSGlfT0FVUEpvOXhfb2FVV044c3JHaG5COVNIR1RMY0dzbGwtcFJTbFBKU2NucFNpMnF6UzE3TGotWE0xaldyNWRNcmRvc1NwdGowTzFueVZNS0VpUnV0YnNIcFYtWFNYYVc3MlJleldDQlVwM3Zyd2VrMWFVREkxcnpEa2VxLUJD?oc=5
WINNER_UNVERIFIED,HIGH,T-fc60669753ff,MPPMCL,"Adani Power bags 1,600 MW thermal project from MPPMCL; to invest Rs 21,000 cr - cfo.economictimes.indiatimes.com",Unclassified,1600.0,"open the Award URL, confirm the winner, then record it in manual_awards.csv",https://news.google.com/rss/articles/CBMi-AFBVV95cUxPZVo1YkROVGIzdmhTUEYyWS1EdkxmOVFJTmZ3NnRKczdyUHNQOXFqMlNzMWNWempZZ05vTFowVUdST1prQnpDVDhxck11WDRRUlhwT1ZxR25Vd01MMjhFdUVBS1ZaYktmRlJxMGQtbHNMbENDY0lTa3N0TnRsN2xwODF0bFprS1pOTHN0N1FvamU5Q09zaThkYW5MdWNBdThrWllMeVFZVDdHSERRNTJuN1J4WUk1aHh6dmpfaFVFTkFOTTRxTnNneW85RlgxejRZZ0t2Z0dMTFRzbVNTQ0t6M01aQTluN3l4SThjaWRsWGJHdW52RnBNWdIB_gFBVV95cUxNSEhlaEdMN0xRU2xxalM4OG5qMmhpc1lTdU10ZUR0VjI0U1ZDM2JOQ0xOWWNiZFZHNnFRSDVfSE1NTkR5OEJsU3lXdGhMMDc3ekhKLTY4YnR0aGUzenNkNFFLbG5TQmFlejdjSVJLZGJiUE5wNFdZVUpRcGNCeG9PWktCT0d2UTIzV1o1TG9YcU1KYk5seXNUQ1VuNkFWNHFVTGwzc01KT19IRHBCNFlKeVhvWUJvb1I5enUzaDFiaFhITEJqRElJZ2xpdnItaW5idVBKbnpsVlJBbDA5WnIzTm1FZ0Ruc3c2Vmd2WUowanBpOWU3SXIyTnJfMkk1dw?oc=5,https://news.google.com/rss/articles/CBMi-AFBVV95cUxPZVo1YkROVGIzdmhTUEYyWS1EdkxmOVFJTmZ3NnRKczdyUHNQOXFqMlNzMWNWempZZ05vTFowVUdST1prQnpDVDhxck11WDRRUlhwT1ZxR25Vd01MMjhFdUVBS1ZaYktmRlJxMGQtbHNMbENDY0lTa3N0TnRsN2xwODF0bFprS1pOTHN0N1FvamU5Q09zaThkYW5MdWNBdThrWllMeVFZVDdHSERRNTJuN1J4WUk1aHh6dmpfaFVFTkFOTTRxTnNneW85RlgxejRZZ0t2Z0dMTFRzbVNTQ0t6M01aQTluN3l4SThjaWRsWGJHdW52RnBNWdIB_gFBVV95cUxNSEhlaEdMN0xRU2xxalM4OG5qMmhpc1lTdU10ZUR0VjI0U1ZDM2JOQ0xOWWNiZFZHNnFRSDVfSE1NTkR5OEJsU3lXdGhMMDc3ekhKLTY4YnR0aGUzenNkNFFLbG5TQmFlejdjSVJLZGJiUE5wNFdZVUpRcGNCeG9PWktCT0d2UTIzV1o1TG9YcU1KYk5seXNUQ1VuNkFWNHFVTGwzc01KT19IRHBCNFlKeVhvWUJvb1I5enUzaDFiaFhITEJqRElJZ2xpdnItaW5idVBKbnpsVlJBbDA5WnIzTm1FZ0Ruc3c2Vmd2WUowanBpOWU3SXIyTnJfMkk1dw?oc=5
WINNER_UNVERIFIED,HIGH,T-6697f371e816,MSEDCL,Adani Power bags 1600 MW power supply contract from MSEDCL - energy.economictimes.indiatimes.com,Unclassified,1600.0,"open the Award URL, confirm the winner, then record it in manual_awards.csv",https://news.google.com/rss/articles/CBMitwFBVV95cUxNY2w4ekJKU1BNRmE2YmM1UzZKUGxUbGl2azBuUUVqNkpNamRqSlpMQTdaSVgyX3RqbkxRMnZCVktHdFNwdk9ialpaMDBhNE9zb25fVHl6UmVPV2l5WnNNTVp5RHlqcjBjdVlMQVVRNmkyaWtqbkMxNHZaem9uWkNzMGtGUkEzWkpWdldvRkNKTDJudFJ3MmNaeUswbWNDLWJxT2lXcld6dGEtamRnREFuQ0c3LW9Wb3fSAbwBQVVfeXFMTkdPd2lCNjdnRGkzNUdub3lrMDBfTlp2Z193Smt2TWZGcGI5S1duZmw4U05iWWRFSk15U0VGVm1qYTJzeXgxZ0FzUmttYlBTUGgxY0RWbldkMGZJZVZ3N1Brc1N5Mi0zdzgyMXAyVWtxWktOWmJzRndjOEtYek90UG8ycnNMdDRWMmlNRW1laDBLTkNnRkFFLUptd08tVDAxTDNGTE1TZmpkS01ROVc5ZkUyTHlxY1BfTGZtNFk?oc=5,https://news.google.com/rss/articles/CBMitwFBVV95cUxNY2w4ekJKU1BNRmE2YmM1UzZKUGxUbGl2azBuUUVqNkpNamRqSlpMQTdaSVgyX3RqbkxRMnZCVktHdFNwdk9ialpaMDBhNE9zb25fVHl6UmVPV2l5WnNNTVp5RHlqcjBjdVlMQVVRNmkyaWtqbkMxNHZaem9uWkNzMGtGUkEzWkpWdldvRkNKTDJudFJ3MmNaeUswbWNDLWJxT2lXcld6dGEtamRnREFuQ0c3LW9Wb3fSAbwBQVVfeXFMTkdPd2lCNjdnRGkzNUdub3lrMDBfTlp2Z193Smt2TWZGcGI5S1duZmw4U05iWWRFSk15U0VGVm1qYTJzeXgxZ0FzUmttYlBTUGgxY0RWbldkMGZJZVZ3N1Brc1N5Mi0zdzgyMXAyVWtxWktOWmJzRndjOEtYek90UG8ycnNMdDRWMmlNRW1laDBLTkNnRkFFLUptd08tVDAxTDNGTE1TZmpkS01ROVc5ZkUyTHlxY1BfTGZtNFk?oc=5
WINNER_UNVERIFIED,HIGH,T-b5827573c02f,MSEDCL,"Adani Power Limited Wins 1,600 MW Supply Order From MSEDCL - sarkaritel.com",Unclassified,1600.0,"open the Award URL, confirm the winner, then record it in manual_awards.csv",https://news.google.com/rss/articles/CBMimAFBVV95cUxPNHZQNXpCaTVRWUNzeDJKRS1rUkxoQzRoQjc1SXNneWlqU0JQU1dWQzUxdTFMYzlLeTFxZXdFS2hYTHBVMEpSN3Z4VkE3bm1YQVZpSjNSTUQtdG5QRVd0djBTNFh2R1A4NjNjMDREQnp0THA5ZEllX2lnWldzaWplekVhd3ZqTkZQcWwzcEFNZ1I3YWhvY1JuaA?oc=5,https://news.google.com/rss/articles/CBMimAFBVV95cUxPNHZQNXpCaTVRWUNzeDJKRS1rUkxoQzRoQjc1SXNneWlqU0JQU1dWQzUxdTFMYzlLeTFxZXdFS2hYTHBVMEpSN3Z4VkE3bm1YQVZpSjNSTUQtdG5QRVd0djBTNFh2R1A4NjNjMDREQnp0THA5ZEllX2lnWldzaWplekVhd3ZqTkZQcWwzcEFNZ1I3YWhvY1JuaA?oc=5
WINNER_UNVERIFIED,HIGH,T-0d0321969a77,MSEDCL,"Adani Power shares jumps 5% after MSEDCL awards 1,600 MW long-term supply contract - The Economic Times",Unclassified,1600.0,"open the Award URL, confirm the winner, then record it in manual_awards.csv",https://news.google.com/rss/articles/CBMi6gFBVV95cUxOLW1uVVNBRDJCSkhSV2hUbVc0ajMxZWV2QjV2Z3o2YW5TeFI0UXUxclREeWgyODg2c1VBMkQwemV5ZHNCWksxZTBGZFY2NzVxdVBNRHlaNWJMNHphY1lRRHE5ZGVEZktUWjRKSXJvLTRET1RnREtqaFNqdUxxWlZ1YndiX0hvVVJ2TWY3NkZvMVhGWmtXWHpIRGk4YlJWMmhlWk1qZVVRM3BjeDh0TGtvemY0aWd4V0RsRWJOTFpzNWR5OTYyVF9mbEpEYTNjVDYzQWFDUENHNm5jZmtnalRERW96VkRqRUcyR0HSAe8BQVVfeXFMT2NXamVXNXhyUkx4OUtOaTBhM2tON05qRmxoakNTU24wTVlUZVdYaGVWTzhoamlSazc0Z0lJUnhvX2J0QzRYZ0pLam1BaTJTN0JIekF4WVlFLWMyUzBVLVFncUtBNW9JQ1Z4OTk3SjlFNTlkUWdhU1hKcjJ1cFlkeTlnMjREZ18wdmVHRl9aR3FaLXJhU2tULVdKOHdsU3pqX2lxQnZxRVBWN2ZNbUJ1Ymp2Z016X3FEV0NzN3ViUURxSjBneWEyZGp4Um4tVGRWZE1ILUpQXzJJQU8xZ0xYblQ2ckl2SXVPOC1sYm9HMlU?oc=5,https://news.google.com/rss/articles/CBMi6gFBVV95cUxOLW1uVVNBRDJCSkhSV2hUbVc0ajMxZWV2QjV2Z3o2YW5TeFI0UXUxclREeWgyODg2c1VBMkQwemV5ZHNCWksxZTBGZFY2NzVxdVBNRHlaNWJMNHphY1lRRHE5ZGVEZktUWjRKSXJvLTRET1RnREtqaFNqdUxxWlZ1YndiX0hvVVJ2TWY3NkZvMVhGWmtXWHpIRGk4YlJWMmhlWk1qZVVRM3BjeDh0TGtvemY0aWd4V0RsRWJOTFpzNWR5OTYyVF9mbEpEYTNjVDYzQWFDUENHNm5jZmtnalRERW96VkRqRUcyR0HSAe8BQVVfeXFMT2NXamVXNXhyUkx4OUtOaTBhM2tON05qRmxoakNTU24wTVlUZVdYaGVWTzhoamlSazc0Z0lJUnhvX2J0QzRYZ0pLam1BaTJTN0JIekF4WVlFLWMyUzBVLVFncUtBNW9JQ1Z4OTk3SjlFNTlkUWdhU1hKcjJ1cFlkeTlnMjREZ18wdmVHRl9aR3FaLXJhU2tULVdKOHdsU3pqX2lxQnZxRVBWN2ZNbUJ1Ymp2Z016X3FEV0NzN3ViUURxSjBneWEyZGp4Um4tVGRWZE1ILUpQXzJJQU8xZ0xYblQ2ckl2SXVPOC1sYm9HMlU?oc=5
WINNER_UNVERIFIED,HIGH,T-1794aa33ca43,MSEDCL,"Adani Power: Company Secures LOA From MSEDCL For 1,600 MW Long-Term Power Agreement - scanx.trade",Unclassified,1600.0,"open the Award URL, confirm the winner, then record it in manual_awards.csv",https://news.google.com/rss/articles/CBMiyAFBVV95cUxQWm9ydnhLbkZQb1BVZDB0MmRwTXpJOVo2MlMyTmJyUlU5UG9MQmpNWWZnOEtVRzc5bGRmMjFVdlZBZHBGRzhpNHVndVl1ZVJoLTV2V0QxcXFfbUpEZXl2aFM3VmlFREg5ajZrVDc0ZC1tNnZMaVFDVTdxYTZ0d0tpR0hYRDZDSXR5ZERqOEJPQl80YW1tRS0xeVlPTEV1eTItMlRPdDFKWXNtOFgtOUhOWmpKRVRFb01xY2JSNGpZT21mcHhabnZaNg?oc=5,https://news.google.com/rss/articles/CBMiyAFBVV95cUxQWm9ydnhLbkZQb1BVZDB0MmRwTXpJOVo2MlMyTmJyUlU5UG9MQmpNWWZnOEtVRzc5bGRmMjFVdlZBZHBGRzhpNHVndVl1ZVJoLTV2V0QxcXFfbUpEZXl2aFM3VmlFREg5ajZrVDc0ZC1tNnZMaVFDVTdxYTZ0d0tpR0hYRDZDSXR5ZERqOEJPQl80YW1tRS0xeVlPTEV1eTItMlRPdDFKWXNtOFgtOUhOWmpKRVRFb01xY2JSNGpZT21mcHhabnZaNg?oc=5
WINNER_UNKNOWN,HIGH,T-0a102dcfeb9f,NTPC,SELECTION OF SOLAR POWER DEVELOPERS FOR SETTING UP OF 1500 MW ISTS-CONNECTED SOLAR POWER PROJECTS ANYWHERE IN INDIA (NTP,Solar,1500.0,material tender closed with no winner found; search the agency site,https://ntpctender.ntpc.co.in/NITDetails/NITs/25952,
WINNER_UNKNOWN,HIGH,T-afafd16a6da5,NTPC,SELECTION OF HYBRID POWER DEVELOPERS FOR SETTING UP OF 1500 MW ISTS-CONNECTED WIND-SOLAR HYBRID POWER PROJECTS ANYWHERE ,Wind-Solar Hybrid,1500.0,material tender closed with no winner found; search the agency site,https://ntpctender.ntpc.co.in/NITDetails/NITs/25938,
WINNER_UNKNOWN,HIGH,T-1330c48c9b2f,NTPC,SELECTION OF SOLAR POWER GENERATORS FOR SETTING UP OF 1500 MW ISTS-CONNECTED SOLAR POWER PROJECTS ANYWHERE IN INDIA(NTPC,Solar,1500.0,material tender closed with no winner found; search the agency site,https://ntpctender.ntpc.co.in/NITDetails/NITs/26452,
WINNER_UNKNOWN,HIGH,T-ac5ac31d3f4f,NTPC,SELECTION OF WIND POWER DEVELOPERS FOR SETTING UP OF 1500 MW ISTSCONNECTED WIND POWER PROJECTS ANYWHERE IN INDIA(NTPC-TR,Wind,1500.0,material tender closed with no winner found; search the agency site,https://ntpctender.ntpc.co.in/NITDetails/NITs/26152,
WINNER_UNKNOWN,HIGH,T-c7c7b122a6a3,NTPC,SELECTION OF HYBRID POWER GENERATORS FOR SUPPLY OF 1500 MW POWER FROM ISTS-CONNECTED WIND-SOLAR HYBRID POWER PROJECTS AN,Wind-Solar Hybrid,1500.0,material tender closed with no winner found; search the agency site,https://ntpctender.ntpc.co.in/NITDetails/NITs/26449,
WINNER_UNKNOWN,HIGH,T-8036e1e1c232,SECI,RfS for Selection of Solar Power Developers for Setting up of 1500 MW ISTS-connected Solar PV Power Projects in India un,Solar,1500.0,material tender closed with no winner found; search the agency site,https://www.seci.co.in/tender-details/YWN-,
WINNER_UNKNOWN,HIGH,8036e1e1c232,SECI,RfS for Selection of Solar Power Developers for Setting up of 1500 MW ISTS-connected Solar PV Power Projects in India un,Solar,1500.0,material tender closed with no winner found; search the agency site,https://www.seci.co.in/tender-details/YWN-,
WINNER_UNKNOWN,HIGH,T-42885d78a817,SECI,RfS for 1500 MW Firm and Dispatchable Power from ISTS-connected Renewable Energy (RE) Power Projects (SECI-FDRE-II),Round-the-Clock / CfD / Trading,1500.0,material tender closed with no winner found; search the agency site,https://www.seci.co.in/tender-details/YWJ2,
WINNER_UNKNOWN,HIGH,42885d78a817,SECI,RfS for 1500 MW Firm and Dispatchable Power from ISTS-connected Renewable Energy (RE) Power Projects (SECI-FDRE-II),Unclassified,1500.0,material tender closed with no winner found; search the agency site,https://www.seci.co.in/tender-details/YWJ2,
WINNER_UNKNOWN,HIGH,T-9627843c703f,NTPC,SELECTION OF SOLAR POWER GENERATORS FOR SETTING UP OF 1500 MW ISTS-CONNECTED SOLAR POWER PROJECTS ANYWHERE IN INDIA (NTP,Solar,1500.0,material tender closed with no winner found; search the agency site,https://ntpctender.ntpc.co.in/NITDetails/NITs/26724,
WINNER_UNKNOWN,HIGH,T-d575a36d1704,SECI,RfS for Setting up of 1500 MW ISTS-Connected Solar PV Power Projects in India (SECI-ISTS-XIV),Solar,1500.0,material tender closed with no winner found; search the agency site,https://www.seci.co.in/tender-details/YWB2,
WINNER_UNKNOWN,HIGH,d575a36d1704,SECI,RfS for Setting up of 1500 MW ISTS-Connected Solar PV Power Projects in India (SECI-ISTS-XIV),Solar,1500.0,material tender closed with no winner found; search the agency site,https://www.seci.co.in/tender-details/YWB2,
WINNER_UNKNOWN,HIGH,T-37d9ee64b67f,NTPC,Selection of Developers for ISTS Connected Energy Storage Solutions of 9000MWH with 1500MW (Min) Capacity (Anywhere in I,Unclassified,1500.0,material tender closed with no winner found; search the agency site,https://ntpctender.ntpc.co.in/NITDetails/NITs/25560,
WINNER_UNKNOWN,HIGH,T-96bc8ea65069,NTPC,"SUPPLY OF SOLAR PV MODULES FOR 1500MW SOLAR PV PROJECTS AT RVUNL SOLAR PARK IN BIKANER, RAJASTHAN.",Solar,1500.0,material tender closed with no winner found; search the agency site,https://ntpctender.ntpc.co.in/NITDetails/NITs/28894,
WINNER_UNKNOWN,HIGH,T-2b32a0fbd349,SECI,RfS for Setting up of 1500 MW/12000 MWh Pumped Storage Plants in India (PSP-I),Pumped Storage,1500.0,material tender closed with no winner found; search the agency site,https://www.seci.co.in/tender-details/YmF3,https://news.google.com/rss/articles/CBMimAFBVV95cUxOeUlBTVlfeUNCTVF6WGM2U3lrdWFyYXhCRXNRcE1POVc5WVoyZUZFVUF4SXlwc09ZbExtQXByUGNrQ0NSZWphUlpwVTlXY0sxZEdqWkgwUlZLU0pPNEFvV2Q0WkZnRVRrVTRIS1lKVHJ2eUViVjVkMGJ3MkJHbERZUzNKeE9uNXdQZ3BJZ2xiLUl4VXRuUGNidA?oc=5
WINNER_UNKNOWN,HIGH,2b32a0fbd349,SECI,RfS for Setting up of 1500 MW/12000 MWh Pumped Storage Plants in India (PSP-I),Pumped Storage,1500.0,material tender closed with no winner found; search the agency site,https://www.seci.co.in/tender-details/YmF3,https://news.google.com/rss/articles/CBMimAFBVV95cUxOeUlBTVlfeUNCTVF6WGM2U3lrdWFyYXhCRXNRcE1POVc5WVoyZUZFVUF4SXlwc09ZbExtQXByUGNrQ0NSZWphUlpwVTlXY0sxZEdqWkgwUlZLU0pPNEFvV2Q0WkZnRVRrVTRIS1lKVHJ2eUViVjVkMGJ3MkJHbERZUzNKeE9uNXdQZ3BJZ2xiLUl4VXRuUGNidA?oc=5
WINNER_UNKNOWN,HIGH,T-7bd77556d47f,SECI,RfS for assured Peak Supply of 6000 MWh (1500 MW x 4 Hrs.) from ISTS-Connected RE Projects (SECI-FDRE-IX),Round-the-Clock / CfD / Trading,1500.0,material tender closed with no winner found; search the agency site,https://www.seci.co.in/tender-details/Ymd_,
WINNER_UNKNOWN,HIGH,7bd77556d47f,SECI,RfS for assured Peak Supply of 6000 MWh (1500 MW x 4 Hrs.) from ISTS-Connected RE Projects (SECI-FDRE-IX),Round-the-Clock / CfD / Trading,1500.0,material tender closed with no winner found; search the agency site,https://www.seci.co.in/tender-details/Ymd_,
WINNER_UNVERIFIED,HIGH,T-8dbc8a713349,SECI,"Greenko, Torrent & Tata Power Wins SECI 1500 MW/12000 MWh Pumped Storage Tender in India - Saur Energy",Pumped Storage,1500.0,"open the Award URL, confirm the winner, then record it in manual_awards.csv",https://news.google.com/rss/articles/CBMi0wFBVV95cUxNcUFUdkw3Vm5vYUd3d1N3Q1FMZ3M3eDZRRHJGNzEwNExtaHdJLWRXVndXN1V2Ukc4d3hUbEtoT0RqUmpRRWVqbXM0REtHcTlsM29xekcxTWtnWVpXMnFIZmNXLTlnVTZ0WGRLYVNiOWtLYWZidHU1Y0U4ZnpXSkQtU0thZG9IelVKd01TU0c2WUdRNlZQMmJSUnN3aFhmemtVWUhlRHozWUFlZERMVlFhVXJpaVhWaWpkb2NuVURBZzhTRWU0S3puWFNyc2xpalRCc0pJ?oc=5,https://news.google.com/rss/articles/CBMi0wFBVV95cUxNcUFUdkw3Vm5vYUd3d1N3Q1FMZ3M3eDZRRHJGNzEwNExtaHdJLWRXVndXN1V2Ukc4d3hUbEtoT0RqUmpRRWVqbXM0REtHcTlsM29xekcxTWtnWVpXMnFIZmNXLTlnVTZ0WGRLYVNiOWtLYWZidHU1Y0U4ZnpXSkQtU0thZG9IelVKd01TU0c2WUdRNlZQMmJSUnN3aFhmemtVWUhlRHozWUFlZERMVlFhVXJpaVhWaWpkb2NuVURBZzhTRWU0S3puWFNyc2xpalRCc0pJ?oc=5
WINNER_UNVERIFIED,HIGH,T-a46787d19976,SJVN,"Reliance, Sembcorp, BluPine, and ACME Win SJVN’s 1.5 GW FDRE Auction - Energetica India Magazine",Unclassified,1500.0,"open the Award URL, confirm the winner, then record it in manual_awards.csv",https://news.google.com/rss/articles/CBMiowFBVV95cUxQanVOemVxR1ZQMGZXRm9aLUVqdEdpTWlOamxsRE5CZGZsZjdjdEhtOHFkbkc4eFJQT2ZHNzZOcTFJQW1VSFNyS3FZaU5YOHBuYnVGTktIck1rZ2M5Ri1WR3F4NkVkVlRDVlR1WnVlbTlpblU5S0xIMUtLT05CUC1wQ3dnMGRlNXFGdXA4bFBiVXp6cnEzLWRfb01CM29HcXVza0Vv?oc=5,https://news.google.com/rss/articles/CBMiowFBVV95cUxQanVOemVxR1ZQMGZXRm9aLUVqdEdpTWlOamxsRE5CZGZsZjdjdEhtOHFkbkc4eFJQT2ZHNzZOcTFJQW1VSFNyS3FZaU5YOHBuYnVGTktIck1rZ2M5Ri1WR3F4NkVkVlRDVlR1WnVlbTlpblU5S0xIMUtLT05CUC1wQ3dnMGRlNXFGdXA4bFBiVXp6cnEzLWRfb01CM29HcXVza0Vv?oc=5
WINNER_UNKNOWN,HIGH,T-313fb5a97db4,NTPC,BALANCE OF SYSTEM PACKAGE FOR DEVELOPMENT OF 1400 MW GRID CONNECTED SOLAR PV PROJECTS IN LALITPUR (2X300MW) AND CHITRAKO,Solar,1400.0,material tender closed with no winner found; search the agency site,https://ntpctender.ntpc.co.in/NITDetails/NITs/28083,
WINNER_UNKNOWN,HIGH,T-0e36a56162a2,SECI,RfS for Selection of Wind Power Developers for Setting up of 1350 MW ISTS-connected Wind Power Projects (SECI-Tranche-XV,Wind,1350.0,material tender closed with no winner found; search the agency site,https://www.seci.co.in/tender-details/YWN1,
WINNER_UNKNOWN,HIGH,0e36a56162a2,SECI,RfS for Selection of Wind Power Developers for Setting up of 1350 MW ISTS-connected Wind Power Projects (SECI-Tranche-XV,Wind,1350.0,material tender closed with no winner found; search the agency site,https://www.seci.co.in/tender-details/YWN1,
WINNER_UNVERIFIED,HIGH,T-2316ce5c96dc,SECI,"SECI Awards 1,344 MW Pumped Storage Capacity To Greenko, Tata Power, And Torrent After Competitive Auction - SolarQuarte",Pumped Storage,1344.0,"open the Award URL, confirm the winner, then record it in manual_awards.csv",https://news.google.com/rss/articles/CBMi1wFBVV95cUxNZ0xiWWJZOThVejBNbXZ2SF9PTnNHZGRuam9HdXJzTWlXTnB1bzNlQWY3Zmg2TUtyazEwTHNld25DMmtjTGNkNEhWbk9OeWl4NkowSXY4WmVjU1ZFM0RKVy16LWlhR0J3aGFqX0tRelhhMXNER1dFY3FCS2Y3el8xMThzRmRhTXJ5ak1aeHpzMGNnX2FkRk1hTTlWNy0zWnVDbTNYRmhXRUJ2MlZCOEV0ZVRyWEZCa3BpcjFPNDFuZ04yc2NubVZEd3lUR0R0QnIxRlYtMlA4cw?oc=5,https://news.google.com/rss/articles/CBMi1wFBVV95cUxNZ0xiWWJZOThVejBNbXZ2SF9PTnNHZGRuam9HdXJzTWlXTnB1bzNlQWY3Zmg2TUtyazEwTHNld25DMmtjTGNkNEhWbk9OeWl4NkowSXY4WmVjU1ZFM0RKVy16LWlhR0J3aGFqX0tRelhhMXNER1dFY3FCS2Y3el8xMThzRmRhTXJ5ak1aeHpzMGNnX2FkRk1hTTlWNy0zWnVDbTNYRmhXRUJ2MlZCOEV0ZVRyWEZCa3BpcjFPNDFuZ04yc2NubVZEd3lUR0R0QnIxRlYtMlA4cw?oc=5
WINNER_UNKNOWN,HIGH,T-9bfa3225b531,SECI,RfS for 1300 MW ISTS-connected Wind Power Projects in India (SECI-Tranche-XV),Wind,1300.0,material tender closed with no winner found; search the agency site,https://www.seci.co.in/tender-details/YWJ1,
WINNER_UNKNOWN,HIGH,9bfa3225b531,SECI,RfS for 1300 MW ISTS-connected Wind Power Projects in India (SECI-Tranche-XV),Wind,1300.0,material tender closed with no winner found; search the agency site,https://www.seci.co.in/tender-details/YWJ1,
WINNER_UNKNOWN,HIGH,T-f453c0443993,SECI,RfS for 1260 MW Firm and Dispatchable Power from ISTS-connected Renewable Energy (RE) Power Projects (SECI-FDRE-IV),Round-the-Clock / CfD / Trading,1260.0,material tender closed with no winner found; search the agency site,https://www.seci.co.in/tender-details/YWJy,
WINNER_UNKNOWN,HIGH,f453c0443993,SECI,RfS for 1260 MW Firm and Dispatchable Power from ISTS-connected Renewable Energy (RE) Power Projects (SECI-FDRE-IV),Unclassified,1260.0,material tender closed with no winner found; search the agency site,https://www.seci.co.in/tender-details/YWJy,
WINNER_UNKNOWN,HIGH,T-dd471025347e,NTPC,"BALANCE OF SYSTEM PACKAGE FOR 1255 MW SOLAR PV PROJECT(S) AT KHAVDA RE POWER PARK, RANN OF KUTCH, GUJARAT (3*315MW+1*310",Solar,1255.0,material tender closed with no winner found; search the agency site,https://ntpctender.ntpc.co.in/NITDetails/NITs/24537,
WINNER_UNKNOWN,HIGH,T-fa0955c0e46a,NTPC,SUPPLY OF SOLAR PV MODULES FOR 1255 MW Khavda Solar Project.,Solar,1255.0,material tender closed with no winner found; search the agency site,https://ntpctender.ntpc.co.in/NITDetails/NITs/26085,
WINNER_UNVERIFIED,HIGH,T-354bc7d40a8b,UPPCL,"Adani Green Energy Wins 1,250 MW Energy Storage Capacity from UPPCL - Adani",Unclassified,1250.0,"open the Award URL, confirm the winner, then record it in manual_awards.csv",https://news.google.com/rss/articles/CBMisgFBVV95cUxPX084OFFOZG5RanFWdThlbkdKWmxNT3FreTk0ZUc3NmRNaXJCS0U1T3BNUElJUGdDZTJsRENpQVlLRDVkTVpOQkhERzNza3QyT1dKTlZtdVdUMXlHY2VZb1ZjZWlwX1MxdjNHcDl0Z2o3TVJKbk9jTDg3a01CbHkyY3BZelZtbmtwdVphRy01Q2hVSFd3aTlxckZ5cGFPelpVOFhnVkFTaHdGSGphb1kyZWx3?oc=5,https://news.google.com/rss/articles/CBMisgFBVV95cUxPX084OFFOZG5RanFWdThlbkdKWmxNT3FreTk0ZUc3NmRNaXJCS0U1T3BNUElJUGdDZTJsRENpQVlLRDVkTVpOQkhERzNza3QyT1dKTlZtdVdUMXlHY2VZb1ZjZWlwX1MxdjNHcDl0Z2o3TVJKbk9jTDg3a01CbHkyY3BZelZtbmtwdVphRy01Q2hVSFd3aTlxckZ5cGFPelpVOFhnVkFTaHdGSGphb1kyZWx3?oc=5
WINNER_UNKNOWN,HIGH,T-6a5bc0145ac2,NTPC,INVITATION FOR BIDS (IFB) FOR SELECTION OF SOLAR POWER DEVELOPERS FOR 1200 MW GRID CONNECTED SOLAR PHOTO VOLTAIC PROJECT,Solar,1200.0,material tender closed with no winner found; search the agency site,https://ntpctender.ntpc.co.in/NITDetails/NITs/19741,
WINNER_UNKNOWN,HIGH,T-1e86f19373c0,NTPC,INVITATION FOR BIDS (IFB) FOR SELECTION OF SOLAR POWER DEVELOPERS FOR SETTING UP 1200 MW ISTS CONNECTED SOLAR PV POWER P,Solar,1200.0,material tender closed with no winner found; search the agency site,https://ntpctender.ntpc.co.in/NITDetails/NITs/20769,
WINNER_UNKNOWN,HIGH,T-95def88bd9bd,NTPC,INVITATION FOR BIDS (IFB) FOR SELECTION OF WIND POWER DEVELOPERS FOR SETTING UP 1200 MW ISTS- CONNECTED WIND POWER PROJE,Wind,1200.0,material tender closed with no winner found; search the agency site,https://ntpctender.ntpc.co.in/NITDetails/NITs/20808,
WINNER_UNKNOWN,HIGH,T-8df1f96ff222,NTPC,IFB FOR SELECTION OF SOLAR POWER DEVELOPERS FOR SETTING UP 1200 MW ISTS CONNECTED SOLAR PV POWER PROJECTS ANYWHERE IN IN,Solar,1200.0,material tender closed with no winner found; search the agency site,https://ntpctender.ntpc.co.in/NITDetails/NITs/21370,
WINNER_UNKNOWN,HIGH,T-566fd0283239,SECI,RfS for 1200 MW ISTS-connected Wind-Solar Hybrid Power Projects in India (Tranche-III),Wind-Solar Hybrid,1200.0,material tender closed with no winner found; search the agency site,https://www.seci.co.in/tender-details/YQ,
WINNER_UNKNOWN,HIGH,566fd0283239,SECI,RfS for 1200 MW ISTS-connected Wind-Solar Hybrid Power Projects in India (Tranche-III),Wind-Solar Hybrid,1200.0,material tender closed with no winner found; search the agency site,https://www.seci.co.in/tender-details/YQ,
WINNER_UNKNOWN,HIGH,T-378fc4a48839,SECI,RfS for Selection of Wind Power Developers for Setting up of 1200 MW ISTS-connected Wind Power Projects (Tranche-X),Wind,1200.0,material tender closed with no winner found; search the agency site,https://www.seci.co.in/tender-details/Ymc,
WINNER_UNKNOWN,HIGH,378fc4a48839,SECI,RfS for Selection of Wind Power Developers for Setting up of 1200 MW ISTS-connected Wind Power Projects (Tranche-X),Wind,1200.0,material tender closed with no winner found; search the agency site,https://www.seci.co.in/tender-details/Ymc,
WINNER_UNKNOWN,HIGH,T-88409b177112,SECI,RfS for Selection of Wind Power Developers for Setting up of 1200 MW ISTS-connected Wind Power Projects (Tranche-XI),Wind,1200.0,material tender closed with no winner found; search the agency site,https://www.seci.co.in/tender-details/Y2E,
WINNER_UNKNOWN,HIGH,88409b177112,SECI,RfS for Selection of Wind Power Developers for Setting up of 1200 MW ISTS-connected Wind Power Projects (Tranche-XI),Wind,1200.0,material tender closed with no winner found; search the agency site,https://www.seci.co.in/tender-details/Y2E,
WINNER_UNKNOWN,HIGH,T-530c4bbf4a68,SECI,RfS for setting up of 1200 MW ISTS-Connected Wind-Solar Hybrid Power Projects (Tranche-IV),Wind-Solar Hybrid,1200.0,material tender closed with no winner found; search the agency site,https://www.seci.co.in/tender-details/Y2A,
WINNER_UNKNOWN,HIGH,530c4bbf4a68,SECI,RfS for setting up of 1200 MW ISTS-Connected Wind-Solar Hybrid Power Projects (Tranche-IV),Wind-Solar Hybrid,1200.0,material tender closed with no winner found; search the agency site,https://www.seci.co.in/tender-details/Y2A,
WINNER_UNKNOWN,HIGH,T-65be4f1d570f,SECI,RfS for 1200 MW ISTS-connected Solar PV Projects in Karnataka (ISTS-X),Solar,1200.0,material tender closed with no winner found; search the agency site,https://www.seci.co.in/tender-details/Y2Q,
WINNER_UNKNOWN,HIGH,65be4f1d570f,SECI,RfS for 1200 MW ISTS-connected Solar PV Projects in Karnataka (ISTS-X),Solar,1200.0,material tender closed with no winner found; search the agency site,https://www.seci.co.in/tender-details/Y2Q,
WINNER_UNKNOWN,HIGH,T-a99eb73812e0,SECI,RfS for Selection of Wind Power Developers for Setting up of 1200 MW ISTS-connected Wind Power Projects (Tranche-XII),Wind,1200.0,material tender closed with no winner found; search the agency site,https://www.seci.co.in/tender-details/ZGA,
WINNER_UNKNOWN,HIGH,a99eb73812e0,SECI,RfS for Selection of Wind Power Developers for Setting up of 1200 MW ISTS-connected Wind Power Projects (Tranche-XII),Wind,1200.0,material tender closed with no winner found; search the agency site,https://www.seci.co.in/tender-details/ZGA,
WINNER_UNKNOWN,HIGH,T-46472d767a7b,NTPC,EPC PACKAGE WITH LAND FOR DEVELOPMENT OF ISTS CONNECTED SOLAR PV PROJECTS (UP TO 1200 MW) IN KARNATAKA.,Solar,1200.0,material tender closed with no winner found; search the agency site,https://ntpctender.ntpc.co.in/NITDetails/NITs/23762,
WINNER_UNKNOWN,HIGH,T-46432bfe2d46,NTPC,EPC PACKAGE WITH LAND FOR DEVELOPMENT OF GRID CONNECTED SOLAR PV PROJECTS UPTO 1200 MW IN RAJASTHAN,Solar,1200.0,material tender closed with no winner found; search the agency site,https://ntpctender.ntpc.co.in/NITDetails/NITs/23181,
WINNER_UNKNOWN,HIGH,T-34925f7c8086,SECI,RfS for Selection of Hybrid Power Developers for Setting up of 1200 MW ISTS-connected Wind-Solar Hybrid Power Projects (,Wind-Solar Hybrid,1200.0,material tender closed with no winner found; search the agency site,https://www.seci.co.in/tender-details/ZGE,
WINNER_UNKNOWN,HIGH,34925f7c8086,SECI,RfS for Selection of Hybrid Power Developers for Setting up of 1200 MW ISTS-connected Wind-Solar Hybrid Power Projects (,Wind-Solar Hybrid,1200.0,material tender closed with no winner found; search the agency site,https://www.seci.co.in/tender-details/ZGE,
WINNER_UNKNOWN,HIGH,T-1b30daa21ab6,SECI,RfS for Selection of Wind Power Developers for Setting up of 1200 MW ISTS-connected Wind Power Projects (Tranche-XIII),Wind,1200.0,material tender closed with no winner found; search the agency site,https://www.seci.co.in/tender-details/ZGU,
WINNER_UNKNOWN,HIGH,1b30daa21ab6,SECI,RfS for Selection of Wind Power Developers for Setting up of 1200 MW ISTS-connected Wind Power Projects (Tranche-XIII),Wind,1200.0,material tender closed with no winner found; search the agency site,https://www.seci.co.in/tender-details/ZGU,
WINNER_UNKNOWN,HIGH,T-d9cb50fe38e5,NTPC,"Balance of System (BOS) Package for 1200MW Solar PV Project (S) at Khavda Re Power Park, RANN of Kutch, Gujarat (4x300MW",Solar,1200.0,material tender closed with no winner found; search the agency site,https://ntpctender.ntpc.co.in/NITDetails/NITs/25109,
WINNER_UNKNOWN,HIGH,T-514c36db27e7,SECI,RfS for 1200 MW ISTS-Connected Wind-Solar Hybrid Power Projects with assured Peak Power supply in India (Tranche-VI),Wind-Solar Hybrid,1200.0,material tender closed with no winner found; search the agency site,https://www.seci.co.in/tender-details/Z2c,
WINNER_UNKNOWN,HIGH,514c36db27e7,SECI,RfS for 1200 MW ISTS-Connected Wind-Solar Hybrid Power Projects with assured Peak Power supply in India (Tranche-VI),Wind-Solar Hybrid,1200.0,material tender closed with no winner found; search the agency site,https://www.seci.co.in/tender-details/Z2c,
WINNER_UNKNOWN,HIGH,T-4f73476dad9b,SECI,RfS for Selection of Wind Power Developers for Setting up of 1200 MW ISTS-connected Wind Power Projects (Tranche-XIV),Wind,1200.0,material tender closed with no winner found; search the agency site,https://www.seci.co.in/tender-details/aGM,
WINNER_UNKNOWN,HIGH,4f73476dad9b,SECI,RfS for Selection of Wind Power Developers for Setting up of 1200 MW ISTS-connected Wind Power Projects (Tranche-XIV),Wind,1200.0,material tender closed with no winner found; search the agency site,https://www.seci.co.in/tender-details/aGM,
WINNER_UNKNOWN,HIGH,T-a6d869a17e43,NTPC,BALANCE OF SYSTEM PACKAGE OF 1200MW (2 BLOCKS OF 1X600MW EACH) ISTS CONNECTED SOLAR ENERGY PROJECTS AT NTPC RELS 4750MW ,Solar,1200.0,material tender closed with no winner found; search the agency site,https://ntpctender.ntpc.co.in/NITDetails/NITs/26305,
WINNER_UNKNOWN,HIGH,T-b84440e73807,NTPC,SUPPLY OF SOLAR PV MODULES FOR 1200 MW KHAVDA SOLAR PROJECT (NORTH BLOCK).,Solar,1200.0,material tender closed with no winner found; search the agency site,https://ntpctender.ntpc.co.in/NITDetails/NITs/26654,
WINNER_UNKNOWN,HIGH,T-ee3bef336d85,SECI,RfS for Selection of Hybrid Power Developers for Setting up of 1200 MW ISTS-connected Wind-Solar Hybrid Power Projects i,Wind-Solar Hybrid,1200.0,material tender closed with no winner found; search the agency site,https://www.seci.co.in/tender-details/YWB0,
WINNER_UNKNOWN,HIGH,ee3bef336d85,SECI,RfS for Selection of Hybrid Power Developers for Setting up of 1200 MW ISTS-connected Wind-Solar Hybrid Power Projects i,Wind-Solar Hybrid,1200.0,material tender closed with no winner found; search the agency site,https://www.seci.co.in/tender-details/YWB0,
WINNER_UNKNOWN,HIGH,T-d8b1c91e1b1b,NTPC,BOS PACKAGE OF ISTS-CONNECTED WIND ENERGY PROJECT(S) OF NOMINAL CAPACITY OF 1200 MW WITH GREEN SHOE OPTION UP TO 300 MW ,Wind,1200.0,material tender closed with no winner found; search the agency site,https://ntpctender.ntpc.co.in/NITDetails/NITs/26386,
WINNER_UNKNOWN,HIGH,T-41628f251226,NTPC,BOS PACKAGE OF ISTS-CONNECTED WIND ENERGY PROJECT(S) OF NOMINAL CAPACITY OF 1200 MW WITH GREEN SHOE OPTION UP TO 300 MW ,Wind,1200.0,material tender closed with no winner found; search the agency site,https://ntpctender.ntpc.co.in/NITDetails/NITs/26387,
WINNER_UNKNOWN,HIGH,T-413eb0d90421,SECI,RfS for Setting up of 1200 MW ISTS-connected Solar PV Power Projects with 600 MW/1200 MWh Energy Storage Systems (ESS) i,Solar + Storage,1200.0,material tender closed with no winner found; search the agency site,https://www.seci.co.in/tender-details/YWF1,
WINNER_UNKNOWN,HIGH,413eb0d90421,SECI,RfS for Setting up of 1200 MW ISTS-connected Solar PV Power Projects with 600 MW/1200 MWh Energy Storage Systems (ESS) i,Solar + Storage,1200.0,material tender closed with no winner found; search the agency site,https://www.seci.co.in/tender-details/YWF1,
WINNER_UNKNOWN,HIGH,T-fa15f0fd7ec5,NTPC,SELECTION OF SOLAR POWER GENERATORS FOR SETTING UP OF 1200 MW ISTS-CONNECTED SOLAR POWER PROJECTS ANYWHERE IN INDIA,Solar,1200.0,material tender closed with no winner found; search the agency site,https://ntpctender.ntpc.co.in/NITDetails/NITs/27298,
WINNER_UNKNOWN,HIGH,T-e40707d1066e,SECI,RfS for Setting up of 1200 MW ISTS-connected Solar PV Power Projects in India under Tariff-based Competitive Bidding (SE,Solar,1200.0,material tender closed with no winner found; search the agency site,https://www.seci.co.in/tender-details/YWF-,
WINNER_UNKNOWN,HIGH,e40707d1066e,SECI,RfS for Setting up of 1200 MW ISTS-connected Solar PV Power Projects in India under Tariff-based Competitive Bidding (SE,Solar,1200.0,material tender closed with no winner found; search the agency site,https://www.seci.co.in/tender-details/YWF-,
WINNER_UNKNOWN,HIGH,T-938a244d23b9,NTPC,SELECTION OF HYBRID POWER GENERATORS FOR SUPPLY OF 1200 MW POWER FROM ISTS-CONNECTED WIND-SOLAR HYBRID POWER PROJECTS AN,Wind-Solar Hybrid,1200.0,material tender closed with no winner found; search the agency site,https://ntpctender.ntpc.co.in/NITDetails/NITs/27368,
WINNER_UNKNOWN,HIGH,T-9fcced9ee2ad,NTPC,SELECTION OF RE POWER GENERATORS FOR SUPPLY OF 1200 MW FIRM AND DISPATCHABLE POWER (ASSURED PEAK POWER SUPPLY) FROM ISTS,Round-the-Clock / CfD / Trading,1200.0,material tender closed with no winner found; search the agency site,https://ntpctender.ntpc.co.in/NITDetails/NITs/27244,
WINNER_UNKNOWN,HIGH,T-51b3cdfe7fa3,NTPC,SELECTION OF SOLAR POWER GENERATORS FOR SETTING UP OF 1200 MW ISTS-CONNECTED SOLAR PV POWER PROJECTS ANYWHERE IN INDIA W,Solar,1200.0,material tender closed with no winner found; search the agency site,https://ntpctender.ntpc.co.in/NITDetails/NITs/27628,
WINNER_UNKNOWN,HIGH,T-0204ef8eee9d,NTPC,SELECTION OF HYBRID POWER GENERATORS FOR SUPPLY OF 1200 MW POWER FROM ISTS-CONNECTED WIND-SOLAR HYBRID POWER PROJECTS AN,Wind-Solar Hybrid,1200.0,material tender closed with no winner found; search the agency site,https://ntpctender.ntpc.co.in/NITDetails/NITs/27631,
WINNER_UNKNOWN,HIGH,T-38219992a2f2,NTPC,SELECTION OF HYBRID POWER GENERATORS FOR SUPPLY OF 1200 MW POWER FROM ISTS-CONNECTED WIND-SOLAR HYBRID POWER PROJECTS AN,Wind-Solar Hybrid,1200.0,material tender closed with no winner found; search the agency site,https://ntpctender.ntpc.co.in/NITDetails/NITs/27875,
WINNER_UNKNOWN,HIGH,T-827f24023149,NTPC,BALANCE OF SYSTEM (BOS) PACKAGE FOR DEVELOPMENT OF 1200MW (4X300MW BLOCKS) ISTS CONNECTED SOLAR PV PROJECTS AT NTPC REL ,Solar,1200.0,material tender closed with no winner found; search the agency site,https://ntpctender.ntpc.co.in/NITDetails/NITs/28020,
WINNER_UNKNOWN,HIGH,T-3de381c5403a,SECI,RfS for 1200 MW RTC Power from ISTS-Connected RE Power Projects in India (SECI-RTC-IV),Round-the-Clock / CfD / Trading,1200.0,material tender closed with no winner found; search the agency site,https://www.seci.co.in/tender-details/YWVx,
WINNER_UNKNOWN,HIGH,3de381c5403a,SECI,RfS for 1200 MW RTC Power from ISTS-Connected RE Power Projects in India (SECI-RTC-IV),Round-the-Clock / CfD / Trading,1200.0,material tender closed with no winner found; search the agency site,https://www.seci.co.in/tender-details/YWVx,
WINNER_UNKNOWN,HIGH,T-ba58c62d16ca,NTPC,SELECTION OF RE POWER GENERATORS FOR SUPPLY OF 1200 MW FIRM AND DISPATCHABLE POWER (ASSURED PEAK POWER SUPPLY) FROM ISTS,Round-the-Clock / CfD / Trading,1200.0,material tender closed with no winner found; search the agency site,https://ntpctender.ntpc.co.in/NITDetails/NITs/27867,
WINNER_UNKNOWN,HIGH,T-7e7c6ca2c346,NTPC,SELECTION OF SOLAR POWER GENERATORS FOR SETTING UP OF 1200 MW ISTS-CONNECTED SOLAR PV POWER PROJECTS WITH 600 MW / 2400 ,Solar + Storage,1200.0,material tender closed with no winner found; search the agency site,https://ntpctender.ntpc.co.in/NITDetails/NITs/28215,
WINNER_UNKNOWN,HIGH,T-9682ae61d0a1,NTPC,SUPPLY OF SOLAR PV MODULES FOR 1200MW SOLAR PV PROJECTS AT NTPC REL KHAVDA RE PARK-SOUTH BLOCK IN RANN OF KUTCH GUJARAT.,Solar,1200.0,material tender closed with no winner found; search the agency site,https://ntpctender.ntpc.co.in/NITDetails/NITs/28948,
WINNER_UNVERIFIED,HIGH,T-c99bd23af287,SECI,RfS for Setting up of 1200 MW ISTS-connected Solar PV Power Projects with 600 MW/3600 MWh ESS in India (SECI-ISTS-XXI),Solar,1200.0,"open the Award URL, confirm the winner, then record it in manual_awards.csv",https://www.seci.co.in/tender-details/YmJz,https://news.google.com/rss/articles/CBMi5wFBVV95cUxPMXVXMk1IRE5iUURFdE9WT05vSTJ6cXluRm5nN2l6N1pZSm5Wbjg3S08wdDFGRm4zTmZYemQyQW05VWhjS2k1SjFZOUZoazlYQkZOU3dqUFA4QXB0WWNEYXAzQmRmX0FObkJaWW9Zb0hnYVI5cUZiXzM1Z0YwZHhKRmJ4SFNTd015c0F3TGs4MlpGX3ZzdDJhTXZtOEdsVWJkN19fVWRxS0U5UlF1TENqb0tmQ0FzWVVUa2EzUUlRY1luZTN6UlYtT0xtSXZZelJsTTNiNVE3bXlsWXJSRXZqVm9qSWdVYkU?oc=5
WINNER_UNVERIFIED,HIGH,c99bd23af287,SECI,RfS for Setting up of 1200 MW ISTS-connected Solar PV Power Projects with 600 MW/3600 MWh ESS in India (SECI-ISTS-XXI),Solar,1200.0,"open the Award URL, confirm the winner, then record it in manual_awards.csv",https://www.seci.co.in/tender-details/YmJz,https://news.google.com/rss/articles/CBMi5wFBVV95cUxPMXVXMk1IRE5iUURFdE9WT05vSTJ6cXluRm5nN2l6N1pZSm5Wbjg3S08wdDFGRm4zTmZYemQyQW05VWhjS2k1SjFZOUZoazlYQkZOU3dqUFA4QXB0WWNEYXAzQmRmX0FObkJaWW9Zb0hnYVI5cUZiXzM1Z0YwZHhKRmJ4SFNTd015c0F3TGs4MlpGX3ZzdDJhTXZtOEdsVWJkN19fVWRxS0U5UlF1TENqb0tmQ0FzWVVUa2EzUUlRY1luZTN6UlYtT0xtSXZZelJsTTNiNVE3bXlsWXJSRXZqVm9qSWdVYkU?oc=5
WINNER_UNVERIFIED,HIGH,T-519bbe8b1f67,SECI,RfS for Setting up of 1200 MW ISTS-Connected Wind Power Projects in India (SECI-Tranche-XIX),Wind,1200.0,"open the Award URL, confirm the winner, then record it in manual_awards.csv",https://www.seci.co.in/tender-details/YmB1,https://news.google.com/rss/articles/CBMiywFBVV95cUxPRUh3ejNCaUhzWHQ0Wk8wSTFIb2pZTmRrd3FhYk5rNGRfcG5fTVYwbHNOd2lKelpQVUREMXFXaVhhYVRSNExVc2JTMDlHRXdWQUdMTUZabDRkaGdSc1FidF9iNVdxMHF0U1U2NTQ5Mlg1UEp2QUZEZ2lWWHZ2c216MTI3anU3eDRMcENUV2ZqdkszV1RDS2Y3aTA1WGF4UEhrX0Z6MkhldUVHaUFneHpYOEQ4OF9URk1PUHVRT0l2NnFjNXFjVmtHdWZvMNIB0AFBVV95cUxNS2ZmakVoY1dXMjdfY21KMHFiN2ZrOHRsQVBoWVZhUGQtWGJORWFrMk5QcWJyenJlVG84Rl83OTkxTmNPZUNKdXd0TG9vN29tVGZ5YmFZbUNGYUJ0elhwRlJKSVNyVXFtbllULVRYWVp4Wm10M1hERWFGWXNIQy1FYW12WHFFcjZzTUJZay1Zd21ReDhSaldQRnZWZlBRT0E1YzJpdll1ME82N3hsLWI5SjhlT3RlNnd0TVp6VTJnTnFmSUFZb3JBNnpyNm1qTjlm?oc=5
WINNER_UNVERIFIED,HIGH,519bbe8b1f67,SECI,RfS for Setting up of 1200 MW ISTS-Connected Wind Power Projects in India (SECI-Tranche-XIX),Wind,1200.0,"open the Award URL, confirm the winner, then record it in manual_awards.csv",https://www.seci.co.in/tender-details/YmB1,https://news.google.com/rss/articles/CBMiywFBVV95cUxPRUh3ejNCaUhzWHQ0Wk8wSTFIb2pZTmRrd3FhYk5rNGRfcG5fTVYwbHNOd2lKelpQVUREMXFXaVhhYVRSNExVc2JTMDlHRXdWQUdMTUZabDRkaGdSc1FidF9iNVdxMHF0U1U2NTQ5Mlg1UEp2QUZEZ2lWWHZ2c216MTI3anU3eDRMcENUV2ZqdkszV1RDS2Y3aTA1WGF4UEhrX0Z6MkhldUVHaUFneHpYOEQ4OF9URk1PUHVRT0l2NnFjNXFjVmtHdWZvMNIB0AFBVV95cUxNS2ZmakVoY1dXMjdfY21KMHFiN2ZrOHRsQVBoWVZhUGQtWGJORWFrMk5QcWJyenJlVG84Rl83OTkxTmNPZUNKdXd0TG9vN29tVGZ5YmFZbUNGYUJ0elhwRlJKSVNyVXFtbllULVRYWVp4Wm10M1hERWFGWXNIQy1FYW12WHFFcjZzTUJZay1Zd21ReDhSaldQRnZWZlBRT0E1YzJpdll1ME82N3hsLWI5SjhlT3RlNnd0TVp6VTJnTnFmSUFZb3JBNnpyNm1qTjlm?oc=5
WINNER_UNKNOWN,HIGH,T-c6f7d896cb3e,SECI,RfS for assured Peak supply of 4800 MWh (1200 MW x 4 Hrs.) from ISTS-Connected RE Power Projects in India (SECI-FDRE-VII,Round-the-Clock / CfD / Trading,1200.0,material tender closed with no winner found; search the agency site,https://www.seci.co.in/tender-details/YmB2,
WINNER_UNKNOWN,HIGH,c6f7d896cb3e,SECI,RfS for assured Peak supply of 4800 MWh (1200 MW x 4 Hrs.) from ISTS-Connected RE Power Projects in India (SECI-FDRE-VII,Round-the-Clock / CfD / Trading,1200.0,material tender closed with no winner found; search the agency site,https://www.seci.co.in/tender-details/YmB2,
WINNER_UNKNOWN,HIGH,T-83e79713fd9c,NTPC,SUPPLY OF SOLAR PV MODULES FOR 1200MW SOLAR PV PROJECTS AT NTPC REL KHAVDA RE PARK-SOUTH BLOCK IN RANN OF KUTCH GUJARAT,Solar,1200.0,material tender closed with no winner found; search the agency site,https://ntpctender.ntpc.co.in/NITDetails/NITs/29834,
WINNER_UNKNOWN,HIGH,T-e4c4957f12b0,NTPC,BALANCE OF SYSTEM (BOS) PACKAGE FOR DEVELOPMENT OF 1200MW (2x450MW+1x300MW) GRID CONNECTED SOLAR PV PROJECTS AT ANANTAPU,Solar,1200.0,material tender closed with no winner found; search the agency site,https://ntpctender.ntpc.co.in/NITDetails/NITs/29791,
WINNER_UNVERIFIED,HIGH,T-0185fd440346,NHPC,NHPC Awards 1.2 GW Jalaun Solar Park Project At ₹2.73/kWh To Coal India And NLC India Renewables - SolarQuarter,Solar,1200.0,"open the Award URL, confirm the winner, then record it in manual_awards.csv",https://news.google.com/rss/articles/CBMi2AFBVV95cUxPNjVrVktSeUhnMndQWnJGTm5VWldHbG5pc2FsbTJaZmExdjh4TGdydHBiXy1KYWo2RElNM1ozNFJzblppNjdJN25mX1FXNXg4Sm83TU9MYk1ZUHQxOWw0R1J0RDRqRVVta3VqcjhLd3BpSEV2cVdTdWtuU0ViaVhPR1BveUdkM3A4RXdSSEVXMXVJdkl5WWRtMTUtWEg0RmptRVBlblFLaU5hZi1iYVdpRW5lZHp3V1N2QWpEUzk1RGhsWTk0QUZxUXZGS0ZCX3BCQlhvSmtVMno?oc=5,https://news.google.com/rss/articles/CBMi2AFBVV95cUxPNjVrVktSeUhnMndQWnJGTm5VWldHbG5pc2FsbTJaZmExdjh4TGdydHBiXy1KYWo2RElNM1ozNFJzblppNjdJN25mX1FXNXg4Sm83TU9MYk1ZUHQxOWw0R1J0RDRqRVVta3VqcjhLd3BpSEV2cVdTdWtuU0ViaVhPR1BveUdkM3A4RXdSSEVXMXVJdkl5WWRtMTUtWEg0RmptRVBlblFLaU5hZi1iYVdpRW5lZHp3V1N2QWpEUzk1RGhsWTk0QUZxUXZGS0ZCX3BCQlhvSmtVMno?oc=5
WINNER_UNVERIFIED,HIGH,T-0057baebc545,NHPC,"Coal India, NLC India Renewables Win NHPC’s 1,200 MW Solar Auction in Uttar Pradesh - Energetica India Magazine",Solar,1200.0,"open the Award URL, confirm the winner, then record it in manual_awards.csv",https://news.google.com/rss/articles/CBMiugFBVV95cUxNQ3lpeGJXclUwN3g3QUVBOU5BcVlhQVdoVUNXd2dMcUpQaG9kTXMtSHlqWjhIRTl5MDI1ZzBQUEFsbWpUcDhkUFdRWTZ2c3NwWUUzaF9McTJWWG84TXM0eTVzaElrQUplR083bGVRSXRQNUx2TzA2YkxDZ090a1AwUXlXM3pfdmpvWl85eXNva2YzeHdrV1BkSml1U2RyYmZWZ21NNGJLQUhYN0QzUWVJNWhUNnJLbFNndEE?oc=5,https://news.google.com/rss/articles/CBMiugFBVV95cUxNQ3lpeGJXclUwN3g3QUVBOU5BcVlhQVdoVUNXd2dMcUpQaG9kTXMtSHlqWjhIRTl5MDI1ZzBQUEFsbWpUcDhkUFdRWTZ2c3NwWUUzaF9McTJWWG84TXM0eTVzaElrQUplR083bGVRSXRQNUx2TzA2YkxDZ090a1AwUXlXM3pfdmpvWl85eXNva2YzeHdrV1BkSml1U2RyYmZWZ21NNGJLQUhYN0QzUWVJNWhUNnJLbFNndEE?oc=5
WINNER_UNVERIFIED,HIGH,T-fffbbfe5bf93,NHPC,"Adani, Sprng, Mahindra, Avaada, Secure NHPC's 1200 MW Hybrid Projects - Energetica India Magazine",Wind-Solar Hybrid,1200.0,"open the Award URL, confirm the winner, then record it in manual_awards.csv",https://news.google.com/rss/articles/CBMipAFBVV95cUxOTnFfR2l3Z2ZkejBUZFlwX180azl2b0czM0JZMzFFLWV4amVLN0g0eXJpUGJRcjdES2ROcUZBZkNwWnpVOFZlMGNlUUtsa2xxOWhxRG9WUnBwVDdyenRsblg5T0xJOFI5SEstVm11QmtsMmRqOVZVdVQ2bzl3NTB0OEpBcE55bTVYTEROWkN4dUN4R2tDazVUdGRQV1hHWDhZbWwzUQ?oc=5,https://news.google.com/rss/articles/CBMipAFBVV95cUxOTnFfR2l3Z2ZkejBUZFlwX180azl2b0czM0JZMzFFLWV4amVLN0g0eXJpUGJRcjdES2ROcUZBZkNwWnpVOFZlMGNlUUtsa2xxOWhxRG9WUnBwVDdyenRsblg5T0xJOFI5SEstVm11QmtsMmRqOVZVdVQ2bzl3NTB0OEpBcE55bTVYTEROWkN4dUN4R2tDazVUdGRQV1hHWDhZbWwzUQ?oc=5
WINNER_UNVERIFIED,HIGH,T-4d4a84c58251,NHPC,"Reliance, PNC Infratech, SAEL, JBM and Navayuga Win NHPC’s 1,200 MW Solar Plus 600 MW ESS Auction - Energetica India Mag",Solar,1200.0,"open the Award URL, confirm the winner, then record it in manual_awards.csv",https://news.google.com/rss/articles/CBMiyAFBVV95cUxPQ2FWVi16ckp1WnV5blAwOXBnWG1aOE5VdFY4azJuMUgtbzFjSVV6UmY0ZGgyX0kxZkVnQmJSaGZaWVpXcFdPM3kwMHFzLXIyU1FxTFh2LXdDdTY4a0tqRTBjZzhHOGZuTEh3RDFTalpJdnREazhwLXh3VjQzZnhtNGxOczdTTVM4WW9IUERYY0pPZjAwWXFhamw4Q1EyUDRmSkVBRmY5Wk1aZFN5UWxUcDNROVdkQjVUdThRSVAyTzhvMFBDSXU5UQ?oc=5,https://news.google.com/rss/articles/CBMiyAFBVV95cUxPQ2FWVi16ckp1WnV5blAwOXBnWG1aOE5VdFY4azJuMUgtbzFjSVV6UmY0ZGgyX0kxZkVnQmJSaGZaWVpXcFdPM3kwMHFzLXIyU1FxTFh2LXdDdTY4a0tqRTBjZzhHOGZuTEh3RDFTalpJdnREazhwLXh3VjQzZnhtNGxOczdTTVM4WW9IUERYY0pPZjAwWXFhamw4Q1EyUDRmSkVBRmY5Wk1aZFN5UWxUcDNROVdkQjVUdThRSVAyTzhvMFBDSXU5UQ?oc=5
WINNER_UNVERIFIED,HIGH,T-8c2d3d47531e,NHPC,"NTPC, ReNew, Jindal, Adani, Kolar Solar, Onix Win NHPC’s 1200 MW Solar Plus 600 MW/1200 MWh ESS Auction - Energetica Ind",Solar,1200.0,"open the Award URL, confirm the winner, then record it in manual_awards.csv",https://news.google.com/rss/articles/CBMizwFBVV95cUxNSGE1NVcyZDRBT24xZTdpTTlxVExWWlRaTFpQNjNqY1c3cnJUM2p0YnJJSU1RNjlwWnM0eVU2Y3V4ZHN6QzlNVUJqSmRaRm1TZEJjUG41cHZoZDFQWlpWcnZHQWs0ajljMi1feVZaQVRsYWpDdUplT3pHZXBCSEVlUkI2NFZCdklEVkplTmZ6R1E3YUpUMFpwdmYyMU0zdXRNbXBJV2dLcm9OUHZFemF1NWE5VGRyWF9sbkdPTC00UFhkR0twN1VtQzhZM3lrWjQ?oc=5,https://news.google.com/rss/articles/CBMizwFBVV95cUxNSGE1NVcyZDRBT24xZTdpTTlxVExWWlRaTFpQNjNqY1c3cnJUM2p0YnJJSU1RNjlwWnM0eVU2Y3V4ZHN6QzlNVUJqSmRaRm1TZEJjUG41cHZoZDFQWlpWcnZHQWs0ajljMi1feVZaQVRsYWpDdUplT3pHZXBCSEVlUkI2NFZCdklEVkplTmZ6R1E3YUpUMFpwdmYyMU0zdXRNbXBJV2dLcm9OUHZFemF1NWE5VGRyWF9sbkdPTC00UFhkR0twN1VtQzhZM3lrWjQ?oc=5
WINNER_UNVERIFIED,HIGH,T-d97c5c358ed7,NLC India,"ENGIE, NLC India, Rays Power & Oriana Bag SECI 1200 MW Solar With 6-Hr BESS Tender - Saur Energy",Solar + Storage,1200.0,"open the Award URL, confirm the winner, then record it in manual_awards.csv",https://news.google.com/rss/articles/CBMizAFBVV95cUxNYXV1cGxJd1JXTE1ISllpalAyMzFkNUI4YV9zQ010dkhOeUZfLVJiN2hYblN2SktIVmlrbk5vcENmUXFDOTFDQjh2UllVWlItMjItMHgwc28tdmlNajNIZ09oSjEtZXlrd19wWFkzUXRhN3BNbjZqcG1rMzl1R2g1UHNSeC1zakt6Smw1NktFUWZ3TTUwUEVzcVlsSW1pZlZZaVpzVjVhUE1hSWJBUm5GdktfYWx1UUkxLXZ3THhlQUJucHJ5LXpycDB0R00?oc=5,https://news.google.com/rss/articles/CBMizAFBVV95cUxNYXV1cGxJd1JXTE1ISllpalAyMzFkNUI4YV9zQ010dkhOeUZfLVJiN2hYblN2SktIVmlrbk5vcENmUXFDOTFDQjh2UllVWlItMjItMHgwc28tdmlNajNIZ09oSjEtZXlrd19wWFkzUXRhN3BNbjZqcG1rMzl1R2g1UHNSeC1zakt6Smw1NktFUWZ3TTUwUEVzcVlsSW1pZlZZaVpzVjVhUE1hSWJBUm5GdktfYWx1UUkxLXZ3THhlQUJucHJ5LXpycDB0R00?oc=5
WINNER_UNVERIFIED,HIGH,T-23a801be8353,SECI,"KP Energy, Waaree, Zelestra, Purvah Green Among Winners in SECI’s 1,200 MW Wind Power Auction - Energetica India Magazin",Wind,1200.0,"open the Award URL, confirm the winner, then record it in manual_awards.csv",https://news.google.com/rss/articles/CBMixAFBVV95cUxONVlGN2NBUnV4UXlKVm1WYWFLa1VuT1hQUDRFdTZaNWVoSUtvVnVodXd4U2JqMVFaQUV2N0liVXNqd0k0cjVfZU0zOV9pcmNJZ1ZyZ1RvWHotLXZzSlRONjA1ZVNqVW1acFl6LTJqR1RJSEdDTjRWejFYM0lRRHZDR2NLM2tjNjAzMjY4cUFXSWdsTl9SUFpaM2dqV3o3SVVJUmpNRFJLMUNZZFJhMVFwbWwyRmhJTl94enp1TzFwSTBqMkQ2?oc=5,https://news.google.com/rss/articles/CBMixAFBVV95cUxONVlGN2NBUnV4UXlKVm1WYWFLa1VuT1hQUDRFdTZaNWVoSUtvVnVodXd4U2JqMVFaQUV2N0liVXNqd0k0cjVfZU0zOV9pcmNJZ1ZyZ1RvWHotLXZzSlRONjA1ZVNqVW1acFl6LTJqR1RJSEdDTjRWejFYM0lRRHZDR2NLM2tjNjAzMjY4cUFXSWdsTl9SUFpaM2dqV3o3SVVJUmpNRFJLMUNZZFJhMVFwbWwyRmhJTl94enp1TzFwSTBqMkQ2?oc=5
WINNER_UNVERIFIED,HIGH,T-95125eeeb3d5,SECI,"SECI Awards 1.2 GW/4.8 GWh FDRE-VII Peak Power Tender To Serentica Renewables, Adyant Enerso, AMPIN Energy, And ACME Sol",Solar,1200.0,"open the Award URL, confirm the winner, then record it in manual_awards.csv",https://news.google.com/rss/articles/CBMi4gFBVV95cUxNVDNZY3dONm1qaW95LUJQM3Z2NlY2bVVfc3lKZ19DVHZfRDhXcVZ1V1BBdnBWc0V3dWkwUW10YWFOa1ktWE5EOXowSEVqWDlKaFBVSkR3eEpHWi14S0h1dWtrcjhqWThFSXVpcktzSTNIclNucjN3VGpnM05XVzJEZThGX2xTbkFHZTQ5bW9wU0w0akJGVDVFYlhiUVVzd0doaG9UVG1fOUllZDNJNW1OY1JLejk5ZEJKVC1MM3JIeUl1QTR6cjkyQTlua3hkekpfdVo3TlVCUDFDMklnczB5VjhB?oc=5,https://news.google.com/rss/articles/CBMi4gFBVV95cUxNVDNZY3dONm1qaW95LUJQM3Z2NlY2bVVfc3lKZ19DVHZfRDhXcVZ1V1BBdnBWc0V3dWkwUW10YWFOa1ktWE5EOXowSEVqWDlKaFBVSkR3eEpHWi14S0h1dWtrcjhqWThFSXVpcktzSTNIclNucjN3VGpnM05XVzJEZThGX2xTbkFHZTQ5bW9wU0w0akJGVDVFYlhiUVVzd0doaG9UVG1fOUllZDNJNW1OY1JLejk5ZEJKVC1MM3JIeUl1QTR6cjkyQTlua3hkekpfdVo3TlVCUDFDMklnczB5VjhB?oc=5
WINNER_UNVERIFIED,HIGH,T-10c5313b39fd,SECI,SECI concludes 1.2 GW/4.8 GWh renewables-plus-storage tender at $0.07/kWh - ess-news.com,Unclassified,1200.0,"open the Award URL, confirm the winner, then record it in manual_awards.csv",https://news.google.com/rss/articles/CBMirgFBVV95cUxQOUgwSkFPWl9UX0VLTU85S2FUSEJMd2Q5SkZzU3dNdUM0MEFjSEdrenFWQUpoWTM2bE42TGxfQm95cDd6dE5VVDNEWTVobTBvSDM0LU1jbUo4Ym9NNUx6WDlmWGxwYTRqRjdveF9SazVFNXNtRGZFRWk0NmZraENwSktDNEZVd3ZRYnJjOWF6d1pkQWZLNHdERTdxZ01sQWVSZlloUDJtTGFEaDI4TWc?oc=5,https://news.google.com/rss/articles/CBMirgFBVV95cUxQOUgwSkFPWl9UX0VLTU85S2FUSEJMd2Q5SkZzU3dNdUM0MEFjSEdrenFWQUpoWTM2bE42TGxfQm95cDd6dE5VVDNEWTVobTBvSDM0LU1jbUo4Ym9NNUx6WDlmWGxwYTRqRjdveF9SazVFNXNtRGZFRWk0NmZraENwSktDNEZVd3ZRYnJjOWF6d1pkQWZLNHdERTdxZ01sQWVSZlloUDJtTGFEaDI4TWc?oc=5
WINNER_UNKNOWN,HIGH,T-a6afd9a41121,NTPC,BALANCE OF SYSTEM PACKAGE OF ISTS-CONNECTED WIND ENERGY PROJECT WITH NOMINAL CAPACITY OF 1110 MW ANYWHERE IN GUJARAT (TR,Wind,1110.0,material tender closed with no winner found; search the agency site,https://ntpctender.ntpc.co.in/NITDetails/NITs/26385,
WINNER_UNKNOWN,HIGH,T-8c237e5a6b6e,NTPC,"BALANCE OF SYSTEM PACKAGE OF ISTSCONNECTED WIND ENERGY PROJECT WITH NOMINAL CAPACITY OF 1110 MW IN BIJAPUR REGION, KARNA",Wind,1110.0,material tender closed with no winner found; search the agency site,https://ntpctender.ntpc.co.in/NITDetails/NITs/27028,
WINNER_UNKNOWN,HIGH,T-e128d39d5c9d,NTPC,BALANCE OF SYSTEM PACKAGE OF ISTS CONNECTED WIND ENERGY PROJECT WITH NOMINAL CAPACITY OF 1080 MW (400 FOOTPRINTS) IN KAR,Wind,1080.0,material tender closed with no winner found; search the agency site,https://ntpctender.ntpc.co.in/NITDetails/NITs/26321,
WINNER_UNKNOWN,HIGH,T-a5253de27e74,NTPC,EPC WITH LAND FOR DEVELOPMENT OF SOLAR PV PROJECTS(Up to 1070 MW) IN RAJASTHAN.,Solar,1070.0,material tender closed with no winner found; search the agency site,https://ntpctender.ntpc.co.in/NITDetails/NITs/22217,
WINNER_UNKNOWN,HIGH,T-998e9b3ae144,SECI,RfS for Setting up of 1070 MW Grid-Connected Solar PV Power projects in Rajasthan (Tranche-III),Solar,1070.0,material tender closed with no winner found; search the agency site,https://www.seci.co.in/tender-details/YWo,
WINNER_UNKNOWN,HIGH,998e9b3ae144,SECI,RfS for Setting up of 1070 MW Grid-Connected Solar PV Power projects in Rajasthan (Tranche-III),Solar,1070.0,material tender closed with no winner found; search the agency site,https://www.seci.co.in/tender-details/YWo,
WINNER_UNKNOWN,HIGH,T-8302af7c3e94,NTPC,IFB FOR Purchase of Power from existing Solar PV Power Plants and Wind Power Plants upto Cumulative Capacity of 1000 MW,Solar,1000.0,material tender closed with no winner found; search the agency site,https://ntpctender.ntpc.co.in/NITDetails/NITs/19798,
WINNER_UNKNOWN,HIGH,T-d8ea428e3ff7,NTPC,INVITATION FOR BIDS (IFB) FOR DEVELOPMENT OF GRID CONNECTED SOLAR PV PROJECT(S) (UPTO 1000MW CAPACITY) UNDER CPSU SCHEME,Solar,1000.0,material tender closed with no winner found; search the agency site,https://ntpctender.ntpc.co.in/NITDetails/NITs/20594,
WINNER_UNKNOWN,HIGH,T-934aef4f77f1,NTPC,IFB For Request for Selection of End Users (Government Entities / CPSUs / State PSUs) for Supply of Power from 1000 MW G,Solar,1000.0,material tender closed with no winner found; search the agency site,https://ntpctender.ntpc.co.in/NITDetails/NITs/20581,
WINNER_UNKNOWN,HIGH,T-53f7c46ff920,NTPC,INVITATION FOR BIDS (IFB) FOR DEVELOPMENT OF GRID CONNECTED SOLAR PV PROJECT(S) (UPTO 1000MW CAPACITY) UNDER DBDT SCHEME,Solar,1000.0,material tender closed with no winner found; search the agency site,https://ntpctender.ntpc.co.in/NITDetails/NITs/20970,
WINNER_UNKNOWN,HIGH,T-8e3a545ed34a,NTPC,Selection of Solar Power Developers for Setting up 1000 MW ISTS - Connected Solar PV Power Projects Anywhere in India,Solar,1000.0,material tender closed with no winner found; search the agency site,https://ntpctender.ntpc.co.in/NITDetails/NITs/23172,
WINNER_UNKNOWN,HIGH,T-3b2c0083bc35,NTPC,BALANCE OF SYSTEM PACKAGE WITH LAND FOR ISTS CONNECTED SOLAR PROJECTS (UPTO 1000MW) ANYWHERE IN INDIA.,Solar,1000.0,material tender closed with no winner found; search the agency site,https://ntpctender.ntpc.co.in/NITDetails/NITs/23888,
WINNER_UNKNOWN,HIGH,T-d2ce9785cfa0,NTPC,BALANCE OF SYETEM PACKAGE WITH LAND FOR ISTS CONNECTED SOLAR PROJECTS (UPTO 1000MW) ANYWHERE IN INDIA EXCEPT RAJASTHAN W,Solar,1000.0,material tender closed with no winner found; search the agency site,https://ntpctender.ntpc.co.in/NITDetails/NITs/25311,
WINNER_UNKNOWN,HIGH,T-d43b73fc9626,NTPC,Balance of System Package of ISTS-Connected Wind Energy Project with Nominal Capacity of 1000 MW Anywhere in Karnataka.,Wind,1000.0,material tender closed with no winner found; search the agency site,https://ntpctender.ntpc.co.in/NITDetails/NITs/25068,
WINNER_UNKNOWN,HIGH,T-7ac04f44b40a,NTPC,Balance of System Package of ISTS-Connected Wind Energy Project with Nominal Capacity of 1000 MW Anywhere in Gujarat,Wind,1000.0,material tender closed with no winner found; search the agency site,https://ntpctender.ntpc.co.in/NITDetails/NITs/25291,
WINNER_UNKNOWN,HIGH,T-17e94642395f,SECI,"Tender for Manufacturing, Testing, Packing and Forwarding, Supply and Transportation of 1000 MWp domestically manufactur",Solar,1000.0,material tender closed with no winner found; search the agency site,https://www.seci.co.in/tender-details/aWs,
WINNER_UNKNOWN,HIGH,17e94642395f,SECI,"Tender for Manufacturing, Testing, Packing and Forwarding, Supply and Transportation of 1000 MWp domestically manufactur",Solar,1000.0,material tender closed with no winner found; search the agency site,https://www.seci.co.in/tender-details/aWs,
WINNER_UNKNOWN,HIGH,T-29a64a92b584,SECI,RfS for Selection of Solar Power Developers for Setting up of 1000 MW ISTS-connected Solar PV Power Projects in India un,Solar,1000.0,material tender closed with no winner found; search the agency site,https://www.seci.co.in/tender-details/YWJw,
WINNER_UNKNOWN,HIGH,29a64a92b584,SECI,RfS for Selection of Solar Power Developers for Setting up of 1000 MW ISTS-connected Solar PV Power Projects in India un,Solar,1000.0,material tender closed with no winner found; search the agency site,https://www.seci.co.in/tender-details/YWJw,
WINNER_UNKNOWN,HIGH,T-ee8a6c0a850c,NTPC,SELECTION OF WIND POWER GENERATORS FOR SUPPLY OF 1000 MW POWER FROM ISTS-CONNECTED WIND POWER PROJECTS ANYWHERE IN INDIA,Wind,1000.0,material tender closed with no winner found; search the agency site,https://ntpctender.ntpc.co.in/NITDetails/NITs/26283,
WINNER_UNKNOWN,HIGH,T-e9bef878a764,NTPC,SELECTION OF HYBRID POWER GENERATORS FOR SUPPLY OF 1000 MW POWER FROM ISTS-CONNECTED WIND-SOLAR HYBRID POWER PROJECTS AN,Wind-Solar Hybrid,1000.0,material tender closed with no winner found; search the agency site,https://ntpctender.ntpc.co.in/NITDetails/NITs/26719,
WINNER_UNKNOWN,HIGH,T-6b23ce616d0d,NTPC,SUPPLY AND INSTALLATION OF WIND TURBINE GENERATORS FOR ISTS-CONNECTED WIND ENERGY PROJECT WITH NOMINAL CAPACITY OF 1000 ,Wind,1000.0,material tender closed with no winner found; search the agency site,https://ntpctender.ntpc.co.in/NITDetails/NITs/26325,
WINNER_UNKNOWN,HIGH,T-4abb573623bc,NTPC,SELECTION OF HYBRID POWER GENERATORS FOR SUPPLY OF 1000 MW POWER FROM ISTS-CONNECTED WIND-SOLAR HYBRID POWER PROJECTS AN,Wind-Solar Hybrid,1000.0,material tender closed with no winner found; search the agency site,https://ntpctender.ntpc.co.in/NITDetails/NITs/26883,
WINNER_UNKNOWN,HIGH,T-4c0bc9bc2bcc,NTPC,"LAND & EHV TRANSMISSION SYSTEM PACKAGE FOR DEVELOPMENT OF ISTS CONNECTED SOLAR PV PROJECTS (UPTO 1GW) IN BHUJ REGION, GU",Solar,1000.0,material tender closed with no winner found; search the agency site,https://ntpctender.ntpc.co.in/NITDetails/NITs/26279,
WINNER_UNKNOWN,HIGH,T-f061c94e7fed,NTPC,Balance of System Package of ISTS-Connected Wind Energy Project with Nominal Capacity 1000 MW at Solapur in Maharashtra.,Wind,1000.0,material tender closed with no winner found; search the agency site,https://ntpctender.ntpc.co.in/NITDetails/NITs/26727,
WINNER_UNKNOWN,HIGH,T-381510c59735,SECI,RfS for setting up of 1000 MW/2000 MWh Standalone Battery Energy Storage Systems in India (ESS-2),Energy Storage (BESS),1000.0,material tender closed with no winner found; search the agency site,https://www.seci.co.in/tender-details/YWZy,
WINNER_UNKNOWN,HIGH,381510c59735,SECI,RfS for setting up of 1000 MW/2000 MWh Standalone Battery Energy Storage Systems in India (ESS-2),Energy Storage (BESS),1000.0,material tender closed with no winner found; search the agency site,https://www.seci.co.in/tender-details/YWZy,
WINNER_UNKNOWN,HIGH,T-df2c1b9c49af,SECI,RfS for 1000 MW Firm and Dispatchable Power from ISTS-connected RE Power Projects (SECI-FDRE-V),Round-the-Clock / CfD / Trading,1000.0,material tender closed with no winner found; search the agency site,https://www.seci.co.in/tender-details/YWN2,
WINNER_UNKNOWN,HIGH,df2c1b9c49af,SECI,RfS for 1000 MW Firm and Dispatchable Power from ISTS-connected RE Power Projects (SECI-FDRE-V),Unclassified,1000.0,material tender closed with no winner found; search the agency site,https://www.seci.co.in/tender-details/YWN2,
WINNER_UNKNOWN,HIGH,T-a2513de3848b,NTPC,"BALANCE OF SYSTEM PACKAGE OF ISTS-CONNECTED WIND ENERGY PROJECT WITH NOMINAL CAPACITY OF 1000 MW IN DAVANGERE REGION, KA",Wind,1000.0,material tender closed with no winner found; search the agency site,https://ntpctender.ntpc.co.in/NITDetails/NITs/27286,
WINNER_UNKNOWN,HIGH,T-300074d526a5,SECI,RfS for 1000 MW ISTS-Connected Solar PV Power Projects in India (SECI-ISTS-XVIII),Solar,1000.0,material tender closed with no winner found; search the agency site,https://www.seci.co.in/tender-details/YWV2,
WINNER_UNKNOWN,HIGH,300074d526a5,SECI,RfS for 1000 MW ISTS-Connected Solar PV Power Projects in India (SECI-ISTS-XVIII),Solar,1000.0,material tender closed with no winner found; search the agency site,https://www.seci.co.in/tender-details/YWV2,
WINNER_UNKNOWN,HIGH,T-8179cd8549d7,NTPC,"Land and Power Evacuation Package for Development of 1000 MW ISTS connected Solar PV Projects in Mandsaur Region, Madhya",Transmission / Evacuation,1000.0,material tender closed with no winner found; search the agency site,https://ntpctender.ntpc.co.in/NITDetails/NITs/27535,
WINNER_UNKNOWN,HIGH,T-3e1d4bf10fb0,NTPC,"BALANCE OF SYSTEM PACKAGE OF ISTS-CONNECTED WIND ENERGY PROJECT WITH NOMINAL CAPACITY OF 1000 MW IN BELLARY REGION, KARN",Wind,1000.0,material tender closed with no winner found; search the agency site,https://ntpctender.ntpc.co.in/NITDetails/NITs/27285,
WINNER_UNKNOWN,HIGH,T-af82b00da7ef,NTPC,"Land and Power Evacuation Package for Development of 1000 MW ISTS connected Solar PV Projects in Bidar Region, Karnataka",Transmission / Evacuation,1000.0,material tender closed with no winner found; search the agency site,https://ntpctender.ntpc.co.in/NITDetails/NITs/27737,
WINNER_UNKNOWN,HIGH,T-498e678c02ce,NTPC,"BALANCE OF SYSTEM (BOS) PACKAGE FOR DEVELOPMENT OF 1000MW (2x300MW+2x200MW) GRID CONNECTED SOLAR PV PROJECTS AT BIKANER,",Solar,1000.0,material tender closed with no winner found; search the agency site,https://ntpctender.ntpc.co.in/NITDetails/NITs/28481,
WINNER_UNKNOWN,HIGH,T-b4b747f33715,NTPC,SUPPLY OF SOLAR PV MODULES FOR 1000MW SOLAR PV PROJECTS IN LALITPUR AND CHITRAKOOT IN U.P.,Solar,1000.0,material tender closed with no winner found; search the agency site,https://ntpctender.ntpc.co.in/NITDetails/NITs/28887,
WINNER_UNKNOWN,HIGH,T-856355d4d037,NTPC,SUPPLY OF SOLAR PV MODULES FOR 1000MW SOLAR PV PROJECTS IN LALITPUR AND CHITRAKOOT IN U.P.,Solar,1000.0,material tender closed with no winner found; search the agency site,https://ntpctender.ntpc.co.in/NITDetails/NITs/29715,
WINNER_UNKNOWN,HIGH,T-b26738cc40d9,SECI,RfS for Supply of 1000 MW Excess Power from RE Projects having Existing PPA (SECI-FDRE-VIII),Round-the-Clock / CfD / Trading,1000.0,material tender closed with no winner found; search the agency site,https://www.seci.co.in/tender-details/YmB-,
WINNER_UNKNOWN,HIGH,b26738cc40d9,SECI,RfS for Supply of 1000 MW Excess Power from RE Projects having Existing PPA (SECI-FDRE-VIII),Unclassified,1000.0,material tender closed with no winner found; search the agency site,https://www.seci.co.in/tender-details/YmB-,
WINNER_UNKNOWN,HIGH,T-a5b691e0a9cb,SECI,RfS for Supply of 1000 MW Firm and Dispatchable Renewable Energy Round-the-Clock (FDRE-RTC) Power from ISTS-Connected RE,Round-the-Clock / CfD / Trading,1000.0,material tender closed with no winner found; search the agency site,https://www.seci.co.in/tender-details/YmZ3,
WINNER_UNKNOWN,HIGH,a5b691e0a9cb,SECI,RfS for Supply of 1000 MW Firm and Dispatchable Renewable Energy Round-the-Clock (FDRE-RTC) Power from ISTS-Connected RE,Round-the-Clock / CfD / Trading,1000.0,material tender closed with no winner found; search the agency site,https://www.seci.co.in/tender-details/YmZ3,
WINNER_UNVERIFIED,HIGH,T-8c6effe8e9f8,SECI,"Hero Future, Rays Power, Resolven, Hexa, Juniper Among Winners in SECI’s 1 GW FDRE Auction - Energetica India Magazine",Unclassified,1000.0,"open the Award URL, confirm the winner, then record it in manual_awards.csv",https://news.google.com/rss/articles/CBMiwAFBVV95cUxQcElNVl96N25sc2xRdHRRTUhMZ2lJM1lHZUl1dU03Q0ZGME9RbHZaWGxBUWtHX1FKTUJ2eEcwS1FDcnAyUHJ5Zm9Yd3BKOE9TTG5WNGpfZFgzb01VOVJZZDExNUxQVWRtWi12Z0xQS1lkcjFYOFdDLWpMQ3lXcjVpTVhMNlp0cVdYdWZPRVhCVjRnV3VORTIzSUM3UzdHREp4U0hmcVQwVjJlY1VQRXlRc242MFNJUUVmdGJNMEpYelY?oc=5,https://news.google.com/rss/articles/CBMiwAFBVV95cUxQcElNVl96N25sc2xRdHRRTUhMZ2lJM1lHZUl1dU03Q0ZGME9RbHZaWGxBUWtHX1FKTUJ2eEcwS1FDcnAyUHJ5Zm9Yd3BKOE9TTG5WNGpfZFgzb01VOVJZZDExNUxQVWRtWi12Z0xQS1lkcjFYOFdDLWpMQ3lXcjVpTVhMNlp0cVdYdWZPRVhCVjRnV3VORTIzSUM3UzdHREp4U0hmcVQwVjJlY1VQRXlRc242MFNJUUVmdGJNMEpYelY?oc=5
WINNER_UNKNOWN,HIGH,T-e15ec74b87d3,NTPC,SUPPLY AND INSTALLATION IF WIND TURBINE GENERATORS (WTG) FOR ISTS-CONNECTED WIND ENERGY PROJECT WITH NOMINAL CAPACITY OF,Wind,960.0,material tender closed with no winner found; search the agency site,https://ntpctender.ntpc.co.in/NITDetails/NITs/27376,
WINNER_UNKNOWN,HIGH,T-68938593bd6b,NTPC,IFB FOR DEVELOPMENT OF GRID CONNECTED SOLAR PV PROJECT(S) (UPTO 923 MW CAPACITY) UNDER CPSU SCHEME PHASE-II (TRANCHE-II),Solar,923.0,material tender closed with no winner found; search the agency site,https://ntpctender.ntpc.co.in/NITDetails/NITs/21141,
WINNER_UNKNOWN,HIGH,T-58f62315c7cc,SECI,"Tender for Manufacturing, Testing, Packing and Forwarding, Supply and Transportation of 900 MWp domestically manufacture",Solar,900.0,material tender closed with no winner found; search the agency site,https://www.seci.co.in/tender-details/YWBy,
WINNER_UNKNOWN,HIGH,58f62315c7cc,SECI,"Tender for Manufacturing, Testing, Packing and Forwarding, Supply and Transportation of 900 MWp domestically manufacture",Solar,900.0,material tender closed with no winner found; search the agency site,https://www.seci.co.in/tender-details/YWBy,
WINNER_UNKNOWN,HIGH,T-63834397be78,NTPC,"LAND AND POWER EVACUATION PACKAGE FOR DEVELOPMENT OF 900MW ISTS CONNECTED SOLAR PV PROJECTS IN KURNOOL, ANDHRA PRADESH W",Transmission / Evacuation,900.0,material tender closed with no winner found; search the agency site,https://ntpctender.ntpc.co.in/NITDetails/NITs/26330,
WINNER_UNKNOWN,HIGH,T-2cf071482f93,NTPC,"LAND AND POWER EVACUATION PACKAGE FOR DEVELOPMENT OF 900MW ISTS CONNECTED SOLAR PV PROJECTS IN ANANTAPUR, ANDHRA PRADESH",Transmission / Evacuation,900.0,material tender closed with no winner found; search the agency site,https://ntpctender.ntpc.co.in/NITDetails/NITs/26328,
WINNER_UNKNOWN,HIGH,T-6975a7a5eaec,NTPC,Land and Power Evacuation Package for Development of 900 MW ISTS connected Solar Power Project in Neemuch Region of Madh,Transmission / Evacuation,900.0,material tender closed with no winner found; search the agency site,https://ntpctender.ntpc.co.in/NITDetails/NITs/27078,
WINNER_UNKNOWN,HIGH,T-679bc3262d84,NTPC,"BALANCE OF SYSTEM PACKAGE FOR DEVELOPMENT OF 900MW (3X300MW) GRID CONNECTED SOLAR PV PROJECT AT FATEHGARH, RAJASTHAN",Solar,900.0,material tender closed with no winner found; search the agency site,https://ntpctender.ntpc.co.in/NITDetails/NITs/28436,
WINNER_UNKNOWN,HIGH,T-0ececd22b3c4,NTPC,BALANCE OF SYSTEM PACKAGE OF ISTS-CONNECTED WIND ENERGY PROJECT(S) WITH NOMINAL CAPACITY OF 900 MW AT ANANTAPUR IN ANDHR,Wind,900.0,material tender closed with no winner found; search the agency site,https://ntpctender.ntpc.co.in/NITDetails/NITs/28339,
WINNER_UNKNOWN,HIGH,T-6e2c390cc6ec,NTPC,LAND AND EHV TRANSMISSION SYSTEM PACKAGE FOR DEVELOPMENT OF ISTS CONNECTED SOLAR PV PROJECTS (UPTO 900 MW) AT BHUJ REGIO,Solar,900.0,material tender closed with no winner found; search the agency site,https://ntpctender.ntpc.co.in/NITDetails/NITs/28540,
WINNER_UNKNOWN,HIGH,T-3f3a48663894,NTPC,"EPC PACKAGE FOR DEVELOPMENT OF 900MW (3x300MW) GRID CONNECTED SOLAR PV PROJECTS AT MANDSAUR, MADHYA PRADESH",Solar,900.0,material tender closed with no winner found; search the agency site,https://ntpctender.ntpc.co.in/NITDetails/NITs/29666,
WINNER_UNKNOWN,HIGH,T-89d3316eac5b,NTPC,"ICT PACKAGE FOR 900 MW SOLAR PROJECTS IN MANDSAUR, MADHYA PRADESH",Solar,900.0,material tender closed with no winner found; search the agency site,https://ntpctender.ntpc.co.in/NITDetails/NITs/29771,
WINNER_UNKNOWN,HIGH,T-9e88e234c68e,NTPC,"BALANCE OF SYSTEM (BOS) PACKAGE FOR DEVELOPMENT OF 900MW (1x500MW+1x400MW) GRID CONNECTED SOLAR PV PROJECTS AT KURNOOL, ",Solar,900.0,material tender closed with no winner found; search the agency site,https://ntpctender.ntpc.co.in/NITDetails/NITs/29794,
WINNER_UNKNOWN,HIGH,T-00641139216d,NTPC,400KV SUB STATION PACKAGE FOR 900 MW SOLAR PROJECTS AT MANDSAUR MADHYA PRADESH,Solar,900.0,material tender closed with no winner found; search the agency site,https://ntpctender.ntpc.co.in/NITDetails/NITs/30021,
WINNER_UNKNOWN,HIGH,T-dea013ca569a,NTPC,"Hiring of Vehicle on Annual basis for 12 Months for 894.3MW Bellary Wind Project, Harapanahalli, Karnataka",Wind,894.3,material tender closed with no winner found; search the agency site,https://ntpctender.ntpc.co.in/NITDetails/NITs/30046,
WINNER_UNKNOWN,HIGH,T-bc17cf8b27ed,NTPC,SUPPLY AND INSTALLATION OF WIND TURBINE GENERATORS (WTG) FOR ISTS CONNECTED WIND ENERGY PROJECT WITH NOMINAL CAPACITY OF,Wind,813.0,material tender closed with no winner found; search the agency site,https://ntpctender.ntpc.co.in/NITDetails/NITs/28432,
WINNER_UNKNOWN,HIGH,T-3e3df44c0435,NTPC,SUPPLY AND INSTALLATION OF WIND TURBINE GENERATORS (WTG) FOR ISTS CONNECTED WIND ENERGY PROJECT WITH NOMINAL CAPACITY OF,Wind,813.0,material tender closed with no winner found; search the agency site,https://ntpctender.ntpc.co.in/NITDetails/NITs/29708,
WINNER_UNKNOWN,HIGH,T-bef42b8fc9df,NTPC,SUPPLY AND INSTALLATION OF WIND TURBINE GENERATORS (WTG) FOR ISTS CONNECTED WIND ENERGY PROJECT WITH NOMINAL CAPACITY OF,Wind,813.0,material tender closed with no winner found; search the agency site,https://ntpctender.ntpc.co.in/NITDetails/NITs/29985,
WINNER_UNKNOWN,HIGH,T-87dbce87bc84,NTPC,DEVELOPMENT OF 1500 KW ROOFTOP SOLAR PV PROJECT FOR KUDGI STPP-I (3 X 800 MW),Rooftop Solar,800.0,material tender closed with no winner found; search the agency site,https://ntpctender.ntpc.co.in/NITDetails/NITs/17487,
WINNER_UNKNOWN,HIGH,T-824d7248bd30,SECI,RfS for 800 MW Firm and Dispatchable Power from ISTS-connected Renewable Energy (RE) Power Projects (SECI-FDRE-III),Round-the-Clock / CfD / Trading,800.0,material tender closed with no winner found; search the agency site,https://www.seci.co.in/tender-details/YWJ0,
WINNER_UNKNOWN,HIGH,824d7248bd30,SECI,RfS for 800 MW Firm and Dispatchable Power from ISTS-connected Renewable Energy (RE) Power Projects (SECI-FDRE-III),Unclassified,800.0,material tender closed with no winner found; search the agency site,https://www.seci.co.in/tender-details/YWJ0,
WINNER_UNKNOWN,HIGH,T-20aa5d386ee3,NTPC,LAND AND EHV TRANSMISSION SYSTEM PACKAGE FOR DEVELOPMENT OF ISTS CONNECTED SOLAR PV PROJECTS (UPTO 800 MW) IN MAHARASHTR,Solar,800.0,material tender closed with no winner found; search the agency site,https://ntpctender.ntpc.co.in/NITDetails/NITs/26446,
WINNER_UNKNOWN,HIGH,T-e34ec5f93b37,NTPC,EPC Package for Development of 800MW/3200MWh Battery Energy Storage System (BESS) at NTPC REL Khavda Park,Energy Storage (BESS),800.0,material tender closed with no winner found; search the agency site,https://ntpctender.ntpc.co.in/NITDetails/NITs/29872,
WINNER_UNVERIFIED,HIGH,T-65e5485f6676,MPPMCL,Adani Power Wins Additional 800 MW Order from MPPMCL - India Infoline,Unclassified,800.0,"open the Award URL, confirm the winner, then record it in manual_awards.csv",https://news.google.com/rss/articles/CBMingFBVV95cUxQOVI4RlY5eTdVdXlYZXp0ZmpGN0NBVVpmZkVHM3JiNzJGa2h0elRRMDNzbnpRQWlzOEJ0aldUeEM3a2I0dlhoak5HZTYyZXJwMEJWVjF5R2NsNWFmSXdxVjFnTnVOSXJMVWxrbHRqdEU3bVVUckRCelB2aUNUTGc2ZVgyWDRseEFMYXpUQWoyRmtVNkhCdW5TY0pSMHVlZw?oc=5,https://news.google.com/rss/articles/CBMingFBVV95cUxQOVI4RlY5eTdVdXlYZXp0ZmpGN0NBVVpmZkVHM3JiNzJGa2h0elRRMDNzbnpRQWlzOEJ0aldUeEM3a2I0dlhoak5HZTYyZXJwMEJWVjF5R2NsNWFmSXdxVjFnTnVOSXJMVWxrbHRqdEU3bVVUckRCelB2aUNUTGc2ZVgyWDRseEFMYXpUQWoyRmtVNkhCdW5TY0pSMHVlZw?oc=5
WINNER_UNVERIFIED,HIGH,T-0b6a6c9a8b8a,MPPMCL,"Adani Power wins additional 800 MW LoA from MPPMCL, total at 1,600 MW - Business Standard",Unclassified,800.0,"open the Award URL, confirm the winner, then record it in manual_awards.csv",https://news.google.com/rss/articles/CBMiuwFBVV95cUxNb0h2S0VISE1SQUV4RVlwb0VFeVh4T2M4SmlFY3lkX0ZRM0xMOU5kOTY4U01LalJHQ0dyRjBMTUFoU3VzT21TdnVVSE1nUk83SnNfcjJNLThzZ2pvcmI2MDRUZlB1OHdoU0JvMzdYbU9zdHBNOHRUTkRRTGVScGRtYU1jN05MSUt1UU1uSVdWWjZpdDBrYWxTVjQzazNqN2FGRmo1MVlSTEtkcjNKVU5aRVZLaDdhTWxSaEt30gHAAUFVX3lxTE5jV0F4Z01POGhfdUpfRkV6QnJFWlZ2anRzdVZPZmh6RWxMUjZKNVl4bnBBbkRDYlJDY1VUN0xnaDAxd2lPOXZEcnFOSU9OcFhDUWNDTlMwU1pReVZrRDZSX0JveVhsdTlyZGozLW02Zmx0ajdKZ0RYVTlMMWl2T1E4aFRzSDBQWU5ELURfWnBhTmQ3YmxzRTRzYWF2c0swOEZNbjFnOG5va1N2dXBKdTVpWUxBZnZXaE5tWG53bTN1SA?oc=5,https://news.google.com/rss/articles/CBMiuwFBVV95cUxNb0h2S0VISE1SQUV4RVlwb0VFeVh4T2M4SmlFY3lkX0ZRM0xMOU5kOTY4U01LalJHQ0dyRjBMTUFoU3VzT21TdnVVSE1nUk83SnNfcjJNLThzZ2pvcmI2MDRUZlB1OHdoU0JvMzdYbU9zdHBNOHRUTkRRTGVScGRtYU1jN05MSUt1UU1uSVdWWjZpdDBrYWxTVjQzazNqN2FGRmo1MVlSTEtkcjNKVU5aRVZLaDdhTWxSaEt30gHAAUFVX3lxTE5jV0F4Z01POGhfdUpfRkV6QnJFWlZ2anRzdVZPZmh6RWxMUjZKNVl4bnBBbkRDYlJDY1VUN0xnaDAxd2lPOXZEcnFOSU9OcFhDUWNDTlMwU1pReVZrRDZSX0JveVhsdTlyZGozLW02Zmx0ajdKZ0RYVTlMMWl2T1E4aFRzSDBQWU5ELURfWnBhTmQ3YmxzRTRzYWF2c0swOEZNbjFnOG5va1N2dXBKdTVpWUxBZnZXaE5tWG53bTN1SA?oc=5
WINNER_UNKNOWN,HIGH,T-ceb453b52974,NTPC,"EPC PACKAGE FOR DEVELOPMENT OF 795MW (2x275MW + 1x245MW) SOLAR PV PROJECTS AT KHAVDA RE POWER PARK, RANN OF KUTCH.",Solar,795.0,material tender closed with no winner found; search the agency site,https://ntpctender.ntpc.co.in/NITDetails/NITs/27408,
WINNER_UNKNOWN,HIGH,T-6b39b4e00ad2,NTPC,"POWER EVACUATION PACKAGE-I UNDER DEVELOPMENT OF 755MW GVREL SOLAR PARK AT TILAIYA AND PANCHET RESERVOIR, DVC.",Transmission / Evacuation,755.0,material tender closed with no winner found; search the agency site,https://ntpctender.ntpc.co.in/NITDetails/NITs/25335,
WINNER_UNKNOWN,HIGH,T-7380c7d4f177,NTPC,"Power Evacuation Package-II under Development of 755MW GVREL Solar Park at Tilaiya and Panchet Reservoir, DVC.",Transmission / Evacuation,755.0,material tender closed with no winner found; search the agency site,https://ntpctender.ntpc.co.in/NITDetails/NITs/25240,
WINNER_UNKNOWN,HIGH,T-32916b355c9c,NTPC,"POWER EVACUATION PACKAGE-II UNDER DEVELOPMENT OF 755MW GVREL SOLAR PARK AT TILAIYA AND PANCHET RESERVOIR, DVC OF GREEN V",Transmission / Evacuation,755.0,material tender closed with no winner found; search the agency site,https://ntpctender.ntpc.co.in/NITDetails/NITs/27899,
WINNER_UNKNOWN,HIGH,T-51bcbee78be9,NTPC,DEVELOPMENT OF 750 MW( 6x125 MW EACH ) Solar PHOTOVOLTAIC POWER PROJECT (PHASE-II) AT ANANTPUR IN ANDHRA PRADESH INDIA,Solar,750.0,material tender closed with no winner found; search the agency site,https://ntpctender.ntpc.co.in/NITDetails/NITs/14630,
WINNER_UNKNOWN,HIGH,T-5253bb106eb9,NTPC,DEVELOPMENT OF 750 MW (6X125 MW EACH) SOLAR PHOTOVOLTAIC POWER PROJECT AT PAVAGADA SOLAR PARK IN KARNATAKA,Solar,750.0,material tender closed with no winner found; search the agency site,https://ntpctender.ntpc.co.in/NITDetails/NITs/15494,
WINNER_UNKNOWN,HIGH,T-3c8d2f1c74de,NTPC,Development of 750 MW (6X125 MW each) Solar PV Project at PAVAGADA in Karnataka,Solar,750.0,material tender closed with no winner found; search the agency site,https://ntpctender.ntpc.co.in/NITDetails/NITs/17461,
WINNER_UNKNOWN,HIGH,T-1ede13fbecf6,NTPC,BALANCE OF SYSTEM (BOS) PACKAGE FOR DEVELOPMENT OF 735MW (3 BLOCKS OF 245MW EACH) NOKH SOLAR POWER PROJECT.,Solar,735.0,material tender closed with no winner found; search the agency site,https://ntpctender.ntpc.co.in/NITDetails/NITs/23690,
WINNER_UNKNOWN,HIGH,T-357ba8a91f7b,NTPC,DEVELOPMENT PACKAGE (BOS WITH LAND) OF ISTS CONNECTED WIND ENERGY PROJECT(S) UP TO CAPACITY OF 720 MW ANYWHERE IN INDIA.,Wind,720.0,material tender closed with no winner found; search the agency site,https://ntpctender.ntpc.co.in/NITDetails/NITs/23961,
WINNER_UNKNOWN,HIGH,T-21a1d155e088,NTPC,BALANCE OF SYSTEM PACKAGE OF ISTS CONNECTED WIND ENERGY PROJECT(S) UP TO 720 MW CAPACITY ANYWHERE IN INDIA.,Wind,720.0,material tender closed with no winner found; search the agency site,https://ntpctender.ntpc.co.in/NITDetails/NITs/24592,
WINNER_UNKNOWN,HIGH,T-5a581e3e48d6,SECI,"Tender for Balance of System for 700 MW (AC) Solar PV Power Plant at Radha Nesda, Banaskantha, Gujarat, India",Solar,700.0,material tender closed with no winner found; search the agency site,https://www.seci.co.in/tender-details/YmF0,
WINNER_UNKNOWN,HIGH,5a581e3e48d6,SECI,"Tender for Balance of System for 700 MW (AC) Solar PV Power Plant at Radha Nesda, Banaskantha, Gujarat, India",Solar,700.0,material tender closed with no winner found; search the agency site,https://www.seci.co.in/tender-details/YmF0,
WINNER_UNKNOWN,HIGH,T-40997de3451e,NTPC,SUPPLY AND INSTALLATION OF WIND TURBINE GENERATORS (WTG) FOR ISTS CONNECTED WIND ENERGY PROJECT WITH NOMINAL CAPACITY OF,Wind,672.0,material tender closed with no winner found; search the agency site,https://ntpctender.ntpc.co.in/NITDetails/NITs/28431,
WINNER_UNKNOWN,HIGH,T-37d77c2747c4,NTPC,"EPC PACKAGE FOR DEVELOPMENT OF 650MW (2X325MW) GRID CONNECTED SOLAR PV PROJECTS AT BIKANER, RAJASTHAN.",Solar,650.0,material tender closed with no winner found; search the agency site,https://ntpctender.ntpc.co.in/NITDetails/NITs/26298,
WINNER_UNKNOWN,HIGH,T-90d028e84473,NTPC,SUBSTATION PACKAGE UNDER DEVELOPMENT OF 630MW BARETHI SOLAR PARK.,Transmission / Evacuation,630.0,material tender closed with no winner found; search the agency site,https://ntpctender.ntpc.co.in/NITDetails/NITs/26311,
WINNER_UNKNOWN,HIGH,T-e3d090413ac1,NTPC,"EPC PACKAGE FOR DEVELOPMENT OF 630 MW (2x 315 MW) GRID CONNECTED SOLAR PV PROJECT (S) IN BARETHI, MADHYA PRADESH.",Solar,630.0,material tender closed with no winner found; search the agency site,https://ntpctender.ntpc.co.in/NITDetails/NITs/26323,
WINNER_UNKNOWN,HIGH,T-b303d7a1b2a2,NTPC,Development of 625 MW (5 Blocks of 125 MW each) Ananthapuramu Solar PV Project(s) At Ananthapuramu Ultra Mega Solar Park,Solar,625.0,material tender closed with no winner found; search the agency site,https://ntpctender.ntpc.co.in/NITDetails/NITs/16157,
WINNER_UNVERIFIED,HIGH,T-bd812b7761b5,GUVNL,Welspun and NLC India Achieve INR 2.34/Unit Discovered Tariff in GUVNL 625 MW Solar Auction - energetica-india.net,Solar,625.0,"open the Award URL, confirm the winner, then record it in manual_awards.csv",https://news.google.com/rss/articles/CBMixgFBVV95cUxPYk5yXzl6LTc4SjhhaDJlQy11VHVyeG9Yd1NRd29fbVlGY1R4ZlZqdFhlQzdQeEI1cjF3NDBOLV9jaEFkWTJfelQwaldYM3BKMmw2NFRWeE5aTHhiWjN2cXp6M0xLZ0kxaVJxUnVGSkdaVGhRcUx1TE1adXdPRURSbVFsc1pXUXZ2Vkhyb1Z4ZHFKLUtuX3ZyY2RaRG9vbHVTVG9JM0JNTk14T0FKRzdyaVNXN0dZQTVTdlFyT05NeVdZY2lxTnc?oc=5,https://news.google.com/rss/articles/CBMixgFBVV95cUxPYk5yXzl6LTc4SjhhaDJlQy11VHVyeG9Yd1NRd29fbVlGY1R4ZlZqdFhlQzdQeEI1cjF3NDBOLV9jaEFkWTJfelQwaldYM3BKMmw2NFRWeE5aTHhiWjN2cXp6M0xLZ0kxaVJxUnVGSkdaVGhRcUx1TE1adXdPRURSbVFsc1pXUXZ2Vkhyb1Z4ZHFKLUtuX3ZyY2RaRG9vbHVTVG9JM0JNTk14T0FKRzdyaVNXN0dZQTVTdlFyT05NeVdZY2lxTnc?oc=5
WINNER_UNVERIFIED,HIGH,T-13aa33cc4824,NLC India,Welspun Renewable And NLC India Renewables Win GUVNL 625 MW Solar Auction At ₹2.34/kWh - SolarQuarter,Solar,625.0,"open the Award URL, confirm the winner, then record it in manual_awards.csv",https://news.google.com/rss/articles/CBMiywFBVV95cUxPRnA1T1VySmM2UG5KQUhtaXJnUDlhcWpJTnJaSVVBd1gtcUpneWprN3hTbUxSUWhsbVItQ3h4cEE1a296QkxJRDNjWS16LTFaMEJkVjZEejdrS25BREJBal9aU1dpaHNOa1hnUjdWMVBwQmJaNWI4WkpDNjdhTnFsWUNPNnNRUDY4RzVVaXJxRzNGZTNKNk85eGpiOGVxNUZ4bnlfSXp2RFpCekt6ZXZQeXZiRXRuWW15NkxOZlBDcUZhZU5ieWlZUHVTcw?oc=5,https://news.google.com/rss/articles/CBMiywFBVV95cUxPRnA1T1VySmM2UG5KQUhtaXJnUDlhcWpJTnJaSVVBd1gtcUpneWprN3hTbUxSUWhsbVItQ3h4cEE1a296QkxJRDNjWS16LTFaMEJkVjZEejdrS25BREJBal9aU1dpaHNOa1hnUjdWMVBwQmJaNWI4WkpDNjdhTnFsWUNPNnNRUDY4RzVVaXJxRzNGZTNKNk85eGpiOGVxNUZ4bnlfSXp2RFpCekt6ZXZQeXZiRXRuWW15NkxOZlBDcUZhZU5ieWlZUHVTcw?oc=5
WINNER_UNKNOWN,HIGH,T-f7e5c1496f90,NTPC,INVITATION FOR BIDS (IFB) FOR DEVELOPMENT OF ISTS CONNECTED WIND ENERGY PROJECT(S) UPTO CAPACITY OF 600 MW ANYWHERE IN I,Wind,600.0,material tender closed with no winner found; search the agency site,https://ntpctender.ntpc.co.in/NITDetails/NITs/21399,
WINNER_UNKNOWN,HIGH,T-a034c4a2aee2,NTPC,EPC PACKAGE WITH LAND FOR DEVELOPMENT OF ISTS GRID CONNECTED SOLAR PV PROJECTS UP TO 600 MW CAPACITY.,Solar,600.0,material tender closed with no winner found; search the agency site,https://ntpctender.ntpc.co.in/NITDetails/NITs/21727,
WINNER_UNKNOWN,HIGH,T-db09cae1338d,NTPC,DEVELOPMENT OF ISTS CONNECTED WIND-SOLAR HYBRID POWER PROJECTS UP TO 600 MW ANYWHERE IN INDIA,Wind-Solar Hybrid,600.0,material tender closed with no winner found; search the agency site,https://ntpctender.ntpc.co.in/NITDetails/NITs/23196,
WINNER_UNKNOWN,HIGH,T-5846c1b846de,NTPC,EPC PACKAGE WITH LAND FOR DEVELOPMENT OF ISTS CONNECTED SOLAR PV PROJECTS (UPTO 600 MW) ANYWHERE IN INDIA.,Solar,600.0,material tender closed with no winner found; search the agency site,https://ntpctender.ntpc.co.in/NITDetails/NITs/24538,
WINNER_UNKNOWN,HIGH,T-46329b2242cb,NTPC,"Land and Power Evacuation Package for Development of 600 MW ISTS Connected Solar PV Projects in Dhule Region, Maharashtr",Transmission / Evacuation,600.0,material tender closed with no winner found; search the agency site,https://ntpctender.ntpc.co.in/NITDetails/NITs/27821,
WINNER_UNKNOWN,HIGH,T-41a50cd5b33b,SECI,RfS for Setting up of 600 MW ISTS-connected Wind Power Projects in India (SECI-Tranche-XVIII),Wind,600.0,material tender closed with no winner found; search the agency site,https://www.seci.co.in/tender-details/YWt3,
WINNER_UNKNOWN,HIGH,41a50cd5b33b,SECI,RfS for Setting up of 600 MW ISTS-connected Wind Power Projects in India (SECI-Tranche-XVIII),Wind,600.0,material tender closed with no winner found; search the agency site,https://www.seci.co.in/tender-details/YWt3,
WINNER_UNKNOWN,HIGH,T-f45512a363f8,NTPC,BALANCE OF SYSTEM PACKAGE OF ISTS-CONNECTED WIND ENERGY PROJECT(S) WITH NOMINAL CAPACITY OF 600MW AT KURNOOL IN ANDHRA P,Wind,600.0,material tender closed with no winner found; search the agency site,https://ntpctender.ntpc.co.in/NITDetails/NITs/28625,
WINNER_UNKNOWN,HIGH,T-2ccc5251348e,NTPC,SUPPLY OF SOLAR PV MODULES FOR 600MW INGEL SOLAR PROJECT IN GUJARAT.,Solar,600.0,material tender closed with no winner found; search the agency site,https://ntpctender.ntpc.co.in/NITDetails/NITs/28652,
WINNER_UNKNOWN,HIGH,T-7b9247f430fa,SECI,RfP for Supply of 600 MW/1200 MWh Battery Energy Storage System (DC Package),Energy Storage (BESS),600.0,material tender closed with no winner found; search the agency site,https://www.seci.co.in/tender-details/YmN3,
WINNER_UNKNOWN,HIGH,T-a9a14c583d53,SECI,"RfP for Selection of Contractor for Balance of System of 600 MW/1200 MWh BESS Project at Nandiyal, Andhra Pradesh (AC Pa",Energy Storage (BESS),600.0,material tender closed with no winner found; search the agency site,https://www.seci.co.in/tender-details/YmN0,
WINNER_UNKNOWN,HIGH,7b9247f430fa,SECI,RfP for Supply of 600 MW/1200 MWh Battery Energy Storage System (DC Package),Energy Storage (BESS),600.0,material tender closed with no winner found; search the agency site,https://www.seci.co.in/tender-details/YmN3,
WINNER_UNKNOWN,HIGH,a9a14c583d53,SECI,"RfP for Selection of Contractor for Balance of System of 600 MW/1200 MWh BESS Project at Nandiyal, Andhra Pradesh (AC Pa",Energy Storage (BESS),600.0,material tender closed with no winner found; search the agency site,https://www.seci.co.in/tender-details/YmN0,
WINNER_UNKNOWN,HIGH,T-f3ff92ba26ea,NTPC,"Land and Power Evacuation Package for Development of 600 MW ISTS connected Solar PV Projects in Tumkur Region, Karnataka",Transmission / Evacuation,600.0,material tender closed with no winner found; search the agency site,https://ntpctender.ntpc.co.in/NITDetails/NITs/28312,
WINNER_UNKNOWN,HIGH,T-bd34718f1cef,NTPC,"EPC PACKAGE FOR DEVELOPMENT OF 600MW (2x300MW) GRID CONNECTED SOLAR PV PROJECTS AT DHULE, MAHARASHTRA",Solar,600.0,material tender closed with no winner found; search the agency site,https://ntpctender.ntpc.co.in/NITDetails/NITs/29990,
WINNER_UNKNOWN,HIGH,T-69c7a513e920,NTPC,SUPPLY AND INSTALLATION OF WIND TURBINE GENERATORS (WTG) FOR ISTS CONNECTED WIND ENERGY PROJECT WITH NOMINAL CAPACITY OF,Wind,600.0,material tender closed with no winner found; search the agency site,https://ntpctender.ntpc.co.in/NITDetails/NITs/30166,
WINNER_UNVERIFIED,HIGH,T-36f0b8607c13,NLC India,NLC India Secures 600 MW Solar Award in UP Scaling Renewable Energy Pipeline - Sahi,Solar,600.0,"open the Award URL, confirm the winner, then record it in manual_awards.csv",https://news.google.com/rss/articles/CBMitgFBVV95cUxPWndycnlhenM0NU1ybDl5Mk1LX3BGQzYtUVNjeVl2R2tLLU16Q05GdTZxS1RCX0VZV0UwTVdhajJacVBjN3JJcmtpNVpvbXhtRFFzQnU3cVdGdXA4bXQ4ZlVSN3ExX3Q3WWFHZ2xsWlp0Z25leFBvbURDR1B2X2Zya25pOVR2T3hkRFROV2Vmal9xRnMzbEtvVzRDVjNIcGhHVVg4UUxvQmhGRUxJNml3aVNmYlRKUQ?oc=5,https://news.google.com/rss/articles/CBMitgFBVV95cUxPWndycnlhenM0NU1ybDl5Mk1LX3BGQzYtUVNjeVl2R2tLLU16Q05GdTZxS1RCX0VZV0UwTVdhajJacVBjN3JJcmtpNVpvbXhtRFFzQnU3cVdGdXA4bXQ4ZlVSN3ExX3Q3WWFHZ2xsWlp0Z25leFBvbURDR1B2X2Zya25pOVR2T3hkRFROV2Vmal9xRnMzbEtvVzRDVjNIcGhHVVg4UUxvQmhGRUxJNml3aVNmYlRKUQ?oc=5
WINNER_UNVERIFIED,HIGH,T-8a50373c8d89,SJVN,"KP Group, UPC Renewables, Datta Infra, Resolven Win SJVN’s 600 MW Wind Auction - Energetica India Magazine",Wind,600.0,"open the Award URL, confirm the winner, then record it in manual_awards.csv",https://news.google.com/rss/articles/CBMisgFBVV95cUxOMGI3eS1uaklneERJQnc5bjJ2QlZsUXdlbW5aVlFnOHF0WTRCSUV0ZGJEc1g4QURZX2FMb2NMVmhhZG9iS0hzSGZ0UXNxb0pnOTVWS1g1bVBtRWJKU1NXRmRPUmxfaUZsR3dpX19lYk9wRW92WXBwSGU1WHo5SXFNS1VUOEhESFdpRDhROFlKelpiWmdSZDZwUFdFeHppbldmUnpTWUFVLXZVblJXOWdjN2p3?oc=5,https://news.google.com/rss/articles/CBMisgFBVV95cUxOMGI3eS1uaklneERJQnc5bjJ2QlZsUXdlbW5aVlFnOHF0WTRCSUV0ZGJEc1g4QURZX2FMb2NMVmhhZG9iS0hzSGZ0UXNxb0pnOTVWS1g1bVBtRWJKU1NXRmRPUmxfaUZsR3dpX19lYk9wRW92WXBwSGU1WHo5SXFNS1VUOEhESFdpRDhROFlKelpiWmdSZDZwUFdFeHppbldmUnpTWUFVLXZVblJXOWdjN2p3?oc=5
WINNER_UNKNOWN,HIGH,T-598749f81646,NTPC,Land and Power Evacuation Package for Development of 550 MW ISTS connected Solar PV Projects with Battery Energy Storage,Transmission / Evacuation,550.0,material tender closed with no winner found; search the agency site,https://ntpctender.ntpc.co.in/NITDetails/NITs/28400,
WINNER_UNKNOWN,HIGH,T-0e504759f60c,NTPC,"EPC PACKAGE FOR DEVELOPMENT OF 550MW (1x550MW) GRID CONNECTED SOLAR PV PROJECTS NEAR SHIMBHOO KA BURJ, RAJASTHAN",Solar,550.0,material tender closed with no winner found; search the agency site,https://ntpctender.ntpc.co.in/NITDetails/NITs/29918,
WINNER_UNKNOWN,HIGH,T-9dce59fc73ec,NTPC,EPC PACKAGE FOR DEVELOPMENT OF 550 MW/ 2200 MWH ISTS CONNECTED BESS AT NTPC REL SHIMBOO KA BURJ SOLAR PLANT,Solar + Storage,550.0,material tender closed with no winner found; search the agency site,https://ntpctender.ntpc.co.in/NITDetails/NITs/29969,
WINNER_UNKNOWN,HIGH,T-fe5ae1312df3,NTPC,DEVELOPMENT OF WIND ENERGY PROJECT WITH 540 MW CAPACITY AT ISTS SUB-STATION ANANTAPUR-III IN ANDHRA PRADESH (TRANCHE-II),Wind,540.0,material tender closed with no winner found; search the agency site,https://ntpctender.ntpc.co.in/NITDetails/NITs/29464,
WINNER_UNKNOWN,HIGH,T-110f999350f3,NTPC,INVITATION FOR BIDS (IFB) FOR DEVELOPMENT OF GRID CONNECTED SOLAR PV PROJECT(S) (UPTO 500MW CAPACITY) UNDER EPC PACKAGE ,Solar,500.0,material tender closed with no winner found; search the agency site,https://ntpctender.ntpc.co.in/NITDetails/NITs/21142,
WINNER_UNKNOWN,HIGH,T-b004a658bfd0,NTPC,EPC PACKAGE WITH LAND FOR DEVELOPMENT OF ISTS CONNECTED SOLAR PV PROJECTS UPTO 500 MW ANYWHERE IN INDIA.,Solar,500.0,material tender closed with no winner found; search the agency site,https://ntpctender.ntpc.co.in/NITDetails/NITs/23363,
WINNER_UNKNOWN,HIGH,T-2f4e5ec41e99,NTPC,INVITATION FOR BIDS (IFB) FOR LAND AND EHV TRANSMISSION SYSTEM PACKAGE FOR DEVELOPMENT OF 500MW STU CONNECTED SOLAR PV P,Solar,500.0,material tender closed with no winner found; search the agency site,https://ntpctender.ntpc.co.in/NITDetails/NITs/24083,
WINNER_UNKNOWN,HIGH,T-7d612748798b,NTPC,SELECTION OF DEVELOPERS FOR ISTS CONNECTED ENERGY STORAGE SOLUTIONS OF 3000MWH WITH 500MW (min) CAPACITY Anywhere in Ind,Unclassified,500.0,material tender closed with no winner found; search the agency site,https://ntpctender.ntpc.co.in/NITDetails/NITs/23962,
WINNER_UNKNOWN,HIGH,T-159554c06610,NTPC,"BALANCE OF SYSTEM PACKAGE (EXCLUDING LAND & TRANSMISSION SYSTEM) OF 500 MW STU CONNECTED SOLAR PV PROJECT AT BHADLA, RAJ",Solar,500.0,material tender closed with no winner found; search the agency site,https://ntpctender.ntpc.co.in/NITDetails/NITs/24564,
WINNER_UNKNOWN,HIGH,T-d20ef432404a,SECI,Request for Selection (RfS) Document for setting up of Pilot Projects of 500 MW/1000MWh Standalone Battery Energy Storag,Energy Storage (BESS),500.0,material tender closed with no winner found; search the agency site,https://www.seci.co.in/tender-details/ZWY,
WINNER_UNKNOWN,HIGH,d20ef432404a,SECI,Request for Selection (RfS) Document for setting up of Pilot Projects of 500 MW/1000MWh Standalone Battery Energy Storag,Energy Storage (BESS),500.0,material tender closed with no winner found; search the agency site,https://www.seci.co.in/tender-details/ZWY,
WINNER_UNKNOWN,HIGH,T-cdbc138b65ad,NTPC,EPC PACKAGE WITH LAND FOR DEVELOPMENT OF ISTS CONNECTED SOLAR PV PROJECTS (UPTO 500 MW) ANYWHERE IN INDIA.,Solar,500.0,material tender closed with no winner found; search the agency site,https://ntpctender.ntpc.co.in/NITDetails/NITs/25337,
WINNER_UNKNOWN,HIGH,T-2400c58b7826,NTPC,"BALANCE OF SYSTEM PACKAGE (EXCLUDING LAND & TRANSMISSION SYSTEM) OF 1x500MW STU CONNECTED SOLAR PV PROJECT AT BHADLA, RA",Solar,500.0,material tender closed with no winner found; search the agency site,https://ntpctender.ntpc.co.in/NITDetails/NITs/26933,
WINNER_UNKNOWN,HIGH,T-19d2151fc089,NTPC,"EPC PACKAGE FOR DEVELOPMENT OF 500MW (2X250MW) GRID CONNECTED SOLAR PV PROJECTS AT BIKANER, RAJASTHAN.",Solar,500.0,material tender closed with no winner found; search the agency site,https://ntpctender.ntpc.co.in/NITDetails/NITs/26679,
WINNER_UNKNOWN,HIGH,T-37ec3e82b4a8,SECI,RfS for 500 MW ISTS-Connected Wind Power Projects in India (SECI-Tranche-XVII),Wind,500.0,material tender closed with no winner found; search the agency site,https://www.seci.co.in/tender-details/YWZ3,
WINNER_UNKNOWN,HIGH,37ec3e82b4a8,SECI,RfS for 500 MW ISTS-Connected Wind Power Projects in India (SECI-Tranche-XVII),Wind,500.0,material tender closed with no winner found; search the agency site,https://www.seci.co.in/tender-details/YWZ3,
WINNER_UNKNOWN,HIGH,T-7e342d42147e,SECI,RfS for 500 MW Firm and Dispatchable Power from ISTS-connected Renewable Energy (RE) Power Projects (SECI-FDRE-I),Round-the-Clock / CfD / Trading,500.0,material tender closed with no winner found; search the agency site,https://www.seci.co.in/tender-details/aWY,
WINNER_UNKNOWN,HIGH,7e342d42147e,SECI,RfS for 500 MW Firm and Dispatchable Power from ISTS-connected Renewable Energy (RE) Power Projects (SECI-FDRE-I),Unclassified,500.0,material tender closed with no winner found; search the agency site,https://www.seci.co.in/tender-details/aWY,
WINNER_UNKNOWN,HIGH,T-1033bdc5c3d2,SECI,RfS for Setting up of 500 MW ISTS-connected Offshore Wind Power Project in India (Tranche-I),Wind,500.0,material tender closed with no winner found; search the agency site,https://www.seci.co.in/tender-details/YWV0,
WINNER_UNKNOWN,HIGH,1033bdc5c3d2,SECI,RfS for Setting up of 500 MW ISTS-connected Offshore Wind Power Project in India (Tranche-I),Wind,500.0,material tender closed with no winner found; search the agency site,https://www.seci.co.in/tender-details/YWV0,
WINNER_UNKNOWN,HIGH,T-710e9150b621,SECI,RfS for 500 MW ISTS-Connected Solar PV Power Projects in India (SECI-ISTS-XIX),Solar,500.0,material tender closed with no winner found; search the agency site,https://www.seci.co.in/tender-details/YWp_,
WINNER_UNKNOWN,HIGH,710e9150b621,SECI,RfS for 500 MW ISTS-Connected Solar PV Power Projects in India (SECI-ISTS-XIX),Solar,500.0,material tender closed with no winner found; search the agency site,https://www.seci.co.in/tender-details/YWp_,
WINNER_UNVERIFIED,HIGH,T-d9717b535ee9,NTPC,NTPC REL Wins 500 MW SECI Renewable Contract At Rs 6 per kWh - Construction World,Unclassified,500.0,"open the Award URL, confirm the winner, then record it in manual_awards.csv",https://news.google.com/rss/articles/CBMi4gFBVV95cUxPd296c2F1UU96M25sUV9GSmRDLVFEZndIcU9XWXFMTUFtRTJoZGgwOU9VUzR0X2d5WUl1UzFwRzZwLVhVd21lcXRRVHcybUVrT1dMSTR3dmtzVVhCTUlHVnNORlV2OWlvMThlamI3UFdFaVZyM2tQYnVza0l2WVRuS2xIcHlfa0RIenZJdDBSQmhQNndyV0JRX1Y5UGhMSUlxMVk0aFluamZHeFQtZU85WlhmNkpaVFUwODVUb3h4azhRMUo1czlWaFFES3ZONUtuZGI2Y0N4NVo4ZEVTZG5QSW93?oc=5,https://news.google.com/rss/articles/CBMi4gFBVV95cUxPd296c2F1UU96M25sUV9GSmRDLVFEZndIcU9XWXFMTUFtRTJoZGgwOU9VUzR0X2d5WUl1UzFwRzZwLVhVd21lcXRRVHcybUVrT1dMSTR3dmtzVVhCTUlHVnNORlV2OWlvMThlamI3UFdFaVZyM2tQYnVza0l2WVRuS2xIcHlfa0RIenZJdDBSQmhQNndyV0JRX1Y5UGhMSUlxMVk0aFluamZHeFQtZU85WlhmNkpaVFUwODVUb3h4azhRMUo1czlWaFFES3ZONUtuZGI2Y0N4NVo4ZEVTZG5QSW93?oc=5
WINNER_UNVERIFIED,HIGH,T-f69d26bb566a,SECI,NTPC Renewable Energy Wins 500 MW in SECI Peak Power Auction at ₹6/kWh - Microgrid Media,Unclassified,500.0,"open the Award URL, confirm the winner, then record it in manual_awards.csv",https://news.google.com/rss/articles/CBMic0FVX3lxTE5ENU1jazA5OGdWbzhnVm5QNG5VS1RqeVgwRVItNkZMQXR1ZGVOcTZ1SUh0X3FaNDg0SGVOc2gxbjlGZ1ltdWFSWnBpRVpXVm9LLW1yRGNVYVhjVVJONVhSZldxOUNIZnRJeF9ob0pndXdjcTQ?oc=5,https://news.google.com/rss/articles/CBMic0FVX3lxTE5ENU1jazA5OGdWbzhnVm5QNG5VS1RqeVgwRVItNkZMQXR1ZGVOcTZ1SUh0X3FaNDg0SGVOc2gxbjlGZ1ltdWFSWnBpRVpXVm9LLW1yRGNVYVhjVVJONVhSZldxOUNIZnRJeF9ob0pndXdjcTQ?oc=5
WINNER_UNVERIFIED,HIGH,T-4f40b69fee32,SECI,NTPC REL Wins 500 MW Renewable Energy Contract In SECI Auction At INR 6/kWh - SolarQuarter,Unclassified,500.0,"open the Award URL, confirm the winner, then record it in manual_awards.csv",https://news.google.com/rss/articles/CBMisgFBVV95cUxPektoWl94Wk1jVGhWVF92aGo4Y1lGWDlWdE1zdGY0OElMVUZUaHpOREtzb29hNlFKS25sSW41OVMyNEJtR0dPNGRqQUhaaTNZYUhhUUdYUkpybVh2TjR5TzYyUmMyZW0xWktBeGRVdlZVQ2RMdFljV2VNYW9aOW5sMXF2Yjg5VjkyQlRvbFBycVZBY0dhZmpseF9FLWxkRi04cXJWSnFudjE1ZjQ0X21QS1p3?oc=5,https://news.google.com/rss/articles/CBMisgFBVV95cUxPektoWl94Wk1jVGhWVF92aGo4Y1lGWDlWdE1zdGY0OElMVUZUaHpOREtzb29hNlFKS25sSW41OVMyNEJtR0dPNGRqQUhaaTNZYUhhUUdYUkpybVh2TjR5TzYyUmMyZW0xWktBeGRVdlZVQ2RMdFljV2VNYW9aOW5sMXF2Yjg5VjkyQlRvbFBycVZBY0dhZmpseF9FLWxkRi04cXJWSnFudjE1ZjQ0X21QS1p3?oc=5
WINNER_UNVERIFIED,HIGH,T-f316671be8c1,SECI,NTPC Green Energy Arm Wins 500 MW SECI Peak Power Tender - Equitypandit,Unclassified,500.0,"open the Award URL, confirm the winner, then record it in manual_awards.csv",https://news.google.com/rss/articles/CBMijwFBVV95cUxOcnlyaUtXamtSbmN6cmhSUjRaVXVfYjBtLTV1dGFRR1FvNkZUSzBKbGYwZEY5QkItbHFKVVA4WWY2bTZxeGhieV9HdEh2emRpVEV2b014X3ZyS2JKZzNIcjlha0loaThVN1ZyOGdPQTN0WFAxVXhHMjRPNE1NUFZzMEw0Ul8xV1hvOERaZW1NZw?oc=5,https://news.google.com/rss/articles/CBMijwFBVV95cUxOcnlyaUtXamtSbmN6cmhSUjRaVXVfYjBtLTV1dGFRR1FvNkZUSzBKbGYwZEY5QkItbHFKVVA4WWY2bTZxeGhieV9HdEh2emRpVEV2b014X3ZyS2JKZzNIcjlha0loaThVN1ZyOGdPQTN0WFAxVXhHMjRPNE1NUFZzMEw0Ul8xV1hvOERaZW1NZw?oc=5
WINNER_UNVERIFIED,HIGH,T-2443862bb9ca,SECI,NTPC Renewable Energy wins 500 MW SECI tender at ₹6/kWh tariff - energy.economictimes.indiatimes.com,Unclassified,500.0,"open the Award URL, confirm the winner, then record it in manual_awards.csv",https://news.google.com/rss/articles/CBMixAFBVV95cUxOTXhUQ3g3bjZtcVRXcXFzTGVLMEF6NS1vT196NmQ2dVYyX0luLWU0cGUzQnpYY1VZMFlJeFhpYTBFMngtMzBwdDl5Z0ZoVVBDYThaWDM4NEh1clhob0JELVR6WWROamIzelkxYlVfTGRSaHVSaTZwNUIwS05JSjh1cVFhckdsNkxuWEZxdWlCdWgwbXhCaDBLb2dLdDNhSXNuc3BZbDZsbXZiLUl3RmZLdWlFUlJSMFc4aE5INEpDWnphLTQ10gHKAUFVX3lxTE1pamJWV2xHZlFMWkMyZXRPXzR1LWxNRnRvdHNLT3VYamQ1bktiU3VGUm85Zm5HbExMMWRsOXZWdGRiSllXTkVBXzE3eDlaRGVWdHV0czQtemVlQzVjMjk3cXJ0VFBfcE54UEJrdkdIYTV3aEVaWGpfSlJ4U3JGTzQ0X2V6NGlCTFA3dENQMTZtaUpYZVFxLUJNN2R3QVBhUzBTRVhpWVRLRTl0QVFqUHg1Yy16UlBNRlRKMDZ0bDlKVERteEgxLUFMUGc?oc=5,https://news.google.com/rss/articles/CBMixAFBVV95cUxOTXhUQ3g3bjZtcVRXcXFzTGVLMEF6NS1vT196NmQ2dVYyX0luLWU0cGUzQnpYY1VZMFlJeFhpYTBFMngtMzBwdDl5Z0ZoVVBDYThaWDM4NEh1clhob0JELVR6WWROamIzelkxYlVfTGRSaHVSaTZwNUIwS05JSjh1cVFhckdsNkxuWEZxdWlCdWgwbXhCaDBLb2dLdDNhSXNuc3BZbDZsbXZiLUl3RmZLdWlFUlJSMFc4aE5INEpDWnphLTQ10gHKAUFVX3lxTE1pamJWV2xHZlFMWkMyZXRPXzR1LWxNRnRvdHNLT3VYamQ1bktiU3VGUm85Zm5HbExMMWRsOXZWdGRiSllXTkVBXzE3eDlaRGVWdHV0czQtemVlQzVjMjk3cXJ0VFBfcE54UEJrdkdIYTV3aEVaWGpfSlJ4U3JGTzQ0X2V6NGlCTFA3dENQMTZtaUpYZVFxLUJNN2R3QVBhUzBTRVhpWVRLRTl0QVFqUHg1Yy16UlBNRlRKMDZ0bDlKVERteEgxLUFMUGc?oc=5
WINNER_UNVERIFIED,HIGH,T-70cc4438cd19,GUVNL,"NLC India, KP Group Win GUVNL’s 450 MW/900 MWh Standalone BESS Auction - energetica-india.net",Energy Storage (BESS),450.0,"open the Award URL, confirm the winner, then record it in manual_awards.csv",https://news.google.com/rss/articles/CBMiqAFBVV95cUxOY1VXRGsyNTZORk9rUW9qakRMYXdWWnFNSlpEMmp0NXoyemlBcEYxWXg2YWdFSTNjMzc2RFplNm1YMUJUdUFudGRiQnVXOGN3d19DWFo1RGRrNW9wdnVBUlZkSm0tYVVVT1hGYldRZExsT19tNWlpUmdVeWNkMmNSeV9VVDJKRm5Kd3lEYkp2NTdVOEpSdVBGcnhzT0p0clQ5OHlkQkhiZVU?oc=5,https://news.google.com/rss/articles/CBMiqAFBVV95cUxOY1VXRGsyNTZORk9rUW9qakRMYXdWWnFNSlpEMmp0NXoyemlBcEYxWXg2YWdFSTNjMzc2RFplNm1YMUJUdUFudGRiQnVXOGN3d19DWFo1RGRrNW9wdnVBUlZkSm0tYVVVT1hGYldRZExsT19tNWlpUmdVeWNkMmNSeV9VVDJKRm5Kd3lEYkp2NTdVOEpSdVBGcnhzT0p0clQ5OHlkQkhiZVU?oc=5
WINNER_UNVERIFIED,HIGH,T-56d130be8de8,NLC India,NLC India Renewables wins 450 MW Gujarat BESS; second bidder Rs 1 behind - Power Peak Digest,Energy Storage (BESS),450.0,"open the Award URL, confirm the winner, then record it in manual_awards.csv",https://news.google.com/rss/articles/CBMigwFBVV95cUxOT0VUZnU3akNTakpydTBMUHg5bmRtdEpEZTZiOXBQV3JOS1Y2bkk0UVJiQll1RDNpbDlFQVBpN0JweXIwTkZmX09KVmx2OXhJWUllWWNTTG94VEhYMmpOSUJWaTEyU2lkWXljSVBSWHdkQ0puajl2SmpDUWJRUl9XNzk0dw?oc=5,https://news.google.com/rss/articles/CBMigwFBVV95cUxOT0VUZnU3akNTakpydTBMUHg5bmRtdEpEZTZiOXBQV3JOS1Y2bkk0UVJiQll1RDNpbDlFQVBpN0JweXIwTkZmX09KVmx2OXhJWUllWWNTTG94VEhYMmpOSUJWaTEyU2lkWXljSVBSWHdkQ0puajl2SmpDUWJRUl9XNzk0dw?oc=5
WINNER_UNVERIFIED,HIGH,T-06627f9dafd0,NLC India,GUVNL Awards 450 MW/900 MWh BESS Phase-IX To NLC India Renewables And Sun Drops Energia - SolarQuarter,Solar + Storage,450.0,"open the Award URL, confirm the winner, then record it in manual_awards.csv",https://news.google.com/rss/articles/CBMiwgFBVV95cUxNWE1YeEJVdDZ1OXQwN2taTUpQSDJHVGNEOU9telNxb1BOMnJPT25DVjZ1SmRvVF83YVpPUE44SHpDUXhHMnNzWWo4RWo0cHowcU82a1c3Ulp3emIwY2dLcW5NSHVSNnpIZjJCSjdCWmFFRU5OUUxFRlpNX2oyOWNQQ2ZLLUdvclhQTW52Zjd6YklpNGhmNkJsRUItMU91NHJHX0xrVUxkV1F1RDlldzVuUE1RVHVnZWRGZVgxamlhbjg0Zw?oc=5,https://news.google.com/rss/articles/CBMiwgFBVV95cUxNWE1YeEJVdDZ1OXQwN2taTUpQSDJHVGNEOU9telNxb1BOMnJPT25DVjZ1SmRvVF83YVpPUE44SHpDUXhHMnNzWWo4RWo0cHowcU82a1c3Ulp3emIwY2dLcW5NSHVSNnpIZjJCSjdCWmFFRU5OUUxFRlpNX2oyOWNQQ2ZLLUdvclhQTW52Zjd6YklpNGhmNkJsRUItMU91NHJHX0xrVUxkV1F1RDlldzVuUE1RVHVnZWRGZVgxamlhbjg0Zw?oc=5
WINNER_UNVERIFIED,HIGH,T-09598eb67675,SJVN,ACME Solar wins 450 MW peak power project under SJVN FDRE-IV - Manufacturing Today India,Solar,450.0,"open the Award URL, confirm the winner, then record it in manual_awards.csv",https://news.google.com/rss/articles/CBMigAFBVV95cUxNUkhNZWlKMVhuWWx2LTRkMThmaWliejVnTy0yaWoxSkEybEkwZHZmdGY0azdpVUxkNnhkRkFkY1Nnc2J0cm1jSTU4c2lmcGFlYXdHdlI2dndzRWF5TExSeWpmeEdoNnNKSk1qcmlhRGswLWpxNVo0dlkxelpXSWxPdA?oc=5,https://news.google.com/rss/articles/CBMigAFBVV95cUxNUkhNZWlKMVhuWWx2LTRkMThmaWliejVnTy0yaWoxSkEybEkwZHZmdGY0azdpVUxkNnhkRkFkY1Nnc2J0cm1jSTU4c2lmcGFlYXdHdlI2dndzRWF5TExSeWpmeEdoNnNKSk1qcmlhRGswLWpxNVo0dlkxelpXSWxPdA?oc=5
WINNER_UNVERIFIED,HIGH,T-0253747219b9,SJVN,ACME Solar Awarded 450 MW-1800 MWh SJVN FDRE-IV Project - Energetica India Magazine,Solar,450.0,"open the Award URL, confirm the winner, then record it in manual_awards.csv",https://news.google.com/rss/articles/CBMimAFBVV95cUxObXI0RjJJMmNfVTRFbzE5MzBzaHNqZ3hyd3BRQmJadE1BYmpOOW0yQ2pneHE5V3ZRZ2RUOGtWckViQ1BTM1ZZM211SXdfcmRZZDJ0QlJsWWdUbFEwZ0NkeGNlVjZuNTQzMTJMMnFWZlVHaHV0Y2NfOTI4WWFqbHFHSGhuSzB0bmZjbERmdjdlTVN1RjNjempOMg?oc=5,https://news.google.com/rss/articles/CBMimAFBVV95cUxObXI0RjJJMmNfVTRFbzE5MzBzaHNqZ3hyd3BRQmJadE1BYmpOOW0yQ2pneHE5V3ZRZ2RUOGtWckViQ1BTM1ZZM211SXdfcmRZZDJ0QlJsWWdUbFEwZ0NkeGNlVjZuNTQzMTJMMnFWZlVHaHV0Y2NfOTI4WWFqbHFHSGhuSzB0bmZjbERmdjdlTVN1RjNjempOMg?oc=5
WINNER_UNKNOWN,HIGH,T-4cf4ee5acbf7,SECI,"Tender for Manufacturing, Testing, Packing and Forwarding, Supply and Transportation of 400 MWp domestically manufacture",Solar,400.0,material tender closed with no winner found; search the agency site,https://www.seci.co.in/tender-details/YWN0,
WINNER_UNKNOWN,HIGH,4cf4ee5acbf7,SECI,"Tender for Manufacturing, Testing, Packing and Forwarding, Supply and Transportation of 400 MWp domestically manufacture",Solar,400.0,material tender closed with no winner found; search the agency site,https://www.seci.co.in/tender-details/YWN0,
WINNER_UNKNOWN,HIGH,T-dfce7a12c394,SECI,RfS for Selection of Hybrid Power Developers for Setting up of 400 MW ISTS-connected Wind-Solar Hybrid Power Projects in,Wind-Solar Hybrid,400.0,material tender closed with no winner found; search the agency site,https://www.seci.co.in/tender-details/YWZx,
WINNER_UNKNOWN,HIGH,dfce7a12c394,SECI,RfS for Selection of Hybrid Power Developers for Setting up of 400 MW ISTS-connected Wind-Solar Hybrid Power Projects in,Wind-Solar Hybrid,400.0,material tender closed with no winner found; search the agency site,https://www.seci.co.in/tender-details/YWZx,
WINNER_UNKNOWN,HIGH,T-7d53065b0a8e,SECI,Domestically Manufactured Solar PV Module Package of 400 MWp under CPSU Scheme Tranche III,Solar,400.0,material tender closed with no winner found; search the agency site,https://www.seci.co.in/tender-details/YWV_,
WINNER_UNKNOWN,HIGH,7d53065b0a8e,SECI,Domestically Manufactured Solar PV Module Package of 400 MWp under CPSU Scheme Tranche III,Solar,400.0,material tender closed with no winner found; search the agency site,https://www.seci.co.in/tender-details/YWV_,
WINNER_UNVERIFIED,HIGH,T-ba290cae1701,NTPC,SUPPLY OF SOLAR PV MODULES FOR 400MW SOLAR PROJECT IN CHITRAKOOT IN U.P.,Solar,400.0,"open the Award URL, confirm the winner, then record it in manual_awards.csv",https://ntpctender.ntpc.co.in/NITDetails/NITs/29427,https://news.google.com/rss/articles/CBMiyAFBVV95cUxOUTkzQ1dXY3J1c1pXVy1EdG5QT28tX2x2ejRoRVJEeEtCdzBPZ0xSdkhuVkYyekltNVl5bGJkX3JiZ3AyLTZ6QlREeTdaY0M5VWU2VzJMVS1BX1hoSUtHUFkyLXF3d2M2Nk9qd3ZSOWhDSFoxZ2dyR0hERGZWTV9iRU1FZWdpWFFva1VfSWhxb09JVHlwMFRwaGJ4eXN2LW5sTWwzQm0taDRudFVYWm11OENaYnpORGozby03aXdYeUdZeUo1UGtlWg?oc=5
WINNER_UNVERIFIED,HIGH,T-d287d11834a0,SJVN Green Energy,"ACME Solar bags 400 MW firm, dispatchable renewable project from SJVN - Business Standard",Solar,400.0,"open the Award URL, confirm the winner, then record it in manual_awards.csv",https://news.google.com/rss/articles/CBMi0wFBVV95cUxPSXFKLURtVWtyNU9mV3NnNnQwU2RiX3g2WlJqY2dablRuaFZkT2o3R244TjlqNnJiTF95cm1zbXVwY2dGMjN5Wmd4ZHdNZW93VjU5MVFtU1BoY3kzNTBGWnF0UVU0eU5HSjZtUDZvV0Y2dWFPYWtJVGEyWnNjZ0daRDR2cEpVNlJVdHM4UkJvMDhScDB0VmdhS01YQ2lGX2ZIQ2tneEY4ek5zbWxRT19LZlhXU280d0RKdU9uUTVqMEtLZmJrTG41Y25TU0hPZVAzRzJR0gHYAUFVX3lxTE9FX1JSZkx0c3FQbkdQdmZ5cl9yVHNOd2p2R09BczdqWjhoZ1o3STE3RTZqUDktRVN3TjlnWHJpUDItUk40cGQwbHJTLUQ0LUtVNjY2bEdJSDNqZ0VMc0xUbm9uRUdfZHlEdG9PZVdjUHZ4cnZWSkJxMkczaUlwSmRFSjZJdG5aN01fQWZhMjltYmNwTl8tS3g4MHdYbVA1bFFfd0ZfVXppYUFjVUxONGgwVFNoUWNRcmNoSy10RHluVHNZcy12eHUwbW5xY2dRV0ZmbVFkQUx3YQ?oc=5,https://news.google.com/rss/articles/CBMi0wFBVV95cUxPSXFKLURtVWtyNU9mV3NnNnQwU2RiX3g2WlJqY2dablRuaFZkT2o3R244TjlqNnJiTF95cm1zbXVwY2dGMjN5Wmd4ZHdNZW93VjU5MVFtU1BoY3kzNTBGWnF0UVU0eU5HSjZtUDZvV0Y2dWFPYWtJVGEyWnNjZ0daRDR2cEpVNlJVdHM4UkJvMDhScDB0VmdhS01YQ2lGX2ZIQ2tneEY4ek5zbWxRT19LZlhXU280d0RKdU9uUTVqMEtLZmJrTG41Y25TU0hPZVAzRzJR0gHYAUFVX3lxTE9FX1JSZkx0c3FQbkdQdmZ5cl9yVHNOd2p2R09BczdqWjhoZ1o3STE3RTZqUDktRVN3TjlnWHJpUDItUk40cGQwbHJTLUQ0LUtVNjY2bEdJSDNqZ0VMc0xUbm9uRUdfZHlEdG9PZVdjUHZ4cnZWSkJxMkczaUlwSmRFSjZJdG5aN01fQWZhMjltYmNwTl8tS3g4MHdYbVA1bFFfd0ZfVXppYUFjVUxONGgwVFNoUWNRcmNoSy10RHluVHNZcy12eHUwbW5xY2dRV0ZmbVFkQUx3YQ?oc=5
WINNER_UNKNOWN,HIGH,T-62813dc9a0ca,NTPC,Selection of Solar Power Developers for setting up Solar PV Projects in the State of Telangana for total capacity of 350,Solar,350.0,material tender closed with no winner found; search the agency site,https://ntpctender.ntpc.co.in/NITDetails/NITs/15355,
WINNER_UNKNOWN,HIGH,T-b73faee82786,NTPC,"Balance of System Package for 325 MW Solar Project(s) in Shajapur Solar Park, Madhya-Pradesh.",Solar,325.0,material tender closed with no winner found; search the agency site,https://ntpctender.ntpc.co.in/NITDetails/NITs/23831,
WINNER_UNKNOWN,HIGH,T-255a03e734ca,NTPC,"Supply of Solar PV Module for 325 MW Solar Project(s) in Shajapur Solar Park, Madhya-Pradesh.",Solar,325.0,material tender closed with no winner found; search the agency site,https://ntpctender.ntpc.co.in/NITDetails/NITs/25074,
WINNER_UNKNOWN,HIGH,T-4013f658dd66,NTPC,310 MW FLOATING AND GROUND MOUNTED SLAR PV PROJECT AT DVC RESERVOIRS.,Unclassified,310.0,material tender closed with no winner found; search the agency site,https://ntpctender.ntpc.co.in/NITDetails/NITs/25385,
WINNER_UNVERIFIED,HIGH,T-40826cce8ebc,SECI,ACME Solar wins 301 MW FDRE project from SECI - ET EnergyWorld,Solar,301.0,"open the Award URL, confirm the winner, then record it in manual_awards.csv",https://news.google.com/rss/articles/CBMi2wFBVV95cUxQaDQ3VjB0SWNsUFBUbkJvNkpyZk9felJpVDFZR0VzZlk2YWR2SGJOY1R6QUlpbERyb0J0QllNa3ozV0xzdmRxeGJQLU5zWllSREtSbnFIcHRWME9lbmVkMnJQdUJaeG04dk9zNk1YTGxEYmtZU1drUHoxejd1X19Cb2pxeUtUYThTbU52R3RmQzJiUUREYkZUUTRwcFM2QkFpM3dyTHRwSDE3TndMaW1xc3Y5WUk2NmxyTWNFM0VQT3pDZ3JsUVdNVXZSX0oxRThseVJRbmtmdWVYUGvSAeABQVVfeXFMTXM0QWpLUzdvVlYyNEtIZ2gwa0Vmd250T3MxYW5ETkRWaWJ5V3ZmTHkzaGlUdl8wcUdVNW9BT19jOExabDlCb1pwUFV2LTF0U0szNnFKcGJYR3BLY2x2cWhfYVpYYm51VHFHdUhUN3dtRlRxbXNKNHRDdjRKOFlQZXZJUUt0SmhpVlFkdEt2NXJXQzc3eVFxLUQ1VTBReDE1azh2WDAyTm5ZZEdKR0JSOWRxSVpiYnZza1FCbDNGc0txdlFtUVJDaFd6cU1JR3ZyVllZWTZzQUl3TmxkWDIzS1Q?oc=5,https://news.google.com/rss/articles/CBMi2wFBVV95cUxQaDQ3VjB0SWNsUFBUbkJvNkpyZk9felJpVDFZR0VzZlk2YWR2SGJOY1R6QUlpbERyb0J0QllNa3ozV0xzdmRxeGJQLU5zWllSREtSbnFIcHRWME9lbmVkMnJQdUJaeG04dk9zNk1YTGxEYmtZU1drUHoxejd1X19Cb2pxeUtUYThTbU52R3RmQzJiUUREYkZUUTRwcFM2QkFpM3dyTHRwSDE3TndMaW1xc3Y5WUk2NmxyTWNFM0VQT3pDZ3JsUVdNVXZSX0oxRThseVJRbmtmdWVYUGvSAeABQVVfeXFMTXM0QWpLUzdvVlYyNEtIZ2gwa0Vmd250T3MxYW5ETkRWaWJ5V3ZmTHkzaGlUdl8wcUdVNW9BT19jOExabDlCb1pwUFV2LTF0U0szNnFKcGJYR3BLY2x2cWhfYVpYYm51VHFHdUhUN3dtRlRxbXNKNHRDdjRKOFlQZXZJUUt0SmhpVlFkdEt2NXJXQzc3eVFxLUQ1VTBReDE1azh2WDAyTm5ZZEdKR0JSOWRxSVpiYnZza1FCbDNGc0txdlFtUVJDaFd6cU1JR3ZyVllZWTZzQUl3TmxkWDIzS1Q?oc=5
WINNER_UNKNOWN,HIGH,T-4e06bed6f1f7,NTPC,DEVELOPMENT OF ISTS CONNECTED WIND ENERGY PROJECT(S) UP TO CAPACITY OF 300 MW ANYWHERE IN INDIA.,Wind,300.0,material tender closed with no winner found; search the agency site,https://ntpctender.ntpc.co.in/NITDetails/NITs/22744,
WINNER_UNKNOWN,HIGH,T-17b0ccd6222a,NTPC,EPC PACKAGE WITH LAND FOR DEVELOPMENT OF GRID CONNECTED SOLAR PV PROJECTS (UPTO 300 MW) IN GUJARAT,Solar,300.0,material tender closed with no winner found; search the agency site,https://ntpctender.ntpc.co.in/NITDetails/NITs/22852,
WINNER_UNKNOWN,HIGH,T-8fbdff66adb7,NTPC,DEVELOPMENT OF ISTS CONNECTED WIND ENERGY PROJECT(S) UP TO CAPACITY OF 300 MW ANYWHERE IN INDIA.,Wind,300.0,material tender closed with no winner found; search the agency site,https://ntpctender.ntpc.co.in/NITDetails/NITs/23547,
WINNER_UNKNOWN,HIGH,T-eacd77e62ed2,NTPC,BALANCE OF SYSTEM PACKAGE WITH LAND FOR 300MW ISTS CONNECTED SOLAR PROJECT(S) ANYWHERE IN INDIA.,Solar,300.0,material tender closed with no winner found; search the agency site,https://ntpctender.ntpc.co.in/NITDetails/NITs/23963,
WINNER_UNKNOWN,HIGH,T-d2e5e4e13e9f,NTPC,EPC PACKAGE WITH LAND FOR DEVELOPMENT OF STU CONNECTED SOLAR PV PROJECTS (UPTO 300MW) IN GUJARAT,Solar,300.0,material tender closed with no winner found; search the agency site,https://ntpctender.ntpc.co.in/NITDetails/NITs/24529,
WINNER_UNKNOWN,HIGH,T-288d320b85c4,NTPC,"EPC PACKAGE FOR 300MW SOLAR PV PROJECT AT KHAVDA RE POWER PARK, RANN OF KUTCH.",Solar,300.0,material tender closed with no winner found; search the agency site,https://ntpctender.ntpc.co.in/NITDetails/NITs/25528,
WINNER_UNKNOWN,HIGH,T-1b988946c0ae,SECI,"Tender for BOS Tender of 300 MW (AC) Ground Mounted SPV Project at Ramagiri, AP having 5 yrs Plant O&M.",Solar,300.0,material tender closed with no winner found; search the agency site,https://www.seci.co.in/tender-details/aGo,
WINNER_UNKNOWN,HIGH,1b988946c0ae,SECI,"Tender for BOS Tender of 300 MW (AC) Ground Mounted SPV Project at Ramagiri, AP having 5 yrs Plant O&M.",Solar,300.0,material tender closed with no winner found; search the agency site,https://www.seci.co.in/tender-details/aGo,
WINNER_UNKNOWN,HIGH,T-0c595b1c374d,NTPC,EPC PACKAGE WITH LAND FOR DEVELOPMENT OF ISTS CONNECTED GROUND MOUNTED SOLAR PV PROJECTS (UPTO 300 MW) ANYWHERE IN INDIA,Solar,300.0,material tender closed with no winner found; search the agency site,https://ntpctender.ntpc.co.in/NITDetails/NITs/26260,
WINNER_UNKNOWN,HIGH,T-abadf51d6ec9,NTPC,PHASE-II 300 MW EPC PACKAGE WITH LAND FOR DEVELOPMENT OF ISTS CONNECTED GROUND MOUNTED SOLAR PV PROJECTS (UPTO 300 MW) A,Solar,300.0,material tender closed with no winner found; search the agency site,https://ntpctender.ntpc.co.in/NITDetails/NITs/26651,
WINNER_UNKNOWN,HIGH,T-f68597724bc7,SECI,"Tender for Setting up of Grid Connected 300 MW Ground Mounted Solar PV plant at Ramagiri, Andhra Pradesh.",Solar,300.0,material tender closed with no winner found; search the agency site,https://www.seci.co.in/tender-details/YWB_,
WINNER_UNKNOWN,HIGH,f68597724bc7,SECI,"Tender for Setting up of Grid Connected 300 MW Ground Mounted Solar PV plant at Ramagiri, Andhra Pradesh.",Solar,300.0,material tender closed with no winner found; search the agency site,https://www.seci.co.in/tender-details/YWB_,
WINNER_UNKNOWN,HIGH,T-49d677c18048,NTPC,300 MW EPC PACKAGE WITH LAND FOR DEVELOPMENT OF ISTS CONNECTED GROUND MOUNTED SOLAR PV PROJECT NEAR NTPC ANTA.,Solar,300.0,material tender closed with no winner found; search the agency site,https://ntpctender.ntpc.co.in/NITDetails/NITs/27852,
WINNER_UNKNOWN,HIGH,T-da3fee7259c9,NTPC,LAND AND POWER EVACUATION PACKAGE FOR DEVELOPMENT OF 300MW ISTS CONNECTED SOLAR PV PROJECTS WITH BATTERY ENERGY STORAGE ,Transmission / Evacuation,300.0,material tender closed with no winner found; search the agency site,https://ntpctender.ntpc.co.in/NITDetails/NITs/28394,
WINNER_UNKNOWN,HIGH,T-e4c9764168a3,NTPC,EPC PACKAGE WITH LAND FOR DEVELOPMENT OF 300MW GRID CONNECTED SOLAR PV PROJECT ANYWHERE IN GOA,Solar,300.0,material tender closed with no winner found; search the agency site,https://ntpctender.ntpc.co.in/NITDetails/NITs/28944,
WINNER_UNKNOWN,HIGH,T-17f32343c6d7,NTPC,EPC WITH LAND PACKAGE FOR DEVELOPMENT OF 300 MW ISTS CONNECTED GROUND MOUNTED SOLAR PV PROJECT NEAR NTPC ANTA,Solar,300.0,material tender closed with no winner found; search the agency site,https://ntpctender.ntpc.co.in/NITDetails/NITs/28965,
WINNER_UNKNOWN,HIGH,T-72b638579b3d,NTPC,"EPC PACKAGE FOR DEVELOPMENT OF 300MW (1x300MW) GRID CONNECTED SOLAR PV PROJECTS NEAR NOKHRA, RAJASTHAN",Solar,300.0,material tender closed with no winner found; search the agency site,https://ntpctender.ntpc.co.in/NITDetails/NITs/29905,
WINNER_UNKNOWN,HIGH,T-76a19cbdb074,NTPC,EPC PACKAGE FOR DEVELOPMENT OF 300MW / 1200MWH ISTS CONNECTED BESS AT NTPC REL NOKHRA SOLAR PLANT,Solar + Storage,300.0,material tender closed with no winner found; search the agency site,https://ntpctender.ntpc.co.in/NITDetails/NITs/29964,
WINNER_UNVERIFIED,HIGH,T-98082a4e0e6b,NTPC,NTPC Green Energy Awards 300 MW Solar Project To Bondada Engineering in Rajasthan - Saur Energy,Solar,300.0,"open the Award URL, confirm the winner, then record it in manual_awards.csv",https://news.google.com/rss/articles/CBMivwFBVV95cUxOcVhnaU1TdWIwc3RiY0hwN2JWRU9rZlVnNVQ2dk9EMDRIX3k5VTVQall3NVY0RmdJdEJpbnZ6V3NMR2tiVF9FOUZSRlhCLVQzWTl0aG43M3gzMWx1NzI0YzRMWkxMN19MeUswWm8yLVh0V2NIRk44cWlvVUVfRXpjQmtTYmtHdDUtVnFuMUdSMFlmV25YdlZaRlpWcGxNQWNhLVlpQUtzWFdZcEgwUmIxYjBqRnFDaXBPbGtTSUxjcw?oc=5,https://news.google.com/rss/articles/CBMivwFBVV95cUxOcVhnaU1TdWIwc3RiY0hwN2JWRU9rZlVnNVQ2dk9EMDRIX3k5VTVQall3NVY0RmdJdEJpbnZ6V3NMR2tiVF9FOUZSRlhCLVQzWTl0aG43M3gzMWx1NzI0YzRMWkxMN19MeUswWm8yLVh0V2NIRk44cWlvVUVfRXpjQmtTYmtHdDUtVnFuMUdSMFlmV25YdlZaRlpWcGxNQWNhLVlpQUtzWFdZcEgwUmIxYjBqRnFDaXBPbGtTSUxjcw?oc=5
WINNER_UNVERIFIED,HIGH,T-adfb030af9f6,SECI,ACME Solar Wins 300 MW SECI Peak Power Tender at ₹6/kWh - mvapulse.com,Solar,300.0,"open the Award URL, confirm the winner, then record it in manual_awards.csv",https://news.google.com/rss/articles/CBMikwFBVV95cUxNaVRZZFRBSmhQVndNZjJUc0lwcFNwMTdwWmJRYzRsWTdsbkRDZmxFNUFPQk5PMzRzZU9KckZHRHVKalpiWnZkcUJfQk1udjhtNXVjN3BDa0c4UXhnbEpWVENtb2xSR0JuWDNYRE9Kc3hjdW5VYzN0MkhQdUQxMTBmU2NzVzE0YVdnRUNhZ0kwMktOOWc?oc=5,https://news.google.com/rss/articles/CBMikwFBVV95cUxNaVRZZFRBSmhQVndNZjJUc0lwcFNwMTdwWmJRYzRsWTdsbkRDZmxFNUFPQk5PMzRzZU9KckZHRHVKalpiWnZkcUJfQk1udjhtNXVjN3BDa0c4UXhnbEpWVENtb2xSR0JuWDNYRE9Kc3hjdW5VYzN0MkhQdUQxMTBmU2NzVzE0YVdnRUNhZ0kwMktOOWc?oc=5
WINNER_UNVERIFIED,HIGH,T-8940327e293b,MPPMCL,"MPPMCL Partially Awards 293 MW Under 800 MW Wind Tender To Ayana Renewable, BPCL - Saur Energy",Wind,293.0,"open the Award URL, confirm the winner, then record it in manual_awards.csv",https://news.google.com/rss/articles/CBMiyAFBVV95cUxQajF0QTl6RXBsVkt6cU5wODhVRDR2cXkzejhWM2RpV0t5bDhDWHl6ZzhQY3ZQQVZ0ZzU5TWdqVFR0MXNicFZfaW5jWjMxNzFwcmlSeXY5bzI0QzdfRDhBMDlKdlZ3UTVMMXVJd2xlc0hGOXhkTTh2d3VEaENuUG8tNTVkTzVXUy0tWTIwOU9kcWk2SGJpTDhMRmxzUk81Q0trX2tIbTROSkhtM3lEakRzb0x4aGxvWGhVNlRRckpDOGtES0NGR2hWTA?oc=5,https://news.google.com/rss/articles/CBMiyAFBVV95cUxQajF0QTl6RXBsVkt6cU5wODhVRDR2cXkzejhWM2RpV0t5bDhDWHl6ZzhQY3ZQQVZ0ZzU5TWdqVFR0MXNicFZfaW5jWjMxNzFwcmlSeXY5bzI0QzdfRDhBMDlKdlZ3UTVMMXVJd2xlc0hGOXhkTTh2d3VEaENuUG8tNTVkTzVXUy0tWTIwOU9kcWk2SGJpTDhMRmxzUk81Q0trX2tIbTROSkhtM3lEakRzb0x4aGxvWGhVNlRRckpDOGtES0NGR2hWTA?oc=5
WINNER_UNKNOWN,HIGH,T-7c9a4ab50607,NTPC,DEVELOPMENT OF 260 MW ( 4 BLOCKS OF 65 MW EACH) SOLAR PV POWER PROJECT IN RAJASTHAN,Solar,260.0,material tender closed with no winner found; search the agency site,https://ntpctender.ntpc.co.in/NITDetails/NITs/14142,
WINNER_UNKNOWN,HIGH,T-fe18307ee241,NTPC,"EPC PACKAGE FOR DEVELOPMENT OF 260MW (1x260MW) GRID CONNECTED SOLAR PV PROJECT AT BIKANER, RAJASTHAN.",Solar,260.0,material tender closed with no winner found; search the agency site,https://ntpctender.ntpc.co.in/NITDetails/NITs/27064,
WINNER_UNKNOWN,HIGH,T-14b219a5ac11,NTPC,DEVELOPMENT OF 250 MW (5 BLOCKS OF 50MW EACH) SOLAR PV POWER PROJECT IN MADHYA PRADESH,Solar,250.0,material tender closed with no winner found; search the agency site,https://ntpctender.ntpc.co.in/NITDetails/NITs/14141,
WINNER_UNKNOWN,HIGH,T-b94f3b4c0308,NTPC,H T CABLES PACKAGE FOR SOLAR PV POWER PROJECT PHASE-I (250MW) IN ANANTAPUR,Solar,250.0,material tender closed with no winner found; search the agency site,https://ntpctender.ntpc.co.in/NITDetails/NITs/14456,
WINNER_UNKNOWN,HIGH,T-11b4e8d84ec1,NTPC,DEVELOPMENT OF 250 MW SOLAR PV PROJECT(S) AT PAVAGADA SOLAR PARK IN KARNATAKA,Solar,250.0,material tender closed with no winner found; search the agency site,https://ntpctender.ntpc.co.in/NITDetails/NITs/15514,
WINNER_UNKNOWN,HIGH,T-cf8e9e17fdc8,NTPC,Selection of Solar Power Developers for Setting up one Solar PV Power Project of 250MW capacity under OPEN category in K,Solar,250.0,material tender closed with no winner found; search the agency site,https://ntpctender.ntpc.co.in/NITDetails/NITs/15815,
WINNER_UNKNOWN,HIGH,T-028c77ab317f,NTPC,Selection of Solar Power Developers for Setting up one Solar PV Power Project of 250 MW capacity under OPEN category in ,Solar,250.0,material tender closed with no winner found; search the agency site,https://ntpctender.ntpc.co.in/NITDetails/NITs/16930,
WINNER_UNKNOWN,HIGH,T-3347736b306a,NTPC,DEVELOPMENT OF 250 MW (5 BLOCKS OF 50 MW EACH) SOLAR PHOTO VOLTAIC POWER PROJECT(S) AT PAVAGADA SOLAR PARK IN KARNATAKA,Solar,250.0,material tender closed with no winner found; search the agency site,https://ntpctender.ntpc.co.in/NITDetails/NITs/16768,
WINNER_UNKNOWN,HIGH,T-a20adbdabbc4,NTPC,"250MW (5X50MW) WIND ENERGY PROJECT(S) IN THE STATES OF GUJARAT, ANDHRA PRADESH, KARNATAKA AND MADHYA PRADESH",Wind,250.0,material tender closed with no winner found; search the agency site,https://ntpctender.ntpc.co.in/NITDetails/NITs/17789,
WINNER_UNKNOWN,HIGH,T-bdad7ad70c85,NTPC,Selection of Solar Power Developers for 250 MW Grid-connected Solar PV Power plant Under DCR Category,Solar,250.0,material tender closed with no winner found; search the agency site,https://ntpctender.ntpc.co.in/NITDetails/NITs/17889,
WINNER_UNKNOWN,HIGH,T-ed03dd1e13ae,NTPC,NIT For Selection of Solar Power Developers for 3X250 MW Grid-connected Solar PV Power Plants to be set up in Ananthapur,Solar,250.0,material tender closed with no winner found; search the agency site,https://ntpctender.ntpc.co.in/NITDetails/NITs/18705,
WINNER_UNKNOWN,HIGH,T-0760cff9bd32,NTPC,Development of ISTS Connected 250 MW/500 MWh Standalone Battery Energy Storage System.,Energy Storage (BESS),250.0,material tender closed with no winner found; search the agency site,https://ntpctender.ntpc.co.in/NITDetails/NITs/24382,
WINNER_UNKNOWN,HIGH,T-687e4f19f247,NTPC,BESS MAIN PACKAGE FOR DEVELOPMENT OF GRID CONNECTED 250MW/500MWH STANDALONE BESS AT NTPC-GADARWARA AND NTPC-SOLAPUR.,Energy Storage (BESS),250.0,material tender closed with no winner found; search the agency site,https://ntpctender.ntpc.co.in/NITDetails/NITs/27277,
WINNER_UNKNOWN,HIGH,T-06c32049b77b,NTPC,EPC PACKAGE FOR DEVELOPMENT OF BATTERY ENERGY STORAGE SYSTEM (BESS) AT NTPC KAYAMKULAM (250 MW/1000 MWH).,Energy Storage (BESS),250.0,material tender closed with no winner found; search the agency site,https://ntpctender.ntpc.co.in/NITDetails/NITs/28550,
WINNER_UNKNOWN,HIGH,T-94b0df70e976,NTPC,"EPC PACKAGE FOR DEVELOPMENT OF 250MW (1x250MW) GRID CONNECTED SOLAR PV PROJECT AT BIKANER, RAJASTHAN",Solar,250.0,material tender closed with no winner found; search the agency site,https://ntpctender.ntpc.co.in/NITDetails/NITs/28653,
WINNER_UNKNOWN,HIGH,T-edf758b5a8a3,NTPC,"EPC PACKAGE FOR DEVELOPMENT OF 250MW SOLAR WITH 50MW/200MWH BESS PROJECT AT SITAPUR, U.P.",Solar + Storage,250.0,material tender closed with no winner found; search the agency site,https://ntpctender.ntpc.co.in/NITDetails/NITs/29320,
WINNER_UNVERIFIED,HIGH,T-948bf847c4a1,GUVNL,"GUVNL Awards 250 MW Wind Project to KPI, Juniper, Jakson Green & Inox - Saur Energy",Wind,250.0,"open the Award URL, confirm the winner, then record it in manual_awards.csv",https://news.google.com/rss/articles/CBMirwFBVV95cUxOdS1faFdQWUNtbjFSMFBJM00wMmtIS0VYWkFJT1BkWEhOaThBQkhOUTQ4VFFFT2hDQ1lWWmlnejZzUHNLSUVsX0hGazhHWnhlckVGclRyMGRmMDdOWjhOdjZUWHNQdkFDWlhOblZyelpiRkxsMGdiM3I1M1VUVFotU3U1N1JUeW1LdDZhNjVtTVFLZ3JUbl9uOTlZMzhiREdJXzdXN05wV3hYd3VBQWpZ?oc=5,https://news.google.com/rss/articles/CBMirwFBVV95cUxOdS1faFdQWUNtbjFSMFBJM00wMmtIS0VYWkFJT1BkWEhOaThBQkhOUTQ4VFFFT2hDQ1lWWmlnejZzUHNLSUVsX0hGazhHWnhlckVGclRyMGRmMDdOWjhOdjZUWHNQdkFDWlhOblZyelpiRkxsMGdiM3I1M1VUVFotU3U1N1JUeW1LdDZhNjVtTVFLZ3JUbl9uOTlZMzhiREdJXzdXN05wV3hYd3VBQWpZ?oc=5
WINNER_UNVERIFIED,HIGH,T-82c8f8303a06,GUVNL,NLC Juniper Powerica Cu-Built Win GUVNL 250 MW Wind Auction - Construction World,Wind,250.0,"open the Award URL, confirm the winner, then record it in manual_awards.csv",https://news.google.com/rss/articles/CBMi4AFBVV95cUxPeHdHc0ZabDN0dEdWZGxMRnBTUno5QkxtTVJKOGV5aUUwbVZvQ01Yc0lvMTN2WFgwVEFWVXVGQ1JZQlcyc0ZJOWR4QkYwbXNHX2poZlFtcm00QS1DbmJZVWlJT0E3WktYMXI0YkpsMldDYm5TV1ZVNkQwVG5kTjRHRURGVUJOX2VmcUdDd0VvSE1tTHdHVGQ5RXBvUld6cm1Zanh4S0x4MjlZVmZ2YWtuUzdqTnBwYmNmODNzV2thdWxvODdvNkNVZW1TSVkwWmFhUEh2QzFYNXdvTzdaWjgzcA?oc=5,https://news.google.com/rss/articles/CBMi4AFBVV95cUxPeHdHc0ZabDN0dEdWZGxMRnBTUno5QkxtTVJKOGV5aUUwbVZvQ01Yc0lvMTN2WFgwVEFWVXVGQ1JZQlcyc0ZJOWR4QkYwbXNHX2poZlFtcm00QS1DbmJZVWlJT0E3WktYMXI0YkpsMldDYm5TV1ZVNkQwVG5kTjRHRURGVUJOX2VmcUdDd0VvSE1tTHdHVGQ5RXBvUld6cm1Zanh4S0x4MjlZVmZ2YWtuUzdqTnBwYmNmODNzV2thdWxvODdvNkNVZW1TSVkwWmFhUEh2QzFYNXdvTzdaWjgzcA?oc=5
WINNER_UNVERIFIED,HIGH,T-956d86e85998,NLC India,"GUVNL Awards 250 MW Phase XI Wind Projects To NLC India Renewables, Juniper Green, Powerica & Cu-Built At INR3.51/kWh - ",Wind,250.0,"open the Award URL, confirm the winner, then record it in manual_awards.csv",https://news.google.com/rss/articles/CBMi4wFBVV95cUxQeWlkdDVadzlRTVlxX1FVYllUOTRVY01KaWlvanJXSk82cktfa0MyOTJuM211RWRCY1kwWklJV3NTOGdndmxBX3BzeEFCbE9qRnpVQ1I3S290QVl1VWVzY0V2T2lVVG5WTVBfQkFFdldYQUxvRmNJSmYwbVNVU09vTXl6dGxQOVBUQ3B0UkdKa1lBYk1LNXNUcnNMZG95V24zMExmUDNOUFhqekJaRjBiandPa2J4dmRyVEtYNExLVmlwSXB1WFZhd01oMERCRVhkUUtvcjhidXNob0tEVTlEeGY4MNIB6AFBVV95cUxPZENNdENxLTYzckdwZFA0YTRJcHk5RzlBM0tZWE5mMVlZT0ptTS1QdWRRTng1Mnp3N1hnc1hNdG9sLTlFZXdGOFJ0bjd1c1dyVTFLSVlpY3JwN3JmRVlKRnpfQTkxbzlJamM1Z0hSZmFvSnRWekZmSW5vYlBvVENodzVlb2pkOV9UX21lVFN4ZHg0QmhBNU8wNDFMY1hWT2NTdWlWR1Y2cm5YZGJ6aTdldzlhaUJDTVlkYThLUGJOZFNLd0ZVMFQ2WjdWTngxMlJiSHNMSFBwVm5QSmVaV0ZPaVJJMmxnbHdu?oc=5,https://news.google.com/rss/articles/CBMi4wFBVV95cUxQeWlkdDVadzlRTVlxX1FVYllUOTRVY01KaWlvanJXSk82cktfa0MyOTJuM211RWRCY1kwWklJV3NTOGdndmxBX3BzeEFCbE9qRnpVQ1I3S290QVl1VWVzY0V2T2lVVG5WTVBfQkFFdldYQUxvRmNJSmYwbVNVU09vTXl6dGxQOVBUQ3B0UkdKa1lBYk1LNXNUcnNMZG95V24zMExmUDNOUFhqekJaRjBiandPa2J4dmRyVEtYNExLVmlwSXB1WFZhd01oMERCRVhkUUtvcjhidXNob0tEVTlEeGY4MNIB6AFBVV95cUxPZENNdENxLTYzckdwZFA0YTRJcHk5RzlBM0tZWE5mMVlZT0ptTS1QdWRRTng1Mnp3N1hnc1hNdG9sLTlFZXdGOFJ0bjd1c1dyVTFLSVlpY3JwN3JmRVlKRnpfQTkxbzlJamM1Z0hSZmFvSnRWekZmSW5vYlBvVENodzVlb2pkOV9UX21lVFN4ZHg0QmhBNU8wNDFMY1hWT2NTdWlWR1Y2cm5YZGJ6aTdldzlhaUJDTVlkYThLUGJOZFNLd0ZVMFQ2WjdWTngxMlJiSHNMSFBwVm5QSmVaV0ZPaVJJMmxnbHdu?oc=5
WINNER_UNVERIFIED,HIGH,T-760f9f0bf997,NLC India,"NLC, Juniper, Powerica, Cu-Built Win GUVNL’s 250 MW Wind Power Auction - Energetica India Magazine",Wind,250.0,"open the Award URL, confirm the winner, then record it in manual_awards.csv",https://news.google.com/rss/articles/CBMipwFBVV95cUxNOFJiYWhUWHl0TTB4Z3VIYnFCNzhUcC13bEpNNTNmUlJENk9hdDR5Z1dzN3EzUnYxQ2ZXYzV6M0t0aFZVSmUwTmR4QmhCM1JXSlNVYlhzcE10NndxNUJwbUpoME5sY2NGXzJpSHp3eUVUNGxaOG1abEh2enNDWHV1YzZna0gwckFCTjJMNGEwNUJOdWo0OWtab2NxVTVERkpMUl81bGtONA?oc=5,https://news.google.com/rss/articles/CBMipwFBVV95cUxNOFJiYWhUWHl0TTB4Z3VIYnFCNzhUcC13bEpNNTNmUlJENk9hdDR5Z1dzN3EzUnYxQ2ZXYzV6M0t0aFZVSmUwTmR4QmhCM1JXSlNVYlhzcE10NndxNUJwbUpoME5sY2NGXzJpSHp3eUVUNGxaOG1abEh2enNDWHV1YzZna0gwckFCTjJMNGEwNUJOdWo0OWtab2NxVTVERkpMUl81bGtONA?oc=5
WINNER_UNVERIFIED,HIGH,T-37b17d1a1f46,NLC India,NLC India Awards 250 MW/500 MWh BESS EPC Contract To Pace Digitek In Tamil Nadu - SolarQuarter,Solar + Storage,250.0,"open the Award URL, confirm the winner, then record it in manual_awards.csv",https://news.google.com/rss/articles/CBMitwFBVV95cUxNXzRiRGMxajZPcERfdTlrRzlSdUg2QVhzekxkeE50MzhtdG1sZXE3RkdUWk1HTlVybmVJLXBkWlBLLWxuZlZDNE1JSU5mb2xaVUJsZjFkR0pxMkhyVmxWYkFZNmVrU01OS2s1THB3YklNazhLajVZd2N4T0JCWWZCMG5odGU2ZW1lX2c0SjRvLWdvblE1SHlsZWNTYWFhMUd3OTdXYVBncUVXSWM5dHZXWEhDRmVoM0k?oc=5,https://news.google.com/rss/articles/CBMitwFBVV95cUxNXzRiRGMxajZPcERfdTlrRzlSdUg2QVhzekxkeE50MzhtdG1sZXE3RkdUWk1HTlVybmVJLXBkWlBLLWxuZlZDNE1JSU5mb2xaVUJsZjFkR0pxMkhyVmxWYkFZNmVrU01OS2s1THB3YklNazhLajVZd2N4T0JCWWZCMG5odGU2ZW1lX2c0SjRvLWdvblE1SHlsZWNTYWFhMUd3OTdXYVBncUVXSWM5dHZXWEhDRmVoM0k?oc=5
WINNER_UNVERIFIED,HIGH,T-b5f86f00d1d1,NVVN,"Sunsure Energy and EnerGrid Win NVVN’s 250 MW/1,000 MWh BESS Auction - Energetica India Magazine",Energy Storage (BESS),250.0,"open the Award URL, confirm the winner, then record it in manual_awards.csv",https://news.google.com/rss/articles/CBMipwFBVV95cUxQWkVhZDdsd3M1MllmTDZDd3ZXWmpEelJyakxVQlptZXN1VzNKQ2NXekRudnpHYmVBZHNrck8tU2ZrbXc1cWdyaGYxTUdUSHFuQmgydkY2VlFUU0FHMnd2a0FyRDQ5QnlLWlFsNVVXOFhUc0ZBdXFkTWVwYWpuVXQxSTJCNkFDZUw3eDk1TTZfbEx6NW9mUjVIdUpLTHlzYnpja3Y3MTJuRQ?oc=5,https://news.google.com/rss/articles/CBMipwFBVV95cUxQWkVhZDdsd3M1MllmTDZDd3ZXWmpEelJyakxVQlptZXN1VzNKQ2NXekRudnpHYmVBZHNrck8tU2ZrbXc1cWdyaGYxTUdUSHFuQmgydkY2VlFUU0FHMnd2a0FyRDQ5QnlLWlFsNVVXOFhUc0ZBdXFkTWVwYWpuVXQxSTJCNkFDZUw3eDk1TTZfbEx6NW9mUjVIdUpLTHlzYnpja3Y3MTJuRQ?oc=5
WINNER_UNVERIFIED,HIGH,T-ed8a197bf7c0,NVVN,"Tender Result: Sunsure, EnerGrid Win NVVN’s 250 MW/1,000 MWh BESS Project - Saur Energy",Energy Storage (BESS),250.0,"open the Award URL, confirm the winner, then record it in manual_awards.csv",https://news.google.com/rss/articles/CBMiqwFBVV95cUxPSUc2NFlYeXFIcXBXZzR3M3hLbVFLRzFmM1NUZFJaWHVDeVFRc3hSbkdsREQzYXVyZ0pBN0NDdGdGbnVvMWlaNnE3Nkd2YllFNDlKUVZ3Yzdyd0lWTlhyaXhJSTZBTHRZUDg0amtObzF4NVFDOF92SFhTZjZFYjBLT2pSX1N4N0MxZ1FYeVRqbml1SUVXX2NXTVgxa0xpaUNBa1NMRE44aEJVczQ?oc=5,https://news.google.com/rss/articles/CBMiqwFBVV95cUxPSUc2NFlYeXFIcXBXZzR3M3hLbVFLRzFmM1NUZFJaWHVDeVFRc3hSbkdsREQzYXVyZ0pBN0NDdGdGbnVvMWlaNnE3Nkd2YllFNDlKUVZ3Yzdyd0lWTlhyaXhJSTZBTHRZUDg0amtObzF4NVFDOF92SFhTZjZFYjBLT2pSX1N4N0MxZ1FYeVRqbml1SUVXX2NXTVgxa0xpaUNBa1NMRE44aEJVczQ?oc=5
WINNER_UNKNOWN,HIGH,T-fe15bf1bbbfb,NTPC,"EPC Package for Development of 245 MW (Plot-16) Grid Connected Solar PV Project in South Block of Khavda RE Park, Rann o",Solar,245.0,material tender closed with no winner found; search the agency site,https://ntpctender.ntpc.co.in/NITDetails/NITs/28643,
WINNER_UNKNOWN,HIGH,T-fde0ead488aa,NTPC,Land and Power Evacuation Package for Development of 240 MW ISTS connected Solar PV Projects with Battery Energy Storage,Transmission / Evacuation,240.0,material tender closed with no winner found; search the agency site,https://ntpctender.ntpc.co.in/NITDetails/NITs/28414,
WINNER_UNKNOWN,HIGH,T-0927eb756d66,NTPC,"EPC PACKAGE FOR DEVELOPMENT OF 240MW (1x240MW) GRID CONNECTED SOLAR PV PROJECTS NEAR DEVIKOT, RAJASTHAN",Solar,240.0,material tender closed with no winner found; search the agency site,https://ntpctender.ntpc.co.in/NITDetails/NITs/29917,
WINNER_UNKNOWN,HIGH,T-a3dcdb8d4277,NTPC,EPC PACKAGE FOR DEVELOPMENT OF 240 MW/ 960 MWH ISTS CONNECTED BESS AT NTPC REL DEVIKOT SOLAR PLANT,Solar + Storage,240.0,material tender closed with no winner found; search the agency site,https://ntpctender.ntpc.co.in/NITDetails/NITs/29973,
WINNER_UNKNOWN,HIGH,T-19ccf24b8c17,NTPC,LAND AND POWER EVACUATION PACKAGE FOR DEVELOPMENT OF 230MW ISTS CONNECTED SOLAR PV PROJECTS WITH BATTERY ENERGY STORAGE ,Transmission / Evacuation,230.0,material tender closed with no winner found; search the agency site,https://ntpctender.ntpc.co.in/NITDetails/NITs/28461,
WINNER_UNVERIFIED,HIGH,T-62c2fe187de2,SECI,Juniper Green Energy Wins 230 MW in SECI’s 1 GW FDRE Round-the-Clock Renewable Energy Tender - SolarQuarter,Unclassified,230.0,"open the Award URL, confirm the winner, then record it in manual_awards.csv",https://news.google.com/rss/articles/CBMixwFBVV95cUxQQnBqS1NBUmJsR1lGMVUyZDdudkc1Z1RIc0ZlNW5iXzRqSEs1Skh2amlKZXhBZ05oMFFsTnhHMXYyQ3ZNcFZWdS1sSWUtczZXR0U5MjhDQkZveTk0UjJrdkltSDhFOE02T3ZuTWVmLWI4aDdMNUl5NGl1T00tN2Y0YTZkNWFkOUZGTEpLNDFUdFEwM3FBUUE4dmhjaVJNcHNDX3RwRl9CaERuR25tMDVBRFFsSXF1T0ZOWmM0ejd6aTZFUXdBY0hr?oc=5,https://news.google.com/rss/articles/CBMixwFBVV95cUxQQnBqS1NBUmJsR1lGMVUyZDdudkc1Z1RIc0ZlNW5iXzRqSEs1Skh2amlKZXhBZ05oMFFsTnhHMXYyQ3ZNcFZWdS1sSWUtczZXR0U5MjhDQkZveTk0UjJrdkltSDhFOE02T3ZuTWVmLWI4aDdMNUl5NGl1T00tN2Y0YTZkNWFkOUZGTEpLNDFUdFEwM3FBUUE4dmhjaVJNcHNDX3RwRl9CaERuR25tMDVBRFFsSXF1T0ZOWmM0ejd6aTZFUXdBY0hr?oc=5
WINNER_UNKNOWN,HIGH,T-393760614a19,NTPC,"Development of 225 MW Solar PV Power Project at Bilhaur, Uttar Pradesh",Solar,225.0,material tender closed with no winner found; search the agency site,https://ntpctender.ntpc.co.in/NITDetails/NITs/18104,
WINNER_UNKNOWN,HIGH,T-b0aa9f04d11a,NTPC,Comprehensive Operation and Maintenance of 225 MW Bilhaur Solar Power Project.,Solar,225.0,material tender closed with no winner found; search the agency site,https://ntpctender.ntpc.co.in/NITDetails/NITs/26884,
WINNER_UNKNOWN,HIGH,T-de15f70d1bf2,NTPC,"EPC PACKAGE FOR DEVELOPMENT OF 225MW GRID CONNECTED SOLAR PV PROJECTS AT GSECL SOLAR PARK (STAGE-III), KHAVDA",Solar,225.0,material tender closed with no winner found; search the agency site,https://ntpctender.ntpc.co.in/NITDetails/NITs/27139,
WINNER_UNKNOWN,HIGH,T-8f1afab1e6dd,NTPC,DEVELOPMENT OF WIND ENERGY PROJECT WITH 215MW CAPACITY FOR INGEL AT ISTS SUBSTATION ANANTAPUR-II IN ANDHRA PRADESH (TRAN,Transmission / Evacuation,215.0,material tender closed with no winner found; search the agency site,https://ntpctender.ntpc.co.in/NITDetails/NITs/29458,
WINNER_UNKNOWN,HIGH,T-3f8659e53df5,NTPC,"Appointment Of Consultant (Including Hiring Of DOE) For Registration, Validation & Verification Exercise For First 05 Ye",Solar,200.0,material tender closed with no winner found; search the agency site,https://ntpctender.ntpc.co.in/NITDetails/NITs/23698,
WINNER_UNKNOWN,HIGH,T-a6b2d538221c,NTPC,EPC PACKAGE WITH LAND FOR STU GRID CONNECTED SOLAR PV PROJECTS (UPTO 200MW) IN MADHYA PRADESH.,Solar,200.0,material tender closed with no winner found; search the agency site,https://ntpctender.ntpc.co.in/NITDetails/NITs/24541,
WINNER_UNKNOWN,HIGH,T-1aab8a777ca0,SECI,"200 MW BoS Tender at Dhar, MP",Unclassified,200.0,material tender closed with no winner found; search the agency site,https://www.seci.co.in/tender-details/YWt-,
WINNER_UNKNOWN,HIGH,1aab8a777ca0,SECI,"200 MW BoS Tender at Dhar, MP",Unclassified,200.0,material tender closed with no winner found; search the agency site,https://www.seci.co.in/tender-details/YWt-,
WINNER_UNKNOWN,HIGH,T-67465aa83379,NTPC,"BALANCE OF SYSTEM (BOS) PACKAGE FOR DEVELOPMENT OF 200MW GRID CONNECTED SOLAR PV PROJECT AT BIKANER, RAJASTHAN",Solar,200.0,material tender closed with no winner found; search the agency site,https://ntpctender.ntpc.co.in/NITDetails/NITs/29651,
WINNER_UNVERIFIED,HIGH,T-08873d53680b,NTPC,NTPC Green Energy Wins 200 MW/800 MWh BESS Project In West Bengal - SolarQuarter,Solar + Storage,200.0,"open the Award URL, confirm the winner, then record it in manual_awards.csv",https://news.google.com/rss/articles/CBMipAFBVV95cUxOQU5ndnpsQVBDeWZlZ1UtNEpZR3lnakRxMU1IcF91b29BUE9CbHlCbklUeWtxQUhrdVpmS2RVSkxkYnBtUmVFWUpsRkZRMGdzU0JOZUROSFFiSFBkQ1NBMG5mMzVob1p0RlQzZWpjY3BiMEdmVlphMHhhaHR1WVllQXlaN2tDM0NlWGZWWFZrMllYTm5YdDlYbThqY3FoZWxNZ3B1TQ?oc=5,https://news.google.com/rss/articles/CBMipAFBVV95cUxOQU5ndnpsQVBDeWZlZ1UtNEpZR3lnakRxMU1IcF91b29BUE9CbHlCbklUeWtxQUhrdVpmS2RVSkxkYnBtUmVFWUpsRkZRMGdzU0JOZUROSFFiSFBkQ1NBMG5mMzVob1p0RlQzZWpjY3BiMEdmVlphMHhhaHR1WVllQXlaN2tDM0NlWGZWWFZrMllYTm5YdDlYbThqY3FoZWxNZ3B1TQ?oc=5
WINNER_UNVERIFIED,HIGH,T-f504d9c8dc54,SECI,EQT-backed Resolven bags 200 MW SECI wind project in Karnataka - ET EnergyWorld,Wind,200.0,"open the Award URL, confirm the winner, then record it in manual_awards.csv",https://news.google.com/rss/articles/CBMixgFBVV95cUxQazJDclZRMlZONk5YQ3EzUVVpYWNMbEVGWThWbVhoUVozdHFuSkVnZlgwSlNZbURmTjkxNEFwbVRNV0VnbnJ6VnktOHAtOFFob3NLT20zMGJyQm9zQkRScEJaeGNzYnJ2T0lFMUhLTEhISmxfZkg1NHBoS0VPTWdCdG9xbEtvT2VJWDNlS1g2MTNJU3h0dHBoRXVPRFgwTnk5NnliUXlVWl9IaGxvdU1yX25McHhIQ0dKOTN2dlpzSDVTNjE2aEHSAcsBQVVfeXFMTXhXUk1rb3Z3WE5XWGdZbjVTMlVfckQ5Nmxfcld1MDZhLTJwRmtTMlFBSm94ai1jbEczT1Myam44d1hmcWwxa2VlSWoydERuYW81dUs3eEZKOEkyWGNoY1lKT0lZQlJFNnRnNXlBSzJYMklTaEg2a0JraVQ1R1RUUUQyX21WYWgtZUpkTXVjS3d3YnFzNVI5dGtocnZobmxCWGIxS2dDcGs3T1B5Z1hMNDJXVDB1TmlORmZKakNoTmpBVGUxc1p3MUpHT3c?oc=5,https://news.google.com/rss/articles/CBMixgFBVV95cUxQazJDclZRMlZONk5YQ3EzUVVpYWNMbEVGWThWbVhoUVozdHFuSkVnZlgwSlNZbURmTjkxNEFwbVRNV0VnbnJ6VnktOHAtOFFob3NLT20zMGJyQm9zQkRScEJaeGNzYnJ2T0lFMUhLTEhISmxfZkg1NHBoS0VPTWdCdG9xbEtvT2VJWDNlS1g2MTNJU3h0dHBoRXVPRFgwTnk5NnliUXlVWl9IaGxvdU1yX25McHhIQ0dKOTN2dlpzSDVTNjE2aEHSAcsBQVVfeXFMTXhXUk1rb3Z3WE5XWGdZbjVTMlVfckQ5Nmxfcld1MDZhLTJwRmtTMlFBSm94ai1jbEczT1Myam44d1hmcWwxa2VlSWoydERuYW81dUs3eEZKOEkyWGNoY1lKT0lZQlJFNnRnNXlBSzJYMklTaEg2a0JraVQ1R1RUUUQyX21WYWgtZUpkTXVjS3d3YnFzNVI5dGtocnZobmxCWGIxS2dDcGs3T1B5Z1hMNDJXVDB1TmlORmZKakNoTmpBVGUxc1p3MUpHT3c?oc=5
WINNER_UNVERIFIED,HIGH,T-cc515c96331c,SECI,Resolven wins 200 MW SECI wind project in Karnataka - Manufacturing Today India,Wind,200.0,"open the Award URL, confirm the winner, then record it in manual_awards.csv",https://news.google.com/rss/articles/CBMic0FVX3lxTFBzZy1YekltdTFLSWZKck9TYkNBdExkRmYzakg1c2dJVWhmQmRRRXlSZ01OcThqZE5vcmpjOHQ0QkstdnJ0MzNFLXIta0hzaFcwVDFibDRBcnJyRmtpNmVXZzRJR1FHZFRfTzlZaXdGamswM0U?oc=5,https://news.google.com/rss/articles/CBMic0FVX3lxTFBzZy1YekltdTFLSWZKck9TYkNBdExkRmYzakg1c2dJVWhmQmRRRXlSZ01OcThqZE5vcmpjOHQ0QkstdnJ0MzNFLXIta0hzaFcwVDFibDRBcnJyRmtpNmVXZzRJR1FHZFRfTzlZaXdGamswM0U?oc=5
WINNER_UNVERIFIED,HIGH,T-dbef980519c3,MPPMCL,Ayana Renewable Power Wins 193 MW in MPPMCL's 800 MW Wind Power Auction - energetica-india.net,Wind,193.0,"open the Award URL, confirm the winner, then record it in manual_awards.csv",https://news.google.com/rss/articles/CBMirAFBVV95cUxNdVVydDVCWFNad1U5LVZWbEladm51YVptMlBHMFhjN3NRWmJ1R0NVLVRaT0VSeUZKLWMtMlYyNFYtaVZ4U2lNVldCVWRBVmEzVXo1WHRUR21td2VTTHFDMEJWTUh1OWR6eFRndHJ0bHZMMjdac1FHdTFKYlBhNzVlYWg2UFE5R3hWN1hFNTQtYXVBN0EtbHM0Q2x2OVl4RWRnNzRTQnlGNXZ4ZlFm?oc=5,https://news.google.com/rss/articles/CBMirAFBVV95cUxNdVVydDVCWFNad1U5LVZWbEladm51YVptMlBHMFhjN3NRWmJ1R0NVLVRaT0VSeUZKLWMtMlYyNFYtaVZ4U2lNVldCVWRBVmEzVXo1WHRUR21td2VTTHFDMEJWTUh1OWR6eFRndHJ0bHZMMjdac1FHdTFKYlBhNzVlYWg2UFE5R3hWN1hFNTQtYXVBN0EtbHM0Q2x2OVl4RWRnNzRTQnlGNXZ4ZlFm?oc=5
WINNER_UNKNOWN,HIGH,T-ac9dcd99b0a5,NTPC,SELECTION OF SOLAR POWER DEVELOPER FOR SETTING UP 190 MW GRID-CONNECTED SOLAR PV POWER PROJECT AT NOKH SOLAR PARK IN RAJ,Solar,190.0,material tender closed with no winner found; search the agency site,https://ntpctender.ntpc.co.in/NITDetails/NITs/22751,
WINNER_UNKNOWN,HIGH,T-df1323d2d006,NTPC,Invitation for Bids (IFB) for 150 MW ISTS Connected Wind Energy Project (S) Anywhere in India.,Wind,150.0,material tender closed with no winner found; search the agency site,https://ntpctender.ntpc.co.in/NITDetails/NITs/23957,
WINNER_UNKNOWN,HIGH,T-a68b8841f181,NTPC,"LAND AND POWER EVACUATION PACKAGE FOR DEVELOPMENT OF 150 MW ISTS CONNECTED SOLAR PV PROJECTS IN BHADLA, RAJASTHAN.",Transmission / Evacuation,150.0,material tender closed with no winner found; search the agency site,https://ntpctender.ntpc.co.in/NITDetails/NITs/26838,
WINNER_UNVERIFIED,HIGH,T-5b49e0adb96b,SECI,BC Jindal Wins 150 MW Round-the-Clock Renewable Power Contract from SECI - Saur Energy,Unclassified,150.0,"open the Award URL, confirm the winner, then record it in manual_awards.csv",https://news.google.com/rss/articles/CBMixAFBVV95cUxNZlhzX0h3ajJHU3FqaW9rOG41TkxoRFNVRFoweUVYRDNXQWhUY0tUM2lDcmdBd2FGTmhQNDV6WHE2QS1FaXBLNHVSUXZ0b0FpRVFnUXBJWUpZX1k1MkIzd1JrQ2VPR2p3QU9rT2s2UEdZWHpkWTR6T0x5cG5ManY1NVR6RE9rNDNJeTNnaEhmZHEyOWU5YmRoSnpsX3JvQllqZnVodW8wRFc5TUVFR01PaUNIZlhjVTF4VG4wM19OZEpBOGFl?oc=5,https://news.google.com/rss/articles/CBMixAFBVV95cUxNZlhzX0h3ajJHU3FqaW9rOG41TkxoRFNVRFoweUVYRDNXQWhUY0tUM2lDcmdBd2FGTmhQNDV6WHE2QS1FaXBLNHVSUXZ0b0FpRVFnUXBJWUpZX1k1MkIzd1JrQ2VPR2p3QU9rT2s2UEdZWHpkWTR6T0x5cG5ManY1NVR6RE9rNDNJeTNnaEhmZHEyOWU5YmRoSnpsX3JvQllqZnVodW8wRFc5TUVFR01PaUNIZlhjVTF4VG4wM19OZEpBOGFl?oc=5
WINNER_UNVERIFIED,HIGH,T-01025727d20d,SJVN,Sembcorp Wins 150 MW FDRE Project from SJVN - Energetica India Magazine,Unclassified,150.0,"open the Award URL, confirm the winner, then record it in manual_awards.csv",https://news.google.com/rss/articles/CBMiiAFBVV95cUxPcjNkMWdPTGgwRi05TnF3UmU4ZVQ2blZuRHFVWkRQUDVqTkJwWDExTHlBVzhvOExMa1FQX1V4NUJlZzdTUEc2dmFDZ2FHQmFIeTZaTkJBMkY0ZTFZOWRBT2tlTi1lalBIS05TNFZ4RTdCVDRQclpzOFpETlFhdW1uNzNtU1pNT3NH?oc=5,https://news.google.com/rss/articles/CBMiiAFBVV95cUxPcjNkMWdPTGgwRi05TnF3UmU4ZVQ2blZuRHFVWkRQUDVqTkJwWDExTHlBVzhvOExMa1FQX1V4NUJlZzdTUEc2dmFDZ2FHQmFIeTZaTkJBMkY0ZTFZOWRBT2tlTi1lalBIS05TNFZ4RTdCVDRQclpzOFpETlFhdW1uNzNtU1pNT3NH?oc=5
WINNER_UNVERIFIED,HIGH,T-2d18ce3f4793,SJVN,Sembcorp secures 150 MW firm renewable project from SJVN - ET EnergyWorld,Unclassified,150.0,"open the Award URL, confirm the winner, then record it in manual_awards.csv",https://news.google.com/rss/articles/CBMiwwFBVV95cUxOVGxhWWFJUU9oSmJjMHU3eVdaQl9jMEpWWUxHRHdwbS03amRUc3QyMURkcUFobjNIWW13VG1mWnhuam9PeUl2TVJMU080V0pKc2x2S0ZNODJDaUNmazgxOWItdUgtaENvc3NmbVZXUlpaa2xFRHJqa01CbnlGYTBBYnpkX3J0NE42OUtoWU9oeGdDRGRFbS0tU3hCeGE1WTN0YjV4OVRSLWM1RVhkMktBN2puclV6c1FaN1FPSFRjTDdkd3fSAcgBQVVfeXFMUHlFLXg0cUtiV2Y4QmlQdFN4dlkxdkNoS0JTeEtwUm13SkdFZGZGZV9HaklzWDNiLTAtVUEyak52cWRiVWJ4Q0FPUDYzbl9xQk05d2NCQV94S0tPaG1KZkU3d1VEcFk0bVBnaC1lZXZ3WVZyQ0d2aEF6YU5xNUN1VmhtTUVkdllDMWJzVkd1cF9TZUN0cTBJb3VTZ1dVLWhjOFN3VDZVaURwb2dVM2NJcnZKT0tvSDRVZ1dPMlhjMDFpLXhhTTF5T1A?oc=5,https://news.google.com/rss/articles/CBMiwwFBVV95cUxOVGxhWWFJUU9oSmJjMHU3eVdaQl9jMEpWWUxHRHdwbS03amRUc3QyMURkcUFobjNIWW13VG1mWnhuam9PeUl2TVJMU080V0pKc2x2S0ZNODJDaUNmazgxOWItdUgtaENvc3NmbVZXUlpaa2xFRHJqa01CbnlGYTBBYnpkX3J0NE42OUtoWU9oeGdDRGRFbS0tU3hCeGE1WTN0YjV4OVRSLWM1RVhkMktBN2puclV6c1FaN1FPSFRjTDdkd3fSAcgBQVVfeXFMUHlFLXg0cUtiV2Y4QmlQdFN4dlkxdkNoS0JTeEtwUm13SkdFZGZGZV9HaklzWDNiLTAtVUEyak52cWRiVWJ4Q0FPUDYzbl9xQk05d2NCQV94S0tPaG1KZkU3d1VEcFk0bVBnaC1lZXZ3WVZyQ0d2aEF6YU5xNUN1VmhtTUVkdllDMWJzVkd1cF9TZUN0cTBJb3VTZ1dVLWhjOFN3VDZVaURwb2dVM2NJcnZKT0tvSDRVZ1dPMlhjMDFpLXhhTTF5T1A?oc=5
WINNER_UNVERIFIED,HIGH,T-351318dfbbe8,SJVN,BluPine Energy Bags 150 MW in SJVN’s FDRE Auction - Energetica India Magazine,Unclassified,150.0,"open the Award URL, confirm the winner, then record it in manual_awards.csv",https://news.google.com/rss/articles/CBMijwFBVV95cUxQdDBwVkhTSUxaRVJUcUhYWHk5VUxZekJhRldCOUlYLUZDY2ZobFdYMXM5LUhueXFoSkxWUE5hcDJDREJNNDZiMUpnN2djemZ3dDd6TVpGMU93SDNRQmNmVzBzSUhzZWR1T2RPaDBCZERacWlzejF2WUpwSUwxRDNHNjVIams0ckZKclNlMWxvaw?oc=5,https://news.google.com/rss/articles/CBMijwFBVV95cUxQdDBwVkhTSUxaRVJUcUhYWHk5VUxZekJhRldCOUlYLUZDY2ZobFdYMXM5LUhueXFoSkxWUE5hcDJDREJNNDZiMUpnN2djemZ3dDd6TVpGMU93SDNRQmNmVzBzSUhzZWR1T2RPaDBCZERacWlzejF2WUpwSUwxRDNHNjVIams0ckZKclNlMWxvaw?oc=5
WINNER_UNKNOWN,HIGH,T-d8fe1d193335,NTPC,Selection of Solar Power Developers in the State of Rajasthan for total capacity of 130 MW (10MW x 13 Projects) under Op,Solar,130.0,material tender closed with no winner found; search the agency site,https://ntpctender.ntpc.co.in/NITDetails/NITs/15357,
WINNER_UNKNOWN,HIGH,T-5d73bfa178ee,SECI,REQUEST FOR SELECTION (RFS) DOCUMENT FOR SETTING UP OF 125 MW/ 500 MWH STANDALONE BATTERY ENERGY STORAGE SYSTEM IN KERAL,Energy Storage (BESS),125.0,material tender closed with no winner found; search the agency site,https://www.seci.co.in/tender-details/YWp2,
WINNER_UNKNOWN,HIGH,5d73bfa178ee,SECI,REQUEST FOR SELECTION (RFS) DOCUMENT FOR SETTING UP OF 125 MW/ 500 MWH STANDALONE BATTERY ENERGY STORAGE SYSTEM IN KERAL,Energy Storage (BESS),125.0,material tender closed with no winner found; search the agency site,https://www.seci.co.in/tender-details/YWp2,
WINNER_UNKNOWN,HIGH,T-361c070c7904,SECI,RfS for setting up of Projects of 125 MW/ 500 MWh Standalone BESS in Odisha with Viability Gap Funding supported through,Energy Storage (BESS),125.0,material tender closed with no winner found; search the agency site,https://www.seci.co.in/tender-details/YmB_,
WINNER_UNKNOWN,HIGH,361c070c7904,SECI,RfS for setting up of Projects of 125 MW/ 500 MWh Standalone BESS in Odisha with Viability Gap Funding supported through,Energy Storage (BESS),125.0,material tender closed with no winner found; search the agency site,https://www.seci.co.in/tender-details/YmB_,
WINNER_UNVERIFIED,HIGH,T-17f8188254d8,NHPC,"NHPC Awards 125 MW/500 MWh BESS Tender With VGF to NTPC, Opera, Tata Power in Kerala - Saur Energy",Energy Storage (BESS),125.0,"open the Award URL, confirm the winner, then record it in manual_awards.csv",https://news.google.com/rss/articles/CBMizwFBVV95cUxOdGlaMHV2WW0zYnZzdk16TC10dHNmT0Z5VTBwRUVqdnJFQkZuT3RLU2toWXo3SXc2T20yaEhhM2NGd0Q1OFlMOXZMUDc0YnJOeF9MNEN3NXpKNFFndllmU2x6RTBYVUI0NzJNUEpIOW5ubjlORExTamVCVDlJZWd0NW1qamt5bV9RemQ1NnVzWEpNSHlLWUVrX3p2WFp4YTJWck9rUkplamRBbS1qV3RkRXd6ZV9kVDVjSUxjT193Wm9rUUV1QUlxY0pZbWRsVG8?oc=5,https://news.google.com/rss/articles/CBMizwFBVV95cUxOdGlaMHV2WW0zYnZzdk16TC10dHNmT0Z5VTBwRUVqdnJFQkZuT3RLU2toWXo3SXc2T20yaEhhM2NGd0Q1OFlMOXZMUDc0YnJOeF9MNEN3NXpKNFFndllmU2x6RTBYVUI0NzJNUEpIOW5ubjlORExTamVCVDlJZWd0NW1qamt5bV9RemQ1NnVzWEpNSHlLWUVrX3p2WFp4YTJWck9rUkplamRBbS1qV3RkRXd6ZV9kVDVjSUxjT193Wm9rUUV1QUlxY0pZbWRsVG8?oc=5
WINNER_UNVERIFIED,HIGH,T-4d5e7f9d49a8,NHPC,NTPC Green Energy and Opera Energy Win NHPC’s 125 MW/500 MWh BESS Auction in Kerala - Energetica India Magazine,Energy Storage (BESS),125.0,"open the Award URL, confirm the winner, then record it in manual_awards.csv",https://news.google.com/rss/articles/CBMiuwFBVV95cUxPV1pxUHNLcEtWTGRUZzNJZmpEd0M4cHQ2aUdwX1F2R3FnTkYyZ0k0Z2d2bjkxLWJOazJtV0RTTmJDbklocE9vLTV3RExkQnRnZTV6ZkZxZTNvd0tIb3V6ZWtFbUxFNGZjTTBJdEhBX01NS3pRdEZEa2ZaVEhMVVlEOFJvTl9zMDB5bU5aMkpTSW1vYVFzMlZvbUpYX0J6dUZkSlF0VEpSbWZFNzVpTlJTel9CYlBMX2tmQ2NF?oc=5,https://news.google.com/rss/articles/CBMiuwFBVV95cUxPV1pxUHNLcEtWTGRUZzNJZmpEd0M4cHQ2aUdwX1F2R3FnTkYyZ0k0Z2d2bjkxLWJOazJtV0RTTmJDbklocE9vLTV3RExkQnRnZTV6ZkZxZTNvd0tIb3V6ZWtFbUxFNGZjTTBJdEhBX01NS3pRdEZEa2ZaVEhMVVlEOFJvTl9zMDB5bU5aMkpTSW1vYVFzMlZvbUpYX0J6dUZkSlF0VEpSbWZFNzVpTlJTel9CYlBMX2tmQ2NF?oc=5
WINNER_UNKNOWN,HIGH,T-c822f4218fa6,NTPC,120 MW GROUND MOUNTED AND 56 MW FLOATING SOLAR PV PROJECT AT NTPC RAMAGUNDAM STPS.,Floating Solar,120.0,material tender closed with no winner found; search the agency site,https://ntpctender.ntpc.co.in/NITDetails/NITs/26150,
WINNER_UNKNOWN,HIGH,T-de72af94b2a5,NTPC,SUPPLY AND INSTALLATION OF WIND TURBINE GENERATORS FOR ISTS-CONNECTED WIND ENERGY PROJECT WITH NOMINAL CAPACITY OF 110 M,Wind,110.0,material tender closed with no winner found; search the agency site,https://ntpctender.ntpc.co.in/NITDetails/NITs/25983,
WINNER_UNKNOWN,HIGH,T-651ca70bdb18,NTPC,SUPPLY AND INSTALLATION OF WIND TURBINE GENERATORS FOR ISTS-CONNECTED WIND ENERGY PROJECT WITH NOMINAL CAPACITY OF 110 M,Wind,110.0,material tender closed with no winner found; search the agency site,https://ntpctender.ntpc.co.in/NITDetails/NITs/26949,
WINNER_UNKNOWN,HIGH,T-8885e9602ec6,NTPC,SUPPLY AND INSTALLATION OF WIND TURBINE GENERATORS FOR ISTS-CONNECTED WIND ENERGY PROJECT WITH NOMINAL CAPACITY OF 110 M,Wind,110.0,material tender closed with no winner found; search the agency site,https://ntpctender.ntpc.co.in/NITDetails/NITs/28285,
WINNER_UNKNOWN,HIGH,T-d58cf9505679,NTPC,"BALANCE OF SYSTEM PACKAGE FOR 110 MW WIND ENERGY PROJECT AT KHAVDA, GUJARAT",Wind,110.0,material tender closed with no winner found; search the agency site,https://ntpctender.ntpc.co.in/NITDetails/NITs/30059,
WINNER_UNKNOWN,HIGH,T-8572ea4e6c43,NTPC,Selection of Solar Power Developers in the State of Rajasthan for total capacity of 100 MW (10MW x 10 Projects) under DC,Solar,100.0,material tender closed with no winner found; search the agency site,https://ntpctender.ntpc.co.in/NITDetails/NITs/14364,
WINNER_UNKNOWN,HIGH,T-0029e937e68a,NTPC,Selection of Solar Power Developers for setting up Grid-Connected Solar PV Power Projects of 100 MW (50 MW x 02 Projects,Solar,100.0,material tender closed with no winner found; search the agency site,https://ntpctender.ntpc.co.in/NITDetails/NITs/16253,
WINNER_UNKNOWN,HIGH,T-1f1d044d99d5,NTPC,100MW (2X50MW) WIND ENERGY PROJECT(S) IN GUJARAT,Wind,100.0,material tender closed with no winner found; search the agency site,https://ntpctender.ntpc.co.in/NITDetails/NITs/16745,
WINNER_UNKNOWN,HIGH,T-2f139ac31969,NTPC,IFB For Development of 100 MW Floating Solar PV Project at NTPC Ramagundam in Telangana,Floating Solar,100.0,material tender closed with no winner found; search the agency site,https://ntpctender.ntpc.co.in/NITDetails/NITs/19869,
WINNER_UNKNOWN,HIGH,T-bebe9e3dd6ab,NTPC,IFB For Purchase of Power from existing Solar PV Power Plants and Wind Power Plants upto Cumulative Capacity of 100 MW,Solar,100.0,material tender closed with no winner found; search the agency site,https://ntpctender.ntpc.co.in/NITDetails/NITs/20801,
WINNER_UNKNOWN,HIGH,T-25830e4ec543,NTPC,IFB For Purchase of Power from Distribution Licensee or Power Trader or Power Generator from existing Solar Power Plants,Solar,100.0,material tender closed with no winner found; search the agency site,https://ntpctender.ntpc.co.in/NITDetails/NITs/21140,
WINNER_UNKNOWN,HIGH,T-54d2a3f18a68,SECI,Tender for 100 MW (AC) Solar PV Project (200MWp DC capacity) along with 50MW/150 MWh Battery Energy Storage System havin,Solar + Storage,100.0,material tender closed with no winner found; search the agency site,https://www.seci.co.in/tender-details/YmI,
WINNER_UNKNOWN,HIGH,54d2a3f18a68,SECI,Tender for 100 MW (AC) Solar PV Project (200MWp DC capacity) along with 50MW/150 MWh Battery Energy Storage System havin,Solar + Storage,100.0,material tender closed with no winner found; search the agency site,https://www.seci.co.in/tender-details/YmI,
WINNER_UNKNOWN,HIGH,T-88faead54357,SECI,Selection of Consultancy Firm for Owners Engineer (OE) services for 100 MW (AC) Solar PV Project (160MWp DC capacity) al,Solar + Storage,100.0,material tender closed with no winner found; search the agency site,https://www.seci.co.in/tender-details/Yms,
WINNER_UNKNOWN,HIGH,88faead54357,SECI,Selection of Consultancy Firm for Owners Engineer (OE) services for 100 MW (AC) Solar PV Project (160MWp DC capacity) al,Solar + Storage,100.0,material tender closed with no winner found; search the agency site,https://www.seci.co.in/tender-details/Yms,
WINNER_UNKNOWN,HIGH,T-2c18fa909bfe,SECI,"Tender for 100 MW (AC) Solar PV Project with Land having 15 years plant O&M at Chhattisgarh, India.",Solar,100.0,material tender closed with no winner found; search the agency site,https://www.seci.co.in/tender-details/Y2Y,
WINNER_UNKNOWN,HIGH,2c18fa909bfe,SECI,"Tender for 100 MW (AC) Solar PV Project with Land having 15 years plant O&M at Chhattisgarh, India.",Solar,100.0,material tender closed with no winner found; search the agency site,https://www.seci.co.in/tender-details/Y2Y,
WINNER_UNKNOWN,HIGH,T-c4da5bef4fda,NTPC,100 MW STU-CONNECTED WIND ENERGY PROJECT(S) ANYWHERE IN MADHYA PRADESH.,Wind,100.0,material tender closed with no winner found; search the agency site,https://ntpctender.ntpc.co.in/NITDetails/NITs/24507,
WINNER_UNKNOWN,HIGH,T-20fef13eecc1,SECI,"Design, Engineering, Supply, Construction, Erection, Testing & Commissioning of 100 MW (AC) Floating Solar PV Project ha",Floating Solar,100.0,material tender closed with no winner found; search the agency site,https://www.seci.co.in/tender-details/ZWI,
WINNER_UNKNOWN,HIGH,20fef13eecc1,SECI,"Design, Engineering, Supply, Construction, Erection, Testing & Commissioning of 100 MW (AC) Floating Solar PV Project ha",Floating Solar,100.0,material tender closed with no winner found; search the agency site,https://www.seci.co.in/tender-details/ZWI,
WINNER_UNKNOWN,HIGH,T-df199fab4f2b,SECI,Consulting Services for the Selection of Consultancy Firm for Owners Engineer Services for 100 MW SPV Project along with,Solar + Storage,100.0,material tender closed with no winner found; search the agency site,https://www.seci.co.in/tender-details/aGs,
WINNER_UNKNOWN,HIGH,df199fab4f2b,SECI,Consulting Services for the Selection of Consultancy Firm for Owners Engineer Services for 100 MW SPV Project along with,Solar + Storage,100.0,material tender closed with no winner found; search the agency site,https://www.seci.co.in/tender-details/aGs,
WINNER_UNKNOWN,HIGH,T-4c908303954b,SECI,"Request for Bids for the Design, Engineering, Supply, Construction, Erection, Testing & Commissioning of 100 MW (AC) Flo",Floating Solar,100.0,material tender closed with no winner found; search the agency site,https://www.seci.co.in/tender-details/aGA,
WINNER_UNKNOWN,HIGH,4c908303954b,SECI,"Request for Bids for the Design, Engineering, Supply, Construction, Erection, Testing & Commissioning of 100 MW (AC) Flo",Floating Solar,100.0,material tender closed with no winner found; search the agency site,https://www.seci.co.in/tender-details/aGA,
WINNER_UNKNOWN,HIGH,T-f6a185bc918c,NTPC,"EPC PACKAGE FOR DEVELOPMENT OF 2X100MW GRID CONNECTED SOLAR PV PROJECTS AT GSECL SOLAR PARK (STAGE 1), KHAVDA",Solar,100.0,material tender closed with no winner found; search the agency site,https://ntpctender.ntpc.co.in/NITDetails/NITs/25904,
WINNER_UNKNOWN,HIGH,T-44fdcfd0ce29,SECI,"Tender for the “Hiring of Vehicles on Monthly basis at 100 MW (AC) Floating Solar PV Project of SECI at Getalsud Dam, Ra",Floating Solar,100.0,material tender closed with no winner found; search the agency site,https://www.seci.co.in/tender-details/YWd_,
WINNER_UNKNOWN,HIGH,44fdcfd0ce29,SECI,"Tender for the “Hiring of Vehicles on Monthly basis at 100 MW (AC) Floating Solar PV Project of SECI at Getalsud Dam, Ra",Floating Solar,100.0,material tender closed with no winner found; search the agency site,https://www.seci.co.in/tender-details/YWd_,
WINNER_UNKNOWN,HIGH,T-7db0c2907d97,NTPC,EPC PACKAGE FOR DEVELOPMENT OF 100MW/400MWh BESS AT NTPC RAMAGUNDAM.,Energy Storage (BESS),100.0,material tender closed with no winner found; search the agency site,https://ntpctender.ntpc.co.in/NITDetails/NITs/27794,
WINNER_UNKNOWN,HIGH,T-089d0e1ef83a,NTPC,EPC PACKAGE FOR DEVELOPMENT OF BATTERY ENERGY STORAGE SYSTEM (BESS) AT NTPC RAMAGUNDAM (100 MW / 400 MWH) AND SIPAT (30 ,Energy Storage (BESS),100.0,material tender closed with no winner found; search the agency site,https://ntpctender.ntpc.co.in/NITDetails/NITs/28549,
WINNER_UNKNOWN,HIGH,T-8f1494aaf9b2,SECI,"The procurement of Phasor Measurement Unit (PMU) for 100 MW SPV with 40 MW/120 MWh BESS Project at Rajnandgaon, Chhattis",Solar + Storage,100.0,material tender closed with no winner found; search the agency site,https://www.seci.co.in/tender-details/YmR-,
WINNER_UNKNOWN,HIGH,8f1494aaf9b2,SECI,"The procurement of Phasor Measurement Unit (PMU) for 100 MW SPV with 40 MW/120 MWh BESS Project at Rajnandgaon, Chhattis",Solar + Storage,100.0,material tender closed with no winner found; search the agency site,https://www.seci.co.in/tender-details/YmR-,
WINNER_UNVERIFIED,HIGH,T-cca15fd12bcf,NTPC Green Energy,NTPC Green Energy And Opera Energy Win 95 MW/380 MWh Battery Storage Projects To Boost Kerala’s Grid Stability - SolarQu,Solar + Storage,95.0,"open the Award URL, confirm the winner, then record it in manual_awards.csv",https://news.google.com/rss/articles/CBMi3wFBVV95cUxPc25GMXRPdENMcDJGSldHc3BkLTNUVDRJNFBFZUFjVnpyTDFsSW8xei03Z1F6ODFnY25PaC1wSjdBRDk2VGV6UzdUNWQ4Ym1hT0I3VzE1ME1rZE9GVHM0WjlWTE9FWnVEOTVBT3ZkYk9XeDN3R1VnS2tweEl4bzlLaUoyajFPQ0tIZ3plTlNyZFB3dU1hWk1iUkRkQWFsWENGZnZFVDdELXFqN2pNLU52YkVKTjdRSlhOTk5aSUE3RGZqeFhxLVVzT0RNSlowV2lPY0Z3bTFEZ1dCOWVCZGRR?oc=5,https://news.google.com/rss/articles/CBMi3wFBVV95cUxPc25GMXRPdENMcDJGSldHc3BkLTNUVDRJNFBFZUFjVnpyTDFsSW8xei03Z1F6ODFnY25PaC1wSjdBRDk2VGV6UzdUNWQ4Ym1hT0I3VzE1ME1rZE9GVHM0WjlWTE9FWnVEOTVBT3ZkYk9XeDN3R1VnS2tweEl4bzlLaUoyajFPQ0tIZ3plTlNyZFB3dU1hWk1iUkRkQWFsWENGZnZFVDdELXFqN2pNLU52YkVKTjdRSlhOTk5aSUE3RGZqeFhxLVVzT0RNSlowV2lPY0Z3bTFEZ1dCOWVCZGRR?oc=5
WINNER_UNKNOWN,HIGH,T-917ecf03e16f,NTPC,"DEVELOPMENT OF 86 MW KAWAS-GANDHAR (65 MW AT KAWAS AND 21 MW AT GANDHAR) SOLAR PHOTO VOLTAIC PROJECT(S) IN GUJARAT, INDI",Solar,86.0,material tender closed with no winner found; search the agency site,https://ntpctender.ntpc.co.in/NITDetails/NITs/17927,
WINNER_UNKNOWN,HIGH,T-961a8c7934e8,NTPC,EPC PACKAGE FOR DEVELOPMENT OF 80MW / 320 MWH BESS CAPACITY BY NGEL AT KSEB SUBSTATIONS AT POTHENCODE AND SREEKANTAPURAM,Energy Storage (BESS),80.0,material tender closed with no winner found; search the agency site,https://ntpctender.ntpc.co.in/NITDetails/NITs/28952,
WINNER_UNKNOWN,HIGH,T-51e31bd0deb3,SECI,RfP for Supply of 80 MW Power on Short-Term Basis Through Tariff-Based Competitive Bidding,Unclassified,80.0,material tender closed with no winner found; search the agency site,https://www.seci.co.in/tender-details/YmZ2,
WINNER_UNKNOWN,HIGH,51e31bd0deb3,SECI,RfP for Supply of 80 MW Power on Short-Term Basis Through Tariff-Based Competitive Bidding,Unclassified,80.0,material tender closed with no winner found; search the agency site,https://www.seci.co.in/tender-details/YmZ2,
WINNER_UNKNOWN,HIGH,T-c490075c3d6b,NTPC,IFB FOR Development of 70 MW Floating Solar PV Project At Rajiv Gandhi Combined Cycle Power Project Kayamkulam in Kerala,Floating Solar,70.0,material tender closed with no winner found; search the agency site,https://ntpctender.ntpc.co.in/NITDetails/NITs/19560,
WINNER_UNKNOWN,HIGH,T-b2c375eb88a2,NTPC,"IFB FOR DEVELOPMENT OF 65 MW KAWAS SOLAR PHOTO VOLTAIC PROJECT IN GUJARAT, INDIA.",Solar,65.0,material tender closed with no winner found; search the agency site,https://ntpctender.ntpc.co.in/NITDetails/NITs/18935,
WINNER_UNKNOWN,HIGH,T-d90383612cf9,NTPC,EPC PACKAGE FOR DEVELOPMENT OF 56 MW FLOATING SOLAR PV PROJECT WITH 60 MW / 240 MWH BATTERY ENERGY STORAGE SYSTEM (BESS),Solar + Storage,56.0,material tender closed with no winner found; search the agency site,https://ntpctender.ntpc.co.in/NITDetails/NITs/28551,
WINNER_UNKNOWN,HIGH,T-c1c9a767d938,NTPC,Selection of Solar Power Developers for setting up Solar PV Projects in the State of Telangana for total capacity of 50M,Solar,50.0,material tender closed with no winner found; search the agency site,https://ntpctender.ntpc.co.in/NITDetails/NITs/14901,
WINNER_UNKNOWN,HIGH,T-15daded0fe3c,NTPC,Development of 50MW Solar PV Power Project at Salem in Tamil Nadu,Solar,50.0,material tender closed with no winner found; search the agency site,https://ntpctender.ntpc.co.in/NITDetails/NITs/15866,
WINNER_UNKNOWN,HIGH,T-ddbf5100f8ad,SECI,"Tender for 50 MW (AC) Solar PV Project with Land having 10 years plant OnM at Tamilnadu, India",Solar,50.0,material tender closed with no winner found; search the agency site,https://www.seci.co.in/tender-details/YmU,
WINNER_UNKNOWN,HIGH,ddbf5100f8ad,SECI,"Tender for 50 MW (AC) Solar PV Project with Land having 10 years plant OnM at Tamilnadu, India",Solar,50.0,material tender closed with no winner found; search the agency site,https://www.seci.co.in/tender-details/YmU,
WINNER_UNKNOWN,HIGH,T-d42c7ba4f5c3,NTPC,EOI for Setting up ISTS Connected 50MW Concentrated Solar Power (CSP) Project with Thermal Energy Storage System (TESS) ,Solar + Storage,50.0,material tender closed with no winner found; search the agency site,https://ntpctender.ntpc.co.in/NITDetails/NITs/26923,
WINNER_UNVERIFIED,HIGH,T-513c147e4745,NTPC,ONGC-NTPC-backed Ayana bags 50 MW wind power project from SECI - CNBC TV18,Wind,50.0,"open the Award URL, confirm the winner, then record it in manual_awards.csv",https://news.google.com/rss/articles/CBMiuwFBVV95cUxOZ1dxU0tUUmdib29MNXRVVVA2ZUJTZ043aUYtbDlzdWRiQWpyVmxxZXM1SDY5NkxKTnZlTGlQR2xyNTI1dWdKMVM1SXRZLW96b2h6ejdlZURCSms3V0pvOFRnLUlNN3otYW9weERIRlhlWmdrUjBzVHlYZUJ2T3NnMXA3dnk3NDJoVGJoSW95RUFiZDlNRG9ObkZjREtFMktVOFZVSWZuOFBfdDhrOHFQVk1ldU9ncWpjSGRR0gHAAUFVX3lxTE1Bd0FvM2V3MGFBRDF6LUF5S21jd1VDQnRham5oVTNIV1A1U09tR0lYUmdoakhEZlFXb0dOdU1mYjJ0TmhwWEFlRTdJd1FqWGUyNlNYUVdCcXF3S2VNRk44R21kOXdLbFRhR1FFZFBKaU1PWkg0UFpEYzVYVUhLc0NGQklfeHhBc0Rfd0dfMWQ5WnF5Y3ZNc2NSQVd4LVlzMERfczNrT3V5LURTeDFsQm1aT2ozU2JYeW1fLWI5RVdHZA?oc=5,https://news.google.com/rss/articles/CBMiuwFBVV95cUxOZ1dxU0tUUmdib29MNXRVVVA2ZUJTZ043aUYtbDlzdWRiQWpyVmxxZXM1SDY5NkxKTnZlTGlQR2xyNTI1dWdKMVM1SXRZLW96b2h6ejdlZURCSms3V0pvOFRnLUlNN3otYW9weERIRlhlWmdrUjBzVHlYZUJ2T3NnMXA3dnk3NDJoVGJoSW95RUFiZDlNRG9ObkZjREtFMktVOFZVSWZuOFBfdDhrOHFQVk1ldU9ncWpjSGRR0gHAAUFVX3lxTE1Bd0FvM2V3MGFBRDF6LUF5S21jd1VDQnRham5oVTNIV1A1U09tR0lYUmdoakhEZlFXb0dOdU1mYjJ0TmhwWEFlRTdJd1FqWGUyNlNYUVdCcXF3S2VNRk44R21kOXdLbFRhR1FFZFBKaU1PWkg0UFpEYzVYVUhLc0NGQklfeHhBc0Rfd0dfMWQ5WnF5Y3ZNc2NSQVd4LVlzMERfczNrT3V5LURTeDFsQm1aT2ozU2JYeW1fLWI5RVdHZA?oc=5
WINNER_UNVERIFIED,HIGH,T-24f1af52d7cd,SECI,Ayana Renewable Wins 50 MW Wind Power Project In SECI Tranche-XX Auction At INR3.85/kWh - WindInsider,Wind,50.0,"open the Award URL, confirm the winner, then record it in manual_awards.csv",https://news.google.com/rss/articles/CBMiwAFBVV95cUxPNUp6WGpWeTBuQnJQcURPbGhnLVhLU1hXVDBXbHYxZzRWWFhUeFY4V293Q0tSM1pZWnRRQmFUM2lDbWVUOGJZZktWZlUwb200RTFZb1RXRzJiWWRYaEJ4UTMxcy1kMWZRQjloU1JWME5KLWJjZHdxRk5ZbG9WdUZKWm5QcmJlZGtRLWM1VU45UkRsZGljNnVzY2lyWDdTb044Z0ZZYndJeVlDUmh0NVFCaGRzNVY4cUpwcHQyNVdvZWPSAcYBQVVfeXFMTVBhUThxZ1I4SlBGS3Y2amFGcE9HTHBrMER4VG9qdE5qV0VjWjg3ekJyRWZtc0tUTU5Sdk5PcDZtQzlfY09iTnhWZk1jbjA0Y0ZkYjl2ZGdsYURlajRoalhTbVFLRURqNEpvOWlvTEhLblhkOTduSzZRcHZlSmpfaWdFd0twTGlDbERKQ1hwb09oYndjREpOR01oN3AzWFA4MGVkYkVFd0lva3ByeVgtMG1maUE3dHVUSlpnRFlnWlMxYnRGRmx3?oc=5,https://news.google.com/rss/articles/CBMiwAFBVV95cUxPNUp6WGpWeTBuQnJQcURPbGhnLVhLU1hXVDBXbHYxZzRWWFhUeFY4V293Q0tSM1pZWnRRQmFUM2lDbWVUOGJZZktWZlUwb200RTFZb1RXRzJiWWRYaEJ4UTMxcy1kMWZRQjloU1JWME5KLWJjZHdxRk5ZbG9WdUZKWm5QcmJlZGtRLWM1VU45UkRsZGljNnVzY2lyWDdTb044Z0ZZYndJeVlDUmh0NVFCaGRzNVY4cUpwcHQyNVdvZWPSAcYBQVVfeXFMTVBhUThxZ1I4SlBGS3Y2amFGcE9HTHBrMER4VG9qdE5qV0VjWjg3ekJyRWZtc0tUTU5Sdk5PcDZtQzlfY09iTnhWZk1jbjA0Y0ZkYjl2ZGdsYURlajRoalhTbVFLRURqNEpvOWlvTEhLblhkOTduSzZRcHZlSmpfaWdFd0twTGlDbERKQ1hwb09oYndjREpOR01oN3AzWFA4MGVkYkVFd0lva3ByeVgtMG1maUE3dHVUSlpnRFlnWlMxYnRGRmx3?oc=5
WINNER_UNVERIFIED,HIGH,T-f2ff6c795ea5,SECI,RfS for Setting up of 1000 kW Grid-Connected RTSPV project on buildings of Rashtrapati Bhavan (RTSPV-Tranche-III),Rooftop Solar,1.0,"open the Award URL, confirm the winner, then record it in manual_awards.csv",https://www.seci.co.in/tender-details/YmNx,https://news.google.com/rss/articles/CBMihwFBVV95cUxNeWlaMFc5WW1QZWdfeDJaejdFQ2pJeWxvM1FvVllKZ3poRWNBV0FEekRsS0lmcmFUV2dIOVNfMUZhdW1FMVN0TElaenhua2VWRmVBdmlKbXNMby1Vc0kyb0g2RWNjdE9WMzlIRFZPR2syanJHczRhS1pGRHF4NE42UGR3R0VEQms?oc=5
WINNER_UNVERIFIED,HIGH,f2ff6c795ea5,SECI,RfS for Setting up of 1000 kW Grid-Connected RTSPV project on buildings of Rashtrapati Bhavan (RTSPV-Tranche-III),Rooftop Solar,1.0,"open the Award URL, confirm the winner, then record it in manual_awards.csv",https://www.seci.co.in/tender-details/YmNx,https://news.google.com/rss/articles/CBMihwFBVV95cUxNeWlaMFc5WW1QZWdfeDJaejdFQ2pJeWxvM1FvVllKZ3poRWNBV0FEekRsS0lmcmFUV2dIOVNfMUZhdW1FMVN0TElaenhua2VWRmVBdmlKbXNMby1Vc0kyb0g2RWNjdE9WMzlIRFZPR2syanJHczRhS1pGRHF4NE42UGR3R0VEQms?oc=5
WINNER_UNVERIFIED,HIGH,T-5711baf8cc41,MSEDCL,"PM-KUSUM: MSEDCL Awards Over ₹750 Crore Solar Pump Orders to Shakti, Oswal, Saatvik - Saur Energy",Solar,,"open the Award URL, confirm the winner, then record it in manual_awards.csv",https://news.google.com/rss/articles/CBMizgFBVV95cUxPSXd5S2VUNHhaSWc3NVVJWVdRYWRnOXpzVjlGTEJGT1JkSXd3MDhod3lKbk1TazdHUG41eVRRQkhnWFNLNnQ2X2xFaUlHWmdxMzZrWS1HRm9fdmF1MFhVMlIwQzkwX0l1M21pWGlHcTRMX01sT3hhT2VBOEdjNkI3Y2lQTHA3Vkp0WGhTbF9hbENfUmlCT0ZGVDdvTHJvaTM0akwzbUNsaEJ0dExSOF9ncWRMdUJ3MkY4T0JRU2V4UldZS3NDaVlIQW1WMndIQQ?oc=5,https://news.google.com/rss/articles/CBMizgFBVV95cUxPSXd5S2VUNHhaSWc3NVVJWVdRYWRnOXpzVjlGTEJGT1JkSXd3MDhod3lKbk1TazdHUG41eVRRQkhnWFNLNnQ2X2xFaUlHWmdxMzZrWS1HRm9fdmF1MFhVMlIwQzkwX0l1M21pWGlHcTRMX01sT3hhT2VBOEdjNkI3Y2lQTHA3Vkp0WGhTbF9hbENfUmlCT0ZGVDdvTHJvaTM0akwzbUNsaEJ0dExSOF9ncWRMdUJ3MkY4T0JRU2V4UldZS3NDaVlIQW1WMndIQQ?oc=5
WINNER_UNVERIFIED,HIGH,T-07c8b8a7e244,NHPC,ACME Solar Holdings wins NHPC tender for two BESS projects in Andhra Pradesh - The Hindu,Solar + Storage,,"open the Award URL, confirm the winner, then record it in manual_awards.csv",https://news.google.com/rss/articles/CBMi5AFBVV95cUxNZkg3NTFqNzlnV2xIMmZhdFFUV2hvM2FUWGlpNkJ1V2Q1dEI4cTJPVzc5VkMwdVhTSFlvazF5SWFWVlp0NUR3RXpXUE5PZ2kzYUhhSzJRMFFvSlRjR0RpV0xoaV9KX0lUSEE3WV9sc0ZReEN3Ul83amg4NVdFNjhZazg1RDh1aE5YcW8xT0p5eTRxSGFBMWtpV2ZhX1loNVAzd0FpNnZQN2djdlhyVTBNZlppbTllWFAwVzJ4dFZra1dHS1hfMFRXWHg5V1RwWEp5N04xbE14Mks0SXlVcEJSVDlYSDjSAesBQVVfeXFMTXV5UThLZHFLVFFVcUFid0lNaVNrd1VwOEp1d1ZkUEE5VHlzU2dhdjItY1c4dVdxd25DdHQ5Y2RYUUFseUNtSnBXeUJuSmhPZ1hkbktlZGlKR3JVQkNDdWFvZ0kwYVZ3SVFlNF9LSmw0Q1JXWHBNLTctMHVMejVBVlZEbXphMDZNVVE3NjFoOXV6elRvT0Z5Y0lYcEFscldWQ0lLOVNHN2JCOG5MVXhST3o4Vy0yeTlncjhoVU1XRjJoR1FFTUFZR0NOb0RDOW5aSGFVemozN3ZIOWs4SjVqSDQ3NWVjY3g4RHVpOA?oc=5,https://news.google.com/rss/articles/CBMi5AFBVV95cUxNZkg3NTFqNzlnV2xIMmZhdFFUV2hvM2FUWGlpNkJ1V2Q1dEI4cTJPVzc5VkMwdVhTSFlvazF5SWFWVlp0NUR3RXpXUE5PZ2kzYUhhSzJRMFFvSlRjR0RpV0xoaV9KX0lUSEE3WV9sc0ZReEN3Ul83amg4NVdFNjhZazg1RDh1aE5YcW8xT0p5eTRxSGFBMWtpV2ZhX1loNVAzd0FpNnZQN2djdlhyVTBNZlppbTllWFAwVzJ4dFZra1dHS1hfMFRXWHg5V1RwWEp5N04xbE14Mks0SXlVcEJSVDlYSDjSAesBQVVfeXFMTXV5UThLZHFLVFFVcUFid0lNaVNrd1VwOEp1d1ZkUEE5VHlzU2dhdjItY1c4dVdxd25DdHQ5Y2RYUUFseUNtSnBXeUJuSmhPZ1hkbktlZGlKR3JVQkNDdWFvZ0kwYVZ3SVFlNF9LSmw0Q1JXWHBNLTctMHVMejVBVlZEbXphMDZNVVE3NjFoOXV6elRvT0Z5Y0lYcEFscldWQ0lLOVNHN2JCOG5MVXhST3o4Vy0yeTlncjhoVU1XRjJoR1FFTUFZR0NOb0RDOW5aSGFVemozN3ZIOWs4SjVqSDQ3NWVjY3g4RHVpOA?oc=5
WINNER_UNVERIFIED,HIGH,T-30622cb3519a,NTPC,"Bondada Bags ₹1,338-Crore NTPC Renewable Energy Contract in UP - Saur Energy",Unclassified,,"open the Award URL, confirm the winner, then record it in manual_awards.csv",https://news.google.com/rss/articles/CBMitAFBVV95cUxOYzc3ZUdYSXdjUWhYYVg3YU5RcXRNdUc3NTN0VVY2a2NPbWJURVBWeWtvY3ZlakhPeUNEVzlRd3dVNjVNQ1hDaVRNR3poeE9NeFE4Ukt2V2JyR0hjdS1uXzhkSnBoZmtPWThHVDYyclZjd3NRcGd5aWJrcmVhMlpKVlVSc2oxZ1QtdWMzMmxKbEoxUDliMEhJVURBOVlnTVl1M0hwSkxUSDY4ejlQT1IwQ1B1R2Y?oc=5,https://news.google.com/rss/articles/CBMitAFBVV95cUxOYzc3ZUdYSXdjUWhYYVg3YU5RcXRNdUc3NTN0VVY2a2NPbWJURVBWeWtvY3ZlakhPeUNEVzlRd3dVNjVNQ1hDaVRNR3poeE9NeFE4Ukt2V2JyR0hjdS1uXzhkSnBoZmtPWThHVDYyclZjd3NRcGd5aWJrcmVhMlpKVlVSc2oxZ1QtdWMzMmxKbEoxUDliMEhJVURBOVlnTVl1M0hwSkxUSDY4ejlQT1IwQ1B1R2Y?oc=5
WINNER_UNVERIFIED,HIGH,T-de9dfcb73ed6,NVVN,"Solar91, Rays Experts, Stockwell, Oriana and Inox Renewable Win NVVN’s 1 GWh BESS Auction - Energetica India Magazine",Energy Storage (BESS),,"open the Award URL, confirm the winner, then record it in manual_awards.csv",https://news.google.com/rss/articles/CBMiyAFBVV95cUxPMUphVFdPVVlaa3R3cE1nd3BZSWp3QWtNNkloajlDRzdyc2l6ekwxaEQyOVNhSDk3dXIxOEdfWHZmaldxLUUtTzdFQ0RDUDVfelZ2czV2UXJVMjBkWTJLTmtsYjRvQmJxZTRRSmxFbTUtYjVqb3hRVi1zZldMTWQyNnNiLUtkclFrOHVKalN5WnJmLUktUkVCU2RrTWdpbjA3eWxpVGFGTGxnX1JudEVoNWE1WXJodjdxSlBaZmQwN3Zxb1VVbl9fWA?oc=5,https://news.google.com/rss/articles/CBMiyAFBVV95cUxPMUphVFdPVVlaa3R3cE1nd3BZSWp3QWtNNkloajlDRzdyc2l6ekwxaEQyOVNhSDk3dXIxOEdfWHZmaldxLUUtTzdFQ0RDUDVfelZ2czV2UXJVMjBkWTJLTmtsYjRvQmJxZTRRSmxFbTUtYjVqb3hRVi1zZldMTWQyNnNiLUtkclFrOHVKalN5WnJmLUktUkVCU2RrTWdpbjA3eWxpVGFGTGxnX1JudEVoNWE1WXJodjdxSlBaZmQwN3Zxb1VVbl9fWA?oc=5
WINNER_UNVERIFIED,HIGH,T-1c2b175fcec0,SECI,"Adyant Enersol, Serentica, Ampin and ACME Win SECI’s 4,800 MWh FDRE Auction - Energetica India Magazine",Unclassified,,"open the Award URL, confirm the winner, then record it in manual_awards.csv",https://news.google.com/rss/articles/CBMirAFBVV95cUxPS1gxMERva0R4aTdzdU4ydUhfVUVwb1NRcnpvdzkxTE5qdlpUV0RaSVhzbkhIcGI3RWNRWHhySExieDQyNXllWHlneWpqZ25uT3VOVEowSmU4OU1zZG96T3NPUGJsamFVbTdObEZrd3J0UFo0RVdSbjJ6UF9yS1lSVWJSMWFJcVJfQ0lpbVlHa0haT2M1di1lRmtUbkRZQ09Fa1BRMHcwNngzMFBX?oc=5,https://news.google.com/rss/articles/CBMirAFBVV95cUxPS1gxMERva0R4aTdzdU4ydUhfVUVwb1NRcnpvdzkxTE5qdlpUV0RaSVhzbkhIcGI3RWNRWHhySExieDQyNXllWHlneWpqZ25uT3VOVEowSmU4OU1zZG96T3NPUGJsamFVbTdObEZrd3J0UFo0RVdSbjJ6UF9yS1lSVWJSMWFJcVJfQ0lpbVlHa0haT2M1di1lRmtUbkRZQ09Fa1BRMHcwNngzMFBX?oc=5
WINNER_UNVERIFIED,HIGH,T-767ac40a755a,SECI,"Adyant, Serentica, AMPIN & ACME Bag SECI's Peak Supply FDRE Tender - Saur Energy",Round-the-Clock / CfD / Trading,,"open the Award URL, confirm the winner, then record it in manual_awards.csv",https://news.google.com/rss/articles/CBMitgFBVV95cUxPYWlWWEJBREUzSExUQVNueU1zMklLRmNDQ1lpNFU4QlJNWEhmNDlvX2Mxb1VlYm84TmhFS0FicWVGYUlGb2VESkZOb2hYYUs3VUdnWEJpdDVhenFyVzJXa1BqTTNySV85UTNoWmQzbzRSblNMVXJuTFlvWTZzVW81NVRNRXNSTmI4czNCWjQ0NG9ockRPUVJWbWRoMl8yWmR0ZGs4QUNYNHZfbnFYN2hRZlE4QnNLQQ?oc=5,https://news.google.com/rss/articles/CBMitgFBVV95cUxPYWlWWEJBREUzSExUQVNueU1zMklLRmNDQ1lpNFU4QlJNWEhmNDlvX2Mxb1VlYm84TmhFS0FicWVGYUlGb2VESkZOb2hYYUs3VUdnWEJpdDVhenFyVzJXa1BqTTNySV85UTNoWmQzbzRSblNMVXJuTFlvWTZzVW81NVRNRXNSTmI4czNCWjQ0NG9ockRPUVJWbWRoMl8yWmR0ZGs4QUNYNHZfbnFYN2hRZlE4QnNLQQ?oc=5
WINNER_UNVERIFIED,HIGH,T-58954615e819,SJVN,"Reliance, ACME, and Sembcorp secure major wins in SJVN’s 6 GWh tender for dispatchable renewable power - ESS News",Unclassified,,"open the Award URL, confirm the winner, then record it in manual_awards.csv",https://news.google.com/rss/articles/CBMi0gFBVV95cUxPUjlrRGtJdUIyT3piX1M3Qm5vdkYySnAxYXlIeHpoUjY0eDFvTjZ0RXNvMWFvbm5xR0lzb3M3eDVzUy1VQnhNMTU5TjlYb3Vid2xhOUlTVGtNOFhiSDZleUdpSmxIQXh4U3o5MGFraTNjb3QwUGdLam9tdkN6bXhoRmVJSGlBaVdkc3lROU5CM3dzb2FzdTFBdHoxS1RUWmZhQmxKX3QwNEJtYmRlak1GUENZT25Ha2d3b0l5SkNfTTFRUUNTY1FOc3ZjY0t2OHFOdmc?oc=5,https://news.google.com/rss/articles/CBMi0gFBVV95cUxPUjlrRGtJdUIyT3piX1M3Qm5vdkYySnAxYXlIeHpoUjY0eDFvTjZ0RXNvMWFvbm5xR0lzb3M3eDVzUy1VQnhNMTU5TjlYb3Vid2xhOUlTVGtNOFhiSDZleUdpSmxIQXh4U3o5MGFraTNjb3QwUGdLam9tdkN6bXhoRmVJSGlBaVdkc3lROU5CM3dzb2FzdTFBdHoxS1RUWmZhQmxKX3QwNEJtYmRlak1GUENZT25Ha2d3b0l5SkNfTTFRUUNTY1FOc3ZjY0t2OHFOdmc?oc=5
WINNER_UNVERIFIED,HIGH,T-97939a7d7f72,SJVN,"NLC India, Adyant Secure SJVN Wind Project - Saur Energy",Wind,,"open the Award URL, confirm the winner, then record it in manual_awards.csv",https://news.google.com/rss/articles/CBMijwFBVV95cUxQd2ZtYllwSXJPWERhWGpUcGRWcGVsOG1UWFhsaHNwc21sWG1DZGg4ZlJWMnJuazcxQm16X1BGZ0VmdzhMQ0JRYXZnbkJuUzVRcmdBNzBjSlNTaWJjVXhPODJ4ZTJXOFlUVkZPdnE4elUxdWd5WDdlZDJ1Z0M0MWk5UUU2QjhOOEhqU0FvMlRPcw?oc=5,https://news.google.com/rss/articles/CBMijwFBVV95cUxQd2ZtYllwSXJPWERhWGpUcGRWcGVsOG1UWFhsaHNwc21sWG1DZGg4ZlJWMnJuazcxQm16X1BGZ0VmdzhMQ0JRYXZnbkJuUzVRcmdBNzBjSlNTaWJjVXhPODJ4ZTJXOFlUVkZPdnE4elUxdWd5WDdlZDJ1Z0M0MWk5UUU2QjhOOEhqU0FvMlRPcw?oc=5
CAPACITY_SUSPECT,MEDIUM,T-c88a6712deb0,SECI,"Tender for the Selection of Agency to carry out Soil Investigation at proposed 13 GW RE Project Sites in Leh, UT of Lada",Unclassified,13000.0,capacity above 5 GW; check the parsed unit,https://www.seci.co.in/tender-details/aWo,
CAPACITY_SUSPECT,MEDIUM,c88a6712deb0,SECI,"Tender for the Selection of Agency to carry out Soil Investigation at proposed 13 GW RE Project Sites in Leh, UT of Lada",Unclassified,13000.0,capacity above 5 GW; check the parsed unit,https://www.seci.co.in/tender-details/aWo,
TARIFF_MISSING,MEDIUM,T-f1715ae5dae5,SECI,"SECI Awards 8.6 GW of ISTS Renewable Energy Projects Across Solar, Hybrid And Storage Tenders - SolarQuarter",Solar + Storage,8600.0,winner known but no tariff; check the award article or agency release,https://news.google.com/rss/articles/CBMiyAFBVV95cUxNVHlsTTB4RHBoOGtOal9nU001Q3FGUXNLVXFmdWdFeWNoZnRnNExuUHBtMnJCcUJaM0c2MGtZZE44dnRNbXBpOC0xOWliZ1NoUHY5YUpGT2ROUVhXc19URmdEeURPNFB6WjZpRmN2cTk5ZFd3dnJiQ2p1bTFsUl9BQ1J1VXdJbVFEMlVtMGxuVVU0Z1c1LUZEUndfSGlOemVkMFlXQ19rU2pPUk8xN09lZkxLUFlGSWh4d01RX1lwUWlNaDgtMUZjcw?oc=5,https://news.google.com/rss/articles/CBMiyAFBVV95cUxNVHlsTTB4RHBoOGtOal9nU001Q3FGUXNLVXFmdWdFeWNoZnRnNExuUHBtMnJCcUJaM0c2MGtZZE44dnRNbXBpOC0xOWliZ1NoUHY5YUpGT2ROUVhXc19URmdEeURPNFB6WjZpRmN2cTk5ZFd3dnJiQ2p1bTFsUl9BQ1J1VXdJbVFEMlVtMGxuVVU0Z1c1LUZEUndfSGlOemVkMFlXQ19rU2pPUk8xN09lZkxLUFlGSWh4d01RX1lwUWlNaDgtMUZjcw?oc=5
MATCH_UNCERTAIN,MEDIUM,T-f1715ae5dae5,SECI,"SECI Awards 8.6 GW of ISTS Renewable Energy Projects Across Solar, Hybrid And Storage Tenders - SolarQuarter",Solar + Storage,8600.0,"record built from a headline, not a tender page; confirm it is a real tender",https://news.google.com/rss/articles/CBMiyAFBVV95cUxNVHlsTTB4RHBoOGtOal9nU001Q3FGUXNLVXFmdWdFeWNoZnRnNExuUHBtMnJCcUJaM0c2MGtZZE44dnRNbXBpOC0xOWliZ1NoUHY5YUpGT2ROUVhXc19URmdEeURPNFB6WjZpRmN2cTk5ZFd3dnJiQ2p1bTFsUl9BQ1J1VXdJbVFEMlVtMGxuVVU0Z1c1LUZEUndfSGlOemVkMFlXQ19rU2pPUk8xN09lZkxLUFlGSWh4d01RX1lwUWlNaDgtMUZjcw?oc=5,https://news.google.com/rss/articles/CBMiyAFBVV95cUxNVHlsTTB4RHBoOGtOal9nU001Q3FGUXNLVXFmdWdFeWNoZnRnNExuUHBtMnJCcUJaM0c2MGtZZE44dnRNbXBpOC0xOWliZ1NoUHY5YUpGT2ROUVhXc19URmdEeURPNFB6WjZpRmN2cTk5ZFd3dnJiQ2p1bTFsUl9BQ1J1VXdJbVFEMlVtMGxuVVU0Z1c1LUZEUndfSGlOemVkMFlXQ19rU2pPUk8xN09lZkxLUFlGSWh4d01RX1lwUWlNaDgtMUZjcw?oc=5
CAPACITY_SUSPECT,MEDIUM,T-f1715ae5dae5,SECI,"SECI Awards 8.6 GW of ISTS Renewable Energy Projects Across Solar, Hybrid And Storage Tenders - SolarQuarter",Solar + Storage,8600.0,capacity above 5 GW; check the parsed unit,https://news.google.com/rss/articles/CBMiyAFBVV95cUxNVHlsTTB4RHBoOGtOal9nU001Q3FGUXNLVXFmdWdFeWNoZnRnNExuUHBtMnJCcUJaM0c2MGtZZE44dnRNbXBpOC0xOWliZ1NoUHY5YUpGT2ROUVhXc19URmdEeURPNFB6WjZpRmN2cTk5ZFd3dnJiQ2p1bTFsUl9BQ1J1VXdJbVFEMlVtMGxuVVU0Z1c1LUZEUndfSGlOemVkMFlXQ19rU2pPUk8xN09lZkxLUFlGSWh4d01RX1lwUWlNaDgtMUZjcw?oc=5,https://news.google.com/rss/articles/CBMiyAFBVV95cUxNVHlsTTB4RHBoOGtOal9nU001Q3FGUXNLVXFmdWdFeWNoZnRnNExuUHBtMnJCcUJaM0c2MGtZZE44dnRNbXBpOC0xOWliZ1NoUHY5YUpGT2ROUVhXc19URmdEeURPNFB6WjZpRmN2cTk5ZFd3dnJiQ2p1bTFsUl9BQ1J1VXdJbVFEMlVtMGxuVVU0Z1c1LUZEUndfSGlOemVkMFlXQ19rU2pPUk8xN09lZkxLUFlGSWh4d01RX1lwUWlNaDgtMUZjcw?oc=5
CAPACITY_SUSPECT,MEDIUM,T-069167338a56,SECI,"RfS for 7500 MW Solar Power Projects in Leh and Kargil, Jammu and Kashmir",Solar,7500.0,capacity above 5 GW; check the parsed unit,https://www.seci.co.in/tender-details/aQ,
CAPACITY_SUSPECT,MEDIUM,069167338a56,SECI,"RfS for 7500 MW Solar Power Projects in Leh and Kargil, Jammu and Kashmir",Solar,7500.0,capacity above 5 GW; check the parsed unit,https://www.seci.co.in/tender-details/aQ,
TARIFF_MISSING,MEDIUM,T-172f6093be8e,MSEDCL,"Adani Power Wins MSEDCL's 2,500 MW Renewable RTC Power Supply Contract - energetica-india.net",Round-the-Clock / CfD / Trading,2500.0,winner known but no tariff; check the award article or agency release,https://news.google.com/rss/articles/CBMiqgFBVV95cUxQZ1lsbUpQbElWV0w4OUtXSVZyX2dBY1Z0cVhpQzZnaWJFeG43LVJQYUZNbGdsY09TaUpTdWpSdlhUUGttR1QwbzFaeUpXMENuZ0VVM3pUMEl1X3A1Q3FRSjJIaEkzNVpsVkZlYWEya2pRVHdKQXotTkJLNi03REpTZFlHamRKdGhGOEl1UjNCUnlhdUJnMDdPUUtNY3BCQVhZYzJlTnpjMlZBUQ?oc=5,https://news.google.com/rss/articles/CBMiqgFBVV95cUxQZ1lsbUpQbElWV0w4OUtXSVZyX2dBY1Z0cVhpQzZnaWJFeG43LVJQYUZNbGdsY09TaUpTdWpSdlhUUGttR1QwbzFaeUpXMENuZ0VVM3pUMEl1X3A1Q3FRSjJIaEkzNVpsVkZlYWEya2pRVHdKQXotTkJLNi03REpTZFlHamRKdGhGOEl1UjNCUnlhdUJnMDdPUUtNY3BCQVhZYzJlTnpjMlZBUQ?oc=5
MATCH_UNCERTAIN,MEDIUM,T-172f6093be8e,MSEDCL,"Adani Power Wins MSEDCL's 2,500 MW Renewable RTC Power Supply Contract - energetica-india.net",Round-the-Clock / CfD / Trading,2500.0,"record built from a headline, not a tender page; confirm it is a real tender",https://news.google.com/rss/articles/CBMiqgFBVV95cUxQZ1lsbUpQbElWV0w4OUtXSVZyX2dBY1Z0cVhpQzZnaWJFeG43LVJQYUZNbGdsY09TaUpTdWpSdlhUUGttR1QwbzFaeUpXMENuZ0VVM3pUMEl1X3A1Q3FRSjJIaEkzNVpsVkZlYWEya2pRVHdKQXotTkJLNi03REpTZFlHamRKdGhGOEl1UjNCUnlhdUJnMDdPUUtNY3BCQVhZYzJlTnpjMlZBUQ?oc=5,https://news.google.com/rss/articles/CBMiqgFBVV95cUxQZ1lsbUpQbElWV0w4OUtXSVZyX2dBY1Z0cVhpQzZnaWJFeG43LVJQYUZNbGdsY09TaUpTdWpSdlhUUGttR1QwbzFaeUpXMENuZ0VVM3pUMEl1X3A1Q3FRSjJIaEkzNVpsVkZlYWEya2pRVHdKQXotTkJLNi03REpTZFlHamRKdGhGOEl1UjNCUnlhdUJnMDdPUUtNY3BCQVhZYzJlTnpjMlZBUQ?oc=5
TARIFF_MISSING,MEDIUM,T-ff2d1ff995b7,MSEDCL,"Adani Power Secures 2,500 MW RE RTC Supply Deal With MSEDCL - solarquarter.com",Round-the-Clock / CfD / Trading,2500.0,winner known but no tariff; check the award article or agency release,https://news.google.com/rss/articles/CBMimwFBVV95cUxPZWNZNXdpMk4xckozclFCY1l3U0hmODZvVUdib3k4Rl9xOVZjeHIwcUI0aHZBcFFqWFhIdjktaFNnMHZ0UVRNRjJYWUV5R0I1U2ZjNDJwVEN0dkJrbU8zWEJFY1lSZTEzSElDRjJpV25QZkN3a0kyTkVXVG40c0FVX1A5ZEF5dW5Ldzd1T19YdmJfemNqYjRkcE5iMA?oc=5,https://news.google.com/rss/articles/CBMimwFBVV95cUxPZWNZNXdpMk4xckozclFCY1l3U0hmODZvVUdib3k4Rl9xOVZjeHIwcUI0aHZBcFFqWFhIdjktaFNnMHZ0UVRNRjJYWUV5R0I1U2ZjNDJwVEN0dkJrbU8zWEJFY1lSZTEzSElDRjJpV25QZkN3a0kyTkVXVG40c0FVX1A5ZEF5dW5Ldzd1T19YdmJfemNqYjRkcE5iMA?oc=5
MATCH_UNCERTAIN,MEDIUM,T-ff2d1ff995b7,MSEDCL,"Adani Power Secures 2,500 MW RE RTC Supply Deal With MSEDCL - solarquarter.com",Round-the-Clock / CfD / Trading,2500.0,"record built from a headline, not a tender page; confirm it is a real tender",https://news.google.com/rss/articles/CBMimwFBVV95cUxPZWNZNXdpMk4xckozclFCY1l3U0hmODZvVUdib3k4Rl9xOVZjeHIwcUI0aHZBcFFqWFhIdjktaFNnMHZ0UVRNRjJYWUV5R0I1U2ZjNDJwVEN0dkJrbU8zWEJFY1lSZTEzSElDRjJpV25QZkN3a0kyTkVXVG40c0FVX1A5ZEF5dW5Ldzd1T19YdmJfemNqYjRkcE5iMA?oc=5,https://news.google.com/rss/articles/CBMimwFBVV95cUxPZWNZNXdpMk4xckozclFCY1l3U0hmODZvVUdib3k4Rl9xOVZjeHIwcUI0aHZBcFFqWFhIdjktaFNnMHZ0UVRNRjJYWUV5R0I1U2ZjNDJwVEN0dkJrbU8zWEJFY1lSZTEzSElDRjJpV25QZkN3a0kyTkVXVG40c0FVX1A5ZEF5dW5Ldzd1T19YdmJfemNqYjRkcE5iMA?oc=5
TARIFF_MISSING,MEDIUM,T-fbcb1c127eb4,SECI,"Purvah, SAEL Among Winners of SECI’s 2 GW Solar, 4 GWh Energy Storage Auction - Mercomindia.com",Solar + Storage,2000.0,winner known but no tariff; check the award article or agency release,https://news.google.com/rss/articles/CBMinwFBVV95cUxNa093ZGg5dFlMSkNKTVZKV2ZfRzEwdkhNN25DVk9Nd2RIUzA5NlhQOVRucHhIbTMtZ2ZKV3ZLdDA2UURISjJDRjlqVDhkVF9iUnhLdjdvcmJJSGx4M0hHQ3gzQVU4QlhGSmh1WmItYUV3MFd5bWllSmhKS0o0UXc0dU16ei0tTXNsUnRLWExiUm9LZUxhMDZZNHdJU2lYNXM?oc=5,https://news.google.com/rss/articles/CBMinwFBVV95cUxNa093ZGg5dFlMSkNKTVZKV2ZfRzEwdkhNN25DVk9Nd2RIUzA5NlhQOVRucHhIbTMtZ2ZKV3ZLdDA2UURISjJDRjlqVDhkVF9iUnhLdjdvcmJJSGx4M0hHQ3gzQVU4QlhGSmh1WmItYUV3MFd5bWllSmhKS0o0UXc0dU16ei0tTXNsUnRLWExiUm9LZUxhMDZZNHdJU2lYNXM?oc=5
MATCH_UNCERTAIN,MEDIUM,T-fbcb1c127eb4,SECI,"Purvah, SAEL Among Winners of SECI’s 2 GW Solar, 4 GWh Energy Storage Auction - Mercomindia.com",Solar + Storage,2000.0,"record built from a headline, not a tender page; confirm it is a real tender",https://news.google.com/rss/articles/CBMinwFBVV95cUxNa093ZGg5dFlMSkNKTVZKV2ZfRzEwdkhNN25DVk9Nd2RIUzA5NlhQOVRucHhIbTMtZ2ZKV3ZLdDA2UURISjJDRjlqVDhkVF9iUnhLdjdvcmJJSGx4M0hHQ3gzQVU4QlhGSmh1WmItYUV3MFd5bWllSmhKS0o0UXc0dU16ei0tTXNsUnRLWExiUm9LZUxhMDZZNHdJU2lYNXM?oc=5,https://news.google.com/rss/articles/CBMinwFBVV95cUxNa093ZGg5dFlMSkNKTVZKV2ZfRzEwdkhNN25DVk9Nd2RIUzA5NlhQOVRucHhIbTMtZ2ZKV3ZLdDA2UURISjJDRjlqVDhkVF9iUnhLdjdvcmJJSGx4M0hHQ3gzQVU4QlhGSmh1WmItYUV3MFd5bWllSmhKS0o0UXc0dU16ei0tTXNsUnRLWExiUm9LZUxhMDZZNHdJU2lYNXM?oc=5
TARIFF_MISSING,MEDIUM,T-75d161984b5f,MPPMCL,Adani Power Secures LoA for total 1600 MW Capacity from MPPMCL - Adani,Unclassified,1600.0,winner known but no tariff; check the award article or agency release,https://news.google.com/rss/articles/CBMirAFBVV95cUxNMGo0X0NqWDZDSFJ2bkJlby0zXzlvd29MYlROdk9EMllXaUxRSGlfT0FVUEpvOXhfb2FVV044c3JHaG5COVNIR1RMY0dzbGwtcFJTbFBKU2NucFNpMnF6UzE3TGotWE0xaldyNWRNcmRvc1NwdGowTzFueVZNS0VpUnV0YnNIcFYtWFNYYVc3MlJleldDQlVwM3Zyd2VrMWFVREkxcnpEa2VxLUJD?oc=5,https://news.google.com/rss/articles/CBMirAFBVV95cUxNMGo0X0NqWDZDSFJ2bkJlby0zXzlvd29MYlROdk9EMllXaUxRSGlfT0FVUEpvOXhfb2FVV044c3JHaG5COVNIR1RMY0dzbGwtcFJTbFBKU2NucFNpMnF6UzE3TGotWE0xaldyNWRNcmRvc1NwdGowTzFueVZNS0VpUnV0YnNIcFYtWFNYYVc3MlJleldDQlVwM3Zyd2VrMWFVREkxcnpEa2VxLUJD?oc=5
MATCH_UNCERTAIN,MEDIUM,T-75d161984b5f,MPPMCL,Adani Power Secures LoA for total 1600 MW Capacity from MPPMCL - Adani,Unclassified,1600.0,"record built from a headline, not a tender page; confirm it is a real tender",https://news.google.com/rss/articles/CBMirAFBVV95cUxNMGo0X0NqWDZDSFJ2bkJlby0zXzlvd29MYlROdk9EMllXaUxRSGlfT0FVUEpvOXhfb2FVV044c3JHaG5COVNIR1RMY0dzbGwtcFJTbFBKU2NucFNpMnF6UzE3TGotWE0xaldyNWRNcmRvc1NwdGowTzFueVZNS0VpUnV0YnNIcFYtWFNYYVc3MlJleldDQlVwM3Zyd2VrMWFVREkxcnpEa2VxLUJD?oc=5,https://news.google.com/rss/articles/CBMirAFBVV95cUxNMGo0X0NqWDZDSFJ2bkJlby0zXzlvd29MYlROdk9EMllXaUxRSGlfT0FVUEpvOXhfb2FVV044c3JHaG5COVNIR1RMY0dzbGwtcFJTbFBKU2NucFNpMnF6UzE3TGotWE0xaldyNWRNcmRvc1NwdGowTzFueVZNS0VpUnV0YnNIcFYtWFNYYVc3MlJleldDQlVwM3Zyd2VrMWFVREkxcnpEa2VxLUJD?oc=5
TARIFF_MISSING,MEDIUM,T-fc60669753ff,MPPMCL,"Adani Power bags 1,600 MW thermal project from MPPMCL; to invest Rs 21,000 cr - cfo.economictimes.indiatimes.com",Unclassified,1600.0,winner known but no tariff; check the award article or agency release,https://news.google.com/rss/articles/CBMi-AFBVV95cUxPZVo1YkROVGIzdmhTUEYyWS1EdkxmOVFJTmZ3NnRKczdyUHNQOXFqMlNzMWNWempZZ05vTFowVUdST1prQnpDVDhxck11WDRRUlhwT1ZxR25Vd01MMjhFdUVBS1ZaYktmRlJxMGQtbHNMbENDY0lTa3N0TnRsN2xwODF0bFprS1pOTHN0N1FvamU5Q09zaThkYW5MdWNBdThrWllMeVFZVDdHSERRNTJuN1J4WUk1aHh6dmpfaFVFTkFOTTRxTnNneW85RlgxejRZZ0t2Z0dMTFRzbVNTQ0t6M01aQTluN3l4SThjaWRsWGJHdW52RnBNWdIB_gFBVV95cUxNSEhlaEdMN0xRU2xxalM4OG5qMmhpc1lTdU10ZUR0VjI0U1ZDM2JOQ0xOWWNiZFZHNnFRSDVfSE1NTkR5OEJsU3lXdGhMMDc3ekhKLTY4YnR0aGUzenNkNFFLbG5TQmFlejdjSVJLZGJiUE5wNFdZVUpRcGNCeG9PWktCT0d2UTIzV1o1TG9YcU1KYk5seXNUQ1VuNkFWNHFVTGwzc01KT19IRHBCNFlKeVhvWUJvb1I5enUzaDFiaFhITEJqRElJZ2xpdnItaW5idVBKbnpsVlJBbDA5WnIzTm1FZ0Ruc3c2Vmd2WUowanBpOWU3SXIyTnJfMkk1dw?oc=5,https://news.google.com/rss/articles/CBMi-AFBVV95cUxPZVo1YkROVGIzdmhTUEYyWS1EdkxmOVFJTmZ3NnRKczdyUHNQOXFqMlNzMWNWempZZ05vTFowVUdST1prQnpDVDhxck11WDRRUlhwT1ZxR25Vd01MMjhFdUVBS1ZaYktmRlJxMGQtbHNMbENDY0lTa3N0TnRsN2xwODF0bFprS1pOTHN0N1FvamU5Q09zaThkYW5MdWNBdThrWllMeVFZVDdHSERRNTJuN1J4WUk1aHh6dmpfaFVFTkFOTTRxTnNneW85RlgxejRZZ0t2Z0dMTFRzbVNTQ0t6M01aQTluN3l4SThjaWRsWGJHdW52RnBNWdIB_gFBVV95cUxNSEhlaEdMN0xRU2xxalM4OG5qMmhpc1lTdU10ZUR0VjI0U1ZDM2JOQ0xOWWNiZFZHNnFRSDVfSE1NTkR5OEJsU3lXdGhMMDc3ekhKLTY4YnR0aGUzenNkNFFLbG5TQmFlejdjSVJLZGJiUE5wNFdZVUpRcGNCeG9PWktCT0d2UTIzV1o1TG9YcU1KYk5seXNUQ1VuNkFWNHFVTGwzc01KT19IRHBCNFlKeVhvWUJvb1I5enUzaDFiaFhITEJqRElJZ2xpdnItaW5idVBKbnpsVlJBbDA5WnIzTm1FZ0Ruc3c2Vmd2WUowanBpOWU3SXIyTnJfMkk1dw?oc=5
MATCH_UNCERTAIN,MEDIUM,T-fc60669753ff,MPPMCL,"Adani Power bags 1,600 MW thermal project from MPPMCL; to invest Rs 21,000 cr - cfo.economictimes.indiatimes.com",Unclassified,1600.0,"record built from a headline, not a tender page; confirm it is a real tender",https://news.google.com/rss/articles/CBMi-AFBVV95cUxPZVo1YkROVGIzdmhTUEYyWS1EdkxmOVFJTmZ3NnRKczdyUHNQOXFqMlNzMWNWempZZ05vTFowVUdST1prQnpDVDhxck11WDRRUlhwT1ZxR25Vd01MMjhFdUVBS1ZaYktmRlJxMGQtbHNMbENDY0lTa3N0TnRsN2xwODF0bFprS1pOTHN0N1FvamU5Q09zaThkYW5MdWNBdThrWllMeVFZVDdHSERRNTJuN1J4WUk1aHh6dmpfaFVFTkFOTTRxTnNneW85RlgxejRZZ0t2Z0dMTFRzbVNTQ0t6M01aQTluN3l4SThjaWRsWGJHdW52RnBNWdIB_gFBVV95cUxNSEhlaEdMN0xRU2xxalM4OG5qMmhpc1lTdU10ZUR0VjI0U1ZDM2JOQ0xOWWNiZFZHNnFRSDVfSE1NTkR5OEJsU3lXdGhMMDc3ekhKLTY4YnR0aGUzenNkNFFLbG5TQmFlejdjSVJLZGJiUE5wNFdZVUpRcGNCeG9PWktCT0d2UTIzV1o1TG9YcU1KYk5seXNUQ1VuNkFWNHFVTGwzc01KT19IRHBCNFlKeVhvWUJvb1I5enUzaDFiaFhITEJqRElJZ2xpdnItaW5idVBKbnpsVlJBbDA5WnIzTm1FZ0Ruc3c2Vmd2WUowanBpOWU3SXIyTnJfMkk1dw?oc=5,https://news.google.com/rss/articles/CBMi-AFBVV95cUxPZVo1YkROVGIzdmhTUEYyWS1EdkxmOVFJTmZ3NnRKczdyUHNQOXFqMlNzMWNWempZZ05vTFowVUdST1prQnpDVDhxck11WDRRUlhwT1ZxR25Vd01MMjhFdUVBS1ZaYktmRlJxMGQtbHNMbENDY0lTa3N0TnRsN2xwODF0bFprS1pOTHN0N1FvamU5Q09zaThkYW5MdWNBdThrWllMeVFZVDdHSERRNTJuN1J4WUk1aHh6dmpfaFVFTkFOTTRxTnNneW85RlgxejRZZ0t2Z0dMTFRzbVNTQ0t6M01aQTluN3l4SThjaWRsWGJHdW52RnBNWdIB_gFBVV95cUxNSEhlaEdMN0xRU2xxalM4OG5qMmhpc1lTdU10ZUR0VjI0U1ZDM2JOQ0xOWWNiZFZHNnFRSDVfSE1NTkR5OEJsU3lXdGhMMDc3ekhKLTY4YnR0aGUzenNkNFFLbG5TQmFlejdjSVJLZGJiUE5wNFdZVUpRcGNCeG9PWktCT0d2UTIzV1o1TG9YcU1KYk5seXNUQ1VuNkFWNHFVTGwzc01KT19IRHBCNFlKeVhvWUJvb1I5enUzaDFiaFhITEJqRElJZ2xpdnItaW5idVBKbnpsVlJBbDA5WnIzTm1FZ0Ruc3c2Vmd2WUowanBpOWU3SXIyTnJfMkk1dw?oc=5
TARIFF_MISSING,MEDIUM,T-6697f371e816,MSEDCL,Adani Power bags 1600 MW power supply contract from MSEDCL - energy.economictimes.indiatimes.com,Unclassified,1600.0,winner known but no tariff; check the award article or agency release,https://news.google.com/rss/articles/CBMitwFBVV95cUxNY2w4ekJKU1BNRmE2YmM1UzZKUGxUbGl2azBuUUVqNkpNamRqSlpMQTdaSVgyX3RqbkxRMnZCVktHdFNwdk9ialpaMDBhNE9zb25fVHl6UmVPV2l5WnNNTVp5RHlqcjBjdVlMQVVRNmkyaWtqbkMxNHZaem9uWkNzMGtGUkEzWkpWdldvRkNKTDJudFJ3MmNaeUswbWNDLWJxT2lXcld6dGEtamRnREFuQ0c3LW9Wb3fSAbwBQVVfeXFMTkdPd2lCNjdnRGkzNUdub3lrMDBfTlp2Z193Smt2TWZGcGI5S1duZmw4U05iWWRFSk15U0VGVm1qYTJzeXgxZ0FzUmttYlBTUGgxY0RWbldkMGZJZVZ3N1Brc1N5Mi0zdzgyMXAyVWtxWktOWmJzRndjOEtYek90UG8ycnNMdDRWMmlNRW1laDBLTkNnRkFFLUptd08tVDAxTDNGTE1TZmpkS01ROVc5ZkUyTHlxY1BfTGZtNFk?oc=5,https://news.google.com/rss/articles/CBMitwFBVV95cUxNY2w4ekJKU1BNRmE2YmM1UzZKUGxUbGl2azBuUUVqNkpNamRqSlpMQTdaSVgyX3RqbkxRMnZCVktHdFNwdk9ialpaMDBhNE9zb25fVHl6UmVPV2l5WnNNTVp5RHlqcjBjdVlMQVVRNmkyaWtqbkMxNHZaem9uWkNzMGtGUkEzWkpWdldvRkNKTDJudFJ3MmNaeUswbWNDLWJxT2lXcld6dGEtamRnREFuQ0c3LW9Wb3fSAbwBQVVfeXFMTkdPd2lCNjdnRGkzNUdub3lrMDBfTlp2Z193Smt2TWZGcGI5S1duZmw4U05iWWRFSk15U0VGVm1qYTJzeXgxZ0FzUmttYlBTUGgxY0RWbldkMGZJZVZ3N1Brc1N5Mi0zdzgyMXAyVWtxWktOWmJzRndjOEtYek90UG8ycnNMdDRWMmlNRW1laDBLTkNnRkFFLUptd08tVDAxTDNGTE1TZmpkS01ROVc5ZkUyTHlxY1BfTGZtNFk?oc=5
MATCH_UNCERTAIN,MEDIUM,T-6697f371e816,MSEDCL,Adani Power bags 1600 MW power supply contract from MSEDCL - energy.economictimes.indiatimes.com,Unclassified,1600.0,"record built from a headline, not a tender page; confirm it is a real tender",https://news.google.com/rss/articles/CBMitwFBVV95cUxNY2w4ekJKU1BNRmE2YmM1UzZKUGxUbGl2azBuUUVqNkpNamRqSlpMQTdaSVgyX3RqbkxRMnZCVktHdFNwdk9ialpaMDBhNE9zb25fVHl6UmVPV2l5WnNNTVp5RHlqcjBjdVlMQVVRNmkyaWtqbkMxNHZaem9uWkNzMGtGUkEzWkpWdldvRkNKTDJudFJ3MmNaeUswbWNDLWJxT2lXcld6dGEtamRnREFuQ0c3LW9Wb3fSAbwBQVVfeXFMTkdPd2lCNjdnRGkzNUdub3lrMDBfTlp2Z193Smt2TWZGcGI5S1duZmw4U05iWWRFSk15U0VGVm1qYTJzeXgxZ0FzUmttYlBTUGgxY0RWbldkMGZJZVZ3N1Brc1N5Mi0zdzgyMXAyVWtxWktOWmJzRndjOEtYek90UG8ycnNMdDRWMmlNRW1laDBLTkNnRkFFLUptd08tVDAxTDNGTE1TZmpkS01ROVc5ZkUyTHlxY1BfTGZtNFk?oc=5,https://news.google.com/rss/articles/CBMitwFBVV95cUxNY2w4ekJKU1BNRmE2YmM1UzZKUGxUbGl2azBuUUVqNkpNamRqSlpMQTdaSVgyX3RqbkxRMnZCVktHdFNwdk9ialpaMDBhNE9zb25fVHl6UmVPV2l5WnNNTVp5RHlqcjBjdVlMQVVRNmkyaWtqbkMxNHZaem9uWkNzMGtGUkEzWkpWdldvRkNKTDJudFJ3MmNaeUswbWNDLWJxT2lXcld6dGEtamRnREFuQ0c3LW9Wb3fSAbwBQVVfeXFMTkdPd2lCNjdnRGkzNUdub3lrMDBfTlp2Z193Smt2TWZGcGI5S1duZmw4U05iWWRFSk15U0VGVm1qYTJzeXgxZ0FzUmttYlBTUGgxY0RWbldkMGZJZVZ3N1Brc1N5Mi0zdzgyMXAyVWtxWktOWmJzRndjOEtYek90UG8ycnNMdDRWMmlNRW1laDBLTkNnRkFFLUptd08tVDAxTDNGTE1TZmpkS01ROVc5ZkUyTHlxY1BfTGZtNFk?oc=5
TARIFF_MISSING,MEDIUM,T-b5827573c02f,MSEDCL,"Adani Power Limited Wins 1,600 MW Supply Order From MSEDCL - sarkaritel.com",Unclassified,1600.0,winner known but no tariff; check the award article or agency release,https://news.google.com/rss/articles/CBMimAFBVV95cUxPNHZQNXpCaTVRWUNzeDJKRS1rUkxoQzRoQjc1SXNneWlqU0JQU1dWQzUxdTFMYzlLeTFxZXdFS2hYTHBVMEpSN3Z4VkE3bm1YQVZpSjNSTUQtdG5QRVd0djBTNFh2R1A4NjNjMDREQnp0THA5ZEllX2lnWldzaWplekVhd3ZqTkZQcWwzcEFNZ1I3YWhvY1JuaA?oc=5,https://news.google.com/rss/articles/CBMimAFBVV95cUxPNHZQNXpCaTVRWUNzeDJKRS1rUkxoQzRoQjc1SXNneWlqU0JQU1dWQzUxdTFMYzlLeTFxZXdFS2hYTHBVMEpSN3Z4VkE3bm1YQVZpSjNSTUQtdG5QRVd0djBTNFh2R1A4NjNjMDREQnp0THA5ZEllX2lnWldzaWplekVhd3ZqTkZQcWwzcEFNZ1I3YWhvY1JuaA?oc=5
MATCH_UNCERTAIN,MEDIUM,T-b5827573c02f,MSEDCL,"Adani Power Limited Wins 1,600 MW Supply Order From MSEDCL - sarkaritel.com",Unclassified,1600.0,"record built from a headline, not a tender page; confirm it is a real tender",https://news.google.com/rss/articles/CBMimAFBVV95cUxPNHZQNXpCaTVRWUNzeDJKRS1rUkxoQzRoQjc1SXNneWlqU0JQU1dWQzUxdTFMYzlLeTFxZXdFS2hYTHBVMEpSN3Z4VkE3bm1YQVZpSjNSTUQtdG5QRVd0djBTNFh2R1A4NjNjMDREQnp0THA5ZEllX2lnWldzaWplekVhd3ZqTkZQcWwzcEFNZ1I3YWhvY1JuaA?oc=5,https://news.google.com/rss/articles/CBMimAFBVV95cUxPNHZQNXpCaTVRWUNzeDJKRS1rUkxoQzRoQjc1SXNneWlqU0JQU1dWQzUxdTFMYzlLeTFxZXdFS2hYTHBVMEpSN3Z4VkE3bm1YQVZpSjNSTUQtdG5QRVd0djBTNFh2R1A4NjNjMDREQnp0THA5ZEllX2lnWldzaWplekVhd3ZqTkZQcWwzcEFNZ1I3YWhvY1JuaA?oc=5
TARIFF_MISSING,MEDIUM,T-0d0321969a77,MSEDCL,"Adani Power shares jumps 5% after MSEDCL awards 1,600 MW long-term supply contract - The Economic Times",Unclassified,1600.0,winner known but no tariff; check the award article or agency release,https://news.google.com/rss/articles/CBMi6gFBVV95cUxOLW1uVVNBRDJCSkhSV2hUbVc0ajMxZWV2QjV2Z3o2YW5TeFI0UXUxclREeWgyODg2c1VBMkQwemV5ZHNCWksxZTBGZFY2NzVxdVBNRHlaNWJMNHphY1lRRHE5ZGVEZktUWjRKSXJvLTRET1RnREtqaFNqdUxxWlZ1YndiX0hvVVJ2TWY3NkZvMVhGWmtXWHpIRGk4YlJWMmhlWk1qZVVRM3BjeDh0TGtvemY0aWd4V0RsRWJOTFpzNWR5OTYyVF9mbEpEYTNjVDYzQWFDUENHNm5jZmtnalRERW96VkRqRUcyR0HSAe8BQVVfeXFMT2NXamVXNXhyUkx4OUtOaTBhM2tON05qRmxoakNTU24wTVlUZVdYaGVWTzhoamlSazc0Z0lJUnhvX2J0QzRYZ0pLam1BaTJTN0JIekF4WVlFLWMyUzBVLVFncUtBNW9JQ1Z4OTk3SjlFNTlkUWdhU1hKcjJ1cFlkeTlnMjREZ18wdmVHRl9aR3FaLXJhU2tULVdKOHdsU3pqX2lxQnZxRVBWN2ZNbUJ1Ymp2Z016X3FEV0NzN3ViUURxSjBneWEyZGp4Um4tVGRWZE1ILUpQXzJJQU8xZ0xYblQ2ckl2SXVPOC1sYm9HMlU?oc=5,https://news.google.com/rss/articles/CBMi6gFBVV95cUxOLW1uVVNBRDJCSkhSV2hUbVc0ajMxZWV2QjV2Z3o2YW5TeFI0UXUxclREeWgyODg2c1VBMkQwemV5ZHNCWksxZTBGZFY2NzVxdVBNRHlaNWJMNHphY1lRRHE5ZGVEZktUWjRKSXJvLTRET1RnREtqaFNqdUxxWlZ1YndiX0hvVVJ2TWY3NkZvMVhGWmtXWHpIRGk4YlJWMmhlWk1qZVVRM3BjeDh0TGtvemY0aWd4V0RsRWJOTFpzNWR5OTYyVF9mbEpEYTNjVDYzQWFDUENHNm5jZmtnalRERW96VkRqRUcyR0HSAe8BQVVfeXFMT2NXamVXNXhyUkx4OUtOaTBhM2tON05qRmxoakNTU24wTVlUZVdYaGVWTzhoamlSazc0Z0lJUnhvX2J0QzRYZ0pLam1BaTJTN0JIekF4WVlFLWMyUzBVLVFncUtBNW9JQ1Z4OTk3SjlFNTlkUWdhU1hKcjJ1cFlkeTlnMjREZ18wdmVHRl9aR3FaLXJhU2tULVdKOHdsU3pqX2lxQnZxRVBWN2ZNbUJ1Ymp2Z016X3FEV0NzN3ViUURxSjBneWEyZGp4Um4tVGRWZE1ILUpQXzJJQU8xZ0xYblQ2ckl2SXVPOC1sYm9HMlU?oc=5
MATCH_UNCERTAIN,MEDIUM,T-0d0321969a77,MSEDCL,"Adani Power shares jumps 5% after MSEDCL awards 1,600 MW long-term supply contract - The Economic Times",Unclassified,1600.0,"record built from a headline, not a tender page; confirm it is a real tender",https://news.google.com/rss/articles/CBMi6gFBVV95cUxOLW1uVVNBRDJCSkhSV2hUbVc0ajMxZWV2QjV2Z3o2YW5TeFI0UXUxclREeWgyODg2c1VBMkQwemV5ZHNCWksxZTBGZFY2NzVxdVBNRHlaNWJMNHphY1lRRHE5ZGVEZktUWjRKSXJvLTRET1RnREtqaFNqdUxxWlZ1YndiX0hvVVJ2TWY3NkZvMVhGWmtXWHpIRGk4YlJWMmhlWk1qZVVRM3BjeDh0TGtvemY0aWd4V0RsRWJOTFpzNWR5OTYyVF9mbEpEYTNjVDYzQWFDUENHNm5jZmtnalRERW96VkRqRUcyR0HSAe8BQVVfeXFMT2NXamVXNXhyUkx4OUtOaTBhM2tON05qRmxoakNTU24wTVlUZVdYaGVWTzhoamlSazc0Z0lJUnhvX2J0QzRYZ0pLam1BaTJTN0JIekF4WVlFLWMyUzBVLVFncUtBNW9JQ1Z4OTk3SjlFNTlkUWdhU1hKcjJ1cFlkeTlnMjREZ18wdmVHRl9aR3FaLXJhU2tULVdKOHdsU3pqX2lxQnZxRVBWN2ZNbUJ1Ymp2Z016X3FEV0NzN3ViUURxSjBneWEyZGp4Um4tVGRWZE1ILUpQXzJJQU8xZ0xYblQ2ckl2SXVPOC1sYm9HMlU?oc=5,https://news.google.com/rss/articles/CBMi6gFBVV95cUxOLW1uVVNBRDJCSkhSV2hUbVc0ajMxZWV2QjV2Z3o2YW5TeFI0UXUxclREeWgyODg2c1VBMkQwemV5ZHNCWksxZTBGZFY2NzVxdVBNRHlaNWJMNHphY1lRRHE5ZGVEZktUWjRKSXJvLTRET1RnREtqaFNqdUxxWlZ1YndiX0hvVVJ2TWY3NkZvMVhGWmtXWHpIRGk4YlJWMmhlWk1qZVVRM3BjeDh0TGtvemY0aWd4V0RsRWJOTFpzNWR5OTYyVF9mbEpEYTNjVDYzQWFDUENHNm5jZmtnalRERW96VkRqRUcyR0HSAe8BQVVfeXFMT2NXamVXNXhyUkx4OUtOaTBhM2tON05qRmxoakNTU24wTVlUZVdYaGVWTzhoamlSazc0Z0lJUnhvX2J0QzRYZ0pLam1BaTJTN0JIekF4WVlFLWMyUzBVLVFncUtBNW9JQ1Z4OTk3SjlFNTlkUWdhU1hKcjJ1cFlkeTlnMjREZ18wdmVHRl9aR3FaLXJhU2tULVdKOHdsU3pqX2lxQnZxRVBWN2ZNbUJ1Ymp2Z016X3FEV0NzN3ViUURxSjBneWEyZGp4Um4tVGRWZE1ILUpQXzJJQU8xZ0xYblQ2ckl2SXVPOC1sYm9HMlU?oc=5
TARIFF_MISSING,MEDIUM,T-1794aa33ca43,MSEDCL,"Adani Power: Company Secures LOA From MSEDCL For 1,600 MW Long-Term Power Agreement - scanx.trade",Unclassified,1600.0,winner known but no tariff; check the award article or agency release,https://news.google.com/rss/articles/CBMiyAFBVV95cUxQWm9ydnhLbkZQb1BVZDB0MmRwTXpJOVo2MlMyTmJyUlU5UG9MQmpNWWZnOEtVRzc5bGRmMjFVdlZBZHBGRzhpNHVndVl1ZVJoLTV2V0QxcXFfbUpEZXl2aFM3VmlFREg5ajZrVDc0ZC1tNnZMaVFDVTdxYTZ0d0tpR0hYRDZDSXR5ZERqOEJPQl80YW1tRS0xeVlPTEV1eTItMlRPdDFKWXNtOFgtOUhOWmpKRVRFb01xY2JSNGpZT21mcHhabnZaNg?oc=5,https://news.google.com/rss/articles/CBMiyAFBVV95cUxQWm9ydnhLbkZQb1BVZDB0MmRwTXpJOVo2MlMyTmJyUlU5UG9MQmpNWWZnOEtVRzc5bGRmMjFVdlZBZHBGRzhpNHVndVl1ZVJoLTV2V0QxcXFfbUpEZXl2aFM3VmlFREg5ajZrVDc0ZC1tNnZMaVFDVTdxYTZ0d0tpR0hYRDZDSXR5ZERqOEJPQl80YW1tRS0xeVlPTEV1eTItMlRPdDFKWXNtOFgtOUhOWmpKRVRFb01xY2JSNGpZT21mcHhabnZaNg?oc=5
MATCH_UNCERTAIN,MEDIUM,T-1794aa33ca43,MSEDCL,"Adani Power: Company Secures LOA From MSEDCL For 1,600 MW Long-Term Power Agreement - scanx.trade",Unclassified,1600.0,"record built from a headline, not a tender page; confirm it is a real tender",https://news.google.com/rss/articles/CBMiyAFBVV95cUxQWm9ydnhLbkZQb1BVZDB0MmRwTXpJOVo2MlMyTmJyUlU5UG9MQmpNWWZnOEtVRzc5bGRmMjFVdlZBZHBGRzhpNHVndVl1ZVJoLTV2V0QxcXFfbUpEZXl2aFM3VmlFREg5ajZrVDc0ZC1tNnZMaVFDVTdxYTZ0d0tpR0hYRDZDSXR5ZERqOEJPQl80YW1tRS0xeVlPTEV1eTItMlRPdDFKWXNtOFgtOUhOWmpKRVRFb01xY2JSNGpZT21mcHhabnZaNg?oc=5,https://news.google.com/rss/articles/CBMiyAFBVV95cUxQWm9ydnhLbkZQb1BVZDB0MmRwTXpJOVo2MlMyTmJyUlU5UG9MQmpNWWZnOEtVRzc5bGRmMjFVdlZBZHBGRzhpNHVndVl1ZVJoLTV2V0QxcXFfbUpEZXl2aFM3VmlFREg5ajZrVDc0ZC1tNnZMaVFDVTdxYTZ0d0tpR0hYRDZDSXR5ZERqOEJPQl80YW1tRS0xeVlPTEV1eTItMlRPdDFKWXNtOFgtOUhOWmpKRVRFb01xY2JSNGpZT21mcHhabnZaNg?oc=5
TARIFF_MISSING,MEDIUM,T-8dbc8a713349,SECI,"Greenko, Torrent & Tata Power Wins SECI 1500 MW/12000 MWh Pumped Storage Tender in India - Saur Energy",Pumped Storage,1500.0,winner known but no tariff; check the award article or agency release,https://news.google.com/rss/articles/CBMi0wFBVV95cUxNcUFUdkw3Vm5vYUd3d1N3Q1FMZ3M3eDZRRHJGNzEwNExtaHdJLWRXVndXN1V2Ukc4d3hUbEtoT0RqUmpRRWVqbXM0REtHcTlsM29xekcxTWtnWVpXMnFIZmNXLTlnVTZ0WGRLYVNiOWtLYWZidHU1Y0U4ZnpXSkQtU0thZG9IelVKd01TU0c2WUdRNlZQMmJSUnN3aFhmemtVWUhlRHozWUFlZERMVlFhVXJpaVhWaWpkb2NuVURBZzhTRWU0S3puWFNyc2xpalRCc0pJ?oc=5,https://news.google.com/rss/articles/CBMi0wFBVV95cUxNcUFUdkw3Vm5vYUd3d1N3Q1FMZ3M3eDZRRHJGNzEwNExtaHdJLWRXVndXN1V2Ukc4d3hUbEtoT0RqUmpRRWVqbXM0REtHcTlsM29xekcxTWtnWVpXMnFIZmNXLTlnVTZ0WGRLYVNiOWtLYWZidHU1Y0U4ZnpXSkQtU0thZG9IelVKd01TU0c2WUdRNlZQMmJSUnN3aFhmemtVWUhlRHozWUFlZERMVlFhVXJpaVhWaWpkb2NuVURBZzhTRWU0S3puWFNyc2xpalRCc0pJ?oc=5
MATCH_UNCERTAIN,MEDIUM,T-8dbc8a713349,SECI,"Greenko, Torrent & Tata Power Wins SECI 1500 MW/12000 MWh Pumped Storage Tender in India - Saur Energy",Pumped Storage,1500.0,"record built from a headline, not a tender page; confirm it is a real tender",https://news.google.com/rss/articles/CBMi0wFBVV95cUxNcUFUdkw3Vm5vYUd3d1N3Q1FMZ3M3eDZRRHJGNzEwNExtaHdJLWRXVndXN1V2Ukc4d3hUbEtoT0RqUmpRRWVqbXM0REtHcTlsM29xekcxTWtnWVpXMnFIZmNXLTlnVTZ0WGRLYVNiOWtLYWZidHU1Y0U4ZnpXSkQtU0thZG9IelVKd01TU0c2WUdRNlZQMmJSUnN3aFhmemtVWUhlRHozWUFlZERMVlFhVXJpaVhWaWpkb2NuVURBZzhTRWU0S3puWFNyc2xpalRCc0pJ?oc=5,https://news.google.com/rss/articles/CBMi0wFBVV95cUxNcUFUdkw3Vm5vYUd3d1N3Q1FMZ3M3eDZRRHJGNzEwNExtaHdJLWRXVndXN1V2Ukc4d3hUbEtoT0RqUmpRRWVqbXM0REtHcTlsM29xekcxTWtnWVpXMnFIZmNXLTlnVTZ0WGRLYVNiOWtLYWZidHU1Y0U4ZnpXSkQtU0thZG9IelVKd01TU0c2WUdRNlZQMmJSUnN3aFhmemtVWUhlRHozWUFlZERMVlFhVXJpaVhWaWpkb2NuVURBZzhTRWU0S3puWFNyc2xpalRCc0pJ?oc=5
TARIFF_MISSING,MEDIUM,T-a46787d19976,SJVN,"Reliance, Sembcorp, BluPine, and ACME Win SJVN’s 1.5 GW FDRE Auction - Energetica India Magazine",Unclassified,1500.0,winner known but no tariff; check the award article or agency release,https://news.google.com/rss/articles/CBMiowFBVV95cUxQanVOemVxR1ZQMGZXRm9aLUVqdEdpTWlOamxsRE5CZGZsZjdjdEhtOHFkbkc4eFJQT2ZHNzZOcTFJQW1VSFNyS3FZaU5YOHBuYnVGTktIck1rZ2M5Ri1WR3F4NkVkVlRDVlR1WnVlbTlpblU5S0xIMUtLT05CUC1wQ3dnMGRlNXFGdXA4bFBiVXp6cnEzLWRfb01CM29HcXVza0Vv?oc=5,https://news.google.com/rss/articles/CBMiowFBVV95cUxQanVOemVxR1ZQMGZXRm9aLUVqdEdpTWlOamxsRE5CZGZsZjdjdEhtOHFkbkc4eFJQT2ZHNzZOcTFJQW1VSFNyS3FZaU5YOHBuYnVGTktIck1rZ2M5Ri1WR3F4NkVkVlRDVlR1WnVlbTlpblU5S0xIMUtLT05CUC1wQ3dnMGRlNXFGdXA4bFBiVXp6cnEzLWRfb01CM29HcXVza0Vv?oc=5
MATCH_UNCERTAIN,MEDIUM,T-a46787d19976,SJVN,"Reliance, Sembcorp, BluPine, and ACME Win SJVN’s 1.5 GW FDRE Auction - Energetica India Magazine",Unclassified,1500.0,"record built from a headline, not a tender page; confirm it is a real tender",https://news.google.com/rss/articles/CBMiowFBVV95cUxQanVOemVxR1ZQMGZXRm9aLUVqdEdpTWlOamxsRE5CZGZsZjdjdEhtOHFkbkc4eFJQT2ZHNzZOcTFJQW1VSFNyS3FZaU5YOHBuYnVGTktIck1rZ2M5Ri1WR3F4NkVkVlRDVlR1WnVlbTlpblU5S0xIMUtLT05CUC1wQ3dnMGRlNXFGdXA4bFBiVXp6cnEzLWRfb01CM29HcXVza0Vv?oc=5,https://news.google.com/rss/articles/CBMiowFBVV95cUxQanVOemVxR1ZQMGZXRm9aLUVqdEdpTWlOamxsRE5CZGZsZjdjdEhtOHFkbkc4eFJQT2ZHNzZOcTFJQW1VSFNyS3FZaU5YOHBuYnVGTktIck1rZ2M5Ri1WR3F4NkVkVlRDVlR1WnVlbTlpblU5S0xIMUtLT05CUC1wQ3dnMGRlNXFGdXA4bFBiVXp6cnEzLWRfb01CM29HcXVza0Vv?oc=5
TARIFF_MISSING,MEDIUM,T-2316ce5c96dc,SECI,"SECI Awards 1,344 MW Pumped Storage Capacity To Greenko, Tata Power, And Torrent After Competitive Auction - SolarQuarte",Pumped Storage,1344.0,winner known but no tariff; check the award article or agency release,https://news.google.com/rss/articles/CBMi1wFBVV95cUxNZ0xiWWJZOThVejBNbXZ2SF9PTnNHZGRuam9HdXJzTWlXTnB1bzNlQWY3Zmg2TUtyazEwTHNld25DMmtjTGNkNEhWbk9OeWl4NkowSXY4WmVjU1ZFM0RKVy16LWlhR0J3aGFqX0tRelhhMXNER1dFY3FCS2Y3el8xMThzRmRhTXJ5ak1aeHpzMGNnX2FkRk1hTTlWNy0zWnVDbTNYRmhXRUJ2MlZCOEV0ZVRyWEZCa3BpcjFPNDFuZ04yc2NubVZEd3lUR0R0QnIxRlYtMlA4cw?oc=5,https://news.google.com/rss/articles/CBMi1wFBVV95cUxNZ0xiWWJZOThVejBNbXZ2SF9PTnNHZGRuam9HdXJzTWlXTnB1bzNlQWY3Zmg2TUtyazEwTHNld25DMmtjTGNkNEhWbk9OeWl4NkowSXY4WmVjU1ZFM0RKVy16LWlhR0J3aGFqX0tRelhhMXNER1dFY3FCS2Y3el8xMThzRmRhTXJ5ak1aeHpzMGNnX2FkRk1hTTlWNy0zWnVDbTNYRmhXRUJ2MlZCOEV0ZVRyWEZCa3BpcjFPNDFuZ04yc2NubVZEd3lUR0R0QnIxRlYtMlA4cw?oc=5
MATCH_UNCERTAIN,MEDIUM,T-2316ce5c96dc,SECI,"SECI Awards 1,344 MW Pumped Storage Capacity To Greenko, Tata Power, And Torrent After Competitive Auction - SolarQuarte",Pumped Storage,1344.0,"record built from a headline, not a tender page; confirm it is a real tender",https://news.google.com/rss/articles/CBMi1wFBVV95cUxNZ0xiWWJZOThVejBNbXZ2SF9PTnNHZGRuam9HdXJzTWlXTnB1bzNlQWY3Zmg2TUtyazEwTHNld25DMmtjTGNkNEhWbk9OeWl4NkowSXY4WmVjU1ZFM0RKVy16LWlhR0J3aGFqX0tRelhhMXNER1dFY3FCS2Y3el8xMThzRmRhTXJ5ak1aeHpzMGNnX2FkRk1hTTlWNy0zWnVDbTNYRmhXRUJ2MlZCOEV0ZVRyWEZCa3BpcjFPNDFuZ04yc2NubVZEd3lUR0R0QnIxRlYtMlA4cw?oc=5,https://news.google.com/rss/articles/CBMi1wFBVV95cUxNZ0xiWWJZOThVejBNbXZ2SF9PTnNHZGRuam9HdXJzTWlXTnB1bzNlQWY3Zmg2TUtyazEwTHNld25DMmtjTGNkNEhWbk9OeWl4NkowSXY4WmVjU1ZFM0RKVy16LWlhR0J3aGFqX0tRelhhMXNER1dFY3FCS2Y3el8xMThzRmRhTXJ5ak1aeHpzMGNnX2FkRk1hTTlWNy0zWnVDbTNYRmhXRUJ2MlZCOEV0ZVRyWEZCa3BpcjFPNDFuZ04yc2NubVZEd3lUR0R0QnIxRlYtMlA4cw?oc=5
TARIFF_MISSING,MEDIUM,T-354bc7d40a8b,UPPCL,"Adani Green Energy Wins 1,250 MW Energy Storage Capacity from UPPCL - Adani",Unclassified,1250.0,winner known but no tariff; check the award article or agency release,https://news.google.com/rss/articles/CBMisgFBVV95cUxPX084OFFOZG5RanFWdThlbkdKWmxNT3FreTk0ZUc3NmRNaXJCS0U1T3BNUElJUGdDZTJsRENpQVlLRDVkTVpOQkhERzNza3QyT1dKTlZtdVdUMXlHY2VZb1ZjZWlwX1MxdjNHcDl0Z2o3TVJKbk9jTDg3a01CbHkyY3BZelZtbmtwdVphRy01Q2hVSFd3aTlxckZ5cGFPelpVOFhnVkFTaHdGSGphb1kyZWx3?oc=5,https://news.google.com/rss/articles/CBMisgFBVV95cUxPX084OFFOZG5RanFWdThlbkdKWmxNT3FreTk0ZUc3NmRNaXJCS0U1T3BNUElJUGdDZTJsRENpQVlLRDVkTVpOQkhERzNza3QyT1dKTlZtdVdUMXlHY2VZb1ZjZWlwX1MxdjNHcDl0Z2o3TVJKbk9jTDg3a01CbHkyY3BZelZtbmtwdVphRy01Q2hVSFd3aTlxckZ5cGFPelpVOFhnVkFTaHdGSGphb1kyZWx3?oc=5
MATCH_UNCERTAIN,MEDIUM,T-354bc7d40a8b,UPPCL,"Adani Green Energy Wins 1,250 MW Energy Storage Capacity from UPPCL - Adani",Unclassified,1250.0,"record built from a headline, not a tender page; confirm it is a real tender",https://news.google.com/rss/articles/CBMisgFBVV95cUxPX084OFFOZG5RanFWdThlbkdKWmxNT3FreTk0ZUc3NmRNaXJCS0U1T3BNUElJUGdDZTJsRENpQVlLRDVkTVpOQkhERzNza3QyT1dKTlZtdVdUMXlHY2VZb1ZjZWlwX1MxdjNHcDl0Z2o3TVJKbk9jTDg3a01CbHkyY3BZelZtbmtwdVphRy01Q2hVSFd3aTlxckZ5cGFPelpVOFhnVkFTaHdGSGphb1kyZWx3?oc=5,https://news.google.com/rss/articles/CBMisgFBVV95cUxPX084OFFOZG5RanFWdThlbkdKWmxNT3FreTk0ZUc3NmRNaXJCS0U1T3BNUElJUGdDZTJsRENpQVlLRDVkTVpOQkhERzNza3QyT1dKTlZtdVdUMXlHY2VZb1ZjZWlwX1MxdjNHcDl0Z2o3TVJKbk9jTDg3a01CbHkyY3BZelZtbmtwdVphRy01Q2hVSFd3aTlxckZ5cGFPelpVOFhnVkFTaHdGSGphb1kyZWx3?oc=5
TARIFF_MISSING,MEDIUM,T-c99bd23af287,SECI,RfS for Setting up of 1200 MW ISTS-connected Solar PV Power Projects with 600 MW/3600 MWh ESS in India (SECI-ISTS-XXI),Solar,1200.0,winner known but no tariff; check the award article or agency release,https://www.seci.co.in/tender-details/YmJz,https://news.google.com/rss/articles/CBMi5wFBVV95cUxPMXVXMk1IRE5iUURFdE9WT05vSTJ6cXluRm5nN2l6N1pZSm5Wbjg3S08wdDFGRm4zTmZYemQyQW05VWhjS2k1SjFZOUZoazlYQkZOU3dqUFA4QXB0WWNEYXAzQmRmX0FObkJaWW9Zb0hnYVI5cUZiXzM1Z0YwZHhKRmJ4SFNTd015c0F3TGs4MlpGX3ZzdDJhTXZtOEdsVWJkN19fVWRxS0U5UlF1TENqb0tmQ0FzWVVUa2EzUUlRY1luZTN6UlYtT0xtSXZZelJsTTNiNVE3bXlsWXJSRXZqVm9qSWdVYkU?oc=5
TARIFF_MISSING,MEDIUM,c99bd23af287,SECI,RfS for Setting up of 1200 MW ISTS-connected Solar PV Power Projects with 600 MW/3600 MWh ESS in India (SECI-ISTS-XXI),Solar,1200.0,winner known but no tariff; check the award article or agency release,https://www.seci.co.in/tender-details/YmJz,https://news.google.com/rss/articles/CBMi5wFBVV95cUxPMXVXMk1IRE5iUURFdE9WT05vSTJ6cXluRm5nN2l6N1pZSm5Wbjg3S08wdDFGRm4zTmZYemQyQW05VWhjS2k1SjFZOUZoazlYQkZOU3dqUFA4QXB0WWNEYXAzQmRmX0FObkJaWW9Zb0hnYVI5cUZiXzM1Z0YwZHhKRmJ4SFNTd015c0F3TGs4MlpGX3ZzdDJhTXZtOEdsVWJkN19fVWRxS0U5UlF1TENqb0tmQ0FzWVVUa2EzUUlRY1luZTN6UlYtT0xtSXZZelJsTTNiNVE3bXlsWXJSRXZqVm9qSWdVYkU?oc=5
TARIFF_MISSING,MEDIUM,T-519bbe8b1f67,SECI,RfS for Setting up of 1200 MW ISTS-Connected Wind Power Projects in India (SECI-Tranche-XIX),Wind,1200.0,winner known but no tariff; check the award article or agency release,https://www.seci.co.in/tender-details/YmB1,https://news.google.com/rss/articles/CBMiywFBVV95cUxPRUh3ejNCaUhzWHQ0Wk8wSTFIb2pZTmRrd3FhYk5rNGRfcG5fTVYwbHNOd2lKelpQVUREMXFXaVhhYVRSNExVc2JTMDlHRXdWQUdMTUZabDRkaGdSc1FidF9iNVdxMHF0U1U2NTQ5Mlg1UEp2QUZEZ2lWWHZ2c216MTI3anU3eDRMcENUV2ZqdkszV1RDS2Y3aTA1WGF4UEhrX0Z6MkhldUVHaUFneHpYOEQ4OF9URk1PUHVRT0l2NnFjNXFjVmtHdWZvMNIB0AFBVV95cUxNS2ZmakVoY1dXMjdfY21KMHFiN2ZrOHRsQVBoWVZhUGQtWGJORWFrMk5QcWJyenJlVG84Rl83OTkxTmNPZUNKdXd0TG9vN29tVGZ5YmFZbUNGYUJ0elhwRlJKSVNyVXFtbllULVRYWVp4Wm10M1hERWFGWXNIQy1FYW12WHFFcjZzTUJZay1Zd21ReDhSaldQRnZWZlBRT0E1YzJpdll1ME82N3hsLWI5SjhlT3RlNnd0TVp6VTJnTnFmSUFZb3JBNnpyNm1qTjlm?oc=5
TARIFF_MISSING,MEDIUM,519bbe8b1f67,SECI,RfS for Setting up of 1200 MW ISTS-Connected Wind Power Projects in India (SECI-Tranche-XIX),Wind,1200.0,winner known but no tariff; check the award article or agency release,https://www.seci.co.in/tender-details/YmB1,https://news.google.com/rss/articles/CBMiywFBVV95cUxPRUh3ejNCaUhzWHQ0Wk8wSTFIb2pZTmRrd3FhYk5rNGRfcG5fTVYwbHNOd2lKelpQVUREMXFXaVhhYVRSNExVc2JTMDlHRXdWQUdMTUZabDRkaGdSc1FidF9iNVdxMHF0U1U2NTQ5Mlg1UEp2QUZEZ2lWWHZ2c216MTI3anU3eDRMcENUV2ZqdkszV1RDS2Y3aTA1WGF4UEhrX0Z6MkhldUVHaUFneHpYOEQ4OF9URk1PUHVRT0l2NnFjNXFjVmtHdWZvMNIB0AFBVV95cUxNS2ZmakVoY1dXMjdfY21KMHFiN2ZrOHRsQVBoWVZhUGQtWGJORWFrMk5QcWJyenJlVG84Rl83OTkxTmNPZUNKdXd0TG9vN29tVGZ5YmFZbUNGYUJ0elhwRlJKSVNyVXFtbllULVRYWVp4Wm10M1hERWFGWXNIQy1FYW12WHFFcjZzTUJZay1Zd21ReDhSaldQRnZWZlBRT0E1YzJpdll1ME82N3hsLWI5SjhlT3RlNnd0TVp6VTJnTnFmSUFZb3JBNnpyNm1qTjlm?oc=5
TARIFF_MISSING,MEDIUM,T-0185fd440346,NHPC,NHPC Awards 1.2 GW Jalaun Solar Park Project At ₹2.73/kWh To Coal India And NLC India Renewables - SolarQuarter,Solar,1200.0,winner known but no tariff; check the award article or agency release,https://news.google.com/rss/articles/CBMi2AFBVV95cUxPNjVrVktSeUhnMndQWnJGTm5VWldHbG5pc2FsbTJaZmExdjh4TGdydHBiXy1KYWo2RElNM1ozNFJzblppNjdJN25mX1FXNXg4Sm83TU9MYk1ZUHQxOWw0R1J0RDRqRVVta3VqcjhLd3BpSEV2cVdTdWtuU0ViaVhPR1BveUdkM3A4RXdSSEVXMXVJdkl5WWRtMTUtWEg0RmptRVBlblFLaU5hZi1iYVdpRW5lZHp3V1N2QWpEUzk1RGhsWTk0QUZxUXZGS0ZCX3BCQlhvSmtVMno?oc=5,https://news.google.com/rss/articles/CBMi2AFBVV95cUxPNjVrVktSeUhnMndQWnJGTm5VWldHbG5pc2FsbTJaZmExdjh4TGdydHBiXy1KYWo2RElNM1ozNFJzblppNjdJN25mX1FXNXg4Sm83TU9MYk1ZUHQxOWw0R1J0RDRqRVVta3VqcjhLd3BpSEV2cVdTdWtuU0ViaVhPR1BveUdkM3A4RXdSSEVXMXVJdkl5WWRtMTUtWEg0RmptRVBlblFLaU5hZi1iYVdpRW5lZHp3V1N2QWpEUzk1RGhsWTk0QUZxUXZGS0ZCX3BCQlhvSmtVMno?oc=5
MATCH_UNCERTAIN,MEDIUM,T-0185fd440346,NHPC,NHPC Awards 1.2 GW Jalaun Solar Park Project At ₹2.73/kWh To Coal India And NLC India Renewables - SolarQuarter,Solar,1200.0,"record built from a headline, not a tender page; confirm it is a real tender",https://news.google.com/rss/articles/CBMi2AFBVV95cUxPNjVrVktSeUhnMndQWnJGTm5VWldHbG5pc2FsbTJaZmExdjh4TGdydHBiXy1KYWo2RElNM1ozNFJzblppNjdJN25mX1FXNXg4Sm83TU9MYk1ZUHQxOWw0R1J0RDRqRVVta3VqcjhLd3BpSEV2cVdTdWtuU0ViaVhPR1BveUdkM3A4RXdSSEVXMXVJdkl5WWRtMTUtWEg0RmptRVBlblFLaU5hZi1iYVdpRW5lZHp3V1N2QWpEUzk1RGhsWTk0QUZxUXZGS0ZCX3BCQlhvSmtVMno?oc=5,https://news.google.com/rss/articles/CBMi2AFBVV95cUxPNjVrVktSeUhnMndQWnJGTm5VWldHbG5pc2FsbTJaZmExdjh4TGdydHBiXy1KYWo2RElNM1ozNFJzblppNjdJN25mX1FXNXg4Sm83TU9MYk1ZUHQxOWw0R1J0RDRqRVVta3VqcjhLd3BpSEV2cVdTdWtuU0ViaVhPR1BveUdkM3A4RXdSSEVXMXVJdkl5WWRtMTUtWEg0RmptRVBlblFLaU5hZi1iYVdpRW5lZHp3V1N2QWpEUzk1RGhsWTk0QUZxUXZGS0ZCX3BCQlhvSmtVMno?oc=5
TARIFF_MISSING,MEDIUM,T-0057baebc545,NHPC,"Coal India, NLC India Renewables Win NHPC’s 1,200 MW Solar Auction in Uttar Pradesh - Energetica India Magazine",Solar,1200.0,winner known but no tariff; check the award article or agency release,https://news.google.com/rss/articles/CBMiugFBVV95cUxNQ3lpeGJXclUwN3g3QUVBOU5BcVlhQVdoVUNXd2dMcUpQaG9kTXMtSHlqWjhIRTl5MDI1ZzBQUEFsbWpUcDhkUFdRWTZ2c3NwWUUzaF9McTJWWG84TXM0eTVzaElrQUplR083bGVRSXRQNUx2TzA2YkxDZ090a1AwUXlXM3pfdmpvWl85eXNva2YzeHdrV1BkSml1U2RyYmZWZ21NNGJLQUhYN0QzUWVJNWhUNnJLbFNndEE?oc=5,https://news.google.com/rss/articles/CBMiugFBVV95cUxNQ3lpeGJXclUwN3g3QUVBOU5BcVlhQVdoVUNXd2dMcUpQaG9kTXMtSHlqWjhIRTl5MDI1ZzBQUEFsbWpUcDhkUFdRWTZ2c3NwWUUzaF9McTJWWG84TXM0eTVzaElrQUplR083bGVRSXRQNUx2TzA2YkxDZ090a1AwUXlXM3pfdmpvWl85eXNva2YzeHdrV1BkSml1U2RyYmZWZ21NNGJLQUhYN0QzUWVJNWhUNnJLbFNndEE?oc=5
MATCH_UNCERTAIN,MEDIUM,T-0057baebc545,NHPC,"Coal India, NLC India Renewables Win NHPC’s 1,200 MW Solar Auction in Uttar Pradesh - Energetica India Magazine",Solar,1200.0,"record built from a headline, not a tender page; confirm it is a real tender",https://news.google.com/rss/articles/CBMiugFBVV95cUxNQ3lpeGJXclUwN3g3QUVBOU5BcVlhQVdoVUNXd2dMcUpQaG9kTXMtSHlqWjhIRTl5MDI1ZzBQUEFsbWpUcDhkUFdRWTZ2c3NwWUUzaF9McTJWWG84TXM0eTVzaElrQUplR083bGVRSXRQNUx2TzA2YkxDZ090a1AwUXlXM3pfdmpvWl85eXNva2YzeHdrV1BkSml1U2RyYmZWZ21NNGJLQUhYN0QzUWVJNWhUNnJLbFNndEE?oc=5,https://news.google.com/rss/articles/CBMiugFBVV95cUxNQ3lpeGJXclUwN3g3QUVBOU5BcVlhQVdoVUNXd2dMcUpQaG9kTXMtSHlqWjhIRTl5MDI1ZzBQUEFsbWpUcDhkUFdRWTZ2c3NwWUUzaF9McTJWWG84TXM0eTVzaElrQUplR083bGVRSXRQNUx2TzA2YkxDZ090a1AwUXlXM3pfdmpvWl85eXNva2YzeHdrV1BkSml1U2RyYmZWZ21NNGJLQUhYN0QzUWVJNWhUNnJLbFNndEE?oc=5
TARIFF_MISSING,MEDIUM,T-fffbbfe5bf93,NHPC,"Adani, Sprng, Mahindra, Avaada, Secure NHPC's 1200 MW Hybrid Projects - Energetica India Magazine",Wind-Solar Hybrid,1200.0,winner known but no tariff; check the award article or agency release,https://news.google.com/rss/articles/CBMipAFBVV95cUxOTnFfR2l3Z2ZkejBUZFlwX180azl2b0czM0JZMzFFLWV4amVLN0g0eXJpUGJRcjdES2ROcUZBZkNwWnpVOFZlMGNlUUtsa2xxOWhxRG9WUnBwVDdyenRsblg5T0xJOFI5SEstVm11QmtsMmRqOVZVdVQ2bzl3NTB0OEpBcE55bTVYTEROWkN4dUN4R2tDazVUdGRQV1hHWDhZbWwzUQ?oc=5,https://news.google.com/rss/articles/CBMipAFBVV95cUxOTnFfR2l3Z2ZkejBUZFlwX180azl2b0czM0JZMzFFLWV4amVLN0g0eXJpUGJRcjdES2ROcUZBZkNwWnpVOFZlMGNlUUtsa2xxOWhxRG9WUnBwVDdyenRsblg5T0xJOFI5SEstVm11QmtsMmRqOVZVdVQ2bzl3NTB0OEpBcE55bTVYTEROWkN4dUN4R2tDazVUdGRQV1hHWDhZbWwzUQ?oc=5
MATCH_UNCERTAIN,MEDIUM,T-fffbbfe5bf93,NHPC,"Adani, Sprng, Mahindra, Avaada, Secure NHPC's 1200 MW Hybrid Projects - Energetica India Magazine",Wind-Solar Hybrid,1200.0,"record built from a headline, not a tender page; confirm it is a real tender",https://news.google.com/rss/articles/CBMipAFBVV95cUxOTnFfR2l3Z2ZkejBUZFlwX180azl2b0czM0JZMzFFLWV4amVLN0g0eXJpUGJRcjdES2ROcUZBZkNwWnpVOFZlMGNlUUtsa2xxOWhxRG9WUnBwVDdyenRsblg5T0xJOFI5SEstVm11QmtsMmRqOVZVdVQ2bzl3NTB0OEpBcE55bTVYTEROWkN4dUN4R2tDazVUdGRQV1hHWDhZbWwzUQ?oc=5,https://news.google.com/rss/articles/CBMipAFBVV95cUxOTnFfR2l3Z2ZkejBUZFlwX180azl2b0czM0JZMzFFLWV4amVLN0g0eXJpUGJRcjdES2ROcUZBZkNwWnpVOFZlMGNlUUtsa2xxOWhxRG9WUnBwVDdyenRsblg5T0xJOFI5SEstVm11QmtsMmRqOVZVdVQ2bzl3NTB0OEpBcE55bTVYTEROWkN4dUN4R2tDazVUdGRQV1hHWDhZbWwzUQ?oc=5
TARIFF_MISSING,MEDIUM,T-4d4a84c58251,NHPC,"Reliance, PNC Infratech, SAEL, JBM and Navayuga Win NHPC’s 1,200 MW Solar Plus 600 MW ESS Auction - Energetica India Mag",Solar,1200.0,winner known but no tariff; check the award article or agency release,https://news.google.com/rss/articles/CBMiyAFBVV95cUxPQ2FWVi16ckp1WnV5blAwOXBnWG1aOE5VdFY4azJuMUgtbzFjSVV6UmY0ZGgyX0kxZkVnQmJSaGZaWVpXcFdPM3kwMHFzLXIyU1FxTFh2LXdDdTY4a0tqRTBjZzhHOGZuTEh3RDFTalpJdnREazhwLXh3VjQzZnhtNGxOczdTTVM4WW9IUERYY0pPZjAwWXFhamw4Q1EyUDRmSkVBRmY5Wk1aZFN5UWxUcDNROVdkQjVUdThRSVAyTzhvMFBDSXU5UQ?oc=5,https://news.google.com/rss/articles/CBMiyAFBVV95cUxPQ2FWVi16ckp1WnV5blAwOXBnWG1aOE5VdFY4azJuMUgtbzFjSVV6UmY0ZGgyX0kxZkVnQmJSaGZaWVpXcFdPM3kwMHFzLXIyU1FxTFh2LXdDdTY4a0tqRTBjZzhHOGZuTEh3RDFTalpJdnREazhwLXh3VjQzZnhtNGxOczdTTVM4WW9IUERYY0pPZjAwWXFhamw4Q1EyUDRmSkVBRmY5Wk1aZFN5UWxUcDNROVdkQjVUdThRSVAyTzhvMFBDSXU5UQ?oc=5
MATCH_UNCERTAIN,MEDIUM,T-4d4a84c58251,NHPC,"Reliance, PNC Infratech, SAEL, JBM and Navayuga Win NHPC’s 1,200 MW Solar Plus 600 MW ESS Auction - Energetica India Mag",Solar,1200.0,"record built from a headline, not a tender page; confirm it is a real tender",https://news.google.com/rss/articles/CBMiyAFBVV95cUxPQ2FWVi16ckp1WnV5blAwOXBnWG1aOE5VdFY4azJuMUgtbzFjSVV6UmY0ZGgyX0kxZkVnQmJSaGZaWVpXcFdPM3kwMHFzLXIyU1FxTFh2LXdDdTY4a0tqRTBjZzhHOGZuTEh3RDFTalpJdnREazhwLXh3VjQzZnhtNGxOczdTTVM4WW9IUERYY0pPZjAwWXFhamw4Q1EyUDRmSkVBRmY5Wk1aZFN5UWxUcDNROVdkQjVUdThRSVAyTzhvMFBDSXU5UQ?oc=5,https://news.google.com/rss/articles/CBMiyAFBVV95cUxPQ2FWVi16ckp1WnV5blAwOXBnWG1aOE5VdFY4azJuMUgtbzFjSVV6UmY0ZGgyX0kxZkVnQmJSaGZaWVpXcFdPM3kwMHFzLXIyU1FxTFh2LXdDdTY4a0tqRTBjZzhHOGZuTEh3RDFTalpJdnREazhwLXh3VjQzZnhtNGxOczdTTVM4WW9IUERYY0pPZjAwWXFhamw4Q1EyUDRmSkVBRmY5Wk1aZFN5UWxUcDNROVdkQjVUdThRSVAyTzhvMFBDSXU5UQ?oc=5
TARIFF_MISSING,MEDIUM,T-8c2d3d47531e,NHPC,"NTPC, ReNew, Jindal, Adani, Kolar Solar, Onix Win NHPC’s 1200 MW Solar Plus 600 MW/1200 MWh ESS Auction - Energetica Ind",Solar,1200.0,winner known but no tariff; check the award article or agency release,https://news.google.com/rss/articles/CBMizwFBVV95cUxNSGE1NVcyZDRBT24xZTdpTTlxVExWWlRaTFpQNjNqY1c3cnJUM2p0YnJJSU1RNjlwWnM0eVU2Y3V4ZHN6QzlNVUJqSmRaRm1TZEJjUG41cHZoZDFQWlpWcnZHQWs0ajljMi1feVZaQVRsYWpDdUplT3pHZXBCSEVlUkI2NFZCdklEVkplTmZ6R1E3YUpUMFpwdmYyMU0zdXRNbXBJV2dLcm9OUHZFemF1NWE5VGRyWF9sbkdPTC00UFhkR0twN1VtQzhZM3lrWjQ?oc=5,https://news.google.com/rss/articles/CBMizwFBVV95cUxNSGE1NVcyZDRBT24xZTdpTTlxVExWWlRaTFpQNjNqY1c3cnJUM2p0YnJJSU1RNjlwWnM0eVU2Y3V4ZHN6QzlNVUJqSmRaRm1TZEJjUG41cHZoZDFQWlpWcnZHQWs0ajljMi1feVZaQVRsYWpDdUplT3pHZXBCSEVlUkI2NFZCdklEVkplTmZ6R1E3YUpUMFpwdmYyMU0zdXRNbXBJV2dLcm9OUHZFemF1NWE5VGRyWF9sbkdPTC00UFhkR0twN1VtQzhZM3lrWjQ?oc=5
MATCH_UNCERTAIN,MEDIUM,T-8c2d3d47531e,NHPC,"NTPC, ReNew, Jindal, Adani, Kolar Solar, Onix Win NHPC’s 1200 MW Solar Plus 600 MW/1200 MWh ESS Auction - Energetica Ind",Solar,1200.0,"record built from a headline, not a tender page; confirm it is a real tender",https://news.google.com/rss/articles/CBMizwFBVV95cUxNSGE1NVcyZDRBT24xZTdpTTlxVExWWlRaTFpQNjNqY1c3cnJUM2p0YnJJSU1RNjlwWnM0eVU2Y3V4ZHN6QzlNVUJqSmRaRm1TZEJjUG41cHZoZDFQWlpWcnZHQWs0ajljMi1feVZaQVRsYWpDdUplT3pHZXBCSEVlUkI2NFZCdklEVkplTmZ6R1E3YUpUMFpwdmYyMU0zdXRNbXBJV2dLcm9OUHZFemF1NWE5VGRyWF9sbkdPTC00UFhkR0twN1VtQzhZM3lrWjQ?oc=5,https://news.google.com/rss/articles/CBMizwFBVV95cUxNSGE1NVcyZDRBT24xZTdpTTlxVExWWlRaTFpQNjNqY1c3cnJUM2p0YnJJSU1RNjlwWnM0eVU2Y3V4ZHN6QzlNVUJqSmRaRm1TZEJjUG41cHZoZDFQWlpWcnZHQWs0ajljMi1feVZaQVRsYWpDdUplT3pHZXBCSEVlUkI2NFZCdklEVkplTmZ6R1E3YUpUMFpwdmYyMU0zdXRNbXBJV2dLcm9OUHZFemF1NWE5VGRyWF9sbkdPTC00UFhkR0twN1VtQzhZM3lrWjQ?oc=5
TARIFF_MISSING,MEDIUM,T-d97c5c358ed7,NLC India,"ENGIE, NLC India, Rays Power & Oriana Bag SECI 1200 MW Solar With 6-Hr BESS Tender - Saur Energy",Solar + Storage,1200.0,winner known but no tariff; check the award article or agency release,https://news.google.com/rss/articles/CBMizAFBVV95cUxNYXV1cGxJd1JXTE1ISllpalAyMzFkNUI4YV9zQ010dkhOeUZfLVJiN2hYblN2SktIVmlrbk5vcENmUXFDOTFDQjh2UllVWlItMjItMHgwc28tdmlNajNIZ09oSjEtZXlrd19wWFkzUXRhN3BNbjZqcG1rMzl1R2g1UHNSeC1zakt6Smw1NktFUWZ3TTUwUEVzcVlsSW1pZlZZaVpzVjVhUE1hSWJBUm5GdktfYWx1UUkxLXZ3THhlQUJucHJ5LXpycDB0R00?oc=5,https://news.google.com/rss/articles/CBMizAFBVV95cUxNYXV1cGxJd1JXTE1ISllpalAyMzFkNUI4YV9zQ010dkhOeUZfLVJiN2hYblN2SktIVmlrbk5vcENmUXFDOTFDQjh2UllVWlItMjItMHgwc28tdmlNajNIZ09oSjEtZXlrd19wWFkzUXRhN3BNbjZqcG1rMzl1R2g1UHNSeC1zakt6Smw1NktFUWZ3TTUwUEVzcVlsSW1pZlZZaVpzVjVhUE1hSWJBUm5GdktfYWx1UUkxLXZ3THhlQUJucHJ5LXpycDB0R00?oc=5
MATCH_UNCERTAIN,MEDIUM,T-d97c5c358ed7,NLC India,"ENGIE, NLC India, Rays Power & Oriana Bag SECI 1200 MW Solar With 6-Hr BESS Tender - Saur Energy",Solar + Storage,1200.0,"record built from a headline, not a tender page; confirm it is a real tender",https://news.google.com/rss/articles/CBMizAFBVV95cUxNYXV1cGxJd1JXTE1ISllpalAyMzFkNUI4YV9zQ010dkhOeUZfLVJiN2hYblN2SktIVmlrbk5vcENmUXFDOTFDQjh2UllVWlItMjItMHgwc28tdmlNajNIZ09oSjEtZXlrd19wWFkzUXRhN3BNbjZqcG1rMzl1R2g1UHNSeC1zakt6Smw1NktFUWZ3TTUwUEVzcVlsSW1pZlZZaVpzVjVhUE1hSWJBUm5GdktfYWx1UUkxLXZ3THhlQUJucHJ5LXpycDB0R00?oc=5,https://news.google.com/rss/articles/CBMizAFBVV95cUxNYXV1cGxJd1JXTE1ISllpalAyMzFkNUI4YV9zQ010dkhOeUZfLVJiN2hYblN2SktIVmlrbk5vcENmUXFDOTFDQjh2UllVWlItMjItMHgwc28tdmlNajNIZ09oSjEtZXlrd19wWFkzUXRhN3BNbjZqcG1rMzl1R2g1UHNSeC1zakt6Smw1NktFUWZ3TTUwUEVzcVlsSW1pZlZZaVpzVjVhUE1hSWJBUm5GdktfYWx1UUkxLXZ3THhlQUJucHJ5LXpycDB0R00?oc=5
TARIFF_MISSING,MEDIUM,T-23a801be8353,SECI,"KP Energy, Waaree, Zelestra, Purvah Green Among Winners in SECI’s 1,200 MW Wind Power Auction - Energetica India Magazin",Wind,1200.0,winner known but no tariff; check the award article or agency release,https://news.google.com/rss/articles/CBMixAFBVV95cUxONVlGN2NBUnV4UXlKVm1WYWFLa1VuT1hQUDRFdTZaNWVoSUtvVnVodXd4U2JqMVFaQUV2N0liVXNqd0k0cjVfZU0zOV9pcmNJZ1ZyZ1RvWHotLXZzSlRONjA1ZVNqVW1acFl6LTJqR1RJSEdDTjRWejFYM0lRRHZDR2NLM2tjNjAzMjY4cUFXSWdsTl9SUFpaM2dqV3o3SVVJUmpNRFJLMUNZZFJhMVFwbWwyRmhJTl94enp1TzFwSTBqMkQ2?oc=5,https://news.google.com/rss/articles/CBMixAFBVV95cUxONVlGN2NBUnV4UXlKVm1WYWFLa1VuT1hQUDRFdTZaNWVoSUtvVnVodXd4U2JqMVFaQUV2N0liVXNqd0k0cjVfZU0zOV9pcmNJZ1ZyZ1RvWHotLXZzSlRONjA1ZVNqVW1acFl6LTJqR1RJSEdDTjRWejFYM0lRRHZDR2NLM2tjNjAzMjY4cUFXSWdsTl9SUFpaM2dqV3o3SVVJUmpNRFJLMUNZZFJhMVFwbWwyRmhJTl94enp1TzFwSTBqMkQ2?oc=5
MATCH_UNCERTAIN,MEDIUM,T-23a801be8353,SECI,"KP Energy, Waaree, Zelestra, Purvah Green Among Winners in SECI’s 1,200 MW Wind Power Auction - Energetica India Magazin",Wind,1200.0,"record built from a headline, not a tender page; confirm it is a real tender",https://news.google.com/rss/articles/CBMixAFBVV95cUxONVlGN2NBUnV4UXlKVm1WYWFLa1VuT1hQUDRFdTZaNWVoSUtvVnVodXd4U2JqMVFaQUV2N0liVXNqd0k0cjVfZU0zOV9pcmNJZ1ZyZ1RvWHotLXZzSlRONjA1ZVNqVW1acFl6LTJqR1RJSEdDTjRWejFYM0lRRHZDR2NLM2tjNjAzMjY4cUFXSWdsTl9SUFpaM2dqV3o3SVVJUmpNRFJLMUNZZFJhMVFwbWwyRmhJTl94enp1TzFwSTBqMkQ2?oc=5,https://news.google.com/rss/articles/CBMixAFBVV95cUxONVlGN2NBUnV4UXlKVm1WYWFLa1VuT1hQUDRFdTZaNWVoSUtvVnVodXd4U2JqMVFaQUV2N0liVXNqd0k0cjVfZU0zOV9pcmNJZ1ZyZ1RvWHotLXZzSlRONjA1ZVNqVW1acFl6LTJqR1RJSEdDTjRWejFYM0lRRHZDR2NLM2tjNjAzMjY4cUFXSWdsTl9SUFpaM2dqV3o3SVVJUmpNRFJLMUNZZFJhMVFwbWwyRmhJTl94enp1TzFwSTBqMkQ2?oc=5
TARIFF_MISSING,MEDIUM,T-95125eeeb3d5,SECI,"SECI Awards 1.2 GW/4.8 GWh FDRE-VII Peak Power Tender To Serentica Renewables, Adyant Enerso, AMPIN Energy, And ACME Sol",Solar,1200.0,winner known but no tariff; check the award article or agency release,https://news.google.com/rss/articles/CBMi4gFBVV95cUxNVDNZY3dONm1qaW95LUJQM3Z2NlY2bVVfc3lKZ19DVHZfRDhXcVZ1V1BBdnBWc0V3dWkwUW10YWFOa1ktWE5EOXowSEVqWDlKaFBVSkR3eEpHWi14S0h1dWtrcjhqWThFSXVpcktzSTNIclNucjN3VGpnM05XVzJEZThGX2xTbkFHZTQ5bW9wU0w0akJGVDVFYlhiUVVzd0doaG9UVG1fOUllZDNJNW1OY1JLejk5ZEJKVC1MM3JIeUl1QTR6cjkyQTlua3hkekpfdVo3TlVCUDFDMklnczB5VjhB?oc=5,https://news.google.com/rss/articles/CBMi4gFBVV95cUxNVDNZY3dONm1qaW95LUJQM3Z2NlY2bVVfc3lKZ19DVHZfRDhXcVZ1V1BBdnBWc0V3dWkwUW10YWFOa1ktWE5EOXowSEVqWDlKaFBVSkR3eEpHWi14S0h1dWtrcjhqWThFSXVpcktzSTNIclNucjN3VGpnM05XVzJEZThGX2xTbkFHZTQ5bW9wU0w0akJGVDVFYlhiUVVzd0doaG9UVG1fOUllZDNJNW1OY1JLejk5ZEJKVC1MM3JIeUl1QTR6cjkyQTlua3hkekpfdVo3TlVCUDFDMklnczB5VjhB?oc=5
MATCH_UNCERTAIN,MEDIUM,T-95125eeeb3d5,SECI,"SECI Awards 1.2 GW/4.8 GWh FDRE-VII Peak Power Tender To Serentica Renewables, Adyant Enerso, AMPIN Energy, And ACME Sol",Solar,1200.0,"record built from a headline, not a tender page; confirm it is a real tender",https://news.google.com/rss/articles/CBMi4gFBVV95cUxNVDNZY3dONm1qaW95LUJQM3Z2NlY2bVVfc3lKZ19DVHZfRDhXcVZ1V1BBdnBWc0V3dWkwUW10YWFOa1ktWE5EOXowSEVqWDlKaFBVSkR3eEpHWi14S0h1dWtrcjhqWThFSXVpcktzSTNIclNucjN3VGpnM05XVzJEZThGX2xTbkFHZTQ5bW9wU0w0akJGVDVFYlhiUVVzd0doaG9UVG1fOUllZDNJNW1OY1JLejk5ZEJKVC1MM3JIeUl1QTR6cjkyQTlua3hkekpfdVo3TlVCUDFDMklnczB5VjhB?oc=5,https://news.google.com/rss/articles/CBMi4gFBVV95cUxNVDNZY3dONm1qaW95LUJQM3Z2NlY2bVVfc3lKZ19DVHZfRDhXcVZ1V1BBdnBWc0V3dWkwUW10YWFOa1ktWE5EOXowSEVqWDlKaFBVSkR3eEpHWi14S0h1dWtrcjhqWThFSXVpcktzSTNIclNucjN3VGpnM05XVzJEZThGX2xTbkFHZTQ5bW9wU0w0akJGVDVFYlhiUVVzd0doaG9UVG1fOUllZDNJNW1OY1JLejk5ZEJKVC1MM3JIeUl1QTR6cjkyQTlua3hkekpfdVo3TlVCUDFDMklnczB5VjhB?oc=5
TARIFF_MISSING,MEDIUM,T-10c5313b39fd,SECI,SECI concludes 1.2 GW/4.8 GWh renewables-plus-storage tender at $0.07/kWh - ess-news.com,Unclassified,1200.0,winner known but no tariff; check the award article or agency release,https://news.google.com/rss/articles/CBMirgFBVV95cUxQOUgwSkFPWl9UX0VLTU85S2FUSEJMd2Q5SkZzU3dNdUM0MEFjSEdrenFWQUpoWTM2bE42TGxfQm95cDd6dE5VVDNEWTVobTBvSDM0LU1jbUo4Ym9NNUx6WDlmWGxwYTRqRjdveF9SazVFNXNtRGZFRWk0NmZraENwSktDNEZVd3ZRYnJjOWF6d1pkQWZLNHdERTdxZ01sQWVSZlloUDJtTGFEaDI4TWc?oc=5,https://news.google.com/rss/articles/CBMirgFBVV95cUxQOUgwSkFPWl9UX0VLTU85S2FUSEJMd2Q5SkZzU3dNdUM0MEFjSEdrenFWQUpoWTM2bE42TGxfQm95cDd6dE5VVDNEWTVobTBvSDM0LU1jbUo4Ym9NNUx6WDlmWGxwYTRqRjdveF9SazVFNXNtRGZFRWk0NmZraENwSktDNEZVd3ZRYnJjOWF6d1pkQWZLNHdERTdxZ01sQWVSZlloUDJtTGFEaDI4TWc?oc=5
MATCH_UNCERTAIN,MEDIUM,T-10c5313b39fd,SECI,SECI concludes 1.2 GW/4.8 GWh renewables-plus-storage tender at $0.07/kWh - ess-news.com,Unclassified,1200.0,"record built from a headline, not a tender page; confirm it is a real tender",https://news.google.com/rss/articles/CBMirgFBVV95cUxQOUgwSkFPWl9UX0VLTU85S2FUSEJMd2Q5SkZzU3dNdUM0MEFjSEdrenFWQUpoWTM2bE42TGxfQm95cDd6dE5VVDNEWTVobTBvSDM0LU1jbUo4Ym9NNUx6WDlmWGxwYTRqRjdveF9SazVFNXNtRGZFRWk0NmZraENwSktDNEZVd3ZRYnJjOWF6d1pkQWZLNHdERTdxZ01sQWVSZlloUDJtTGFEaDI4TWc?oc=5,https://news.google.com/rss/articles/CBMirgFBVV95cUxQOUgwSkFPWl9UX0VLTU85S2FUSEJMd2Q5SkZzU3dNdUM0MEFjSEdrenFWQUpoWTM2bE42TGxfQm95cDd6dE5VVDNEWTVobTBvSDM0LU1jbUo4Ym9NNUx6WDlmWGxwYTRqRjdveF9SazVFNXNtRGZFRWk0NmZraENwSktDNEZVd3ZRYnJjOWF6d1pkQWZLNHdERTdxZ01sQWVSZlloUDJtTGFEaDI4TWc?oc=5
TARIFF_MISSING,MEDIUM,T-8c6effe8e9f8,SECI,"Hero Future, Rays Power, Resolven, Hexa, Juniper Among Winners in SECI’s 1 GW FDRE Auction - Energetica India Magazine",Unclassified,1000.0,winner known but no tariff; check the award article or agency release,https://news.google.com/rss/articles/CBMiwAFBVV95cUxQcElNVl96N25sc2xRdHRRTUhMZ2lJM1lHZUl1dU03Q0ZGME9RbHZaWGxBUWtHX1FKTUJ2eEcwS1FDcnAyUHJ5Zm9Yd3BKOE9TTG5WNGpfZFgzb01VOVJZZDExNUxQVWRtWi12Z0xQS1lkcjFYOFdDLWpMQ3lXcjVpTVhMNlp0cVdYdWZPRVhCVjRnV3VORTIzSUM3UzdHREp4U0hmcVQwVjJlY1VQRXlRc242MFNJUUVmdGJNMEpYelY?oc=5,https://news.google.com/rss/articles/CBMiwAFBVV95cUxQcElNVl96N25sc2xRdHRRTUhMZ2lJM1lHZUl1dU03Q0ZGME9RbHZaWGxBUWtHX1FKTUJ2eEcwS1FDcnAyUHJ5Zm9Yd3BKOE9TTG5WNGpfZFgzb01VOVJZZDExNUxQVWRtWi12Z0xQS1lkcjFYOFdDLWpMQ3lXcjVpTVhMNlp0cVdYdWZPRVhCVjRnV3VORTIzSUM3UzdHREp4U0hmcVQwVjJlY1VQRXlRc242MFNJUUVmdGJNMEpYelY?oc=5
MATCH_UNCERTAIN,MEDIUM,T-8c6effe8e9f8,SECI,"Hero Future, Rays Power, Resolven, Hexa, Juniper Among Winners in SECI’s 1 GW FDRE Auction - Energetica India Magazine",Unclassified,1000.0,"record built from a headline, not a tender page; confirm it is a real tender",https://news.google.com/rss/articles/CBMiwAFBVV95cUxQcElNVl96N25sc2xRdHRRTUhMZ2lJM1lHZUl1dU03Q0ZGME9RbHZaWGxBUWtHX1FKTUJ2eEcwS1FDcnAyUHJ5Zm9Yd3BKOE9TTG5WNGpfZFgzb01VOVJZZDExNUxQVWRtWi12Z0xQS1lkcjFYOFdDLWpMQ3lXcjVpTVhMNlp0cVdYdWZPRVhCVjRnV3VORTIzSUM3UzdHREp4U0hmcVQwVjJlY1VQRXlRc242MFNJUUVmdGJNMEpYelY?oc=5,https://news.google.com/rss/articles/CBMiwAFBVV95cUxQcElNVl96N25sc2xRdHRRTUhMZ2lJM1lHZUl1dU03Q0ZGME9RbHZaWGxBUWtHX1FKTUJ2eEcwS1FDcnAyUHJ5Zm9Yd3BKOE9TTG5WNGpfZFgzb01VOVJZZDExNUxQVWRtWi12Z0xQS1lkcjFYOFdDLWpMQ3lXcjVpTVhMNlp0cVdYdWZPRVhCVjRnV3VORTIzSUM3UzdHREp4U0hmcVQwVjJlY1VQRXlRc242MFNJUUVmdGJNMEpYelY?oc=5
TARIFF_MISSING,MEDIUM,T-65e5485f6676,MPPMCL,Adani Power Wins Additional 800 MW Order from MPPMCL - India Infoline,Unclassified,800.0,winner known but no tariff; check the award article or agency release,https://news.google.com/rss/articles/CBMingFBVV95cUxQOVI4RlY5eTdVdXlYZXp0ZmpGN0NBVVpmZkVHM3JiNzJGa2h0elRRMDNzbnpRQWlzOEJ0aldUeEM3a2I0dlhoak5HZTYyZXJwMEJWVjF5R2NsNWFmSXdxVjFnTnVOSXJMVWxrbHRqdEU3bVVUckRCelB2aUNUTGc2ZVgyWDRseEFMYXpUQWoyRmtVNkhCdW5TY0pSMHVlZw?oc=5,https://news.google.com/rss/articles/CBMingFBVV95cUxQOVI4RlY5eTdVdXlYZXp0ZmpGN0NBVVpmZkVHM3JiNzJGa2h0elRRMDNzbnpRQWlzOEJ0aldUeEM3a2I0dlhoak5HZTYyZXJwMEJWVjF5R2NsNWFmSXdxVjFnTnVOSXJMVWxrbHRqdEU3bVVUckRCelB2aUNUTGc2ZVgyWDRseEFMYXpUQWoyRmtVNkhCdW5TY0pSMHVlZw?oc=5
MATCH_UNCERTAIN,MEDIUM,T-65e5485f6676,MPPMCL,Adani Power Wins Additional 800 MW Order from MPPMCL - India Infoline,Unclassified,800.0,"record built from a headline, not a tender page; confirm it is a real tender",https://news.google.com/rss/articles/CBMingFBVV95cUxQOVI4RlY5eTdVdXlYZXp0ZmpGN0NBVVpmZkVHM3JiNzJGa2h0elRRMDNzbnpRQWlzOEJ0aldUeEM3a2I0dlhoak5HZTYyZXJwMEJWVjF5R2NsNWFmSXdxVjFnTnVOSXJMVWxrbHRqdEU3bVVUckRCelB2aUNUTGc2ZVgyWDRseEFMYXpUQWoyRmtVNkhCdW5TY0pSMHVlZw?oc=5,https://news.google.com/rss/articles/CBMingFBVV95cUxQOVI4RlY5eTdVdXlYZXp0ZmpGN0NBVVpmZkVHM3JiNzJGa2h0elRRMDNzbnpRQWlzOEJ0aldUeEM3a2I0dlhoak5HZTYyZXJwMEJWVjF5R2NsNWFmSXdxVjFnTnVOSXJMVWxrbHRqdEU3bVVUckRCelB2aUNUTGc2ZVgyWDRseEFMYXpUQWoyRmtVNkhCdW5TY0pSMHVlZw?oc=5
TARIFF_MISSING,MEDIUM,T-0b6a6c9a8b8a,MPPMCL,"Adani Power wins additional 800 MW LoA from MPPMCL, total at 1,600 MW - Business Standard",Unclassified,800.0,winner known but no tariff; check the award article or agency release,https://news.google.com/rss/articles/CBMiuwFBVV95cUxNb0h2S0VISE1SQUV4RVlwb0VFeVh4T2M4SmlFY3lkX0ZRM0xMOU5kOTY4U01LalJHQ0dyRjBMTUFoU3VzT21TdnVVSE1nUk83SnNfcjJNLThzZ2pvcmI2MDRUZlB1OHdoU0JvMzdYbU9zdHBNOHRUTkRRTGVScGRtYU1jN05MSUt1UU1uSVdWWjZpdDBrYWxTVjQzazNqN2FGRmo1MVlSTEtkcjNKVU5aRVZLaDdhTWxSaEt30gHAAUFVX3lxTE5jV0F4Z01POGhfdUpfRkV6QnJFWlZ2anRzdVZPZmh6RWxMUjZKNVl4bnBBbkRDYlJDY1VUN0xnaDAxd2lPOXZEcnFOSU9OcFhDUWNDTlMwU1pReVZrRDZSX0JveVhsdTlyZGozLW02Zmx0ajdKZ0RYVTlMMWl2T1E4aFRzSDBQWU5ELURfWnBhTmQ3YmxzRTRzYWF2c0swOEZNbjFnOG5va1N2dXBKdTVpWUxBZnZXaE5tWG53bTN1SA?oc=5,https://news.google.com/rss/articles/CBMiuwFBVV95cUxNb0h2S0VISE1SQUV4RVlwb0VFeVh4T2M4SmlFY3lkX0ZRM0xMOU5kOTY4U01LalJHQ0dyRjBMTUFoU3VzT21TdnVVSE1nUk83SnNfcjJNLThzZ2pvcmI2MDRUZlB1OHdoU0JvMzdYbU9zdHBNOHRUTkRRTGVScGRtYU1jN05MSUt1UU1uSVdWWjZpdDBrYWxTVjQzazNqN2FGRmo1MVlSTEtkcjNKVU5aRVZLaDdhTWxSaEt30gHAAUFVX3lxTE5jV0F4Z01POGhfdUpfRkV6QnJFWlZ2anRzdVZPZmh6RWxMUjZKNVl4bnBBbkRDYlJDY1VUN0xnaDAxd2lPOXZEcnFOSU9OcFhDUWNDTlMwU1pReVZrRDZSX0JveVhsdTlyZGozLW02Zmx0ajdKZ0RYVTlMMWl2T1E4aFRzSDBQWU5ELURfWnBhTmQ3YmxzRTRzYWF2c0swOEZNbjFnOG5va1N2dXBKdTVpWUxBZnZXaE5tWG53bTN1SA?oc=5
MATCH_UNCERTAIN,MEDIUM,T-0b6a6c9a8b8a,MPPMCL,"Adani Power wins additional 800 MW LoA from MPPMCL, total at 1,600 MW - Business Standard",Unclassified,800.0,"record built from a headline, not a tender page; confirm it is a real tender",https://news.google.com/rss/articles/CBMiuwFBVV95cUxNb0h2S0VISE1SQUV4RVlwb0VFeVh4T2M4SmlFY3lkX0ZRM0xMOU5kOTY4U01LalJHQ0dyRjBMTUFoU3VzT21TdnVVSE1nUk83SnNfcjJNLThzZ2pvcmI2MDRUZlB1OHdoU0JvMzdYbU9zdHBNOHRUTkRRTGVScGRtYU1jN05MSUt1UU1uSVdWWjZpdDBrYWxTVjQzazNqN2FGRmo1MVlSTEtkcjNKVU5aRVZLaDdhTWxSaEt30gHAAUFVX3lxTE5jV0F4Z01POGhfdUpfRkV6QnJFWlZ2anRzdVZPZmh6RWxMUjZKNVl4bnBBbkRDYlJDY1VUN0xnaDAxd2lPOXZEcnFOSU9OcFhDUWNDTlMwU1pReVZrRDZSX0JveVhsdTlyZGozLW02Zmx0ajdKZ0RYVTlMMWl2T1E4aFRzSDBQWU5ELURfWnBhTmQ3YmxzRTRzYWF2c0swOEZNbjFnOG5va1N2dXBKdTVpWUxBZnZXaE5tWG53bTN1SA?oc=5,https://news.google.com/rss/articles/CBMiuwFBVV95cUxNb0h2S0VISE1SQUV4RVlwb0VFeVh4T2M4SmlFY3lkX0ZRM0xMOU5kOTY4U01LalJHQ0dyRjBMTUFoU3VzT21TdnVVSE1nUk83SnNfcjJNLThzZ2pvcmI2MDRUZlB1OHdoU0JvMzdYbU9zdHBNOHRUTkRRTGVScGRtYU1jN05MSUt1UU1uSVdWWjZpdDBrYWxTVjQzazNqN2FGRmo1MVlSTEtkcjNKVU5aRVZLaDdhTWxSaEt30gHAAUFVX3lxTE5jV0F4Z01POGhfdUpfRkV6QnJFWlZ2anRzdVZPZmh6RWxMUjZKNVl4bnBBbkRDYlJDY1VUN0xnaDAxd2lPOXZEcnFOSU9OcFhDUWNDTlMwU1pReVZrRDZSX0JveVhsdTlyZGozLW02Zmx0ajdKZ0RYVTlMMWl2T1E4aFRzSDBQWU5ELURfWnBhTmQ3YmxzRTRzYWF2c0swOEZNbjFnOG5va1N2dXBKdTVpWUxBZnZXaE5tWG53bTN1SA?oc=5
TARIFF_MISSING,MEDIUM,T-bd812b7761b5,GUVNL,Welspun and NLC India Achieve INR 2.34/Unit Discovered Tariff in GUVNL 625 MW Solar Auction - energetica-india.net,Solar,625.0,winner known but no tariff; check the award article or agency release,https://news.google.com/rss/articles/CBMixgFBVV95cUxPYk5yXzl6LTc4SjhhaDJlQy11VHVyeG9Yd1NRd29fbVlGY1R4ZlZqdFhlQzdQeEI1cjF3NDBOLV9jaEFkWTJfelQwaldYM3BKMmw2NFRWeE5aTHhiWjN2cXp6M0xLZ0kxaVJxUnVGSkdaVGhRcUx1TE1adXdPRURSbVFsc1pXUXZ2Vkhyb1Z4ZHFKLUtuX3ZyY2RaRG9vbHVTVG9JM0JNTk14T0FKRzdyaVNXN0dZQTVTdlFyT05NeVdZY2lxTnc?oc=5,https://news.google.com/rss/articles/CBMixgFBVV95cUxPYk5yXzl6LTc4SjhhaDJlQy11VHVyeG9Yd1NRd29fbVlGY1R4ZlZqdFhlQzdQeEI1cjF3NDBOLV9jaEFkWTJfelQwaldYM3BKMmw2NFRWeE5aTHhiWjN2cXp6M0xLZ0kxaVJxUnVGSkdaVGhRcUx1TE1adXdPRURSbVFsc1pXUXZ2Vkhyb1Z4ZHFKLUtuX3ZyY2RaRG9vbHVTVG9JM0JNTk14T0FKRzdyaVNXN0dZQTVTdlFyT05NeVdZY2lxTnc?oc=5
MATCH_UNCERTAIN,MEDIUM,T-bd812b7761b5,GUVNL,Welspun and NLC India Achieve INR 2.34/Unit Discovered Tariff in GUVNL 625 MW Solar Auction - energetica-india.net,Solar,625.0,"record built from a headline, not a tender page; confirm it is a real tender",https://news.google.com/rss/articles/CBMixgFBVV95cUxPYk5yXzl6LTc4SjhhaDJlQy11VHVyeG9Yd1NRd29fbVlGY1R4ZlZqdFhlQzdQeEI1cjF3NDBOLV9jaEFkWTJfelQwaldYM3BKMmw2NFRWeE5aTHhiWjN2cXp6M0xLZ0kxaVJxUnVGSkdaVGhRcUx1TE1adXdPRURSbVFsc1pXUXZ2Vkhyb1Z4ZHFKLUtuX3ZyY2RaRG9vbHVTVG9JM0JNTk14T0FKRzdyaVNXN0dZQTVTdlFyT05NeVdZY2lxTnc?oc=5,https://news.google.com/rss/articles/CBMixgFBVV95cUxPYk5yXzl6LTc4SjhhaDJlQy11VHVyeG9Yd1NRd29fbVlGY1R4ZlZqdFhlQzdQeEI1cjF3NDBOLV9jaEFkWTJfelQwaldYM3BKMmw2NFRWeE5aTHhiWjN2cXp6M0xLZ0kxaVJxUnVGSkdaVGhRcUx1TE1adXdPRURSbVFsc1pXUXZ2Vkhyb1Z4ZHFKLUtuX3ZyY2RaRG9vbHVTVG9JM0JNTk14T0FKRzdyaVNXN0dZQTVTdlFyT05NeVdZY2lxTnc?oc=5
TARIFF_MISSING,MEDIUM,T-13aa33cc4824,NLC India,Welspun Renewable And NLC India Renewables Win GUVNL 625 MW Solar Auction At ₹2.34/kWh - SolarQuarter,Solar,625.0,winner known but no tariff; check the award article or agency release,https://news.google.com/rss/articles/CBMiywFBVV95cUxPRnA1T1VySmM2UG5KQUhtaXJnUDlhcWpJTnJaSVVBd1gtcUpneWprN3hTbUxSUWhsbVItQ3h4cEE1a296QkxJRDNjWS16LTFaMEJkVjZEejdrS25BREJBal9aU1dpaHNOa1hnUjdWMVBwQmJaNWI4WkpDNjdhTnFsWUNPNnNRUDY4RzVVaXJxRzNGZTNKNk85eGpiOGVxNUZ4bnlfSXp2RFpCekt6ZXZQeXZiRXRuWW15NkxOZlBDcUZhZU5ieWlZUHVTcw?oc=5,https://news.google.com/rss/articles/CBMiywFBVV95cUxPRnA1T1VySmM2UG5KQUhtaXJnUDlhcWpJTnJaSVVBd1gtcUpneWprN3hTbUxSUWhsbVItQ3h4cEE1a296QkxJRDNjWS16LTFaMEJkVjZEejdrS25BREJBal9aU1dpaHNOa1hnUjdWMVBwQmJaNWI4WkpDNjdhTnFsWUNPNnNRUDY4RzVVaXJxRzNGZTNKNk85eGpiOGVxNUZ4bnlfSXp2RFpCekt6ZXZQeXZiRXRuWW15NkxOZlBDcUZhZU5ieWlZUHVTcw?oc=5
MATCH_UNCERTAIN,MEDIUM,T-13aa33cc4824,NLC India,Welspun Renewable And NLC India Renewables Win GUVNL 625 MW Solar Auction At ₹2.34/kWh - SolarQuarter,Solar,625.0,"record built from a headline, not a tender page; confirm it is a real tender",https://news.google.com/rss/articles/CBMiywFBVV95cUxPRnA1T1VySmM2UG5KQUhtaXJnUDlhcWpJTnJaSVVBd1gtcUpneWprN3hTbUxSUWhsbVItQ3h4cEE1a296QkxJRDNjWS16LTFaMEJkVjZEejdrS25BREJBal9aU1dpaHNOa1hnUjdWMVBwQmJaNWI4WkpDNjdhTnFsWUNPNnNRUDY4RzVVaXJxRzNGZTNKNk85eGpiOGVxNUZ4bnlfSXp2RFpCekt6ZXZQeXZiRXRuWW15NkxOZlBDcUZhZU5ieWlZUHVTcw?oc=5,https://news.google.com/rss/articles/CBMiywFBVV95cUxPRnA1T1VySmM2UG5KQUhtaXJnUDlhcWpJTnJaSVVBd1gtcUpneWprN3hTbUxSUWhsbVItQ3h4cEE1a296QkxJRDNjWS16LTFaMEJkVjZEejdrS25BREJBal9aU1dpaHNOa1hnUjdWMVBwQmJaNWI4WkpDNjdhTnFsWUNPNnNRUDY4RzVVaXJxRzNGZTNKNk85eGpiOGVxNUZ4bnlfSXp2RFpCekt6ZXZQeXZiRXRuWW15NkxOZlBDcUZhZU5ieWlZUHVTcw?oc=5
TARIFF_MISSING,MEDIUM,T-36f0b8607c13,NLC India,NLC India Secures 600 MW Solar Award in UP Scaling Renewable Energy Pipeline - Sahi,Solar,600.0,winner known but no tariff; check the award article or agency release,https://news.google.com/rss/articles/CBMitgFBVV95cUxPWndycnlhenM0NU1ybDl5Mk1LX3BGQzYtUVNjeVl2R2tLLU16Q05GdTZxS1RCX0VZV0UwTVdhajJacVBjN3JJcmtpNVpvbXhtRFFzQnU3cVdGdXA4bXQ4ZlVSN3ExX3Q3WWFHZ2xsWlp0Z25leFBvbURDR1B2X2Zya25pOVR2T3hkRFROV2Vmal9xRnMzbEtvVzRDVjNIcGhHVVg4UUxvQmhGRUxJNml3aVNmYlRKUQ?oc=5,https://news.google.com/rss/articles/CBMitgFBVV95cUxPWndycnlhenM0NU1ybDl5Mk1LX3BGQzYtUVNjeVl2R2tLLU16Q05GdTZxS1RCX0VZV0UwTVdhajJacVBjN3JJcmtpNVpvbXhtRFFzQnU3cVdGdXA4bXQ4ZlVSN3ExX3Q3WWFHZ2xsWlp0Z25leFBvbURDR1B2X2Zya25pOVR2T3hkRFROV2Vmal9xRnMzbEtvVzRDVjNIcGhHVVg4UUxvQmhGRUxJNml3aVNmYlRKUQ?oc=5
MATCH_UNCERTAIN,MEDIUM,T-36f0b8607c13,NLC India,NLC India Secures 600 MW Solar Award in UP Scaling Renewable Energy Pipeline - Sahi,Solar,600.0,"record built from a headline, not a tender page; confirm it is a real tender",https://news.google.com/rss/articles/CBMitgFBVV95cUxPWndycnlhenM0NU1ybDl5Mk1LX3BGQzYtUVNjeVl2R2tLLU16Q05GdTZxS1RCX0VZV0UwTVdhajJacVBjN3JJcmtpNVpvbXhtRFFzQnU3cVdGdXA4bXQ4ZlVSN3ExX3Q3WWFHZ2xsWlp0Z25leFBvbURDR1B2X2Zya25pOVR2T3hkRFROV2Vmal9xRnMzbEtvVzRDVjNIcGhHVVg4UUxvQmhGRUxJNml3aVNmYlRKUQ?oc=5,https://news.google.com/rss/articles/CBMitgFBVV95cUxPWndycnlhenM0NU1ybDl5Mk1LX3BGQzYtUVNjeVl2R2tLLU16Q05GdTZxS1RCX0VZV0UwTVdhajJacVBjN3JJcmtpNVpvbXhtRFFzQnU3cVdGdXA4bXQ4ZlVSN3ExX3Q3WWFHZ2xsWlp0Z25leFBvbURDR1B2X2Zya25pOVR2T3hkRFROV2Vmal9xRnMzbEtvVzRDVjNIcGhHVVg4UUxvQmhGRUxJNml3aVNmYlRKUQ?oc=5
TARIFF_MISSING,MEDIUM,T-8a50373c8d89,SJVN,"KP Group, UPC Renewables, Datta Infra, Resolven Win SJVN’s 600 MW Wind Auction - Energetica India Magazine",Wind,600.0,winner known but no tariff; check the award article or agency release,https://news.google.com/rss/articles/CBMisgFBVV95cUxOMGI3eS1uaklneERJQnc5bjJ2QlZsUXdlbW5aVlFnOHF0WTRCSUV0ZGJEc1g4QURZX2FMb2NMVmhhZG9iS0hzSGZ0UXNxb0pnOTVWS1g1bVBtRWJKU1NXRmRPUmxfaUZsR3dpX19lYk9wRW92WXBwSGU1WHo5SXFNS1VUOEhESFdpRDhROFlKelpiWmdSZDZwUFdFeHppbldmUnpTWUFVLXZVblJXOWdjN2p3?oc=5,https://news.google.com/rss/articles/CBMisgFBVV95cUxOMGI3eS1uaklneERJQnc5bjJ2QlZsUXdlbW5aVlFnOHF0WTRCSUV0ZGJEc1g4QURZX2FMb2NMVmhhZG9iS0hzSGZ0UXNxb0pnOTVWS1g1bVBtRWJKU1NXRmRPUmxfaUZsR3dpX19lYk9wRW92WXBwSGU1WHo5SXFNS1VUOEhESFdpRDhROFlKelpiWmdSZDZwUFdFeHppbldmUnpTWUFVLXZVblJXOWdjN2p3?oc=5
MATCH_UNCERTAIN,MEDIUM,T-8a50373c8d89,SJVN,"KP Group, UPC Renewables, Datta Infra, Resolven Win SJVN’s 600 MW Wind Auction - Energetica India Magazine",Wind,600.0,"record built from a headline, not a tender page; confirm it is a real tender",https://news.google.com/rss/articles/CBMisgFBVV95cUxOMGI3eS1uaklneERJQnc5bjJ2QlZsUXdlbW5aVlFnOHF0WTRCSUV0ZGJEc1g4QURZX2FMb2NMVmhhZG9iS0hzSGZ0UXNxb0pnOTVWS1g1bVBtRWJKU1NXRmRPUmxfaUZsR3dpX19lYk9wRW92WXBwSGU1WHo5SXFNS1VUOEhESFdpRDhROFlKelpiWmdSZDZwUFdFeHppbldmUnpTWUFVLXZVblJXOWdjN2p3?oc=5,https://news.google.com/rss/articles/CBMisgFBVV95cUxOMGI3eS1uaklneERJQnc5bjJ2QlZsUXdlbW5aVlFnOHF0WTRCSUV0ZGJEc1g4QURZX2FMb2NMVmhhZG9iS0hzSGZ0UXNxb0pnOTVWS1g1bVBtRWJKU1NXRmRPUmxfaUZsR3dpX19lYk9wRW92WXBwSGU1WHo5SXFNS1VUOEhESFdpRDhROFlKelpiWmdSZDZwUFdFeHppbldmUnpTWUFVLXZVblJXOWdjN2p3?oc=5
TARIFF_MISSING,MEDIUM,T-d9717b535ee9,NTPC,NTPC REL Wins 500 MW SECI Renewable Contract At Rs 6 per kWh - Construction World,Unclassified,500.0,winner known but no tariff; check the award article or agency release,https://news.google.com/rss/articles/CBMi4gFBVV95cUxPd296c2F1UU96M25sUV9GSmRDLVFEZndIcU9XWXFMTUFtRTJoZGgwOU9VUzR0X2d5WUl1UzFwRzZwLVhVd21lcXRRVHcybUVrT1dMSTR3dmtzVVhCTUlHVnNORlV2OWlvMThlamI3UFdFaVZyM2tQYnVza0l2WVRuS2xIcHlfa0RIenZJdDBSQmhQNndyV0JRX1Y5UGhMSUlxMVk0aFluamZHeFQtZU85WlhmNkpaVFUwODVUb3h4azhRMUo1czlWaFFES3ZONUtuZGI2Y0N4NVo4ZEVTZG5QSW93?oc=5,https://news.google.com/rss/articles/CBMi4gFBVV95cUxPd296c2F1UU96M25sUV9GSmRDLVFEZndIcU9XWXFMTUFtRTJoZGgwOU9VUzR0X2d5WUl1UzFwRzZwLVhVd21lcXRRVHcybUVrT1dMSTR3dmtzVVhCTUlHVnNORlV2OWlvMThlamI3UFdFaVZyM2tQYnVza0l2WVRuS2xIcHlfa0RIenZJdDBSQmhQNndyV0JRX1Y5UGhMSUlxMVk0aFluamZHeFQtZU85WlhmNkpaVFUwODVUb3h4azhRMUo1czlWaFFES3ZONUtuZGI2Y0N4NVo4ZEVTZG5QSW93?oc=5
MATCH_UNCERTAIN,MEDIUM,T-d9717b535ee9,NTPC,NTPC REL Wins 500 MW SECI Renewable Contract At Rs 6 per kWh - Construction World,Unclassified,500.0,"record built from a headline, not a tender page; confirm it is a real tender",https://news.google.com/rss/articles/CBMi4gFBVV95cUxPd296c2F1UU96M25sUV9GSmRDLVFEZndIcU9XWXFMTUFtRTJoZGgwOU9VUzR0X2d5WUl1UzFwRzZwLVhVd21lcXRRVHcybUVrT1dMSTR3dmtzVVhCTUlHVnNORlV2OWlvMThlamI3UFdFaVZyM2tQYnVza0l2WVRuS2xIcHlfa0RIenZJdDBSQmhQNndyV0JRX1Y5UGhMSUlxMVk0aFluamZHeFQtZU85WlhmNkpaVFUwODVUb3h4azhRMUo1czlWaFFES3ZONUtuZGI2Y0N4NVo4ZEVTZG5QSW93?oc=5,https://news.google.com/rss/articles/CBMi4gFBVV95cUxPd296c2F1UU96M25sUV9GSmRDLVFEZndIcU9XWXFMTUFtRTJoZGgwOU9VUzR0X2d5WUl1UzFwRzZwLVhVd21lcXRRVHcybUVrT1dMSTR3dmtzVVhCTUlHVnNORlV2OWlvMThlamI3UFdFaVZyM2tQYnVza0l2WVRuS2xIcHlfa0RIenZJdDBSQmhQNndyV0JRX1Y5UGhMSUlxMVk0aFluamZHeFQtZU85WlhmNkpaVFUwODVUb3h4azhRMUo1czlWaFFES3ZONUtuZGI2Y0N4NVo4ZEVTZG5QSW93?oc=5
TARIFF_MISSING,MEDIUM,T-f69d26bb566a,SECI,NTPC Renewable Energy Wins 500 MW in SECI Peak Power Auction at ₹6/kWh - Microgrid Media,Unclassified,500.0,winner known but no tariff; check the award article or agency release,https://news.google.com/rss/articles/CBMic0FVX3lxTE5ENU1jazA5OGdWbzhnVm5QNG5VS1RqeVgwRVItNkZMQXR1ZGVOcTZ1SUh0X3FaNDg0SGVOc2gxbjlGZ1ltdWFSWnBpRVpXVm9LLW1yRGNVYVhjVVJONVhSZldxOUNIZnRJeF9ob0pndXdjcTQ?oc=5,https://news.google.com/rss/articles/CBMic0FVX3lxTE5ENU1jazA5OGdWbzhnVm5QNG5VS1RqeVgwRVItNkZMQXR1ZGVOcTZ1SUh0X3FaNDg0SGVOc2gxbjlGZ1ltdWFSWnBpRVpXVm9LLW1yRGNVYVhjVVJONVhSZldxOUNIZnRJeF9ob0pndXdjcTQ?oc=5
MATCH_UNCERTAIN,MEDIUM,T-f69d26bb566a,SECI,NTPC Renewable Energy Wins 500 MW in SECI Peak Power Auction at ₹6/kWh - Microgrid Media,Unclassified,500.0,"record built from a headline, not a tender page; confirm it is a real tender",https://news.google.com/rss/articles/CBMic0FVX3lxTE5ENU1jazA5OGdWbzhnVm5QNG5VS1RqeVgwRVItNkZMQXR1ZGVOcTZ1SUh0X3FaNDg0SGVOc2gxbjlGZ1ltdWFSWnBpRVpXVm9LLW1yRGNVYVhjVVJONVhSZldxOUNIZnRJeF9ob0pndXdjcTQ?oc=5,https://news.google.com/rss/articles/CBMic0FVX3lxTE5ENU1jazA5OGdWbzhnVm5QNG5VS1RqeVgwRVItNkZMQXR1ZGVOcTZ1SUh0X3FaNDg0SGVOc2gxbjlGZ1ltdWFSWnBpRVpXVm9LLW1yRGNVYVhjVVJONVhSZldxOUNIZnRJeF9ob0pndXdjcTQ?oc=5
TARIFF_MISSING,MEDIUM,T-4f40b69fee32,SECI,NTPC REL Wins 500 MW Renewable Energy Contract In SECI Auction At INR 6/kWh - SolarQuarter,Unclassified,500.0,winner known but no tariff; check the award article or agency release,https://news.google.com/rss/articles/CBMisgFBVV95cUxPektoWl94Wk1jVGhWVF92aGo4Y1lGWDlWdE1zdGY0OElMVUZUaHpOREtzb29hNlFKS25sSW41OVMyNEJtR0dPNGRqQUhaaTNZYUhhUUdYUkpybVh2TjR5TzYyUmMyZW0xWktBeGRVdlZVQ2RMdFljV2VNYW9aOW5sMXF2Yjg5VjkyQlRvbFBycVZBY0dhZmpseF9FLWxkRi04cXJWSnFudjE1ZjQ0X21QS1p3?oc=5,https://news.google.com/rss/articles/CBMisgFBVV95cUxPektoWl94Wk1jVGhWVF92aGo4Y1lGWDlWdE1zdGY0OElMVUZUaHpOREtzb29hNlFKS25sSW41OVMyNEJtR0dPNGRqQUhaaTNZYUhhUUdYUkpybVh2TjR5TzYyUmMyZW0xWktBeGRVdlZVQ2RMdFljV2VNYW9aOW5sMXF2Yjg5VjkyQlRvbFBycVZBY0dhZmpseF9FLWxkRi04cXJWSnFudjE1ZjQ0X21QS1p3?oc=5
MATCH_UNCERTAIN,MEDIUM,T-4f40b69fee32,SECI,NTPC REL Wins 500 MW Renewable Energy Contract In SECI Auction At INR 6/kWh - SolarQuarter,Unclassified,500.0,"record built from a headline, not a tender page; confirm it is a real tender",https://news.google.com/rss/articles/CBMisgFBVV95cUxPektoWl94Wk1jVGhWVF92aGo4Y1lGWDlWdE1zdGY0OElMVUZUaHpOREtzb29hNlFKS25sSW41OVMyNEJtR0dPNGRqQUhaaTNZYUhhUUdYUkpybVh2TjR5TzYyUmMyZW0xWktBeGRVdlZVQ2RMdFljV2VNYW9aOW5sMXF2Yjg5VjkyQlRvbFBycVZBY0dhZmpseF9FLWxkRi04cXJWSnFudjE1ZjQ0X21QS1p3?oc=5,https://news.google.com/rss/articles/CBMisgFBVV95cUxPektoWl94Wk1jVGhWVF92aGo4Y1lGWDlWdE1zdGY0OElMVUZUaHpOREtzb29hNlFKS25sSW41OVMyNEJtR0dPNGRqQUhaaTNZYUhhUUdYUkpybVh2TjR5TzYyUmMyZW0xWktBeGRVdlZVQ2RMdFljV2VNYW9aOW5sMXF2Yjg5VjkyQlRvbFBycVZBY0dhZmpseF9FLWxkRi04cXJWSnFudjE1ZjQ0X21QS1p3?oc=5
TARIFF_MISSING,MEDIUM,T-f316671be8c1,SECI,NTPC Green Energy Arm Wins 500 MW SECI Peak Power Tender - Equitypandit,Unclassified,500.0,winner known but no tariff; check the award article or agency release,https://news.google.com/rss/articles/CBMijwFBVV95cUxOcnlyaUtXamtSbmN6cmhSUjRaVXVfYjBtLTV1dGFRR1FvNkZUSzBKbGYwZEY5QkItbHFKVVA4WWY2bTZxeGhieV9HdEh2emRpVEV2b014X3ZyS2JKZzNIcjlha0loaThVN1ZyOGdPQTN0WFAxVXhHMjRPNE1NUFZzMEw0Ul8xV1hvOERaZW1NZw?oc=5,https://news.google.com/rss/articles/CBMijwFBVV95cUxOcnlyaUtXamtSbmN6cmhSUjRaVXVfYjBtLTV1dGFRR1FvNkZUSzBKbGYwZEY5QkItbHFKVVA4WWY2bTZxeGhieV9HdEh2emRpVEV2b014X3ZyS2JKZzNIcjlha0loaThVN1ZyOGdPQTN0WFAxVXhHMjRPNE1NUFZzMEw0Ul8xV1hvOERaZW1NZw?oc=5
MATCH_UNCERTAIN,MEDIUM,T-f316671be8c1,SECI,NTPC Green Energy Arm Wins 500 MW SECI Peak Power Tender - Equitypandit,Unclassified,500.0,"record built from a headline, not a tender page; confirm it is a real tender",https://news.google.com/rss/articles/CBMijwFBVV95cUxOcnlyaUtXamtSbmN6cmhSUjRaVXVfYjBtLTV1dGFRR1FvNkZUSzBKbGYwZEY5QkItbHFKVVA4WWY2bTZxeGhieV9HdEh2emRpVEV2b014X3ZyS2JKZzNIcjlha0loaThVN1ZyOGdPQTN0WFAxVXhHMjRPNE1NUFZzMEw0Ul8xV1hvOERaZW1NZw?oc=5,https://news.google.com/rss/articles/CBMijwFBVV95cUxOcnlyaUtXamtSbmN6cmhSUjRaVXVfYjBtLTV1dGFRR1FvNkZUSzBKbGYwZEY5QkItbHFKVVA4WWY2bTZxeGhieV9HdEh2emRpVEV2b014X3ZyS2JKZzNIcjlha0loaThVN1ZyOGdPQTN0WFAxVXhHMjRPNE1NUFZzMEw0Ul8xV1hvOERaZW1NZw?oc=5
TARIFF_MISSING,MEDIUM,T-2443862bb9ca,SECI,NTPC Renewable Energy wins 500 MW SECI tender at ₹6/kWh tariff - energy.economictimes.indiatimes.com,Unclassified,500.0,winner known but no tariff; check the award article or agency release,https://news.google.com/rss/articles/CBMixAFBVV95cUxOTXhUQ3g3bjZtcVRXcXFzTGVLMEF6NS1vT196NmQ2dVYyX0luLWU0cGUzQnpYY1VZMFlJeFhpYTBFMngtMzBwdDl5Z0ZoVVBDYThaWDM4NEh1clhob0JELVR6WWROamIzelkxYlVfTGRSaHVSaTZwNUIwS05JSjh1cVFhckdsNkxuWEZxdWlCdWgwbXhCaDBLb2dLdDNhSXNuc3BZbDZsbXZiLUl3RmZLdWlFUlJSMFc4aE5INEpDWnphLTQ10gHKAUFVX3lxTE1pamJWV2xHZlFMWkMyZXRPXzR1LWxNRnRvdHNLT3VYamQ1bktiU3VGUm85Zm5HbExMMWRsOXZWdGRiSllXTkVBXzE3eDlaRGVWdHV0czQtemVlQzVjMjk3cXJ0VFBfcE54UEJrdkdIYTV3aEVaWGpfSlJ4U3JGTzQ0X2V6NGlCTFA3dENQMTZtaUpYZVFxLUJNN2R3QVBhUzBTRVhpWVRLRTl0QVFqUHg1Yy16UlBNRlRKMDZ0bDlKVERteEgxLUFMUGc?oc=5,https://news.google.com/rss/articles/CBMixAFBVV95cUxOTXhUQ3g3bjZtcVRXcXFzTGVLMEF6NS1vT196NmQ2dVYyX0luLWU0cGUzQnpYY1VZMFlJeFhpYTBFMngtMzBwdDl5Z0ZoVVBDYThaWDM4NEh1clhob0JELVR6WWROamIzelkxYlVfTGRSaHVSaTZwNUIwS05JSjh1cVFhckdsNkxuWEZxdWlCdWgwbXhCaDBLb2dLdDNhSXNuc3BZbDZsbXZiLUl3RmZLdWlFUlJSMFc4aE5INEpDWnphLTQ10gHKAUFVX3lxTE1pamJWV2xHZlFMWkMyZXRPXzR1LWxNRnRvdHNLT3VYamQ1bktiU3VGUm85Zm5HbExMMWRsOXZWdGRiSllXTkVBXzE3eDlaRGVWdHV0czQtemVlQzVjMjk3cXJ0VFBfcE54UEJrdkdIYTV3aEVaWGpfSlJ4U3JGTzQ0X2V6NGlCTFA3dENQMTZtaUpYZVFxLUJNN2R3QVBhUzBTRVhpWVRLRTl0QVFqUHg1Yy16UlBNRlRKMDZ0bDlKVERteEgxLUFMUGc?oc=5
MATCH_UNCERTAIN,MEDIUM,T-2443862bb9ca,SECI,NTPC Renewable Energy wins 500 MW SECI tender at ₹6/kWh tariff - energy.economictimes.indiatimes.com,Unclassified,500.0,"record built from a headline, not a tender page; confirm it is a real tender",https://news.google.com/rss/articles/CBMixAFBVV95cUxOTXhUQ3g3bjZtcVRXcXFzTGVLMEF6NS1vT196NmQ2dVYyX0luLWU0cGUzQnpYY1VZMFlJeFhpYTBFMngtMzBwdDl5Z0ZoVVBDYThaWDM4NEh1clhob0JELVR6WWROamIzelkxYlVfTGRSaHVSaTZwNUIwS05JSjh1cVFhckdsNkxuWEZxdWlCdWgwbXhCaDBLb2dLdDNhSXNuc3BZbDZsbXZiLUl3RmZLdWlFUlJSMFc4aE5INEpDWnphLTQ10gHKAUFVX3lxTE1pamJWV2xHZlFMWkMyZXRPXzR1LWxNRnRvdHNLT3VYamQ1bktiU3VGUm85Zm5HbExMMWRsOXZWdGRiSllXTkVBXzE3eDlaRGVWdHV0czQtemVlQzVjMjk3cXJ0VFBfcE54UEJrdkdIYTV3aEVaWGpfSlJ4U3JGTzQ0X2V6NGlCTFA3dENQMTZtaUpYZVFxLUJNN2R3QVBhUzBTRVhpWVRLRTl0QVFqUHg1Yy16UlBNRlRKMDZ0bDlKVERteEgxLUFMUGc?oc=5,https://news.google.com/rss/articles/CBMixAFBVV95cUxOTXhUQ3g3bjZtcVRXcXFzTGVLMEF6NS1vT196NmQ2dVYyX0luLWU0cGUzQnpYY1VZMFlJeFhpYTBFMngtMzBwdDl5Z0ZoVVBDYThaWDM4NEh1clhob0JELVR6WWROamIzelkxYlVfTGRSaHVSaTZwNUIwS05JSjh1cVFhckdsNkxuWEZxdWlCdWgwbXhCaDBLb2dLdDNhSXNuc3BZbDZsbXZiLUl3RmZLdWlFUlJSMFc4aE5INEpDWnphLTQ10gHKAUFVX3lxTE1pamJWV2xHZlFMWkMyZXRPXzR1LWxNRnRvdHNLT3VYamQ1bktiU3VGUm85Zm5HbExMMWRsOXZWdGRiSllXTkVBXzE3eDlaRGVWdHV0czQtemVlQzVjMjk3cXJ0VFBfcE54UEJrdkdIYTV3aEVaWGpfSlJ4U3JGTzQ0X2V6NGlCTFA3dENQMTZtaUpYZVFxLUJNN2R3QVBhUzBTRVhpWVRLRTl0QVFqUHg1Yy16UlBNRlRKMDZ0bDlKVERteEgxLUFMUGc?oc=5
TARIFF_MISSING,MEDIUM,T-70cc4438cd19,GUVNL,"NLC India, KP Group Win GUVNL’s 450 MW/900 MWh Standalone BESS Auction - energetica-india.net",Energy Storage (BESS),450.0,winner known but no tariff; check the award article or agency release,https://news.google.com/rss/articles/CBMiqAFBVV95cUxOY1VXRGsyNTZORk9rUW9qakRMYXdWWnFNSlpEMmp0NXoyemlBcEYxWXg2YWdFSTNjMzc2RFplNm1YMUJUdUFudGRiQnVXOGN3d19DWFo1RGRrNW9wdnVBUlZkSm0tYVVVT1hGYldRZExsT19tNWlpUmdVeWNkMmNSeV9VVDJKRm5Kd3lEYkp2NTdVOEpSdVBGcnhzT0p0clQ5OHlkQkhiZVU?oc=5,https://news.google.com/rss/articles/CBMiqAFBVV95cUxOY1VXRGsyNTZORk9rUW9qakRMYXdWWnFNSlpEMmp0NXoyemlBcEYxWXg2YWdFSTNjMzc2RFplNm1YMUJUdUFudGRiQnVXOGN3d19DWFo1RGRrNW9wdnVBUlZkSm0tYVVVT1hGYldRZExsT19tNWlpUmdVeWNkMmNSeV9VVDJKRm5Kd3lEYkp2NTdVOEpSdVBGcnhzT0p0clQ5OHlkQkhiZVU?oc=5
MATCH_UNCERTAIN,MEDIUM,T-70cc4438cd19,GUVNL,"NLC India, KP Group Win GUVNL’s 450 MW/900 MWh Standalone BESS Auction - energetica-india.net",Energy Storage (BESS),450.0,"record built from a headline, not a tender page; confirm it is a real tender",https://news.google.com/rss/articles/CBMiqAFBVV95cUxOY1VXRGsyNTZORk9rUW9qakRMYXdWWnFNSlpEMmp0NXoyemlBcEYxWXg2YWdFSTNjMzc2RFplNm1YMUJUdUFudGRiQnVXOGN3d19DWFo1RGRrNW9wdnVBUlZkSm0tYVVVT1hGYldRZExsT19tNWlpUmdVeWNkMmNSeV9VVDJKRm5Kd3lEYkp2NTdVOEpSdVBGcnhzT0p0clQ5OHlkQkhiZVU?oc=5,https://news.google.com/rss/articles/CBMiqAFBVV95cUxOY1VXRGsyNTZORk9rUW9qakRMYXdWWnFNSlpEMmp0NXoyemlBcEYxWXg2YWdFSTNjMzc2RFplNm1YMUJUdUFudGRiQnVXOGN3d19DWFo1RGRrNW9wdnVBUlZkSm0tYVVVT1hGYldRZExsT19tNWlpUmdVeWNkMmNSeV9VVDJKRm5Kd3lEYkp2NTdVOEpSdVBGcnhzT0p0clQ5OHlkQkhiZVU?oc=5
TARIFF_MISSING,MEDIUM,T-56d130be8de8,NLC India,NLC India Renewables wins 450 MW Gujarat BESS; second bidder Rs 1 behind - Power Peak Digest,Energy Storage (BESS),450.0,winner known but no tariff; check the award article or agency release,https://news.google.com/rss/articles/CBMigwFBVV95cUxOT0VUZnU3akNTakpydTBMUHg5bmRtdEpEZTZiOXBQV3JOS1Y2bkk0UVJiQll1RDNpbDlFQVBpN0JweXIwTkZmX09KVmx2OXhJWUllWWNTTG94VEhYMmpOSUJWaTEyU2lkWXljSVBSWHdkQ0puajl2SmpDUWJRUl9XNzk0dw?oc=5,https://news.google.com/rss/articles/CBMigwFBVV95cUxOT0VUZnU3akNTakpydTBMUHg5bmRtdEpEZTZiOXBQV3JOS1Y2bkk0UVJiQll1RDNpbDlFQVBpN0JweXIwTkZmX09KVmx2OXhJWUllWWNTTG94VEhYMmpOSUJWaTEyU2lkWXljSVBSWHdkQ0puajl2SmpDUWJRUl9XNzk0dw?oc=5
MATCH_UNCERTAIN,MEDIUM,T-56d130be8de8,NLC India,NLC India Renewables wins 450 MW Gujarat BESS; second bidder Rs 1 behind - Power Peak Digest,Energy Storage (BESS),450.0,"record built from a headline, not a tender page; confirm it is a real tender",https://news.google.com/rss/articles/CBMigwFBVV95cUxOT0VUZnU3akNTakpydTBMUHg5bmRtdEpEZTZiOXBQV3JOS1Y2bkk0UVJiQll1RDNpbDlFQVBpN0JweXIwTkZmX09KVmx2OXhJWUllWWNTTG94VEhYMmpOSUJWaTEyU2lkWXljSVBSWHdkQ0puajl2SmpDUWJRUl9XNzk0dw?oc=5,https://news.google.com/rss/articles/CBMigwFBVV95cUxOT0VUZnU3akNTakpydTBMUHg5bmRtdEpEZTZiOXBQV3JOS1Y2bkk0UVJiQll1RDNpbDlFQVBpN0JweXIwTkZmX09KVmx2OXhJWUllWWNTTG94VEhYMmpOSUJWaTEyU2lkWXljSVBSWHdkQ0puajl2SmpDUWJRUl9XNzk0dw?oc=5
TARIFF_MISSING,MEDIUM,T-06627f9dafd0,NLC India,GUVNL Awards 450 MW/900 MWh BESS Phase-IX To NLC India Renewables And Sun Drops Energia - SolarQuarter,Solar + Storage,450.0,winner known but no tariff; check the award article or agency release,https://news.google.com/rss/articles/CBMiwgFBVV95cUxNWE1YeEJVdDZ1OXQwN2taTUpQSDJHVGNEOU9telNxb1BOMnJPT25DVjZ1SmRvVF83YVpPUE44SHpDUXhHMnNzWWo4RWo0cHowcU82a1c3Ulp3emIwY2dLcW5NSHVSNnpIZjJCSjdCWmFFRU5OUUxFRlpNX2oyOWNQQ2ZLLUdvclhQTW52Zjd6YklpNGhmNkJsRUItMU91NHJHX0xrVUxkV1F1RDlldzVuUE1RVHVnZWRGZVgxamlhbjg0Zw?oc=5,https://news.google.com/rss/articles/CBMiwgFBVV95cUxNWE1YeEJVdDZ1OXQwN2taTUpQSDJHVGNEOU9telNxb1BOMnJPT25DVjZ1SmRvVF83YVpPUE44SHpDUXhHMnNzWWo4RWo0cHowcU82a1c3Ulp3emIwY2dLcW5NSHVSNnpIZjJCSjdCWmFFRU5OUUxFRlpNX2oyOWNQQ2ZLLUdvclhQTW52Zjd6YklpNGhmNkJsRUItMU91NHJHX0xrVUxkV1F1RDlldzVuUE1RVHVnZWRGZVgxamlhbjg0Zw?oc=5
MATCH_UNCERTAIN,MEDIUM,T-06627f9dafd0,NLC India,GUVNL Awards 450 MW/900 MWh BESS Phase-IX To NLC India Renewables And Sun Drops Energia - SolarQuarter,Solar + Storage,450.0,"record built from a headline, not a tender page; confirm it is a real tender",https://news.google.com/rss/articles/CBMiwgFBVV95cUxNWE1YeEJVdDZ1OXQwN2taTUpQSDJHVGNEOU9telNxb1BOMnJPT25DVjZ1SmRvVF83YVpPUE44SHpDUXhHMnNzWWo4RWo0cHowcU82a1c3Ulp3emIwY2dLcW5NSHVSNnpIZjJCSjdCWmFFRU5OUUxFRlpNX2oyOWNQQ2ZLLUdvclhQTW52Zjd6YklpNGhmNkJsRUItMU91NHJHX0xrVUxkV1F1RDlldzVuUE1RVHVnZWRGZVgxamlhbjg0Zw?oc=5,https://news.google.com/rss/articles/CBMiwgFBVV95cUxNWE1YeEJVdDZ1OXQwN2taTUpQSDJHVGNEOU9telNxb1BOMnJPT25DVjZ1SmRvVF83YVpPUE44SHpDUXhHMnNzWWo4RWo0cHowcU82a1c3Ulp3emIwY2dLcW5NSHVSNnpIZjJCSjdCWmFFRU5OUUxFRlpNX2oyOWNQQ2ZLLUdvclhQTW52Zjd6YklpNGhmNkJsRUItMU91NHJHX0xrVUxkV1F1RDlldzVuUE1RVHVnZWRGZVgxamlhbjg0Zw?oc=5
TARIFF_MISSING,MEDIUM,T-09598eb67675,SJVN,ACME Solar wins 450 MW peak power project under SJVN FDRE-IV - Manufacturing Today India,Solar,450.0,winner known but no tariff; check the award article or agency release,https://news.google.com/rss/articles/CBMigAFBVV95cUxNUkhNZWlKMVhuWWx2LTRkMThmaWliejVnTy0yaWoxSkEybEkwZHZmdGY0azdpVUxkNnhkRkFkY1Nnc2J0cm1jSTU4c2lmcGFlYXdHdlI2dndzRWF5TExSeWpmeEdoNnNKSk1qcmlhRGswLWpxNVo0dlkxelpXSWxPdA?oc=5,https://news.google.com/rss/articles/CBMigAFBVV95cUxNUkhNZWlKMVhuWWx2LTRkMThmaWliejVnTy0yaWoxSkEybEkwZHZmdGY0azdpVUxkNnhkRkFkY1Nnc2J0cm1jSTU4c2lmcGFlYXdHdlI2dndzRWF5TExSeWpmeEdoNnNKSk1qcmlhRGswLWpxNVo0dlkxelpXSWxPdA?oc=5
MATCH_UNCERTAIN,MEDIUM,T-09598eb67675,SJVN,ACME Solar wins 450 MW peak power project under SJVN FDRE-IV - Manufacturing Today India,Solar,450.0,"record built from a headline, not a tender page; confirm it is a real tender",https://news.google.com/rss/articles/CBMigAFBVV95cUxNUkhNZWlKMVhuWWx2LTRkMThmaWliejVnTy0yaWoxSkEybEkwZHZmdGY0azdpVUxkNnhkRkFkY1Nnc2J0cm1jSTU4c2lmcGFlYXdHdlI2dndzRWF5TExSeWpmeEdoNnNKSk1qcmlhRGswLWpxNVo0dlkxelpXSWxPdA?oc=5,https://news.google.com/rss/articles/CBMigAFBVV95cUxNUkhNZWlKMVhuWWx2LTRkMThmaWliejVnTy0yaWoxSkEybEkwZHZmdGY0azdpVUxkNnhkRkFkY1Nnc2J0cm1jSTU4c2lmcGFlYXdHdlI2dndzRWF5TExSeWpmeEdoNnNKSk1qcmlhRGswLWpxNVo0dlkxelpXSWxPdA?oc=5
TARIFF_MISSING,MEDIUM,T-0253747219b9,SJVN,ACME Solar Awarded 450 MW-1800 MWh SJVN FDRE-IV Project - Energetica India Magazine,Solar,450.0,winner known but no tariff; check the award article or agency release,https://news.google.com/rss/articles/CBMimAFBVV95cUxObXI0RjJJMmNfVTRFbzE5MzBzaHNqZ3hyd3BRQmJadE1BYmpOOW0yQ2pneHE5V3ZRZ2RUOGtWckViQ1BTM1ZZM211SXdfcmRZZDJ0QlJsWWdUbFEwZ0NkeGNlVjZuNTQzMTJMMnFWZlVHaHV0Y2NfOTI4WWFqbHFHSGhuSzB0bmZjbERmdjdlTVN1RjNjempOMg?oc=5,https://news.google.com/rss/articles/CBMimAFBVV95cUxObXI0RjJJMmNfVTRFbzE5MzBzaHNqZ3hyd3BRQmJadE1BYmpOOW0yQ2pneHE5V3ZRZ2RUOGtWckViQ1BTM1ZZM211SXdfcmRZZDJ0QlJsWWdUbFEwZ0NkeGNlVjZuNTQzMTJMMnFWZlVHaHV0Y2NfOTI4WWFqbHFHSGhuSzB0bmZjbERmdjdlTVN1RjNjempOMg?oc=5
MATCH_UNCERTAIN,MEDIUM,T-0253747219b9,SJVN,ACME Solar Awarded 450 MW-1800 MWh SJVN FDRE-IV Project - Energetica India Magazine,Solar,450.0,"record built from a headline, not a tender page; confirm it is a real tender",https://news.google.com/rss/articles/CBMimAFBVV95cUxObXI0RjJJMmNfVTRFbzE5MzBzaHNqZ3hyd3BRQmJadE1BYmpOOW0yQ2pneHE5V3ZRZ2RUOGtWckViQ1BTM1ZZM211SXdfcmRZZDJ0QlJsWWdUbFEwZ0NkeGNlVjZuNTQzMTJMMnFWZlVHaHV0Y2NfOTI4WWFqbHFHSGhuSzB0bmZjbERmdjdlTVN1RjNjempOMg?oc=5,https://news.google.com/rss/articles/CBMimAFBVV95cUxObXI0RjJJMmNfVTRFbzE5MzBzaHNqZ3hyd3BRQmJadE1BYmpOOW0yQ2pneHE5V3ZRZ2RUOGtWckViQ1BTM1ZZM211SXdfcmRZZDJ0QlJsWWdUbFEwZ0NkeGNlVjZuNTQzMTJMMnFWZlVHaHV0Y2NfOTI4WWFqbHFHSGhuSzB0bmZjbERmdjdlTVN1RjNjempOMg?oc=5
TARIFF_MISSING,MEDIUM,T-ba290cae1701,NTPC,SUPPLY OF SOLAR PV MODULES FOR 400MW SOLAR PROJECT IN CHITRAKOOT IN U.P.,Solar,400.0,winner known but no tariff; check the award article or agency release,https://ntpctender.ntpc.co.in/NITDetails/NITs/29427,https://news.google.com/rss/articles/CBMiyAFBVV95cUxOUTkzQ1dXY3J1c1pXVy1EdG5QT28tX2x2ejRoRVJEeEtCdzBPZ0xSdkhuVkYyekltNVl5bGJkX3JiZ3AyLTZ6QlREeTdaY0M5VWU2VzJMVS1BX1hoSUtHUFkyLXF3d2M2Nk9qd3ZSOWhDSFoxZ2dyR0hERGZWTV9iRU1FZWdpWFFva1VfSWhxb09JVHlwMFRwaGJ4eXN2LW5sTWwzQm0taDRudFVYWm11OENaYnpORGozby03aXdYeUdZeUo1UGtlWg?oc=5
TARIFF_MISSING,MEDIUM,T-d287d11834a0,SJVN Green Energy,"ACME Solar bags 400 MW firm, dispatchable renewable project from SJVN - Business Standard",Solar,400.0,winner known but no tariff; check the award article or agency release,https://news.google.com/rss/articles/CBMi0wFBVV95cUxPSXFKLURtVWtyNU9mV3NnNnQwU2RiX3g2WlJqY2dablRuaFZkT2o3R244TjlqNnJiTF95cm1zbXVwY2dGMjN5Wmd4ZHdNZW93VjU5MVFtU1BoY3kzNTBGWnF0UVU0eU5HSjZtUDZvV0Y2dWFPYWtJVGEyWnNjZ0daRDR2cEpVNlJVdHM4UkJvMDhScDB0VmdhS01YQ2lGX2ZIQ2tneEY4ek5zbWxRT19LZlhXU280d0RKdU9uUTVqMEtLZmJrTG41Y25TU0hPZVAzRzJR0gHYAUFVX3lxTE9FX1JSZkx0c3FQbkdQdmZ5cl9yVHNOd2p2R09BczdqWjhoZ1o3STE3RTZqUDktRVN3TjlnWHJpUDItUk40cGQwbHJTLUQ0LUtVNjY2bEdJSDNqZ0VMc0xUbm9uRUdfZHlEdG9PZVdjUHZ4cnZWSkJxMkczaUlwSmRFSjZJdG5aN01fQWZhMjltYmNwTl8tS3g4MHdYbVA1bFFfd0ZfVXppYUFjVUxONGgwVFNoUWNRcmNoSy10RHluVHNZcy12eHUwbW5xY2dRV0ZmbVFkQUx3YQ?oc=5,https://news.google.com/rss/articles/CBMi0wFBVV95cUxPSXFKLURtVWtyNU9mV3NnNnQwU2RiX3g2WlJqY2dablRuaFZkT2o3R244TjlqNnJiTF95cm1zbXVwY2dGMjN5Wmd4ZHdNZW93VjU5MVFtU1BoY3kzNTBGWnF0UVU0eU5HSjZtUDZvV0Y2dWFPYWtJVGEyWnNjZ0daRDR2cEpVNlJVdHM4UkJvMDhScDB0VmdhS01YQ2lGX2ZIQ2tneEY4ek5zbWxRT19LZlhXU280d0RKdU9uUTVqMEtLZmJrTG41Y25TU0hPZVAzRzJR0gHYAUFVX3lxTE9FX1JSZkx0c3FQbkdQdmZ5cl9yVHNOd2p2R09BczdqWjhoZ1o3STE3RTZqUDktRVN3TjlnWHJpUDItUk40cGQwbHJTLUQ0LUtVNjY2bEdJSDNqZ0VMc0xUbm9uRUdfZHlEdG9PZVdjUHZ4cnZWSkJxMkczaUlwSmRFSjZJdG5aN01fQWZhMjltYmNwTl8tS3g4MHdYbVA1bFFfd0ZfVXppYUFjVUxONGgwVFNoUWNRcmNoSy10RHluVHNZcy12eHUwbW5xY2dRV0ZmbVFkQUx3YQ?oc=5
MATCH_UNCERTAIN,MEDIUM,T-d287d11834a0,SJVN Green Energy,"ACME Solar bags 400 MW firm, dispatchable renewable project from SJVN - Business Standard",Solar,400.0,"record built from a headline, not a tender page; confirm it is a real tender",https://news.google.com/rss/articles/CBMi0wFBVV95cUxPSXFKLURtVWtyNU9mV3NnNnQwU2RiX3g2WlJqY2dablRuaFZkT2o3R244TjlqNnJiTF95cm1zbXVwY2dGMjN5Wmd4ZHdNZW93VjU5MVFtU1BoY3kzNTBGWnF0UVU0eU5HSjZtUDZvV0Y2dWFPYWtJVGEyWnNjZ0daRDR2cEpVNlJVdHM4UkJvMDhScDB0VmdhS01YQ2lGX2ZIQ2tneEY4ek5zbWxRT19LZlhXU280d0RKdU9uUTVqMEtLZmJrTG41Y25TU0hPZVAzRzJR0gHYAUFVX3lxTE9FX1JSZkx0c3FQbkdQdmZ5cl9yVHNOd2p2R09BczdqWjhoZ1o3STE3RTZqUDktRVN3TjlnWHJpUDItUk40cGQwbHJTLUQ0LUtVNjY2bEdJSDNqZ0VMc0xUbm9uRUdfZHlEdG9PZVdjUHZ4cnZWSkJxMkczaUlwSmRFSjZJdG5aN01fQWZhMjltYmNwTl8tS3g4MHdYbVA1bFFfd0ZfVXppYUFjVUxONGgwVFNoUWNRcmNoSy10RHluVHNZcy12eHUwbW5xY2dRV0ZmbVFkQUx3YQ?oc=5,https://news.google.com/rss/articles/CBMi0wFBVV95cUxPSXFKLURtVWtyNU9mV3NnNnQwU2RiX3g2WlJqY2dablRuaFZkT2o3R244TjlqNnJiTF95cm1zbXVwY2dGMjN5Wmd4ZHdNZW93VjU5MVFtU1BoY3kzNTBGWnF0UVU0eU5HSjZtUDZvV0Y2dWFPYWtJVGEyWnNjZ0daRDR2cEpVNlJVdHM4UkJvMDhScDB0VmdhS01YQ2lGX2ZIQ2tneEY4ek5zbWxRT19LZlhXU280d0RKdU9uUTVqMEtLZmJrTG41Y25TU0hPZVAzRzJR0gHYAUFVX3lxTE9FX1JSZkx0c3FQbkdQdmZ5cl9yVHNOd2p2R09BczdqWjhoZ1o3STE3RTZqUDktRVN3TjlnWHJpUDItUk40cGQwbHJTLUQ0LUtVNjY2bEdJSDNqZ0VMc0xUbm9uRUdfZHlEdG9PZVdjUHZ4cnZWSkJxMkczaUlwSmRFSjZJdG5aN01fQWZhMjltYmNwTl8tS3g4MHdYbVA1bFFfd0ZfVXppYUFjVUxONGgwVFNoUWNRcmNoSy10RHluVHNZcy12eHUwbW5xY2dRV0ZmbVFkQUx3YQ?oc=5
TARIFF_MISSING,MEDIUM,T-40826cce8ebc,SECI,ACME Solar wins 301 MW FDRE project from SECI - ET EnergyWorld,Solar,301.0,winner known but no tariff; check the award article or agency release,https://news.google.com/rss/articles/CBMi2wFBVV95cUxQaDQ3VjB0SWNsUFBUbkJvNkpyZk9felJpVDFZR0VzZlk2YWR2SGJOY1R6QUlpbERyb0J0QllNa3ozV0xzdmRxeGJQLU5zWllSREtSbnFIcHRWME9lbmVkMnJQdUJaeG04dk9zNk1YTGxEYmtZU1drUHoxejd1X19Cb2pxeUtUYThTbU52R3RmQzJiUUREYkZUUTRwcFM2QkFpM3dyTHRwSDE3TndMaW1xc3Y5WUk2NmxyTWNFM0VQT3pDZ3JsUVdNVXZSX0oxRThseVJRbmtmdWVYUGvSAeABQVVfeXFMTXM0QWpLUzdvVlYyNEtIZ2gwa0Vmd250T3MxYW5ETkRWaWJ5V3ZmTHkzaGlUdl8wcUdVNW9BT19jOExabDlCb1pwUFV2LTF0U0szNnFKcGJYR3BLY2x2cWhfYVpYYm51VHFHdUhUN3dtRlRxbXNKNHRDdjRKOFlQZXZJUUt0SmhpVlFkdEt2NXJXQzc3eVFxLUQ1VTBReDE1azh2WDAyTm5ZZEdKR0JSOWRxSVpiYnZza1FCbDNGc0txdlFtUVJDaFd6cU1JR3ZyVllZWTZzQUl3TmxkWDIzS1Q?oc=5,https://news.google.com/rss/articles/CBMi2wFBVV95cUxQaDQ3VjB0SWNsUFBUbkJvNkpyZk9felJpVDFZR0VzZlk2YWR2SGJOY1R6QUlpbERyb0J0QllNa3ozV0xzdmRxeGJQLU5zWllSREtSbnFIcHRWME9lbmVkMnJQdUJaeG04dk9zNk1YTGxEYmtZU1drUHoxejd1X19Cb2pxeUtUYThTbU52R3RmQzJiUUREYkZUUTRwcFM2QkFpM3dyTHRwSDE3TndMaW1xc3Y5WUk2NmxyTWNFM0VQT3pDZ3JsUVdNVXZSX0oxRThseVJRbmtmdWVYUGvSAeABQVVfeXFMTXM0QWpLUzdvVlYyNEtIZ2gwa0Vmd250T3MxYW5ETkRWaWJ5V3ZmTHkzaGlUdl8wcUdVNW9BT19jOExabDlCb1pwUFV2LTF0U0szNnFKcGJYR3BLY2x2cWhfYVpYYm51VHFHdUhUN3dtRlRxbXNKNHRDdjRKOFlQZXZJUUt0SmhpVlFkdEt2NXJXQzc3eVFxLUQ1VTBReDE1azh2WDAyTm5ZZEdKR0JSOWRxSVpiYnZza1FCbDNGc0txdlFtUVJDaFd6cU1JR3ZyVllZWTZzQUl3TmxkWDIzS1Q?oc=5
MATCH_UNCERTAIN,MEDIUM,T-40826cce8ebc,SECI,ACME Solar wins 301 MW FDRE project from SECI - ET EnergyWorld,Solar,301.0,"record built from a headline, not a tender page; confirm it is a real tender",https://news.google.com/rss/articles/CBMi2wFBVV95cUxQaDQ3VjB0SWNsUFBUbkJvNkpyZk9felJpVDFZR0VzZlk2YWR2SGJOY1R6QUlpbERyb0J0QllNa3ozV0xzdmRxeGJQLU5zWllSREtSbnFIcHRWME9lbmVkMnJQdUJaeG04dk9zNk1YTGxEYmtZU1drUHoxejd1X19Cb2pxeUtUYThTbU52R3RmQzJiUUREYkZUUTRwcFM2QkFpM3dyTHRwSDE3TndMaW1xc3Y5WUk2NmxyTWNFM0VQT3pDZ3JsUVdNVXZSX0oxRThseVJRbmtmdWVYUGvSAeABQVVfeXFMTXM0QWpLUzdvVlYyNEtIZ2gwa0Vmd250T3MxYW5ETkRWaWJ5V3ZmTHkzaGlUdl8wcUdVNW9BT19jOExabDlCb1pwUFV2LTF0U0szNnFKcGJYR3BLY2x2cWhfYVpYYm51VHFHdUhUN3dtRlRxbXNKNHRDdjRKOFlQZXZJUUt0SmhpVlFkdEt2NXJXQzc3eVFxLUQ1VTBReDE1azh2WDAyTm5ZZEdKR0JSOWRxSVpiYnZza1FCbDNGc0txdlFtUVJDaFd6cU1JR3ZyVllZWTZzQUl3TmxkWDIzS1Q?oc=5,https://news.google.com/rss/articles/CBMi2wFBVV95cUxQaDQ3VjB0SWNsUFBUbkJvNkpyZk9felJpVDFZR0VzZlk2YWR2SGJOY1R6QUlpbERyb0J0QllNa3ozV0xzdmRxeGJQLU5zWllSREtSbnFIcHRWME9lbmVkMnJQdUJaeG04dk9zNk1YTGxEYmtZU1drUHoxejd1X19Cb2pxeUtUYThTbU52R3RmQzJiUUREYkZUUTRwcFM2QkFpM3dyTHRwSDE3TndMaW1xc3Y5WUk2NmxyTWNFM0VQT3pDZ3JsUVdNVXZSX0oxRThseVJRbmtmdWVYUGvSAeABQVVfeXFMTXM0QWpLUzdvVlYyNEtIZ2gwa0Vmd250T3MxYW5ETkRWaWJ5V3ZmTHkzaGlUdl8wcUdVNW9BT19jOExabDlCb1pwUFV2LTF0U0szNnFKcGJYR3BLY2x2cWhfYVpYYm51VHFHdUhUN3dtRlRxbXNKNHRDdjRKOFlQZXZJUUt0SmhpVlFkdEt2NXJXQzc3eVFxLUQ1VTBReDE1azh2WDAyTm5ZZEdKR0JSOWRxSVpiYnZza1FCbDNGc0txdlFtUVJDaFd6cU1JR3ZyVllZWTZzQUl3TmxkWDIzS1Q?oc=5
TARIFF_MISSING,MEDIUM,T-98082a4e0e6b,NTPC,NTPC Green Energy Awards 300 MW Solar Project To Bondada Engineering in Rajasthan - Saur Energy,Solar,300.0,winner known but no tariff; check the award article or agency release,https://news.google.com/rss/articles/CBMivwFBVV95cUxOcVhnaU1TdWIwc3RiY0hwN2JWRU9rZlVnNVQ2dk9EMDRIX3k5VTVQall3NVY0RmdJdEJpbnZ6V3NMR2tiVF9FOUZSRlhCLVQzWTl0aG43M3gzMWx1NzI0YzRMWkxMN19MeUswWm8yLVh0V2NIRk44cWlvVUVfRXpjQmtTYmtHdDUtVnFuMUdSMFlmV25YdlZaRlpWcGxNQWNhLVlpQUtzWFdZcEgwUmIxYjBqRnFDaXBPbGtTSUxjcw?oc=5,https://news.google.com/rss/articles/CBMivwFBVV95cUxOcVhnaU1TdWIwc3RiY0hwN2JWRU9rZlVnNVQ2dk9EMDRIX3k5VTVQall3NVY0RmdJdEJpbnZ6V3NMR2tiVF9FOUZSRlhCLVQzWTl0aG43M3gzMWx1NzI0YzRMWkxMN19MeUswWm8yLVh0V2NIRk44cWlvVUVfRXpjQmtTYmtHdDUtVnFuMUdSMFlmV25YdlZaRlpWcGxNQWNhLVlpQUtzWFdZcEgwUmIxYjBqRnFDaXBPbGtTSUxjcw?oc=5
MATCH_UNCERTAIN,MEDIUM,T-98082a4e0e6b,NTPC,NTPC Green Energy Awards 300 MW Solar Project To Bondada Engineering in Rajasthan - Saur Energy,Solar,300.0,"record built from a headline, not a tender page; confirm it is a real tender",https://news.google.com/rss/articles/CBMivwFBVV95cUxOcVhnaU1TdWIwc3RiY0hwN2JWRU9rZlVnNVQ2dk9EMDRIX3k5VTVQall3NVY0RmdJdEJpbnZ6V3NMR2tiVF9FOUZSRlhCLVQzWTl0aG43M3gzMWx1NzI0YzRMWkxMN19MeUswWm8yLVh0V2NIRk44cWlvVUVfRXpjQmtTYmtHdDUtVnFuMUdSMFlmV25YdlZaRlpWcGxNQWNhLVlpQUtzWFdZcEgwUmIxYjBqRnFDaXBPbGtTSUxjcw?oc=5,https://news.google.com/rss/articles/CBMivwFBVV95cUxOcVhnaU1TdWIwc3RiY0hwN2JWRU9rZlVnNVQ2dk9EMDRIX3k5VTVQall3NVY0RmdJdEJpbnZ6V3NMR2tiVF9FOUZSRlhCLVQzWTl0aG43M3gzMWx1NzI0YzRMWkxMN19MeUswWm8yLVh0V2NIRk44cWlvVUVfRXpjQmtTYmtHdDUtVnFuMUdSMFlmV25YdlZaRlpWcGxNQWNhLVlpQUtzWFdZcEgwUmIxYjBqRnFDaXBPbGtTSUxjcw?oc=5
TARIFF_MISSING,MEDIUM,T-adfb030af9f6,SECI,ACME Solar Wins 300 MW SECI Peak Power Tender at ₹6/kWh - mvapulse.com,Solar,300.0,winner known but no tariff; check the award article or agency release,https://news.google.com/rss/articles/CBMikwFBVV95cUxNaVRZZFRBSmhQVndNZjJUc0lwcFNwMTdwWmJRYzRsWTdsbkRDZmxFNUFPQk5PMzRzZU9KckZHRHVKalpiWnZkcUJfQk1udjhtNXVjN3BDa0c4UXhnbEpWVENtb2xSR0JuWDNYRE9Kc3hjdW5VYzN0MkhQdUQxMTBmU2NzVzE0YVdnRUNhZ0kwMktOOWc?oc=5,https://news.google.com/rss/articles/CBMikwFBVV95cUxNaVRZZFRBSmhQVndNZjJUc0lwcFNwMTdwWmJRYzRsWTdsbkRDZmxFNUFPQk5PMzRzZU9KckZHRHVKalpiWnZkcUJfQk1udjhtNXVjN3BDa0c4UXhnbEpWVENtb2xSR0JuWDNYRE9Kc3hjdW5VYzN0MkhQdUQxMTBmU2NzVzE0YVdnRUNhZ0kwMktOOWc?oc=5
MATCH_UNCERTAIN,MEDIUM,T-adfb030af9f6,SECI,ACME Solar Wins 300 MW SECI Peak Power Tender at ₹6/kWh - mvapulse.com,Solar,300.0,"record built from a headline, not a tender page; confirm it is a real tender",https://news.google.com/rss/articles/CBMikwFBVV95cUxNaVRZZFRBSmhQVndNZjJUc0lwcFNwMTdwWmJRYzRsWTdsbkRDZmxFNUFPQk5PMzRzZU9KckZHRHVKalpiWnZkcUJfQk1udjhtNXVjN3BDa0c4UXhnbEpWVENtb2xSR0JuWDNYRE9Kc3hjdW5VYzN0MkhQdUQxMTBmU2NzVzE0YVdnRUNhZ0kwMktOOWc?oc=5,https://news.google.com/rss/articles/CBMikwFBVV95cUxNaVRZZFRBSmhQVndNZjJUc0lwcFNwMTdwWmJRYzRsWTdsbkRDZmxFNUFPQk5PMzRzZU9KckZHRHVKalpiWnZkcUJfQk1udjhtNXVjN3BDa0c4UXhnbEpWVENtb2xSR0JuWDNYRE9Kc3hjdW5VYzN0MkhQdUQxMTBmU2NzVzE0YVdnRUNhZ0kwMktOOWc?oc=5
TARIFF_MISSING,MEDIUM,T-8940327e293b,MPPMCL,"MPPMCL Partially Awards 293 MW Under 800 MW Wind Tender To Ayana Renewable, BPCL - Saur Energy",Wind,293.0,winner known but no tariff; check the award article or agency release,https://news.google.com/rss/articles/CBMiyAFBVV95cUxQajF0QTl6RXBsVkt6cU5wODhVRDR2cXkzejhWM2RpV0t5bDhDWHl6ZzhQY3ZQQVZ0ZzU5TWdqVFR0MXNicFZfaW5jWjMxNzFwcmlSeXY5bzI0QzdfRDhBMDlKdlZ3UTVMMXVJd2xlc0hGOXhkTTh2d3VEaENuUG8tNTVkTzVXUy0tWTIwOU9kcWk2SGJpTDhMRmxzUk81Q0trX2tIbTROSkhtM3lEakRzb0x4aGxvWGhVNlRRckpDOGtES0NGR2hWTA?oc=5,https://news.google.com/rss/articles/CBMiyAFBVV95cUxQajF0QTl6RXBsVkt6cU5wODhVRDR2cXkzejhWM2RpV0t5bDhDWHl6ZzhQY3ZQQVZ0ZzU5TWdqVFR0MXNicFZfaW5jWjMxNzFwcmlSeXY5bzI0QzdfRDhBMDlKdlZ3UTVMMXVJd2xlc0hGOXhkTTh2d3VEaENuUG8tNTVkTzVXUy0tWTIwOU9kcWk2SGJpTDhMRmxzUk81Q0trX2tIbTROSkhtM3lEakRzb0x4aGxvWGhVNlRRckpDOGtES0NGR2hWTA?oc=5
MATCH_UNCERTAIN,MEDIUM,T-8940327e293b,MPPMCL,"MPPMCL Partially Awards 293 MW Under 800 MW Wind Tender To Ayana Renewable, BPCL - Saur Energy",Wind,293.0,"record built from a headline, not a tender page; confirm it is a real tender",https://news.google.com/rss/articles/CBMiyAFBVV95cUxQajF0QTl6RXBsVkt6cU5wODhVRDR2cXkzejhWM2RpV0t5bDhDWHl6ZzhQY3ZQQVZ0ZzU5TWdqVFR0MXNicFZfaW5jWjMxNzFwcmlSeXY5bzI0QzdfRDhBMDlKdlZ3UTVMMXVJd2xlc0hGOXhkTTh2d3VEaENuUG8tNTVkTzVXUy0tWTIwOU9kcWk2SGJpTDhMRmxzUk81Q0trX2tIbTROSkhtM3lEakRzb0x4aGxvWGhVNlRRckpDOGtES0NGR2hWTA?oc=5,https://news.google.com/rss/articles/CBMiyAFBVV95cUxQajF0QTl6RXBsVkt6cU5wODhVRDR2cXkzejhWM2RpV0t5bDhDWHl6ZzhQY3ZQQVZ0ZzU5TWdqVFR0MXNicFZfaW5jWjMxNzFwcmlSeXY5bzI0QzdfRDhBMDlKdlZ3UTVMMXVJd2xlc0hGOXhkTTh2d3VEaENuUG8tNTVkTzVXUy0tWTIwOU9kcWk2SGJpTDhMRmxzUk81Q0trX2tIbTROSkhtM3lEakRzb0x4aGxvWGhVNlRRckpDOGtES0NGR2hWTA?oc=5
TARIFF_MISSING,MEDIUM,T-948bf847c4a1,GUVNL,"GUVNL Awards 250 MW Wind Project to KPI, Juniper, Jakson Green & Inox - Saur Energy",Wind,250.0,winner known but no tariff; check the award article or agency release,https://news.google.com/rss/articles/CBMirwFBVV95cUxOdS1faFdQWUNtbjFSMFBJM00wMmtIS0VYWkFJT1BkWEhOaThBQkhOUTQ4VFFFT2hDQ1lWWmlnejZzUHNLSUVsX0hGazhHWnhlckVGclRyMGRmMDdOWjhOdjZUWHNQdkFDWlhOblZyelpiRkxsMGdiM3I1M1VUVFotU3U1N1JUeW1LdDZhNjVtTVFLZ3JUbl9uOTlZMzhiREdJXzdXN05wV3hYd3VBQWpZ?oc=5,https://news.google.com/rss/articles/CBMirwFBVV95cUxOdS1faFdQWUNtbjFSMFBJM00wMmtIS0VYWkFJT1BkWEhOaThBQkhOUTQ4VFFFT2hDQ1lWWmlnejZzUHNLSUVsX0hGazhHWnhlckVGclRyMGRmMDdOWjhOdjZUWHNQdkFDWlhOblZyelpiRkxsMGdiM3I1M1VUVFotU3U1N1JUeW1LdDZhNjVtTVFLZ3JUbl9uOTlZMzhiREdJXzdXN05wV3hYd3VBQWpZ?oc=5
MATCH_UNCERTAIN,MEDIUM,T-948bf847c4a1,GUVNL,"GUVNL Awards 250 MW Wind Project to KPI, Juniper, Jakson Green & Inox - Saur Energy",Wind,250.0,"record built from a headline, not a tender page; confirm it is a real tender",https://news.google.com/rss/articles/CBMirwFBVV95cUxOdS1faFdQWUNtbjFSMFBJM00wMmtIS0VYWkFJT1BkWEhOaThBQkhOUTQ4VFFFT2hDQ1lWWmlnejZzUHNLSUVsX0hGazhHWnhlckVGclRyMGRmMDdOWjhOdjZUWHNQdkFDWlhOblZyelpiRkxsMGdiM3I1M1VUVFotU3U1N1JUeW1LdDZhNjVtTVFLZ3JUbl9uOTlZMzhiREdJXzdXN05wV3hYd3VBQWpZ?oc=5,https://news.google.com/rss/articles/CBMirwFBVV95cUxOdS1faFdQWUNtbjFSMFBJM00wMmtIS0VYWkFJT1BkWEhOaThBQkhOUTQ4VFFFT2hDQ1lWWmlnejZzUHNLSUVsX0hGazhHWnhlckVGclRyMGRmMDdOWjhOdjZUWHNQdkFDWlhOblZyelpiRkxsMGdiM3I1M1VUVFotU3U1N1JUeW1LdDZhNjVtTVFLZ3JUbl9uOTlZMzhiREdJXzdXN05wV3hYd3VBQWpZ?oc=5
TARIFF_MISSING,MEDIUM,T-82c8f8303a06,GUVNL,NLC Juniper Powerica Cu-Built Win GUVNL 250 MW Wind Auction - Construction World,Wind,250.0,winner known but no tariff; check the award article or agency release,https://news.google.com/rss/articles/CBMi4AFBVV95cUxPeHdHc0ZabDN0dEdWZGxMRnBTUno5QkxtTVJKOGV5aUUwbVZvQ01Yc0lvMTN2WFgwVEFWVXVGQ1JZQlcyc0ZJOWR4QkYwbXNHX2poZlFtcm00QS1DbmJZVWlJT0E3WktYMXI0YkpsMldDYm5TV1ZVNkQwVG5kTjRHRURGVUJOX2VmcUdDd0VvSE1tTHdHVGQ5RXBvUld6cm1Zanh4S0x4MjlZVmZ2YWtuUzdqTnBwYmNmODNzV2thdWxvODdvNkNVZW1TSVkwWmFhUEh2QzFYNXdvTzdaWjgzcA?oc=5,https://news.google.com/rss/articles/CBMi4AFBVV95cUxPeHdHc0ZabDN0dEdWZGxMRnBTUno5QkxtTVJKOGV5aUUwbVZvQ01Yc0lvMTN2WFgwVEFWVXVGQ1JZQlcyc0ZJOWR4QkYwbXNHX2poZlFtcm00QS1DbmJZVWlJT0E3WktYMXI0YkpsMldDYm5TV1ZVNkQwVG5kTjRHRURGVUJOX2VmcUdDd0VvSE1tTHdHVGQ5RXBvUld6cm1Zanh4S0x4MjlZVmZ2YWtuUzdqTnBwYmNmODNzV2thdWxvODdvNkNVZW1TSVkwWmFhUEh2QzFYNXdvTzdaWjgzcA?oc=5
MATCH_UNCERTAIN,MEDIUM,T-82c8f8303a06,GUVNL,NLC Juniper Powerica Cu-Built Win GUVNL 250 MW Wind Auction - Construction World,Wind,250.0,"record built from a headline, not a tender page; confirm it is a real tender",https://news.google.com/rss/articles/CBMi4AFBVV95cUxPeHdHc0ZabDN0dEdWZGxMRnBTUno5QkxtTVJKOGV5aUUwbVZvQ01Yc0lvMTN2WFgwVEFWVXVGQ1JZQlcyc0ZJOWR4QkYwbXNHX2poZlFtcm00QS1DbmJZVWlJT0E3WktYMXI0YkpsMldDYm5TV1ZVNkQwVG5kTjRHRURGVUJOX2VmcUdDd0VvSE1tTHdHVGQ5RXBvUld6cm1Zanh4S0x4MjlZVmZ2YWtuUzdqTnBwYmNmODNzV2thdWxvODdvNkNVZW1TSVkwWmFhUEh2QzFYNXdvTzdaWjgzcA?oc=5,https://news.google.com/rss/articles/CBMi4AFBVV95cUxPeHdHc0ZabDN0dEdWZGxMRnBTUno5QkxtTVJKOGV5aUUwbVZvQ01Yc0lvMTN2WFgwVEFWVXVGQ1JZQlcyc0ZJOWR4QkYwbXNHX2poZlFtcm00QS1DbmJZVWlJT0E3WktYMXI0YkpsMldDYm5TV1ZVNkQwVG5kTjRHRURGVUJOX2VmcUdDd0VvSE1tTHdHVGQ5RXBvUld6cm1Zanh4S0x4MjlZVmZ2YWtuUzdqTnBwYmNmODNzV2thdWxvODdvNkNVZW1TSVkwWmFhUEh2QzFYNXdvTzdaWjgzcA?oc=5
TARIFF_MISSING,MEDIUM,T-956d86e85998,NLC India,"GUVNL Awards 250 MW Phase XI Wind Projects To NLC India Renewables, Juniper Green, Powerica & Cu-Built At INR3.51/kWh - ",Wind,250.0,winner known but no tariff; check the award article or agency release,https://news.google.com/rss/articles/CBMi4wFBVV95cUxQeWlkdDVadzlRTVlxX1FVYllUOTRVY01KaWlvanJXSk82cktfa0MyOTJuM211RWRCY1kwWklJV3NTOGdndmxBX3BzeEFCbE9qRnpVQ1I3S290QVl1VWVzY0V2T2lVVG5WTVBfQkFFdldYQUxvRmNJSmYwbVNVU09vTXl6dGxQOVBUQ3B0UkdKa1lBYk1LNXNUcnNMZG95V24zMExmUDNOUFhqekJaRjBiandPa2J4dmRyVEtYNExLVmlwSXB1WFZhd01oMERCRVhkUUtvcjhidXNob0tEVTlEeGY4MNIB6AFBVV95cUxPZENNdENxLTYzckdwZFA0YTRJcHk5RzlBM0tZWE5mMVlZT0ptTS1QdWRRTng1Mnp3N1hnc1hNdG9sLTlFZXdGOFJ0bjd1c1dyVTFLSVlpY3JwN3JmRVlKRnpfQTkxbzlJamM1Z0hSZmFvSnRWekZmSW5vYlBvVENodzVlb2pkOV9UX21lVFN4ZHg0QmhBNU8wNDFMY1hWT2NTdWlWR1Y2cm5YZGJ6aTdldzlhaUJDTVlkYThLUGJOZFNLd0ZVMFQ2WjdWTngxMlJiSHNMSFBwVm5QSmVaV0ZPaVJJMmxnbHdu?oc=5,https://news.google.com/rss/articles/CBMi4wFBVV95cUxQeWlkdDVadzlRTVlxX1FVYllUOTRVY01KaWlvanJXSk82cktfa0MyOTJuM211RWRCY1kwWklJV3NTOGdndmxBX3BzeEFCbE9qRnpVQ1I3S290QVl1VWVzY0V2T2lVVG5WTVBfQkFFdldYQUxvRmNJSmYwbVNVU09vTXl6dGxQOVBUQ3B0UkdKa1lBYk1LNXNUcnNMZG95V24zMExmUDNOUFhqekJaRjBiandPa2J4dmRyVEtYNExLVmlwSXB1WFZhd01oMERCRVhkUUtvcjhidXNob0tEVTlEeGY4MNIB6AFBVV95cUxPZENNdENxLTYzckdwZFA0YTRJcHk5RzlBM0tZWE5mMVlZT0ptTS1QdWRRTng1Mnp3N1hnc1hNdG9sLTlFZXdGOFJ0bjd1c1dyVTFLSVlpY3JwN3JmRVlKRnpfQTkxbzlJamM1Z0hSZmFvSnRWekZmSW5vYlBvVENodzVlb2pkOV9UX21lVFN4ZHg0QmhBNU8wNDFMY1hWT2NTdWlWR1Y2cm5YZGJ6aTdldzlhaUJDTVlkYThLUGJOZFNLd0ZVMFQ2WjdWTngxMlJiSHNMSFBwVm5QSmVaV0ZPaVJJMmxnbHdu?oc=5
MATCH_UNCERTAIN,MEDIUM,T-956d86e85998,NLC India,"GUVNL Awards 250 MW Phase XI Wind Projects To NLC India Renewables, Juniper Green, Powerica & Cu-Built At INR3.51/kWh - ",Wind,250.0,"record built from a headline, not a tender page; confirm it is a real tender",https://news.google.com/rss/articles/CBMi4wFBVV95cUxQeWlkdDVadzlRTVlxX1FVYllUOTRVY01KaWlvanJXSk82cktfa0MyOTJuM211RWRCY1kwWklJV3NTOGdndmxBX3BzeEFCbE9qRnpVQ1I3S290QVl1VWVzY0V2T2lVVG5WTVBfQkFFdldYQUxvRmNJSmYwbVNVU09vTXl6dGxQOVBUQ3B0UkdKa1lBYk1LNXNUcnNMZG95V24zMExmUDNOUFhqekJaRjBiandPa2J4dmRyVEtYNExLVmlwSXB1WFZhd01oMERCRVhkUUtvcjhidXNob0tEVTlEeGY4MNIB6AFBVV95cUxPZENNdENxLTYzckdwZFA0YTRJcHk5RzlBM0tZWE5mMVlZT0ptTS1QdWRRTng1Mnp3N1hnc1hNdG9sLTlFZXdGOFJ0bjd1c1dyVTFLSVlpY3JwN3JmRVlKRnpfQTkxbzlJamM1Z0hSZmFvSnRWekZmSW5vYlBvVENodzVlb2pkOV9UX21lVFN4ZHg0QmhBNU8wNDFMY1hWT2NTdWlWR1Y2cm5YZGJ6aTdldzlhaUJDTVlkYThLUGJOZFNLd0ZVMFQ2WjdWTngxMlJiSHNMSFBwVm5QSmVaV0ZPaVJJMmxnbHdu?oc=5,https://news.google.com/rss/articles/CBMi4wFBVV95cUxQeWlkdDVadzlRTVlxX1FVYllUOTRVY01KaWlvanJXSk82cktfa0MyOTJuM211RWRCY1kwWklJV3NTOGdndmxBX3BzeEFCbE9qRnpVQ1I3S290QVl1VWVzY0V2T2lVVG5WTVBfQkFFdldYQUxvRmNJSmYwbVNVU09vTXl6dGxQOVBUQ3B0UkdKa1lBYk1LNXNUcnNMZG95V24zMExmUDNOUFhqekJaRjBiandPa2J4dmRyVEtYNExLVmlwSXB1WFZhd01oMERCRVhkUUtvcjhidXNob0tEVTlEeGY4MNIB6AFBVV95cUxPZENNdENxLTYzckdwZFA0YTRJcHk5RzlBM0tZWE5mMVlZT0ptTS1QdWRRTng1Mnp3N1hnc1hNdG9sLTlFZXdGOFJ0bjd1c1dyVTFLSVlpY3JwN3JmRVlKRnpfQTkxbzlJamM1Z0hSZmFvSnRWekZmSW5vYlBvVENodzVlb2pkOV9UX21lVFN4ZHg0QmhBNU8wNDFMY1hWT2NTdWlWR1Y2cm5YZGJ6aTdldzlhaUJDTVlkYThLUGJOZFNLd0ZVMFQ2WjdWTngxMlJiSHNMSFBwVm5QSmVaV0ZPaVJJMmxnbHdu?oc=5
TARIFF_MISSING,MEDIUM,T-760f9f0bf997,NLC India,"NLC, Juniper, Powerica, Cu-Built Win GUVNL’s 250 MW Wind Power Auction - Energetica India Magazine",Wind,250.0,winner known but no tariff; check the award article or agency release,https://news.google.com/rss/articles/CBMipwFBVV95cUxNOFJiYWhUWHl0TTB4Z3VIYnFCNzhUcC13bEpNNTNmUlJENk9hdDR5Z1dzN3EzUnYxQ2ZXYzV6M0t0aFZVSmUwTmR4QmhCM1JXSlNVYlhzcE10NndxNUJwbUpoME5sY2NGXzJpSHp3eUVUNGxaOG1abEh2enNDWHV1YzZna0gwckFCTjJMNGEwNUJOdWo0OWtab2NxVTVERkpMUl81bGtONA?oc=5,https://news.google.com/rss/articles/CBMipwFBVV95cUxNOFJiYWhUWHl0TTB4Z3VIYnFCNzhUcC13bEpNNTNmUlJENk9hdDR5Z1dzN3EzUnYxQ2ZXYzV6M0t0aFZVSmUwTmR4QmhCM1JXSlNVYlhzcE10NndxNUJwbUpoME5sY2NGXzJpSHp3eUVUNGxaOG1abEh2enNDWHV1YzZna0gwckFCTjJMNGEwNUJOdWo0OWtab2NxVTVERkpMUl81bGtONA?oc=5
MATCH_UNCERTAIN,MEDIUM,T-760f9f0bf997,NLC India,"NLC, Juniper, Powerica, Cu-Built Win GUVNL’s 250 MW Wind Power Auction - Energetica India Magazine",Wind,250.0,"record built from a headline, not a tender page; confirm it is a real tender",https://news.google.com/rss/articles/CBMipwFBVV95cUxNOFJiYWhUWHl0TTB4Z3VIYnFCNzhUcC13bEpNNTNmUlJENk9hdDR5Z1dzN3EzUnYxQ2ZXYzV6M0t0aFZVSmUwTmR4QmhCM1JXSlNVYlhzcE10NndxNUJwbUpoME5sY2NGXzJpSHp3eUVUNGxaOG1abEh2enNDWHV1YzZna0gwckFCTjJMNGEwNUJOdWo0OWtab2NxVTVERkpMUl81bGtONA?oc=5,https://news.google.com/rss/articles/CBMipwFBVV95cUxNOFJiYWhUWHl0TTB4Z3VIYnFCNzhUcC13bEpNNTNmUlJENk9hdDR5Z1dzN3EzUnYxQ2ZXYzV6M0t0aFZVSmUwTmR4QmhCM1JXSlNVYlhzcE10NndxNUJwbUpoME5sY2NGXzJpSHp3eUVUNGxaOG1abEh2enNDWHV1YzZna0gwckFCTjJMNGEwNUJOdWo0OWtab2NxVTVERkpMUl81bGtONA?oc=5
TARIFF_MISSING,MEDIUM,T-37b17d1a1f46,NLC India,NLC India Awards 250 MW/500 MWh BESS EPC Contract To Pace Digitek In Tamil Nadu - SolarQuarter,Solar + Storage,250.0,winner known but no tariff; check the award article or agency release,https://news.google.com/rss/articles/CBMitwFBVV95cUxNXzRiRGMxajZPcERfdTlrRzlSdUg2QVhzekxkeE50MzhtdG1sZXE3RkdUWk1HTlVybmVJLXBkWlBLLWxuZlZDNE1JSU5mb2xaVUJsZjFkR0pxMkhyVmxWYkFZNmVrU01OS2s1THB3YklNazhLajVZd2N4T0JCWWZCMG5odGU2ZW1lX2c0SjRvLWdvblE1SHlsZWNTYWFhMUd3OTdXYVBncUVXSWM5dHZXWEhDRmVoM0k?oc=5,https://news.google.com/rss/articles/CBMitwFBVV95cUxNXzRiRGMxajZPcERfdTlrRzlSdUg2QVhzekxkeE50MzhtdG1sZXE3RkdUWk1HTlVybmVJLXBkWlBLLWxuZlZDNE1JSU5mb2xaVUJsZjFkR0pxMkhyVmxWYkFZNmVrU01OS2s1THB3YklNazhLajVZd2N4T0JCWWZCMG5odGU2ZW1lX2c0SjRvLWdvblE1SHlsZWNTYWFhMUd3OTdXYVBncUVXSWM5dHZXWEhDRmVoM0k?oc=5
MATCH_UNCERTAIN,MEDIUM,T-37b17d1a1f46,NLC India,NLC India Awards 250 MW/500 MWh BESS EPC Contract To Pace Digitek In Tamil Nadu - SolarQuarter,Solar + Storage,250.0,"record built from a headline, not a tender page; confirm it is a real tender",https://news.google.com/rss/articles/CBMitwFBVV95cUxNXzRiRGMxajZPcERfdTlrRzlSdUg2QVhzekxkeE50MzhtdG1sZXE3RkdUWk1HTlVybmVJLXBkWlBLLWxuZlZDNE1JSU5mb2xaVUJsZjFkR0pxMkhyVmxWYkFZNmVrU01OS2s1THB3YklNazhLajVZd2N4T0JCWWZCMG5odGU2ZW1lX2c0SjRvLWdvblE1SHlsZWNTYWFhMUd3OTdXYVBncUVXSWM5dHZXWEhDRmVoM0k?oc=5,https://news.google.com/rss/articles/CBMitwFBVV95cUxNXzRiRGMxajZPcERfdTlrRzlSdUg2QVhzekxkeE50MzhtdG1sZXE3RkdUWk1HTlVybmVJLXBkWlBLLWxuZlZDNE1JSU5mb2xaVUJsZjFkR0pxMkhyVmxWYkFZNmVrU01OS2s1THB3YklNazhLajVZd2N4T0JCWWZCMG5odGU2ZW1lX2c0SjRvLWdvblE1SHlsZWNTYWFhMUd3OTdXYVBncUVXSWM5dHZXWEhDRmVoM0k?oc=5
TARIFF_MISSING,MEDIUM,T-b5f86f00d1d1,NVVN,"Sunsure Energy and EnerGrid Win NVVN’s 250 MW/1,000 MWh BESS Auction - Energetica India Magazine",Energy Storage (BESS),250.0,winner known but no tariff; check the award article or agency release,https://news.google.com/rss/articles/CBMipwFBVV95cUxQWkVhZDdsd3M1MllmTDZDd3ZXWmpEelJyakxVQlptZXN1VzNKQ2NXekRudnpHYmVBZHNrck8tU2ZrbXc1cWdyaGYxTUdUSHFuQmgydkY2VlFUU0FHMnd2a0FyRDQ5QnlLWlFsNVVXOFhUc0ZBdXFkTWVwYWpuVXQxSTJCNkFDZUw3eDk1TTZfbEx6NW9mUjVIdUpLTHlzYnpja3Y3MTJuRQ?oc=5,https://news.google.com/rss/articles/CBMipwFBVV95cUxQWkVhZDdsd3M1MllmTDZDd3ZXWmpEelJyakxVQlptZXN1VzNKQ2NXekRudnpHYmVBZHNrck8tU2ZrbXc1cWdyaGYxTUdUSHFuQmgydkY2VlFUU0FHMnd2a0FyRDQ5QnlLWlFsNVVXOFhUc0ZBdXFkTWVwYWpuVXQxSTJCNkFDZUw3eDk1TTZfbEx6NW9mUjVIdUpLTHlzYnpja3Y3MTJuRQ?oc=5
MATCH_UNCERTAIN,MEDIUM,T-b5f86f00d1d1,NVVN,"Sunsure Energy and EnerGrid Win NVVN’s 250 MW/1,000 MWh BESS Auction - Energetica India Magazine",Energy Storage (BESS),250.0,"record built from a headline, not a tender page; confirm it is a real tender",https://news.google.com/rss/articles/CBMipwFBVV95cUxQWkVhZDdsd3M1MllmTDZDd3ZXWmpEelJyakxVQlptZXN1VzNKQ2NXekRudnpHYmVBZHNrck8tU2ZrbXc1cWdyaGYxTUdUSHFuQmgydkY2VlFUU0FHMnd2a0FyRDQ5QnlLWlFsNVVXOFhUc0ZBdXFkTWVwYWpuVXQxSTJCNkFDZUw3eDk1TTZfbEx6NW9mUjVIdUpLTHlzYnpja3Y3MTJuRQ?oc=5,https://news.google.com/rss/articles/CBMipwFBVV95cUxQWkVhZDdsd3M1MllmTDZDd3ZXWmpEelJyakxVQlptZXN1VzNKQ2NXekRudnpHYmVBZHNrck8tU2ZrbXc1cWdyaGYxTUdUSHFuQmgydkY2VlFUU0FHMnd2a0FyRDQ5QnlLWlFsNVVXOFhUc0ZBdXFkTWVwYWpuVXQxSTJCNkFDZUw3eDk1TTZfbEx6NW9mUjVIdUpLTHlzYnpja3Y3MTJuRQ?oc=5
TARIFF_MISSING,MEDIUM,T-ed8a197bf7c0,NVVN,"Tender Result: Sunsure, EnerGrid Win NVVN’s 250 MW/1,000 MWh BESS Project - Saur Energy",Energy Storage (BESS),250.0,winner known but no tariff; check the award article or agency release,https://news.google.com/rss/articles/CBMiqwFBVV95cUxPSUc2NFlYeXFIcXBXZzR3M3hLbVFLRzFmM1NUZFJaWHVDeVFRc3hSbkdsREQzYXVyZ0pBN0NDdGdGbnVvMWlaNnE3Nkd2YllFNDlKUVZ3Yzdyd0lWTlhyaXhJSTZBTHRZUDg0amtObzF4NVFDOF92SFhTZjZFYjBLT2pSX1N4N0MxZ1FYeVRqbml1SUVXX2NXTVgxa0xpaUNBa1NMRE44aEJVczQ?oc=5,https://news.google.com/rss/articles/CBMiqwFBVV95cUxPSUc2NFlYeXFIcXBXZzR3M3hLbVFLRzFmM1NUZFJaWHVDeVFRc3hSbkdsREQzYXVyZ0pBN0NDdGdGbnVvMWlaNnE3Nkd2YllFNDlKUVZ3Yzdyd0lWTlhyaXhJSTZBTHRZUDg0amtObzF4NVFDOF92SFhTZjZFYjBLT2pSX1N4N0MxZ1FYeVRqbml1SUVXX2NXTVgxa0xpaUNBa1NMRE44aEJVczQ?oc=5
MATCH_UNCERTAIN,MEDIUM,T-ed8a197bf7c0,NVVN,"Tender Result: Sunsure, EnerGrid Win NVVN’s 250 MW/1,000 MWh BESS Project - Saur Energy",Energy Storage (BESS),250.0,"record built from a headline, not a tender page; confirm it is a real tender",https://news.google.com/rss/articles/CBMiqwFBVV95cUxPSUc2NFlYeXFIcXBXZzR3M3hLbVFLRzFmM1NUZFJaWHVDeVFRc3hSbkdsREQzYXVyZ0pBN0NDdGdGbnVvMWlaNnE3Nkd2YllFNDlKUVZ3Yzdyd0lWTlhyaXhJSTZBTHRZUDg0amtObzF4NVFDOF92SFhTZjZFYjBLT2pSX1N4N0MxZ1FYeVRqbml1SUVXX2NXTVgxa0xpaUNBa1NMRE44aEJVczQ?oc=5,https://news.google.com/rss/articles/CBMiqwFBVV95cUxPSUc2NFlYeXFIcXBXZzR3M3hLbVFLRzFmM1NUZFJaWHVDeVFRc3hSbkdsREQzYXVyZ0pBN0NDdGdGbnVvMWlaNnE3Nkd2YllFNDlKUVZ3Yzdyd0lWTlhyaXhJSTZBTHRZUDg0amtObzF4NVFDOF92SFhTZjZFYjBLT2pSX1N4N0MxZ1FYeVRqbml1SUVXX2NXTVgxa0xpaUNBa1NMRE44aEJVczQ?oc=5
TARIFF_MISSING,MEDIUM,T-62c2fe187de2,SECI,Juniper Green Energy Wins 230 MW in SECI’s 1 GW FDRE Round-the-Clock Renewable Energy Tender - SolarQuarter,Unclassified,230.0,winner known but no tariff; check the award article or agency release,https://news.google.com/rss/articles/CBMixwFBVV95cUxQQnBqS1NBUmJsR1lGMVUyZDdudkc1Z1RIc0ZlNW5iXzRqSEs1Skh2amlKZXhBZ05oMFFsTnhHMXYyQ3ZNcFZWdS1sSWUtczZXR0U5MjhDQkZveTk0UjJrdkltSDhFOE02T3ZuTWVmLWI4aDdMNUl5NGl1T00tN2Y0YTZkNWFkOUZGTEpLNDFUdFEwM3FBUUE4dmhjaVJNcHNDX3RwRl9CaERuR25tMDVBRFFsSXF1T0ZOWmM0ejd6aTZFUXdBY0hr?oc=5,https://news.google.com/rss/articles/CBMixwFBVV95cUxQQnBqS1NBUmJsR1lGMVUyZDdudkc1Z1RIc0ZlNW5iXzRqSEs1Skh2amlKZXhBZ05oMFFsTnhHMXYyQ3ZNcFZWdS1sSWUtczZXR0U5MjhDQkZveTk0UjJrdkltSDhFOE02T3ZuTWVmLWI4aDdMNUl5NGl1T00tN2Y0YTZkNWFkOUZGTEpLNDFUdFEwM3FBUUE4dmhjaVJNcHNDX3RwRl9CaERuR25tMDVBRFFsSXF1T0ZOWmM0ejd6aTZFUXdBY0hr?oc=5
MATCH_UNCERTAIN,MEDIUM,T-62c2fe187de2,SECI,Juniper Green Energy Wins 230 MW in SECI’s 1 GW FDRE Round-the-Clock Renewable Energy Tender - SolarQuarter,Unclassified,230.0,"record built from a headline, not a tender page; confirm it is a real tender",https://news.google.com/rss/articles/CBMixwFBVV95cUxQQnBqS1NBUmJsR1lGMVUyZDdudkc1Z1RIc0ZlNW5iXzRqSEs1Skh2amlKZXhBZ05oMFFsTnhHMXYyQ3ZNcFZWdS1sSWUtczZXR0U5MjhDQkZveTk0UjJrdkltSDhFOE02T3ZuTWVmLWI4aDdMNUl5NGl1T00tN2Y0YTZkNWFkOUZGTEpLNDFUdFEwM3FBUUE4dmhjaVJNcHNDX3RwRl9CaERuR25tMDVBRFFsSXF1T0ZOWmM0ejd6aTZFUXdBY0hr?oc=5,https://news.google.com/rss/articles/CBMixwFBVV95cUxQQnBqS1NBUmJsR1lGMVUyZDdudkc1Z1RIc0ZlNW5iXzRqSEs1Skh2amlKZXhBZ05oMFFsTnhHMXYyQ3ZNcFZWdS1sSWUtczZXR0U5MjhDQkZveTk0UjJrdkltSDhFOE02T3ZuTWVmLWI4aDdMNUl5NGl1T00tN2Y0YTZkNWFkOUZGTEpLNDFUdFEwM3FBUUE4dmhjaVJNcHNDX3RwRl9CaERuR25tMDVBRFFsSXF1T0ZOWmM0ejd6aTZFUXdBY0hr?oc=5
TARIFF_MISSING,MEDIUM,T-08873d53680b,NTPC,NTPC Green Energy Wins 200 MW/800 MWh BESS Project In West Bengal - SolarQuarter,Solar + Storage,200.0,winner known but no tariff; check the award article or agency release,https://news.google.com/rss/articles/CBMipAFBVV95cUxOQU5ndnpsQVBDeWZlZ1UtNEpZR3lnakRxMU1IcF91b29BUE9CbHlCbklUeWtxQUhrdVpmS2RVSkxkYnBtUmVFWUpsRkZRMGdzU0JOZUROSFFiSFBkQ1NBMG5mMzVob1p0RlQzZWpjY3BiMEdmVlphMHhhaHR1WVllQXlaN2tDM0NlWGZWWFZrMllYTm5YdDlYbThqY3FoZWxNZ3B1TQ?oc=5,https://news.google.com/rss/articles/CBMipAFBVV95cUxOQU5ndnpsQVBDeWZlZ1UtNEpZR3lnakRxMU1IcF91b29BUE9CbHlCbklUeWtxQUhrdVpmS2RVSkxkYnBtUmVFWUpsRkZRMGdzU0JOZUROSFFiSFBkQ1NBMG5mMzVob1p0RlQzZWpjY3BiMEdmVlphMHhhaHR1WVllQXlaN2tDM0NlWGZWWFZrMllYTm5YdDlYbThqY3FoZWxNZ3B1TQ?oc=5
MATCH_UNCERTAIN,MEDIUM,T-08873d53680b,NTPC,NTPC Green Energy Wins 200 MW/800 MWh BESS Project In West Bengal - SolarQuarter,Solar + Storage,200.0,"record built from a headline, not a tender page; confirm it is a real tender",https://news.google.com/rss/articles/CBMipAFBVV95cUxOQU5ndnpsQVBDeWZlZ1UtNEpZR3lnakRxMU1IcF91b29BUE9CbHlCbklUeWtxQUhrdVpmS2RVSkxkYnBtUmVFWUpsRkZRMGdzU0JOZUROSFFiSFBkQ1NBMG5mMzVob1p0RlQzZWpjY3BiMEdmVlphMHhhaHR1WVllQXlaN2tDM0NlWGZWWFZrMllYTm5YdDlYbThqY3FoZWxNZ3B1TQ?oc=5,https://news.google.com/rss/articles/CBMipAFBVV95cUxOQU5ndnpsQVBDeWZlZ1UtNEpZR3lnakRxMU1IcF91b29BUE9CbHlCbklUeWtxQUhrdVpmS2RVSkxkYnBtUmVFWUpsRkZRMGdzU0JOZUROSFFiSFBkQ1NBMG5mMzVob1p0RlQzZWpjY3BiMEdmVlphMHhhaHR1WVllQXlaN2tDM0NlWGZWWFZrMllYTm5YdDlYbThqY3FoZWxNZ3B1TQ?oc=5
TARIFF_MISSING,MEDIUM,T-f504d9c8dc54,SECI,EQT-backed Resolven bags 200 MW SECI wind project in Karnataka - ET EnergyWorld,Wind,200.0,winner known but no tariff; check the award article or agency release,https://news.google.com/rss/articles/CBMixgFBVV95cUxQazJDclZRMlZONk5YQ3EzUVVpYWNMbEVGWThWbVhoUVozdHFuSkVnZlgwSlNZbURmTjkxNEFwbVRNV0VnbnJ6VnktOHAtOFFob3NLT20zMGJyQm9zQkRScEJaeGNzYnJ2T0lFMUhLTEhISmxfZkg1NHBoS0VPTWdCdG9xbEtvT2VJWDNlS1g2MTNJU3h0dHBoRXVPRFgwTnk5NnliUXlVWl9IaGxvdU1yX25McHhIQ0dKOTN2dlpzSDVTNjE2aEHSAcsBQVVfeXFMTXhXUk1rb3Z3WE5XWGdZbjVTMlVfckQ5Nmxfcld1MDZhLTJwRmtTMlFBSm94ai1jbEczT1Myam44d1hmcWwxa2VlSWoydERuYW81dUs3eEZKOEkyWGNoY1lKT0lZQlJFNnRnNXlBSzJYMklTaEg2a0JraVQ1R1RUUUQyX21WYWgtZUpkTXVjS3d3YnFzNVI5dGtocnZobmxCWGIxS2dDcGs3T1B5Z1hMNDJXVDB1TmlORmZKakNoTmpBVGUxc1p3MUpHT3c?oc=5,https://news.google.com/rss/articles/CBMixgFBVV95cUxQazJDclZRMlZONk5YQ3EzUVVpYWNMbEVGWThWbVhoUVozdHFuSkVnZlgwSlNZbURmTjkxNEFwbVRNV0VnbnJ6VnktOHAtOFFob3NLT20zMGJyQm9zQkRScEJaeGNzYnJ2T0lFMUhLTEhISmxfZkg1NHBoS0VPTWdCdG9xbEtvT2VJWDNlS1g2MTNJU3h0dHBoRXVPRFgwTnk5NnliUXlVWl9IaGxvdU1yX25McHhIQ0dKOTN2dlpzSDVTNjE2aEHSAcsBQVVfeXFMTXhXUk1rb3Z3WE5XWGdZbjVTMlVfckQ5Nmxfcld1MDZhLTJwRmtTMlFBSm94ai1jbEczT1Myam44d1hmcWwxa2VlSWoydERuYW81dUs3eEZKOEkyWGNoY1lKT0lZQlJFNnRnNXlBSzJYMklTaEg2a0JraVQ1R1RUUUQyX21WYWgtZUpkTXVjS3d3YnFzNVI5dGtocnZobmxCWGIxS2dDcGs3T1B5Z1hMNDJXVDB1TmlORmZKakNoTmpBVGUxc1p3MUpHT3c?oc=5
MATCH_UNCERTAIN,MEDIUM,T-f504d9c8dc54,SECI,EQT-backed Resolven bags 200 MW SECI wind project in Karnataka - ET EnergyWorld,Wind,200.0,"record built from a headline, not a tender page; confirm it is a real tender",https://news.google.com/rss/articles/CBMixgFBVV95cUxQazJDclZRMlZONk5YQ3EzUVVpYWNMbEVGWThWbVhoUVozdHFuSkVnZlgwSlNZbURmTjkxNEFwbVRNV0VnbnJ6VnktOHAtOFFob3NLT20zMGJyQm9zQkRScEJaeGNzYnJ2T0lFMUhLTEhISmxfZkg1NHBoS0VPTWdCdG9xbEtvT2VJWDNlS1g2MTNJU3h0dHBoRXVPRFgwTnk5NnliUXlVWl9IaGxvdU1yX25McHhIQ0dKOTN2dlpzSDVTNjE2aEHSAcsBQVVfeXFMTXhXUk1rb3Z3WE5XWGdZbjVTMlVfckQ5Nmxfcld1MDZhLTJwRmtTMlFBSm94ai1jbEczT1Myam44d1hmcWwxa2VlSWoydERuYW81dUs3eEZKOEkyWGNoY1lKT0lZQlJFNnRnNXlBSzJYMklTaEg2a0JraVQ1R1RUUUQyX21WYWgtZUpkTXVjS3d3YnFzNVI5dGtocnZobmxCWGIxS2dDcGs3T1B5Z1hMNDJXVDB1TmlORmZKakNoTmpBVGUxc1p3MUpHT3c?oc=5,https://news.google.com/rss/articles/CBMixgFBVV95cUxQazJDclZRMlZONk5YQ3EzUVVpYWNMbEVGWThWbVhoUVozdHFuSkVnZlgwSlNZbURmTjkxNEFwbVRNV0VnbnJ6VnktOHAtOFFob3NLT20zMGJyQm9zQkRScEJaeGNzYnJ2T0lFMUhLTEhISmxfZkg1NHBoS0VPTWdCdG9xbEtvT2VJWDNlS1g2MTNJU3h0dHBoRXVPRFgwTnk5NnliUXlVWl9IaGxvdU1yX25McHhIQ0dKOTN2dlpzSDVTNjE2aEHSAcsBQVVfeXFMTXhXUk1rb3Z3WE5XWGdZbjVTMlVfckQ5Nmxfcld1MDZhLTJwRmtTMlFBSm94ai1jbEczT1Myam44d1hmcWwxa2VlSWoydERuYW81dUs3eEZKOEkyWGNoY1lKT0lZQlJFNnRnNXlBSzJYMklTaEg2a0JraVQ1R1RUUUQyX21WYWgtZUpkTXVjS3d3YnFzNVI5dGtocnZobmxCWGIxS2dDcGs3T1B5Z1hMNDJXVDB1TmlORmZKakNoTmpBVGUxc1p3MUpHT3c?oc=5
TARIFF_MISSING,MEDIUM,T-cc515c96331c,SECI,Resolven wins 200 MW SECI wind project in Karnataka - Manufacturing Today India,Wind,200.0,winner known but no tariff; check the award article or agency release,https://news.google.com/rss/articles/CBMic0FVX3lxTFBzZy1YekltdTFLSWZKck9TYkNBdExkRmYzakg1c2dJVWhmQmRRRXlSZ01OcThqZE5vcmpjOHQ0QkstdnJ0MzNFLXIta0hzaFcwVDFibDRBcnJyRmtpNmVXZzRJR1FHZFRfTzlZaXdGamswM0U?oc=5,https://news.google.com/rss/articles/CBMic0FVX3lxTFBzZy1YekltdTFLSWZKck9TYkNBdExkRmYzakg1c2dJVWhmQmRRRXlSZ01OcThqZE5vcmpjOHQ0QkstdnJ0MzNFLXIta0hzaFcwVDFibDRBcnJyRmtpNmVXZzRJR1FHZFRfTzlZaXdGamswM0U?oc=5
MATCH_UNCERTAIN,MEDIUM,T-cc515c96331c,SECI,Resolven wins 200 MW SECI wind project in Karnataka - Manufacturing Today India,Wind,200.0,"record built from a headline, not a tender page; confirm it is a real tender",https://news.google.com/rss/articles/CBMic0FVX3lxTFBzZy1YekltdTFLSWZKck9TYkNBdExkRmYzakg1c2dJVWhmQmRRRXlSZ01OcThqZE5vcmpjOHQ0QkstdnJ0MzNFLXIta0hzaFcwVDFibDRBcnJyRmtpNmVXZzRJR1FHZFRfTzlZaXdGamswM0U?oc=5,https://news.google.com/rss/articles/CBMic0FVX3lxTFBzZy1YekltdTFLSWZKck9TYkNBdExkRmYzakg1c2dJVWhmQmRRRXlSZ01OcThqZE5vcmpjOHQ0QkstdnJ0MzNFLXIta0hzaFcwVDFibDRBcnJyRmtpNmVXZzRJR1FHZFRfTzlZaXdGamswM0U?oc=5
TARIFF_MISSING,MEDIUM,T-dbef980519c3,MPPMCL,Ayana Renewable Power Wins 193 MW in MPPMCL's 800 MW Wind Power Auction - energetica-india.net,Wind,193.0,winner known but no tariff; check the award article or agency release,https://news.google.com/rss/articles/CBMirAFBVV95cUxNdVVydDVCWFNad1U5LVZWbEladm51YVptMlBHMFhjN3NRWmJ1R0NVLVRaT0VSeUZKLWMtMlYyNFYtaVZ4U2lNVldCVWRBVmEzVXo1WHRUR21td2VTTHFDMEJWTUh1OWR6eFRndHJ0bHZMMjdac1FHdTFKYlBhNzVlYWg2UFE5R3hWN1hFNTQtYXVBN0EtbHM0Q2x2OVl4RWRnNzRTQnlGNXZ4ZlFm?oc=5,https://news.google.com/rss/articles/CBMirAFBVV95cUxNdVVydDVCWFNad1U5LVZWbEladm51YVptMlBHMFhjN3NRWmJ1R0NVLVRaT0VSeUZKLWMtMlYyNFYtaVZ4U2lNVldCVWRBVmEzVXo1WHRUR21td2VTTHFDMEJWTUh1OWR6eFRndHJ0bHZMMjdac1FHdTFKYlBhNzVlYWg2UFE5R3hWN1hFNTQtYXVBN0EtbHM0Q2x2OVl4RWRnNzRTQnlGNXZ4ZlFm?oc=5
MATCH_UNCERTAIN,MEDIUM,T-dbef980519c3,MPPMCL,Ayana Renewable Power Wins 193 MW in MPPMCL's 800 MW Wind Power Auction - energetica-india.net,Wind,193.0,"record built from a headline, not a tender page; confirm it is a real tender",https://news.google.com/rss/articles/CBMirAFBVV95cUxNdVVydDVCWFNad1U5LVZWbEladm51YVptMlBHMFhjN3NRWmJ1R0NVLVRaT0VSeUZKLWMtMlYyNFYtaVZ4U2lNVldCVWRBVmEzVXo1WHRUR21td2VTTHFDMEJWTUh1OWR6eFRndHJ0bHZMMjdac1FHdTFKYlBhNzVlYWg2UFE5R3hWN1hFNTQtYXVBN0EtbHM0Q2x2OVl4RWRnNzRTQnlGNXZ4ZlFm?oc=5,https://news.google.com/rss/articles/CBMirAFBVV95cUxNdVVydDVCWFNad1U5LVZWbEladm51YVptMlBHMFhjN3NRWmJ1R0NVLVRaT0VSeUZKLWMtMlYyNFYtaVZ4U2lNVldCVWRBVmEzVXo1WHRUR21td2VTTHFDMEJWTUh1OWR6eFRndHJ0bHZMMjdac1FHdTFKYlBhNzVlYWg2UFE5R3hWN1hFNTQtYXVBN0EtbHM0Q2x2OVl4RWRnNzRTQnlGNXZ4ZlFm?oc=5
TARIFF_MISSING,MEDIUM,T-5b49e0adb96b,SECI,BC Jindal Wins 150 MW Round-the-Clock Renewable Power Contract from SECI - Saur Energy,Unclassified,150.0,winner known but no tariff; check the award article or agency release,https://news.google.com/rss/articles/CBMixAFBVV95cUxNZlhzX0h3ajJHU3FqaW9rOG41TkxoRFNVRFoweUVYRDNXQWhUY0tUM2lDcmdBd2FGTmhQNDV6WHE2QS1FaXBLNHVSUXZ0b0FpRVFnUXBJWUpZX1k1MkIzd1JrQ2VPR2p3QU9rT2s2UEdZWHpkWTR6T0x5cG5ManY1NVR6RE9rNDNJeTNnaEhmZHEyOWU5YmRoSnpsX3JvQllqZnVodW8wRFc5TUVFR01PaUNIZlhjVTF4VG4wM19OZEpBOGFl?oc=5,https://news.google.com/rss/articles/CBMixAFBVV95cUxNZlhzX0h3ajJHU3FqaW9rOG41TkxoRFNVRFoweUVYRDNXQWhUY0tUM2lDcmdBd2FGTmhQNDV6WHE2QS1FaXBLNHVSUXZ0b0FpRVFnUXBJWUpZX1k1MkIzd1JrQ2VPR2p3QU9rT2s2UEdZWHpkWTR6T0x5cG5ManY1NVR6RE9rNDNJeTNnaEhmZHEyOWU5YmRoSnpsX3JvQllqZnVodW8wRFc5TUVFR01PaUNIZlhjVTF4VG4wM19OZEpBOGFl?oc=5
MATCH_UNCERTAIN,MEDIUM,T-5b49e0adb96b,SECI,BC Jindal Wins 150 MW Round-the-Clock Renewable Power Contract from SECI - Saur Energy,Unclassified,150.0,"record built from a headline, not a tender page; confirm it is a real tender",https://news.google.com/rss/articles/CBMixAFBVV95cUxNZlhzX0h3ajJHU3FqaW9rOG41TkxoRFNVRFoweUVYRDNXQWhUY0tUM2lDcmdBd2FGTmhQNDV6WHE2QS1FaXBLNHVSUXZ0b0FpRVFnUXBJWUpZX1k1MkIzd1JrQ2VPR2p3QU9rT2s2UEdZWHpkWTR6T0x5cG5ManY1NVR6RE9rNDNJeTNnaEhmZHEyOWU5YmRoSnpsX3JvQllqZnVodW8wRFc5TUVFR01PaUNIZlhjVTF4VG4wM19OZEpBOGFl?oc=5,https://news.google.com/rss/articles/CBMixAFBVV95cUxNZlhzX0h3ajJHU3FqaW9rOG41TkxoRFNVRFoweUVYRDNXQWhUY0tUM2lDcmdBd2FGTmhQNDV6WHE2QS1FaXBLNHVSUXZ0b0FpRVFnUXBJWUpZX1k1MkIzd1JrQ2VPR2p3QU9rT2s2UEdZWHpkWTR6T0x5cG5ManY1NVR6RE9rNDNJeTNnaEhmZHEyOWU5YmRoSnpsX3JvQllqZnVodW8wRFc5TUVFR01PaUNIZlhjVTF4VG4wM19OZEpBOGFl?oc=5
TARIFF_MISSING,MEDIUM,T-01025727d20d,SJVN,Sembcorp Wins 150 MW FDRE Project from SJVN - Energetica India Magazine,Unclassified,150.0,winner known but no tariff; check the award article or agency release,https://news.google.com/rss/articles/CBMiiAFBVV95cUxPcjNkMWdPTGgwRi05TnF3UmU4ZVQ2blZuRHFVWkRQUDVqTkJwWDExTHlBVzhvOExMa1FQX1V4NUJlZzdTUEc2dmFDZ2FHQmFIeTZaTkJBMkY0ZTFZOWRBT2tlTi1lalBIS05TNFZ4RTdCVDRQclpzOFpETlFhdW1uNzNtU1pNT3NH?oc=5,https://news.google.com/rss/articles/CBMiiAFBVV95cUxPcjNkMWdPTGgwRi05TnF3UmU4ZVQ2blZuRHFVWkRQUDVqTkJwWDExTHlBVzhvOExMa1FQX1V4NUJlZzdTUEc2dmFDZ2FHQmFIeTZaTkJBMkY0ZTFZOWRBT2tlTi1lalBIS05TNFZ4RTdCVDRQclpzOFpETlFhdW1uNzNtU1pNT3NH?oc=5
MATCH_UNCERTAIN,MEDIUM,T-01025727d20d,SJVN,Sembcorp Wins 150 MW FDRE Project from SJVN - Energetica India Magazine,Unclassified,150.0,"record built from a headline, not a tender page; confirm it is a real tender",https://news.google.com/rss/articles/CBMiiAFBVV95cUxPcjNkMWdPTGgwRi05TnF3UmU4ZVQ2blZuRHFVWkRQUDVqTkJwWDExTHlBVzhvOExMa1FQX1V4NUJlZzdTUEc2dmFDZ2FHQmFIeTZaTkJBMkY0ZTFZOWRBT2tlTi1lalBIS05TNFZ4RTdCVDRQclpzOFpETlFhdW1uNzNtU1pNT3NH?oc=5,https://news.google.com/rss/articles/CBMiiAFBVV95cUxPcjNkMWdPTGgwRi05TnF3UmU4ZVQ2blZuRHFVWkRQUDVqTkJwWDExTHlBVzhvOExMa1FQX1V4NUJlZzdTUEc2dmFDZ2FHQmFIeTZaTkJBMkY0ZTFZOWRBT2tlTi1lalBIS05TNFZ4RTdCVDRQclpzOFpETlFhdW1uNzNtU1pNT3NH?oc=5
TARIFF_MISSING,MEDIUM,T-2d18ce3f4793,SJVN,Sembcorp secures 150 MW firm renewable project from SJVN - ET EnergyWorld,Unclassified,150.0,winner known but no tariff; check the award article or agency release,https://news.google.com/rss/articles/CBMiwwFBVV95cUxOVGxhWWFJUU9oSmJjMHU3eVdaQl9jMEpWWUxHRHdwbS03amRUc3QyMURkcUFobjNIWW13VG1mWnhuam9PeUl2TVJMU080V0pKc2x2S0ZNODJDaUNmazgxOWItdUgtaENvc3NmbVZXUlpaa2xFRHJqa01CbnlGYTBBYnpkX3J0NE42OUtoWU9oeGdDRGRFbS0tU3hCeGE1WTN0YjV4OVRSLWM1RVhkMktBN2puclV6c1FaN1FPSFRjTDdkd3fSAcgBQVVfeXFMUHlFLXg0cUtiV2Y4QmlQdFN4dlkxdkNoS0JTeEtwUm13SkdFZGZGZV9HaklzWDNiLTAtVUEyak52cWRiVWJ4Q0FPUDYzbl9xQk05d2NCQV94S0tPaG1KZkU3d1VEcFk0bVBnaC1lZXZ3WVZyQ0d2aEF6YU5xNUN1VmhtTUVkdllDMWJzVkd1cF9TZUN0cTBJb3VTZ1dVLWhjOFN3VDZVaURwb2dVM2NJcnZKT0tvSDRVZ1dPMlhjMDFpLXhhTTF5T1A?oc=5,https://news.google.com/rss/articles/CBMiwwFBVV95cUxOVGxhWWFJUU9oSmJjMHU3eVdaQl9jMEpWWUxHRHdwbS03amRUc3QyMURkcUFobjNIWW13VG1mWnhuam9PeUl2TVJMU080V0pKc2x2S0ZNODJDaUNmazgxOWItdUgtaENvc3NmbVZXUlpaa2xFRHJqa01CbnlGYTBBYnpkX3J0NE42OUtoWU9oeGdDRGRFbS0tU3hCeGE1WTN0YjV4OVRSLWM1RVhkMktBN2puclV6c1FaN1FPSFRjTDdkd3fSAcgBQVVfeXFMUHlFLXg0cUtiV2Y4QmlQdFN4dlkxdkNoS0JTeEtwUm13SkdFZGZGZV9HaklzWDNiLTAtVUEyak52cWRiVWJ4Q0FPUDYzbl9xQk05d2NCQV94S0tPaG1KZkU3d1VEcFk0bVBnaC1lZXZ3WVZyQ0d2aEF6YU5xNUN1VmhtTUVkdllDMWJzVkd1cF9TZUN0cTBJb3VTZ1dVLWhjOFN3VDZVaURwb2dVM2NJcnZKT0tvSDRVZ1dPMlhjMDFpLXhhTTF5T1A?oc=5
MATCH_UNCERTAIN,MEDIUM,T-2d18ce3f4793,SJVN,Sembcorp secures 150 MW firm renewable project from SJVN - ET EnergyWorld,Unclassified,150.0,"record built from a headline, not a tender page; confirm it is a real tender",https://news.google.com/rss/articles/CBMiwwFBVV95cUxOVGxhWWFJUU9oSmJjMHU3eVdaQl9jMEpWWUxHRHdwbS03amRUc3QyMURkcUFobjNIWW13VG1mWnhuam9PeUl2TVJMU080V0pKc2x2S0ZNODJDaUNmazgxOWItdUgtaENvc3NmbVZXUlpaa2xFRHJqa01CbnlGYTBBYnpkX3J0NE42OUtoWU9oeGdDRGRFbS0tU3hCeGE1WTN0YjV4OVRSLWM1RVhkMktBN2puclV6c1FaN1FPSFRjTDdkd3fSAcgBQVVfeXFMUHlFLXg0cUtiV2Y4QmlQdFN4dlkxdkNoS0JTeEtwUm13SkdFZGZGZV9HaklzWDNiLTAtVUEyak52cWRiVWJ4Q0FPUDYzbl9xQk05d2NCQV94S0tPaG1KZkU3d1VEcFk0bVBnaC1lZXZ3WVZyQ0d2aEF6YU5xNUN1VmhtTUVkdllDMWJzVkd1cF9TZUN0cTBJb3VTZ1dVLWhjOFN3VDZVaURwb2dVM2NJcnZKT0tvSDRVZ1dPMlhjMDFpLXhhTTF5T1A?oc=5,https://news.google.com/rss/articles/CBMiwwFBVV95cUxOVGxhWWFJUU9oSmJjMHU3eVdaQl9jMEpWWUxHRHdwbS03amRUc3QyMURkcUFobjNIWW13VG1mWnhuam9PeUl2TVJMU080V0pKc2x2S0ZNODJDaUNmazgxOWItdUgtaENvc3NmbVZXUlpaa2xFRHJqa01CbnlGYTBBYnpkX3J0NE42OUtoWU9oeGdDRGRFbS0tU3hCeGE1WTN0YjV4OVRSLWM1RVhkMktBN2puclV6c1FaN1FPSFRjTDdkd3fSAcgBQVVfeXFMUHlFLXg0cUtiV2Y4QmlQdFN4dlkxdkNoS0JTeEtwUm13SkdFZGZGZV9HaklzWDNiLTAtVUEyak52cWRiVWJ4Q0FPUDYzbl9xQk05d2NCQV94S0tPaG1KZkU3d1VEcFk0bVBnaC1lZXZ3WVZyQ0d2aEF6YU5xNUN1VmhtTUVkdllDMWJzVkd1cF9TZUN0cTBJb3VTZ1dVLWhjOFN3VDZVaURwb2dVM2NJcnZKT0tvSDRVZ1dPMlhjMDFpLXhhTTF5T1A?oc=5
TARIFF_MISSING,MEDIUM,T-351318dfbbe8,SJVN,BluPine Energy Bags 150 MW in SJVN’s FDRE Auction - Energetica India Magazine,Unclassified,150.0,winner known but no tariff; check the award article or agency release,https://news.google.com/rss/articles/CBMijwFBVV95cUxQdDBwVkhTSUxaRVJUcUhYWHk5VUxZekJhRldCOUlYLUZDY2ZobFdYMXM5LUhueXFoSkxWUE5hcDJDREJNNDZiMUpnN2djemZ3dDd6TVpGMU93SDNRQmNmVzBzSUhzZWR1T2RPaDBCZERacWlzejF2WUpwSUwxRDNHNjVIams0ckZKclNlMWxvaw?oc=5,https://news.google.com/rss/articles/CBMijwFBVV95cUxQdDBwVkhTSUxaRVJUcUhYWHk5VUxZekJhRldCOUlYLUZDY2ZobFdYMXM5LUhueXFoSkxWUE5hcDJDREJNNDZiMUpnN2djemZ3dDd6TVpGMU93SDNRQmNmVzBzSUhzZWR1T2RPaDBCZERacWlzejF2WUpwSUwxRDNHNjVIams0ckZKclNlMWxvaw?oc=5
MATCH_UNCERTAIN,MEDIUM,T-351318dfbbe8,SJVN,BluPine Energy Bags 150 MW in SJVN’s FDRE Auction - Energetica India Magazine,Unclassified,150.0,"record built from a headline, not a tender page; confirm it is a real tender",https://news.google.com/rss/articles/CBMijwFBVV95cUxQdDBwVkhTSUxaRVJUcUhYWHk5VUxZekJhRldCOUlYLUZDY2ZobFdYMXM5LUhueXFoSkxWUE5hcDJDREJNNDZiMUpnN2djemZ3dDd6TVpGMU93SDNRQmNmVzBzSUhzZWR1T2RPaDBCZERacWlzejF2WUpwSUwxRDNHNjVIams0ckZKclNlMWxvaw?oc=5,https://news.google.com/rss/articles/CBMijwFBVV95cUxQdDBwVkhTSUxaRVJUcUhYWHk5VUxZekJhRldCOUlYLUZDY2ZobFdYMXM5LUhueXFoSkxWUE5hcDJDREJNNDZiMUpnN2djemZ3dDd6TVpGMU93SDNRQmNmVzBzSUhzZWR1T2RPaDBCZERacWlzejF2WUpwSUwxRDNHNjVIams0ckZKclNlMWxvaw?oc=5
TARIFF_MISSING,MEDIUM,T-17f8188254d8,NHPC,"NHPC Awards 125 MW/500 MWh BESS Tender With VGF to NTPC, Opera, Tata Power in Kerala - Saur Energy",Energy Storage (BESS),125.0,winner known but no tariff; check the award article or agency release,https://news.google.com/rss/articles/CBMizwFBVV95cUxOdGlaMHV2WW0zYnZzdk16TC10dHNmT0Z5VTBwRUVqdnJFQkZuT3RLU2toWXo3SXc2T20yaEhhM2NGd0Q1OFlMOXZMUDc0YnJOeF9MNEN3NXpKNFFndllmU2x6RTBYVUI0NzJNUEpIOW5ubjlORExTamVCVDlJZWd0NW1qamt5bV9RemQ1NnVzWEpNSHlLWUVrX3p2WFp4YTJWck9rUkplamRBbS1qV3RkRXd6ZV9kVDVjSUxjT193Wm9rUUV1QUlxY0pZbWRsVG8?oc=5,https://news.google.com/rss/articles/CBMizwFBVV95cUxOdGlaMHV2WW0zYnZzdk16TC10dHNmT0Z5VTBwRUVqdnJFQkZuT3RLU2toWXo3SXc2T20yaEhhM2NGd0Q1OFlMOXZMUDc0YnJOeF9MNEN3NXpKNFFndllmU2x6RTBYVUI0NzJNUEpIOW5ubjlORExTamVCVDlJZWd0NW1qamt5bV9RemQ1NnVzWEpNSHlLWUVrX3p2WFp4YTJWck9rUkplamRBbS1qV3RkRXd6ZV9kVDVjSUxjT193Wm9rUUV1QUlxY0pZbWRsVG8?oc=5
MATCH_UNCERTAIN,MEDIUM,T-17f8188254d8,NHPC,"NHPC Awards 125 MW/500 MWh BESS Tender With VGF to NTPC, Opera, Tata Power in Kerala - Saur Energy",Energy Storage (BESS),125.0,"record built from a headline, not a tender page; confirm it is a real tender",https://news.google.com/rss/articles/CBMizwFBVV95cUxOdGlaMHV2WW0zYnZzdk16TC10dHNmT0Z5VTBwRUVqdnJFQkZuT3RLU2toWXo3SXc2T20yaEhhM2NGd0Q1OFlMOXZMUDc0YnJOeF9MNEN3NXpKNFFndllmU2x6RTBYVUI0NzJNUEpIOW5ubjlORExTamVCVDlJZWd0NW1qamt5bV9RemQ1NnVzWEpNSHlLWUVrX3p2WFp4YTJWck9rUkplamRBbS1qV3RkRXd6ZV9kVDVjSUxjT193Wm9rUUV1QUlxY0pZbWRsVG8?oc=5,https://news.google.com/rss/articles/CBMizwFBVV95cUxOdGlaMHV2WW0zYnZzdk16TC10dHNmT0Z5VTBwRUVqdnJFQkZuT3RLU2toWXo3SXc2T20yaEhhM2NGd0Q1OFlMOXZMUDc0YnJOeF9MNEN3NXpKNFFndllmU2x6RTBYVUI0NzJNUEpIOW5ubjlORExTamVCVDlJZWd0NW1qamt5bV9RemQ1NnVzWEpNSHlLWUVrX3p2WFp4YTJWck9rUkplamRBbS1qV3RkRXd6ZV9kVDVjSUxjT193Wm9rUUV1QUlxY0pZbWRsVG8?oc=5
TARIFF_MISSING,MEDIUM,T-4d5e7f9d49a8,NHPC,NTPC Green Energy and Opera Energy Win NHPC’s 125 MW/500 MWh BESS Auction in Kerala - Energetica India Magazine,Energy Storage (BESS),125.0,winner known but no tariff; check the award article or agency release,https://news.google.com/rss/articles/CBMiuwFBVV95cUxPV1pxUHNLcEtWTGRUZzNJZmpEd0M4cHQ2aUdwX1F2R3FnTkYyZ0k0Z2d2bjkxLWJOazJtV0RTTmJDbklocE9vLTV3RExkQnRnZTV6ZkZxZTNvd0tIb3V6ZWtFbUxFNGZjTTBJdEhBX01NS3pRdEZEa2ZaVEhMVVlEOFJvTl9zMDB5bU5aMkpTSW1vYVFzMlZvbUpYX0J6dUZkSlF0VEpSbWZFNzVpTlJTel9CYlBMX2tmQ2NF?oc=5,https://news.google.com/rss/articles/CBMiuwFBVV95cUxPV1pxUHNLcEtWTGRUZzNJZmpEd0M4cHQ2aUdwX1F2R3FnTkYyZ0k0Z2d2bjkxLWJOazJtV0RTTmJDbklocE9vLTV3RExkQnRnZTV6ZkZxZTNvd0tIb3V6ZWtFbUxFNGZjTTBJdEhBX01NS3pRdEZEa2ZaVEhMVVlEOFJvTl9zMDB5bU5aMkpTSW1vYVFzMlZvbUpYX0J6dUZkSlF0VEpSbWZFNzVpTlJTel9CYlBMX2tmQ2NF?oc=5
MATCH_UNCERTAIN,MEDIUM,T-4d5e7f9d49a8,NHPC,NTPC Green Energy and Opera Energy Win NHPC’s 125 MW/500 MWh BESS Auction in Kerala - Energetica India Magazine,Energy Storage (BESS),125.0,"record built from a headline, not a tender page; confirm it is a real tender",https://news.google.com/rss/articles/CBMiuwFBVV95cUxPV1pxUHNLcEtWTGRUZzNJZmpEd0M4cHQ2aUdwX1F2R3FnTkYyZ0k0Z2d2bjkxLWJOazJtV0RTTmJDbklocE9vLTV3RExkQnRnZTV6ZkZxZTNvd0tIb3V6ZWtFbUxFNGZjTTBJdEhBX01NS3pRdEZEa2ZaVEhMVVlEOFJvTl9zMDB5bU5aMkpTSW1vYVFzMlZvbUpYX0J6dUZkSlF0VEpSbWZFNzVpTlJTel9CYlBMX2tmQ2NF?oc=5,https://news.google.com/rss/articles/CBMiuwFBVV95cUxPV1pxUHNLcEtWTGRUZzNJZmpEd0M4cHQ2aUdwX1F2R3FnTkYyZ0k0Z2d2bjkxLWJOazJtV0RTTmJDbklocE9vLTV3RExkQnRnZTV6ZkZxZTNvd0tIb3V6ZWtFbUxFNGZjTTBJdEhBX01NS3pRdEZEa2ZaVEhMVVlEOFJvTl9zMDB5bU5aMkpTSW1vYVFzMlZvbUpYX0J6dUZkSlF0VEpSbWZFNzVpTlJTel9CYlBMX2tmQ2NF?oc=5
TARIFF_MISSING,MEDIUM,T-cca15fd12bcf,NTPC Green Energy,NTPC Green Energy And Opera Energy Win 95 MW/380 MWh Battery Storage Projects To Boost Kerala’s Grid Stability - SolarQu,Solar + Storage,95.0,winner known but no tariff; check the award article or agency release,https://news.google.com/rss/articles/CBMi3wFBVV95cUxPc25GMXRPdENMcDJGSldHc3BkLTNUVDRJNFBFZUFjVnpyTDFsSW8xei03Z1F6ODFnY25PaC1wSjdBRDk2VGV6UzdUNWQ4Ym1hT0I3VzE1ME1rZE9GVHM0WjlWTE9FWnVEOTVBT3ZkYk9XeDN3R1VnS2tweEl4bzlLaUoyajFPQ0tIZ3plTlNyZFB3dU1hWk1iUkRkQWFsWENGZnZFVDdELXFqN2pNLU52YkVKTjdRSlhOTk5aSUE3RGZqeFhxLVVzT0RNSlowV2lPY0Z3bTFEZ1dCOWVCZGRR?oc=5,https://news.google.com/rss/articles/CBMi3wFBVV95cUxPc25GMXRPdENMcDJGSldHc3BkLTNUVDRJNFBFZUFjVnpyTDFsSW8xei03Z1F6ODFnY25PaC1wSjdBRDk2VGV6UzdUNWQ4Ym1hT0I3VzE1ME1rZE9GVHM0WjlWTE9FWnVEOTVBT3ZkYk9XeDN3R1VnS2tweEl4bzlLaUoyajFPQ0tIZ3plTlNyZFB3dU1hWk1iUkRkQWFsWENGZnZFVDdELXFqN2pNLU52YkVKTjdRSlhOTk5aSUE3RGZqeFhxLVVzT0RNSlowV2lPY0Z3bTFEZ1dCOWVCZGRR?oc=5
MATCH_UNCERTAIN,MEDIUM,T-cca15fd12bcf,NTPC Green Energy,NTPC Green Energy And Opera Energy Win 95 MW/380 MWh Battery Storage Projects To Boost Kerala’s Grid Stability - SolarQu,Solar + Storage,95.0,"record built from a headline, not a tender page; confirm it is a real tender",https://news.google.com/rss/articles/CBMi3wFBVV95cUxPc25GMXRPdENMcDJGSldHc3BkLTNUVDRJNFBFZUFjVnpyTDFsSW8xei03Z1F6ODFnY25PaC1wSjdBRDk2VGV6UzdUNWQ4Ym1hT0I3VzE1ME1rZE9GVHM0WjlWTE9FWnVEOTVBT3ZkYk9XeDN3R1VnS2tweEl4bzlLaUoyajFPQ0tIZ3plTlNyZFB3dU1hWk1iUkRkQWFsWENGZnZFVDdELXFqN2pNLU52YkVKTjdRSlhOTk5aSUE3RGZqeFhxLVVzT0RNSlowV2lPY0Z3bTFEZ1dCOWVCZGRR?oc=5,https://news.google.com/rss/articles/CBMi3wFBVV95cUxPc25GMXRPdENMcDJGSldHc3BkLTNUVDRJNFBFZUFjVnpyTDFsSW8xei03Z1F6ODFnY25PaC1wSjdBRDk2VGV6UzdUNWQ4Ym1hT0I3VzE1ME1rZE9GVHM0WjlWTE9FWnVEOTVBT3ZkYk9XeDN3R1VnS2tweEl4bzlLaUoyajFPQ0tIZ3plTlNyZFB3dU1hWk1iUkRkQWFsWENGZnZFVDdELXFqN2pNLU52YkVKTjdRSlhOTk5aSUE3RGZqeFhxLVVzT0RNSlowV2lPY0Z3bTFEZ1dCOWVCZGRR?oc=5
TARIFF_MISSING,MEDIUM,T-513c147e4745,NTPC,ONGC-NTPC-backed Ayana bags 50 MW wind power project from SECI - CNBC TV18,Wind,50.0,winner known but no tariff; check the award article or agency release,https://news.google.com/rss/articles/CBMiuwFBVV95cUxOZ1dxU0tUUmdib29MNXRVVVA2ZUJTZ043aUYtbDlzdWRiQWpyVmxxZXM1SDY5NkxKTnZlTGlQR2xyNTI1dWdKMVM1SXRZLW96b2h6ejdlZURCSms3V0pvOFRnLUlNN3otYW9weERIRlhlWmdrUjBzVHlYZUJ2T3NnMXA3dnk3NDJoVGJoSW95RUFiZDlNRG9ObkZjREtFMktVOFZVSWZuOFBfdDhrOHFQVk1ldU9ncWpjSGRR0gHAAUFVX3lxTE1Bd0FvM2V3MGFBRDF6LUF5S21jd1VDQnRham5oVTNIV1A1U09tR0lYUmdoakhEZlFXb0dOdU1mYjJ0TmhwWEFlRTdJd1FqWGUyNlNYUVdCcXF3S2VNRk44R21kOXdLbFRhR1FFZFBKaU1PWkg0UFpEYzVYVUhLc0NGQklfeHhBc0Rfd0dfMWQ5WnF5Y3ZNc2NSQVd4LVlzMERfczNrT3V5LURTeDFsQm1aT2ozU2JYeW1fLWI5RVdHZA?oc=5,https://news.google.com/rss/articles/CBMiuwFBVV95cUxOZ1dxU0tUUmdib29MNXRVVVA2ZUJTZ043aUYtbDlzdWRiQWpyVmxxZXM1SDY5NkxKTnZlTGlQR2xyNTI1dWdKMVM1SXRZLW96b2h6ejdlZURCSms3V0pvOFRnLUlNN3otYW9weERIRlhlWmdrUjBzVHlYZUJ2T3NnMXA3dnk3NDJoVGJoSW95RUFiZDlNRG9ObkZjREtFMktVOFZVSWZuOFBfdDhrOHFQVk1ldU9ncWpjSGRR0gHAAUFVX3lxTE1Bd0FvM2V3MGFBRDF6LUF5S21jd1VDQnRham5oVTNIV1A1U09tR0lYUmdoakhEZlFXb0dOdU1mYjJ0TmhwWEFlRTdJd1FqWGUyNlNYUVdCcXF3S2VNRk44R21kOXdLbFRhR1FFZFBKaU1PWkg0UFpEYzVYVUhLc0NGQklfeHhBc0Rfd0dfMWQ5WnF5Y3ZNc2NSQVd4LVlzMERfczNrT3V5LURTeDFsQm1aT2ozU2JYeW1fLWI5RVdHZA?oc=5
MATCH_UNCERTAIN,MEDIUM,T-513c147e4745,NTPC,ONGC-NTPC-backed Ayana bags 50 MW wind power project from SECI - CNBC TV18,Wind,50.0,"record built from a headline, not a tender page; confirm it is a real tender",https://news.google.com/rss/articles/CBMiuwFBVV95cUxOZ1dxU0tUUmdib29MNXRVVVA2ZUJTZ043aUYtbDlzdWRiQWpyVmxxZXM1SDY5NkxKTnZlTGlQR2xyNTI1dWdKMVM1SXRZLW96b2h6ejdlZURCSms3V0pvOFRnLUlNN3otYW9weERIRlhlWmdrUjBzVHlYZUJ2T3NnMXA3dnk3NDJoVGJoSW95RUFiZDlNRG9ObkZjREtFMktVOFZVSWZuOFBfdDhrOHFQVk1ldU9ncWpjSGRR0gHAAUFVX3lxTE1Bd0FvM2V3MGFBRDF6LUF5S21jd1VDQnRham5oVTNIV1A1U09tR0lYUmdoakhEZlFXb0dOdU1mYjJ0TmhwWEFlRTdJd1FqWGUyNlNYUVdCcXF3S2VNRk44R21kOXdLbFRhR1FFZFBKaU1PWkg0UFpEYzVYVUhLc0NGQklfeHhBc0Rfd0dfMWQ5WnF5Y3ZNc2NSQVd4LVlzMERfczNrT3V5LURTeDFsQm1aT2ozU2JYeW1fLWI5RVdHZA?oc=5,https://news.google.com/rss/articles/CBMiuwFBVV95cUxOZ1dxU0tUUmdib29MNXRVVVA2ZUJTZ043aUYtbDlzdWRiQWpyVmxxZXM1SDY5NkxKTnZlTGlQR2xyNTI1dWdKMVM1SXRZLW96b2h6ejdlZURCSms3V0pvOFRnLUlNN3otYW9weERIRlhlWmdrUjBzVHlYZUJ2T3NnMXA3dnk3NDJoVGJoSW95RUFiZDlNRG9ObkZjREtFMktVOFZVSWZuOFBfdDhrOHFQVk1ldU9ncWpjSGRR0gHAAUFVX3lxTE1Bd0FvM2V3MGFBRDF6LUF5S21jd1VDQnRham5oVTNIV1A1U09tR0lYUmdoakhEZlFXb0dOdU1mYjJ0TmhwWEFlRTdJd1FqWGUyNlNYUVdCcXF3S2VNRk44R21kOXdLbFRhR1FFZFBKaU1PWkg0UFpEYzVYVUhLc0NGQklfeHhBc0Rfd0dfMWQ5WnF5Y3ZNc2NSQVd4LVlzMERfczNrT3V5LURTeDFsQm1aT2ozU2JYeW1fLWI5RVdHZA?oc=5
TARIFF_MISSING,MEDIUM,T-24f1af52d7cd,SECI,Ayana Renewable Wins 50 MW Wind Power Project In SECI Tranche-XX Auction At INR3.85/kWh - WindInsider,Wind,50.0,winner known but no tariff; check the award article or agency release,https://news.google.com/rss/articles/CBMiwAFBVV95cUxPNUp6WGpWeTBuQnJQcURPbGhnLVhLU1hXVDBXbHYxZzRWWFhUeFY4V293Q0tSM1pZWnRRQmFUM2lDbWVUOGJZZktWZlUwb200RTFZb1RXRzJiWWRYaEJ4UTMxcy1kMWZRQjloU1JWME5KLWJjZHdxRk5ZbG9WdUZKWm5QcmJlZGtRLWM1VU45UkRsZGljNnVzY2lyWDdTb044Z0ZZYndJeVlDUmh0NVFCaGRzNVY4cUpwcHQyNVdvZWPSAcYBQVVfeXFMTVBhUThxZ1I4SlBGS3Y2amFGcE9HTHBrMER4VG9qdE5qV0VjWjg3ekJyRWZtc0tUTU5Sdk5PcDZtQzlfY09iTnhWZk1jbjA0Y0ZkYjl2ZGdsYURlajRoalhTbVFLRURqNEpvOWlvTEhLblhkOTduSzZRcHZlSmpfaWdFd0twTGlDbERKQ1hwb09oYndjREpOR01oN3AzWFA4MGVkYkVFd0lva3ByeVgtMG1maUE3dHVUSlpnRFlnWlMxYnRGRmx3?oc=5,https://news.google.com/rss/articles/CBMiwAFBVV95cUxPNUp6WGpWeTBuQnJQcURPbGhnLVhLU1hXVDBXbHYxZzRWWFhUeFY4V293Q0tSM1pZWnRRQmFUM2lDbWVUOGJZZktWZlUwb200RTFZb1RXRzJiWWRYaEJ4UTMxcy1kMWZRQjloU1JWME5KLWJjZHdxRk5ZbG9WdUZKWm5QcmJlZGtRLWM1VU45UkRsZGljNnVzY2lyWDdTb044Z0ZZYndJeVlDUmh0NVFCaGRzNVY4cUpwcHQyNVdvZWPSAcYBQVVfeXFMTVBhUThxZ1I4SlBGS3Y2amFGcE9HTHBrMER4VG9qdE5qV0VjWjg3ekJyRWZtc0tUTU5Sdk5PcDZtQzlfY09iTnhWZk1jbjA0Y0ZkYjl2ZGdsYURlajRoalhTbVFLRURqNEpvOWlvTEhLblhkOTduSzZRcHZlSmpfaWdFd0twTGlDbERKQ1hwb09oYndjREpOR01oN3AzWFA4MGVkYkVFd0lva3ByeVgtMG1maUE3dHVUSlpnRFlnWlMxYnRGRmx3?oc=5
MATCH_UNCERTAIN,MEDIUM,T-24f1af52d7cd,SECI,Ayana Renewable Wins 50 MW Wind Power Project In SECI Tranche-XX Auction At INR3.85/kWh - WindInsider,Wind,50.0,"record built from a headline, not a tender page; confirm it is a real tender",https://news.google.com/rss/articles/CBMiwAFBVV95cUxPNUp6WGpWeTBuQnJQcURPbGhnLVhLU1hXVDBXbHYxZzRWWFhUeFY4V293Q0tSM1pZWnRRQmFUM2lDbWVUOGJZZktWZlUwb200RTFZb1RXRzJiWWRYaEJ4UTMxcy1kMWZRQjloU1JWME5KLWJjZHdxRk5ZbG9WdUZKWm5QcmJlZGtRLWM1VU45UkRsZGljNnVzY2lyWDdTb044Z0ZZYndJeVlDUmh0NVFCaGRzNVY4cUpwcHQyNVdvZWPSAcYBQVVfeXFMTVBhUThxZ1I4SlBGS3Y2amFGcE9HTHBrMER4VG9qdE5qV0VjWjg3ekJyRWZtc0tUTU5Sdk5PcDZtQzlfY09iTnhWZk1jbjA0Y0ZkYjl2ZGdsYURlajRoalhTbVFLRURqNEpvOWlvTEhLblhkOTduSzZRcHZlSmpfaWdFd0twTGlDbERKQ1hwb09oYndjREpOR01oN3AzWFA4MGVkYkVFd0lva3ByeVgtMG1maUE3dHVUSlpnRFlnWlMxYnRGRmx3?oc=5,https://news.google.com/rss/articles/CBMiwAFBVV95cUxPNUp6WGpWeTBuQnJQcURPbGhnLVhLU1hXVDBXbHYxZzRWWFhUeFY4V293Q0tSM1pZWnRRQmFUM2lDbWVUOGJZZktWZlUwb200RTFZb1RXRzJiWWRYaEJ4UTMxcy1kMWZRQjloU1JWME5KLWJjZHdxRk5ZbG9WdUZKWm5QcmJlZGtRLWM1VU45UkRsZGljNnVzY2lyWDdTb044Z0ZZYndJeVlDUmh0NVFCaGRzNVY4cUpwcHQyNVdvZWPSAcYBQVVfeXFMTVBhUThxZ1I4SlBGS3Y2amFGcE9HTHBrMER4VG9qdE5qV0VjWjg3ekJyRWZtc0tUTU5Sdk5PcDZtQzlfY09iTnhWZk1jbjA0Y0ZkYjl2ZGdsYURlajRoalhTbVFLRURqNEpvOWlvTEhLblhkOTduSzZRcHZlSmpfaWdFd0twTGlDbERKQ1hwb09oYndjREpOR01oN3AzWFA4MGVkYkVFd0lva3ByeVgtMG1maUE3dHVUSlpnRFlnWlMxYnRGRmx3?oc=5
TARIFF_MISSING,MEDIUM,T-f2ff6c795ea5,SECI,RfS for Setting up of 1000 kW Grid-Connected RTSPV project on buildings of Rashtrapati Bhavan (RTSPV-Tranche-III),Rooftop Solar,1.0,winner known but no tariff; check the award article or agency release,https://www.seci.co.in/tender-details/YmNx,https://news.google.com/rss/articles/CBMihwFBVV95cUxNeWlaMFc5WW1QZWdfeDJaejdFQ2pJeWxvM1FvVllKZ3poRWNBV0FEekRsS0lmcmFUV2dIOVNfMUZhdW1FMVN0TElaenhua2VWRmVBdmlKbXNMby1Vc0kyb0g2RWNjdE9WMzlIRFZPR2syanJHczRhS1pGRHF4NE42UGR3R0VEQms?oc=5
TARIFF_MISSING,MEDIUM,f2ff6c795ea5,SECI,RfS for Setting up of 1000 kW Grid-Connected RTSPV project on buildings of Rashtrapati Bhavan (RTSPV-Tranche-III),Rooftop Solar,1.0,winner known but no tariff; check the award article or agency release,https://www.seci.co.in/tender-details/YmNx,https://news.google.com/rss/articles/CBMihwFBVV95cUxNeWlaMFc5WW1QZWdfeDJaejdFQ2pJeWxvM1FvVllKZ3poRWNBV0FEekRsS0lmcmFUV2dIOVNfMUZhdW1FMVN0TElaenhua2VWRmVBdmlKbXNMby1Vc0kyb0g2RWNjdE9WMzlIRFZPR2syanJHczRhS1pGRHF4NE42UGR3R0VEQms?oc=5
TARIFF_MISSING,MEDIUM,T-5711baf8cc41,MSEDCL,"PM-KUSUM: MSEDCL Awards Over ₹750 Crore Solar Pump Orders to Shakti, Oswal, Saatvik - Saur Energy",Solar,,winner known but no tariff; check the award article or agency release,https://news.google.com/rss/articles/CBMizgFBVV95cUxPSXd5S2VUNHhaSWc3NVVJWVdRYWRnOXpzVjlGTEJGT1JkSXd3MDhod3lKbk1TazdHUG41eVRRQkhnWFNLNnQ2X2xFaUlHWmdxMzZrWS1HRm9fdmF1MFhVMlIwQzkwX0l1M21pWGlHcTRMX01sT3hhT2VBOEdjNkI3Y2lQTHA3Vkp0WGhTbF9hbENfUmlCT0ZGVDdvTHJvaTM0akwzbUNsaEJ0dExSOF9ncWRMdUJ3MkY4T0JRU2V4UldZS3NDaVlIQW1WMndIQQ?oc=5,https://news.google.com/rss/articles/CBMizgFBVV95cUxPSXd5S2VUNHhaSWc3NVVJWVdRYWRnOXpzVjlGTEJGT1JkSXd3MDhod3lKbk1TazdHUG41eVRRQkhnWFNLNnQ2X2xFaUlHWmdxMzZrWS1HRm9fdmF1MFhVMlIwQzkwX0l1M21pWGlHcTRMX01sT3hhT2VBOEdjNkI3Y2lQTHA3Vkp0WGhTbF9hbENfUmlCT0ZGVDdvTHJvaTM0akwzbUNsaEJ0dExSOF9ncWRMdUJ3MkY4T0JRU2V4UldZS3NDaVlIQW1WMndIQQ?oc=5
MATCH_UNCERTAIN,MEDIUM,T-5711baf8cc41,MSEDCL,"PM-KUSUM: MSEDCL Awards Over ₹750 Crore Solar Pump Orders to Shakti, Oswal, Saatvik - Saur Energy",Solar,,"record built from a headline, not a tender page; confirm it is a real tender",https://news.google.com/rss/articles/CBMizgFBVV95cUxPSXd5S2VUNHhaSWc3NVVJWVdRYWRnOXpzVjlGTEJGT1JkSXd3MDhod3lKbk1TazdHUG41eVRRQkhnWFNLNnQ2X2xFaUlHWmdxMzZrWS1HRm9fdmF1MFhVMlIwQzkwX0l1M21pWGlHcTRMX01sT3hhT2VBOEdjNkI3Y2lQTHA3Vkp0WGhTbF9hbENfUmlCT0ZGVDdvTHJvaTM0akwzbUNsaEJ0dExSOF9ncWRMdUJ3MkY4T0JRU2V4UldZS3NDaVlIQW1WMndIQQ?oc=5,https://news.google.com/rss/articles/CBMizgFBVV95cUxPSXd5S2VUNHhaSWc3NVVJWVdRYWRnOXpzVjlGTEJGT1JkSXd3MDhod3lKbk1TazdHUG41eVRRQkhnWFNLNnQ2X2xFaUlHWmdxMzZrWS1HRm9fdmF1MFhVMlIwQzkwX0l1M21pWGlHcTRMX01sT3hhT2VBOEdjNkI3Y2lQTHA3Vkp0WGhTbF9hbENfUmlCT0ZGVDdvTHJvaTM0akwzbUNsaEJ0dExSOF9ncWRMdUJ3MkY4T0JRU2V4UldZS3NDaVlIQW1WMndIQQ?oc=5
TARIFF_MISSING,MEDIUM,T-07c8b8a7e244,NHPC,ACME Solar Holdings wins NHPC tender for two BESS projects in Andhra Pradesh - The Hindu,Solar + Storage,,winner known but no tariff; check the award article or agency release,https://news.google.com/rss/articles/CBMi5AFBVV95cUxNZkg3NTFqNzlnV2xIMmZhdFFUV2hvM2FUWGlpNkJ1V2Q1dEI4cTJPVzc5VkMwdVhTSFlvazF5SWFWVlp0NUR3RXpXUE5PZ2kzYUhhSzJRMFFvSlRjR0RpV0xoaV9KX0lUSEE3WV9sc0ZReEN3Ul83amg4NVdFNjhZazg1RDh1aE5YcW8xT0p5eTRxSGFBMWtpV2ZhX1loNVAzd0FpNnZQN2djdlhyVTBNZlppbTllWFAwVzJ4dFZra1dHS1hfMFRXWHg5V1RwWEp5N04xbE14Mks0SXlVcEJSVDlYSDjSAesBQVVfeXFMTXV5UThLZHFLVFFVcUFid0lNaVNrd1VwOEp1d1ZkUEE5VHlzU2dhdjItY1c4dVdxd25DdHQ5Y2RYUUFseUNtSnBXeUJuSmhPZ1hkbktlZGlKR3JVQkNDdWFvZ0kwYVZ3SVFlNF9LSmw0Q1JXWHBNLTctMHVMejVBVlZEbXphMDZNVVE3NjFoOXV6elRvT0Z5Y0lYcEFscldWQ0lLOVNHN2JCOG5MVXhST3o4Vy0yeTlncjhoVU1XRjJoR1FFTUFZR0NOb0RDOW5aSGFVemozN3ZIOWs4SjVqSDQ3NWVjY3g4RHVpOA?oc=5,https://news.google.com/rss/articles/CBMi5AFBVV95cUxNZkg3NTFqNzlnV2xIMmZhdFFUV2hvM2FUWGlpNkJ1V2Q1dEI4cTJPVzc5VkMwdVhTSFlvazF5SWFWVlp0NUR3RXpXUE5PZ2kzYUhhSzJRMFFvSlRjR0RpV0xoaV9KX0lUSEE3WV9sc0ZReEN3Ul83amg4NVdFNjhZazg1RDh1aE5YcW8xT0p5eTRxSGFBMWtpV2ZhX1loNVAzd0FpNnZQN2djdlhyVTBNZlppbTllWFAwVzJ4dFZra1dHS1hfMFRXWHg5V1RwWEp5N04xbE14Mks0SXlVcEJSVDlYSDjSAesBQVVfeXFMTXV5UThLZHFLVFFVcUFid0lNaVNrd1VwOEp1d1ZkUEE5VHlzU2dhdjItY1c4dVdxd25DdHQ5Y2RYUUFseUNtSnBXeUJuSmhPZ1hkbktlZGlKR3JVQkNDdWFvZ0kwYVZ3SVFlNF9LSmw0Q1JXWHBNLTctMHVMejVBVlZEbXphMDZNVVE3NjFoOXV6elRvT0Z5Y0lYcEFscldWQ0lLOVNHN2JCOG5MVXhST3o4Vy0yeTlncjhoVU1XRjJoR1FFTUFZR0NOb0RDOW5aSGFVemozN3ZIOWs4SjVqSDQ3NWVjY3g4RHVpOA?oc=5
MATCH_UNCERTAIN,MEDIUM,T-07c8b8a7e244,NHPC,ACME Solar Holdings wins NHPC tender for two BESS projects in Andhra Pradesh - The Hindu,Solar + Storage,,"record built from a headline, not a tender page; confirm it is a real tender",https://news.google.com/rss/articles/CBMi5AFBVV95cUxNZkg3NTFqNzlnV2xIMmZhdFFUV2hvM2FUWGlpNkJ1V2Q1dEI4cTJPVzc5VkMwdVhTSFlvazF5SWFWVlp0NUR3RXpXUE5PZ2kzYUhhSzJRMFFvSlRjR0RpV0xoaV9KX0lUSEE3WV9sc0ZReEN3Ul83amg4NVdFNjhZazg1RDh1aE5YcW8xT0p5eTRxSGFBMWtpV2ZhX1loNVAzd0FpNnZQN2djdlhyVTBNZlppbTllWFAwVzJ4dFZra1dHS1hfMFRXWHg5V1RwWEp5N04xbE14Mks0SXlVcEJSVDlYSDjSAesBQVVfeXFMTXV5UThLZHFLVFFVcUFid0lNaVNrd1VwOEp1d1ZkUEE5VHlzU2dhdjItY1c4dVdxd25DdHQ5Y2RYUUFseUNtSnBXeUJuSmhPZ1hkbktlZGlKR3JVQkNDdWFvZ0kwYVZ3SVFlNF9LSmw0Q1JXWHBNLTctMHVMejVBVlZEbXphMDZNVVE3NjFoOXV6elRvT0Z5Y0lYcEFscldWQ0lLOVNHN2JCOG5MVXhST3o4Vy0yeTlncjhoVU1XRjJoR1FFTUFZR0NOb0RDOW5aSGFVemozN3ZIOWs4SjVqSDQ3NWVjY3g4RHVpOA?oc=5,https://news.google.com/rss/articles/CBMi5AFBVV95cUxNZkg3NTFqNzlnV2xIMmZhdFFUV2hvM2FUWGlpNkJ1V2Q1dEI4cTJPVzc5VkMwdVhTSFlvazF5SWFWVlp0NUR3RXpXUE5PZ2kzYUhhSzJRMFFvSlRjR0RpV0xoaV9KX0lUSEE3WV9sc0ZReEN3Ul83amg4NVdFNjhZazg1RDh1aE5YcW8xT0p5eTRxSGFBMWtpV2ZhX1loNVAzd0FpNnZQN2djdlhyVTBNZlppbTllWFAwVzJ4dFZra1dHS1hfMFRXWHg5V1RwWEp5N04xbE14Mks0SXlVcEJSVDlYSDjSAesBQVVfeXFMTXV5UThLZHFLVFFVcUFid0lNaVNrd1VwOEp1d1ZkUEE5VHlzU2dhdjItY1c4dVdxd25DdHQ5Y2RYUUFseUNtSnBXeUJuSmhPZ1hkbktlZGlKR3JVQkNDdWFvZ0kwYVZ3SVFlNF9LSmw0Q1JXWHBNLTctMHVMejVBVlZEbXphMDZNVVE3NjFoOXV6elRvT0Z5Y0lYcEFscldWQ0lLOVNHN2JCOG5MVXhST3o4Vy0yeTlncjhoVU1XRjJoR1FFTUFZR0NOb0RDOW5aSGFVemozN3ZIOWs4SjVqSDQ3NWVjY3g4RHVpOA?oc=5
TARIFF_MISSING,MEDIUM,T-30622cb3519a,NTPC,"Bondada Bags ₹1,338-Crore NTPC Renewable Energy Contract in UP - Saur Energy",Unclassified,,winner known but no tariff; check the award article or agency release,https://news.google.com/rss/articles/CBMitAFBVV95cUxOYzc3ZUdYSXdjUWhYYVg3YU5RcXRNdUc3NTN0VVY2a2NPbWJURVBWeWtvY3ZlakhPeUNEVzlRd3dVNjVNQ1hDaVRNR3poeE9NeFE4Ukt2V2JyR0hjdS1uXzhkSnBoZmtPWThHVDYyclZjd3NRcGd5aWJrcmVhMlpKVlVSc2oxZ1QtdWMzMmxKbEoxUDliMEhJVURBOVlnTVl1M0hwSkxUSDY4ejlQT1IwQ1B1R2Y?oc=5,https://news.google.com/rss/articles/CBMitAFBVV95cUxOYzc3ZUdYSXdjUWhYYVg3YU5RcXRNdUc3NTN0VVY2a2NPbWJURVBWeWtvY3ZlakhPeUNEVzlRd3dVNjVNQ1hDaVRNR3poeE9NeFE4Ukt2V2JyR0hjdS1uXzhkSnBoZmtPWThHVDYyclZjd3NRcGd5aWJrcmVhMlpKVlVSc2oxZ1QtdWMzMmxKbEoxUDliMEhJVURBOVlnTVl1M0hwSkxUSDY4ejlQT1IwQ1B1R2Y?oc=5
MATCH_UNCERTAIN,MEDIUM,T-30622cb3519a,NTPC,"Bondada Bags ₹1,338-Crore NTPC Renewable Energy Contract in UP - Saur Energy",Unclassified,,"record built from a headline, not a tender page; confirm it is a real tender",https://news.google.com/rss/articles/CBMitAFBVV95cUxOYzc3ZUdYSXdjUWhYYVg3YU5RcXRNdUc3NTN0VVY2a2NPbWJURVBWeWtvY3ZlakhPeUNEVzlRd3dVNjVNQ1hDaVRNR3poeE9NeFE4Ukt2V2JyR0hjdS1uXzhkSnBoZmtPWThHVDYyclZjd3NRcGd5aWJrcmVhMlpKVlVSc2oxZ1QtdWMzMmxKbEoxUDliMEhJVURBOVlnTVl1M0hwSkxUSDY4ejlQT1IwQ1B1R2Y?oc=5,https://news.google.com/rss/articles/CBMitAFBVV95cUxOYzc3ZUdYSXdjUWhYYVg3YU5RcXRNdUc3NTN0VVY2a2NPbWJURVBWeWtvY3ZlakhPeUNEVzlRd3dVNjVNQ1hDaVRNR3poeE9NeFE4Ukt2V2JyR0hjdS1uXzhkSnBoZmtPWThHVDYyclZjd3NRcGd5aWJrcmVhMlpKVlVSc2oxZ1QtdWMzMmxKbEoxUDliMEhJVURBOVlnTVl1M0hwSkxUSDY4ejlQT1IwQ1B1R2Y?oc=5
TARIFF_MISSING,MEDIUM,T-de9dfcb73ed6,NVVN,"Solar91, Rays Experts, Stockwell, Oriana and Inox Renewable Win NVVN’s 1 GWh BESS Auction - Energetica India Magazine",Energy Storage (BESS),,winner known but no tariff; check the award article or agency release,https://news.google.com/rss/articles/CBMiyAFBVV95cUxPMUphVFdPVVlaa3R3cE1nd3BZSWp3QWtNNkloajlDRzdyc2l6ekwxaEQyOVNhSDk3dXIxOEdfWHZmaldxLUUtTzdFQ0RDUDVfelZ2czV2UXJVMjBkWTJLTmtsYjRvQmJxZTRRSmxFbTUtYjVqb3hRVi1zZldMTWQyNnNiLUtkclFrOHVKalN5WnJmLUktUkVCU2RrTWdpbjA3eWxpVGFGTGxnX1JudEVoNWE1WXJodjdxSlBaZmQwN3Zxb1VVbl9fWA?oc=5,https://news.google.com/rss/articles/CBMiyAFBVV95cUxPMUphVFdPVVlaa3R3cE1nd3BZSWp3QWtNNkloajlDRzdyc2l6ekwxaEQyOVNhSDk3dXIxOEdfWHZmaldxLUUtTzdFQ0RDUDVfelZ2czV2UXJVMjBkWTJLTmtsYjRvQmJxZTRRSmxFbTUtYjVqb3hRVi1zZldMTWQyNnNiLUtkclFrOHVKalN5WnJmLUktUkVCU2RrTWdpbjA3eWxpVGFGTGxnX1JudEVoNWE1WXJodjdxSlBaZmQwN3Zxb1VVbl9fWA?oc=5
MATCH_UNCERTAIN,MEDIUM,T-de9dfcb73ed6,NVVN,"Solar91, Rays Experts, Stockwell, Oriana and Inox Renewable Win NVVN’s 1 GWh BESS Auction - Energetica India Magazine",Energy Storage (BESS),,"record built from a headline, not a tender page; confirm it is a real tender",https://news.google.com/rss/articles/CBMiyAFBVV95cUxPMUphVFdPVVlaa3R3cE1nd3BZSWp3QWtNNkloajlDRzdyc2l6ekwxaEQyOVNhSDk3dXIxOEdfWHZmaldxLUUtTzdFQ0RDUDVfelZ2czV2UXJVMjBkWTJLTmtsYjRvQmJxZTRRSmxFbTUtYjVqb3hRVi1zZldMTWQyNnNiLUtkclFrOHVKalN5WnJmLUktUkVCU2RrTWdpbjA3eWxpVGFGTGxnX1JudEVoNWE1WXJodjdxSlBaZmQwN3Zxb1VVbl9fWA?oc=5,https://news.google.com/rss/articles/CBMiyAFBVV95cUxPMUphVFdPVVlaa3R3cE1nd3BZSWp3QWtNNkloajlDRzdyc2l6ekwxaEQyOVNhSDk3dXIxOEdfWHZmaldxLUUtTzdFQ0RDUDVfelZ2czV2UXJVMjBkWTJLTmtsYjRvQmJxZTRRSmxFbTUtYjVqb3hRVi1zZldMTWQyNnNiLUtkclFrOHVKalN5WnJmLUktUkVCU2RrTWdpbjA3eWxpVGFGTGxnX1JudEVoNWE1WXJodjdxSlBaZmQwN3Zxb1VVbl9fWA?oc=5
TARIFF_MISSING,MEDIUM,T-1c2b175fcec0,SECI,"Adyant Enersol, Serentica, Ampin and ACME Win SECI’s 4,800 MWh FDRE Auction - Energetica India Magazine",Unclassified,,winner known but no tariff; check the award article or agency release,https://news.google.com/rss/articles/CBMirAFBVV95cUxPS1gxMERva0R4aTdzdU4ydUhfVUVwb1NRcnpvdzkxTE5qdlpUV0RaSVhzbkhIcGI3RWNRWHhySExieDQyNXllWHlneWpqZ25uT3VOVEowSmU4OU1zZG96T3NPUGJsamFVbTdObEZrd3J0UFo0RVdSbjJ6UF9yS1lSVWJSMWFJcVJfQ0lpbVlHa0haT2M1di1lRmtUbkRZQ09Fa1BRMHcwNngzMFBX?oc=5,https://news.google.com/rss/articles/CBMirAFBVV95cUxPS1gxMERva0R4aTdzdU4ydUhfVUVwb1NRcnpvdzkxTE5qdlpUV0RaSVhzbkhIcGI3RWNRWHhySExieDQyNXllWHlneWpqZ25uT3VOVEowSmU4OU1zZG96T3NPUGJsamFVbTdObEZrd3J0UFo0RVdSbjJ6UF9yS1lSVWJSMWFJcVJfQ0lpbVlHa0haT2M1di1lRmtUbkRZQ09Fa1BRMHcwNngzMFBX?oc=5
MATCH_UNCERTAIN,MEDIUM,T-1c2b175fcec0,SECI,"Adyant Enersol, Serentica, Ampin and ACME Win SECI’s 4,800 MWh FDRE Auction - Energetica India Magazine",Unclassified,,"record built from a headline, not a tender page; confirm it is a real tender",https://news.google.com/rss/articles/CBMirAFBVV95cUxPS1gxMERva0R4aTdzdU4ydUhfVUVwb1NRcnpvdzkxTE5qdlpUV0RaSVhzbkhIcGI3RWNRWHhySExieDQyNXllWHlneWpqZ25uT3VOVEowSmU4OU1zZG96T3NPUGJsamFVbTdObEZrd3J0UFo0RVdSbjJ6UF9yS1lSVWJSMWFJcVJfQ0lpbVlHa0haT2M1di1lRmtUbkRZQ09Fa1BRMHcwNngzMFBX?oc=5,https://news.google.com/rss/articles/CBMirAFBVV95cUxPS1gxMERva0R4aTdzdU4ydUhfVUVwb1NRcnpvdzkxTE5qdlpUV0RaSVhzbkhIcGI3RWNRWHhySExieDQyNXllWHlneWpqZ25uT3VOVEowSmU4OU1zZG96T3NPUGJsamFVbTdObEZrd3J0UFo0RVdSbjJ6UF9yS1lSVWJSMWFJcVJfQ0lpbVlHa0haT2M1di1lRmtUbkRZQ09Fa1BRMHcwNngzMFBX?oc=5
TARIFF_MISSING,MEDIUM,T-767ac40a755a,SECI,"Adyant, Serentica, AMPIN & ACME Bag SECI's Peak Supply FDRE Tender - Saur Energy",Round-the-Clock / CfD / Trading,,winner known but no tariff; check the award article or agency release,https://news.google.com/rss/articles/CBMitgFBVV95cUxPYWlWWEJBREUzSExUQVNueU1zMklLRmNDQ1lpNFU4QlJNWEhmNDlvX2Mxb1VlYm84TmhFS0FicWVGYUlGb2VESkZOb2hYYUs3VUdnWEJpdDVhenFyVzJXa1BqTTNySV85UTNoWmQzbzRSblNMVXJuTFlvWTZzVW81NVRNRXNSTmI4czNCWjQ0NG9ockRPUVJWbWRoMl8yWmR0ZGs4QUNYNHZfbnFYN2hRZlE4QnNLQQ?oc=5,https://news.google.com/rss/articles/CBMitgFBVV95cUxPYWlWWEJBREUzSExUQVNueU1zMklLRmNDQ1lpNFU4QlJNWEhmNDlvX2Mxb1VlYm84TmhFS0FicWVGYUlGb2VESkZOb2hYYUs3VUdnWEJpdDVhenFyVzJXa1BqTTNySV85UTNoWmQzbzRSblNMVXJuTFlvWTZzVW81NVRNRXNSTmI4czNCWjQ0NG9ockRPUVJWbWRoMl8yWmR0ZGs4QUNYNHZfbnFYN2hRZlE4QnNLQQ?oc=5
MATCH_UNCERTAIN,MEDIUM,T-767ac40a755a,SECI,"Adyant, Serentica, AMPIN & ACME Bag SECI's Peak Supply FDRE Tender - Saur Energy",Round-the-Clock / CfD / Trading,,"record built from a headline, not a tender page; confirm it is a real tender",https://news.google.com/rss/articles/CBMitgFBVV95cUxPYWlWWEJBREUzSExUQVNueU1zMklLRmNDQ1lpNFU4QlJNWEhmNDlvX2Mxb1VlYm84TmhFS0FicWVGYUlGb2VESkZOb2hYYUs3VUdnWEJpdDVhenFyVzJXa1BqTTNySV85UTNoWmQzbzRSblNMVXJuTFlvWTZzVW81NVRNRXNSTmI4czNCWjQ0NG9ockRPUVJWbWRoMl8yWmR0ZGs4QUNYNHZfbnFYN2hRZlE4QnNLQQ?oc=5,https://news.google.com/rss/articles/CBMitgFBVV95cUxPYWlWWEJBREUzSExUQVNueU1zMklLRmNDQ1lpNFU4QlJNWEhmNDlvX2Mxb1VlYm84TmhFS0FicWVGYUlGb2VESkZOb2hYYUs3VUdnWEJpdDVhenFyVzJXa1BqTTNySV85UTNoWmQzbzRSblNMVXJuTFlvWTZzVW81NVRNRXNSTmI4czNCWjQ0NG9ockRPUVJWbWRoMl8yWmR0ZGs4QUNYNHZfbnFYN2hRZlE4QnNLQQ?oc=5
TARIFF_MISSING,MEDIUM,T-58954615e819,SJVN,"Reliance, ACME, and Sembcorp secure major wins in SJVN’s 6 GWh tender for dispatchable renewable power - ESS News",Unclassified,,winner known but no tariff; check the award article or agency release,https://news.google.com/rss/articles/CBMi0gFBVV95cUxPUjlrRGtJdUIyT3piX1M3Qm5vdkYySnAxYXlIeHpoUjY0eDFvTjZ0RXNvMWFvbm5xR0lzb3M3eDVzUy1VQnhNMTU5TjlYb3Vid2xhOUlTVGtNOFhiSDZleUdpSmxIQXh4U3o5MGFraTNjb3QwUGdLam9tdkN6bXhoRmVJSGlBaVdkc3lROU5CM3dzb2FzdTFBdHoxS1RUWmZhQmxKX3QwNEJtYmRlak1GUENZT25Ha2d3b0l5SkNfTTFRUUNTY1FOc3ZjY0t2OHFOdmc?oc=5,https://news.google.com/rss/articles/CBMi0gFBVV95cUxPUjlrRGtJdUIyT3piX1M3Qm5vdkYySnAxYXlIeHpoUjY0eDFvTjZ0RXNvMWFvbm5xR0lzb3M3eDVzUy1VQnhNMTU5TjlYb3Vid2xhOUlTVGtNOFhiSDZleUdpSmxIQXh4U3o5MGFraTNjb3QwUGdLam9tdkN6bXhoRmVJSGlBaVdkc3lROU5CM3dzb2FzdTFBdHoxS1RUWmZhQmxKX3QwNEJtYmRlak1GUENZT25Ha2d3b0l5SkNfTTFRUUNTY1FOc3ZjY0t2OHFOdmc?oc=5
MATCH_UNCERTAIN,MEDIUM,T-58954615e819,SJVN,"Reliance, ACME, and Sembcorp secure major wins in SJVN’s 6 GWh tender for dispatchable renewable power - ESS News",Unclassified,,"record built from a headline, not a tender page; confirm it is a real tender",https://news.google.com/rss/articles/CBMi0gFBVV95cUxPUjlrRGtJdUIyT3piX1M3Qm5vdkYySnAxYXlIeHpoUjY0eDFvTjZ0RXNvMWFvbm5xR0lzb3M3eDVzUy1VQnhNMTU5TjlYb3Vid2xhOUlTVGtNOFhiSDZleUdpSmxIQXh4U3o5MGFraTNjb3QwUGdLam9tdkN6bXhoRmVJSGlBaVdkc3lROU5CM3dzb2FzdTFBdHoxS1RUWmZhQmxKX3QwNEJtYmRlak1GUENZT25Ha2d3b0l5SkNfTTFRUUNTY1FOc3ZjY0t2OHFOdmc?oc=5,https://news.google.com/rss/articles/CBMi0gFBVV95cUxPUjlrRGtJdUIyT3piX1M3Qm5vdkYySnAxYXlIeHpoUjY0eDFvTjZ0RXNvMWFvbm5xR0lzb3M3eDVzUy1VQnhNMTU5TjlYb3Vid2xhOUlTVGtNOFhiSDZleUdpSmxIQXh4U3o5MGFraTNjb3QwUGdLam9tdkN6bXhoRmVJSGlBaVdkc3lROU5CM3dzb2FzdTFBdHoxS1RUWmZhQmxKX3QwNEJtYmRlak1GUENZT25Ha2d3b0l5SkNfTTFRUUNTY1FOc3ZjY0t2OHFOdmc?oc=5
TARIFF_MISSING,MEDIUM,T-97939a7d7f72,SJVN,"NLC India, Adyant Secure SJVN Wind Project - Saur Energy",Wind,,winner known but no tariff; check the award article or agency release,https://news.google.com/rss/articles/CBMijwFBVV95cUxQd2ZtYllwSXJPWERhWGpUcGRWcGVsOG1UWFhsaHNwc21sWG1DZGg4ZlJWMnJuazcxQm16X1BGZ0VmdzhMQ0JRYXZnbkJuUzVRcmdBNzBjSlNTaWJjVXhPODJ4ZTJXOFlUVkZPdnE4elUxdWd5WDdlZDJ1Z0M0MWk5UUU2QjhOOEhqU0FvMlRPcw?oc=5,https://news.google.com/rss/articles/CBMijwFBVV95cUxQd2ZtYllwSXJPWERhWGpUcGRWcGVsOG1UWFhsaHNwc21sWG1DZGg4ZlJWMnJuazcxQm16X1BGZ0VmdzhMQ0JRYXZnbkJuUzVRcmdBNzBjSlNTaWJjVXhPODJ4ZTJXOFlUVkZPdnE4elUxdWd5WDdlZDJ1Z0M0MWk5UUU2QjhOOEhqU0FvMlRPcw?oc=5
MATCH_UNCERTAIN,MEDIUM,T-97939a7d7f72,SJVN,"NLC India, Adyant Secure SJVN Wind Project - Saur Energy",Wind,,"record built from a headline, not a tender page; confirm it is a real tender",https://news.google.com/rss/articles/CBMijwFBVV95cUxQd2ZtYllwSXJPWERhWGpUcGRWcGVsOG1UWFhsaHNwc21sWG1DZGg4ZlJWMnJuazcxQm16X1BGZ0VmdzhMQ0JRYXZnbkJuUzVRcmdBNzBjSlNTaWJjVXhPODJ4ZTJXOFlUVkZPdnE4elUxdWd5WDdlZDJ1Z0M0MWk5UUU2QjhOOEhqU0FvMlRPcw?oc=5,https://news.google.com/rss/articles/CBMijwFBVV95cUxQd2ZtYllwSXJPWERhWGpUcGRWcGVsOG1UWFhsaHNwc21sWG1DZGg4ZlJWMnJuazcxQm16X1BGZ0VmdzhMQ0JRYXZnbkJuUzVRcmdBNzBjSlNTaWJjVXhPODJ4ZTJXOFlUVkZPdnE4elUxdWd5WDdlZDJ1Z0M0MWk5UUU2QjhOOEhqU0FvMlRPcw?oc=5
SPV_UNKNOWN,LOW,T-172f6093be8e,MSEDCL,"Adani Power Wins MSEDCL's 2,500 MW Renewable RTC Power Supply Contract - energetica-india.net",Round-the-Clock / CfD / Trading,2500.0,multi-winner award; per-winner capacity and SPV need a manual source,https://news.google.com/rss/articles/CBMiqgFBVV95cUxQZ1lsbUpQbElWV0w4OUtXSVZyX2dBY1Z0cVhpQzZnaWJFeG43LVJQYUZNbGdsY09TaUpTdWpSdlhUUGttR1QwbzFaeUpXMENuZ0VVM3pUMEl1X3A1Q3FRSjJIaEkzNVpsVkZlYWEya2pRVHdKQXotTkJLNi03REpTZFlHamRKdGhGOEl1UjNCUnlhdUJnMDdPUUtNY3BCQVhZYzJlTnpjMlZBUQ?oc=5,https://news.google.com/rss/articles/CBMiqgFBVV95cUxQZ1lsbUpQbElWV0w4OUtXSVZyX2dBY1Z0cVhpQzZnaWJFeG43LVJQYUZNbGdsY09TaUpTdWpSdlhUUGttR1QwbzFaeUpXMENuZ0VVM3pUMEl1X3A1Q3FRSjJIaEkzNVpsVkZlYWEya2pRVHdKQXotTkJLNi03REpTZFlHamRKdGhGOEl1UjNCUnlhdUJnMDdPUUtNY3BCQVhZYzJlTnpjMlZBUQ?oc=5
SPV_UNKNOWN,LOW,T-8dbc8a713349,SECI,"Greenko, Torrent & Tata Power Wins SECI 1500 MW/12000 MWh Pumped Storage Tender in India - Saur Energy",Pumped Storage,1500.0,multi-winner award; per-winner capacity and SPV need a manual source,https://news.google.com/rss/articles/CBMi0wFBVV95cUxNcUFUdkw3Vm5vYUd3d1N3Q1FMZ3M3eDZRRHJGNzEwNExtaHdJLWRXVndXN1V2Ukc4d3hUbEtoT0RqUmpRRWVqbXM0REtHcTlsM29xekcxTWtnWVpXMnFIZmNXLTlnVTZ0WGRLYVNiOWtLYWZidHU1Y0U4ZnpXSkQtU0thZG9IelVKd01TU0c2WUdRNlZQMmJSUnN3aFhmemtVWUhlRHozWUFlZERMVlFhVXJpaVhWaWpkb2NuVURBZzhTRWU0S3puWFNyc2xpalRCc0pJ?oc=5,https://news.google.com/rss/articles/CBMi0wFBVV95cUxNcUFUdkw3Vm5vYUd3d1N3Q1FMZ3M3eDZRRHJGNzEwNExtaHdJLWRXVndXN1V2Ukc4d3hUbEtoT0RqUmpRRWVqbXM0REtHcTlsM29xekcxTWtnWVpXMnFIZmNXLTlnVTZ0WGRLYVNiOWtLYWZidHU1Y0U4ZnpXSkQtU0thZG9IelVKd01TU0c2WUdRNlZQMmJSUnN3aFhmemtVWUhlRHozWUFlZERMVlFhVXJpaVhWaWpkb2NuVURBZzhTRWU0S3puWFNyc2xpalRCc0pJ?oc=5
SPV_UNKNOWN,LOW,T-a46787d19976,SJVN,"Reliance, Sembcorp, BluPine, and ACME Win SJVN’s 1.5 GW FDRE Auction - Energetica India Magazine",Unclassified,1500.0,multi-winner award; per-winner capacity and SPV need a manual source,https://news.google.com/rss/articles/CBMiowFBVV95cUxQanVOemVxR1ZQMGZXRm9aLUVqdEdpTWlOamxsRE5CZGZsZjdjdEhtOHFkbkc4eFJQT2ZHNzZOcTFJQW1VSFNyS3FZaU5YOHBuYnVGTktIck1rZ2M5Ri1WR3F4NkVkVlRDVlR1WnVlbTlpblU5S0xIMUtLT05CUC1wQ3dnMGRlNXFGdXA4bFBiVXp6cnEzLWRfb01CM29HcXVza0Vv?oc=5,https://news.google.com/rss/articles/CBMiowFBVV95cUxQanVOemVxR1ZQMGZXRm9aLUVqdEdpTWlOamxsRE5CZGZsZjdjdEhtOHFkbkc4eFJQT2ZHNzZOcTFJQW1VSFNyS3FZaU5YOHBuYnVGTktIck1rZ2M5Ri1WR3F4NkVkVlRDVlR1WnVlbTlpblU5S0xIMUtLT05CUC1wQ3dnMGRlNXFGdXA4bFBiVXp6cnEzLWRfb01CM29HcXVza0Vv?oc=5
SPV_UNKNOWN,LOW,T-2316ce5c96dc,SECI,"SECI Awards 1,344 MW Pumped Storage Capacity To Greenko, Tata Power, And Torrent After Competitive Auction - SolarQuarte",Pumped Storage,1344.0,multi-winner award; per-winner capacity and SPV need a manual source,https://news.google.com/rss/articles/CBMi1wFBVV95cUxNZ0xiWWJZOThVejBNbXZ2SF9PTnNHZGRuam9HdXJzTWlXTnB1bzNlQWY3Zmg2TUtyazEwTHNld25DMmtjTGNkNEhWbk9OeWl4NkowSXY4WmVjU1ZFM0RKVy16LWlhR0J3aGFqX0tRelhhMXNER1dFY3FCS2Y3el8xMThzRmRhTXJ5ak1aeHpzMGNnX2FkRk1hTTlWNy0zWnVDbTNYRmhXRUJ2MlZCOEV0ZVRyWEZCa3BpcjFPNDFuZ04yc2NubVZEd3lUR0R0QnIxRlYtMlA4cw?oc=5,https://news.google.com/rss/articles/CBMi1wFBVV95cUxNZ0xiWWJZOThVejBNbXZ2SF9PTnNHZGRuam9HdXJzTWlXTnB1bzNlQWY3Zmg2TUtyazEwTHNld25DMmtjTGNkNEhWbk9OeWl4NkowSXY4WmVjU1ZFM0RKVy16LWlhR0J3aGFqX0tRelhhMXNER1dFY3FCS2Y3el8xMThzRmRhTXJ5ak1aeHpzMGNnX2FkRk1hTTlWNy0zWnVDbTNYRmhXRUJ2MlZCOEV0ZVRyWEZCa3BpcjFPNDFuZ04yc2NubVZEd3lUR0R0QnIxRlYtMlA4cw?oc=5
SPV_UNKNOWN,LOW,T-c99bd23af287,SECI,RfS for Setting up of 1200 MW ISTS-connected Solar PV Power Projects with 600 MW/3600 MWh ESS in India (SECI-ISTS-XXI),Solar,1200.0,multi-winner award; per-winner capacity and SPV need a manual source,https://www.seci.co.in/tender-details/YmJz,https://news.google.com/rss/articles/CBMi5wFBVV95cUxPMXVXMk1IRE5iUURFdE9WT05vSTJ6cXluRm5nN2l6N1pZSm5Wbjg3S08wdDFGRm4zTmZYemQyQW05VWhjS2k1SjFZOUZoazlYQkZOU3dqUFA4QXB0WWNEYXAzQmRmX0FObkJaWW9Zb0hnYVI5cUZiXzM1Z0YwZHhKRmJ4SFNTd015c0F3TGs4MlpGX3ZzdDJhTXZtOEdsVWJkN19fVWRxS0U5UlF1TENqb0tmQ0FzWVVUa2EzUUlRY1luZTN6UlYtT0xtSXZZelJsTTNiNVE3bXlsWXJSRXZqVm9qSWdVYkU?oc=5
SPV_UNKNOWN,LOW,c99bd23af287,SECI,RfS for Setting up of 1200 MW ISTS-connected Solar PV Power Projects with 600 MW/3600 MWh ESS in India (SECI-ISTS-XXI),Solar,1200.0,multi-winner award; per-winner capacity and SPV need a manual source,https://www.seci.co.in/tender-details/YmJz,https://news.google.com/rss/articles/CBMi5wFBVV95cUxPMXVXMk1IRE5iUURFdE9WT05vSTJ6cXluRm5nN2l6N1pZSm5Wbjg3S08wdDFGRm4zTmZYemQyQW05VWhjS2k1SjFZOUZoazlYQkZOU3dqUFA4QXB0WWNEYXAzQmRmX0FObkJaWW9Zb0hnYVI5cUZiXzM1Z0YwZHhKRmJ4SFNTd015c0F3TGs4MlpGX3ZzdDJhTXZtOEdsVWJkN19fVWRxS0U5UlF1TENqb0tmQ0FzWVVUa2EzUUlRY1luZTN6UlYtT0xtSXZZelJsTTNiNVE3bXlsWXJSRXZqVm9qSWdVYkU?oc=5
SPV_UNKNOWN,LOW,T-519bbe8b1f67,SECI,RfS for Setting up of 1200 MW ISTS-Connected Wind Power Projects in India (SECI-Tranche-XIX),Wind,1200.0,multi-winner award; per-winner capacity and SPV need a manual source,https://www.seci.co.in/tender-details/YmB1,https://news.google.com/rss/articles/CBMiywFBVV95cUxPRUh3ejNCaUhzWHQ0Wk8wSTFIb2pZTmRrd3FhYk5rNGRfcG5fTVYwbHNOd2lKelpQVUREMXFXaVhhYVRSNExVc2JTMDlHRXdWQUdMTUZabDRkaGdSc1FidF9iNVdxMHF0U1U2NTQ5Mlg1UEp2QUZEZ2lWWHZ2c216MTI3anU3eDRMcENUV2ZqdkszV1RDS2Y3aTA1WGF4UEhrX0Z6MkhldUVHaUFneHpYOEQ4OF9URk1PUHVRT0l2NnFjNXFjVmtHdWZvMNIB0AFBVV95cUxNS2ZmakVoY1dXMjdfY21KMHFiN2ZrOHRsQVBoWVZhUGQtWGJORWFrMk5QcWJyenJlVG84Rl83OTkxTmNPZUNKdXd0TG9vN29tVGZ5YmFZbUNGYUJ0elhwRlJKSVNyVXFtbllULVRYWVp4Wm10M1hERWFGWXNIQy1FYW12WHFFcjZzTUJZay1Zd21ReDhSaldQRnZWZlBRT0E1YzJpdll1ME82N3hsLWI5SjhlT3RlNnd0TVp6VTJnTnFmSUFZb3JBNnpyNm1qTjlm?oc=5
SPV_UNKNOWN,LOW,519bbe8b1f67,SECI,RfS for Setting up of 1200 MW ISTS-Connected Wind Power Projects in India (SECI-Tranche-XIX),Wind,1200.0,multi-winner award; per-winner capacity and SPV need a manual source,https://www.seci.co.in/tender-details/YmB1,https://news.google.com/rss/articles/CBMiywFBVV95cUxPRUh3ejNCaUhzWHQ0Wk8wSTFIb2pZTmRrd3FhYk5rNGRfcG5fTVYwbHNOd2lKelpQVUREMXFXaVhhYVRSNExVc2JTMDlHRXdWQUdMTUZabDRkaGdSc1FidF9iNVdxMHF0U1U2NTQ5Mlg1UEp2QUZEZ2lWWHZ2c216MTI3anU3eDRMcENUV2ZqdkszV1RDS2Y3aTA1WGF4UEhrX0Z6MkhldUVHaUFneHpYOEQ4OF9URk1PUHVRT0l2NnFjNXFjVmtHdWZvMNIB0AFBVV95cUxNS2ZmakVoY1dXMjdfY21KMHFiN2ZrOHRsQVBoWVZhUGQtWGJORWFrMk5QcWJyenJlVG84Rl83OTkxTmNPZUNKdXd0TG9vN29tVGZ5YmFZbUNGYUJ0elhwRlJKSVNyVXFtbllULVRYWVp4Wm10M1hERWFGWXNIQy1FYW12WHFFcjZzTUJZay1Zd21ReDhSaldQRnZWZlBRT0E1YzJpdll1ME82N3hsLWI5SjhlT3RlNnd0TVp6VTJnTnFmSUFZb3JBNnpyNm1qTjlm?oc=5
SPV_UNKNOWN,LOW,T-0185fd440346,NHPC,NHPC Awards 1.2 GW Jalaun Solar Park Project At ₹2.73/kWh To Coal India And NLC India Renewables - SolarQuarter,Solar,1200.0,multi-winner award; per-winner capacity and SPV need a manual source,https://news.google.com/rss/articles/CBMi2AFBVV95cUxPNjVrVktSeUhnMndQWnJGTm5VWldHbG5pc2FsbTJaZmExdjh4TGdydHBiXy1KYWo2RElNM1ozNFJzblppNjdJN25mX1FXNXg4Sm83TU9MYk1ZUHQxOWw0R1J0RDRqRVVta3VqcjhLd3BpSEV2cVdTdWtuU0ViaVhPR1BveUdkM3A4RXdSSEVXMXVJdkl5WWRtMTUtWEg0RmptRVBlblFLaU5hZi1iYVdpRW5lZHp3V1N2QWpEUzk1RGhsWTk0QUZxUXZGS0ZCX3BCQlhvSmtVMno?oc=5,https://news.google.com/rss/articles/CBMi2AFBVV95cUxPNjVrVktSeUhnMndQWnJGTm5VWldHbG5pc2FsbTJaZmExdjh4TGdydHBiXy1KYWo2RElNM1ozNFJzblppNjdJN25mX1FXNXg4Sm83TU9MYk1ZUHQxOWw0R1J0RDRqRVVta3VqcjhLd3BpSEV2cVdTdWtuU0ViaVhPR1BveUdkM3A4RXdSSEVXMXVJdkl5WWRtMTUtWEg0RmptRVBlblFLaU5hZi1iYVdpRW5lZHp3V1N2QWpEUzk1RGhsWTk0QUZxUXZGS0ZCX3BCQlhvSmtVMno?oc=5
SPV_UNKNOWN,LOW,T-0057baebc545,NHPC,"Coal India, NLC India Renewables Win NHPC’s 1,200 MW Solar Auction in Uttar Pradesh - Energetica India Magazine",Solar,1200.0,multi-winner award; per-winner capacity and SPV need a manual source,https://news.google.com/rss/articles/CBMiugFBVV95cUxNQ3lpeGJXclUwN3g3QUVBOU5BcVlhQVdoVUNXd2dMcUpQaG9kTXMtSHlqWjhIRTl5MDI1ZzBQUEFsbWpUcDhkUFdRWTZ2c3NwWUUzaF9McTJWWG84TXM0eTVzaElrQUplR083bGVRSXRQNUx2TzA2YkxDZ090a1AwUXlXM3pfdmpvWl85eXNva2YzeHdrV1BkSml1U2RyYmZWZ21NNGJLQUhYN0QzUWVJNWhUNnJLbFNndEE?oc=5,https://news.google.com/rss/articles/CBMiugFBVV95cUxNQ3lpeGJXclUwN3g3QUVBOU5BcVlhQVdoVUNXd2dMcUpQaG9kTXMtSHlqWjhIRTl5MDI1ZzBQUEFsbWpUcDhkUFdRWTZ2c3NwWUUzaF9McTJWWG84TXM0eTVzaElrQUplR083bGVRSXRQNUx2TzA2YkxDZ090a1AwUXlXM3pfdmpvWl85eXNva2YzeHdrV1BkSml1U2RyYmZWZ21NNGJLQUhYN0QzUWVJNWhUNnJLbFNndEE?oc=5
SPV_UNKNOWN,LOW,T-d97c5c358ed7,NLC India,"ENGIE, NLC India, Rays Power & Oriana Bag SECI 1200 MW Solar With 6-Hr BESS Tender - Saur Energy",Solar + Storage,1200.0,multi-winner award; per-winner capacity and SPV need a manual source,https://news.google.com/rss/articles/CBMizAFBVV95cUxNYXV1cGxJd1JXTE1ISllpalAyMzFkNUI4YV9zQ010dkhOeUZfLVJiN2hYblN2SktIVmlrbk5vcENmUXFDOTFDQjh2UllVWlItMjItMHgwc28tdmlNajNIZ09oSjEtZXlrd19wWFkzUXRhN3BNbjZqcG1rMzl1R2g1UHNSeC1zakt6Smw1NktFUWZ3TTUwUEVzcVlsSW1pZlZZaVpzVjVhUE1hSWJBUm5GdktfYWx1UUkxLXZ3THhlQUJucHJ5LXpycDB0R00?oc=5,https://news.google.com/rss/articles/CBMizAFBVV95cUxNYXV1cGxJd1JXTE1ISllpalAyMzFkNUI4YV9zQ010dkhOeUZfLVJiN2hYblN2SktIVmlrbk5vcENmUXFDOTFDQjh2UllVWlItMjItMHgwc28tdmlNajNIZ09oSjEtZXlrd19wWFkzUXRhN3BNbjZqcG1rMzl1R2g1UHNSeC1zakt6Smw1NktFUWZ3TTUwUEVzcVlsSW1pZlZZaVpzVjVhUE1hSWJBUm5GdktfYWx1UUkxLXZ3THhlQUJucHJ5LXpycDB0R00?oc=5
SPV_UNKNOWN,LOW,T-23a801be8353,SECI,"KP Energy, Waaree, Zelestra, Purvah Green Among Winners in SECI’s 1,200 MW Wind Power Auction - Energetica India Magazin",Wind,1200.0,multi-winner award; per-winner capacity and SPV need a manual source,https://news.google.com/rss/articles/CBMixAFBVV95cUxONVlGN2NBUnV4UXlKVm1WYWFLa1VuT1hQUDRFdTZaNWVoSUtvVnVodXd4U2JqMVFaQUV2N0liVXNqd0k0cjVfZU0zOV9pcmNJZ1ZyZ1RvWHotLXZzSlRONjA1ZVNqVW1acFl6LTJqR1RJSEdDTjRWejFYM0lRRHZDR2NLM2tjNjAzMjY4cUFXSWdsTl9SUFpaM2dqV3o3SVVJUmpNRFJLMUNZZFJhMVFwbWwyRmhJTl94enp1TzFwSTBqMkQ2?oc=5,https://news.google.com/rss/articles/CBMixAFBVV95cUxONVlGN2NBUnV4UXlKVm1WYWFLa1VuT1hQUDRFdTZaNWVoSUtvVnVodXd4U2JqMVFaQUV2N0liVXNqd0k0cjVfZU0zOV9pcmNJZ1ZyZ1RvWHotLXZzSlRONjA1ZVNqVW1acFl6LTJqR1RJSEdDTjRWejFYM0lRRHZDR2NLM2tjNjAzMjY4cUFXSWdsTl9SUFpaM2dqV3o3SVVJUmpNRFJLMUNZZFJhMVFwbWwyRmhJTl94enp1TzFwSTBqMkQ2?oc=5
SPV_UNKNOWN,LOW,T-95125eeeb3d5,SECI,"SECI Awards 1.2 GW/4.8 GWh FDRE-VII Peak Power Tender To Serentica Renewables, Adyant Enerso, AMPIN Energy, And ACME Sol",Solar,1200.0,multi-winner award; per-winner capacity and SPV need a manual source,https://news.google.com/rss/articles/CBMi4gFBVV95cUxNVDNZY3dONm1qaW95LUJQM3Z2NlY2bVVfc3lKZ19DVHZfRDhXcVZ1V1BBdnBWc0V3dWkwUW10YWFOa1ktWE5EOXowSEVqWDlKaFBVSkR3eEpHWi14S0h1dWtrcjhqWThFSXVpcktzSTNIclNucjN3VGpnM05XVzJEZThGX2xTbkFHZTQ5bW9wU0w0akJGVDVFYlhiUVVzd0doaG9UVG1fOUllZDNJNW1OY1JLejk5ZEJKVC1MM3JIeUl1QTR6cjkyQTlua3hkekpfdVo3TlVCUDFDMklnczB5VjhB?oc=5,https://news.google.com/rss/articles/CBMi4gFBVV95cUxNVDNZY3dONm1qaW95LUJQM3Z2NlY2bVVfc3lKZ19DVHZfRDhXcVZ1V1BBdnBWc0V3dWkwUW10YWFOa1ktWE5EOXowSEVqWDlKaFBVSkR3eEpHWi14S0h1dWtrcjhqWThFSXVpcktzSTNIclNucjN3VGpnM05XVzJEZThGX2xTbkFHZTQ5bW9wU0w0akJGVDVFYlhiUVVzd0doaG9UVG1fOUllZDNJNW1OY1JLejk5ZEJKVC1MM3JIeUl1QTR6cjkyQTlua3hkekpfdVo3TlVCUDFDMklnczB5VjhB?oc=5
SPV_UNKNOWN,LOW,T-8c6effe8e9f8,SECI,"Hero Future, Rays Power, Resolven, Hexa, Juniper Among Winners in SECI’s 1 GW FDRE Auction - Energetica India Magazine",Unclassified,1000.0,multi-winner award; per-winner capacity and SPV need a manual source,https://news.google.com/rss/articles/CBMiwAFBVV95cUxQcElNVl96N25sc2xRdHRRTUhMZ2lJM1lHZUl1dU03Q0ZGME9RbHZaWGxBUWtHX1FKTUJ2eEcwS1FDcnAyUHJ5Zm9Yd3BKOE9TTG5WNGpfZFgzb01VOVJZZDExNUxQVWRtWi12Z0xQS1lkcjFYOFdDLWpMQ3lXcjVpTVhMNlp0cVdYdWZPRVhCVjRnV3VORTIzSUM3UzdHREp4U0hmcVQwVjJlY1VQRXlRc242MFNJUUVmdGJNMEpYelY?oc=5,https://news.google.com/rss/articles/CBMiwAFBVV95cUxQcElNVl96N25sc2xRdHRRTUhMZ2lJM1lHZUl1dU03Q0ZGME9RbHZaWGxBUWtHX1FKTUJ2eEcwS1FDcnAyUHJ5Zm9Yd3BKOE9TTG5WNGpfZFgzb01VOVJZZDExNUxQVWRtWi12Z0xQS1lkcjFYOFdDLWpMQ3lXcjVpTVhMNlp0cVdYdWZPRVhCVjRnV3VORTIzSUM3UzdHREp4U0hmcVQwVjJlY1VQRXlRc242MFNJUUVmdGJNMEpYelY?oc=5
SPV_UNKNOWN,LOW,T-8a50373c8d89,SJVN,"KP Group, UPC Renewables, Datta Infra, Resolven Win SJVN’s 600 MW Wind Auction - Energetica India Magazine",Wind,600.0,multi-winner award; per-winner capacity and SPV need a manual source,https://news.google.com/rss/articles/CBMisgFBVV95cUxOMGI3eS1uaklneERJQnc5bjJ2QlZsUXdlbW5aVlFnOHF0WTRCSUV0ZGJEc1g4QURZX2FMb2NMVmhhZG9iS0hzSGZ0UXNxb0pnOTVWS1g1bVBtRWJKU1NXRmRPUmxfaUZsR3dpX19lYk9wRW92WXBwSGU1WHo5SXFNS1VUOEhESFdpRDhROFlKelpiWmdSZDZwUFdFeHppbldmUnpTWUFVLXZVblJXOWdjN2p3?oc=5,https://news.google.com/rss/articles/CBMisgFBVV95cUxOMGI3eS1uaklneERJQnc5bjJ2QlZsUXdlbW5aVlFnOHF0WTRCSUV0ZGJEc1g4QURZX2FMb2NMVmhhZG9iS0hzSGZ0UXNxb0pnOTVWS1g1bVBtRWJKU1NXRmRPUmxfaUZsR3dpX19lYk9wRW92WXBwSGU1WHo5SXFNS1VUOEhESFdpRDhROFlKelpiWmdSZDZwUFdFeHppbldmUnpTWUFVLXZVblJXOWdjN2p3?oc=5
SPV_UNKNOWN,LOW,T-d9717b535ee9,NTPC,NTPC REL Wins 500 MW SECI Renewable Contract At Rs 6 per kWh - Construction World,Unclassified,500.0,multi-winner award; per-winner capacity and SPV need a manual source,https://news.google.com/rss/articles/CBMi4gFBVV95cUxPd296c2F1UU96M25sUV9GSmRDLVFEZndIcU9XWXFMTUFtRTJoZGgwOU9VUzR0X2d5WUl1UzFwRzZwLVhVd21lcXRRVHcybUVrT1dMSTR3dmtzVVhCTUlHVnNORlV2OWlvMThlamI3UFdFaVZyM2tQYnVza0l2WVRuS2xIcHlfa0RIenZJdDBSQmhQNndyV0JRX1Y5UGhMSUlxMVk0aFluamZHeFQtZU85WlhmNkpaVFUwODVUb3h4azhRMUo1czlWaFFES3ZONUtuZGI2Y0N4NVo4ZEVTZG5QSW93?oc=5,https://news.google.com/rss/articles/CBMi4gFBVV95cUxPd296c2F1UU96M25sUV9GSmRDLVFEZndIcU9XWXFMTUFtRTJoZGgwOU9VUzR0X2d5WUl1UzFwRzZwLVhVd21lcXRRVHcybUVrT1dMSTR3dmtzVVhCTUlHVnNORlV2OWlvMThlamI3UFdFaVZyM2tQYnVza0l2WVRuS2xIcHlfa0RIenZJdDBSQmhQNndyV0JRX1Y5UGhMSUlxMVk0aFluamZHeFQtZU85WlhmNkpaVFUwODVUb3h4azhRMUo1czlWaFFES3ZONUtuZGI2Y0N4NVo4ZEVTZG5QSW93?oc=5
SPV_UNKNOWN,LOW,T-d287d11834a0,SJVN Green Energy,"ACME Solar bags 400 MW firm, dispatchable renewable project from SJVN - Business Standard",Solar,400.0,multi-winner award; per-winner capacity and SPV need a manual source,https://news.google.com/rss/articles/CBMi0wFBVV95cUxPSXFKLURtVWtyNU9mV3NnNnQwU2RiX3g2WlJqY2dablRuaFZkT2o3R244TjlqNnJiTF95cm1zbXVwY2dGMjN5Wmd4ZHdNZW93VjU5MVFtU1BoY3kzNTBGWnF0UVU0eU5HSjZtUDZvV0Y2dWFPYWtJVGEyWnNjZ0daRDR2cEpVNlJVdHM4UkJvMDhScDB0VmdhS01YQ2lGX2ZIQ2tneEY4ek5zbWxRT19LZlhXU280d0RKdU9uUTVqMEtLZmJrTG41Y25TU0hPZVAzRzJR0gHYAUFVX3lxTE9FX1JSZkx0c3FQbkdQdmZ5cl9yVHNOd2p2R09BczdqWjhoZ1o3STE3RTZqUDktRVN3TjlnWHJpUDItUk40cGQwbHJTLUQ0LUtVNjY2bEdJSDNqZ0VMc0xUbm9uRUdfZHlEdG9PZVdjUHZ4cnZWSkJxMkczaUlwSmRFSjZJdG5aN01fQWZhMjltYmNwTl8tS3g4MHdYbVA1bFFfd0ZfVXppYUFjVUxONGgwVFNoUWNRcmNoSy10RHluVHNZcy12eHUwbW5xY2dRV0ZmbVFkQUx3YQ?oc=5,https://news.google.com/rss/articles/CBMi0wFBVV95cUxPSXFKLURtVWtyNU9mV3NnNnQwU2RiX3g2WlJqY2dablRuaFZkT2o3R244TjlqNnJiTF95cm1zbXVwY2dGMjN5Wmd4ZHdNZW93VjU5MVFtU1BoY3kzNTBGWnF0UVU0eU5HSjZtUDZvV0Y2dWFPYWtJVGEyWnNjZ0daRDR2cEpVNlJVdHM4UkJvMDhScDB0VmdhS01YQ2lGX2ZIQ2tneEY4ek5zbWxRT19LZlhXU280d0RKdU9uUTVqMEtLZmJrTG41Y25TU0hPZVAzRzJR0gHYAUFVX3lxTE9FX1JSZkx0c3FQbkdQdmZ5cl9yVHNOd2p2R09BczdqWjhoZ1o3STE3RTZqUDktRVN3TjlnWHJpUDItUk40cGQwbHJTLUQ0LUtVNjY2bEdJSDNqZ0VMc0xUbm9uRUdfZHlEdG9PZVdjUHZ4cnZWSkJxMkczaUlwSmRFSjZJdG5aN01fQWZhMjltYmNwTl8tS3g4MHdYbVA1bFFfd0ZfVXppYUFjVUxONGgwVFNoUWNRcmNoSy10RHluVHNZcy12eHUwbW5xY2dRV0ZmbVFkQUx3YQ?oc=5
SPV_UNKNOWN,LOW,T-948bf847c4a1,GUVNL,"GUVNL Awards 250 MW Wind Project to KPI, Juniper, Jakson Green & Inox - Saur Energy",Wind,250.0,multi-winner award; per-winner capacity and SPV need a manual source,https://news.google.com/rss/articles/CBMirwFBVV95cUxOdS1faFdQWUNtbjFSMFBJM00wMmtIS0VYWkFJT1BkWEhOaThBQkhOUTQ4VFFFT2hDQ1lWWmlnejZzUHNLSUVsX0hGazhHWnhlckVGclRyMGRmMDdOWjhOdjZUWHNQdkFDWlhOblZyelpiRkxsMGdiM3I1M1VUVFotU3U1N1JUeW1LdDZhNjVtTVFLZ3JUbl9uOTlZMzhiREdJXzdXN05wV3hYd3VBQWpZ?oc=5,https://news.google.com/rss/articles/CBMirwFBVV95cUxOdS1faFdQWUNtbjFSMFBJM00wMmtIS0VYWkFJT1BkWEhOaThBQkhOUTQ4VFFFT2hDQ1lWWmlnejZzUHNLSUVsX0hGazhHWnhlckVGclRyMGRmMDdOWjhOdjZUWHNQdkFDWlhOblZyelpiRkxsMGdiM3I1M1VUVFotU3U1N1JUeW1LdDZhNjVtTVFLZ3JUbl9uOTlZMzhiREdJXzdXN05wV3hYd3VBQWpZ?oc=5
SPV_UNKNOWN,LOW,T-956d86e85998,NLC India,"GUVNL Awards 250 MW Phase XI Wind Projects To NLC India Renewables, Juniper Green, Powerica & Cu-Built At INR3.51/kWh - ",Wind,250.0,multi-winner award; per-winner capacity and SPV need a manual source,https://news.google.com/rss/articles/CBMi4wFBVV95cUxQeWlkdDVadzlRTVlxX1FVYllUOTRVY01KaWlvanJXSk82cktfa0MyOTJuM211RWRCY1kwWklJV3NTOGdndmxBX3BzeEFCbE9qRnpVQ1I3S290QVl1VWVzY0V2T2lVVG5WTVBfQkFFdldYQUxvRmNJSmYwbVNVU09vTXl6dGxQOVBUQ3B0UkdKa1lBYk1LNXNUcnNMZG95V24zMExmUDNOUFhqekJaRjBiandPa2J4dmRyVEtYNExLVmlwSXB1WFZhd01oMERCRVhkUUtvcjhidXNob0tEVTlEeGY4MNIB6AFBVV95cUxPZENNdENxLTYzckdwZFA0YTRJcHk5RzlBM0tZWE5mMVlZT0ptTS1QdWRRTng1Mnp3N1hnc1hNdG9sLTlFZXdGOFJ0bjd1c1dyVTFLSVlpY3JwN3JmRVlKRnpfQTkxbzlJamM1Z0hSZmFvSnRWekZmSW5vYlBvVENodzVlb2pkOV9UX21lVFN4ZHg0QmhBNU8wNDFMY1hWT2NTdWlWR1Y2cm5YZGJ6aTdldzlhaUJDTVlkYThLUGJOZFNLd0ZVMFQ2WjdWTngxMlJiSHNMSFBwVm5QSmVaV0ZPaVJJMmxnbHdu?oc=5,https://news.google.com/rss/articles/CBMi4wFBVV95cUxQeWlkdDVadzlRTVlxX1FVYllUOTRVY01KaWlvanJXSk82cktfa0MyOTJuM211RWRCY1kwWklJV3NTOGdndmxBX3BzeEFCbE9qRnpVQ1I3S290QVl1VWVzY0V2T2lVVG5WTVBfQkFFdldYQUxvRmNJSmYwbVNVU09vTXl6dGxQOVBUQ3B0UkdKa1lBYk1LNXNUcnNMZG95V24zMExmUDNOUFhqekJaRjBiandPa2J4dmRyVEtYNExLVmlwSXB1WFZhd01oMERCRVhkUUtvcjhidXNob0tEVTlEeGY4MNIB6AFBVV95cUxPZENNdENxLTYzckdwZFA0YTRJcHk5RzlBM0tZWE5mMVlZT0ptTS1QdWRRTng1Mnp3N1hnc1hNdG9sLTlFZXdGOFJ0bjd1c1dyVTFLSVlpY3JwN3JmRVlKRnpfQTkxbzlJamM1Z0hSZmFvSnRWekZmSW5vYlBvVENodzVlb2pkOV9UX21lVFN4ZHg0QmhBNU8wNDFMY1hWT2NTdWlWR1Y2cm5YZGJ6aTdldzlhaUJDTVlkYThLUGJOZFNLd0ZVMFQ2WjdWTngxMlJiSHNMSFBwVm5QSmVaV0ZPaVJJMmxnbHdu?oc=5
SPV_UNKNOWN,LOW,T-62c2fe187de2,SECI,Juniper Green Energy Wins 230 MW in SECI’s 1 GW FDRE Round-the-Clock Renewable Energy Tender - SolarQuarter,Unclassified,230.0,multi-winner award; per-winner capacity and SPV need a manual source,https://news.google.com/rss/articles/CBMixwFBVV95cUxQQnBqS1NBUmJsR1lGMVUyZDdudkc1Z1RIc0ZlNW5iXzRqSEs1Skh2amlKZXhBZ05oMFFsTnhHMXYyQ3ZNcFZWdS1sSWUtczZXR0U5MjhDQkZveTk0UjJrdkltSDhFOE02T3ZuTWVmLWI4aDdMNUl5NGl1T00tN2Y0YTZkNWFkOUZGTEpLNDFUdFEwM3FBUUE4dmhjaVJNcHNDX3RwRl9CaERuR25tMDVBRFFsSXF1T0ZOWmM0ejd6aTZFUXdBY0hr?oc=5,https://news.google.com/rss/articles/CBMixwFBVV95cUxQQnBqS1NBUmJsR1lGMVUyZDdudkc1Z1RIc0ZlNW5iXzRqSEs1Skh2amlKZXhBZ05oMFFsTnhHMXYyQ3ZNcFZWdS1sSWUtczZXR0U5MjhDQkZveTk0UjJrdkltSDhFOE02T3ZuTWVmLWI4aDdMNUl5NGl1T00tN2Y0YTZkNWFkOUZGTEpLNDFUdFEwM3FBUUE4dmhjaVJNcHNDX3RwRl9CaERuR25tMDVBRFFsSXF1T0ZOWmM0ejd6aTZFUXdBY0hr?oc=5
SPV_UNKNOWN,LOW,T-2d18ce3f4793,SJVN,Sembcorp secures 150 MW firm renewable project from SJVN - ET EnergyWorld,Unclassified,150.0,multi-winner award; per-winner capacity and SPV need a manual source,https://news.google.com/rss/articles/CBMiwwFBVV95cUxOVGxhWWFJUU9oSmJjMHU3eVdaQl9jMEpWWUxHRHdwbS03amRUc3QyMURkcUFobjNIWW13VG1mWnhuam9PeUl2TVJMU080V0pKc2x2S0ZNODJDaUNmazgxOWItdUgtaENvc3NmbVZXUlpaa2xFRHJqa01CbnlGYTBBYnpkX3J0NE42OUtoWU9oeGdDRGRFbS0tU3hCeGE1WTN0YjV4OVRSLWM1RVhkMktBN2puclV6c1FaN1FPSFRjTDdkd3fSAcgBQVVfeXFMUHlFLXg0cUtiV2Y4QmlQdFN4dlkxdkNoS0JTeEtwUm13SkdFZGZGZV9HaklzWDNiLTAtVUEyak52cWRiVWJ4Q0FPUDYzbl9xQk05d2NCQV94S0tPaG1KZkU3d1VEcFk0bVBnaC1lZXZ3WVZyQ0d2aEF6YU5xNUN1VmhtTUVkdllDMWJzVkd1cF9TZUN0cTBJb3VTZ1dVLWhjOFN3VDZVaURwb2dVM2NJcnZKT0tvSDRVZ1dPMlhjMDFpLXhhTTF5T1A?oc=5,https://news.google.com/rss/articles/CBMiwwFBVV95cUxOVGxhWWFJUU9oSmJjMHU3eVdaQl9jMEpWWUxHRHdwbS03amRUc3QyMURkcUFobjNIWW13VG1mWnhuam9PeUl2TVJMU080V0pKc2x2S0ZNODJDaUNmazgxOWItdUgtaENvc3NmbVZXUlpaa2xFRHJqa01CbnlGYTBBYnpkX3J0NE42OUtoWU9oeGdDRGRFbS0tU3hCeGE1WTN0YjV4OVRSLWM1RVhkMktBN2puclV6c1FaN1FPSFRjTDdkd3fSAcgBQVVfeXFMUHlFLXg0cUtiV2Y4QmlQdFN4dlkxdkNoS0JTeEtwUm13SkdFZGZGZV9HaklzWDNiLTAtVUEyak52cWRiVWJ4Q0FPUDYzbl9xQk05d2NCQV94S0tPaG1KZkU3d1VEcFk0bVBnaC1lZXZ3WVZyQ0d2aEF6YU5xNUN1VmhtTUVkdllDMWJzVkd1cF9TZUN0cTBJb3VTZ1dVLWhjOFN3VDZVaURwb2dVM2NJcnZKT0tvSDRVZ1dPMlhjMDFpLXhhTTF5T1A?oc=5
SPV_UNKNOWN,LOW,T-58954615e819,SJVN,"Reliance, ACME, and Sembcorp secure major wins in SJVN’s 6 GWh tender for dispatchable renewable power - ESS News",Unclassified,,multi-winner award; per-winner capacity and SPV need a manual source,https://news.google.com/rss/articles/CBMi0gFBVV95cUxPUjlrRGtJdUIyT3piX1M3Qm5vdkYySnAxYXlIeHpoUjY0eDFvTjZ0RXNvMWFvbm5xR0lzb3M3eDVzUy1VQnhNMTU5TjlYb3Vid2xhOUlTVGtNOFhiSDZleUdpSmxIQXh4U3o5MGFraTNjb3QwUGdLam9tdkN6bXhoRmVJSGlBaVdkc3lROU5CM3dzb2FzdTFBdHoxS1RUWmZhQmxKX3QwNEJtYmRlak1GUENZT25Ha2d3b0l5SkNfTTFRUUNTY1FOc3ZjY0t2OHFOdmc?oc=5,https://news.google.com/rss/articles/CBMi0gFBVV95cUxPUjlrRGtJdUIyT3piX1M3Qm5vdkYySnAxYXlIeHpoUjY0eDFvTjZ0RXNvMWFvbm5xR0lzb3M3eDVzUy1VQnhNMTU5TjlYb3Vid2xhOUlTVGtNOFhiSDZleUdpSmxIQXh4U3o5MGFraTNjb3QwUGdLam9tdkN6bXhoRmVJSGlBaVdkc3lROU5CM3dzb2FzdTFBdHoxS1RUWmZhQmxKX3QwNEJtYmRlak1GUENZT25Ha2d3b0l5SkNfTTFRUUNTY1FOc3ZjY0t2OHFOdmc?oc=5
