Award Status,Tender Date,Issuing Authority,Tender / RfS Number,Tender Title,Winning Bidder,Winner Count,Awarded Capacity MW,Tariff,Tariff Unit,Tariff Status,Technology,Capacity MW,State,Tender Deadline,Award Date,Expected COD,Actual COD,COD Basis,Procurer / Offtaker,Project / SPV,Tender Details,Source URL,Award URL,Source Type,Confidence,Quality Grade,Freshness,Last Verified,Tender Status,TenderKey,AwardID
Awarded,,SECI,,"SECI Awards 8.6 GW of ISTS Renewable Energy Projects Across Solar, Hybrid And Storage Tenders - SolarQuarter",Renew,1,8600.0,,,,Solar + Storage,8600.0,,,2026-06-26,2028-06-26,,Derived: 24 months from award (Solar + Storage),SECI,,Tender · news-derived record,https://news.google.com/rss/articles/CBMiyAFBVV95cUxNVHlsTTB4RHBoOGtOal9nU001Q3FGUXNLVXFmdWdFeWNoZnRnNExuUHBtMnJCcUJaM0c2MGtZZE44dnRNbXBpOC0xOWliZ1NoUHY5YUpGT2ROUVhXc19URmdEeURPNFB6WjZpRmN2cTk5ZFd3dnJiQ2p1bTFsUl9BQ1J1VXdJbVFEMlVtMGxuVVU0Z1c1LUZEUndfSGlOemVkMFlXQ19rU2pPUk8xN09lZkxLUFlGSWh4d01RX1lwUWlNaDgtMUZjcw?oc=5,https://news.google.com/rss/articles/CBMiyAFBVV95cUxNVHlsTTB4RHBoOGtOal9nU001Q3FGUXNLVXFmdWdFeWNoZnRnNExuUHBtMnJCcUJaM0c2MGtZZE44dnRNbXBpOC0xOWliZ1NoUHY5YUpGT2ROUVhXc19URmdEeURPNFB6WjZpRmN2cTk5ZFd3dnJiQ2p1bTFsUl9BQ1J1VXdJbVFEMlVtMGxuVVU0Z1c1LUZEUndfSGlOemVkMFlXQ19rU2pPUk8xN09lZkxLUFlGSWh4d01RX1lwUWlNaDgtMUZjcw?oc=5,Industry publication,Press report - verify,D,Fresh,,Closed,T-f1715ae5dae5,T-f1715ae5dae5-01
Awarded,,MSEDCL,,"Adani Power Wins MSEDCL's 2,500 MW Renewable RTC Power Supply Contract - energetica-india.net",Adani Power,2,,,,,Round-the-Clock / CfD / Trading,2500.0,,,2026-04-07,2028-04-07,,Derived: 24 months from award (Round-the-Clock / CfD / Trading),MSEDCL,,Tender · news-derived record,https://news.google.com/rss/articles/CBMiqgFBVV95cUxQZ1lsbUpQbElWV0w4OUtXSVZyX2dBY1Z0cVhpQzZnaWJFeG43LVJQYUZNbGdsY09TaUpTdWpSdlhUUGttR1QwbzFaeUpXMENuZ0VVM3pUMEl1X3A1Q3FRSjJIaEkzNVpsVkZlYWEya2pRVHdKQXotTkJLNi03REpTZFlHamRKdGhGOEl1UjNCUnlhdUJnMDdPUUtNY3BCQVhZYzJlTnpjMlZBUQ?oc=5,https://news.google.com/rss/articles/CBMiqgFBVV95cUxQZ1lsbUpQbElWV0w4OUtXSVZyX2dBY1Z0cVhpQzZnaWJFeG43LVJQYUZNbGdsY09TaUpTdWpSdlhUUGttR1QwbzFaeUpXMENuZ0VVM3pUMEl1X3A1Q3FRSjJIaEkzNVpsVkZlYWEya2pRVHdKQXotTkJLNi03REpTZFlHamRKdGhGOEl1UjNCUnlhdUJnMDdPUUtNY3BCQVhZYzJlTnpjMlZBUQ?oc=5,Industry publication,Press report - verify,D,Fresh,,Closed,T-172f6093be8e,T-172f6093be8e-01
Awarded,,MSEDCL,,"Adani Power Wins MSEDCL's 2,500 MW Renewable RTC Power Supply Contract - energetica-india.net",Renew,2,,,,,Round-the-Clock / CfD / Trading,2500.0,,,2026-04-07,2028-04-07,,Derived: 24 months from award (Round-the-Clock / CfD / Trading),MSEDCL,,Tender · news-derived record,https://news.google.com/rss/articles/CBMiqgFBVV95cUxQZ1lsbUpQbElWV0w4OUtXSVZyX2dBY1Z0cVhpQzZnaWJFeG43LVJQYUZNbGdsY09TaUpTdWpSdlhUUGttR1QwbzFaeUpXMENuZ0VVM3pUMEl1X3A1Q3FRSjJIaEkzNVpsVkZlYWEya2pRVHdKQXotTkJLNi03REpTZFlHamRKdGhGOEl1UjNCUnlhdUJnMDdPUUtNY3BCQVhZYzJlTnpjMlZBUQ?oc=5,https://news.google.com/rss/articles/CBMiqgFBVV95cUxQZ1lsbUpQbElWV0w4OUtXSVZyX2dBY1Z0cVhpQzZnaWJFeG43LVJQYUZNbGdsY09TaUpTdWpSdlhUUGttR1QwbzFaeUpXMENuZ0VVM3pUMEl1X3A1Q3FRSjJIaEkzNVpsVkZlYWEya2pRVHdKQXotTkJLNi03REpTZFlHamRKdGhGOEl1UjNCUnlhdUJnMDdPUUtNY3BCQVhZYzJlTnpjMlZBUQ?oc=5,Industry publication,Press report - verify,D,Fresh,,Closed,T-172f6093be8e,T-172f6093be8e-02
Awarded,,MSEDCL,,"Adani Power Secures 2,500 MW RE RTC Supply Deal With MSEDCL - solarquarter.com",Adani Power,1,2500.0,,,,Round-the-Clock / CfD / Trading,2500.0,,,2026-04-06,2028-04-06,,Derived: 24 months from award (Round-the-Clock / CfD / Trading),MSEDCL,,Tender · news-derived record,https://news.google.com/rss/articles/CBMimwFBVV95cUxPZWNZNXdpMk4xckozclFCY1l3U0hmODZvVUdib3k4Rl9xOVZjeHIwcUI0aHZBcFFqWFhIdjktaFNnMHZ0UVRNRjJYWUV5R0I1U2ZjNDJwVEN0dkJrbU8zWEJFY1lSZTEzSElDRjJpV25QZkN3a0kyTkVXVG40c0FVX1A5ZEF5dW5Ldzd1T19YdmJfemNqYjRkcE5iMA?oc=5,https://news.google.com/rss/articles/CBMimwFBVV95cUxPZWNZNXdpMk4xckozclFCY1l3U0hmODZvVUdib3k4Rl9xOVZjeHIwcUI0aHZBcFFqWFhIdjktaFNnMHZ0UVRNRjJYWUV5R0I1U2ZjNDJwVEN0dkJrbU8zWEJFY1lSZTEzSElDRjJpV25QZkN3a0kyTkVXVG40c0FVX1A5ZEF5dW5Ldzd1T19YdmJfemNqYjRkcE5iMA?oc=5,Industry publication,Press report - verify,D,Fresh,,Closed,T-ff2d1ff995b7,T-ff2d1ff995b7-01
Awarded,,SECI,,"Purvah, SAEL Among Winners of SECI’s 2 GW Solar, 4 GWh Energy Storage Auction - Mercomindia.com",SAEL,1,2000.0,,,,Solar + Storage,2000.0,,,2025-11-08,2027-11-08,,Derived: 24 months from award (Solar + Storage),SECI,,Tender · news-derived record,https://news.google.com/rss/articles/CBMinwFBVV95cUxNa093ZGg5dFlMSkNKTVZKV2ZfRzEwdkhNN25DVk9Nd2RIUzA5NlhQOVRucHhIbTMtZ2ZKV3ZLdDA2UURISjJDRjlqVDhkVF9iUnhLdjdvcmJJSGx4M0hHQ3gzQVU4QlhGSmh1WmItYUV3MFd5bWllSmhKS0o0UXc0dU16ei0tTXNsUnRLWExiUm9LZUxhMDZZNHdJU2lYNXM?oc=5,https://news.google.com/rss/articles/CBMinwFBVV95cUxNa093ZGg5dFlMSkNKTVZKV2ZfRzEwdkhNN25DVk9Nd2RIUzA5NlhQOVRucHhIbTMtZ2ZKV3ZLdDA2UURISjJDRjlqVDhkVF9iUnhLdjdvcmJJSGx4M0hHQ3gzQVU4QlhGSmh1WmItYUV3MFd5bWllSmhKS0o0UXc0dU16ei0tTXNsUnRLWExiUm9LZUxhMDZZNHdJU2lYNXM?oc=5,Industry publication,Press report - verify,D,Fresh,,Closed,T-fbcb1c127eb4,T-fbcb1c127eb4-01
Awarded,,MPPMCL,,Adani Power Secures LoA for total 1600 MW Capacity from MPPMCL - Adani,Adani Power,1,1600.0,,,,Unclassified,1600.0,,,2025-09-11,2027-09-11,,Derived: 24 months from award (default),MPPMCL,,Tender · news-derived record,https://news.google.com/rss/articles/CBMirAFBVV95cUxNMGo0X0NqWDZDSFJ2bkJlby0zXzlvd29MYlROdk9EMllXaUxRSGlfT0FVUEpvOXhfb2FVV044c3JHaG5COVNIR1RMY0dzbGwtcFJTbFBKU2NucFNpMnF6UzE3TGotWE0xaldyNWRNcmRvc1NwdGowTzFueVZNS0VpUnV0YnNIcFYtWFNYYVc3MlJleldDQlVwM3Zyd2VrMWFVREkxcnpEa2VxLUJD?oc=5,https://news.google.com/rss/articles/CBMirAFBVV95cUxNMGo0X0NqWDZDSFJ2bkJlby0zXzlvd29MYlROdk9EMllXaUxRSGlfT0FVUEpvOXhfb2FVV044c3JHaG5COVNIR1RMY0dzbGwtcFJTbFBKU2NucFNpMnF6UzE3TGotWE0xaldyNWRNcmRvc1NwdGowTzFueVZNS0VpUnV0YnNIcFYtWFNYYVc3MlJleldDQlVwM3Zyd2VrMWFVREkxcnpEa2VxLUJD?oc=5,Industry publication,Press report - verify,D,Fresh,,Closed,T-75d161984b5f,T-75d161984b5f-01
Awarded,,MPPMCL,,"Adani Power bags 1,600 MW thermal project from MPPMCL; to invest Rs 21,000 cr - cfo.economictimes.indiatimes.com",Adani Power,1,1600.0,,,,Unclassified,1600.0,,,2025-09-11,2027-09-11,,Derived: 24 months from award (default),MPPMCL,,Tender · news-derived record,https://news.google.com/rss/articles/CBMi-AFBVV95cUxPZVo1YkROVGIzdmhTUEYyWS1EdkxmOVFJTmZ3NnRKczdyUHNQOXFqMlNzMWNWempZZ05vTFowVUdST1prQnpDVDhxck11WDRRUlhwT1ZxR25Vd01MMjhFdUVBS1ZaYktmRlJxMGQtbHNMbENDY0lTa3N0TnRsN2xwODF0bFprS1pOTHN0N1FvamU5Q09zaThkYW5MdWNBdThrWllMeVFZVDdHSERRNTJuN1J4WUk1aHh6dmpfaFVFTkFOTTRxTnNneW85RlgxejRZZ0t2Z0dMTFRzbVNTQ0t6M01aQTluN3l4SThjaWRsWGJHdW52RnBNWdIB_gFBVV95cUxNSEhlaEdMN0xRU2xxalM4OG5qMmhpc1lTdU10ZUR0VjI0U1ZDM2JOQ0xOWWNiZFZHNnFRSDVfSE1NTkR5OEJsU3lXdGhMMDc3ekhKLTY4YnR0aGUzenNkNFFLbG5TQmFlejdjSVJLZGJiUE5wNFdZVUpRcGNCeG9PWktCT0d2UTIzV1o1TG9YcU1KYk5seXNUQ1VuNkFWNHFVTGwzc01KT19IRHBCNFlKeVhvWUJvb1I5enUzaDFiaFhITEJqRElJZ2xpdnItaW5idVBKbnpsVlJBbDA5WnIzTm1FZ0Ruc3c2Vmd2WUowanBpOWU3SXIyTnJfMkk1dw?oc=5,https://news.google.com/rss/articles/CBMi-AFBVV95cUxPZVo1YkROVGIzdmhTUEYyWS1EdkxmOVFJTmZ3NnRKczdyUHNQOXFqMlNzMWNWempZZ05vTFowVUdST1prQnpDVDhxck11WDRRUlhwT1ZxR25Vd01MMjhFdUVBS1ZaYktmRlJxMGQtbHNMbENDY0lTa3N0TnRsN2xwODF0bFprS1pOTHN0N1FvamU5Q09zaThkYW5MdWNBdThrWllMeVFZVDdHSERRNTJuN1J4WUk1aHh6dmpfaFVFTkFOTTRxTnNneW85RlgxejRZZ0t2Z0dMTFRzbVNTQ0t6M01aQTluN3l4SThjaWRsWGJHdW52RnBNWdIB_gFBVV95cUxNSEhlaEdMN0xRU2xxalM4OG5qMmhpc1lTdU10ZUR0VjI0U1ZDM2JOQ0xOWWNiZFZHNnFRSDVfSE1NTkR5OEJsU3lXdGhMMDc3ekhKLTY4YnR0aGUzenNkNFFLbG5TQmFlejdjSVJLZGJiUE5wNFdZVUpRcGNCeG9PWktCT0d2UTIzV1o1TG9YcU1KYk5seXNUQ1VuNkFWNHFVTGwzc01KT19IRHBCNFlKeVhvWUJvb1I5enUzaDFiaFhITEJqRElJZ2xpdnItaW5idVBKbnpsVlJBbDA5WnIzTm1FZ0Ruc3c2Vmd2WUowanBpOWU3SXIyTnJfMkk1dw?oc=5,Industry publication,Press report - verify,D,Fresh,,Closed,T-fc60669753ff,T-fc60669753ff-01
Awarded,,MSEDCL,,Adani Power bags 1600 MW power supply contract from MSEDCL - energy.economictimes.indiatimes.com,Adani Power,1,1600.0,,,,Unclassified,1600.0,,,2026-03-15,2028-03-15,,Derived: 24 months from award (default),MSEDCL,,Tender · news-derived record,https://news.google.com/rss/articles/CBMitwFBVV95cUxNY2w4ekJKU1BNRmE2YmM1UzZKUGxUbGl2azBuUUVqNkpNamRqSlpMQTdaSVgyX3RqbkxRMnZCVktHdFNwdk9ialpaMDBhNE9zb25fVHl6UmVPV2l5WnNNTVp5RHlqcjBjdVlMQVVRNmkyaWtqbkMxNHZaem9uWkNzMGtGUkEzWkpWdldvRkNKTDJudFJ3MmNaeUswbWNDLWJxT2lXcld6dGEtamRnREFuQ0c3LW9Wb3fSAbwBQVVfeXFMTkdPd2lCNjdnRGkzNUdub3lrMDBfTlp2Z193Smt2TWZGcGI5S1duZmw4U05iWWRFSk15U0VGVm1qYTJzeXgxZ0FzUmttYlBTUGgxY0RWbldkMGZJZVZ3N1Brc1N5Mi0zdzgyMXAyVWtxWktOWmJzRndjOEtYek90UG8ycnNMdDRWMmlNRW1laDBLTkNnRkFFLUptd08tVDAxTDNGTE1TZmpkS01ROVc5ZkUyTHlxY1BfTGZtNFk?oc=5,https://news.google.com/rss/articles/CBMitwFBVV95cUxNY2w4ekJKU1BNRmE2YmM1UzZKUGxUbGl2azBuUUVqNkpNamRqSlpMQTdaSVgyX3RqbkxRMnZCVktHdFNwdk9ialpaMDBhNE9zb25fVHl6UmVPV2l5WnNNTVp5RHlqcjBjdVlMQVVRNmkyaWtqbkMxNHZaem9uWkNzMGtGUkEzWkpWdldvRkNKTDJudFJ3MmNaeUswbWNDLWJxT2lXcld6dGEtamRnREFuQ0c3LW9Wb3fSAbwBQVVfeXFMTkdPd2lCNjdnRGkzNUdub3lrMDBfTlp2Z193Smt2TWZGcGI5S1duZmw4U05iWWRFSk15U0VGVm1qYTJzeXgxZ0FzUmttYlBTUGgxY0RWbldkMGZJZVZ3N1Brc1N5Mi0zdzgyMXAyVWtxWktOWmJzRndjOEtYek90UG8ycnNMdDRWMmlNRW1laDBLTkNnRkFFLUptd08tVDAxTDNGTE1TZmpkS01ROVc5ZkUyTHlxY1BfTGZtNFk?oc=5,Industry publication,Press report - verify,D,Fresh,,Closed,T-6697f371e816,T-6697f371e816-01
Awarded,,MSEDCL,,"Adani Power Limited Wins 1,600 MW Supply Order From MSEDCL - sarkaritel.com",Adani Power,1,1600.0,,,,Unclassified,1600.0,,,2026-03-16,2028-03-16,,Derived: 24 months from award (default),MSEDCL,,Tender · news-derived record,https://news.google.com/rss/articles/CBMimAFBVV95cUxPNHZQNXpCaTVRWUNzeDJKRS1rUkxoQzRoQjc1SXNneWlqU0JQU1dWQzUxdTFMYzlLeTFxZXdFS2hYTHBVMEpSN3Z4VkE3bm1YQVZpSjNSTUQtdG5QRVd0djBTNFh2R1A4NjNjMDREQnp0THA5ZEllX2lnWldzaWplekVhd3ZqTkZQcWwzcEFNZ1I3YWhvY1JuaA?oc=5,https://news.google.com/rss/articles/CBMimAFBVV95cUxPNHZQNXpCaTVRWUNzeDJKRS1rUkxoQzRoQjc1SXNneWlqU0JQU1dWQzUxdTFMYzlLeTFxZXdFS2hYTHBVMEpSN3Z4VkE3bm1YQVZpSjNSTUQtdG5QRVd0djBTNFh2R1A4NjNjMDREQnp0THA5ZEllX2lnWldzaWplekVhd3ZqTkZQcWwzcEFNZ1I3YWhvY1JuaA?oc=5,Industry publication,Press report - verify,D,Fresh,,Closed,T-b5827573c02f,T-b5827573c02f-01
Awarded,,MSEDCL,,"Adani Power shares jumps 5% after MSEDCL awards 1,600 MW long-term supply contract - The Economic Times",Adani Power,1,1600.0,,,,Unclassified,1600.0,,,2026-03-16,2028-03-16,,Derived: 24 months from award (default),MSEDCL,,Tender · news-derived record,https://news.google.com/rss/articles/CBMi6gFBVV95cUxOLW1uVVNBRDJCSkhSV2hUbVc0ajMxZWV2QjV2Z3o2YW5TeFI0UXUxclREeWgyODg2c1VBMkQwemV5ZHNCWksxZTBGZFY2NzVxdVBNRHlaNWJMNHphY1lRRHE5ZGVEZktUWjRKSXJvLTRET1RnREtqaFNqdUxxWlZ1YndiX0hvVVJ2TWY3NkZvMVhGWmtXWHpIRGk4YlJWMmhlWk1qZVVRM3BjeDh0TGtvemY0aWd4V0RsRWJOTFpzNWR5OTYyVF9mbEpEYTNjVDYzQWFDUENHNm5jZmtnalRERW96VkRqRUcyR0HSAe8BQVVfeXFMT2NXamVXNXhyUkx4OUtOaTBhM2tON05qRmxoakNTU24wTVlUZVdYaGVWTzhoamlSazc0Z0lJUnhvX2J0QzRYZ0pLam1BaTJTN0JIekF4WVlFLWMyUzBVLVFncUtBNW9JQ1Z4OTk3SjlFNTlkUWdhU1hKcjJ1cFlkeTlnMjREZ18wdmVHRl9aR3FaLXJhU2tULVdKOHdsU3pqX2lxQnZxRVBWN2ZNbUJ1Ymp2Z016X3FEV0NzN3ViUURxSjBneWEyZGp4Um4tVGRWZE1ILUpQXzJJQU8xZ0xYblQ2ckl2SXVPOC1sYm9HMlU?oc=5,https://news.google.com/rss/articles/CBMi6gFBVV95cUxOLW1uVVNBRDJCSkhSV2hUbVc0ajMxZWV2QjV2Z3o2YW5TeFI0UXUxclREeWgyODg2c1VBMkQwemV5ZHNCWksxZTBGZFY2NzVxdVBNRHlaNWJMNHphY1lRRHE5ZGVEZktUWjRKSXJvLTRET1RnREtqaFNqdUxxWlZ1YndiX0hvVVJ2TWY3NkZvMVhGWmtXWHpIRGk4YlJWMmhlWk1qZVVRM3BjeDh0TGtvemY0aWd4V0RsRWJOTFpzNWR5OTYyVF9mbEpEYTNjVDYzQWFDUENHNm5jZmtnalRERW96VkRqRUcyR0HSAe8BQVVfeXFMT2NXamVXNXhyUkx4OUtOaTBhM2tON05qRmxoakNTU24wTVlUZVdYaGVWTzhoamlSazc0Z0lJUnhvX2J0QzRYZ0pLam1BaTJTN0JIekF4WVlFLWMyUzBVLVFncUtBNW9JQ1Z4OTk3SjlFNTlkUWdhU1hKcjJ1cFlkeTlnMjREZ18wdmVHRl9aR3FaLXJhU2tULVdKOHdsU3pqX2lxQnZxRVBWN2ZNbUJ1Ymp2Z016X3FEV0NzN3ViUURxSjBneWEyZGp4Um4tVGRWZE1ILUpQXzJJQU8xZ0xYblQ2ckl2SXVPOC1sYm9HMlU?oc=5,Industry publication,Press report - verify,D,Fresh,,Closed,T-0d0321969a77,T-0d0321969a77-01
Awarded,,MSEDCL,,"Adani Power: Company Secures LOA From MSEDCL For 1,600 MW Long-Term Power Agreement - scanx.trade",Adani Power,1,1600.0,,,,Unclassified,1600.0,,,2026-03-15,2028-03-15,,Derived: 24 months from award (default),MSEDCL,,Tender · news-derived record,https://news.google.com/rss/articles/CBMiyAFBVV95cUxQWm9ydnhLbkZQb1BVZDB0MmRwTXpJOVo2MlMyTmJyUlU5UG9MQmpNWWZnOEtVRzc5bGRmMjFVdlZBZHBGRzhpNHVndVl1ZVJoLTV2V0QxcXFfbUpEZXl2aFM3VmlFREg5ajZrVDc0ZC1tNnZMaVFDVTdxYTZ0d0tpR0hYRDZDSXR5ZERqOEJPQl80YW1tRS0xeVlPTEV1eTItMlRPdDFKWXNtOFgtOUhOWmpKRVRFb01xY2JSNGpZT21mcHhabnZaNg?oc=5,https://news.google.com/rss/articles/CBMiyAFBVV95cUxQWm9ydnhLbkZQb1BVZDB0MmRwTXpJOVo2MlMyTmJyUlU5UG9MQmpNWWZnOEtVRzc5bGRmMjFVdlZBZHBGRzhpNHVndVl1ZVJoLTV2V0QxcXFfbUpEZXl2aFM3VmlFREg5ajZrVDc0ZC1tNnZMaVFDVTdxYTZ0d0tpR0hYRDZDSXR5ZERqOEJPQl80YW1tRS0xeVlPTEV1eTItMlRPdDFKWXNtOFgtOUhOWmpKRVRFb01xY2JSNGpZT21mcHhabnZaNg?oc=5,Industry publication,Press report - verify,D,Fresh,,Closed,T-1794aa33ca43,T-1794aa33ca43-01
Awarded,,SECI,,"Greenko, Torrent & Tata Power Wins SECI 1500 MW/12000 MWh Pumped Storage Tender in India - Saur Energy",Greenko,3,,,,,Pumped Storage,1500.0,,,2026-07-21,2031-07-21,,Derived: 60 months from award (Pumped Storage),SECI,,Tender · news-derived record,https://news.google.com/rss/articles/CBMi0wFBVV95cUxNcUFUdkw3Vm5vYUd3d1N3Q1FMZ3M3eDZRRHJGNzEwNExtaHdJLWRXVndXN1V2Ukc4d3hUbEtoT0RqUmpRRWVqbXM0REtHcTlsM29xekcxTWtnWVpXMnFIZmNXLTlnVTZ0WGRLYVNiOWtLYWZidHU1Y0U4ZnpXSkQtU0thZG9IelVKd01TU0c2WUdRNlZQMmJSUnN3aFhmemtVWUhlRHozWUFlZERMVlFhVXJpaVhWaWpkb2NuVURBZzhTRWU0S3puWFNyc2xpalRCc0pJ?oc=5,https://news.google.com/rss/articles/CBMi0wFBVV95cUxNcUFUdkw3Vm5vYUd3d1N3Q1FMZ3M3eDZRRHJGNzEwNExtaHdJLWRXVndXN1V2Ukc4d3hUbEtoT0RqUmpRRWVqbXM0REtHcTlsM29xekcxTWtnWVpXMnFIZmNXLTlnVTZ0WGRLYVNiOWtLYWZidHU1Y0U4ZnpXSkQtU0thZG9IelVKd01TU0c2WUdRNlZQMmJSUnN3aFhmemtVWUhlRHozWUFlZERMVlFhVXJpaVhWaWpkb2NuVURBZzhTRWU0S3puWFNyc2xpalRCc0pJ?oc=5,Industry publication,Press report - verify,D,Fresh,,Closed,T-8dbc8a713349,T-8dbc8a713349-01
Awarded,,SECI,,"Greenko, Torrent & Tata Power Wins SECI 1500 MW/12000 MWh Pumped Storage Tender in India - Saur Energy",Torrent,3,,,,,Pumped Storage,1500.0,,,2026-07-21,2031-07-21,,Derived: 60 months from award (Pumped Storage),SECI,,Tender · news-derived record,https://news.google.com/rss/articles/CBMi0wFBVV95cUxNcUFUdkw3Vm5vYUd3d1N3Q1FMZ3M3eDZRRHJGNzEwNExtaHdJLWRXVndXN1V2Ukc4d3hUbEtoT0RqUmpRRWVqbXM0REtHcTlsM29xekcxTWtnWVpXMnFIZmNXLTlnVTZ0WGRLYVNiOWtLYWZidHU1Y0U4ZnpXSkQtU0thZG9IelVKd01TU0c2WUdRNlZQMmJSUnN3aFhmemtVWUhlRHozWUFlZERMVlFhVXJpaVhWaWpkb2NuVURBZzhTRWU0S3puWFNyc2xpalRCc0pJ?oc=5,https://news.google.com/rss/articles/CBMi0wFBVV95cUxNcUFUdkw3Vm5vYUd3d1N3Q1FMZ3M3eDZRRHJGNzEwNExtaHdJLWRXVndXN1V2Ukc4d3hUbEtoT0RqUmpRRWVqbXM0REtHcTlsM29xekcxTWtnWVpXMnFIZmNXLTlnVTZ0WGRLYVNiOWtLYWZidHU1Y0U4ZnpXSkQtU0thZG9IelVKd01TU0c2WUdRNlZQMmJSUnN3aFhmemtVWUhlRHozWUFlZERMVlFhVXJpaVhWaWpkb2NuVURBZzhTRWU0S3puWFNyc2xpalRCc0pJ?oc=5,Industry publication,Press report - verify,D,Fresh,,Closed,T-8dbc8a713349,T-8dbc8a713349-02
Awarded,,SECI,,"Greenko, Torrent & Tata Power Wins SECI 1500 MW/12000 MWh Pumped Storage Tender in India - Saur Energy",Tata Power,3,,,,,Pumped Storage,1500.0,,,2026-07-21,2031-07-21,,Derived: 60 months from award (Pumped Storage),SECI,,Tender · news-derived record,https://news.google.com/rss/articles/CBMi0wFBVV95cUxNcUFUdkw3Vm5vYUd3d1N3Q1FMZ3M3eDZRRHJGNzEwNExtaHdJLWRXVndXN1V2Ukc4d3hUbEtoT0RqUmpRRWVqbXM0REtHcTlsM29xekcxTWtnWVpXMnFIZmNXLTlnVTZ0WGRLYVNiOWtLYWZidHU1Y0U4ZnpXSkQtU0thZG9IelVKd01TU0c2WUdRNlZQMmJSUnN3aFhmemtVWUhlRHozWUFlZERMVlFhVXJpaVhWaWpkb2NuVURBZzhTRWU0S3puWFNyc2xpalRCc0pJ?oc=5,https://news.google.com/rss/articles/CBMi0wFBVV95cUxNcUFUdkw3Vm5vYUd3d1N3Q1FMZ3M3eDZRRHJGNzEwNExtaHdJLWRXVndXN1V2Ukc4d3hUbEtoT0RqUmpRRWVqbXM0REtHcTlsM29xekcxTWtnWVpXMnFIZmNXLTlnVTZ0WGRLYVNiOWtLYWZidHU1Y0U4ZnpXSkQtU0thZG9IelVKd01TU0c2WUdRNlZQMmJSUnN3aFhmemtVWUhlRHozWUFlZERMVlFhVXJpaVhWaWpkb2NuVURBZzhTRWU0S3puWFNyc2xpalRCc0pJ?oc=5,Industry publication,Press report - verify,D,Fresh,,Closed,T-8dbc8a713349,T-8dbc8a713349-03
Awarded,,SJVN,,"Reliance, Sembcorp, BluPine, and ACME Win SJVN’s 1.5 GW FDRE Auction - Energetica India Magazine",Sembcorp,2,,,,,Unclassified,1500.0,,,2025-10-11,2027-10-11,,Derived: 24 months from award (default),SJVN,,Tender · news-derived record,https://news.google.com/rss/articles/CBMiowFBVV95cUxQanVOemVxR1ZQMGZXRm9aLUVqdEdpTWlOamxsRE5CZGZsZjdjdEhtOHFkbkc4eFJQT2ZHNzZOcTFJQW1VSFNyS3FZaU5YOHBuYnVGTktIck1rZ2M5Ri1WR3F4NkVkVlRDVlR1WnVlbTlpblU5S0xIMUtLT05CUC1wQ3dnMGRlNXFGdXA4bFBiVXp6cnEzLWRfb01CM29HcXVza0Vv?oc=5,https://news.google.com/rss/articles/CBMiowFBVV95cUxQanVOemVxR1ZQMGZXRm9aLUVqdEdpTWlOamxsRE5CZGZsZjdjdEhtOHFkbkc4eFJQT2ZHNzZOcTFJQW1VSFNyS3FZaU5YOHBuYnVGTktIck1rZ2M5Ri1WR3F4NkVkVlRDVlR1WnVlbTlpblU5S0xIMUtLT05CUC1wQ3dnMGRlNXFGdXA4bFBiVXp6cnEzLWRfb01CM29HcXVza0Vv?oc=5,Industry publication,Press report - verify,D,Fresh,,Closed,T-a46787d19976,T-a46787d19976-01
Awarded,,SJVN,,"Reliance, Sembcorp, BluPine, and ACME Win SJVN’s 1.5 GW FDRE Auction - Energetica India Magazine",BluPine,2,,,,,Unclassified,1500.0,,,2025-10-11,2027-10-11,,Derived: 24 months from award (default),SJVN,,Tender · news-derived record,https://news.google.com/rss/articles/CBMiowFBVV95cUxQanVOemVxR1ZQMGZXRm9aLUVqdEdpTWlOamxsRE5CZGZsZjdjdEhtOHFkbkc4eFJQT2ZHNzZOcTFJQW1VSFNyS3FZaU5YOHBuYnVGTktIck1rZ2M5Ri1WR3F4NkVkVlRDVlR1WnVlbTlpblU5S0xIMUtLT05CUC1wQ3dnMGRlNXFGdXA4bFBiVXp6cnEzLWRfb01CM29HcXVza0Vv?oc=5,https://news.google.com/rss/articles/CBMiowFBVV95cUxQanVOemVxR1ZQMGZXRm9aLUVqdEdpTWlOamxsRE5CZGZsZjdjdEhtOHFkbkc4eFJQT2ZHNzZOcTFJQW1VSFNyS3FZaU5YOHBuYnVGTktIck1rZ2M5Ri1WR3F4NkVkVlRDVlR1WnVlbTlpblU5S0xIMUtLT05CUC1wQ3dnMGRlNXFGdXA4bFBiVXp6cnEzLWRfb01CM29HcXVza0Vv?oc=5,Industry publication,Press report - verify,D,Fresh,,Closed,T-a46787d19976,T-a46787d19976-02
Awarded,,SECI,,"SECI Awards 1,344 MW Pumped Storage Capacity To Greenko, Tata Power, And Torrent After Competitive Auction - SolarQuarter",Greenko,3,,,,,Pumped Storage,1344.0,,,2026-07-21,2031-07-21,,Derived: 60 months from award (Pumped Storage),SECI,,Tender · news-derived record,https://news.google.com/rss/articles/CBMi1wFBVV95cUxNZ0xiWWJZOThVejBNbXZ2SF9PTnNHZGRuam9HdXJzTWlXTnB1bzNlQWY3Zmg2TUtyazEwTHNld25DMmtjTGNkNEhWbk9OeWl4NkowSXY4WmVjU1ZFM0RKVy16LWlhR0J3aGFqX0tRelhhMXNER1dFY3FCS2Y3el8xMThzRmRhTXJ5ak1aeHpzMGNnX2FkRk1hTTlWNy0zWnVDbTNYRmhXRUJ2MlZCOEV0ZVRyWEZCa3BpcjFPNDFuZ04yc2NubVZEd3lUR0R0QnIxRlYtMlA4cw?oc=5,https://news.google.com/rss/articles/CBMi1wFBVV95cUxNZ0xiWWJZOThVejBNbXZ2SF9PTnNHZGRuam9HdXJzTWlXTnB1bzNlQWY3Zmg2TUtyazEwTHNld25DMmtjTGNkNEhWbk9OeWl4NkowSXY4WmVjU1ZFM0RKVy16LWlhR0J3aGFqX0tRelhhMXNER1dFY3FCS2Y3el8xMThzRmRhTXJ5ak1aeHpzMGNnX2FkRk1hTTlWNy0zWnVDbTNYRmhXRUJ2MlZCOEV0ZVRyWEZCa3BpcjFPNDFuZ04yc2NubVZEd3lUR0R0QnIxRlYtMlA4cw?oc=5,Industry publication,Press report - verify,D,Fresh,,Closed,T-2316ce5c96dc,T-2316ce5c96dc-01
Awarded,,SECI,,"SECI Awards 1,344 MW Pumped Storage Capacity To Greenko, Tata Power, And Torrent After Competitive Auction - SolarQuarter",Tata Power,3,,,,,Pumped Storage,1344.0,,,2026-07-21,2031-07-21,,Derived: 60 months from award (Pumped Storage),SECI,,Tender · news-derived record,https://news.google.com/rss/articles/CBMi1wFBVV95cUxNZ0xiWWJZOThVejBNbXZ2SF9PTnNHZGRuam9HdXJzTWlXTnB1bzNlQWY3Zmg2TUtyazEwTHNld25DMmtjTGNkNEhWbk9OeWl4NkowSXY4WmVjU1ZFM0RKVy16LWlhR0J3aGFqX0tRelhhMXNER1dFY3FCS2Y3el8xMThzRmRhTXJ5ak1aeHpzMGNnX2FkRk1hTTlWNy0zWnVDbTNYRmhXRUJ2MlZCOEV0ZVRyWEZCa3BpcjFPNDFuZ04yc2NubVZEd3lUR0R0QnIxRlYtMlA4cw?oc=5,https://news.google.com/rss/articles/CBMi1wFBVV95cUxNZ0xiWWJZOThVejBNbXZ2SF9PTnNHZGRuam9HdXJzTWlXTnB1bzNlQWY3Zmg2TUtyazEwTHNld25DMmtjTGNkNEhWbk9OeWl4NkowSXY4WmVjU1ZFM0RKVy16LWlhR0J3aGFqX0tRelhhMXNER1dFY3FCS2Y3el8xMThzRmRhTXJ5ak1aeHpzMGNnX2FkRk1hTTlWNy0zWnVDbTNYRmhXRUJ2MlZCOEV0ZVRyWEZCa3BpcjFPNDFuZ04yc2NubVZEd3lUR0R0QnIxRlYtMlA4cw?oc=5,Industry publication,Press report - verify,D,Fresh,,Closed,T-2316ce5c96dc,T-2316ce5c96dc-02
Awarded,,SECI,,"SECI Awards 1,344 MW Pumped Storage Capacity To Greenko, Tata Power, And Torrent After Competitive Auction - SolarQuarter",Torrent,3,,,,,Pumped Storage,1344.0,,,2026-07-21,2031-07-21,,Derived: 60 months from award (Pumped Storage),SECI,,Tender · news-derived record,https://news.google.com/rss/articles/CBMi1wFBVV95cUxNZ0xiWWJZOThVejBNbXZ2SF9PTnNHZGRuam9HdXJzTWlXTnB1bzNlQWY3Zmg2TUtyazEwTHNld25DMmtjTGNkNEhWbk9OeWl4NkowSXY4WmVjU1ZFM0RKVy16LWlhR0J3aGFqX0tRelhhMXNER1dFY3FCS2Y3el8xMThzRmRhTXJ5ak1aeHpzMGNnX2FkRk1hTTlWNy0zWnVDbTNYRmhXRUJ2MlZCOEV0ZVRyWEZCa3BpcjFPNDFuZ04yc2NubVZEd3lUR0R0QnIxRlYtMlA4cw?oc=5,https://news.google.com/rss/articles/CBMi1wFBVV95cUxNZ0xiWWJZOThVejBNbXZ2SF9PTnNHZGRuam9HdXJzTWlXTnB1bzNlQWY3Zmg2TUtyazEwTHNld25DMmtjTGNkNEhWbk9OeWl4NkowSXY4WmVjU1ZFM0RKVy16LWlhR0J3aGFqX0tRelhhMXNER1dFY3FCS2Y3el8xMThzRmRhTXJ5ak1aeHpzMGNnX2FkRk1hTTlWNy0zWnVDbTNYRmhXRUJ2MlZCOEV0ZVRyWEZCa3BpcjFPNDFuZ04yc2NubVZEd3lUR0R0QnIxRlYtMlA4cw?oc=5,Industry publication,Press report - verify,D,Fresh,,Closed,T-2316ce5c96dc,T-2316ce5c96dc-03
Awarded,,UPPCL,,"Adani Green Energy Wins 1,250 MW Energy Storage Capacity from UPPCL - Adani",Adani Green,1,1250.0,,,,Unclassified,1250.0,,,2025-02-25,2027-02-25,,Derived: 24 months from award (default),UPPCL,,Tender · news-derived record,https://news.google.com/rss/articles/CBMisgFBVV95cUxPX084OFFOZG5RanFWdThlbkdKWmxNT3FreTk0ZUc3NmRNaXJCS0U1T3BNUElJUGdDZTJsRENpQVlLRDVkTVpOQkhERzNza3QyT1dKTlZtdVdUMXlHY2VZb1ZjZWlwX1MxdjNHcDl0Z2o3TVJKbk9jTDg3a01CbHkyY3BZelZtbmtwdVphRy01Q2hVSFd3aTlxckZ5cGFPelpVOFhnVkFTaHdGSGphb1kyZWx3?oc=5,https://news.google.com/rss/articles/CBMisgFBVV95cUxPX084OFFOZG5RanFWdThlbkdKWmxNT3FreTk0ZUc3NmRNaXJCS0U1T3BNUElJUGdDZTJsRENpQVlLRDVkTVpOQkhERzNza3QyT1dKTlZtdVdUMXlHY2VZb1ZjZWlwX1MxdjNHcDl0Z2o3TVJKbk9jTDg3a01CbHkyY3BZelZtbmtwdVphRy01Q2hVSFd3aTlxckZ5cGFPelpVOFhnVkFTaHdGSGphb1kyZWx3?oc=5,Industry publication,Press report - verify,D,Fresh,,Closed,T-354bc7d40a8b,T-354bc7d40a8b-01
Awarded,2025-06-19,SECI,SECI/C&P/IPP/11/0006/25-26,RfS for Setting up of 1200 MW ISTS-connected Solar PV Power Projects with 600 MW/3600 MWh ESS in India (SECI-ISTS-XXI),ENGIE,3,,,,,Solar,1200.0,,2025-12-02,2026-01-09,2028-01-09,,Derived: 24 months from award (Solar),SECI,,RfS,https://www.seci.co.in/tender-details/YmJz,https://news.google.com/rss/articles/CBMi5wFBVV95cUxPMXVXMk1IRE5iUURFdE9WT05vSTJ6cXluRm5nN2l6N1pZSm5Wbjg3S08wdDFGRm4zTmZYemQyQW05VWhjS2k1SjFZOUZoazlYQkZOU3dqUFA4QXB0WWNEYXAzQmRmX0FObkJaWW9Zb0hnYVI5cUZiXzM1Z0YwZHhKRmJ4SFNTd015c0F3TGs4MlpGX3ZzdDJhTXZtOEdsVWJkN19fVWRxS0U5UlF1TENqb0tmQ0FzWVVUa2EzUUlRY1luZTN6UlYtT0xtSXZZelJsTTNiNVE3bXlsWXJSRXZqVm9qSWdVYkU?oc=5,Industry publication,Press report - verify,C,Fresh,,Closed,T-c99bd23af287,T-c99bd23af287-01
Awarded,2025-06-19,SECI,SECI/C&P/IPP/11/0006/25-26,RfS for Setting up of 1200 MW ISTS-connected Solar PV Power Projects with 600 MW/3600 MWh ESS in India (SECI-ISTS-XXI),NLC India,3,,,,,Solar,1200.0,,2025-12-02,2026-01-09,2028-01-09,,Derived: 24 months from award (Solar),SECI,,RfS,https://www.seci.co.in/tender-details/YmJz,https://news.google.com/rss/articles/CBMi5wFBVV95cUxPMXVXMk1IRE5iUURFdE9WT05vSTJ6cXluRm5nN2l6N1pZSm5Wbjg3S08wdDFGRm4zTmZYemQyQW05VWhjS2k1SjFZOUZoazlYQkZOU3dqUFA4QXB0WWNEYXAzQmRmX0FObkJaWW9Zb0hnYVI5cUZiXzM1Z0YwZHhKRmJ4SFNTd015c0F3TGs4MlpGX3ZzdDJhTXZtOEdsVWJkN19fVWRxS0U5UlF1TENqb0tmQ0FzWVVUa2EzUUlRY1luZTN6UlYtT0xtSXZZelJsTTNiNVE3bXlsWXJSRXZqVm9qSWdVYkU?oc=5,Industry publication,Press report - verify,C,Fresh,,Closed,T-c99bd23af287,T-c99bd23af287-02
Awarded,2025-06-19,SECI,SECI/C&P/IPP/11/0006/25-26,RfS for Setting up of 1200 MW ISTS-connected Solar PV Power Projects with 600 MW/3600 MWh ESS in India (SECI-ISTS-XXI),Rays Power,3,,,,,Solar,1200.0,,2025-12-02,2026-01-09,2028-01-09,,Derived: 24 months from award (Solar),SECI,,RfS,https://www.seci.co.in/tender-details/YmJz,https://news.google.com/rss/articles/CBMi5wFBVV95cUxPMXVXMk1IRE5iUURFdE9WT05vSTJ6cXluRm5nN2l6N1pZSm5Wbjg3S08wdDFGRm4zTmZYemQyQW05VWhjS2k1SjFZOUZoazlYQkZOU3dqUFA4QXB0WWNEYXAzQmRmX0FObkJaWW9Zb0hnYVI5cUZiXzM1Z0YwZHhKRmJ4SFNTd015c0F3TGs4MlpGX3ZzdDJhTXZtOEdsVWJkN19fVWRxS0U5UlF1TENqb0tmQ0FzWVVUa2EzUUlRY1luZTN6UlYtT0xtSXZZelJsTTNiNVE3bXlsWXJSRXZqVm9qSWdVYkU?oc=5,Industry publication,Press report - verify,C,Fresh,,Closed,T-c99bd23af287,T-c99bd23af287-03
Awarded,2025-06-19,SECI,SECI/C&P/IPP/11/0006/25-26,RfS for Setting up of 1200 MW ISTS-connected Solar PV Power Projects with 600 MW/3600 MWh ESS in India (SECI-ISTS-XXI),ENGIE,3,,,,,Solar,1200.0,,2025-12-02,2026-01-09,2028-01-09,,Derived: 24 months from award (Solar),SECI,,RfS,https://www.seci.co.in/tender-details/YmJz,https://news.google.com/rss/articles/CBMi5wFBVV95cUxPMXVXMk1IRE5iUURFdE9WT05vSTJ6cXluRm5nN2l6N1pZSm5Wbjg3S08wdDFGRm4zTmZYemQyQW05VWhjS2k1SjFZOUZoazlYQkZOU3dqUFA4QXB0WWNEYXAzQmRmX0FObkJaWW9Zb0hnYVI5cUZiXzM1Z0YwZHhKRmJ4SFNTd015c0F3TGs4MlpGX3ZzdDJhTXZtOEdsVWJkN19fVWRxS0U5UlF1TENqb0tmQ0FzWVVUa2EzUUlRY1luZTN6UlYtT0xtSXZZelJsTTNiNVE3bXlsWXJSRXZqVm9qSWdVYkU?oc=5,Industry publication,Press report - verify,C,Fresh,,Closed,c99bd23af287,c99bd23af287-01
Awarded,2025-06-19,SECI,SECI/C&P/IPP/11/0006/25-26,RfS for Setting up of 1200 MW ISTS-connected Solar PV Power Projects with 600 MW/3600 MWh ESS in India (SECI-ISTS-XXI),NLC India,3,,,,,Solar,1200.0,,2025-12-02,2026-01-09,2028-01-09,,Derived: 24 months from award (Solar),SECI,,RfS,https://www.seci.co.in/tender-details/YmJz,https://news.google.com/rss/articles/CBMi5wFBVV95cUxPMXVXMk1IRE5iUURFdE9WT05vSTJ6cXluRm5nN2l6N1pZSm5Wbjg3S08wdDFGRm4zTmZYemQyQW05VWhjS2k1SjFZOUZoazlYQkZOU3dqUFA4QXB0WWNEYXAzQmRmX0FObkJaWW9Zb0hnYVI5cUZiXzM1Z0YwZHhKRmJ4SFNTd015c0F3TGs4MlpGX3ZzdDJhTXZtOEdsVWJkN19fVWRxS0U5UlF1TENqb0tmQ0FzWVVUa2EzUUlRY1luZTN6UlYtT0xtSXZZelJsTTNiNVE3bXlsWXJSRXZqVm9qSWdVYkU?oc=5,Industry publication,Press report - verify,C,Fresh,,Closed,c99bd23af287,c99bd23af287-02
Awarded,2025-06-19,SECI,SECI/C&P/IPP/11/0006/25-26,RfS for Setting up of 1200 MW ISTS-connected Solar PV Power Projects with 600 MW/3600 MWh ESS in India (SECI-ISTS-XXI),Rays Power,3,,,,,Solar,1200.0,,2025-12-02,2026-01-09,2028-01-09,,Derived: 24 months from award (Solar),SECI,,RfS,https://www.seci.co.in/tender-details/YmJz,https://news.google.com/rss/articles/CBMi5wFBVV95cUxPMXVXMk1IRE5iUURFdE9WT05vSTJ6cXluRm5nN2l6N1pZSm5Wbjg3S08wdDFGRm4zTmZYemQyQW05VWhjS2k1SjFZOUZoazlYQkZOU3dqUFA4QXB0WWNEYXAzQmRmX0FObkJaWW9Zb0hnYVI5cUZiXzM1Z0YwZHhKRmJ4SFNTd015c0F3TGs4MlpGX3ZzdDJhTXZtOEdsVWJkN19fVWRxS0U5UlF1TENqb0tmQ0FzWVVUa2EzUUlRY1luZTN6UlYtT0xtSXZZelJsTTNiNVE3bXlsWXJSRXZqVm9qSWdVYkU?oc=5,Industry publication,Press report - verify,C,Fresh,,Closed,c99bd23af287,c99bd23af287-03
Awarded,2025-10-15,SECI,SECI/C&P/IPP/12/0013/25-26,RfS for Setting up of 1200 MW ISTS-Connected Wind Power Projects in India (SECI-Tranche-XIX),Waaree,3,,,,,Wind,1200.0,,2025-12-15,2026-02-05,2028-02-05,,Derived: 24 months from award (Wind),SECI,,RfS,https://www.seci.co.in/tender-details/YmB1,https://news.google.com/rss/articles/CBMiywFBVV95cUxPRUh3ejNCaUhzWHQ0Wk8wSTFIb2pZTmRrd3FhYk5rNGRfcG5fTVYwbHNOd2lKelpQVUREMXFXaVhhYVRSNExVc2JTMDlHRXdWQUdMTUZabDRkaGdSc1FidF9iNVdxMHF0U1U2NTQ5Mlg1UEp2QUZEZ2lWWHZ2c216MTI3anU3eDRMcENUV2ZqdkszV1RDS2Y3aTA1WGF4UEhrX0Z6MkhldUVHaUFneHpYOEQ4OF9URk1PUHVRT0l2NnFjNXFjVmtHdWZvMNIB0AFBVV95cUxNS2ZmakVoY1dXMjdfY21KMHFiN2ZrOHRsQVBoWVZhUGQtWGJORWFrMk5QcWJyenJlVG84Rl83OTkxTmNPZUNKdXd0TG9vN29tVGZ5YmFZbUNGYUJ0elhwRlJKSVNyVXFtbllULVRYWVp4Wm10M1hERWFGWXNIQy1FYW12WHFFcjZzTUJZay1Zd21ReDhSaldQRnZWZlBRT0E1YzJpdll1ME82N3hsLWI5SjhlT3RlNnd0TVp6VTJnTnFmSUFZb3JBNnpyNm1qTjlm?oc=5,Industry publication,Press report - verify,C,Fresh,,Closed,T-519bbe8b1f67,T-519bbe8b1f67-01
Awarded,2025-10-15,SECI,SECI/C&P/IPP/12/0013/25-26,RfS for Setting up of 1200 MW ISTS-Connected Wind Power Projects in India (SECI-Tranche-XIX),KP Energy,3,,,,,Wind,1200.0,,2025-12-15,2026-02-05,2028-02-05,,Derived: 24 months from award (Wind),SECI,,RfS,https://www.seci.co.in/tender-details/YmB1,https://news.google.com/rss/articles/CBMiywFBVV95cUxPRUh3ejNCaUhzWHQ0Wk8wSTFIb2pZTmRrd3FhYk5rNGRfcG5fTVYwbHNOd2lKelpQVUREMXFXaVhhYVRSNExVc2JTMDlHRXdWQUdMTUZabDRkaGdSc1FidF9iNVdxMHF0U1U2NTQ5Mlg1UEp2QUZEZ2lWWHZ2c216MTI3anU3eDRMcENUV2ZqdkszV1RDS2Y3aTA1WGF4UEhrX0Z6MkhldUVHaUFneHpYOEQ4OF9URk1PUHVRT0l2NnFjNXFjVmtHdWZvMNIB0AFBVV95cUxNS2ZmakVoY1dXMjdfY21KMHFiN2ZrOHRsQVBoWVZhUGQtWGJORWFrMk5QcWJyenJlVG84Rl83OTkxTmNPZUNKdXd0TG9vN29tVGZ5YmFZbUNGYUJ0elhwRlJKSVNyVXFtbllULVRYWVp4Wm10M1hERWFGWXNIQy1FYW12WHFFcjZzTUJZay1Zd21ReDhSaldQRnZWZlBRT0E1YzJpdll1ME82N3hsLWI5SjhlT3RlNnd0TVp6VTJnTnFmSUFZb3JBNnpyNm1qTjlm?oc=5,Industry publication,Press report - verify,C,Fresh,,Closed,T-519bbe8b1f67,T-519bbe8b1f67-02
Awarded,2025-10-15,SECI,SECI/C&P/IPP/12/0013/25-26,RfS for Setting up of 1200 MW ISTS-Connected Wind Power Projects in India (SECI-Tranche-XIX),Vena Energy,3,,,,,Wind,1200.0,,2025-12-15,2026-02-05,2028-02-05,,Derived: 24 months from award (Wind),SECI,,RfS,https://www.seci.co.in/tender-details/YmB1,https://news.google.com/rss/articles/CBMiywFBVV95cUxPRUh3ejNCaUhzWHQ0Wk8wSTFIb2pZTmRrd3FhYk5rNGRfcG5fTVYwbHNOd2lKelpQVUREMXFXaVhhYVRSNExVc2JTMDlHRXdWQUdMTUZabDRkaGdSc1FidF9iNVdxMHF0U1U2NTQ5Mlg1UEp2QUZEZ2lWWHZ2c216MTI3anU3eDRMcENUV2ZqdkszV1RDS2Y3aTA1WGF4UEhrX0Z6MkhldUVHaUFneHpYOEQ4OF9URk1PUHVRT0l2NnFjNXFjVmtHdWZvMNIB0AFBVV95cUxNS2ZmakVoY1dXMjdfY21KMHFiN2ZrOHRsQVBoWVZhUGQtWGJORWFrMk5QcWJyenJlVG84Rl83OTkxTmNPZUNKdXd0TG9vN29tVGZ5YmFZbUNGYUJ0elhwRlJKSVNyVXFtbllULVRYWVp4Wm10M1hERWFGWXNIQy1FYW12WHFFcjZzTUJZay1Zd21ReDhSaldQRnZWZlBRT0E1YzJpdll1ME82N3hsLWI5SjhlT3RlNnd0TVp6VTJnTnFmSUFZb3JBNnpyNm1qTjlm?oc=5,Industry publication,Press report - verify,C,Fresh,,Closed,T-519bbe8b1f67,T-519bbe8b1f67-03
Awarded,2025-10-15,SECI,SECI/C&P/IPP/12/0013/25-26,RfS for Setting up of 1200 MW ISTS-Connected Wind Power Projects in India (SECI-Tranche-XIX),Waaree,3,,,,,Wind,1200.0,,2025-12-15,2026-02-05,2028-02-05,,Derived: 24 months from award (Wind),SECI,,RfS,https://www.seci.co.in/tender-details/YmB1,https://news.google.com/rss/articles/CBMiywFBVV95cUxPRUh3ejNCaUhzWHQ0Wk8wSTFIb2pZTmRrd3FhYk5rNGRfcG5fTVYwbHNOd2lKelpQVUREMXFXaVhhYVRSNExVc2JTMDlHRXdWQUdMTUZabDRkaGdSc1FidF9iNVdxMHF0U1U2NTQ5Mlg1UEp2QUZEZ2lWWHZ2c216MTI3anU3eDRMcENUV2ZqdkszV1RDS2Y3aTA1WGF4UEhrX0Z6MkhldUVHaUFneHpYOEQ4OF9URk1PUHVRT0l2NnFjNXFjVmtHdWZvMNIB0AFBVV95cUxNS2ZmakVoY1dXMjdfY21KMHFiN2ZrOHRsQVBoWVZhUGQtWGJORWFrMk5QcWJyenJlVG84Rl83OTkxTmNPZUNKdXd0TG9vN29tVGZ5YmFZbUNGYUJ0elhwRlJKSVNyVXFtbllULVRYWVp4Wm10M1hERWFGWXNIQy1FYW12WHFFcjZzTUJZay1Zd21ReDhSaldQRnZWZlBRT0E1YzJpdll1ME82N3hsLWI5SjhlT3RlNnd0TVp6VTJnTnFmSUFZb3JBNnpyNm1qTjlm?oc=5,Industry publication,Press report - verify,C,Fresh,,Closed,519bbe8b1f67,519bbe8b1f67-01
Awarded,2025-10-15,SECI,SECI/C&P/IPP/12/0013/25-26,RfS for Setting up of 1200 MW ISTS-Connected Wind Power Projects in India (SECI-Tranche-XIX),KP Energy,3,,,,,Wind,1200.0,,2025-12-15,2026-02-05,2028-02-05,,Derived: 24 months from award (Wind),SECI,,RfS,https://www.seci.co.in/tender-details/YmB1,https://news.google.com/rss/articles/CBMiywFBVV95cUxPRUh3ejNCaUhzWHQ0Wk8wSTFIb2pZTmRrd3FhYk5rNGRfcG5fTVYwbHNOd2lKelpQVUREMXFXaVhhYVRSNExVc2JTMDlHRXdWQUdMTUZabDRkaGdSc1FidF9iNVdxMHF0U1U2NTQ5Mlg1UEp2QUZEZ2lWWHZ2c216MTI3anU3eDRMcENUV2ZqdkszV1RDS2Y3aTA1WGF4UEhrX0Z6MkhldUVHaUFneHpYOEQ4OF9URk1PUHVRT0l2NnFjNXFjVmtHdWZvMNIB0AFBVV95cUxNS2ZmakVoY1dXMjdfY21KMHFiN2ZrOHRsQVBoWVZhUGQtWGJORWFrMk5QcWJyenJlVG84Rl83OTkxTmNPZUNKdXd0TG9vN29tVGZ5YmFZbUNGYUJ0elhwRlJKSVNyVXFtbllULVRYWVp4Wm10M1hERWFGWXNIQy1FYW12WHFFcjZzTUJZay1Zd21ReDhSaldQRnZWZlBRT0E1YzJpdll1ME82N3hsLWI5SjhlT3RlNnd0TVp6VTJnTnFmSUFZb3JBNnpyNm1qTjlm?oc=5,Industry publication,Press report - verify,C,Fresh,,Closed,519bbe8b1f67,519bbe8b1f67-02
Awarded,2025-10-15,SECI,SECI/C&P/IPP/12/0013/25-26,RfS for Setting up of 1200 MW ISTS-Connected Wind Power Projects in India (SECI-Tranche-XIX),Vena Energy,3,,,,,Wind,1200.0,,2025-12-15,2026-02-05,2028-02-05,,Derived: 24 months from award (Wind),SECI,,RfS,https://www.seci.co.in/tender-details/YmB1,https://news.google.com/rss/articles/CBMiywFBVV95cUxPRUh3ejNCaUhzWHQ0Wk8wSTFIb2pZTmRrd3FhYk5rNGRfcG5fTVYwbHNOd2lKelpQVUREMXFXaVhhYVRSNExVc2JTMDlHRXdWQUdMTUZabDRkaGdSc1FidF9iNVdxMHF0U1U2NTQ5Mlg1UEp2QUZEZ2lWWHZ2c216MTI3anU3eDRMcENUV2ZqdkszV1RDS2Y3aTA1WGF4UEhrX0Z6MkhldUVHaUFneHpYOEQ4OF9URk1PUHVRT0l2NnFjNXFjVmtHdWZvMNIB0AFBVV95cUxNS2ZmakVoY1dXMjdfY21KMHFiN2ZrOHRsQVBoWVZhUGQtWGJORWFrMk5QcWJyenJlVG84Rl83OTkxTmNPZUNKdXd0TG9vN29tVGZ5YmFZbUNGYUJ0elhwRlJKSVNyVXFtbllULVRYWVp4Wm10M1hERWFGWXNIQy1FYW12WHFFcjZzTUJZay1Zd21ReDhSaldQRnZWZlBRT0E1YzJpdll1ME82N3hsLWI5SjhlT3RlNnd0TVp6VTJnTnFmSUFZb3JBNnpyNm1qTjlm?oc=5,Industry publication,Press report - verify,C,Fresh,,Closed,519bbe8b1f67,519bbe8b1f67-03
Awarded,,NHPC,,NHPC Awards 1.2 GW Jalaun Solar Park Project At ₹2.73/kWh To Coal India And NLC India Renewables - SolarQuarter,NLC India,2,,,,,Solar,1200.0,,,2026-07-02,2028-07-02,,Derived: 24 months from award (Solar),NHPC,,Tender · news-derived record,https://news.google.com/rss/articles/CBMi2AFBVV95cUxPNjVrVktSeUhnMndQWnJGTm5VWldHbG5pc2FsbTJaZmExdjh4TGdydHBiXy1KYWo2RElNM1ozNFJzblppNjdJN25mX1FXNXg4Sm83TU9MYk1ZUHQxOWw0R1J0RDRqRVVta3VqcjhLd3BpSEV2cVdTdWtuU0ViaVhPR1BveUdkM3A4RXdSSEVXMXVJdkl5WWRtMTUtWEg0RmptRVBlblFLaU5hZi1iYVdpRW5lZHp3V1N2QWpEUzk1RGhsWTk0QUZxUXZGS0ZCX3BCQlhvSmtVMno?oc=5,https://news.google.com/rss/articles/CBMi2AFBVV95cUxPNjVrVktSeUhnMndQWnJGTm5VWldHbG5pc2FsbTJaZmExdjh4TGdydHBiXy1KYWo2RElNM1ozNFJzblppNjdJN25mX1FXNXg4Sm83TU9MYk1ZUHQxOWw0R1J0RDRqRVVta3VqcjhLd3BpSEV2cVdTdWtuU0ViaVhPR1BveUdkM3A4RXdSSEVXMXVJdkl5WWRtMTUtWEg0RmptRVBlblFLaU5hZi1iYVdpRW5lZHp3V1N2QWpEUzk1RGhsWTk0QUZxUXZGS0ZCX3BCQlhvSmtVMno?oc=5,Industry publication,Press report - verify,D,Fresh,,Delisted,T-0185fd440346,T-0185fd440346-01
Awarded,,NHPC,,NHPC Awards 1.2 GW Jalaun Solar Park Project At ₹2.73/kWh To Coal India And NLC India Renewables - SolarQuarter,Renew,2,,,,,Solar,1200.0,,,2026-07-02,2028-07-02,,Derived: 24 months from award (Solar),NHPC,,Tender · news-derived record,https://news.google.com/rss/articles/CBMi2AFBVV95cUxPNjVrVktSeUhnMndQWnJGTm5VWldHbG5pc2FsbTJaZmExdjh4TGdydHBiXy1KYWo2RElNM1ozNFJzblppNjdJN25mX1FXNXg4Sm83TU9MYk1ZUHQxOWw0R1J0RDRqRVVta3VqcjhLd3BpSEV2cVdTdWtuU0ViaVhPR1BveUdkM3A4RXdSSEVXMXVJdkl5WWRtMTUtWEg0RmptRVBlblFLaU5hZi1iYVdpRW5lZHp3V1N2QWpEUzk1RGhsWTk0QUZxUXZGS0ZCX3BCQlhvSmtVMno?oc=5,https://news.google.com/rss/articles/CBMi2AFBVV95cUxPNjVrVktSeUhnMndQWnJGTm5VWldHbG5pc2FsbTJaZmExdjh4TGdydHBiXy1KYWo2RElNM1ozNFJzblppNjdJN25mX1FXNXg4Sm83TU9MYk1ZUHQxOWw0R1J0RDRqRVVta3VqcjhLd3BpSEV2cVdTdWtuU0ViaVhPR1BveUdkM3A4RXdSSEVXMXVJdkl5WWRtMTUtWEg0RmptRVBlblFLaU5hZi1iYVdpRW5lZHp3V1N2QWpEUzk1RGhsWTk0QUZxUXZGS0ZCX3BCQlhvSmtVMno?oc=5,Industry publication,Press report - verify,D,Fresh,,Delisted,T-0185fd440346,T-0185fd440346-02
Awarded,,NHPC,,"Coal India, NLC India Renewables Win NHPC’s 1,200 MW Solar Auction in Uttar Pradesh - Energetica India Magazine",NLC India,2,,,,,Solar,1200.0,Uttar Pradesh,,2026-07-04,2028-07-04,,Derived: 24 months from award (Solar),NHPC,,Tender · news-derived record,https://news.google.com/rss/articles/CBMiugFBVV95cUxNQ3lpeGJXclUwN3g3QUVBOU5BcVlhQVdoVUNXd2dMcUpQaG9kTXMtSHlqWjhIRTl5MDI1ZzBQUEFsbWpUcDhkUFdRWTZ2c3NwWUUzaF9McTJWWG84TXM0eTVzaElrQUplR083bGVRSXRQNUx2TzA2YkxDZ090a1AwUXlXM3pfdmpvWl85eXNva2YzeHdrV1BkSml1U2RyYmZWZ21NNGJLQUhYN0QzUWVJNWhUNnJLbFNndEE?oc=5,https://news.google.com/rss/articles/CBMiugFBVV95cUxNQ3lpeGJXclUwN3g3QUVBOU5BcVlhQVdoVUNXd2dMcUpQaG9kTXMtSHlqWjhIRTl5MDI1ZzBQUEFsbWpUcDhkUFdRWTZ2c3NwWUUzaF9McTJWWG84TXM0eTVzaElrQUplR083bGVRSXRQNUx2TzA2YkxDZ090a1AwUXlXM3pfdmpvWl85eXNva2YzeHdrV1BkSml1U2RyYmZWZ21NNGJLQUhYN0QzUWVJNWhUNnJLbFNndEE?oc=5,Industry publication,Press report - verify,D,Fresh,,Delisted,T-0057baebc545,T-0057baebc545-01
Awarded,,NHPC,,"Coal India, NLC India Renewables Win NHPC’s 1,200 MW Solar Auction in Uttar Pradesh - Energetica India Magazine",Renew,2,,,,,Solar,1200.0,Uttar Pradesh,,2026-07-04,2028-07-04,,Derived: 24 months from award (Solar),NHPC,,Tender · news-derived record,https://news.google.com/rss/articles/CBMiugFBVV95cUxNQ3lpeGJXclUwN3g3QUVBOU5BcVlhQVdoVUNXd2dMcUpQaG9kTXMtSHlqWjhIRTl5MDI1ZzBQUEFsbWpUcDhkUFdRWTZ2c3NwWUUzaF9McTJWWG84TXM0eTVzaElrQUplR083bGVRSXRQNUx2TzA2YkxDZ090a1AwUXlXM3pfdmpvWl85eXNva2YzeHdrV1BkSml1U2RyYmZWZ21NNGJLQUhYN0QzUWVJNWhUNnJLbFNndEE?oc=5,https://news.google.com/rss/articles/CBMiugFBVV95cUxNQ3lpeGJXclUwN3g3QUVBOU5BcVlhQVdoVUNXd2dMcUpQaG9kTXMtSHlqWjhIRTl5MDI1ZzBQUEFsbWpUcDhkUFdRWTZ2c3NwWUUzaF9McTJWWG84TXM0eTVzaElrQUplR083bGVRSXRQNUx2TzA2YkxDZ090a1AwUXlXM3pfdmpvWl85eXNva2YzeHdrV1BkSml1U2RyYmZWZ21NNGJLQUhYN0QzUWVJNWhUNnJLbFNndEE?oc=5,Industry publication,Press report - verify,D,Fresh,,Delisted,T-0057baebc545,T-0057baebc545-02
Awarded,,NHPC,,"Adani, Sprng, Mahindra, Avaada, Secure NHPC's 1200 MW Hybrid Projects - Energetica India Magazine",Avaada,1,1200.0,,,,Wind-Solar Hybrid,1200.0,,,2025-03-11,2027-03-11,,Derived: 24 months from award (Wind-Solar Hybrid),NHPC,,Tender · news-derived record,https://news.google.com/rss/articles/CBMipAFBVV95cUxOTnFfR2l3Z2ZkejBUZFlwX180azl2b0czM0JZMzFFLWV4amVLN0g0eXJpUGJRcjdES2ROcUZBZkNwWnpVOFZlMGNlUUtsa2xxOWhxRG9WUnBwVDdyenRsblg5T0xJOFI5SEstVm11QmtsMmRqOVZVdVQ2bzl3NTB0OEpBcE55bTVYTEROWkN4dUN4R2tDazVUdGRQV1hHWDhZbWwzUQ?oc=5,https://news.google.com/rss/articles/CBMipAFBVV95cUxOTnFfR2l3Z2ZkejBUZFlwX180azl2b0czM0JZMzFFLWV4amVLN0g0eXJpUGJRcjdES2ROcUZBZkNwWnpVOFZlMGNlUUtsa2xxOWhxRG9WUnBwVDdyenRsblg5T0xJOFI5SEstVm11QmtsMmRqOVZVdVQ2bzl3NTB0OEpBcE55bTVYTEROWkN4dUN4R2tDazVUdGRQV1hHWDhZbWwzUQ?oc=5,Industry publication,Press report - verify,D,Fresh,,Delisted,T-fffbbfe5bf93,T-fffbbfe5bf93-01
Awarded,,NHPC,,"Reliance, PNC Infratech, SAEL, JBM and Navayuga Win NHPC’s 1,200 MW Solar Plus 600 MW ESS Auction - Energetica India Magazine",SAEL,1,1200.0,,,,Solar,1200.0,,,2025-07-16,2027-07-16,,Derived: 24 months from award (Solar),NHPC,,Tender · news-derived record,https://news.google.com/rss/articles/CBMiyAFBVV95cUxPQ2FWVi16ckp1WnV5blAwOXBnWG1aOE5VdFY4azJuMUgtbzFjSVV6UmY0ZGgyX0kxZkVnQmJSaGZaWVpXcFdPM3kwMHFzLXIyU1FxTFh2LXdDdTY4a0tqRTBjZzhHOGZuTEh3RDFTalpJdnREazhwLXh3VjQzZnhtNGxOczdTTVM4WW9IUERYY0pPZjAwWXFhamw4Q1EyUDRmSkVBRmY5Wk1aZFN5UWxUcDNROVdkQjVUdThRSVAyTzhvMFBDSXU5UQ?oc=5,https://news.google.com/rss/articles/CBMiyAFBVV95cUxPQ2FWVi16ckp1WnV5blAwOXBnWG1aOE5VdFY4azJuMUgtbzFjSVV6UmY0ZGgyX0kxZkVnQmJSaGZaWVpXcFdPM3kwMHFzLXIyU1FxTFh2LXdDdTY4a0tqRTBjZzhHOGZuTEh3RDFTalpJdnREazhwLXh3VjQzZnhtNGxOczdTTVM4WW9IUERYY0pPZjAwWXFhamw4Q1EyUDRmSkVBRmY5Wk1aZFN5UWxUcDNROVdkQjVUdThRSVAyTzhvMFBDSXU5UQ?oc=5,Industry publication,Press report - verify,D,Fresh,,Delisted,T-4d4a84c58251,T-4d4a84c58251-01
Awarded,,NHPC,,"NTPC, ReNew, Jindal, Adani, Kolar Solar, Onix Win NHPC’s 1200 MW Solar Plus 600 MW/1200 MWh ESS Auction - Energetica India Magazine",ReNew,1,1200.0,,,,Solar,1200.0,,,2025-01-24,2027-01-24,,Derived: 24 months from award (Solar),NHPC,,Tender · news-derived record,https://news.google.com/rss/articles/CBMizwFBVV95cUxNSGE1NVcyZDRBT24xZTdpTTlxVExWWlRaTFpQNjNqY1c3cnJUM2p0YnJJSU1RNjlwWnM0eVU2Y3V4ZHN6QzlNVUJqSmRaRm1TZEJjUG41cHZoZDFQWlpWcnZHQWs0ajljMi1feVZaQVRsYWpDdUplT3pHZXBCSEVlUkI2NFZCdklEVkplTmZ6R1E3YUpUMFpwdmYyMU0zdXRNbXBJV2dLcm9OUHZFemF1NWE5VGRyWF9sbkdPTC00UFhkR0twN1VtQzhZM3lrWjQ?oc=5,https://news.google.com/rss/articles/CBMizwFBVV95cUxNSGE1NVcyZDRBT24xZTdpTTlxVExWWlRaTFpQNjNqY1c3cnJUM2p0YnJJSU1RNjlwWnM0eVU2Y3V4ZHN6QzlNVUJqSmRaRm1TZEJjUG41cHZoZDFQWlpWcnZHQWs0ajljMi1feVZaQVRsYWpDdUplT3pHZXBCSEVlUkI2NFZCdklEVkplTmZ6R1E3YUpUMFpwdmYyMU0zdXRNbXBJV2dLcm9OUHZFemF1NWE5VGRyWF9sbkdPTC00UFhkR0twN1VtQzhZM3lrWjQ?oc=5,Industry publication,Press report - verify,D,Fresh,,Delisted,T-8c2d3d47531e,T-8c2d3d47531e-01
Awarded,,NLC India,,"ENGIE, NLC India, Rays Power & Oriana Bag SECI 1200 MW Solar With 6-Hr BESS Tender - Saur Energy",ENGIE,3,,,,,Solar + Storage,1200.0,,,2026-01-09,2028-01-09,,Derived: 24 months from award (Solar + Storage),NLC India,,Tender · news-derived record,https://news.google.com/rss/articles/CBMizAFBVV95cUxNYXV1cGxJd1JXTE1ISllpalAyMzFkNUI4YV9zQ010dkhOeUZfLVJiN2hYblN2SktIVmlrbk5vcENmUXFDOTFDQjh2UllVWlItMjItMHgwc28tdmlNajNIZ09oSjEtZXlrd19wWFkzUXRhN3BNbjZqcG1rMzl1R2g1UHNSeC1zakt6Smw1NktFUWZ3TTUwUEVzcVlsSW1pZlZZaVpzVjVhUE1hSWJBUm5GdktfYWx1UUkxLXZ3THhlQUJucHJ5LXpycDB0R00?oc=5,https://news.google.com/rss/articles/CBMizAFBVV95cUxNYXV1cGxJd1JXTE1ISllpalAyMzFkNUI4YV9zQ010dkhOeUZfLVJiN2hYblN2SktIVmlrbk5vcENmUXFDOTFDQjh2UllVWlItMjItMHgwc28tdmlNajNIZ09oSjEtZXlrd19wWFkzUXRhN3BNbjZqcG1rMzl1R2g1UHNSeC1zakt6Smw1NktFUWZ3TTUwUEVzcVlsSW1pZlZZaVpzVjVhUE1hSWJBUm5GdktfYWx1UUkxLXZ3THhlQUJucHJ5LXpycDB0R00?oc=5,Industry publication,Press report - verify,D,Fresh,,Closed,T-d97c5c358ed7,T-d97c5c358ed7-01
Awarded,,NLC India,,"ENGIE, NLC India, Rays Power & Oriana Bag SECI 1200 MW Solar With 6-Hr BESS Tender - Saur Energy",Rays Power,3,,,,,Solar + Storage,1200.0,,,2026-01-09,2028-01-09,,Derived: 24 months from award (Solar + Storage),NLC India,,Tender · news-derived record,https://news.google.com/rss/articles/CBMizAFBVV95cUxNYXV1cGxJd1JXTE1ISllpalAyMzFkNUI4YV9zQ010dkhOeUZfLVJiN2hYblN2SktIVmlrbk5vcENmUXFDOTFDQjh2UllVWlItMjItMHgwc28tdmlNajNIZ09oSjEtZXlrd19wWFkzUXRhN3BNbjZqcG1rMzl1R2g1UHNSeC1zakt6Smw1NktFUWZ3TTUwUEVzcVlsSW1pZlZZaVpzVjVhUE1hSWJBUm5GdktfYWx1UUkxLXZ3THhlQUJucHJ5LXpycDB0R00?oc=5,https://news.google.com/rss/articles/CBMizAFBVV95cUxNYXV1cGxJd1JXTE1ISllpalAyMzFkNUI4YV9zQ010dkhOeUZfLVJiN2hYblN2SktIVmlrbk5vcENmUXFDOTFDQjh2UllVWlItMjItMHgwc28tdmlNajNIZ09oSjEtZXlrd19wWFkzUXRhN3BNbjZqcG1rMzl1R2g1UHNSeC1zakt6Smw1NktFUWZ3TTUwUEVzcVlsSW1pZlZZaVpzVjVhUE1hSWJBUm5GdktfYWx1UUkxLXZ3THhlQUJucHJ5LXpycDB0R00?oc=5,Industry publication,Press report - verify,D,Fresh,,Closed,T-d97c5c358ed7,T-d97c5c358ed7-02
Awarded,,NLC India,,"ENGIE, NLC India, Rays Power & Oriana Bag SECI 1200 MW Solar With 6-Hr BESS Tender - Saur Energy",SECI,3,,,,,Solar + Storage,1200.0,,,2026-01-09,2028-01-09,,Derived: 24 months from award (Solar + Storage),NLC India,,Tender · news-derived record,https://news.google.com/rss/articles/CBMizAFBVV95cUxNYXV1cGxJd1JXTE1ISllpalAyMzFkNUI4YV9zQ010dkhOeUZfLVJiN2hYblN2SktIVmlrbk5vcENmUXFDOTFDQjh2UllVWlItMjItMHgwc28tdmlNajNIZ09oSjEtZXlrd19wWFkzUXRhN3BNbjZqcG1rMzl1R2g1UHNSeC1zakt6Smw1NktFUWZ3TTUwUEVzcVlsSW1pZlZZaVpzVjVhUE1hSWJBUm5GdktfYWx1UUkxLXZ3THhlQUJucHJ5LXpycDB0R00?oc=5,https://news.google.com/rss/articles/CBMizAFBVV95cUxNYXV1cGxJd1JXTE1ISllpalAyMzFkNUI4YV9zQ010dkhOeUZfLVJiN2hYblN2SktIVmlrbk5vcENmUXFDOTFDQjh2UllVWlItMjItMHgwc28tdmlNajNIZ09oSjEtZXlrd19wWFkzUXRhN3BNbjZqcG1rMzl1R2g1UHNSeC1zakt6Smw1NktFUWZ3TTUwUEVzcVlsSW1pZlZZaVpzVjVhUE1hSWJBUm5GdktfYWx1UUkxLXZ3THhlQUJucHJ5LXpycDB0R00?oc=5,Industry publication,Press report - verify,D,Fresh,,Closed,T-d97c5c358ed7,T-d97c5c358ed7-03
Awarded,,SECI,,"KP Energy, Waaree, Zelestra, Purvah Green Among Winners in SECI’s 1,200 MW Wind Power Auction - Energetica India Magazine",KP Energy,3,,,,,Wind,1200.0,,,2026-02-05,2028-02-05,,Derived: 24 months from award (Wind),SECI,,Tender · news-derived record,https://news.google.com/rss/articles/CBMixAFBVV95cUxONVlGN2NBUnV4UXlKVm1WYWFLa1VuT1hQUDRFdTZaNWVoSUtvVnVodXd4U2JqMVFaQUV2N0liVXNqd0k0cjVfZU0zOV9pcmNJZ1ZyZ1RvWHotLXZzSlRONjA1ZVNqVW1acFl6LTJqR1RJSEdDTjRWejFYM0lRRHZDR2NLM2tjNjAzMjY4cUFXSWdsTl9SUFpaM2dqV3o3SVVJUmpNRFJLMUNZZFJhMVFwbWwyRmhJTl94enp1TzFwSTBqMkQ2?oc=5,https://news.google.com/rss/articles/CBMixAFBVV95cUxONVlGN2NBUnV4UXlKVm1WYWFLa1VuT1hQUDRFdTZaNWVoSUtvVnVodXd4U2JqMVFaQUV2N0liVXNqd0k0cjVfZU0zOV9pcmNJZ1ZyZ1RvWHotLXZzSlRONjA1ZVNqVW1acFl6LTJqR1RJSEdDTjRWejFYM0lRRHZDR2NLM2tjNjAzMjY4cUFXSWdsTl9SUFpaM2dqV3o3SVVJUmpNRFJLMUNZZFJhMVFwbWwyRmhJTl94enp1TzFwSTBqMkQ2?oc=5,Industry publication,Press report - verify,D,Fresh,,Closed,T-23a801be8353,T-23a801be8353-01
Awarded,,SECI,,"KP Energy, Waaree, Zelestra, Purvah Green Among Winners in SECI’s 1,200 MW Wind Power Auction - Energetica India Magazine",Waaree,3,,,,,Wind,1200.0,,,2026-02-05,2028-02-05,,Derived: 24 months from award (Wind),SECI,,Tender · news-derived record,https://news.google.com/rss/articles/CBMixAFBVV95cUxONVlGN2NBUnV4UXlKVm1WYWFLa1VuT1hQUDRFdTZaNWVoSUtvVnVodXd4U2JqMVFaQUV2N0liVXNqd0k0cjVfZU0zOV9pcmNJZ1ZyZ1RvWHotLXZzSlRONjA1ZVNqVW1acFl6LTJqR1RJSEdDTjRWejFYM0lRRHZDR2NLM2tjNjAzMjY4cUFXSWdsTl9SUFpaM2dqV3o3SVVJUmpNRFJLMUNZZFJhMVFwbWwyRmhJTl94enp1TzFwSTBqMkQ2?oc=5,https://news.google.com/rss/articles/CBMixAFBVV95cUxONVlGN2NBUnV4UXlKVm1WYWFLa1VuT1hQUDRFdTZaNWVoSUtvVnVodXd4U2JqMVFaQUV2N0liVXNqd0k0cjVfZU0zOV9pcmNJZ1ZyZ1RvWHotLXZzSlRONjA1ZVNqVW1acFl6LTJqR1RJSEdDTjRWejFYM0lRRHZDR2NLM2tjNjAzMjY4cUFXSWdsTl9SUFpaM2dqV3o3SVVJUmpNRFJLMUNZZFJhMVFwbWwyRmhJTl94enp1TzFwSTBqMkQ2?oc=5,Industry publication,Press report - verify,D,Fresh,,Closed,T-23a801be8353,T-23a801be8353-02
Awarded,,SECI,,"KP Energy, Waaree, Zelestra, Purvah Green Among Winners in SECI’s 1,200 MW Wind Power Auction - Energetica India Magazine",Purvah Green,3,,,,,Wind,1200.0,,,2026-02-05,2028-02-05,,Derived: 24 months from award (Wind),SECI,,Tender · news-derived record,https://news.google.com/rss/articles/CBMixAFBVV95cUxONVlGN2NBUnV4UXlKVm1WYWFLa1VuT1hQUDRFdTZaNWVoSUtvVnVodXd4U2JqMVFaQUV2N0liVXNqd0k0cjVfZU0zOV9pcmNJZ1ZyZ1RvWHotLXZzSlRONjA1ZVNqVW1acFl6LTJqR1RJSEdDTjRWejFYM0lRRHZDR2NLM2tjNjAzMjY4cUFXSWdsTl9SUFpaM2dqV3o3SVVJUmpNRFJLMUNZZFJhMVFwbWwyRmhJTl94enp1TzFwSTBqMkQ2?oc=5,https://news.google.com/rss/articles/CBMixAFBVV95cUxONVlGN2NBUnV4UXlKVm1WYWFLa1VuT1hQUDRFdTZaNWVoSUtvVnVodXd4U2JqMVFaQUV2N0liVXNqd0k0cjVfZU0zOV9pcmNJZ1ZyZ1RvWHotLXZzSlRONjA1ZVNqVW1acFl6LTJqR1RJSEdDTjRWejFYM0lRRHZDR2NLM2tjNjAzMjY4cUFXSWdsTl9SUFpaM2dqV3o3SVVJUmpNRFJLMUNZZFJhMVFwbWwyRmhJTl94enp1TzFwSTBqMkQ2?oc=5,Industry publication,Press report - verify,D,Fresh,,Closed,T-23a801be8353,T-23a801be8353-03
Awarded,,SECI,,"SECI Awards 1.2 GW/4.8 GWh FDRE-VII Peak Power Tender To Serentica Renewables, Adyant Enerso, AMPIN Energy, And ACME Solar - solarquarter.com",Serentica,4,,,,,Solar,1200.0,,,2026-02-06,2028-02-06,,Derived: 24 months from award (Solar),SECI,,Tender · news-derived record,https://news.google.com/rss/articles/CBMi4gFBVV95cUxNVDNZY3dONm1qaW95LUJQM3Z2NlY2bVVfc3lKZ19DVHZfRDhXcVZ1V1BBdnBWc0V3dWkwUW10YWFOa1ktWE5EOXowSEVqWDlKaFBVSkR3eEpHWi14S0h1dWtrcjhqWThFSXVpcktzSTNIclNucjN3VGpnM05XVzJEZThGX2xTbkFHZTQ5bW9wU0w0akJGVDVFYlhiUVVzd0doaG9UVG1fOUllZDNJNW1OY1JLejk5ZEJKVC1MM3JIeUl1QTR6cjkyQTlua3hkekpfdVo3TlVCUDFDMklnczB5VjhB?oc=5,https://news.google.com/rss/articles/CBMi4gFBVV95cUxNVDNZY3dONm1qaW95LUJQM3Z2NlY2bVVfc3lKZ19DVHZfRDhXcVZ1V1BBdnBWc0V3dWkwUW10YWFOa1ktWE5EOXowSEVqWDlKaFBVSkR3eEpHWi14S0h1dWtrcjhqWThFSXVpcktzSTNIclNucjN3VGpnM05XVzJEZThGX2xTbkFHZTQ5bW9wU0w0akJGVDVFYlhiUVVzd0doaG9UVG1fOUllZDNJNW1OY1JLejk5ZEJKVC1MM3JIeUl1QTR6cjkyQTlua3hkekpfdVo3TlVCUDFDMklnczB5VjhB?oc=5,Industry publication,Press report - verify,D,Fresh,,Closed,T-95125eeeb3d5,T-95125eeeb3d5-01
Awarded,,SECI,,"SECI Awards 1.2 GW/4.8 GWh FDRE-VII Peak Power Tender To Serentica Renewables, Adyant Enerso, AMPIN Energy, And ACME Solar - solarquarter.com",Renew,4,,,,,Solar,1200.0,,,2026-02-06,2028-02-06,,Derived: 24 months from award (Solar),SECI,,Tender · news-derived record,https://news.google.com/rss/articles/CBMi4gFBVV95cUxNVDNZY3dONm1qaW95LUJQM3Z2NlY2bVVfc3lKZ19DVHZfRDhXcVZ1V1BBdnBWc0V3dWkwUW10YWFOa1ktWE5EOXowSEVqWDlKaFBVSkR3eEpHWi14S0h1dWtrcjhqWThFSXVpcktzSTNIclNucjN3VGpnM05XVzJEZThGX2xTbkFHZTQ5bW9wU0w0akJGVDVFYlhiUVVzd0doaG9UVG1fOUllZDNJNW1OY1JLejk5ZEJKVC1MM3JIeUl1QTR6cjkyQTlua3hkekpfdVo3TlVCUDFDMklnczB5VjhB?oc=5,https://news.google.com/rss/articles/CBMi4gFBVV95cUxNVDNZY3dONm1qaW95LUJQM3Z2NlY2bVVfc3lKZ19DVHZfRDhXcVZ1V1BBdnBWc0V3dWkwUW10YWFOa1ktWE5EOXowSEVqWDlKaFBVSkR3eEpHWi14S0h1dWtrcjhqWThFSXVpcktzSTNIclNucjN3VGpnM05XVzJEZThGX2xTbkFHZTQ5bW9wU0w0akJGVDVFYlhiUVVzd0doaG9UVG1fOUllZDNJNW1OY1JLejk5ZEJKVC1MM3JIeUl1QTR6cjkyQTlua3hkekpfdVo3TlVCUDFDMklnczB5VjhB?oc=5,Industry publication,Press report - verify,D,Fresh,,Closed,T-95125eeeb3d5,T-95125eeeb3d5-02
Awarded,,SECI,,"SECI Awards 1.2 GW/4.8 GWh FDRE-VII Peak Power Tender To Serentica Renewables, Adyant Enerso, AMPIN Energy, And ACME Solar - solarquarter.com",AMPIN Energy,4,,,,,Solar,1200.0,,,2026-02-06,2028-02-06,,Derived: 24 months from award (Solar),SECI,,Tender · news-derived record,https://news.google.com/rss/articles/CBMi4gFBVV95cUxNVDNZY3dONm1qaW95LUJQM3Z2NlY2bVVfc3lKZ19DVHZfRDhXcVZ1V1BBdnBWc0V3dWkwUW10YWFOa1ktWE5EOXowSEVqWDlKaFBVSkR3eEpHWi14S0h1dWtrcjhqWThFSXVpcktzSTNIclNucjN3VGpnM05XVzJEZThGX2xTbkFHZTQ5bW9wU0w0akJGVDVFYlhiUVVzd0doaG9UVG1fOUllZDNJNW1OY1JLejk5ZEJKVC1MM3JIeUl1QTR6cjkyQTlua3hkekpfdVo3TlVCUDFDMklnczB5VjhB?oc=5,https://news.google.com/rss/articles/CBMi4gFBVV95cUxNVDNZY3dONm1qaW95LUJQM3Z2NlY2bVVfc3lKZ19DVHZfRDhXcVZ1V1BBdnBWc0V3dWkwUW10YWFOa1ktWE5EOXowSEVqWDlKaFBVSkR3eEpHWi14S0h1dWtrcjhqWThFSXVpcktzSTNIclNucjN3VGpnM05XVzJEZThGX2xTbkFHZTQ5bW9wU0w0akJGVDVFYlhiUVVzd0doaG9UVG1fOUllZDNJNW1OY1JLejk5ZEJKVC1MM3JIeUl1QTR6cjkyQTlua3hkekpfdVo3TlVCUDFDMklnczB5VjhB?oc=5,Industry publication,Press report - verify,D,Fresh,,Closed,T-95125eeeb3d5,T-95125eeeb3d5-03
Awarded,,SECI,,"SECI Awards 1.2 GW/4.8 GWh FDRE-VII Peak Power Tender To Serentica Renewables, Adyant Enerso, AMPIN Energy, And ACME Solar - solarquarter.com",ACME Solar,4,,,,,Solar,1200.0,,,2026-02-06,2028-02-06,,Derived: 24 months from award (Solar),SECI,,Tender · news-derived record,https://news.google.com/rss/articles/CBMi4gFBVV95cUxNVDNZY3dONm1qaW95LUJQM3Z2NlY2bVVfc3lKZ19DVHZfRDhXcVZ1V1BBdnBWc0V3dWkwUW10YWFOa1ktWE5EOXowSEVqWDlKaFBVSkR3eEpHWi14S0h1dWtrcjhqWThFSXVpcktzSTNIclNucjN3VGpnM05XVzJEZThGX2xTbkFHZTQ5bW9wU0w0akJGVDVFYlhiUVVzd0doaG9UVG1fOUllZDNJNW1OY1JLejk5ZEJKVC1MM3JIeUl1QTR6cjkyQTlua3hkekpfdVo3TlVCUDFDMklnczB5VjhB?oc=5,https://news.google.com/rss/articles/CBMi4gFBVV95cUxNVDNZY3dONm1qaW95LUJQM3Z2NlY2bVVfc3lKZ19DVHZfRDhXcVZ1V1BBdnBWc0V3dWkwUW10YWFOa1ktWE5EOXowSEVqWDlKaFBVSkR3eEpHWi14S0h1dWtrcjhqWThFSXVpcktzSTNIclNucjN3VGpnM05XVzJEZThGX2xTbkFHZTQ5bW9wU0w0akJGVDVFYlhiUVVzd0doaG9UVG1fOUllZDNJNW1OY1JLejk5ZEJKVC1MM3JIeUl1QTR6cjkyQTlua3hkekpfdVo3TlVCUDFDMklnczB5VjhB?oc=5,Industry publication,Press report - verify,D,Fresh,,Closed,T-95125eeeb3d5,T-95125eeeb3d5-04
Awarded,,SECI,,SECI concludes 1.2 GW/4.8 GWh renewables-plus-storage tender at $0.07/kWh - ess-news.com,renew,1,1200.0,,,,Unclassified,1200.0,,,2026-02-06,2028-02-06,,Derived: 24 months from award (default),SECI,,Tender · news-derived record,https://news.google.com/rss/articles/CBMirgFBVV95cUxQOUgwSkFPWl9UX0VLTU85S2FUSEJMd2Q5SkZzU3dNdUM0MEFjSEdrenFWQUpoWTM2bE42TGxfQm95cDd6dE5VVDNEWTVobTBvSDM0LU1jbUo4Ym9NNUx6WDlmWGxwYTRqRjdveF9SazVFNXNtRGZFRWk0NmZraENwSktDNEZVd3ZRYnJjOWF6d1pkQWZLNHdERTdxZ01sQWVSZlloUDJtTGFEaDI4TWc?oc=5,https://news.google.com/rss/articles/CBMirgFBVV95cUxQOUgwSkFPWl9UX0VLTU85S2FUSEJMd2Q5SkZzU3dNdUM0MEFjSEdrenFWQUpoWTM2bE42TGxfQm95cDd6dE5VVDNEWTVobTBvSDM0LU1jbUo4Ym9NNUx6WDlmWGxwYTRqRjdveF9SazVFNXNtRGZFRWk0NmZraENwSktDNEZVd3ZRYnJjOWF6d1pkQWZLNHdERTdxZ01sQWVSZlloUDJtTGFEaDI4TWc?oc=5,Industry publication,Press report - verify,D,Fresh,,Closed,T-10c5313b39fd,T-10c5313b39fd-01
Awarded,,SECI,,"Hero Future, Rays Power, Resolven, Hexa, Juniper Among Winners in SECI’s 1 GW FDRE Auction - Energetica India Magazine",Hero Future,5,,,,,Unclassified,1000.0,,,2026-08-07,2028-08-07,,Derived: 24 months from award (default),SECI,,Tender · news-derived record,https://news.google.com/rss/articles/CBMiwAFBVV95cUxQcElNVl96N25sc2xRdHRRTUhMZ2lJM1lHZUl1dU03Q0ZGME9RbHZaWGxBUWtHX1FKTUJ2eEcwS1FDcnAyUHJ5Zm9Yd3BKOE9TTG5WNGpfZFgzb01VOVJZZDExNUxQVWRtWi12Z0xQS1lkcjFYOFdDLWpMQ3lXcjVpTVhMNlp0cVdYdWZPRVhCVjRnV3VORTIzSUM3UzdHREp4U0hmcVQwVjJlY1VQRXlRc242MFNJUUVmdGJNMEpYelY?oc=5,https://news.google.com/rss/articles/CBMiwAFBVV95cUxQcElNVl96N25sc2xRdHRRTUhMZ2lJM1lHZUl1dU03Q0ZGME9RbHZaWGxBUWtHX1FKTUJ2eEcwS1FDcnAyUHJ5Zm9Yd3BKOE9TTG5WNGpfZFgzb01VOVJZZDExNUxQVWRtWi12Z0xQS1lkcjFYOFdDLWpMQ3lXcjVpTVhMNlp0cVdYdWZPRVhCVjRnV3VORTIzSUM3UzdHREp4U0hmcVQwVjJlY1VQRXlRc242MFNJUUVmdGJNMEpYelY?oc=5,Industry publication,Press report - verify,D,Fresh,,Closed,T-8c6effe8e9f8,T-8c6effe8e9f8-01
Awarded,,SECI,,"Hero Future, Rays Power, Resolven, Hexa, Juniper Among Winners in SECI’s 1 GW FDRE Auction - Energetica India Magazine",Rays Power,5,,,,,Unclassified,1000.0,,,2026-08-07,2028-08-07,,Derived: 24 months from award (default),SECI,,Tender · news-derived record,https://news.google.com/rss/articles/CBMiwAFBVV95cUxQcElNVl96N25sc2xRdHRRTUhMZ2lJM1lHZUl1dU03Q0ZGME9RbHZaWGxBUWtHX1FKTUJ2eEcwS1FDcnAyUHJ5Zm9Yd3BKOE9TTG5WNGpfZFgzb01VOVJZZDExNUxQVWRtWi12Z0xQS1lkcjFYOFdDLWpMQ3lXcjVpTVhMNlp0cVdYdWZPRVhCVjRnV3VORTIzSUM3UzdHREp4U0hmcVQwVjJlY1VQRXlRc242MFNJUUVmdGJNMEpYelY?oc=5,https://news.google.com/rss/articles/CBMiwAFBVV95cUxQcElNVl96N25sc2xRdHRRTUhMZ2lJM1lHZUl1dU03Q0ZGME9RbHZaWGxBUWtHX1FKTUJ2eEcwS1FDcnAyUHJ5Zm9Yd3BKOE9TTG5WNGpfZFgzb01VOVJZZDExNUxQVWRtWi12Z0xQS1lkcjFYOFdDLWpMQ3lXcjVpTVhMNlp0cVdYdWZPRVhCVjRnV3VORTIzSUM3UzdHREp4U0hmcVQwVjJlY1VQRXlRc242MFNJUUVmdGJNMEpYelY?oc=5,Industry publication,Press report - verify,D,Fresh,,Closed,T-8c6effe8e9f8,T-8c6effe8e9f8-02
Awarded,,SECI,,"Hero Future, Rays Power, Resolven, Hexa, Juniper Among Winners in SECI’s 1 GW FDRE Auction - Energetica India Magazine",Resolven,5,,,,,Unclassified,1000.0,,,2026-08-07,2028-08-07,,Derived: 24 months from award (default),SECI,,Tender · news-derived record,https://news.google.com/rss/articles/CBMiwAFBVV95cUxQcElNVl96N25sc2xRdHRRTUhMZ2lJM1lHZUl1dU03Q0ZGME9RbHZaWGxBUWtHX1FKTUJ2eEcwS1FDcnAyUHJ5Zm9Yd3BKOE9TTG5WNGpfZFgzb01VOVJZZDExNUxQVWRtWi12Z0xQS1lkcjFYOFdDLWpMQ3lXcjVpTVhMNlp0cVdYdWZPRVhCVjRnV3VORTIzSUM3UzdHREp4U0hmcVQwVjJlY1VQRXlRc242MFNJUUVmdGJNMEpYelY?oc=5,https://news.google.com/rss/articles/CBMiwAFBVV95cUxQcElNVl96N25sc2xRdHRRTUhMZ2lJM1lHZUl1dU03Q0ZGME9RbHZaWGxBUWtHX1FKTUJ2eEcwS1FDcnAyUHJ5Zm9Yd3BKOE9TTG5WNGpfZFgzb01VOVJZZDExNUxQVWRtWi12Z0xQS1lkcjFYOFdDLWpMQ3lXcjVpTVhMNlp0cVdYdWZPRVhCVjRnV3VORTIzSUM3UzdHREp4U0hmcVQwVjJlY1VQRXlRc242MFNJUUVmdGJNMEpYelY?oc=5,Industry publication,Press report - verify,D,Fresh,,Closed,T-8c6effe8e9f8,T-8c6effe8e9f8-03
Awarded,,SECI,,"Hero Future, Rays Power, Resolven, Hexa, Juniper Among Winners in SECI’s 1 GW FDRE Auction - Energetica India Magazine",Hexa,5,,,,,Unclassified,1000.0,,,2026-08-07,2028-08-07,,Derived: 24 months from award (default),SECI,,Tender · news-derived record,https://news.google.com/rss/articles/CBMiwAFBVV95cUxQcElNVl96N25sc2xRdHRRTUhMZ2lJM1lHZUl1dU03Q0ZGME9RbHZaWGxBUWtHX1FKTUJ2eEcwS1FDcnAyUHJ5Zm9Yd3BKOE9TTG5WNGpfZFgzb01VOVJZZDExNUxQVWRtWi12Z0xQS1lkcjFYOFdDLWpMQ3lXcjVpTVhMNlp0cVdYdWZPRVhCVjRnV3VORTIzSUM3UzdHREp4U0hmcVQwVjJlY1VQRXlRc242MFNJUUVmdGJNMEpYelY?oc=5,https://news.google.com/rss/articles/CBMiwAFBVV95cUxQcElNVl96N25sc2xRdHRRTUhMZ2lJM1lHZUl1dU03Q0ZGME9RbHZaWGxBUWtHX1FKTUJ2eEcwS1FDcnAyUHJ5Zm9Yd3BKOE9TTG5WNGpfZFgzb01VOVJZZDExNUxQVWRtWi12Z0xQS1lkcjFYOFdDLWpMQ3lXcjVpTVhMNlp0cVdYdWZPRVhCVjRnV3VORTIzSUM3UzdHREp4U0hmcVQwVjJlY1VQRXlRc242MFNJUUVmdGJNMEpYelY?oc=5,Industry publication,Press report - verify,D,Fresh,,Closed,T-8c6effe8e9f8,T-8c6effe8e9f8-04
Awarded,,SECI,,"Hero Future, Rays Power, Resolven, Hexa, Juniper Among Winners in SECI’s 1 GW FDRE Auction - Energetica India Magazine",Juniper,5,,,,,Unclassified,1000.0,,,2026-08-07,2028-08-07,,Derived: 24 months from award (default),SECI,,Tender · news-derived record,https://news.google.com/rss/articles/CBMiwAFBVV95cUxQcElNVl96N25sc2xRdHRRTUhMZ2lJM1lHZUl1dU03Q0ZGME9RbHZaWGxBUWtHX1FKTUJ2eEcwS1FDcnAyUHJ5Zm9Yd3BKOE9TTG5WNGpfZFgzb01VOVJZZDExNUxQVWRtWi12Z0xQS1lkcjFYOFdDLWpMQ3lXcjVpTVhMNlp0cVdYdWZPRVhCVjRnV3VORTIzSUM3UzdHREp4U0hmcVQwVjJlY1VQRXlRc242MFNJUUVmdGJNMEpYelY?oc=5,https://news.google.com/rss/articles/CBMiwAFBVV95cUxQcElNVl96N25sc2xRdHRRTUhMZ2lJM1lHZUl1dU03Q0ZGME9RbHZaWGxBUWtHX1FKTUJ2eEcwS1FDcnAyUHJ5Zm9Yd3BKOE9TTG5WNGpfZFgzb01VOVJZZDExNUxQVWRtWi12Z0xQS1lkcjFYOFdDLWpMQ3lXcjVpTVhMNlp0cVdYdWZPRVhCVjRnV3VORTIzSUM3UzdHREp4U0hmcVQwVjJlY1VQRXlRc242MFNJUUVmdGJNMEpYelY?oc=5,Industry publication,Press report - verify,D,Fresh,,Closed,T-8c6effe8e9f8,T-8c6effe8e9f8-05
Awarded,,MPPMCL,,Adani Power Wins Additional 800 MW Order from MPPMCL - India Infoline,Adani Power,1,800.0,,,,Unclassified,800.0,,,2025-09-11,2027-09-11,,Derived: 24 months from award (default),MPPMCL,,Tender · news-derived record,https://news.google.com/rss/articles/CBMingFBVV95cUxQOVI4RlY5eTdVdXlYZXp0ZmpGN0NBVVpmZkVHM3JiNzJGa2h0elRRMDNzbnpRQWlzOEJ0aldUeEM3a2I0dlhoak5HZTYyZXJwMEJWVjF5R2NsNWFmSXdxVjFnTnVOSXJMVWxrbHRqdEU3bVVUckRCelB2aUNUTGc2ZVgyWDRseEFMYXpUQWoyRmtVNkhCdW5TY0pSMHVlZw?oc=5,https://news.google.com/rss/articles/CBMingFBVV95cUxQOVI4RlY5eTdVdXlYZXp0ZmpGN0NBVVpmZkVHM3JiNzJGa2h0elRRMDNzbnpRQWlzOEJ0aldUeEM3a2I0dlhoak5HZTYyZXJwMEJWVjF5R2NsNWFmSXdxVjFnTnVOSXJMVWxrbHRqdEU3bVVUckRCelB2aUNUTGc2ZVgyWDRseEFMYXpUQWoyRmtVNkhCdW5TY0pSMHVlZw?oc=5,Industry publication,Press report - verify,D,Fresh,,Closed,T-65e5485f6676,T-65e5485f6676-01
Awarded,,MPPMCL,,"Adani Power wins additional 800 MW LoA from MPPMCL, total at 1,600 MW - Business Standard",Adani Power,1,800.0,,,,Unclassified,800.0,,,2025-09-11,2027-09-11,,Derived: 24 months from award (default),MPPMCL,,Tender · news-derived record,https://news.google.com/rss/articles/CBMiuwFBVV95cUxNb0h2S0VISE1SQUV4RVlwb0VFeVh4T2M4SmlFY3lkX0ZRM0xMOU5kOTY4U01LalJHQ0dyRjBMTUFoU3VzT21TdnVVSE1nUk83SnNfcjJNLThzZ2pvcmI2MDRUZlB1OHdoU0JvMzdYbU9zdHBNOHRUTkRRTGVScGRtYU1jN05MSUt1UU1uSVdWWjZpdDBrYWxTVjQzazNqN2FGRmo1MVlSTEtkcjNKVU5aRVZLaDdhTWxSaEt30gHAAUFVX3lxTE5jV0F4Z01POGhfdUpfRkV6QnJFWlZ2anRzdVZPZmh6RWxMUjZKNVl4bnBBbkRDYlJDY1VUN0xnaDAxd2lPOXZEcnFOSU9OcFhDUWNDTlMwU1pReVZrRDZSX0JveVhsdTlyZGozLW02Zmx0ajdKZ0RYVTlMMWl2T1E4aFRzSDBQWU5ELURfWnBhTmQ3YmxzRTRzYWF2c0swOEZNbjFnOG5va1N2dXBKdTVpWUxBZnZXaE5tWG53bTN1SA?oc=5,https://news.google.com/rss/articles/CBMiuwFBVV95cUxNb0h2S0VISE1SQUV4RVlwb0VFeVh4T2M4SmlFY3lkX0ZRM0xMOU5kOTY4U01LalJHQ0dyRjBMTUFoU3VzT21TdnVVSE1nUk83SnNfcjJNLThzZ2pvcmI2MDRUZlB1OHdoU0JvMzdYbU9zdHBNOHRUTkRRTGVScGRtYU1jN05MSUt1UU1uSVdWWjZpdDBrYWxTVjQzazNqN2FGRmo1MVlSTEtkcjNKVU5aRVZLaDdhTWxSaEt30gHAAUFVX3lxTE5jV0F4Z01POGhfdUpfRkV6QnJFWlZ2anRzdVZPZmh6RWxMUjZKNVl4bnBBbkRDYlJDY1VUN0xnaDAxd2lPOXZEcnFOSU9OcFhDUWNDTlMwU1pReVZrRDZSX0JveVhsdTlyZGozLW02Zmx0ajdKZ0RYVTlMMWl2T1E4aFRzSDBQWU5ELURfWnBhTmQ3YmxzRTRzYWF2c0swOEZNbjFnOG5va1N2dXBKdTVpWUxBZnZXaE5tWG53bTN1SA?oc=5,Industry publication,Press report - verify,D,Fresh,,Closed,T-0b6a6c9a8b8a,T-0b6a6c9a8b8a-01
Awarded,,GUVNL,,Welspun and NLC India Achieve INR 2.34/Unit Discovered Tariff in GUVNL 625 MW Solar Auction - energetica-india.net,NLC India,1,625.0,,,,Solar,625.0,,,2026-03-18,2028-03-18,,Derived: 24 months from award (Solar),GUVNL,,Tender · news-derived record,https://news.google.com/rss/articles/CBMixgFBVV95cUxPYk5yXzl6LTc4SjhhaDJlQy11VHVyeG9Yd1NRd29fbVlGY1R4ZlZqdFhlQzdQeEI1cjF3NDBOLV9jaEFkWTJfelQwaldYM3BKMmw2NFRWeE5aTHhiWjN2cXp6M0xLZ0kxaVJxUnVGSkdaVGhRcUx1TE1adXdPRURSbVFsc1pXUXZ2Vkhyb1Z4ZHFKLUtuX3ZyY2RaRG9vbHVTVG9JM0JNTk14T0FKRzdyaVNXN0dZQTVTdlFyT05NeVdZY2lxTnc?oc=5,https://news.google.com/rss/articles/CBMixgFBVV95cUxPYk5yXzl6LTc4SjhhaDJlQy11VHVyeG9Yd1NRd29fbVlGY1R4ZlZqdFhlQzdQeEI1cjF3NDBOLV9jaEFkWTJfelQwaldYM3BKMmw2NFRWeE5aTHhiWjN2cXp6M0xLZ0kxaVJxUnVGSkdaVGhRcUx1TE1adXdPRURSbVFsc1pXUXZ2Vkhyb1Z4ZHFKLUtuX3ZyY2RaRG9vbHVTVG9JM0JNTk14T0FKRzdyaVNXN0dZQTVTdlFyT05NeVdZY2lxTnc?oc=5,Industry publication,Press report - verify,D,Fresh,,Closed,T-bd812b7761b5,T-bd812b7761b5-01
Awarded,,NLC India,,Welspun Renewable And NLC India Renewables Win GUVNL 625 MW Solar Auction At ₹2.34/kWh - SolarQuarter,Renew,1,625.0,,,,Solar,625.0,,,2026-03-20,2028-03-20,,Derived: 24 months from award (Solar),NLC India,,Tender · news-derived record,https://news.google.com/rss/articles/CBMiywFBVV95cUxPRnA1T1VySmM2UG5KQUhtaXJnUDlhcWpJTnJaSVVBd1gtcUpneWprN3hTbUxSUWhsbVItQ3h4cEE1a296QkxJRDNjWS16LTFaMEJkVjZEejdrS25BREJBal9aU1dpaHNOa1hnUjdWMVBwQmJaNWI4WkpDNjdhTnFsWUNPNnNRUDY4RzVVaXJxRzNGZTNKNk85eGpiOGVxNUZ4bnlfSXp2RFpCekt6ZXZQeXZiRXRuWW15NkxOZlBDcUZhZU5ieWlZUHVTcw?oc=5,https://news.google.com/rss/articles/CBMiywFBVV95cUxPRnA1T1VySmM2UG5KQUhtaXJnUDlhcWpJTnJaSVVBd1gtcUpneWprN3hTbUxSUWhsbVItQ3h4cEE1a296QkxJRDNjWS16LTFaMEJkVjZEejdrS25BREJBal9aU1dpaHNOa1hnUjdWMVBwQmJaNWI4WkpDNjdhTnFsWUNPNnNRUDY4RzVVaXJxRzNGZTNKNk85eGpiOGVxNUZ4bnlfSXp2RFpCekt6ZXZQeXZiRXRuWW15NkxOZlBDcUZhZU5ieWlZUHVTcw?oc=5,Industry publication,Press report - verify,D,Fresh,,Closed,T-13aa33cc4824,T-13aa33cc4824-01
Awarded,,NLC India,,NLC India Secures 600 MW Solar Award in UP Scaling Renewable Energy Pipeline - Sahi,Renew,1,600.0,,,,Solar,600.0,,,2026-07-01,2028-07-01,,Derived: 24 months from award (Solar),NLC India,,Tender · news-derived record,https://news.google.com/rss/articles/CBMitgFBVV95cUxPWndycnlhenM0NU1ybDl5Mk1LX3BGQzYtUVNjeVl2R2tLLU16Q05GdTZxS1RCX0VZV0UwTVdhajJacVBjN3JJcmtpNVpvbXhtRFFzQnU3cVdGdXA4bXQ4ZlVSN3ExX3Q3WWFHZ2xsWlp0Z25leFBvbURDR1B2X2Zya25pOVR2T3hkRFROV2Vmal9xRnMzbEtvVzRDVjNIcGhHVVg4UUxvQmhGRUxJNml3aVNmYlRKUQ?oc=5,https://news.google.com/rss/articles/CBMitgFBVV95cUxPWndycnlhenM0NU1ybDl5Mk1LX3BGQzYtUVNjeVl2R2tLLU16Q05GdTZxS1RCX0VZV0UwTVdhajJacVBjN3JJcmtpNVpvbXhtRFFzQnU3cVdGdXA4bXQ4ZlVSN3ExX3Q3WWFHZ2xsWlp0Z25leFBvbURDR1B2X2Zya25pOVR2T3hkRFROV2Vmal9xRnMzbEtvVzRDVjNIcGhHVVg4UUxvQmhGRUxJNml3aVNmYlRKUQ?oc=5,Industry publication,Press report - verify,D,Fresh,,Closed,T-36f0b8607c13,T-36f0b8607c13-01
Awarded,,SJVN,,"KP Group, UPC Renewables, Datta Infra, Resolven Win SJVN’s 600 MW Wind Auction - Energetica India Magazine",Renew,2,,,,,Wind,600.0,,,2026-03-02,2028-03-02,,Derived: 24 months from award (Wind),SJVN,,Tender · news-derived record,https://news.google.com/rss/articles/CBMisgFBVV95cUxOMGI3eS1uaklneERJQnc5bjJ2QlZsUXdlbW5aVlFnOHF0WTRCSUV0ZGJEc1g4QURZX2FMb2NMVmhhZG9iS0hzSGZ0UXNxb0pnOTVWS1g1bVBtRWJKU1NXRmRPUmxfaUZsR3dpX19lYk9wRW92WXBwSGU1WHo5SXFNS1VUOEhESFdpRDhROFlKelpiWmdSZDZwUFdFeHppbldmUnpTWUFVLXZVblJXOWdjN2p3?oc=5,https://news.google.com/rss/articles/CBMisgFBVV95cUxOMGI3eS1uaklneERJQnc5bjJ2QlZsUXdlbW5aVlFnOHF0WTRCSUV0ZGJEc1g4QURZX2FMb2NMVmhhZG9iS0hzSGZ0UXNxb0pnOTVWS1g1bVBtRWJKU1NXRmRPUmxfaUZsR3dpX19lYk9wRW92WXBwSGU1WHo5SXFNS1VUOEhESFdpRDhROFlKelpiWmdSZDZwUFdFeHppbldmUnpTWUFVLXZVblJXOWdjN2p3?oc=5,Industry publication,Press report - verify,D,Fresh,,Closed,T-8a50373c8d89,T-8a50373c8d89-01
Awarded,,SJVN,,"KP Group, UPC Renewables, Datta Infra, Resolven Win SJVN’s 600 MW Wind Auction - Energetica India Magazine",Resolven,2,,,,,Wind,600.0,,,2026-03-02,2028-03-02,,Derived: 24 months from award (Wind),SJVN,,Tender · news-derived record,https://news.google.com/rss/articles/CBMisgFBVV95cUxOMGI3eS1uaklneERJQnc5bjJ2QlZsUXdlbW5aVlFnOHF0WTRCSUV0ZGJEc1g4QURZX2FMb2NMVmhhZG9iS0hzSGZ0UXNxb0pnOTVWS1g1bVBtRWJKU1NXRmRPUmxfaUZsR3dpX19lYk9wRW92WXBwSGU1WHo5SXFNS1VUOEhESFdpRDhROFlKelpiWmdSZDZwUFdFeHppbldmUnpTWUFVLXZVblJXOWdjN2p3?oc=5,https://news.google.com/rss/articles/CBMisgFBVV95cUxOMGI3eS1uaklneERJQnc5bjJ2QlZsUXdlbW5aVlFnOHF0WTRCSUV0ZGJEc1g4QURZX2FMb2NMVmhhZG9iS0hzSGZ0UXNxb0pnOTVWS1g1bVBtRWJKU1NXRmRPUmxfaUZsR3dpX19lYk9wRW92WXBwSGU1WHo5SXFNS1VUOEhESFdpRDhROFlKelpiWmdSZDZwUFdFeHppbldmUnpTWUFVLXZVblJXOWdjN2p3?oc=5,Industry publication,Press report - verify,D,Fresh,,Closed,T-8a50373c8d89,T-8a50373c8d89-02
Awarded,,NTPC,,NTPC REL Wins 500 MW SECI Renewable Contract At Rs 6 per kWh - Construction World,SECI,2,,,,,Unclassified,500.0,,,2026-09-03,2028-09-03,,Derived: 24 months from award (default),NTPC,,Tender · news-derived record,https://news.google.com/rss/articles/CBMi4gFBVV95cUxPd296c2F1UU96M25sUV9GSmRDLVFEZndIcU9XWXFMTUFtRTJoZGgwOU9VUzR0X2d5WUl1UzFwRzZwLVhVd21lcXRRVHcybUVrT1dMSTR3dmtzVVhCTUlHVnNORlV2OWlvMThlamI3UFdFaVZyM2tQYnVza0l2WVRuS2xIcHlfa0RIenZJdDBSQmhQNndyV0JRX1Y5UGhMSUlxMVk0aFluamZHeFQtZU85WlhmNkpaVFUwODVUb3h4azhRMUo1czlWaFFES3ZONUtuZGI2Y0N4NVo4ZEVTZG5QSW93?oc=5,https://news.google.com/rss/articles/CBMi4gFBVV95cUxPd296c2F1UU96M25sUV9GSmRDLVFEZndIcU9XWXFMTUFtRTJoZGgwOU9VUzR0X2d5WUl1UzFwRzZwLVhVd21lcXRRVHcybUVrT1dMSTR3dmtzVVhCTUlHVnNORlV2OWlvMThlamI3UFdFaVZyM2tQYnVza0l2WVRuS2xIcHlfa0RIenZJdDBSQmhQNndyV0JRX1Y5UGhMSUlxMVk0aFluamZHeFQtZU85WlhmNkpaVFUwODVUb3h4azhRMUo1czlWaFFES3ZONUtuZGI2Y0N4NVo4ZEVTZG5QSW93?oc=5,Industry publication,Press report - verify,D,Fresh,,Delisted,T-d9717b535ee9,T-d9717b535ee9-01
Awarded,,NTPC,,NTPC REL Wins 500 MW SECI Renewable Contract At Rs 6 per kWh - Construction World,Renew,2,,,,,Unclassified,500.0,,,2026-09-03,2028-09-03,,Derived: 24 months from award (default),NTPC,,Tender · news-derived record,https://news.google.com/rss/articles/CBMi4gFBVV95cUxPd296c2F1UU96M25sUV9GSmRDLVFEZndIcU9XWXFMTUFtRTJoZGgwOU9VUzR0X2d5WUl1UzFwRzZwLVhVd21lcXRRVHcybUVrT1dMSTR3dmtzVVhCTUlHVnNORlV2OWlvMThlamI3UFdFaVZyM2tQYnVza0l2WVRuS2xIcHlfa0RIenZJdDBSQmhQNndyV0JRX1Y5UGhMSUlxMVk0aFluamZHeFQtZU85WlhmNkpaVFUwODVUb3h4azhRMUo1czlWaFFES3ZONUtuZGI2Y0N4NVo4ZEVTZG5QSW93?oc=5,https://news.google.com/rss/articles/CBMi4gFBVV95cUxPd296c2F1UU96M25sUV9GSmRDLVFEZndIcU9XWXFMTUFtRTJoZGgwOU9VUzR0X2d5WUl1UzFwRzZwLVhVd21lcXRRVHcybUVrT1dMSTR3dmtzVVhCTUlHVnNORlV2OWlvMThlamI3UFdFaVZyM2tQYnVza0l2WVRuS2xIcHlfa0RIenZJdDBSQmhQNndyV0JRX1Y5UGhMSUlxMVk0aFluamZHeFQtZU85WlhmNkpaVFUwODVUb3h4azhRMUo1czlWaFFES3ZONUtuZGI2Y0N4NVo4ZEVTZG5QSW93?oc=5,Industry publication,Press report - verify,D,Fresh,,Delisted,T-d9717b535ee9,T-d9717b535ee9-02
Awarded,,SECI,,NTPC Renewable Energy Wins 500 MW in SECI Peak Power Auction at ₹6/kWh - Microgrid Media,NTPC Renewable,1,500.0,,,,Unclassified,500.0,,,2026-08-23,2028-08-23,,Derived: 24 months from award (default),SECI,,Tender · news-derived record,https://news.google.com/rss/articles/CBMic0FVX3lxTE5ENU1jazA5OGdWbzhnVm5QNG5VS1RqeVgwRVItNkZMQXR1ZGVOcTZ1SUh0X3FaNDg0SGVOc2gxbjlGZ1ltdWFSWnBpRVpXVm9LLW1yRGNVYVhjVVJONVhSZldxOUNIZnRJeF9ob0pndXdjcTQ?oc=5,https://news.google.com/rss/articles/CBMic0FVX3lxTE5ENU1jazA5OGdWbzhnVm5QNG5VS1RqeVgwRVItNkZMQXR1ZGVOcTZ1SUh0X3FaNDg0SGVOc2gxbjlGZ1ltdWFSWnBpRVpXVm9LLW1yRGNVYVhjVVJONVhSZldxOUNIZnRJeF9ob0pndXdjcTQ?oc=5,Industry publication,Press report - verify,D,Fresh,,Closed,T-f69d26bb566a,T-f69d26bb566a-01
Awarded,,SECI,,NTPC REL Wins 500 MW Renewable Energy Contract In SECI Auction At INR 6/kWh - SolarQuarter,Renew,1,500.0,,,,Unclassified,500.0,,,2026-08-31,2028-08-28,,Derived: 24 months from award (default),SECI,,Tender · news-derived record,https://news.google.com/rss/articles/CBMisgFBVV95cUxPektoWl94Wk1jVGhWVF92aGo4Y1lGWDlWdE1zdGY0OElMVUZUaHpOREtzb29hNlFKS25sSW41OVMyNEJtR0dPNGRqQUhaaTNZYUhhUUdYUkpybVh2TjR5TzYyUmMyZW0xWktBeGRVdlZVQ2RMdFljV2VNYW9aOW5sMXF2Yjg5VjkyQlRvbFBycVZBY0dhZmpseF9FLWxkRi04cXJWSnFudjE1ZjQ0X21QS1p3?oc=5,https://news.google.com/rss/articles/CBMisgFBVV95cUxPektoWl94Wk1jVGhWVF92aGo4Y1lGWDlWdE1zdGY0OElMVUZUaHpOREtzb29hNlFKS25sSW41OVMyNEJtR0dPNGRqQUhaaTNZYUhhUUdYUkpybVh2TjR5TzYyUmMyZW0xWktBeGRVdlZVQ2RMdFljV2VNYW9aOW5sMXF2Yjg5VjkyQlRvbFBycVZBY0dhZmpseF9FLWxkRi04cXJWSnFudjE1ZjQ0X21QS1p3?oc=5,Industry publication,Press report - verify,D,Fresh,,Closed,T-4f40b69fee32,T-4f40b69fee32-01
Awarded,,SECI,,NTPC Green Energy Arm Wins 500 MW SECI Peak Power Tender - Equitypandit,NTPC Green,1,500.0,,,,Unclassified,500.0,,,2026-08-24,2028-08-24,,Derived: 24 months from award (default),SECI,,Tender · news-derived record,https://news.google.com/rss/articles/CBMijwFBVV95cUxOcnlyaUtXamtSbmN6cmhSUjRaVXVfYjBtLTV1dGFRR1FvNkZUSzBKbGYwZEY5QkItbHFKVVA4WWY2bTZxeGhieV9HdEh2emRpVEV2b014X3ZyS2JKZzNIcjlha0loaThVN1ZyOGdPQTN0WFAxVXhHMjRPNE1NUFZzMEw0Ul8xV1hvOERaZW1NZw?oc=5,https://news.google.com/rss/articles/CBMijwFBVV95cUxOcnlyaUtXamtSbmN6cmhSUjRaVXVfYjBtLTV1dGFRR1FvNkZUSzBKbGYwZEY5QkItbHFKVVA4WWY2bTZxeGhieV9HdEh2emRpVEV2b014X3ZyS2JKZzNIcjlha0loaThVN1ZyOGdPQTN0WFAxVXhHMjRPNE1NUFZzMEw0Ul8xV1hvOERaZW1NZw?oc=5,Industry publication,Press report - verify,D,Fresh,,Closed,T-f316671be8c1,T-f316671be8c1-01
Awarded,,SECI,,NTPC Renewable Energy wins 500 MW SECI tender at ₹6/kWh tariff - energy.economictimes.indiatimes.com,NTPC Renewable,1,500.0,,,,Unclassified,500.0,,,2026-08-22,2028-08-22,,Derived: 24 months from award (default),SECI,,Tender · news-derived record,https://news.google.com/rss/articles/CBMixAFBVV95cUxOTXhUQ3g3bjZtcVRXcXFzTGVLMEF6NS1vT196NmQ2dVYyX0luLWU0cGUzQnpYY1VZMFlJeFhpYTBFMngtMzBwdDl5Z0ZoVVBDYThaWDM4NEh1clhob0JELVR6WWROamIzelkxYlVfTGRSaHVSaTZwNUIwS05JSjh1cVFhckdsNkxuWEZxdWlCdWgwbXhCaDBLb2dLdDNhSXNuc3BZbDZsbXZiLUl3RmZLdWlFUlJSMFc4aE5INEpDWnphLTQ10gHKAUFVX3lxTE1pamJWV2xHZlFMWkMyZXRPXzR1LWxNRnRvdHNLT3VYamQ1bktiU3VGUm85Zm5HbExMMWRsOXZWdGRiSllXTkVBXzE3eDlaRGVWdHV0czQtemVlQzVjMjk3cXJ0VFBfcE54UEJrdkdIYTV3aEVaWGpfSlJ4U3JGTzQ0X2V6NGlCTFA3dENQMTZtaUpYZVFxLUJNN2R3QVBhUzBTRVhpWVRLRTl0QVFqUHg1Yy16UlBNRlRKMDZ0bDlKVERteEgxLUFMUGc?oc=5,https://news.google.com/rss/articles/CBMixAFBVV95cUxOTXhUQ3g3bjZtcVRXcXFzTGVLMEF6NS1vT196NmQ2dVYyX0luLWU0cGUzQnpYY1VZMFlJeFhpYTBFMngtMzBwdDl5Z0ZoVVBDYThaWDM4NEh1clhob0JELVR6WWROamIzelkxYlVfTGRSaHVSaTZwNUIwS05JSjh1cVFhckdsNkxuWEZxdWlCdWgwbXhCaDBLb2dLdDNhSXNuc3BZbDZsbXZiLUl3RmZLdWlFUlJSMFc4aE5INEpDWnphLTQ10gHKAUFVX3lxTE1pamJWV2xHZlFMWkMyZXRPXzR1LWxNRnRvdHNLT3VYamQ1bktiU3VGUm85Zm5HbExMMWRsOXZWdGRiSllXTkVBXzE3eDlaRGVWdHV0czQtemVlQzVjMjk3cXJ0VFBfcE54UEJrdkdIYTV3aEVaWGpfSlJ4U3JGTzQ0X2V6NGlCTFA3dENQMTZtaUpYZVFxLUJNN2R3QVBhUzBTRVhpWVRLRTl0QVFqUHg1Yy16UlBNRlRKMDZ0bDlKVERteEgxLUFMUGc?oc=5,Industry publication,Press report - verify,D,Fresh,,Closed,T-2443862bb9ca,T-2443862bb9ca-01
Awarded,,GUVNL,,"NLC India, KP Group Win GUVNL’s 450 MW/900 MWh Standalone BESS Auction - energetica-india.net",NLC India,1,450.0,,,,Energy Storage (BESS),450.0,,,2026-08-12,2028-02-12,,Derived: 18 months from award (Energy Storage (BESS)),GUVNL,,Tender · news-derived record,https://news.google.com/rss/articles/CBMiqAFBVV95cUxOY1VXRGsyNTZORk9rUW9qakRMYXdWWnFNSlpEMmp0NXoyemlBcEYxWXg2YWdFSTNjMzc2RFplNm1YMUJUdUFudGRiQnVXOGN3d19DWFo1RGRrNW9wdnVBUlZkSm0tYVVVT1hGYldRZExsT19tNWlpUmdVeWNkMmNSeV9VVDJKRm5Kd3lEYkp2NTdVOEpSdVBGcnhzT0p0clQ5OHlkQkhiZVU?oc=5,https://news.google.com/rss/articles/CBMiqAFBVV95cUxOY1VXRGsyNTZORk9rUW9qakRMYXdWWnFNSlpEMmp0NXoyemlBcEYxWXg2YWdFSTNjMzc2RFplNm1YMUJUdUFudGRiQnVXOGN3d19DWFo1RGRrNW9wdnVBUlZkSm0tYVVVT1hGYldRZExsT19tNWlpUmdVeWNkMmNSeV9VVDJKRm5Kd3lEYkp2NTdVOEpSdVBGcnhzT0p0clQ5OHlkQkhiZVU?oc=5,Industry publication,Press report - verify,D,Fresh,,Closed,T-70cc4438cd19,T-70cc4438cd19-01
Awarded,,NLC India,,NLC India Renewables wins 450 MW Gujarat BESS; second bidder Rs 1 behind - Power Peak Digest,Renew,1,450.0,,,,Energy Storage (BESS),450.0,Gujarat,,2026-08-11,2028-02-11,,Derived: 18 months from award (Energy Storage (BESS)),NLC India,,Tender · news-derived record,https://news.google.com/rss/articles/CBMigwFBVV95cUxOT0VUZnU3akNTakpydTBMUHg5bmRtdEpEZTZiOXBQV3JOS1Y2bkk0UVJiQll1RDNpbDlFQVBpN0JweXIwTkZmX09KVmx2OXhJWUllWWNTTG94VEhYMmpOSUJWaTEyU2lkWXljSVBSWHdkQ0puajl2SmpDUWJRUl9XNzk0dw?oc=5,https://news.google.com/rss/articles/CBMigwFBVV95cUxOT0VUZnU3akNTakpydTBMUHg5bmRtdEpEZTZiOXBQV3JOS1Y2bkk0UVJiQll1RDNpbDlFQVBpN0JweXIwTkZmX09KVmx2OXhJWUllWWNTTG94VEhYMmpOSUJWaTEyU2lkWXljSVBSWHdkQ0puajl2SmpDUWJRUl9XNzk0dw?oc=5,Industry publication,Press report - verify,D,Fresh,,Closed,T-56d130be8de8,T-56d130be8de8-01
Awarded,,NLC India,,GUVNL Awards 450 MW/900 MWh BESS Phase-IX To NLC India Renewables And Sun Drops Energia - SolarQuarter,Renew,1,450.0,,,,Solar + Storage,450.0,,,2026-08-12,2028-08-12,,Derived: 24 months from award (Solar + Storage),NLC India,,Tender · news-derived record,https://news.google.com/rss/articles/CBMiwgFBVV95cUxNWE1YeEJVdDZ1OXQwN2taTUpQSDJHVGNEOU9telNxb1BOMnJPT25DVjZ1SmRvVF83YVpPUE44SHpDUXhHMnNzWWo4RWo0cHowcU82a1c3Ulp3emIwY2dLcW5NSHVSNnpIZjJCSjdCWmFFRU5OUUxFRlpNX2oyOWNQQ2ZLLUdvclhQTW52Zjd6YklpNGhmNkJsRUItMU91NHJHX0xrVUxkV1F1RDlldzVuUE1RVHVnZWRGZVgxamlhbjg0Zw?oc=5,https://news.google.com/rss/articles/CBMiwgFBVV95cUxNWE1YeEJVdDZ1OXQwN2taTUpQSDJHVGNEOU9telNxb1BOMnJPT25DVjZ1SmRvVF83YVpPUE44SHpDUXhHMnNzWWo4RWo0cHowcU82a1c3Ulp3emIwY2dLcW5NSHVSNnpIZjJCSjdCWmFFRU5OUUxFRlpNX2oyOWNQQ2ZLLUdvclhQTW52Zjd6YklpNGhmNkJsRUItMU91NHJHX0xrVUxkV1F1RDlldzVuUE1RVHVnZWRGZVgxamlhbjg0Zw?oc=5,Industry publication,Press report - verify,D,Fresh,,Closed,T-06627f9dafd0,T-06627f9dafd0-01
Awarded,,SJVN,,ACME Solar wins 450 MW peak power project under SJVN FDRE-IV - Manufacturing Today India,ACME Solar,1,450.0,,,,Solar,450.0,,,2025-11-11,2027-11-11,,Derived: 24 months from award (Solar),SJVN,,Tender · news-derived record,https://news.google.com/rss/articles/CBMigAFBVV95cUxNUkhNZWlKMVhuWWx2LTRkMThmaWliejVnTy0yaWoxSkEybEkwZHZmdGY0azdpVUxkNnhkRkFkY1Nnc2J0cm1jSTU4c2lmcGFlYXdHdlI2dndzRWF5TExSeWpmeEdoNnNKSk1qcmlhRGswLWpxNVo0dlkxelpXSWxPdA?oc=5,https://news.google.com/rss/articles/CBMigAFBVV95cUxNUkhNZWlKMVhuWWx2LTRkMThmaWliejVnTy0yaWoxSkEybEkwZHZmdGY0azdpVUxkNnhkRkFkY1Nnc2J0cm1jSTU4c2lmcGFlYXdHdlI2dndzRWF5TExSeWpmeEdoNnNKSk1qcmlhRGswLWpxNVo0dlkxelpXSWxPdA?oc=5,Industry publication,Press report - verify,D,Fresh,,Closed,T-09598eb67675,T-09598eb67675-01
Awarded,,SJVN,,ACME Solar Awarded 450 MW-1800 MWh SJVN FDRE-IV Project - Energetica India Magazine,ACME Solar,1,450.0,,,,Solar,450.0,,,2025-11-12,2027-11-12,,Derived: 24 months from award (Solar),SJVN,,Tender · news-derived record,https://news.google.com/rss/articles/CBMimAFBVV95cUxObXI0RjJJMmNfVTRFbzE5MzBzaHNqZ3hyd3BRQmJadE1BYmpOOW0yQ2pneHE5V3ZRZ2RUOGtWckViQ1BTM1ZZM211SXdfcmRZZDJ0QlJsWWdUbFEwZ0NkeGNlVjZuNTQzMTJMMnFWZlVHaHV0Y2NfOTI4WWFqbHFHSGhuSzB0bmZjbERmdjdlTVN1RjNjempOMg?oc=5,https://news.google.com/rss/articles/CBMimAFBVV95cUxObXI0RjJJMmNfVTRFbzE5MzBzaHNqZ3hyd3BRQmJadE1BYmpOOW0yQ2pneHE5V3ZRZ2RUOGtWckViQ1BTM1ZZM211SXdfcmRZZDJ0QlJsWWdUbFEwZ0NkeGNlVjZuNTQzMTJMMnFWZlVHaHV0Y2NfOTI4WWFqbHFHSGhuSzB0bmZjbERmdjdlTVN1RjNjempOMg?oc=5,Industry publication,Press report - verify,D,Fresh,,Closed,T-0253747219b9,T-0253747219b9-01
Awarded,2026-02-04,NTPC,NRE-CS-5822-004(MOD-2)-9,SUPPLY OF SOLAR PV MODULES FOR 400MW SOLAR PROJECT IN CHITRAKOOT IN U.P.,Pace Digitek,1,400.0,,,,Solar,400.0,,2026-03-13,2026-04-21,2028-04-21,,Derived: 24 months from award (Solar),NTPC,,Tender · NEW,https://ntpctender.ntpc.co.in/NITDetails/NITs/29427,https://news.google.com/rss/articles/CBMiyAFBVV95cUxOUTkzQ1dXY3J1c1pXVy1EdG5QT28tX2x2ejRoRVJEeEtCdzBPZ0xSdkhuVkYyekltNVl5bGJkX3JiZ3AyLTZ6QlREeTdaY0M5VWU2VzJMVS1BX1hoSUtHUFkyLXF3d2M2Nk9qd3ZSOWhDSFoxZ2dyR0hERGZWTV9iRU1FZWdpWFFva1VfSWhxb09JVHlwMFRwaGJ4eXN2LW5sTWwzQm0taDRudFVYWm11OENaYnpORGozby03aXdYeUdZeUo1UGtlWg?oc=5,Industry publication,Press report - verify,C,Fresh,,Closed,T-ba290cae1701,T-ba290cae1701-01
Awarded,,SJVN Green Energy,,"ACME Solar bags 400 MW firm, dispatchable renewable project from SJVN - Business Standard",ACME Solar,2,,,,,Solar,400.0,,,2025-11-11,2027-11-11,,Derived: 24 months from award (Solar),SJVN Green Energy,,Tender · news-derived record,https://news.google.com/rss/articles/CBMi0wFBVV95cUxPSXFKLURtVWtyNU9mV3NnNnQwU2RiX3g2WlJqY2dablRuaFZkT2o3R244TjlqNnJiTF95cm1zbXVwY2dGMjN5Wmd4ZHdNZW93VjU5MVFtU1BoY3kzNTBGWnF0UVU0eU5HSjZtUDZvV0Y2dWFPYWtJVGEyWnNjZ0daRDR2cEpVNlJVdHM4UkJvMDhScDB0VmdhS01YQ2lGX2ZIQ2tneEY4ek5zbWxRT19LZlhXU280d0RKdU9uUTVqMEtLZmJrTG41Y25TU0hPZVAzRzJR0gHYAUFVX3lxTE9FX1JSZkx0c3FQbkdQdmZ5cl9yVHNOd2p2R09BczdqWjhoZ1o3STE3RTZqUDktRVN3TjlnWHJpUDItUk40cGQwbHJTLUQ0LUtVNjY2bEdJSDNqZ0VMc0xUbm9uRUdfZHlEdG9PZVdjUHZ4cnZWSkJxMkczaUlwSmRFSjZJdG5aN01fQWZhMjltYmNwTl8tS3g4MHdYbVA1bFFfd0ZfVXppYUFjVUxONGgwVFNoUWNRcmNoSy10RHluVHNZcy12eHUwbW5xY2dRV0ZmbVFkQUx3YQ?oc=5,https://news.google.com/rss/articles/CBMi0wFBVV95cUxPSXFKLURtVWtyNU9mV3NnNnQwU2RiX3g2WlJqY2dablRuaFZkT2o3R244TjlqNnJiTF95cm1zbXVwY2dGMjN5Wmd4ZHdNZW93VjU5MVFtU1BoY3kzNTBGWnF0UVU0eU5HSjZtUDZvV0Y2dWFPYWtJVGEyWnNjZ0daRDR2cEpVNlJVdHM4UkJvMDhScDB0VmdhS01YQ2lGX2ZIQ2tneEY4ek5zbWxRT19LZlhXU280d0RKdU9uUTVqMEtLZmJrTG41Y25TU0hPZVAzRzJR0gHYAUFVX3lxTE9FX1JSZkx0c3FQbkdQdmZ5cl9yVHNOd2p2R09BczdqWjhoZ1o3STE3RTZqUDktRVN3TjlnWHJpUDItUk40cGQwbHJTLUQ0LUtVNjY2bEdJSDNqZ0VMc0xUbm9uRUdfZHlEdG9PZVdjUHZ4cnZWSkJxMkczaUlwSmRFSjZJdG5aN01fQWZhMjltYmNwTl8tS3g4MHdYbVA1bFFfd0ZfVXppYUFjVUxONGgwVFNoUWNRcmNoSy10RHluVHNZcy12eHUwbW5xY2dRV0ZmbVFkQUx3YQ?oc=5,Industry publication,Press report - verify,D,Fresh,,Closed,T-d287d11834a0,T-d287d11834a0-01
Awarded,,SJVN Green Energy,,"ACME Solar bags 400 MW firm, dispatchable renewable project from SJVN - Business Standard",renew,2,,,,,Solar,400.0,,,2025-11-11,2027-11-11,,Derived: 24 months from award (Solar),SJVN Green Energy,,Tender · news-derived record,https://news.google.com/rss/articles/CBMi0wFBVV95cUxPSXFKLURtVWtyNU9mV3NnNnQwU2RiX3g2WlJqY2dablRuaFZkT2o3R244TjlqNnJiTF95cm1zbXVwY2dGMjN5Wmd4ZHdNZW93VjU5MVFtU1BoY3kzNTBGWnF0UVU0eU5HSjZtUDZvV0Y2dWFPYWtJVGEyWnNjZ0daRDR2cEpVNlJVdHM4UkJvMDhScDB0VmdhS01YQ2lGX2ZIQ2tneEY4ek5zbWxRT19LZlhXU280d0RKdU9uUTVqMEtLZmJrTG41Y25TU0hPZVAzRzJR0gHYAUFVX3lxTE9FX1JSZkx0c3FQbkdQdmZ5cl9yVHNOd2p2R09BczdqWjhoZ1o3STE3RTZqUDktRVN3TjlnWHJpUDItUk40cGQwbHJTLUQ0LUtVNjY2bEdJSDNqZ0VMc0xUbm9uRUdfZHlEdG9PZVdjUHZ4cnZWSkJxMkczaUlwSmRFSjZJdG5aN01fQWZhMjltYmNwTl8tS3g4MHdYbVA1bFFfd0ZfVXppYUFjVUxONGgwVFNoUWNRcmNoSy10RHluVHNZcy12eHUwbW5xY2dRV0ZmbVFkQUx3YQ?oc=5,https://news.google.com/rss/articles/CBMi0wFBVV95cUxPSXFKLURtVWtyNU9mV3NnNnQwU2RiX3g2WlJqY2dablRuaFZkT2o3R244TjlqNnJiTF95cm1zbXVwY2dGMjN5Wmd4ZHdNZW93VjU5MVFtU1BoY3kzNTBGWnF0UVU0eU5HSjZtUDZvV0Y2dWFPYWtJVGEyWnNjZ0daRDR2cEpVNlJVdHM4UkJvMDhScDB0VmdhS01YQ2lGX2ZIQ2tneEY4ek5zbWxRT19LZlhXU280d0RKdU9uUTVqMEtLZmJrTG41Y25TU0hPZVAzRzJR0gHYAUFVX3lxTE9FX1JSZkx0c3FQbkdQdmZ5cl9yVHNOd2p2R09BczdqWjhoZ1o3STE3RTZqUDktRVN3TjlnWHJpUDItUk40cGQwbHJTLUQ0LUtVNjY2bEdJSDNqZ0VMc0xUbm9uRUdfZHlEdG9PZVdjUHZ4cnZWSkJxMkczaUlwSmRFSjZJdG5aN01fQWZhMjltYmNwTl8tS3g4MHdYbVA1bFFfd0ZfVXppYUFjVUxONGgwVFNoUWNRcmNoSy10RHluVHNZcy12eHUwbW5xY2dRV0ZmbVFkQUx3YQ?oc=5,Industry publication,Press report - verify,D,Fresh,,Closed,T-d287d11834a0,T-d287d11834a0-02
Awarded,,SECI,,ACME Solar wins 301 MW FDRE project from SECI - ET EnergyWorld,ACME Solar,1,301.0,,,,Solar,301.0,,,2026-02-06,2028-02-06,,Derived: 24 months from award (Solar),SECI,,Tender · news-derived record,https://news.google.com/rss/articles/CBMi2wFBVV95cUxQaDQ3VjB0SWNsUFBUbkJvNkpyZk9felJpVDFZR0VzZlk2YWR2SGJOY1R6QUlpbERyb0J0QllNa3ozV0xzdmRxeGJQLU5zWllSREtSbnFIcHRWME9lbmVkMnJQdUJaeG04dk9zNk1YTGxEYmtZU1drUHoxejd1X19Cb2pxeUtUYThTbU52R3RmQzJiUUREYkZUUTRwcFM2QkFpM3dyTHRwSDE3TndMaW1xc3Y5WUk2NmxyTWNFM0VQT3pDZ3JsUVdNVXZSX0oxRThseVJRbmtmdWVYUGvSAeABQVVfeXFMTXM0QWpLUzdvVlYyNEtIZ2gwa0Vmd250T3MxYW5ETkRWaWJ5V3ZmTHkzaGlUdl8wcUdVNW9BT19jOExabDlCb1pwUFV2LTF0U0szNnFKcGJYR3BLY2x2cWhfYVpYYm51VHFHdUhUN3dtRlRxbXNKNHRDdjRKOFlQZXZJUUt0SmhpVlFkdEt2NXJXQzc3eVFxLUQ1VTBReDE1azh2WDAyTm5ZZEdKR0JSOWRxSVpiYnZza1FCbDNGc0txdlFtUVJDaFd6cU1JR3ZyVllZWTZzQUl3TmxkWDIzS1Q?oc=5,https://news.google.com/rss/articles/CBMi2wFBVV95cUxQaDQ3VjB0SWNsUFBUbkJvNkpyZk9felJpVDFZR0VzZlk2YWR2SGJOY1R6QUlpbERyb0J0QllNa3ozV0xzdmRxeGJQLU5zWllSREtSbnFIcHRWME9lbmVkMnJQdUJaeG04dk9zNk1YTGxEYmtZU1drUHoxejd1X19Cb2pxeUtUYThTbU52R3RmQzJiUUREYkZUUTRwcFM2QkFpM3dyTHRwSDE3TndMaW1xc3Y5WUk2NmxyTWNFM0VQT3pDZ3JsUVdNVXZSX0oxRThseVJRbmtmdWVYUGvSAeABQVVfeXFMTXM0QWpLUzdvVlYyNEtIZ2gwa0Vmd250T3MxYW5ETkRWaWJ5V3ZmTHkzaGlUdl8wcUdVNW9BT19jOExabDlCb1pwUFV2LTF0U0szNnFKcGJYR3BLY2x2cWhfYVpYYm51VHFHdUhUN3dtRlRxbXNKNHRDdjRKOFlQZXZJUUt0SmhpVlFkdEt2NXJXQzc3eVFxLUQ1VTBReDE1azh2WDAyTm5ZZEdKR0JSOWRxSVpiYnZza1FCbDNGc0txdlFtUVJDaFd6cU1JR3ZyVllZWTZzQUl3TmxkWDIzS1Q?oc=5,Industry publication,Press report - verify,D,Fresh,,Closed,T-40826cce8ebc,T-40826cce8ebc-01
Awarded,,NTPC,,NTPC Green Energy Awards 300 MW Solar Project To Bondada Engineering in Rajasthan - Saur Energy,NTPC Green,1,300.0,,,,Solar,300.0,Rajasthan,,2026-05-11,2028-05-11,,Derived: 24 months from award (Solar),NTPC,,Tender · news-derived record,https://news.google.com/rss/articles/CBMivwFBVV95cUxOcVhnaU1TdWIwc3RiY0hwN2JWRU9rZlVnNVQ2dk9EMDRIX3k5VTVQall3NVY0RmdJdEJpbnZ6V3NMR2tiVF9FOUZSRlhCLVQzWTl0aG43M3gzMWx1NzI0YzRMWkxMN19MeUswWm8yLVh0V2NIRk44cWlvVUVfRXpjQmtTYmtHdDUtVnFuMUdSMFlmV25YdlZaRlpWcGxNQWNhLVlpQUtzWFdZcEgwUmIxYjBqRnFDaXBPbGtTSUxjcw?oc=5,https://news.google.com/rss/articles/CBMivwFBVV95cUxOcVhnaU1TdWIwc3RiY0hwN2JWRU9rZlVnNVQ2dk9EMDRIX3k5VTVQall3NVY0RmdJdEJpbnZ6V3NMR2tiVF9FOUZSRlhCLVQzWTl0aG43M3gzMWx1NzI0YzRMWkxMN19MeUswWm8yLVh0V2NIRk44cWlvVUVfRXpjQmtTYmtHdDUtVnFuMUdSMFlmV25YdlZaRlpWcGxNQWNhLVlpQUtzWFdZcEgwUmIxYjBqRnFDaXBPbGtTSUxjcw?oc=5,Industry publication,Press report - verify,D,Fresh,,Delisted,T-98082a4e0e6b,T-98082a4e0e6b-01
Awarded,,SECI,,ACME Solar Wins 300 MW SECI Peak Power Tender at ₹6/kWh - mvapulse.com,ACME Solar,1,300.0,,,,Solar,300.0,,,2026-08-25,2028-08-25,,Derived: 24 months from award (Solar),SECI,,Tender · news-derived record,https://news.google.com/rss/articles/CBMikwFBVV95cUxNaVRZZFRBSmhQVndNZjJUc0lwcFNwMTdwWmJRYzRsWTdsbkRDZmxFNUFPQk5PMzRzZU9KckZHRHVKalpiWnZkcUJfQk1udjhtNXVjN3BDa0c4UXhnbEpWVENtb2xSR0JuWDNYRE9Kc3hjdW5VYzN0MkhQdUQxMTBmU2NzVzE0YVdnRUNhZ0kwMktOOWc?oc=5,https://news.google.com/rss/articles/CBMikwFBVV95cUxNaVRZZFRBSmhQVndNZjJUc0lwcFNwMTdwWmJRYzRsWTdsbkRDZmxFNUFPQk5PMzRzZU9KckZHRHVKalpiWnZkcUJfQk1udjhtNXVjN3BDa0c4UXhnbEpWVENtb2xSR0JuWDNYRE9Kc3hjdW5VYzN0MkhQdUQxMTBmU2NzVzE0YVdnRUNhZ0kwMktOOWc?oc=5,Industry publication,Press report - verify,D,Fresh,,Closed,T-adfb030af9f6,T-adfb030af9f6-01
Awarded,,MPPMCL,,"MPPMCL Partially Awards 293 MW Under 800 MW Wind Tender To Ayana Renewable, BPCL - Saur Energy",Ayana Renewable,1,293.0,,,,Wind,293.0,,,2026-07-01,2028-07-01,,Derived: 24 months from award (Wind),MPPMCL,,Tender · news-derived record,https://news.google.com/rss/articles/CBMiyAFBVV95cUxQajF0QTl6RXBsVkt6cU5wODhVRDR2cXkzejhWM2RpV0t5bDhDWHl6ZzhQY3ZQQVZ0ZzU5TWdqVFR0MXNicFZfaW5jWjMxNzFwcmlSeXY5bzI0QzdfRDhBMDlKdlZ3UTVMMXVJd2xlc0hGOXhkTTh2d3VEaENuUG8tNTVkTzVXUy0tWTIwOU9kcWk2SGJpTDhMRmxzUk81Q0trX2tIbTROSkhtM3lEakRzb0x4aGxvWGhVNlRRckpDOGtES0NGR2hWTA?oc=5,https://news.google.com/rss/articles/CBMiyAFBVV95cUxQajF0QTl6RXBsVkt6cU5wODhVRDR2cXkzejhWM2RpV0t5bDhDWHl6ZzhQY3ZQQVZ0ZzU5TWdqVFR0MXNicFZfaW5jWjMxNzFwcmlSeXY5bzI0QzdfRDhBMDlKdlZ3UTVMMXVJd2xlc0hGOXhkTTh2d3VEaENuUG8tNTVkTzVXUy0tWTIwOU9kcWk2SGJpTDhMRmxzUk81Q0trX2tIbTROSkhtM3lEakRzb0x4aGxvWGhVNlRRckpDOGtES0NGR2hWTA?oc=5,Industry publication,Press report - verify,D,Fresh,,Closed,T-8940327e293b,T-8940327e293b-01
Awarded,,GUVNL,,"GUVNL Awards 250 MW Wind Project to KPI, Juniper, Jakson Green & Inox - Saur Energy",Juniper,2,,,,,Wind,250.0,,,2025-04-24,2027-04-24,,Derived: 24 months from award (Wind),GUVNL,,Tender · news-derived record,https://news.google.com/rss/articles/CBMirwFBVV95cUxOdS1faFdQWUNtbjFSMFBJM00wMmtIS0VYWkFJT1BkWEhOaThBQkhOUTQ4VFFFT2hDQ1lWWmlnejZzUHNLSUVsX0hGazhHWnhlckVGclRyMGRmMDdOWjhOdjZUWHNQdkFDWlhOblZyelpiRkxsMGdiM3I1M1VUVFotU3U1N1JUeW1LdDZhNjVtTVFLZ3JUbl9uOTlZMzhiREdJXzdXN05wV3hYd3VBQWpZ?oc=5,https://news.google.com/rss/articles/CBMirwFBVV95cUxOdS1faFdQWUNtbjFSMFBJM00wMmtIS0VYWkFJT1BkWEhOaThBQkhOUTQ4VFFFT2hDQ1lWWmlnejZzUHNLSUVsX0hGazhHWnhlckVGclRyMGRmMDdOWjhOdjZUWHNQdkFDWlhOblZyelpiRkxsMGdiM3I1M1VUVFotU3U1N1JUeW1LdDZhNjVtTVFLZ3JUbl9uOTlZMzhiREdJXzdXN05wV3hYd3VBQWpZ?oc=5,Industry publication,Press report - verify,D,Fresh,,Closed,T-948bf847c4a1,T-948bf847c4a1-01
Awarded,,GUVNL,,"GUVNL Awards 250 MW Wind Project to KPI, Juniper, Jakson Green & Inox - Saur Energy",Jakson,2,,,,,Wind,250.0,,,2025-04-24,2027-04-24,,Derived: 24 months from award (Wind),GUVNL,,Tender · news-derived record,https://news.google.com/rss/articles/CBMirwFBVV95cUxOdS1faFdQWUNtbjFSMFBJM00wMmtIS0VYWkFJT1BkWEhOaThBQkhOUTQ4VFFFT2hDQ1lWWmlnejZzUHNLSUVsX0hGazhHWnhlckVGclRyMGRmMDdOWjhOdjZUWHNQdkFDWlhOblZyelpiRkxsMGdiM3I1M1VUVFotU3U1N1JUeW1LdDZhNjVtTVFLZ3JUbl9uOTlZMzhiREdJXzdXN05wV3hYd3VBQWpZ?oc=5,https://news.google.com/rss/articles/CBMirwFBVV95cUxOdS1faFdQWUNtbjFSMFBJM00wMmtIS0VYWkFJT1BkWEhOaThBQkhOUTQ4VFFFT2hDQ1lWWmlnejZzUHNLSUVsX0hGazhHWnhlckVGclRyMGRmMDdOWjhOdjZUWHNQdkFDWlhOblZyelpiRkxsMGdiM3I1M1VUVFotU3U1N1JUeW1LdDZhNjVtTVFLZ3JUbl9uOTlZMzhiREdJXzdXN05wV3hYd3VBQWpZ?oc=5,Industry publication,Press report - verify,D,Fresh,,Closed,T-948bf847c4a1,T-948bf847c4a1-02
Awarded,,GUVNL,,NLC Juniper Powerica Cu-Built Win GUVNL 250 MW Wind Auction - Construction World,Juniper,1,250.0,,,,Wind,250.0,,,2026-07-17,2028-07-17,,Derived: 24 months from award (Wind),GUVNL,,Tender · news-derived record,https://news.google.com/rss/articles/CBMi4AFBVV95cUxPeHdHc0ZabDN0dEdWZGxMRnBTUno5QkxtTVJKOGV5aUUwbVZvQ01Yc0lvMTN2WFgwVEFWVXVGQ1JZQlcyc0ZJOWR4QkYwbXNHX2poZlFtcm00QS1DbmJZVWlJT0E3WktYMXI0YkpsMldDYm5TV1ZVNkQwVG5kTjRHRURGVUJOX2VmcUdDd0VvSE1tTHdHVGQ5RXBvUld6cm1Zanh4S0x4MjlZVmZ2YWtuUzdqTnBwYmNmODNzV2thdWxvODdvNkNVZW1TSVkwWmFhUEh2QzFYNXdvTzdaWjgzcA?oc=5,https://news.google.com/rss/articles/CBMi4AFBVV95cUxPeHdHc0ZabDN0dEdWZGxMRnBTUno5QkxtTVJKOGV5aUUwbVZvQ01Yc0lvMTN2WFgwVEFWVXVGQ1JZQlcyc0ZJOWR4QkYwbXNHX2poZlFtcm00QS1DbmJZVWlJT0E3WktYMXI0YkpsMldDYm5TV1ZVNkQwVG5kTjRHRURGVUJOX2VmcUdDd0VvSE1tTHdHVGQ5RXBvUld6cm1Zanh4S0x4MjlZVmZ2YWtuUzdqTnBwYmNmODNzV2thdWxvODdvNkNVZW1TSVkwWmFhUEh2QzFYNXdvTzdaWjgzcA?oc=5,Industry publication,Press report - verify,D,Fresh,,Closed,T-82c8f8303a06,T-82c8f8303a06-01
Awarded,,NLC India,,"GUVNL Awards 250 MW Phase XI Wind Projects To NLC India Renewables, Juniper Green, Powerica & Cu-Built At INR3.51/kWh - WindInsider",Renew,2,,,,,Wind,250.0,,,2026-07-13,2028-07-13,,Derived: 24 months from award (Wind),NLC India,,Tender · news-derived record,https://news.google.com/rss/articles/CBMi4wFBVV95cUxQeWlkdDVadzlRTVlxX1FVYllUOTRVY01KaWlvanJXSk82cktfa0MyOTJuM211RWRCY1kwWklJV3NTOGdndmxBX3BzeEFCbE9qRnpVQ1I3S290QVl1VWVzY0V2T2lVVG5WTVBfQkFFdldYQUxvRmNJSmYwbVNVU09vTXl6dGxQOVBUQ3B0UkdKa1lBYk1LNXNUcnNMZG95V24zMExmUDNOUFhqekJaRjBiandPa2J4dmRyVEtYNExLVmlwSXB1WFZhd01oMERCRVhkUUtvcjhidXNob0tEVTlEeGY4MNIB6AFBVV95cUxPZENNdENxLTYzckdwZFA0YTRJcHk5RzlBM0tZWE5mMVlZT0ptTS1QdWRRTng1Mnp3N1hnc1hNdG9sLTlFZXdGOFJ0bjd1c1dyVTFLSVlpY3JwN3JmRVlKRnpfQTkxbzlJamM1Z0hSZmFvSnRWekZmSW5vYlBvVENodzVlb2pkOV9UX21lVFN4ZHg0QmhBNU8wNDFMY1hWT2NTdWlWR1Y2cm5YZGJ6aTdldzlhaUJDTVlkYThLUGJOZFNLd0ZVMFQ2WjdWTngxMlJiSHNMSFBwVm5QSmVaV0ZPaVJJMmxnbHdu?oc=5,https://news.google.com/rss/articles/CBMi4wFBVV95cUxQeWlkdDVadzlRTVlxX1FVYllUOTRVY01KaWlvanJXSk82cktfa0MyOTJuM211RWRCY1kwWklJV3NTOGdndmxBX3BzeEFCbE9qRnpVQ1I3S290QVl1VWVzY0V2T2lVVG5WTVBfQkFFdldYQUxvRmNJSmYwbVNVU09vTXl6dGxQOVBUQ3B0UkdKa1lBYk1LNXNUcnNMZG95V24zMExmUDNOUFhqekJaRjBiandPa2J4dmRyVEtYNExLVmlwSXB1WFZhd01oMERCRVhkUUtvcjhidXNob0tEVTlEeGY4MNIB6AFBVV95cUxPZENNdENxLTYzckdwZFA0YTRJcHk5RzlBM0tZWE5mMVlZT0ptTS1QdWRRTng1Mnp3N1hnc1hNdG9sLTlFZXdGOFJ0bjd1c1dyVTFLSVlpY3JwN3JmRVlKRnpfQTkxbzlJamM1Z0hSZmFvSnRWekZmSW5vYlBvVENodzVlb2pkOV9UX21lVFN4ZHg0QmhBNU8wNDFMY1hWT2NTdWlWR1Y2cm5YZGJ6aTdldzlhaUJDTVlkYThLUGJOZFNLd0ZVMFQ2WjdWTngxMlJiSHNMSFBwVm5QSmVaV0ZPaVJJMmxnbHdu?oc=5,Industry publication,Press report - verify,D,Fresh,,Closed,T-956d86e85998,T-956d86e85998-01
Awarded,,NLC India,,"GUVNL Awards 250 MW Phase XI Wind Projects To NLC India Renewables, Juniper Green, Powerica & Cu-Built At INR3.51/kWh - WindInsider",Juniper Green,2,,,,,Wind,250.0,,,2026-07-13,2028-07-13,,Derived: 24 months from award (Wind),NLC India,,Tender · news-derived record,https://news.google.com/rss/articles/CBMi4wFBVV95cUxQeWlkdDVadzlRTVlxX1FVYllUOTRVY01KaWlvanJXSk82cktfa0MyOTJuM211RWRCY1kwWklJV3NTOGdndmxBX3BzeEFCbE9qRnpVQ1I3S290QVl1VWVzY0V2T2lVVG5WTVBfQkFFdldYQUxvRmNJSmYwbVNVU09vTXl6dGxQOVBUQ3B0UkdKa1lBYk1LNXNUcnNMZG95V24zMExmUDNOUFhqekJaRjBiandPa2J4dmRyVEtYNExLVmlwSXB1WFZhd01oMERCRVhkUUtvcjhidXNob0tEVTlEeGY4MNIB6AFBVV95cUxPZENNdENxLTYzckdwZFA0YTRJcHk5RzlBM0tZWE5mMVlZT0ptTS1QdWRRTng1Mnp3N1hnc1hNdG9sLTlFZXdGOFJ0bjd1c1dyVTFLSVlpY3JwN3JmRVlKRnpfQTkxbzlJamM1Z0hSZmFvSnRWekZmSW5vYlBvVENodzVlb2pkOV9UX21lVFN4ZHg0QmhBNU8wNDFMY1hWT2NTdWlWR1Y2cm5YZGJ6aTdldzlhaUJDTVlkYThLUGJOZFNLd0ZVMFQ2WjdWTngxMlJiSHNMSFBwVm5QSmVaV0ZPaVJJMmxnbHdu?oc=5,https://news.google.com/rss/articles/CBMi4wFBVV95cUxQeWlkdDVadzlRTVlxX1FVYllUOTRVY01KaWlvanJXSk82cktfa0MyOTJuM211RWRCY1kwWklJV3NTOGdndmxBX3BzeEFCbE9qRnpVQ1I3S290QVl1VWVzY0V2T2lVVG5WTVBfQkFFdldYQUxvRmNJSmYwbVNVU09vTXl6dGxQOVBUQ3B0UkdKa1lBYk1LNXNUcnNMZG95V24zMExmUDNOUFhqekJaRjBiandPa2J4dmRyVEtYNExLVmlwSXB1WFZhd01oMERCRVhkUUtvcjhidXNob0tEVTlEeGY4MNIB6AFBVV95cUxPZENNdENxLTYzckdwZFA0YTRJcHk5RzlBM0tZWE5mMVlZT0ptTS1QdWRRTng1Mnp3N1hnc1hNdG9sLTlFZXdGOFJ0bjd1c1dyVTFLSVlpY3JwN3JmRVlKRnpfQTkxbzlJamM1Z0hSZmFvSnRWekZmSW5vYlBvVENodzVlb2pkOV9UX21lVFN4ZHg0QmhBNU8wNDFMY1hWT2NTdWlWR1Y2cm5YZGJ6aTdldzlhaUJDTVlkYThLUGJOZFNLd0ZVMFQ2WjdWTngxMlJiSHNMSFBwVm5QSmVaV0ZPaVJJMmxnbHdu?oc=5,Industry publication,Press report - verify,D,Fresh,,Closed,T-956d86e85998,T-956d86e85998-02
Awarded,,NLC India,,"NLC, Juniper, Powerica, Cu-Built Win GUVNL’s 250 MW Wind Power Auction - Energetica India Magazine",Juniper,1,250.0,,,,Wind,250.0,,,2026-07-13,2028-07-13,,Derived: 24 months from award (Wind),NLC India,,Tender · news-derived record,https://news.google.com/rss/articles/CBMipwFBVV95cUxNOFJiYWhUWHl0TTB4Z3VIYnFCNzhUcC13bEpNNTNmUlJENk9hdDR5Z1dzN3EzUnYxQ2ZXYzV6M0t0aFZVSmUwTmR4QmhCM1JXSlNVYlhzcE10NndxNUJwbUpoME5sY2NGXzJpSHp3eUVUNGxaOG1abEh2enNDWHV1YzZna0gwckFCTjJMNGEwNUJOdWo0OWtab2NxVTVERkpMUl81bGtONA?oc=5,https://news.google.com/rss/articles/CBMipwFBVV95cUxNOFJiYWhUWHl0TTB4Z3VIYnFCNzhUcC13bEpNNTNmUlJENk9hdDR5Z1dzN3EzUnYxQ2ZXYzV6M0t0aFZVSmUwTmR4QmhCM1JXSlNVYlhzcE10NndxNUJwbUpoME5sY2NGXzJpSHp3eUVUNGxaOG1abEh2enNDWHV1YzZna0gwckFCTjJMNGEwNUJOdWo0OWtab2NxVTVERkpMUl81bGtONA?oc=5,Industry publication,Press report - verify,D,Fresh,,Closed,T-760f9f0bf997,T-760f9f0bf997-01
Awarded,,NLC India,,NLC India Awards 250 MW/500 MWh BESS EPC Contract To Pace Digitek In Tamil Nadu - SolarQuarter,Pace Digitek,1,250.0,,,,Solar + Storage,250.0,Tamil Nadu,,2026-05-18,2028-05-18,,Derived: 24 months from award (Solar + Storage),NLC India,,Tender · news-derived record,https://news.google.com/rss/articles/CBMitwFBVV95cUxNXzRiRGMxajZPcERfdTlrRzlSdUg2QVhzekxkeE50MzhtdG1sZXE3RkdUWk1HTlVybmVJLXBkWlBLLWxuZlZDNE1JSU5mb2xaVUJsZjFkR0pxMkhyVmxWYkFZNmVrU01OS2s1THB3YklNazhLajVZd2N4T0JCWWZCMG5odGU2ZW1lX2c0SjRvLWdvblE1SHlsZWNTYWFhMUd3OTdXYVBncUVXSWM5dHZXWEhDRmVoM0k?oc=5,https://news.google.com/rss/articles/CBMitwFBVV95cUxNXzRiRGMxajZPcERfdTlrRzlSdUg2QVhzekxkeE50MzhtdG1sZXE3RkdUWk1HTlVybmVJLXBkWlBLLWxuZlZDNE1JSU5mb2xaVUJsZjFkR0pxMkhyVmxWYkFZNmVrU01OS2s1THB3YklNazhLajVZd2N4T0JCWWZCMG5odGU2ZW1lX2c0SjRvLWdvblE1SHlsZWNTYWFhMUd3OTdXYVBncUVXSWM5dHZXWEhDRmVoM0k?oc=5,Industry publication,Press report - verify,D,Fresh,,Closed,T-37b17d1a1f46,T-37b17d1a1f46-01
Awarded,,NVVN,,"Sunsure Energy and EnerGrid Win NVVN’s 250 MW/1,000 MWh BESS Auction - Energetica India Magazine",Sunsure,1,250.0,,,,Energy Storage (BESS),250.0,,,2025-07-28,2027-01-28,,Derived: 18 months from award (Energy Storage (BESS)),NVVN,,Tender · news-derived record,https://news.google.com/rss/articles/CBMipwFBVV95cUxQWkVhZDdsd3M1MllmTDZDd3ZXWmpEelJyakxVQlptZXN1VzNKQ2NXekRudnpHYmVBZHNrck8tU2ZrbXc1cWdyaGYxTUdUSHFuQmgydkY2VlFUU0FHMnd2a0FyRDQ5QnlLWlFsNVVXOFhUc0ZBdXFkTWVwYWpuVXQxSTJCNkFDZUw3eDk1TTZfbEx6NW9mUjVIdUpLTHlzYnpja3Y3MTJuRQ?oc=5,https://news.google.com/rss/articles/CBMipwFBVV95cUxQWkVhZDdsd3M1MllmTDZDd3ZXWmpEelJyakxVQlptZXN1VzNKQ2NXekRudnpHYmVBZHNrck8tU2ZrbXc1cWdyaGYxTUdUSHFuQmgydkY2VlFUU0FHMnd2a0FyRDQ5QnlLWlFsNVVXOFhUc0ZBdXFkTWVwYWpuVXQxSTJCNkFDZUw3eDk1TTZfbEx6NW9mUjVIdUpLTHlzYnpja3Y3MTJuRQ?oc=5,Industry publication,Press report - verify,D,Fresh,,Closed,T-b5f86f00d1d1,T-b5f86f00d1d1-01
Awarded,,NVVN,,"Tender Result: Sunsure, EnerGrid Win NVVN’s 250 MW/1,000 MWh BESS Project - Saur Energy",Sunsure,1,250.0,,,,Energy Storage (BESS),250.0,,,2025-07-26,2027-01-26,,Derived: 18 months from award (Energy Storage (BESS)),NVVN,,Tender · news-derived record,https://news.google.com/rss/articles/CBMiqwFBVV95cUxPSUc2NFlYeXFIcXBXZzR3M3hLbVFLRzFmM1NUZFJaWHVDeVFRc3hSbkdsREQzYXVyZ0pBN0NDdGdGbnVvMWlaNnE3Nkd2YllFNDlKUVZ3Yzdyd0lWTlhyaXhJSTZBTHRZUDg0amtObzF4NVFDOF92SFhTZjZFYjBLT2pSX1N4N0MxZ1FYeVRqbml1SUVXX2NXTVgxa0xpaUNBa1NMRE44aEJVczQ?oc=5,https://news.google.com/rss/articles/CBMiqwFBVV95cUxPSUc2NFlYeXFIcXBXZzR3M3hLbVFLRzFmM1NUZFJaWHVDeVFRc3hSbkdsREQzYXVyZ0pBN0NDdGdGbnVvMWlaNnE3Nkd2YllFNDlKUVZ3Yzdyd0lWTlhyaXhJSTZBTHRZUDg0amtObzF4NVFDOF92SFhTZjZFYjBLT2pSX1N4N0MxZ1FYeVRqbml1SUVXX2NXTVgxa0xpaUNBa1NMRE44aEJVczQ?oc=5,Industry publication,Press report - verify,D,Fresh,,Closed,T-ed8a197bf7c0,T-ed8a197bf7c0-01
Awarded,,SECI,,Juniper Green Energy Wins 230 MW in SECI’s 1 GW FDRE Round-the-Clock Renewable Energy Tender - SolarQuarter,Juniper Green,2,,,,,Unclassified,230.0,,,2026-08-10,2028-08-10,,Derived: 24 months from award (default),SECI,,Tender · news-derived record,https://news.google.com/rss/articles/CBMixwFBVV95cUxQQnBqS1NBUmJsR1lGMVUyZDdudkc1Z1RIc0ZlNW5iXzRqSEs1Skh2amlKZXhBZ05oMFFsTnhHMXYyQ3ZNcFZWdS1sSWUtczZXR0U5MjhDQkZveTk0UjJrdkltSDhFOE02T3ZuTWVmLWI4aDdMNUl5NGl1T00tN2Y0YTZkNWFkOUZGTEpLNDFUdFEwM3FBUUE4dmhjaVJNcHNDX3RwRl9CaERuR25tMDVBRFFsSXF1T0ZOWmM0ejd6aTZFUXdBY0hr?oc=5,https://news.google.com/rss/articles/CBMixwFBVV95cUxQQnBqS1NBUmJsR1lGMVUyZDdudkc1Z1RIc0ZlNW5iXzRqSEs1Skh2amlKZXhBZ05oMFFsTnhHMXYyQ3ZNcFZWdS1sSWUtczZXR0U5MjhDQkZveTk0UjJrdkltSDhFOE02T3ZuTWVmLWI4aDdMNUl5NGl1T00tN2Y0YTZkNWFkOUZGTEpLNDFUdFEwM3FBUUE4dmhjaVJNcHNDX3RwRl9CaERuR25tMDVBRFFsSXF1T0ZOWmM0ejd6aTZFUXdBY0hr?oc=5,Industry publication,Press report - verify,D,Fresh,,Closed,T-62c2fe187de2,T-62c2fe187de2-01
Awarded,,SECI,,Juniper Green Energy Wins 230 MW in SECI’s 1 GW FDRE Round-the-Clock Renewable Energy Tender - SolarQuarter,Renew,2,,,,,Unclassified,230.0,,,2026-08-10,2028-08-10,,Derived: 24 months from award (default),SECI,,Tender · news-derived record,https://news.google.com/rss/articles/CBMixwFBVV95cUxQQnBqS1NBUmJsR1lGMVUyZDdudkc1Z1RIc0ZlNW5iXzRqSEs1Skh2amlKZXhBZ05oMFFsTnhHMXYyQ3ZNcFZWdS1sSWUtczZXR0U5MjhDQkZveTk0UjJrdkltSDhFOE02T3ZuTWVmLWI4aDdMNUl5NGl1T00tN2Y0YTZkNWFkOUZGTEpLNDFUdFEwM3FBUUE4dmhjaVJNcHNDX3RwRl9CaERuR25tMDVBRFFsSXF1T0ZOWmM0ejd6aTZFUXdBY0hr?oc=5,https://news.google.com/rss/articles/CBMixwFBVV95cUxQQnBqS1NBUmJsR1lGMVUyZDdudkc1Z1RIc0ZlNW5iXzRqSEs1Skh2amlKZXhBZ05oMFFsTnhHMXYyQ3ZNcFZWdS1sSWUtczZXR0U5MjhDQkZveTk0UjJrdkltSDhFOE02T3ZuTWVmLWI4aDdMNUl5NGl1T00tN2Y0YTZkNWFkOUZGTEpLNDFUdFEwM3FBUUE4dmhjaVJNcHNDX3RwRl9CaERuR25tMDVBRFFsSXF1T0ZOWmM0ejd6aTZFUXdBY0hr?oc=5,Industry publication,Press report - verify,D,Fresh,,Closed,T-62c2fe187de2,T-62c2fe187de2-02
Awarded,,NTPC,,NTPC Green Energy Wins 200 MW/800 MWh BESS Project In West Bengal - SolarQuarter,NTPC Green,1,200.0,,,,Solar + Storage,200.0,West Bengal,,2026-08-10,2028-08-10,,Derived: 24 months from award (Solar + Storage),NTPC,,Tender · news-derived record,https://news.google.com/rss/articles/CBMipAFBVV95cUxOQU5ndnpsQVBDeWZlZ1UtNEpZR3lnakRxMU1IcF91b29BUE9CbHlCbklUeWtxQUhrdVpmS2RVSkxkYnBtUmVFWUpsRkZRMGdzU0JOZUROSFFiSFBkQ1NBMG5mMzVob1p0RlQzZWpjY3BiMEdmVlphMHhhaHR1WVllQXlaN2tDM0NlWGZWWFZrMllYTm5YdDlYbThqY3FoZWxNZ3B1TQ?oc=5,https://news.google.com/rss/articles/CBMipAFBVV95cUxOQU5ndnpsQVBDeWZlZ1UtNEpZR3lnakRxMU1IcF91b29BUE9CbHlCbklUeWtxQUhrdVpmS2RVSkxkYnBtUmVFWUpsRkZRMGdzU0JOZUROSFFiSFBkQ1NBMG5mMzVob1p0RlQzZWpjY3BiMEdmVlphMHhhaHR1WVllQXlaN2tDM0NlWGZWWFZrMllYTm5YdDlYbThqY3FoZWxNZ3B1TQ?oc=5,Industry publication,Press report - verify,D,Fresh,,Delisted,T-08873d53680b,T-08873d53680b-01
Awarded,,SECI,,EQT-backed Resolven bags 200 MW SECI wind project in Karnataka - ET EnergyWorld,Resolven,1,200.0,,,,Wind,200.0,Karnataka,,2026-07-17,2028-07-17,,Derived: 24 months from award (Wind),SECI,,Tender · news-derived record,https://news.google.com/rss/articles/CBMixgFBVV95cUxQazJDclZRMlZONk5YQ3EzUVVpYWNMbEVGWThWbVhoUVozdHFuSkVnZlgwSlNZbURmTjkxNEFwbVRNV0VnbnJ6VnktOHAtOFFob3NLT20zMGJyQm9zQkRScEJaeGNzYnJ2T0lFMUhLTEhISmxfZkg1NHBoS0VPTWdCdG9xbEtvT2VJWDNlS1g2MTNJU3h0dHBoRXVPRFgwTnk5NnliUXlVWl9IaGxvdU1yX25McHhIQ0dKOTN2dlpzSDVTNjE2aEHSAcsBQVVfeXFMTXhXUk1rb3Z3WE5XWGdZbjVTMlVfckQ5Nmxfcld1MDZhLTJwRmtTMlFBSm94ai1jbEczT1Myam44d1hmcWwxa2VlSWoydERuYW81dUs3eEZKOEkyWGNoY1lKT0lZQlJFNnRnNXlBSzJYMklTaEg2a0JraVQ1R1RUUUQyX21WYWgtZUpkTXVjS3d3YnFzNVI5dGtocnZobmxCWGIxS2dDcGs3T1B5Z1hMNDJXVDB1TmlORmZKakNoTmpBVGUxc1p3MUpHT3c?oc=5,https://news.google.com/rss/articles/CBMixgFBVV95cUxQazJDclZRMlZONk5YQ3EzUVVpYWNMbEVGWThWbVhoUVozdHFuSkVnZlgwSlNZbURmTjkxNEFwbVRNV0VnbnJ6VnktOHAtOFFob3NLT20zMGJyQm9zQkRScEJaeGNzYnJ2T0lFMUhLTEhISmxfZkg1NHBoS0VPTWdCdG9xbEtvT2VJWDNlS1g2MTNJU3h0dHBoRXVPRFgwTnk5NnliUXlVWl9IaGxvdU1yX25McHhIQ0dKOTN2dlpzSDVTNjE2aEHSAcsBQVVfeXFMTXhXUk1rb3Z3WE5XWGdZbjVTMlVfckQ5Nmxfcld1MDZhLTJwRmtTMlFBSm94ai1jbEczT1Myam44d1hmcWwxa2VlSWoydERuYW81dUs3eEZKOEkyWGNoY1lKT0lZQlJFNnRnNXlBSzJYMklTaEg2a0JraVQ1R1RUUUQyX21WYWgtZUpkTXVjS3d3YnFzNVI5dGtocnZobmxCWGIxS2dDcGs3T1B5Z1hMNDJXVDB1TmlORmZKakNoTmpBVGUxc1p3MUpHT3c?oc=5,Industry publication,Press report - verify,D,Fresh,,Closed,T-f504d9c8dc54,T-f504d9c8dc54-01
Awarded,,SECI,,Resolven wins 200 MW SECI wind project in Karnataka - Manufacturing Today India,Resolven,1,200.0,,,,Wind,200.0,Karnataka,,2026-07-21,2028-07-21,,Derived: 24 months from award (Wind),SECI,,Tender · news-derived record,https://news.google.com/rss/articles/CBMic0FVX3lxTFBzZy1YekltdTFLSWZKck9TYkNBdExkRmYzakg1c2dJVWhmQmRRRXlSZ01OcThqZE5vcmpjOHQ0QkstdnJ0MzNFLXIta0hzaFcwVDFibDRBcnJyRmtpNmVXZzRJR1FHZFRfTzlZaXdGamswM0U?oc=5,https://news.google.com/rss/articles/CBMic0FVX3lxTFBzZy1YekltdTFLSWZKck9TYkNBdExkRmYzakg1c2dJVWhmQmRRRXlSZ01OcThqZE5vcmpjOHQ0QkstdnJ0MzNFLXIta0hzaFcwVDFibDRBcnJyRmtpNmVXZzRJR1FHZFRfTzlZaXdGamswM0U?oc=5,Industry publication,Press report - verify,D,Fresh,,Closed,T-cc515c96331c,T-cc515c96331c-01
Awarded,,MPPMCL,,Ayana Renewable Power Wins 193 MW in MPPMCL's 800 MW Wind Power Auction - energetica-india.net,Ayana Renewable,1,193.0,,,,Wind,193.0,,,2026-07-01,2028-07-01,,Derived: 24 months from award (Wind),MPPMCL,,Tender · news-derived record,https://news.google.com/rss/articles/CBMirAFBVV95cUxNdVVydDVCWFNad1U5LVZWbEladm51YVptMlBHMFhjN3NRWmJ1R0NVLVRaT0VSeUZKLWMtMlYyNFYtaVZ4U2lNVldCVWRBVmEzVXo1WHRUR21td2VTTHFDMEJWTUh1OWR6eFRndHJ0bHZMMjdac1FHdTFKYlBhNzVlYWg2UFE5R3hWN1hFNTQtYXVBN0EtbHM0Q2x2OVl4RWRnNzRTQnlGNXZ4ZlFm?oc=5,https://news.google.com/rss/articles/CBMirAFBVV95cUxNdVVydDVCWFNad1U5LVZWbEladm51YVptMlBHMFhjN3NRWmJ1R0NVLVRaT0VSeUZKLWMtMlYyNFYtaVZ4U2lNVldCVWRBVmEzVXo1WHRUR21td2VTTHFDMEJWTUh1OWR6eFRndHJ0bHZMMjdac1FHdTFKYlBhNzVlYWg2UFE5R3hWN1hFNTQtYXVBN0EtbHM0Q2x2OVl4RWRnNzRTQnlGNXZ4ZlFm?oc=5,Industry publication,Press report - verify,D,Fresh,,Closed,T-dbef980519c3,T-dbef980519c3-01
Awarded,,SECI,,BC Jindal Wins 150 MW Round-the-Clock Renewable Power Contract from SECI - Saur Energy,Renew,1,150.0,,,,Unclassified,150.0,,,2025-11-27,2027-11-27,,Derived: 24 months from award (default),SECI,,Tender · news-derived record,https://news.google.com/rss/articles/CBMixAFBVV95cUxNZlhzX0h3ajJHU3FqaW9rOG41TkxoRFNVRFoweUVYRDNXQWhUY0tUM2lDcmdBd2FGTmhQNDV6WHE2QS1FaXBLNHVSUXZ0b0FpRVFnUXBJWUpZX1k1MkIzd1JrQ2VPR2p3QU9rT2s2UEdZWHpkWTR6T0x5cG5ManY1NVR6RE9rNDNJeTNnaEhmZHEyOWU5YmRoSnpsX3JvQllqZnVodW8wRFc5TUVFR01PaUNIZlhjVTF4VG4wM19OZEpBOGFl?oc=5,https://news.google.com/rss/articles/CBMixAFBVV95cUxNZlhzX0h3ajJHU3FqaW9rOG41TkxoRFNVRFoweUVYRDNXQWhUY0tUM2lDcmdBd2FGTmhQNDV6WHE2QS1FaXBLNHVSUXZ0b0FpRVFnUXBJWUpZX1k1MkIzd1JrQ2VPR2p3QU9rT2s2UEdZWHpkWTR6T0x5cG5ManY1NVR6RE9rNDNJeTNnaEhmZHEyOWU5YmRoSnpsX3JvQllqZnVodW8wRFc5TUVFR01PaUNIZlhjVTF4VG4wM19OZEpBOGFl?oc=5,Industry publication,Press report - verify,D,Fresh,,Closed,T-5b49e0adb96b,T-5b49e0adb96b-01
Awarded,,SJVN,,Sembcorp Wins 150 MW FDRE Project from SJVN - Energetica India Magazine,Sembcorp,1,150.0,,,,Unclassified,150.0,,,2025-11-11,2027-11-11,,Derived: 24 months from award (default),SJVN,,Tender · news-derived record,https://news.google.com/rss/articles/CBMiiAFBVV95cUxPcjNkMWdPTGgwRi05TnF3UmU4ZVQ2blZuRHFVWkRQUDVqTkJwWDExTHlBVzhvOExMa1FQX1V4NUJlZzdTUEc2dmFDZ2FHQmFIeTZaTkJBMkY0ZTFZOWRBT2tlTi1lalBIS05TNFZ4RTdCVDRQclpzOFpETlFhdW1uNzNtU1pNT3NH?oc=5,https://news.google.com/rss/articles/CBMiiAFBVV95cUxPcjNkMWdPTGgwRi05TnF3UmU4ZVQ2blZuRHFVWkRQUDVqTkJwWDExTHlBVzhvOExMa1FQX1V4NUJlZzdTUEc2dmFDZ2FHQmFIeTZaTkJBMkY0ZTFZOWRBT2tlTi1lalBIS05TNFZ4RTdCVDRQclpzOFpETlFhdW1uNzNtU1pNT3NH?oc=5,Industry publication,Press report - verify,D,Fresh,,Closed,T-01025727d20d,T-01025727d20d-01
Awarded,,SJVN,,Sembcorp secures 150 MW firm renewable project from SJVN - ET EnergyWorld,Sembcorp,2,,,,,Unclassified,150.0,,,2025-11-11,2027-11-11,,Derived: 24 months from award (default),SJVN,,Tender · news-derived record,https://news.google.com/rss/articles/CBMiwwFBVV95cUxOVGxhWWFJUU9oSmJjMHU3eVdaQl9jMEpWWUxHRHdwbS03amRUc3QyMURkcUFobjNIWW13VG1mWnhuam9PeUl2TVJMU080V0pKc2x2S0ZNODJDaUNmazgxOWItdUgtaENvc3NmbVZXUlpaa2xFRHJqa01CbnlGYTBBYnpkX3J0NE42OUtoWU9oeGdDRGRFbS0tU3hCeGE1WTN0YjV4OVRSLWM1RVhkMktBN2puclV6c1FaN1FPSFRjTDdkd3fSAcgBQVVfeXFMUHlFLXg0cUtiV2Y4QmlQdFN4dlkxdkNoS0JTeEtwUm13SkdFZGZGZV9HaklzWDNiLTAtVUEyak52cWRiVWJ4Q0FPUDYzbl9xQk05d2NCQV94S0tPaG1KZkU3d1VEcFk0bVBnaC1lZXZ3WVZyQ0d2aEF6YU5xNUN1VmhtTUVkdllDMWJzVkd1cF9TZUN0cTBJb3VTZ1dVLWhjOFN3VDZVaURwb2dVM2NJcnZKT0tvSDRVZ1dPMlhjMDFpLXhhTTF5T1A?oc=5,https://news.google.com/rss/articles/CBMiwwFBVV95cUxOVGxhWWFJUU9oSmJjMHU3eVdaQl9jMEpWWUxHRHdwbS03amRUc3QyMURkcUFobjNIWW13VG1mWnhuam9PeUl2TVJMU080V0pKc2x2S0ZNODJDaUNmazgxOWItdUgtaENvc3NmbVZXUlpaa2xFRHJqa01CbnlGYTBBYnpkX3J0NE42OUtoWU9oeGdDRGRFbS0tU3hCeGE1WTN0YjV4OVRSLWM1RVhkMktBN2puclV6c1FaN1FPSFRjTDdkd3fSAcgBQVVfeXFMUHlFLXg0cUtiV2Y4QmlQdFN4dlkxdkNoS0JTeEtwUm13SkdFZGZGZV9HaklzWDNiLTAtVUEyak52cWRiVWJ4Q0FPUDYzbl9xQk05d2NCQV94S0tPaG1KZkU3d1VEcFk0bVBnaC1lZXZ3WVZyQ0d2aEF6YU5xNUN1VmhtTUVkdllDMWJzVkd1cF9TZUN0cTBJb3VTZ1dVLWhjOFN3VDZVaURwb2dVM2NJcnZKT0tvSDRVZ1dPMlhjMDFpLXhhTTF5T1A?oc=5,Industry publication,Press report - verify,D,Fresh,,Closed,T-2d18ce3f4793,T-2d18ce3f4793-01
Awarded,,SJVN,,Sembcorp secures 150 MW firm renewable project from SJVN - ET EnergyWorld,renew,2,,,,,Unclassified,150.0,,,2025-11-11,2027-11-11,,Derived: 24 months from award (default),SJVN,,Tender · news-derived record,https://news.google.com/rss/articles/CBMiwwFBVV95cUxOVGxhWWFJUU9oSmJjMHU3eVdaQl9jMEpWWUxHRHdwbS03amRUc3QyMURkcUFobjNIWW13VG1mWnhuam9PeUl2TVJMU080V0pKc2x2S0ZNODJDaUNmazgxOWItdUgtaENvc3NmbVZXUlpaa2xFRHJqa01CbnlGYTBBYnpkX3J0NE42OUtoWU9oeGdDRGRFbS0tU3hCeGE1WTN0YjV4OVRSLWM1RVhkMktBN2puclV6c1FaN1FPSFRjTDdkd3fSAcgBQVVfeXFMUHlFLXg0cUtiV2Y4QmlQdFN4dlkxdkNoS0JTeEtwUm13SkdFZGZGZV9HaklzWDNiLTAtVUEyak52cWRiVWJ4Q0FPUDYzbl9xQk05d2NCQV94S0tPaG1KZkU3d1VEcFk0bVBnaC1lZXZ3WVZyQ0d2aEF6YU5xNUN1VmhtTUVkdllDMWJzVkd1cF9TZUN0cTBJb3VTZ1dVLWhjOFN3VDZVaURwb2dVM2NJcnZKT0tvSDRVZ1dPMlhjMDFpLXhhTTF5T1A?oc=5,https://news.google.com/rss/articles/CBMiwwFBVV95cUxOVGxhWWFJUU9oSmJjMHU3eVdaQl9jMEpWWUxHRHdwbS03amRUc3QyMURkcUFobjNIWW13VG1mWnhuam9PeUl2TVJMU080V0pKc2x2S0ZNODJDaUNmazgxOWItdUgtaENvc3NmbVZXUlpaa2xFRHJqa01CbnlGYTBBYnpkX3J0NE42OUtoWU9oeGdDRGRFbS0tU3hCeGE1WTN0YjV4OVRSLWM1RVhkMktBN2puclV6c1FaN1FPSFRjTDdkd3fSAcgBQVVfeXFMUHlFLXg0cUtiV2Y4QmlQdFN4dlkxdkNoS0JTeEtwUm13SkdFZGZGZV9HaklzWDNiLTAtVUEyak52cWRiVWJ4Q0FPUDYzbl9xQk05d2NCQV94S0tPaG1KZkU3d1VEcFk0bVBnaC1lZXZ3WVZyQ0d2aEF6YU5xNUN1VmhtTUVkdllDMWJzVkd1cF9TZUN0cTBJb3VTZ1dVLWhjOFN3VDZVaURwb2dVM2NJcnZKT0tvSDRVZ1dPMlhjMDFpLXhhTTF5T1A?oc=5,Industry publication,Press report - verify,D,Fresh,,Closed,T-2d18ce3f4793,T-2d18ce3f4793-02
Awarded,,SJVN,,BluPine Energy Bags 150 MW in SJVN’s FDRE Auction - Energetica India Magazine,BluPine,1,150.0,,,,Unclassified,150.0,,,2025-10-16,2027-10-16,,Derived: 24 months from award (default),SJVN,,Tender · news-derived record,https://news.google.com/rss/articles/CBMijwFBVV95cUxQdDBwVkhTSUxaRVJUcUhYWHk5VUxZekJhRldCOUlYLUZDY2ZobFdYMXM5LUhueXFoSkxWUE5hcDJDREJNNDZiMUpnN2djemZ3dDd6TVpGMU93SDNRQmNmVzBzSUhzZWR1T2RPaDBCZERacWlzejF2WUpwSUwxRDNHNjVIams0ckZKclNlMWxvaw?oc=5,https://news.google.com/rss/articles/CBMijwFBVV95cUxQdDBwVkhTSUxaRVJUcUhYWHk5VUxZekJhRldCOUlYLUZDY2ZobFdYMXM5LUhueXFoSkxWUE5hcDJDREJNNDZiMUpnN2djemZ3dDd6TVpGMU93SDNRQmNmVzBzSUhzZWR1T2RPaDBCZERacWlzejF2WUpwSUwxRDNHNjVIams0ckZKclNlMWxvaw?oc=5,Industry publication,Press report - verify,D,Fresh,,Closed,T-351318dfbbe8,T-351318dfbbe8-01
Awarded,,NHPC,,"NHPC Awards 125 MW/500 MWh BESS Tender With VGF to NTPC, Opera, Tata Power in Kerala - Saur Energy",Tata Power,1,125.0,,,,Energy Storage (BESS),125.0,Kerala,,2025-08-01,2027-02-01,,Derived: 18 months from award (Energy Storage (BESS)),NHPC,,Tender · news-derived record,https://news.google.com/rss/articles/CBMizwFBVV95cUxOdGlaMHV2WW0zYnZzdk16TC10dHNmT0Z5VTBwRUVqdnJFQkZuT3RLU2toWXo3SXc2T20yaEhhM2NGd0Q1OFlMOXZMUDc0YnJOeF9MNEN3NXpKNFFndllmU2x6RTBYVUI0NzJNUEpIOW5ubjlORExTamVCVDlJZWd0NW1qamt5bV9RemQ1NnVzWEpNSHlLWUVrX3p2WFp4YTJWck9rUkplamRBbS1qV3RkRXd6ZV9kVDVjSUxjT193Wm9rUUV1QUlxY0pZbWRsVG8?oc=5,https://news.google.com/rss/articles/CBMizwFBVV95cUxOdGlaMHV2WW0zYnZzdk16TC10dHNmT0Z5VTBwRUVqdnJFQkZuT3RLU2toWXo3SXc2T20yaEhhM2NGd0Q1OFlMOXZMUDc0YnJOeF9MNEN3NXpKNFFndllmU2x6RTBYVUI0NzJNUEpIOW5ubjlORExTamVCVDlJZWd0NW1qamt5bV9RemQ1NnVzWEpNSHlLWUVrX3p2WFp4YTJWck9rUkplamRBbS1qV3RkRXd6ZV9kVDVjSUxjT193Wm9rUUV1QUlxY0pZbWRsVG8?oc=5,Industry publication,Press report - verify,D,Fresh,,Delisted,T-17f8188254d8,T-17f8188254d8-01
Awarded,,NHPC,,NTPC Green Energy and Opera Energy Win NHPC’s 125 MW/500 MWh BESS Auction in Kerala - Energetica India Magazine,NTPC Green,1,125.0,,,,Energy Storage (BESS),125.0,Kerala,,2025-05-22,2026-11-22,,Derived: 18 months from award (Energy Storage (BESS)),NHPC,,Tender · news-derived record,https://news.google.com/rss/articles/CBMiuwFBVV95cUxPV1pxUHNLcEtWTGRUZzNJZmpEd0M4cHQ2aUdwX1F2R3FnTkYyZ0k0Z2d2bjkxLWJOazJtV0RTTmJDbklocE9vLTV3RExkQnRnZTV6ZkZxZTNvd0tIb3V6ZWtFbUxFNGZjTTBJdEhBX01NS3pRdEZEa2ZaVEhMVVlEOFJvTl9zMDB5bU5aMkpTSW1vYVFzMlZvbUpYX0J6dUZkSlF0VEpSbWZFNzVpTlJTel9CYlBMX2tmQ2NF?oc=5,https://news.google.com/rss/articles/CBMiuwFBVV95cUxPV1pxUHNLcEtWTGRUZzNJZmpEd0M4cHQ2aUdwX1F2R3FnTkYyZ0k0Z2d2bjkxLWJOazJtV0RTTmJDbklocE9vLTV3RExkQnRnZTV6ZkZxZTNvd0tIb3V6ZWtFbUxFNGZjTTBJdEhBX01NS3pRdEZEa2ZaVEhMVVlEOFJvTl9zMDB5bU5aMkpTSW1vYVFzMlZvbUpYX0J6dUZkSlF0VEpSbWZFNzVpTlJTel9CYlBMX2tmQ2NF?oc=5,Industry publication,Press report - verify,D,Fresh,,Delisted,T-4d5e7f9d49a8,T-4d5e7f9d49a8-01
Awarded,,NTPC Green Energy,,NTPC Green Energy And Opera Energy Win 95 MW/380 MWh Battery Storage Projects To Boost Kerala’s Grid Stability - SolarQuarter,NTPC Green,1,95.0,,,,Solar + Storage,95.0,Kerala,,2025-05-26,2027-05-26,,Derived: 24 months from award (Solar + Storage),NTPC Green Energy,,Tender · news-derived record,https://news.google.com/rss/articles/CBMi3wFBVV95cUxPc25GMXRPdENMcDJGSldHc3BkLTNUVDRJNFBFZUFjVnpyTDFsSW8xei03Z1F6ODFnY25PaC1wSjdBRDk2VGV6UzdUNWQ4Ym1hT0I3VzE1ME1rZE9GVHM0WjlWTE9FWnVEOTVBT3ZkYk9XeDN3R1VnS2tweEl4bzlLaUoyajFPQ0tIZ3plTlNyZFB3dU1hWk1iUkRkQWFsWENGZnZFVDdELXFqN2pNLU52YkVKTjdRSlhOTk5aSUE3RGZqeFhxLVVzT0RNSlowV2lPY0Z3bTFEZ1dCOWVCZGRR?oc=5,https://news.google.com/rss/articles/CBMi3wFBVV95cUxPc25GMXRPdENMcDJGSldHc3BkLTNUVDRJNFBFZUFjVnpyTDFsSW8xei03Z1F6ODFnY25PaC1wSjdBRDk2VGV6UzdUNWQ4Ym1hT0I3VzE1ME1rZE9GVHM0WjlWTE9FWnVEOTVBT3ZkYk9XeDN3R1VnS2tweEl4bzlLaUoyajFPQ0tIZ3plTlNyZFB3dU1hWk1iUkRkQWFsWENGZnZFVDdELXFqN2pNLU52YkVKTjdRSlhOTk5aSUE3RGZqeFhxLVVzT0RNSlowV2lPY0Z3bTFEZ1dCOWVCZGRR?oc=5,Industry publication,Press report - verify,D,Fresh,,Closed,T-cca15fd12bcf,T-cca15fd12bcf-01
Awarded,,NTPC,,ONGC-NTPC-backed Ayana bags 50 MW wind power project from SECI - CNBC TV18,SECI,1,50.0,,,,Wind,50.0,,,2026-07-15,2028-07-15,,Derived: 24 months from award (Wind),NTPC,,Tender · news-derived record,https://news.google.com/rss/articles/CBMiuwFBVV95cUxOZ1dxU0tUUmdib29MNXRVVVA2ZUJTZ043aUYtbDlzdWRiQWpyVmxxZXM1SDY5NkxKTnZlTGlQR2xyNTI1dWdKMVM1SXRZLW96b2h6ejdlZURCSms3V0pvOFRnLUlNN3otYW9weERIRlhlWmdrUjBzVHlYZUJ2T3NnMXA3dnk3NDJoVGJoSW95RUFiZDlNRG9ObkZjREtFMktVOFZVSWZuOFBfdDhrOHFQVk1ldU9ncWpjSGRR0gHAAUFVX3lxTE1Bd0FvM2V3MGFBRDF6LUF5S21jd1VDQnRham5oVTNIV1A1U09tR0lYUmdoakhEZlFXb0dOdU1mYjJ0TmhwWEFlRTdJd1FqWGUyNlNYUVdCcXF3S2VNRk44R21kOXdLbFRhR1FFZFBKaU1PWkg0UFpEYzVYVUhLc0NGQklfeHhBc0Rfd0dfMWQ5WnF5Y3ZNc2NSQVd4LVlzMERfczNrT3V5LURTeDFsQm1aT2ozU2JYeW1fLWI5RVdHZA?oc=5,https://news.google.com/rss/articles/CBMiuwFBVV95cUxOZ1dxU0tUUmdib29MNXRVVVA2ZUJTZ043aUYtbDlzdWRiQWpyVmxxZXM1SDY5NkxKTnZlTGlQR2xyNTI1dWdKMVM1SXRZLW96b2h6ejdlZURCSms3V0pvOFRnLUlNN3otYW9weERIRlhlWmdrUjBzVHlYZUJ2T3NnMXA3dnk3NDJoVGJoSW95RUFiZDlNRG9ObkZjREtFMktVOFZVSWZuOFBfdDhrOHFQVk1ldU9ncWpjSGRR0gHAAUFVX3lxTE1Bd0FvM2V3MGFBRDF6LUF5S21jd1VDQnRham5oVTNIV1A1U09tR0lYUmdoakhEZlFXb0dOdU1mYjJ0TmhwWEFlRTdJd1FqWGUyNlNYUVdCcXF3S2VNRk44R21kOXdLbFRhR1FFZFBKaU1PWkg0UFpEYzVYVUhLc0NGQklfeHhBc0Rfd0dfMWQ5WnF5Y3ZNc2NSQVd4LVlzMERfczNrT3V5LURTeDFsQm1aT2ozU2JYeW1fLWI5RVdHZA?oc=5,Industry publication,Press report - verify,D,Fresh,,Delisted,T-513c147e4745,T-513c147e4745-01
Awarded,,SECI,,Ayana Renewable Wins 50 MW Wind Power Project In SECI Tranche-XX Auction At INR3.85/kWh - WindInsider,Ayana Renewable,1,50.0,,,,Wind,50.0,,,2026-07-16,2028-07-16,,Derived: 24 months from award (Wind),SECI,,Tender · news-derived record,https://news.google.com/rss/articles/CBMiwAFBVV95cUxPNUp6WGpWeTBuQnJQcURPbGhnLVhLU1hXVDBXbHYxZzRWWFhUeFY4V293Q0tSM1pZWnRRQmFUM2lDbWVUOGJZZktWZlUwb200RTFZb1RXRzJiWWRYaEJ4UTMxcy1kMWZRQjloU1JWME5KLWJjZHdxRk5ZbG9WdUZKWm5QcmJlZGtRLWM1VU45UkRsZGljNnVzY2lyWDdTb044Z0ZZYndJeVlDUmh0NVFCaGRzNVY4cUpwcHQyNVdvZWPSAcYBQVVfeXFMTVBhUThxZ1I4SlBGS3Y2amFGcE9HTHBrMER4VG9qdE5qV0VjWjg3ekJyRWZtc0tUTU5Sdk5PcDZtQzlfY09iTnhWZk1jbjA0Y0ZkYjl2ZGdsYURlajRoalhTbVFLRURqNEpvOWlvTEhLblhkOTduSzZRcHZlSmpfaWdFd0twTGlDbERKQ1hwb09oYndjREpOR01oN3AzWFA4MGVkYkVFd0lva3ByeVgtMG1maUE3dHVUSlpnRFlnWlMxYnRGRmx3?oc=5,https://news.google.com/rss/articles/CBMiwAFBVV95cUxPNUp6WGpWeTBuQnJQcURPbGhnLVhLU1hXVDBXbHYxZzRWWFhUeFY4V293Q0tSM1pZWnRRQmFUM2lDbWVUOGJZZktWZlUwb200RTFZb1RXRzJiWWRYaEJ4UTMxcy1kMWZRQjloU1JWME5KLWJjZHdxRk5ZbG9WdUZKWm5QcmJlZGtRLWM1VU45UkRsZGljNnVzY2lyWDdTb044Z0ZZYndJeVlDUmh0NVFCaGRzNVY4cUpwcHQyNVdvZWPSAcYBQVVfeXFMTVBhUThxZ1I4SlBGS3Y2amFGcE9HTHBrMER4VG9qdE5qV0VjWjg3ekJyRWZtc0tUTU5Sdk5PcDZtQzlfY09iTnhWZk1jbjA0Y0ZkYjl2ZGdsYURlajRoalhTbVFLRURqNEpvOWlvTEhLblhkOTduSzZRcHZlSmpfaWdFd0twTGlDbERKQ1hwb09oYndjREpOR01oN3AzWFA4MGVkYkVFd0lva3ByeVgtMG1maUE3dHVUSlpnRFlnWlMxYnRGRmx3?oc=5,Industry publication,Press report - verify,D,Fresh,,Closed,T-24f1af52d7cd,T-24f1af52d7cd-01
Awarded,2025-09-09,SECI,SECI/C&P/IPP/11/0008/25-26,RfS for Setting up of 1000 kW Grid-Connected RTSPV project on buildings of Rashtrapati Bhavan (RTSPV-Tranche-III),Renew,1,1.0,,,,Rooftop Solar,1.0,,2025-10-14,2025-12-23,2027-12-23,,Derived: 24 months from award (Solar),SECI,,RfS,https://www.seci.co.in/tender-details/YmNx,https://news.google.com/rss/articles/CBMihwFBVV95cUxNeWlaMFc5WW1QZWdfeDJaejdFQ2pJeWxvM1FvVllKZ3poRWNBV0FEekRsS0lmcmFUV2dIOVNfMUZhdW1FMVN0TElaenhua2VWRmVBdmlKbXNMby1Vc0kyb0g2RWNjdE9WMzlIRFZPR2syanJHczRhS1pGRHF4NE42UGR3R0VEQms?oc=5,Industry publication,Press report - verify,C,Fresh,,Closed,T-f2ff6c795ea5,T-f2ff6c795ea5-01
Awarded,2025-09-09,SECI,SECI/C&P/IPP/11/0008/25-26,RfS for Setting up of 1000 kW Grid-Connected RTSPV project on buildings of Rashtrapati Bhavan (RTSPV-Tranche-III),Renew,1,1.0,,,,Rooftop Solar,1.0,,2025-10-14,2025-12-23,2027-12-23,,Derived: 24 months from award (Solar),SECI,,RfS,https://www.seci.co.in/tender-details/YmNx,https://news.google.com/rss/articles/CBMihwFBVV95cUxNeWlaMFc5WW1QZWdfeDJaejdFQ2pJeWxvM1FvVllKZ3poRWNBV0FEekRsS0lmcmFUV2dIOVNfMUZhdW1FMVN0TElaenhua2VWRmVBdmlKbXNMby1Vc0kyb0g2RWNjdE9WMzlIRFZPR2syanJHczRhS1pGRHF4NE42UGR3R0VEQms?oc=5,Industry publication,Press report - verify,C,Fresh,,Closed,f2ff6c795ea5,f2ff6c795ea5-01
Awarded,,MSEDCL,,"PM-KUSUM: MSEDCL Awards Over ₹750 Crore Solar Pump Orders to Shakti, Oswal, Saatvik - Saur Energy",Oswal,1,,,,,Solar,,,,2025-12-24,2027-12-24,,Derived: 24 months from award (Solar),MSEDCL,,Tender · news-derived record,https://news.google.com/rss/articles/CBMizgFBVV95cUxPSXd5S2VUNHhaSWc3NVVJWVdRYWRnOXpzVjlGTEJGT1JkSXd3MDhod3lKbk1TazdHUG41eVRRQkhnWFNLNnQ2X2xFaUlHWmdxMzZrWS1HRm9fdmF1MFhVMlIwQzkwX0l1M21pWGlHcTRMX01sT3hhT2VBOEdjNkI3Y2lQTHA3Vkp0WGhTbF9hbENfUmlCT0ZGVDdvTHJvaTM0akwzbUNsaEJ0dExSOF9ncWRMdUJ3MkY4T0JRU2V4UldZS3NDaVlIQW1WMndIQQ?oc=5,https://news.google.com/rss/articles/CBMizgFBVV95cUxPSXd5S2VUNHhaSWc3NVVJWVdRYWRnOXpzVjlGTEJGT1JkSXd3MDhod3lKbk1TazdHUG41eVRRQkhnWFNLNnQ2X2xFaUlHWmdxMzZrWS1HRm9fdmF1MFhVMlIwQzkwX0l1M21pWGlHcTRMX01sT3hhT2VBOEdjNkI3Y2lQTHA3Vkp0WGhTbF9hbENfUmlCT0ZGVDdvTHJvaTM0akwzbUNsaEJ0dExSOF9ncWRMdUJ3MkY4T0JRU2V4UldZS3NDaVlIQW1WMndIQQ?oc=5,Industry publication,Press report - verify,E,Fresh,,Closed,T-5711baf8cc41,T-5711baf8cc41-01
Awarded,,NHPC,,ACME Solar Holdings wins NHPC tender for two BESS projects in Andhra Pradesh - The Hindu,ACME Solar,1,,,,,Solar + Storage,,Andhra Pradesh,,2025-06-27,2027-06-27,,Derived: 24 months from award (Solar + Storage),NHPC,,Tender · news-derived record,https://news.google.com/rss/articles/CBMi5AFBVV95cUxNZkg3NTFqNzlnV2xIMmZhdFFUV2hvM2FUWGlpNkJ1V2Q1dEI4cTJPVzc5VkMwdVhTSFlvazF5SWFWVlp0NUR3RXpXUE5PZ2kzYUhhSzJRMFFvSlRjR0RpV0xoaV9KX0lUSEE3WV9sc0ZReEN3Ul83amg4NVdFNjhZazg1RDh1aE5YcW8xT0p5eTRxSGFBMWtpV2ZhX1loNVAzd0FpNnZQN2djdlhyVTBNZlppbTllWFAwVzJ4dFZra1dHS1hfMFRXWHg5V1RwWEp5N04xbE14Mks0SXlVcEJSVDlYSDjSAesBQVVfeXFMTXV5UThLZHFLVFFVcUFid0lNaVNrd1VwOEp1d1ZkUEE5VHlzU2dhdjItY1c4dVdxd25DdHQ5Y2RYUUFseUNtSnBXeUJuSmhPZ1hkbktlZGlKR3JVQkNDdWFvZ0kwYVZ3SVFlNF9LSmw0Q1JXWHBNLTctMHVMejVBVlZEbXphMDZNVVE3NjFoOXV6elRvT0Z5Y0lYcEFscldWQ0lLOVNHN2JCOG5MVXhST3o4Vy0yeTlncjhoVU1XRjJoR1FFTUFZR0NOb0RDOW5aSGFVemozN3ZIOWs4SjVqSDQ3NWVjY3g4RHVpOA?oc=5,https://news.google.com/rss/articles/CBMi5AFBVV95cUxNZkg3NTFqNzlnV2xIMmZhdFFUV2hvM2FUWGlpNkJ1V2Q1dEI4cTJPVzc5VkMwdVhTSFlvazF5SWFWVlp0NUR3RXpXUE5PZ2kzYUhhSzJRMFFvSlRjR0RpV0xoaV9KX0lUSEE3WV9sc0ZReEN3Ul83amg4NVdFNjhZazg1RDh1aE5YcW8xT0p5eTRxSGFBMWtpV2ZhX1loNVAzd0FpNnZQN2djdlhyVTBNZlppbTllWFAwVzJ4dFZra1dHS1hfMFRXWHg5V1RwWEp5N04xbE14Mks0SXlVcEJSVDlYSDjSAesBQVVfeXFMTXV5UThLZHFLVFFVcUFid0lNaVNrd1VwOEp1d1ZkUEE5VHlzU2dhdjItY1c4dVdxd25DdHQ5Y2RYUUFseUNtSnBXeUJuSmhPZ1hkbktlZGlKR3JVQkNDdWFvZ0kwYVZ3SVFlNF9LSmw0Q1JXWHBNLTctMHVMejVBVlZEbXphMDZNVVE3NjFoOXV6elRvT0Z5Y0lYcEFscldWQ0lLOVNHN2JCOG5MVXhST3o4Vy0yeTlncjhoVU1XRjJoR1FFTUFZR0NOb0RDOW5aSGFVemozN3ZIOWs4SjVqSDQ3NWVjY3g4RHVpOA?oc=5,Industry publication,Press report - verify,E,Fresh,,Delisted,T-07c8b8a7e244,T-07c8b8a7e244-01
Awarded,,NTPC,,"Bondada Bags ₹1,338-Crore NTPC Renewable Energy Contract in UP - Saur Energy",NTPC Renewable,1,,,,,Unclassified,,,,2026-06-16,2028-06-16,,Derived: 24 months from award (default),NTPC,,Tender · news-derived record,https://news.google.com/rss/articles/CBMitAFBVV95cUxOYzc3ZUdYSXdjUWhYYVg3YU5RcXRNdUc3NTN0VVY2a2NPbWJURVBWeWtvY3ZlakhPeUNEVzlRd3dVNjVNQ1hDaVRNR3poeE9NeFE4Ukt2V2JyR0hjdS1uXzhkSnBoZmtPWThHVDYyclZjd3NRcGd5aWJrcmVhMlpKVlVSc2oxZ1QtdWMzMmxKbEoxUDliMEhJVURBOVlnTVl1M0hwSkxUSDY4ejlQT1IwQ1B1R2Y?oc=5,https://news.google.com/rss/articles/CBMitAFBVV95cUxOYzc3ZUdYSXdjUWhYYVg3YU5RcXRNdUc3NTN0VVY2a2NPbWJURVBWeWtvY3ZlakhPeUNEVzlRd3dVNjVNQ1hDaVRNR3poeE9NeFE4Ukt2V2JyR0hjdS1uXzhkSnBoZmtPWThHVDYyclZjd3NRcGd5aWJrcmVhMlpKVlVSc2oxZ1QtdWMzMmxKbEoxUDliMEhJVURBOVlnTVl1M0hwSkxUSDY4ejlQT1IwQ1B1R2Y?oc=5,Industry publication,Press report - verify,E,Fresh,,Delisted,T-30622cb3519a,T-30622cb3519a-01
Awarded,,NVVN,,"Solar91, Rays Experts, Stockwell, Oriana and Inox Renewable Win NVVN’s 1 GWh BESS Auction - Energetica India Magazine",Renew,1,,,,,Energy Storage (BESS),,,,2025-06-21,2026-12-21,,Derived: 18 months from award (Energy Storage (BESS)),NVVN,,Tender · news-derived record,https://news.google.com/rss/articles/CBMiyAFBVV95cUxPMUphVFdPVVlaa3R3cE1nd3BZSWp3QWtNNkloajlDRzdyc2l6ekwxaEQyOVNhSDk3dXIxOEdfWHZmaldxLUUtTzdFQ0RDUDVfelZ2czV2UXJVMjBkWTJLTmtsYjRvQmJxZTRRSmxFbTUtYjVqb3hRVi1zZldMTWQyNnNiLUtkclFrOHVKalN5WnJmLUktUkVCU2RrTWdpbjA3eWxpVGFGTGxnX1JudEVoNWE1WXJodjdxSlBaZmQwN3Zxb1VVbl9fWA?oc=5,https://news.google.com/rss/articles/CBMiyAFBVV95cUxPMUphVFdPVVlaa3R3cE1nd3BZSWp3QWtNNkloajlDRzdyc2l6ekwxaEQyOVNhSDk3dXIxOEdfWHZmaldxLUUtTzdFQ0RDUDVfelZ2czV2UXJVMjBkWTJLTmtsYjRvQmJxZTRRSmxFbTUtYjVqb3hRVi1zZldMTWQyNnNiLUtkclFrOHVKalN5WnJmLUktUkVCU2RrTWdpbjA3eWxpVGFGTGxnX1JudEVoNWE1WXJodjdxSlBaZmQwN3Zxb1VVbl9fWA?oc=5,Industry publication,Press report - verify,E,Fresh,,Closed,T-de9dfcb73ed6,T-de9dfcb73ed6-01
Awarded,,SECI,,"Adyant Enersol, Serentica, Ampin and ACME Win SECI’s 4,800 MWh FDRE Auction - Energetica India Magazine",Serentica,1,,,,,Unclassified,,,,2026-02-06,2028-02-06,,Derived: 24 months from award (default),SECI,,Tender · news-derived record,https://news.google.com/rss/articles/CBMirAFBVV95cUxPS1gxMERva0R4aTdzdU4ydUhfVUVwb1NRcnpvdzkxTE5qdlpUV0RaSVhzbkhIcGI3RWNRWHhySExieDQyNXllWHlneWpqZ25uT3VOVEowSmU4OU1zZG96T3NPUGJsamFVbTdObEZrd3J0UFo0RVdSbjJ6UF9yS1lSVWJSMWFJcVJfQ0lpbVlHa0haT2M1di1lRmtUbkRZQ09Fa1BRMHcwNngzMFBX?oc=5,https://news.google.com/rss/articles/CBMirAFBVV95cUxPS1gxMERva0R4aTdzdU4ydUhfVUVwb1NRcnpvdzkxTE5qdlpUV0RaSVhzbkhIcGI3RWNRWHhySExieDQyNXllWHlneWpqZ25uT3VOVEowSmU4OU1zZG96T3NPUGJsamFVbTdObEZrd3J0UFo0RVdSbjJ6UF9yS1lSVWJSMWFJcVJfQ0lpbVlHa0haT2M1di1lRmtUbkRZQ09Fa1BRMHcwNngzMFBX?oc=5,Industry publication,Press report - verify,E,Fresh,,Closed,T-1c2b175fcec0,T-1c2b175fcec0-01
Awarded,,SECI,,"Adyant, Serentica, AMPIN & ACME Bag SECI's Peak Supply FDRE Tender - Saur Energy",Serentica,1,,,,,Round-the-Clock / CfD / Trading,,,,2026-02-06,2028-02-06,,Derived: 24 months from award (Round-the-Clock / CfD / Trading),SECI,,Tender · news-derived record,https://news.google.com/rss/articles/CBMitgFBVV95cUxPYWlWWEJBREUzSExUQVNueU1zMklLRmNDQ1lpNFU4QlJNWEhmNDlvX2Mxb1VlYm84TmhFS0FicWVGYUlGb2VESkZOb2hYYUs3VUdnWEJpdDVhenFyVzJXa1BqTTNySV85UTNoWmQzbzRSblNMVXJuTFlvWTZzVW81NVRNRXNSTmI4czNCWjQ0NG9ockRPUVJWbWRoMl8yWmR0ZGs4QUNYNHZfbnFYN2hRZlE4QnNLQQ?oc=5,https://news.google.com/rss/articles/CBMitgFBVV95cUxPYWlWWEJBREUzSExUQVNueU1zMklLRmNDQ1lpNFU4QlJNWEhmNDlvX2Mxb1VlYm84TmhFS0FicWVGYUlGb2VESkZOb2hYYUs3VUdnWEJpdDVhenFyVzJXa1BqTTNySV85UTNoWmQzbzRSblNMVXJuTFlvWTZzVW81NVRNRXNSTmI4czNCWjQ0NG9ockRPUVJWbWRoMl8yWmR0ZGs4QUNYNHZfbnFYN2hRZlE4QnNLQQ?oc=5,Industry publication,Press report - verify,E,Fresh,,Closed,T-767ac40a755a,T-767ac40a755a-01
Awarded,,SJVN,,"Reliance, ACME, and Sembcorp secure major wins in SJVN’s 6 GWh tender for dispatchable renewable power - ESS News",Sembcorp,2,,,,,Unclassified,,,,2025-11-12,2027-11-12,,Derived: 24 months from award (default),SJVN,,Tender · news-derived record,https://news.google.com/rss/articles/CBMi0gFBVV95cUxPUjlrRGtJdUIyT3piX1M3Qm5vdkYySnAxYXlIeHpoUjY0eDFvTjZ0RXNvMWFvbm5xR0lzb3M3eDVzUy1VQnhNMTU5TjlYb3Vid2xhOUlTVGtNOFhiSDZleUdpSmxIQXh4U3o5MGFraTNjb3QwUGdLam9tdkN6bXhoRmVJSGlBaVdkc3lROU5CM3dzb2FzdTFBdHoxS1RUWmZhQmxKX3QwNEJtYmRlak1GUENZT25Ha2d3b0l5SkNfTTFRUUNTY1FOc3ZjY0t2OHFOdmc?oc=5,https://news.google.com/rss/articles/CBMi0gFBVV95cUxPUjlrRGtJdUIyT3piX1M3Qm5vdkYySnAxYXlIeHpoUjY0eDFvTjZ0RXNvMWFvbm5xR0lzb3M3eDVzUy1VQnhNMTU5TjlYb3Vid2xhOUlTVGtNOFhiSDZleUdpSmxIQXh4U3o5MGFraTNjb3QwUGdLam9tdkN6bXhoRmVJSGlBaVdkc3lROU5CM3dzb2FzdTFBdHoxS1RUWmZhQmxKX3QwNEJtYmRlak1GUENZT25Ha2d3b0l5SkNfTTFRUUNTY1FOc3ZjY0t2OHFOdmc?oc=5,Industry publication,Press report - verify,E,Fresh,,Closed,T-58954615e819,T-58954615e819-01
Awarded,,SJVN,,"Reliance, ACME, and Sembcorp secure major wins in SJVN’s 6 GWh tender for dispatchable renewable power - ESS News",renew,2,,,,,Unclassified,,,,2025-11-12,2027-11-12,,Derived: 24 months from award (default),SJVN,,Tender · news-derived record,https://news.google.com/rss/articles/CBMi0gFBVV95cUxPUjlrRGtJdUIyT3piX1M3Qm5vdkYySnAxYXlIeHpoUjY0eDFvTjZ0RXNvMWFvbm5xR0lzb3M3eDVzUy1VQnhNMTU5TjlYb3Vid2xhOUlTVGtNOFhiSDZleUdpSmxIQXh4U3o5MGFraTNjb3QwUGdLam9tdkN6bXhoRmVJSGlBaVdkc3lROU5CM3dzb2FzdTFBdHoxS1RUWmZhQmxKX3QwNEJtYmRlak1GUENZT25Ha2d3b0l5SkNfTTFRUUNTY1FOc3ZjY0t2OHFOdmc?oc=5,https://news.google.com/rss/articles/CBMi0gFBVV95cUxPUjlrRGtJdUIyT3piX1M3Qm5vdkYySnAxYXlIeHpoUjY0eDFvTjZ0RXNvMWFvbm5xR0lzb3M3eDVzUy1VQnhNMTU5TjlYb3Vid2xhOUlTVGtNOFhiSDZleUdpSmxIQXh4U3o5MGFraTNjb3QwUGdLam9tdkN6bXhoRmVJSGlBaVdkc3lROU5CM3dzb2FzdTFBdHoxS1RUWmZhQmxKX3QwNEJtYmRlak1GUENZT25Ha2d3b0l5SkNfTTFRUUNTY1FOc3ZjY0t2OHFOdmc?oc=5,Industry publication,Press report - verify,E,Fresh,,Closed,T-58954615e819,T-58954615e819-02
Awarded,,SJVN,,"NLC India, Adyant Secure SJVN Wind Project - Saur Energy",NLC India,1,,,,,Wind,,,,2025-03-05,2027-03-05,,Derived: 24 months from award (Wind),SJVN,,Tender · news-derived record,https://news.google.com/rss/articles/CBMijwFBVV95cUxQd2ZtYllwSXJPWERhWGpUcGRWcGVsOG1UWFhsaHNwc21sWG1DZGg4ZlJWMnJuazcxQm16X1BGZ0VmdzhMQ0JRYXZnbkJuUzVRcmdBNzBjSlNTaWJjVXhPODJ4ZTJXOFlUVkZPdnE4elUxdWd5WDdlZDJ1Z0M0MWk5UUU2QjhOOEhqU0FvMlRPcw?oc=5,https://news.google.com/rss/articles/CBMijwFBVV95cUxQd2ZtYllwSXJPWERhWGpUcGRWcGVsOG1UWFhsaHNwc21sWG1DZGg4ZlJWMnJuazcxQm16X1BGZ0VmdzhMQ0JRYXZnbkJuUzVRcmdBNzBjSlNTaWJjVXhPODJ4ZTJXOFlUVkZPdnE4elUxdWd5WDdlZDJ1Z0M0MWk5UUU2QjhOOEhqU0FvMlRPcw?oc=5,Industry publication,Press report - verify,E,Fresh,,Closed,T-97939a7d7f72,T-97939a7d7f72-01
Verification Required,2023-07-17,SECI,SECI/C&P/MI/00/0013/2023-24,"Tender for the Selection of Agency to carry out Soil Investigation at proposed 13 GW RE Project Sites in Leh, UT of Ladakh, India.",Verification Required,0,,,,,Unclassified,13000.0,Ladakh,2023-09-13,,,,Unknown,SECI,,Tender,https://www.seci.co.in/tender-details/aWo,,Official tender page,Winner not found,C,Fresh,,Closed,T-c88a6712deb0,
Verification Required,2023-07-17,SECI,SECI/C&P/MI/00/0013/2023-24,"Tender for the Selection of Agency to carry out Soil Investigation at proposed 13 GW RE Project Sites in Leh, UT of Ladakh, India.",Verification Required,0,,,,,Unclassified,13000.0,Ladakh,2023-09-13,,,,Unknown,SECI,,Tender,https://www.seci.co.in/tender-details/aWo,,Official tender page,Winner not found,C,Fresh,,Closed,c88a6712deb0,
Verification Required,2018-12-31,SECI,SECI/C&P/SPD/RfS/Leh-Kargil/7500MW/122018,"RfS for 7500 MW Solar Power Projects in Leh and Kargil, Jammu and Kashmir",Verification Required,0,,,,,Solar,7500.0,Jammu and Kashmir,2021-01-31,,,,Unknown,SECI,,RfS,https://www.seci.co.in/tender-details/aQ,,Official tender page,Winner not found,C,Fresh,,Closed,T-069167338a56,
Verification Required,2018-12-31,SECI,SECI/C&P/SPD/RfS/Leh-Kargil/7500MW/122018,"RfS for 7500 MW Solar Power Projects in Leh and Kargil, Jammu and Kashmir",Verification Required,0,,,,,Solar,7500.0,Jammu and Kashmir,2021-01-31,,,,Unknown,SECI,,On Line with e-Reverse Auction,https://www.seci.co.in/tender-details/aQ,,Official tender page,Winner not found,C,Fresh,,Closed,069167338a56,
Verification Required,2020-03-17,SECI,SECI/C&P/RPD/RTC-II/RfS/5000MW/032020,"RfS for Supply of 5000 MW RTC Power from ISTS-connected RE Power Projects, complemented with Coal based Thermal Power in India (RTC-II)",Verification Required,0,,,,,Round-the-Clock / CfD / Trading,5000.0,,2021-09-03,,,,Unknown,SECI,,RfS,https://www.seci.co.in/tender-details/Zw,,Official tender page,Winner not found,C,Fresh,,Closed,T-5a5e72e722e6,
Verification Required,2020-03-17,SECI,SECI/C&P/RPD/RTC-II/RfS/5000MW/032020,"RfS for Supply of 5000 MW RTC Power from ISTS-connected RE Power Projects, complemented with Coal based Thermal Power in India (RTC-II)",Verification Required,0,,,,,Round-the-Clock / CfD / Trading,5000.0,,2021-09-03,,,,Unknown,SECI,,RfS,https://www.seci.co.in/tender-details/Zw,,Official tender page,Winner not found,C,Fresh,,Closed,5a5e72e722e6,
Verification Required,,NTPC,NRE-CS-5779-004(TRF1)-9,"POWER TRANSFORMER SUPPLY PACKAGE-I (NORTH BLOCK) UNDER DEVELOPMENT OF 4750MW SOLAR PARK AT KHAVDA, GUJARAT",Verification Required,0,,,,,Solar,4750.0,Gujarat,2022-06-23,,,,Unknown,NTPC,,Tender · NEW,https://ntpctender.ntpc.co.in/NITDetails/NITs/24436,,Official tender page,Winner not found,C,Fresh,,Closed,T-018adabb0d45,
Verification Required,,NTPC,NRE-CS-5779-004(EVC1)-9,POWER EVACUATION INFRASTRUCTURE PACKAGE-1(NORTH BLOCK) UNDER DEVELOPMENT OF 4750MW KHAVDA SOLAR PARK.,Verification Required,0,,,,,Transmission / Evacuation,4750.0,,2022-08-02,,,,Unknown,NTPC,,Tender · NEW,https://ntpctender.ntpc.co.in/NITDetails/NITs/24542,,Official tender page,Winner not found,C,Fresh,,Closed,T-a9ca3ef0c16a,
Verification Required,,NTPC,NRE-CS-5779-004(TRF2)-9,"POWER TRANSFORMER SUPPLY PACKAGE-II (SOUTH BLOCK) UNDER DEVELOPMENT OF 4750 MW SOLAR PARK AT KHAVDA, GUJARAT.",Verification Required,0,,,,,Solar,4750.0,Gujarat,2023-01-10,,,,Unknown,NTPC,,Tender · NEW,https://ntpctender.ntpc.co.in/NITDetails/NITs/25168,,Official tender page,Winner not found,C,Fresh,,Closed,T-cc0184fe8f88,
Verification Required,,NTPC,NRE-CS-5779-004(EVC)-9,"POWER EVACUATION INFRASTRUCTURE PACKAGE UNDER DEVELOPMENT OF 4750MW SOLAR PARK AT KHAVDA, GUJARAT",Verification Required,0,,,,,Transmission / Evacuation,4750.0,Gujarat,2023-04-03,,,,Unknown,NTPC,,Tender · NEW,https://ntpctender.ntpc.co.in/NITDetails/NITs/25452,,Official tender page,Winner not found,C,Fresh,,Closed,T-eb0e4ec9fe44,
Verification Required,2024-02-02,SECI,SECI/C&P/IPP/12/0018/23-24,RfS for Allocation of Sea-bed Lease Rights for 4000 MW Offshore Wind Power Projects,Verification Required,0,,,,,Wind,4000.0,,2025-07-31,,,,Unknown,SECI,,RfS,https://www.seci.co.in/tender-details/YWB1,,Official tender page,Winner not found,C,Fresh,,Closed,T-e3f1b46e9f78,
Verification Required,2024-02-02,SECI,SECI/C&P/IPP/12/0018/23-24,RfS for Allocation of Sea-bed Lease Rights for 4000 MW Offshore Wind Power Projects,Verification Required,0,,,,,Wind,4000.0,,2025-07-31,,,,Unknown,SECI,,RfS,https://www.seci.co.in/tender-details/YWB1,,Official tender page,Winner not found,C,Fresh,,Closed,e3f1b46e9f78,
Verification Required,,NTPC,NTPC/RE-CS/2023-24/FDRE/BOO-12,SELECTION OF RE POWER GENERATORS FOR SUPPLY OF 3000 MW FIRM AND DISPATCHABLE POWER FROM ISTS-CONNECTED RENEWABLE ENERGY (RE) POWER PROJECTS ANYWHERE IN INDIA (NTPC-TRANCHE-II) ON BUILT-OWN-OPERATE BASIS.,Verification Required,0,,,,,Round-the-Clock / CfD / Trading,3000.0,,2023-12-11,,,,Unknown,NTPC,,Tender · NEW,https://ntpctender.ntpc.co.in/NITDetails/NITs/26306,,Official tender page,Winner not found,C,Fresh,,Closed,T-f33857bd548a,
Verification Required,,NHPC,2024_NHPC_803559_1,"Lot- 5B Package for Hydro-Mechanical Works for Intake and Draft Tube Gates & Hoists of Dibang Multipurpose Project, 2880 MW , located in Lower Dibang Valley District in the State of Arunachal Pradesh, India",Verification Required,0,,,,,Hydro,2880.0,Arunachal Pradesh,,,,,Unknown,NHPC,,Tender,https://www.nhpcindia.com/welcome/tender,,Official tender page,Winner not found,D,Fresh,,Delisted,8886f889af12,
Verification Required,2020-04-10,SECI,SECI/C&P/SPD/ISTS-X/Koppal-SP/RfS/2500MW/042020,"RfS for 2500 MW ISTS-connected Solar PV Power Projects at UMREPP, Koppal District, Karnataka (ISTS-X)",Verification Required,0,,,,,Solar,2500.0,Karnataka,2021-02-26,,,,Unknown,SECI,,RfS,https://www.seci.co.in/tender-details/YWI,,Official tender page,Winner not found,C,Fresh,,Closed,T-e5c0035292e8,
Verification Required,2020-04-10,SECI,SECI/C&P/SPD/ISTS-X/Koppal-SP/RfS/2500MW/042020,"RfS for 2500 MW ISTS-connected Solar PV Power Projects at UMREPP, Koppal District, Karnataka (ISTS-X)",Verification Required,0,,,,,Solar,2500.0,Karnataka,2021-02-26,,,,Unknown,SECI,,On Line with e-Reverse Auction,https://www.seci.co.in/tender-details/YWI,,Official tender page,Winner not found,C,Fresh,,Closed,e5c0035292e8,
Verification Required,2025-01-13,NTPC,NGEL-CS-5822-004(BESS)-9,BESS PACKAGE FOR DEVELOPMENT OF 2500 MW/10000 MWH BESS AT NTPC THERMAL STATIONS,Verification Required,0,,,,,Energy Storage (BESS),2500.0,,2025-02-17,,,,Unknown,NTPC,,Tender · NEW,https://ntpctender.ntpc.co.in/NITDetails/NITs/28170,,Official tender page,Winner not found,C,Fresh,,Closed,T-be78bfb74fa7,
Verification Required,2022-09-02,SECI,SECI/C&P/IPP/13/0004/22-23,"RfS for Supply of 2250 MW RTC Power from RE Projects, complemented with Power from any other source or storage in India (RTC-III)",Verification Required,0,,,,,Round-the-Clock / CfD / Trading,2250.0,,2023-01-10,,,,Unknown,SECI,,RfS,https://www.seci.co.in/tender-details/Z2I,,Official tender page,Winner not found,C,Fresh,,Closed,T-1c6e9277976b,
Verification Required,2022-09-02,SECI,SECI/C&P/IPP/13/0004/22-23,"RfS for Supply of 2250 MW RTC Power from RE Projects, complemented with Power from any other source or storage in India (RTC-III)",Verification Required,0,,,,,Round-the-Clock / CfD / Trading,2250.0,,2023-01-10,,,,Unknown,SECI,,RfS,https://www.seci.co.in/tender-details/Z2I,,Official tender page,Winner not found,C,Fresh,,Closed,1c6e9277976b,
Verification Required,,NTPC,RE-CS-0000-BOO-3,NIT For Selection of Solar Power Developers for 2000 MW Grid-connected Solar PV Power Plants to be set up anywhere in India.,Verification Required,0,,,,,Solar,2000.0,,2018-06-25,,,,Unknown,NTPC,,NIT · NEW,https://ntpctender.ntpc.co.in/NITDetails/NITs/18706,,Official tender page,Winner not found,C,Fresh,,Closed,T-80096b52963a,
Verification Required,,NTPC,CC/RE-CS-0000-BOO(W)-1,Selection of Developers for Setting up of 2000 MW ISTS Connected Wind Power Projects,Verification Required,0,,,,,Wind,2000.0,,2018-07-30,,,,Unknown,NTPC,,Tender · NEW,https://ntpctender.ntpc.co.in/NITDetails/NITs/18716,,Official tender page,Winner not found,C,Fresh,,Closed,T-1990e7256edf,
Verification Required,2020-03-20,SECI,SECI/C&P/SPD/ISTS-IX/RfS/2000MW/032020,RfS for 2000 MW ISTS-connected Solar PV Power Projects in India (ISTS-IX),Verification Required,0,,,,,Solar,2000.0,,2020-06-22,,,,Unknown,SECI,,RfS,https://www.seci.co.in/tender-details/Zg,,Official tender page,Winner not found,C,Fresh,,Closed,T-cd9f5c9e69c5,
Verification Required,2020-03-20,SECI,SECI/C&P/SPD/ISTS-IX/RfS/2000MW/032020,RfS for 2000 MW ISTS-connected Solar PV Power Projects in India (ISTS-IX),Verification Required,0,,,,,Solar,2000.0,,2020-06-22,,,,Unknown,SECI,,On Line with e-Reverse Auction,https://www.seci.co.in/tender-details/Zg,,Official tender page,Winner not found,C,Fresh,,Closed,cd9f5c9e69c5,
Verification Required,2020-03-20,SECI,SECI/C&P/WPD/2000MW/T9/RfS/032020,RfS for 2000 MW ISTS-connected Wind Power Projects in India (Tranche-IX),Verification Required,0,,,,,Wind,2000.0,,2020-07-28,,,,Unknown,SECI,,RfS,https://www.seci.co.in/tender-details/ZQ,,Official tender page,Winner not found,C,Fresh,,Closed,T-2ff6bbf36dbb,
Verification Required,2020-03-20,SECI,SECI/C&P/WPD/2000MW/T9/RfS/032020,RfS for 2000 MW ISTS-connected Wind Power Projects in India (Tranche-IX),Verification Required,0,,,,,Wind,2000.0,,2020-07-28,,,,Unknown,SECI,,On Line with e-Reverse Auction,https://www.seci.co.in/tender-details/ZQ,,Official tender page,Winner not found,C,Fresh,,Closed,2ff6bbf36dbb,
Verification Required,,NTPC,NRE-CS-5783-004(L)-9,LAND AND EHV TRANSMISSION SYSTEM PACKAGE FOR DEVELOPMENT OF ISTS CONNECTED SOLAR PV PROJECTS (UPTO 2GW) IN RAJASTHAN.,Verification Required,0,,,,,Solar,2000.0,Rajasthan,2023-03-22,,,,Unknown,NTPC,,Tender · NEW,https://ntpctender.ntpc.co.in/NITDetails/NITs/25090,,Official tender page,Winner not found,C,Fresh,,Closed,T-a4d731ac2ccd,
Verification Required,,NTPC,NRE-CS-5787-004(L)-9,LAND AND EHV TRANSMISSION SYSTEM PACKAGE FOR DEVELOPMENT OF UPTO 2GW ISTS CONNECTED SOLAR PV PROJECTS IN RAJASTHAN (TRANCHE-II),Verification Required,0,,,,,Solar,2000.0,Rajasthan,2023-05-06,,,,Unknown,NTPC,,Tender · NEW,https://ntpctender.ntpc.co.in/NITDetails/NITs/25464,,Official tender page,Winner not found,C,Fresh,,Closed,T-79b966936bfc,
Verification Required,2023-03-31,SECI,SECI/C&P/IPP/11/0009/22-23,RfS for Selection of Solar Power Developers for Setting up of 2000 MW ISTS-connected Solar PV Power Projects (ISTS-XI),Verification Required,0,,,,,Solar,2000.0,,2023-06-28,,,,Unknown,SECI,,RfS,https://www.seci.co.in/tender-details/aGU,,Official tender page,Winner not found,C,Fresh,,Closed,T-d9b5a60369bc,
Verification Required,2023-03-31,SECI,SECI/C&P/IPP/11/0009/22-23,RfS for Selection of Solar Power Developers for Setting up of 2000 MW ISTS-connected Solar PV Power Projects (ISTS-XI),Verification Required,0,,,,,Solar,2000.0,,2023-06-28,,,,Unknown,SECI,,RfS,https://www.seci.co.in/tender-details/aGU,,Official tender page,Winner not found,C,Fresh,,Closed,d9b5a60369bc,
Verification Required,,NTPC,NRE-CS-5794-004(L)-9,LAND & EHV TRANSMISSION SYSTEM PACKAGE FOR DEVELOPMENT OF UPTO 2GW ISTS CONNECTED SOLAR PV PROJECTS IN RAJASTHAN (TRANCHE-III).,Verification Required,0,,,,,Solar,2000.0,Rajasthan,2023-11-07,,,,Unknown,NTPC,,Tender · NEW,https://ntpctender.ntpc.co.in/NITDetails/NITs/26222,,Official tender page,Winner not found,C,Fresh,,Closed,T-cdc425d33777,
Verification Required,2023-10-23,SECI,SECI/C&P/IPP/13/0008/23-24,RfS for Selection of Hybrid Power Developers for Setting up of 2000 MW ISTS-connected Wind-Solar Hybrid Power Projects in India under Tariff-Based Competitive Bidding (SECI-Tranche-VII),Verification Required,0,,,,,Wind-Solar Hybrid,2000.0,,2023-12-08,,,,Unknown,SECI,,RfS,https://www.seci.co.in/tender-details/YWJ_,,Official tender page,Winner not found,C,Fresh,,Closed,T-d16eed10cbe6,
Verification Required,2023-10-23,SECI,SECI/C&P/IPP/13/0008/23-24,RfS for Selection of Hybrid Power Developers for Setting up of 2000 MW ISTS-connected Wind-Solar Hybrid Power Projects in India under Tariff-Based Competitive Bidding (SECI-Tranche-VII),Verification Required,0,,,,,Wind-Solar Hybrid,2000.0,,2023-12-08,,,,Unknown,SECI,,RfS,https://www.seci.co.in/tender-details/YWJ_,,Official tender page,Winner not found,C,Fresh,,Closed,d16eed10cbe6,
Verification Required,,NTPC,GEM/2024/B/4830672,"Hiring of 01 No. of Commercial Vehicle (RAJASTHAN REGISTERED) for 12 hrs Duty at Fatehgarh 2GW Solar Project, Rajasthan (MAHINDRA Scorpio / BOLERO NEO or Equivalent) for a Period of 24 Months.",Verification Required,0,,,,,Solar,2000.0,Rajasthan,2024-04-12,,,,Unknown,NTPC,,Tender · NEW,https://ntpctender.ntpc.co.in/NITDetails/NITs/26937,,Official tender page,Winner not found,C,Fresh,,Closed,T-8221043315a9,
Verification Required,,NTPC,GEM/2024/B/4853033,DEPLOYMENT OF 01 NO. OF COMMERCIAL VEHICLE RAJASTHAN REGISTERED FOR A PERIOD OF TWO YEARS AT BIKANER 2GW SOLAR PROJECT RAJASTHAN.,Verification Required,0,,,,,Solar,2000.0,Rajasthan,2024-04-22,,,,Unknown,NTPC,,Tender · NEW,https://ntpctender.ntpc.co.in/NITDetails/NITs/26978,,Official tender page,Winner not found,C,Fresh,,Closed,T-a85c11b0dc5c,
Verification Required,,NTPC,GEM/2024/B/4892292,Commercial Vehicle for 12 Hrs. Duty at Fatehgarh 2GW Solar Project (Mahindra Scorpio / Bolero Neo or Equivalent) for a Period of 24 Months.,Verification Required,0,,,,,Solar,2000.0,,2024-05-06,,,,Unknown,NTPC,,Tender · NEW,https://ntpctender.ntpc.co.in/NITDetails/NITs/27058,,Official tender page,Winner not found,C,Fresh,,Closed,T-3c01e0b229a4,
Verification Required,,NTPC,GEM/2024/B/4892149,"Providing Pantry Services, House Keeping, Office Attendant and Security to Fatehgarh 2 GW Solar Project, Jaisalmer, Rajasthan for 24 Months Period",Verification Required,0,,,,,Solar,2000.0,Rajasthan,2024-05-06,,,,Unknown,NTPC,,Tender · NEW,https://ntpctender.ntpc.co.in/NITDetails/NITs/27056,,Official tender page,Winner not found,C,Fresh,,Closed,T-dfa4729456ff,
Verification Required,,NTPC,GEM/2024/B/4953382,HIRING OF 01 NO OF COMMERCIAL VEHICLE RAJASTHAN REGISTERED FOR 12 HRS DUTY AT FATEHGARH 2GW SOLAR PROJECT RAJASTHAN MAHINDRA SCORPIO BOLERO NEO OR EQUIVALENT FOR A PERIOD OF 24 MONTHS,Verification Required,0,,,,,Solar,2000.0,Rajasthan,2024-05-27,,,,Unknown,NTPC,,Tender · NEW,https://ntpctender.ntpc.co.in/NITDetails/NITs/27146,,Official tender page,Winner not found,C,Fresh,,Closed,T-382db0798599,
Verification Required,2024-06-27,NTPC,GEM/2024/B/5099104,HIRING OF 01 NO OF COMMERCIAL VEHICLE RAJASTHAN REGISTERED FOR 12 HRS DUTY AT FATEHGARH 2GW SOLAR PROJECT RAJASTHAN MAHINDRA SCORPIO BOLERO NEO OR EQUIVALENT FOR A PERIOD OF 24 MONTHS.,Verification Required,0,,,,,Solar,2000.0,Rajasthan,2024-07-08,,,,Unknown,NTPC,,Tender · NEW,https://ntpctender.ntpc.co.in/NITDetails/NITs/27351,,Official tender page,Winner not found,C,Fresh,,Closed,T-f09cd6b48dae,
Verification Required,2024-02-22,NTPC,NRE-CS-5806-004(L)-9,"LAND AND POWER EVACUATION PACKAGE FOR DEVELOPMENT OF 2000MW ISTS CONNECTED SOLAR PV PROJECTS IN BARMER, RAJASTHAN.",Verification Required,0,,,,,Transmission / Evacuation,2000.0,Rajasthan,2024-09-06,,,,Unknown,NTPC,,Tender · NEW,https://ntpctender.ntpc.co.in/NITDetails/NITs/26774,,Official tender page,Winner not found,C,Fresh,,Closed,T-245ef5160dd8,
Verification Required,2024-08-29,NTPC,GEM/2024/B/5340051,Hiring of 01 No. of Commercial Vehicle for 12 Hrs Duty at Fatehgarh 2GW Solar Project (Mahindra Scorpio 4WD or Equivalent 4WD) for a Period of 24 Months.,Verification Required,0,,,,,Solar,2000.0,,2024-09-09,,,,Unknown,NTPC,,Tender · NEW,https://ntpctender.ntpc.co.in/NITDetails/NITs/27644,,Official tender page,Winner not found,C,Fresh,,Closed,T-3783bf989885,
Verification Required,2024-09-12,NTPC,GEM/2024/B/5390584,"Deployment of one (1) no. of commercial Vehicle AC Mahindra Scorpio or equivalent (4X4 drive) for a period of Two (02) years at Bikaner 2 GW Solar project (Tranche-III), Rajasthan.",Verification Required,0,,,,,Solar,2000.0,Rajasthan,2024-09-23,,,,Unknown,NTPC,,Tender · NEW,https://ntpctender.ntpc.co.in/NITDetails/NITs/27689,,Official tender page,Winner not found,C,Fresh,,Closed,T-f1fb74da8652,
Verification Required,2024-07-31,SECI,SECI/C&P/IPP/11/0011/24-25,RfS for Setting up of 2000 MW ISTS-connected Solar PV Power Projects with 1000 MW/4000 MWh Energy Storage Systems (ESS) in India under Tariff-based Competitive Bidding (SECI-ISTS-XVII),Verification Required,0,,,,,Solar + Storage,2000.0,,2024-09-30,,,,Unknown,SECI,,RfS,https://www.seci.co.in/tender-details/YWR1,,Official tender page,Winner not found,C,Fresh,,Closed,T-c51d2f5bb67c,
Verification Required,2024-07-31,SECI,SECI/C&P/IPP/11/0011/24-25,RfS for Setting up of 2000 MW ISTS-connected Solar PV Power Projects with 1000 MW/4000 MWh Energy Storage Systems (ESS) in India under Tariff-based Competitive Bidding (SECI-ISTS-XVII),Verification Required,0,,,,,Solar + Storage,2000.0,,2024-09-30,,,,Unknown,SECI,,RfS,https://www.seci.co.in/tender-details/YWR1,,Official tender page,Winner not found,C,Fresh,,Closed,c51d2f5bb67c,
Verification Required,2024-10-21,NTPC,GEM/2024/B/5526739,"Providing Pantry Services, House Keeping and Office Attendant for Bikaner 2 GW Solar Project, Bikaner, Rajasthan for 24 Months Period.",Verification Required,0,,,,,Solar,2000.0,Rajasthan,2024-11-01,,,,Unknown,NTPC,,Tender · NEW,https://ntpctender.ntpc.co.in/NITDetails/NITs/27827,,Official tender page,Winner not found,C,Fresh,,Closed,T-d7119b95b074,
Verification Required,2024-09-12,SECI,SECI/C&P/IPP/13/0013/24-25,RfS for assured Peak supply of 8000 MWh (2000 MW x 4 Hrs.) from ISTS-Connected RE Projects (SECI-FDRE-VI),Verification Required,0,,,,,Round-the-Clock / CfD / Trading,2000.0,,2024-11-14,,,,Unknown,SECI,,RfS,https://www.seci.co.in/tender-details/YWV3,,Official tender page,Winner not found,C,Fresh,,Closed,T-e753088b3edc,
Verification Required,2024-09-12,SECI,SECI/C&P/IPP/13/0013/24-25,RfS for assured Peak supply of 8000 MWh (2000 MW x 4 Hrs.) from ISTS-Connected RE Projects (SECI-FDRE-VI),Verification Required,0,,,,,Round-the-Clock / CfD / Trading,2000.0,,2024-11-14,,,,Unknown,SECI,,RfS,https://www.seci.co.in/tender-details/YWV3,,Official tender page,Winner not found,C,Fresh,,Closed,e753088b3edc,
Verification Required,2024-12-19,NTPC,GEM/2024/B/5730071,DEPLOYMENT OF 01 NO OF COMMERCIAL VEHICLE RAJASTHAN REGISTERED FOR A PERIOD OF TWO 2 YEARS AT FATEHGARH 2GW SOLAR PROJECT JAISALMER.,Verification Required,0,,,,,Solar,2000.0,Rajasthan,2024-12-30,,,,Unknown,NTPC,,Tender · NEW,https://ntpctender.ntpc.co.in/NITDetails/NITs/28071,,Official tender page,Winner not found,C,Fresh,,Closed,T-c04de5b53575,
Verification Required,2025-02-04,NTPC,GEM/2025/B/5908562,"Providing Pantry Services, House Keeping and Office Attendant for Bikaner 2 GW Solar Project, Bikaner, Rajasthan for 24 Months Period.",Verification Required,0,,,,,Solar,2000.0,Rajasthan,2025-02-14,,,,Unknown,NTPC,,Tender · NEW,https://ntpctender.ntpc.co.in/NITDetails/NITs/28251,,Official tender page,Winner not found,C,Fresh,,Closed,T-9b1801135eba,
Verification Required,2023-07-12,NTPC,NRE-CS-5976-006-9,DEVELOPMENT OF PUMPED HYDRO ENERGY STORAGE (PHES) PROJECT(S) UP TO 2000MW CAPACITY (ANYWHERE IN INDIA).,Verification Required,0,,,,,Pumped Storage,2000.0,,2025-07-29,,,,Unknown,NTPC,,Tender · NEW,https://ntpctender.ntpc.co.in/NITDetails/NITs/25909,,Official tender page,Winner not found,C,Fresh,,Closed,T-63ae192d2424,
Verification Required,2025-06-12,SECI,SECI/C&P/IPP/11/0004/25-26,RfS for 2000 MW ISTS-Connected Solar PV Power Projects with 1000 MW/ 4000 MWh ESS in India (SECI-ISTS-XX),Verification Required,0,,,,,Solar,2000.0,,2025-08-29,2025-10-16,2027-10-16,,Derived: 24 months from award (Solar),SECI,,RfS,https://www.seci.co.in/tender-details/YmJ1,https://news.google.com/rss/articles/CBMizwFBVV95cUxPXzlHRmE3WmJXVEEwb0FpQU9rMlJid1FzQTgyWFZXVmQtV2hsNTVVOTNZazl2OTYxbFRrTFdKREwtYjEtSkt3YUpfT2E3SGt1dGQyOHpEUk9zb3NVZFlPMmp1akRpdlh6alZuanVQUjRJSmVVLWhBd3JBUUhPaVFISFhDWDFvX0R6SzFlNHhKWUNjaW5OQlh5NlB1RDdvMmt3WmFoVDdYY2tnYU9hXzB1RktOODNnaHlSWFlfZ0hpNUZyTEJibkNyLXkyX1B4b0U?oc=5,Official tender page,Winner not found,C,Fresh,,Closed,T-48d9a559bdaf,
Verification Required,2025-06-12,SECI,SECI/C&P/IPP/11/0004/25-26,RfS for 2000 MW ISTS-Connected Solar PV Power Projects with 1000 MW/ 4000 MWh ESS in India (SECI-ISTS-XX),Verification Required,0,,,,,Solar,2000.0,,2025-08-29,2025-10-16,2027-10-16,,Derived: 24 months from award (Solar),SECI,,RfS,https://www.seci.co.in/tender-details/YmJ1,https://news.google.com/rss/articles/CBMizwFBVV95cUxPXzlHRmE3WmJXVEEwb0FpQU9rMlJid1FzQTgyWFZXVmQtV2hsNTVVOTNZazl2OTYxbFRrTFdKREwtYjEtSkt3YUpfT2E3SGt1dGQyOHpEUk9zb3NVZFlPMmp1akRpdlh6alZuanVQUjRJSmVVLWhBd3JBUUhPaVFISFhDWDFvX0R6SzFlNHhKWUNjaW5OQlh5NlB1RDdvMmt3WmFoVDdYY2tnYU9hXzB1RktOODNnaHlSWFlfZ0hpNUZyTEJibkNyLXkyX1B4b0U?oc=5,Official tender page,Winner not found,C,Fresh,,Closed,48d9a559bdaf,
Verification Required,2026-04-21,SECI,SECI/C&P/IPP/12/0003/26-27,RfS for 2000 MW ISTS-Connected Wind Power Projects in India (SECI-Tranche-XX),Verification Required,0,,,,,Wind,2000.0,,2026-06-19,2026-07-16,2028-07-16,,Derived: 24 months from award (Wind),SECI,,RfS,https://www.seci.co.in/tender-details/Ymd3,https://news.google.com/rss/articles/CBMiugFBVV95cUxPZDAzRmdYTE5vYXFDcmV1OXJfLUZlVi1lR3l5R0tBOFpZdGVpUmlLdXdBY05EbFdFZEhTaVVoU1BhZks4UzNDczZxb2JKY3hLVVpFT1cwZWFwNFBMRVNhOFQxaWU5N1BQaFFFMGpwZjNvNE01VGtQU0Y2REl4cDBaV0djaU1GX2VWbG12TENCUGxFQWM2NTB4TjBrSk5NVmo1VnQ3cVlBemdJVUszaEo3eTRRWHNrdWk1N0HSAb8BQVVfeXFMTkdpYldiVzQ1VFlKR291OGVQZi16UWM0ZmMyeE5QSTBoWFdITkt4a0hiMTVKd1lQTFF1UEZGdVRiR2RfbkxaOG11aWJvOVpKb1VudlN5a3RoZUduUVFLTGdkWURONVBsZTVBZWtmOWpNemNsWlg4LVIwSV9OYUVDZlhENkk4ejVrcTBQbVljSF9YZVg3NldXdS1FdTlxRFAtbXNZVkNUTVFlZnQtaS1BVHFFN2NwSFBxVXc0TmstWmc?oc=5,Official tender page,Winner not found,C,Fresh,,Closed,T-2ec1ded70236,
Verification Required,2026-04-21,SECI,SECI/C&P/IPP/12/0003/26-27,RfS for 2000 MW ISTS-Connected Wind Power Projects in India (SECI-Tranche-XX),Verification Required,0,,,,,Wind,2000.0,,2026-06-19,2026-07-16,2028-07-16,,Derived: 24 months from award (Wind),SECI,,RfS,https://www.seci.co.in/tender-details/Ymd3,https://news.google.com/rss/articles/CBMiugFBVV95cUxPZDAzRmdYTE5vYXFDcmV1OXJfLUZlVi1lR3l5R0tBOFpZdGVpUmlLdXdBY05EbFdFZEhTaVVoU1BhZks4UzNDczZxb2JKY3hLVVpFT1cwZWFwNFBMRVNhOFQxaWU5N1BQaFFFMGpwZjNvNE01VGtQU0Y2REl4cDBaV0djaU1GX2VWbG12TENCUGxFQWM2NTB4TjBrSk5NVmo1VnQ3cVlBemdJVUszaEo3eTRRWHNrdWk1N0HSAb8BQVVfeXFMTkdpYldiVzQ1VFlKR291OGVQZi16UWM0ZmMyeE5QSTBoWFdITkt4a0hiMTVKd1lQTFF1UEZGdVRiR2RfbkxaOG11aWJvOVpKb1VudlN5a3RoZUduUVFLTGdkWURONVBsZTVBZWtmOWpNemNsWlg4LVIwSV9OYUVDZlhENkk4ejVrcTBQbVljSF9YZVg3NldXdS1FdTlxRFAtbXNZVkNUTVFlZnQtaS1BVHFFN2NwSFBxVXc0TmstWmc?oc=5,Official tender page,Winner not found,C,Fresh,,Closed,2ec1ded70236,
Verification Required,2026-05-29,NTPC,NRE-CS-5846-004(PHES)-9,SELECTION OF DEVELOPER(S) FOR ISTS CONNECTED PUMP HYDRO ENERGY STORAGE SOLUTIONS OF 2000 MW / 12000 MWh WITH 500 MW (MIN) CAPACITY AT SINGLE LOCATION (ANYWHERE IN INDIA) UNDER PHES AS SERVICE MODEL,Verification Required,0,,,,,Pumped Storage,2000.0,,2026-07-06,,,,Unknown,NTPC,,Tender · NEW,https://ntpctender.ntpc.co.in/NITDetails/NITs/29893,,Official tender page,Winner not found,C,Fresh,,Closed,T-2298de2387a8,
Verification Required,,NHPC,NH/CC-IV/CO-260/PR11521/260,"Supply, Erection, Testing & Commissioning of 02 Nos. TRCM for Subansiri Lower HE Project (2000 MW).",Verification Required,0,,,,,Unclassified,2000.0,,,,,,Unknown,NHPC,,Tender,https://www.nhpcindia.com/welcome/tender,,Official tender page,Winner not found,D,Fresh,,Delisted,2d0c59de8bbe,
Verification Required,,NHPC,2025_NHPC_870158_1,"Lot-1 Package : Planning, Design & Engineering (PDE) works for execution of 1856 MW Sawalkote Hydro Project located near Sidhu village in Ramban District of UT of J&K, India",Verification Required,0,,,,,Hydro,1856.0,Jammu and Kashmir,,,,,Unknown,NHPC,,Tender,https://www.nhpcindia.com/welcome/tender,,Official tender page,Winner not found,D,Fresh,,Delisted,bc9b6e3828b8,
Verification Required,,NHPC,2022_NHPC_675668_1,"Turnkey execution of 1856 MW Sawalkot Hydro Electric Project located at Ramban /Udhampur district in the Union Territory of Jammu & Kashmir, India",Verification Required,0,,,,,Hydro,1856.0,,,,,,Unknown,NHPC,,Tender,https://www.nhpcindia.com/welcome/tender,,Official tender page,Winner not found,D,Fresh,,Delisted,bc377c5950fe,
Verification Required,,NHPC,GEM/2024/B/5095388,"Topographical Survey of Project area for Kamala Hydroelectric Project (1800 MW), Arunachal Pradesh",Verification Required,0,,,,,Hydro,1800.0,Arunachal Pradesh,,,,,Unknown,NHPC,,Tender,https://www.nhpcindia.com/welcome/tender,,Official tender page,Winner not found,D,Fresh,,Delisted,6c37739193e5,
Verification Required,,NHPC,NH/CCW/CC-II/CO-318/PR16923/52,Hiring of External Agency/ Consultant for preparation of DPR for 1800 MW Savitri Pump Storage Project,Verification Required,0,,,,,Unclassified,1800.0,,,,,,Unknown,NHPC,,Tender,https://www.nhpcindia.com/welcome/tender,,Official tender page,Winner not found,D,Fresh,,Delisted,46f3ccf82938,
Verification Required,2021-03-04,SECI,SECI/C&P/SPD/RfS/RJ-IV/032021,RfS for Setting up of 1785 MW Grid-Connected Solar PV Power projects in Rajasthan (Tranche-IV),Verification Required,0,,,,,Solar,1785.0,Rajasthan,2021-07-01,,,,Unknown,SECI,,RfS,https://www.seci.co.in/tender-details/Y2I,,Official tender page,Winner not found,C,Fresh,,Closed,T-2bca1dd2f0ad,
Verification Required,2021-03-04,SECI,SECI/C&P/SPD/RfS/RJ-IV/032021,RfS for Setting up of 1785 MW Grid-Connected Solar PV Power projects in Rajasthan (Tranche-IV),Verification Required,0,,,,,Solar,1785.0,Rajasthan,2021-07-01,,,,Unknown,SECI,,On Line with e-Reverse Auction,https://www.seci.co.in/tender-details/Y2I,,Official tender page,Winner not found,C,Fresh,,Closed,2bca1dd2f0ad,
Verification Required,2022-06-29,SECI,SECI/C&P/OP/11/0001/2022-23,"Tender for the Manufacturing, Testing, Packing and Forwarding, Supply and Transportation of 1680 MWp Domestically Manufactured Solar PV Modules with Domestically Manufactured Solar Cells.",Verification Required,0,,,,,Solar,1680.0,,2022-07-29,,,,Unknown,SECI,,Tender,https://www.seci.co.in/tender-details/ZmU,,Official tender page,Winner not found,C,Fresh,,Closed,T-d2a00c098b6d,
Verification Required,2022-06-29,SECI,SECI/C&P/OP/11/0001/2022-23,"Tender for the Manufacturing, Testing, Packing and Forwarding, Supply and Transportation of 1680 MWp Domestically Manufactured Solar PV Modules with Domestically Manufactured Solar Cells.",Verification Required,0,,,,,Solar,1680.0,,2022-07-29,,,,Unknown,SECI,,Tender,https://www.seci.co.in/tender-details/ZmU,,Official tender page,Winner not found,C,Fresh,,Closed,d2a00c098b6d,
Verification Required,,NHPC,GEM/2026/B/7169073,"Procurement of High Resolution Satellite Data and Change Detection Studies for Subansiri Upper H.E. Project, 1605 MW NHPC Limited",Verification Required,0,,,,,Unclassified,1605.0,,,,,,Unknown,NHPC,,Tender,https://www.nhpcindia.com/welcome/tender,,Official tender page,Winner not found,D,Fresh,,Delisted,eb3f2ff526eb,
Verification Required,,NHPC,2025_NHPC_850631_1,"Exploratory Drilling works of one hole of +/-150m depth on Left bank at EL+/-320 M to explore the area between EL 296M and EL346 M for Subansiri Upper Project (1605 MW), Arunachal Pradesh",Verification Required,0,,,,,Unclassified,1605.0,Arunachal Pradesh,,,,,Unknown,NHPC,,Tender,https://www.nhpcindia.com/welcome/tender,,Official tender page,Winner not found,D,Fresh,,Delisted,ffc891c000b8,
Verification Required,,NTPC,NTPC/RE-CS/2023-24/Solar/BOO-9,SELECTION OF SOLAR POWER DEVELOPERS FOR SETTING UP OF 1500 MW ISTS-CONNECTED SOLAR POWER PROJECTS ANYWHERE IN INDIA (NTPC-ISTS-I).,Verification Required,0,,,,,Solar,1500.0,,2023-08-14,,,,Unknown,NTPC,,Tender · NEW,https://ntpctender.ntpc.co.in/NITDetails/NITs/25952,,Official tender page,Winner not found,C,Fresh,,Closed,T-0a102dcfeb9f,
Verification Required,,NTPC,NTPC/RE-CS/2023-24/Hybrid/BOO-8,SELECTION OF HYBRID POWER DEVELOPERS FOR SETTING UP OF 1500 MW ISTS-CONNECTED WIND-SOLAR HYBRID POWER PROJECTS ANYWHERE IN INDIA.,Verification Required,0,,,,,Wind-Solar Hybrid,1500.0,,2023-10-16,,,,Unknown,NTPC,,Tender · NEW,https://ntpctender.ntpc.co.in/NITDetails/NITs/25938,,Official tender page,Winner not found,C,Fresh,,Closed,T-afafd16a6da5,
Verification Required,,NTPC,NTPC/RE-CS/2023-24/Solar/BOO-14,SELECTION OF SOLAR POWER GENERATORS FOR SETTING UP OF 1500 MW ISTS-CONNECTED SOLAR POWER PROJECTS ANYWHERE IN INDIA(NTPC-ISTS-II).,Verification Required,0,,,,,Solar,1500.0,,2023-12-22,,,,Unknown,NTPC,,Tender · NEW,https://ntpctender.ntpc.co.in/NITDetails/NITs/26452,,Official tender page,Winner not found,C,Fresh,,Closed,T-1330c48c9b2f,
Verification Required,,NTPC,NTPC/RE-CS/2023-24/Wind/BOO-10,SELECTION OF WIND POWER DEVELOPERS FOR SETTING UP OF 1500 MW ISTSCONNECTED WIND POWER PROJECTS ANYWHERE IN INDIA(NTPC-TRANCHE-II).,Verification Required,0,,,,,Wind,1500.0,,2023-12-26,,,,Unknown,NTPC,,Tender · NEW,https://ntpctender.ntpc.co.in/NITDetails/NITs/26152,,Official tender page,Winner not found,C,Fresh,,Closed,T-ac5ac31d3f4f,
Verification Required,,NTPC,NTPC/RE-CS/2023-24/Hybrid/BOO-13,SELECTION OF HYBRID POWER GENERATORS FOR SUPPLY OF 1500 MW POWER FROM ISTS-CONNECTED WIND-SOLAR HYBRID POWER PROJECTS ANYWHERE IN INDIA (NTPC-TRANCHE-IV).,Verification Required,0,,,,,Wind-Solar Hybrid,1500.0,,2024-01-05,,,,Unknown,NTPC,,Tender · NEW,https://ntpctender.ntpc.co.in/NITDetails/NITs/26449,,Official tender page,Winner not found,C,Fresh,,Closed,T-c7c7b122a6a3,
Verification Required,2023-12-29,SECI,SECI/C&P/IPP/11/0016/23-24,RfS for Selection of Solar Power Developers for Setting up of 1500 MW ISTS-connected Solar PV Power Projects in India under Tariff-Based Competitive Bidding (SECI-ISTS-XIII),Verification Required,0,,,,,Solar,1500.0,,2024-02-15,,,,Unknown,SECI,,RfS,https://www.seci.co.in/tender-details/YWN-,,Official tender page,Winner not found,C,Fresh,,Closed,T-8036e1e1c232,
Verification Required,2023-12-29,SECI,SECI/C&P/IPP/11/0016/23-24,RfS for Selection of Solar Power Developers for Setting up of 1500 MW ISTS-connected Solar PV Power Projects in India under Tariff-Based Competitive Bidding (SECI-ISTS-XIII),Verification Required,0,,,,,Solar,1500.0,,2024-02-15,,,,Unknown,SECI,,RfS,https://www.seci.co.in/tender-details/YWN-,,Official tender page,Winner not found,C,Fresh,,Closed,8036e1e1c232,
Verification Required,2023-07-31,SECI,SECI/C&P/IPP/13/0005/23-24,RfS for 1500 MW Firm and Dispatchable Power from ISTS-connected Renewable Energy (RE) Power Projects (SECI-FDRE-II),Verification Required,0,,,,,Round-the-Clock / CfD / Trading,1500.0,,2024-02-21,,,,Unknown,SECI,,RfS,https://www.seci.co.in/tender-details/YWJ2,,Official tender page,Winner not found,C,Fresh,,Closed,T-42885d78a817,
Verification Required,2023-07-31,SECI,SECI/C&P/IPP/13/0005/23-24,RfS for 1500 MW Firm and Dispatchable Power from ISTS-connected Renewable Energy (RE) Power Projects (SECI-FDRE-II),Verification Required,0,,,,,Unclassified,1500.0,,2024-02-21,,,,Unknown,SECI,,RfS,https://www.seci.co.in/tender-details/YWJ2,,Official tender page,Winner not found,C,Fresh,,Closed,42885d78a817,
Verification Required,,NTPC,NTPC/RE-CS/2023-24/Solar/BOO-16,SELECTION OF SOLAR POWER GENERATORS FOR SETTING UP OF 1500 MW ISTS-CONNECTED SOLAR POWER PROJECTS ANYWHERE IN INDIA (NTPC-ISTS-III).,Verification Required,0,,,,,Solar,1500.0,,2024-02-22,,,,Unknown,NTPC,,Tender · NEW,https://ntpctender.ntpc.co.in/NITDetails/NITs/26724,,Official tender page,Winner not found,C,Fresh,,Closed,T-9627843c703f,
Verification Required,2024-01-18,SECI,SECI/C&P/IPP/11/0017/23-24,RfS for Setting up of 1500 MW ISTS-Connected Solar PV Power Projects in India (SECI-ISTS-XIV),Verification Required,0,,,,,Solar,1500.0,,2024-02-23,,,,Unknown,SECI,,RfS,https://www.seci.co.in/tender-details/YWB2,,Official tender page,Winner not found,C,Fresh,,Closed,T-d575a36d1704,
Verification Required,2024-01-18,SECI,SECI/C&P/IPP/11/0017/23-24,RfS for Setting up of 1500 MW ISTS-Connected Solar PV Power Projects in India (SECI-ISTS-XIV),Verification Required,0,,,,,Solar,1500.0,,2024-02-23,,,,Unknown,SECI,,RfS,https://www.seci.co.in/tender-details/YWB2,,Official tender page,Winner not found,C,Fresh,,Closed,d575a36d1704,
Verification Required,2023-04-19,NTPC,NRE-CS-0000-BOO-2,Selection of Developers for ISTS Connected Energy Storage Solutions of 9000MWH with 1500MW (Min) Capacity (Anywhere in India).,Verification Required,0,,,,,Unclassified,1500.0,,2024-10-24,,,,Unknown,NTPC,,Tender · NEW,https://ntpctender.ntpc.co.in/NITDetails/NITs/25560,,Official tender page,Winner not found,C,Fresh,,Closed,T-37d9ee64b67f,
Verification Required,2025-08-03,NTPC,NGEL-CS-5821-004(MOD)-9,"SUPPLY OF SOLAR PV MODULES FOR 1500MW SOLAR PV PROJECTS AT RVUNL SOLAR PARK IN BIKANER, RAJASTHAN.",Verification Required,0,,,,,Solar,1500.0,Rajasthan,2025-08-21,,,,Unknown,NTPC,,Tender · NEW,https://ntpctender.ntpc.co.in/NITDetails/NITs/28894,,Official tender page,Winner not found,C,Fresh,,Closed,T-96bc8ea65069,
Verification Required,2025-12-26,SECI,SECI/C&P/IPP/15/0017/25-26,RfS for Setting up of 1500 MW/12000 MWh Pumped Storage Plants in India (PSP-I),Verification Required,0,,,,,Pumped Storage,1500.0,,2026-06-05,2026-08-21,2031-08-21,,Derived: 60 months from award (Pumped Storage),SECI,,RfS,https://www.seci.co.in/tender-details/YmF3,https://news.google.com/rss/articles/CBMimAFBVV95cUxOeUlBTVlfeUNCTVF6WGM2U3lrdWFyYXhCRXNRcE1POVc5WVoyZUZFVUF4SXlwc09ZbExtQXByUGNrQ0NSZWphUlpwVTlXY0sxZEdqWkgwUlZLU0pPNEFvV2Q0WkZnRVRrVTRIS1lKVHJ2eUViVjVkMGJ3MkJHbERZUzNKeE9uNXdQZ3BJZ2xiLUl4VXRuUGNidA?oc=5,Official tender page,Winner not found,C,Fresh,,Closed,T-2b32a0fbd349,
Verification Required,2025-12-26,SECI,SECI/C&P/IPP/15/0017/25-26,RfS for Setting up of 1500 MW/12000 MWh Pumped Storage Plants in India (PSP-I),Verification Required,0,,,,,Pumped Storage,1500.0,,2026-06-05,2026-08-21,2031-08-21,,Derived: 60 months from award (Pumped Storage),SECI,,RfS,https://www.seci.co.in/tender-details/YmF3,https://news.google.com/rss/articles/CBMimAFBVV95cUxOeUlBTVlfeUNCTVF6WGM2U3lrdWFyYXhCRXNRcE1POVc5WVoyZUZFVUF4SXlwc09ZbExtQXByUGNrQ0NSZWphUlpwVTlXY0sxZEdqWkgwUlZLU0pPNEFvV2Q0WkZnRVRrVTRIS1lKVHJ2eUViVjVkMGJ3MkJHbERZUzNKeE9uNXdQZ3BJZ2xiLUl4VXRuUGNidA?oc=5,Official tender page,Winner not found,C,Fresh,,Closed,2b32a0fbd349,
Verification Required,2026-06-05,SECI,SECI/C&P/IPP/13/0006/26-27,RfS for assured Peak Supply of 6000 MWh (1500 MW x 4 Hrs.) from ISTS-Connected RE Projects (SECI-FDRE-IX),Verification Required,0,,,,,Round-the-Clock / CfD / Trading,1500.0,,2026-08-07,,,,Unknown,SECI,,RfS,https://www.seci.co.in/tender-details/Ymd_,,Official tender page,Winner not found,C,Fresh,,Closed,T-7bd77556d47f,
Verification Required,2026-06-05,SECI,SECI/C&P/IPP/13/0006/26-27,RfS for assured Peak Supply of 6000 MWh (1500 MW x 4 Hrs.) from ISTS-Connected RE Projects (SECI-FDRE-IX),Verification Required,0,,,,,Round-the-Clock / CfD / Trading,1500.0,,2026-08-07,,,,Unknown,SECI,,RfS,https://www.seci.co.in/tender-details/Ymd_,,Official tender page,Winner not found,C,Fresh,,Closed,7bd77556d47f,
Verification Required,,NHPC,2023_NHPC_778283_1,For Selection of Hybrid Power Developers For Supply of 1500MW power from ISTS connected Wind-Solar Hybrid Power Projects system on ‘anywhere in India’ basis under Tariff Based Competitive Bidding (TBCB),Verification Required,0,,,,,Wind-Solar Hybrid,1500.0,,,,,,Unknown,NHPC,,Tender,https://www.nhpcindia.com/welcome/tender,,Official tender page,Winner not found,D,Fresh,,Delisted,53b15f8036c8,
Verification Required,2024-12-23,NTPC,NRE-CS-5822-004(BOS)-9,BALANCE OF SYSTEM PACKAGE FOR DEVELOPMENT OF 1400 MW GRID CONNECTED SOLAR PV PROJECTS IN LALITPUR (2X300MW) AND CHITRAKOOT (2X400MW) IN UTTAR PRADESH,Verification Required,0,,,,,Solar,1400.0,Uttar Pradesh,2025-03-13,,,,Unknown,NTPC,,Tender · NEW,https://ntpctender.ntpc.co.in/NITDetails/NITs/28083,,Official tender page,Winner not found,C,Fresh,,Closed,T-313fb5a97db4,
Verification Required,2023-11-30,SECI,SECI/C&P/IPP/12/0009/22-23,RfS for Selection of Wind Power Developers for Setting up of 1350 MW ISTS-connected Wind Power Projects (SECI-Tranche-XVI),Verification Required,0,,,,,Wind,1350.0,,2024-01-10,,,,Unknown,SECI,,RfS,https://www.seci.co.in/tender-details/YWN1,,Official tender page,Winner not found,C,Fresh,,Closed,T-0e36a56162a2,
Verification Required,2023-11-30,SECI,SECI/C&P/IPP/12/0009/22-23,RfS for Selection of Wind Power Developers for Setting up of 1350 MW ISTS-connected Wind Power Projects (SECI-Tranche-XVI),Verification Required,0,,,,,Wind,1350.0,,2024-01-10,,,,Unknown,SECI,,RfS,https://www.seci.co.in/tender-details/YWN1,,Official tender page,Winner not found,C,Fresh,,Closed,0e36a56162a2,
Verification Required,2023-08-12,SECI,SECI/C&P/IPP/12/0001/23-24,RfS for 1300 MW ISTS-connected Wind Power Projects in India (SECI-Tranche-XV),Verification Required,0,,,,,Wind,1300.0,,2023-11-06,,,,Unknown,SECI,,RfS,https://www.seci.co.in/tender-details/YWJ1,,Official tender page,Winner not found,C,Fresh,,Closed,T-9bfa3225b531,
Verification Required,2023-08-12,SECI,SECI/C&P/IPP/12/0001/23-24,RfS for 1300 MW ISTS-connected Wind Power Projects in India (SECI-Tranche-XV),Verification Required,0,,,,,Wind,1300.0,,2023-11-06,,,,Unknown,SECI,,RfS,https://www.seci.co.in/tender-details/YWJ1,,Official tender page,Winner not found,C,Fresh,,Closed,9bfa3225b531,
Verification Required,,NHPC,2023_NHPC_786564_1,Selection of Wind Power Developers For Supply of 1300MW power from ISTS connected Wind Power Projects under Tariff Based Competitive Bidding (TBCB),Verification Required,0,,,,,Wind,1300.0,,,,,,Unknown,NHPC,,Tender,https://www.nhpcindia.com/welcome/tender,,Official tender page,Winner not found,D,Fresh,,Delisted,c02dda34e619,
Verification Required,2023-09-15,SECI,SECI/C&P/IPP/13/0006/23-24,RfS for 1260 MW Firm and Dispatchable Power from ISTS-connected Renewable Energy (RE) Power Projects (SECI-FDRE-IV),Verification Required,0,,,,,Round-the-Clock / CfD / Trading,1260.0,,2024-07-03,,,,Unknown,SECI,,RfS,https://www.seci.co.in/tender-details/YWJy,,Official tender page,Winner not found,C,Fresh,,Closed,T-f453c0443993,
Verification Required,2023-09-15,SECI,SECI/C&P/IPP/13/0006/23-24,RfS for 1260 MW Firm and Dispatchable Power from ISTS-connected Renewable Energy (RE) Power Projects (SECI-FDRE-IV),Verification Required,0,,,,,Unclassified,1260.0,,2024-07-03,,,,Unknown,SECI,,RfS,https://www.seci.co.in/tender-details/YWJy,,Official tender page,Winner not found,C,Fresh,,Closed,f453c0443993,
Verification Required,,NTPC,NRE-CS-5779-004(BOS)-9,"BALANCE OF SYSTEM PACKAGE FOR 1255 MW SOLAR PV PROJECT(S) AT KHAVDA RE POWER PARK, RANN OF KUTCH, GUJARAT (3*315MW+1*310MW)",Verification Required,0,,,,,Solar,1255.0,Gujarat,2022-06-22,,,,Unknown,NTPC,,Tender · NEW,https://ntpctender.ntpc.co.in/NITDetails/NITs/24537,,Official tender page,Winner not found,C,Fresh,,Closed,T-dd471025347e,
Verification Required,,NTPC,NRE-CS-5779-004(MOD-1)-9,SUPPLY OF SOLAR PV MODULES FOR 1255 MW Khavda Solar Project.,Verification Required,0,,,,,Solar,1255.0,,2024-01-05,,,,Unknown,NTPC,,Tender · NEW,https://ntpctender.ntpc.co.in/NITDetails/NITs/26085,,Official tender page,Winner not found,C,Fresh,,Closed,T-fa0955c0e46a,
Verification Required,,NTPC,RE-CS-0000-BOO-4,INVITATION FOR BIDS (IFB) FOR SELECTION OF SOLAR POWER DEVELOPERS FOR 1200 MW GRID CONNECTED SOLAR PHOTO VOLTAIC PROJECTS UNDER OPEN CATEGORY,Verification Required,0,,,,,Solar,1200.0,,2019-08-13,,,,Unknown,NTPC,,Tender · NEW,https://ntpctender.ntpc.co.in/NITDetails/NITs/19741,,Official tender page,Winner not found,C,Fresh,,Closed,T-6a5bc0145ac2,
Verification Required,,NTPC,RE-CS-0000-BOO-5,INVITATION FOR BIDS (IFB) FOR SELECTION OF SOLAR POWER DEVELOPERS FOR SETTING UP 1200 MW ISTS CONNECTED SOLAR PV POWER PROJECTS ANYWHERE IN INDIA,Verification Required,0,,,,,Solar,1200.0,,2019-09-02,,,,Unknown,NTPC,,Tender · NEW,https://ntpctender.ntpc.co.in/NITDetails/NITs/20769,,Official tender page,Winner not found,C,Fresh,,Closed,T-1e86f19373c0,
Verification Required,,NTPC,NTPC-2019-TN0000013,INVITATION FOR BIDS (IFB) FOR SELECTION OF WIND POWER DEVELOPERS FOR SETTING UP 1200 MW ISTS- CONNECTED WIND POWER PROJECTS ANYWHERE IN INDIA,Verification Required,0,,,,,Wind,1200.0,,2019-09-16,,,,Unknown,NTPC,,Tender · NEW,https://ntpctender.ntpc.co.in/NITDetails/NITs/20808,,Official tender page,Winner not found,C,Fresh,,Closed,T-95def88bd9bd,
Verification Required,,NTPC,RE-CS-0000-BOO-6,IFB FOR SELECTION OF SOLAR POWER DEVELOPERS FOR SETTING UP 1200 MW ISTS CONNECTED SOLAR PV POWER PROJECTS ANYWHERE IN INDIA,Verification Required,0,,,,,Solar,1200.0,,2020-06-22,,,,Unknown,NTPC,,Tender · NEW,https://ntpctender.ntpc.co.in/NITDetails/NITs/21370,,Official tender page,Winner not found,C,Fresh,,Closed,T-8df1f96ff222,
Verification Required,2020-01-14,SECI,SECI/C&P/HPD/T3/1200MW/RfS/012020,RfS for 1200 MW ISTS-connected Wind-Solar Hybrid Power Projects in India (Tranche-III),Verification Required,0,,,,,Wind-Solar Hybrid,1200.0,,2020-12-07,,,,Unknown,SECI,,RfS,https://www.seci.co.in/tender-details/YQ,,Official tender page,Winner not found,C,Fresh,,Closed,T-566fd0283239,
Verification Required,2020-01-14,SECI,SECI/C&P/HPD/T3/1200MW/RfS/012020,RfS for 1200 MW ISTS-connected Wind-Solar Hybrid Power Projects in India (Tranche-III),Verification Required,0,,,,,Wind-Solar Hybrid,1200.0,,2020-12-07,,,,Unknown,SECI,,On Line with e-Reverse Auction,https://www.seci.co.in/tender-details/YQ,,Official tender page,Winner not found,C,Fresh,,Closed,566fd0283239,
Verification Required,2020-12-21,SECI,SECI/C&P/WPD/1200MW/T10/RfS/122020,RfS for Selection of Wind Power Developers for Setting up of 1200 MW ISTS-connected Wind Power Projects (Tranche-X),Verification Required,0,,,,,Wind,1200.0,,2021-02-19,,,,Unknown,SECI,,RfS,https://www.seci.co.in/tender-details/Ymc,,Official tender page,Winner not found,C,Fresh,,Closed,T-378fc4a48839,
Verification Required,2020-12-21,SECI,SECI/C&P/WPD/1200MW/T10/RfS/122020,RfS for Selection of Wind Power Developers for Setting up of 1200 MW ISTS-connected Wind Power Projects (Tranche-X),Verification Required,0,,,,,Wind,1200.0,,2021-02-19,,,,Unknown,SECI,,On Line with e-Reverse Auction,https://www.seci.co.in/tender-details/Ymc,,Official tender page,Winner not found,C,Fresh,,Closed,378fc4a48839,
Verification Required,2021-05-25,SECI,SECI/C&P/WPD/1200MW/T11/RfS/052021,RfS for Selection of Wind Power Developers for Setting up of 1200 MW ISTS-connected Wind Power Projects (Tranche-XI),Verification Required,0,,,,,Wind,1200.0,,2021-07-06,,,,Unknown,SECI,,RfS,https://www.seci.co.in/tender-details/Y2E,,Official tender page,Winner not found,C,Fresh,,Closed,T-88409b177112,
Verification Required,2021-05-25,SECI,SECI/C&P/WPD/1200MW/T11/RfS/052021,RfS for Selection of Wind Power Developers for Setting up of 1200 MW ISTS-connected Wind Power Projects (Tranche-XI),Verification Required,0,,,,,Wind,1200.0,,2021-07-06,,,,Unknown,SECI,,On Line with e-Reverse Auction,https://www.seci.co.in/tender-details/Y2E,,Official tender page,Winner not found,C,Fresh,,Closed,88409b177112,
Verification Required,2021-04-15,SECI,SECI/C&P/HPD/T4/1200MW/RfS/042021,RfS for setting up of 1200 MW ISTS-Connected Wind-Solar Hybrid Power Projects (Tranche-IV),Verification Required,0,,,,,Wind-Solar Hybrid,1200.0,,2021-07-16,,,,Unknown,SECI,,RfS,https://www.seci.co.in/tender-details/Y2A,,Official tender page,Winner not found,C,Fresh,,Closed,T-530c4bbf4a68,
Verification Required,2021-04-15,SECI,SECI/C&P/HPD/T4/1200MW/RfS/042021,RfS for setting up of 1200 MW ISTS-Connected Wind-Solar Hybrid Power Projects (Tranche-IV),Verification Required,0,,,,,Wind-Solar Hybrid,1200.0,,2021-07-16,,,,Unknown,SECI,,On Line with e-Reverse Auction,https://www.seci.co.in/tender-details/Y2A,,Official tender page,Winner not found,C,Fresh,,Closed,530c4bbf4a68,
Verification Required,2021-07-14,SECI,SECI/C&P/SPD/ISTS-X/RfS/1200 MW/072021,RfS for 1200 MW ISTS-connected Solar PV Projects in Karnataka (ISTS-X),Verification Required,0,,,,,Solar,1200.0,Karnataka,2021-11-30,,,,Unknown,SECI,,RfS,https://www.seci.co.in/tender-details/Y2Q,,Official tender page,Winner not found,C,Fresh,,Closed,T-65be4f1d570f,
Verification Required,2021-07-14,SECI,SECI/C&P/SPD/ISTS-X/RfS/1200 MW/072021,RfS for 1200 MW ISTS-connected Solar PV Projects in Karnataka (ISTS-X),Verification Required,0,,,,,Solar,1200.0,Karnataka,2021-11-30,,,,Unknown,SECI,,RfS,https://www.seci.co.in/tender-details/Y2Q,,Official tender page,Winner not found,C,Fresh,,Closed,65be4f1d570f,
Verification Required,2021-10-22,SECI,SECI/C&P/IPP/12/0002/21-22,RfS for Selection of Wind Power Developers for Setting up of 1200 MW ISTS-connected Wind Power Projects (Tranche-XII),Verification Required,0,,,,,Wind,1200.0,,2021-12-02,,,,Unknown,SECI,,RfS,https://www.seci.co.in/tender-details/ZGA,,Official tender page,Winner not found,C,Fresh,,Closed,T-a99eb73812e0,
Verification Required,2021-10-22,SECI,SECI/C&P/IPP/12/0002/21-22,RfS for Selection of Wind Power Developers for Setting up of 1200 MW ISTS-connected Wind Power Projects (Tranche-XII),Verification Required,0,,,,,Wind,1200.0,,2021-12-02,,,,Unknown,SECI,,RfS,https://www.seci.co.in/tender-details/ZGA,,Official tender page,Winner not found,C,Fresh,,Closed,a99eb73812e0,
Verification Required,,NTPC,RE-CS-5772-004-9,EPC PACKAGE WITH LAND FOR DEVELOPMENT OF ISTS CONNECTED SOLAR PV PROJECTS (UP TO 1200 MW) IN KARNATAKA.,Verification Required,0,,,,,Solar,1200.0,Karnataka,2021-12-10,,,,Unknown,NTPC,,Tender · NEW,https://ntpctender.ntpc.co.in/NITDetails/NITs/23762,,Official tender page,Winner not found,C,Fresh,,Closed,T-46472d767a7b,
Verification Required,,NTPC,RE-CS-5770-004-9,EPC PACKAGE WITH LAND FOR DEVELOPMENT OF GRID CONNECTED SOLAR PV PROJECTS UPTO 1200 MW IN RAJASTHAN,Verification Required,0,,,,,Solar,1200.0,Rajasthan,2021-12-23,,,,Unknown,NTPC,,Tender · NEW,https://ntpctender.ntpc.co.in/NITDetails/NITs/23181,,Official tender page,Winner not found,C,Fresh,,Closed,T-46432bfe2d46,
Verification Required,2021-10-22,SECI,SECI/C&P/IPP/13/0003/21-22,RfS for Selection of Hybrid Power Developers for Setting up of 1200 MW ISTS-connected Wind-Solar Hybrid Power Projects (Tranche-V),Verification Required,0,,,,,Wind-Solar Hybrid,1200.0,,2022-01-04,,,,Unknown,SECI,,RfS,https://www.seci.co.in/tender-details/ZGE,,Official tender page,Winner not found,C,Fresh,,Closed,T-34925f7c8086,
Verification Required,2021-10-22,SECI,SECI/C&P/IPP/13/0003/21-22,RfS for Selection of Hybrid Power Developers for Setting up of 1200 MW ISTS-connected Wind-Solar Hybrid Power Projects (Tranche-V),Verification Required,0,,,,,Wind-Solar Hybrid,1200.0,,2022-01-04,,,,Unknown,SECI,,RfS,https://www.seci.co.in/tender-details/ZGE,,Official tender page,Winner not found,C,Fresh,,Closed,34925f7c8086,
Verification Required,2022-01-12,SECI,SECI/C&P/IPP/12/0006/21-22,RfS for Selection of Wind Power Developers for Setting up of 1200 MW ISTS-connected Wind Power Projects (Tranche-XIII),Verification Required,0,,,,,Wind,1200.0,,2022-07-04,,,,Unknown,SECI,,RfS,https://www.seci.co.in/tender-details/ZGU,,Official tender page,Winner not found,C,Fresh,,Closed,T-1b30daa21ab6,
Verification Required,2022-01-12,SECI,SECI/C&P/IPP/12/0006/21-22,RfS for Selection of Wind Power Developers for Setting up of 1200 MW ISTS-connected Wind Power Projects (Tranche-XIII),Verification Required,0,,,,,Wind,1200.0,,2022-07-04,,,,Unknown,SECI,,RfS,https://www.seci.co.in/tender-details/ZGU,,Official tender page,Winner not found,C,Fresh,,Closed,1b30daa21ab6,
Verification Required,,NTPC,NRE-CS-5779-004(BOS-2)-9,"Balance of System (BOS) Package for 1200MW Solar PV Project (S) at Khavda Re Power Park, RANN of Kutch, Gujarat (4x300MW).",Verification Required,0,,,,,Solar,1200.0,Gujarat,2022-12-29,,,,Unknown,NTPC,,Tender · NEW,https://ntpctender.ntpc.co.in/NITDetails/NITs/25109,,Official tender page,Winner not found,C,Fresh,,Closed,T-d9cb50fe38e5,
Verification Required,2022-11-02,SECI,SECI/C&P/IPP/13/0007/22-23,RfS for 1200 MW ISTS-Connected Wind-Solar Hybrid Power Projects with assured Peak Power supply in India (Tranche-VI),Verification Required,0,,,,,Wind-Solar Hybrid,1200.0,,2023-03-10,,,,Unknown,SECI,,RfS,https://www.seci.co.in/tender-details/Z2c,,Official tender page,Winner not found,C,Fresh,,Closed,T-514c36db27e7,
Verification Required,2022-11-02,SECI,SECI/C&P/IPP/13/0007/22-23,RfS for 1200 MW ISTS-Connected Wind-Solar Hybrid Power Projects with assured Peak Power supply in India (Tranche-VI),Verification Required,0,,,,,Wind-Solar Hybrid,1200.0,,2023-03-10,,,,Unknown,SECI,,RfS,https://www.seci.co.in/tender-details/Z2c,,Official tender page,Winner not found,C,Fresh,,Closed,514c36db27e7,
Verification Required,2023-02-20,SECI,SECI/C&P/IPP/12/0008/22-23,RfS for Selection of Wind Power Developers for Setting up of 1200 MW ISTS-connected Wind Power Projects (Tranche-XIV),Verification Required,0,,,,,Wind,1200.0,,2023-04-17,,,,Unknown,SECI,,RfS,https://www.seci.co.in/tender-details/aGM,,Official tender page,Winner not found,C,Fresh,,Closed,T-4f73476dad9b,
Verification Required,2023-02-20,SECI,SECI/C&P/IPP/12/0008/22-23,RfS for Selection of Wind Power Developers for Setting up of 1200 MW ISTS-connected Wind Power Projects (Tranche-XIV),Verification Required,0,,,,,Wind,1200.0,,2023-04-17,,,,Unknown,SECI,,RfS,https://www.seci.co.in/tender-details/aGM,,Official tender page,Winner not found,C,Fresh,,Closed,4f73476dad9b,
Verification Required,,NTPC,NRE-CS-5779-004(BOS-3)-9,BALANCE OF SYSTEM PACKAGE OF 1200MW (2 BLOCKS OF 1X600MW EACH) ISTS CONNECTED SOLAR ENERGY PROJECTS AT NTPC RELS 4750MW KHAVDA RE PARK – SOUTH BLOCK,Verification Required,0,,,,,Solar,1200.0,,2023-11-29,,,,Unknown,NTPC,,Tender · NEW,https://ntpctender.ntpc.co.in/NITDetails/NITs/26305,,Official tender page,Winner not found,C,Fresh,,Closed,T-a6d869a17e43,
Verification Required,,NTPC,NRE-CS-5779-004(MOD-II)-9,SUPPLY OF SOLAR PV MODULES FOR 1200 MW KHAVDA SOLAR PROJECT (NORTH BLOCK).,Verification Required,0,,,,,Solar,1200.0,,2024-04-22,,,,Unknown,NTPC,,Tender · NEW,https://ntpctender.ntpc.co.in/NITDetails/NITs/26654,,Official tender page,Winner not found,C,Fresh,,Closed,T-b84440e73807,
Verification Required,2024-02-20,SECI,SECI/C&P/IPP/13/0020/23-24,RfS for Selection of Hybrid Power Developers for Setting up of 1200 MW ISTS-connected Wind-Solar Hybrid Power Projects in India under Tariff-Based Competitive Bidding (SECI-Tranche-VIII),Verification Required,0,,,,,Wind-Solar Hybrid,1200.0,,2024-05-20,,,,Unknown,SECI,,RfS,https://www.seci.co.in/tender-details/YWB0,,Official tender page,Winner not found,C,Fresh,,Closed,T-ee3bef336d85,
Verification Required,2024-02-20,SECI,SECI/C&P/IPP/13/0020/23-24,RfS for Selection of Hybrid Power Developers for Setting up of 1200 MW ISTS-connected Wind-Solar Hybrid Power Projects in India under Tariff-Based Competitive Bidding (SECI-Tranche-VIII),Verification Required,0,,,,,Wind-Solar Hybrid,1200.0,,2024-05-20,,,,Unknown,SECI,,RfS,https://www.seci.co.in/tender-details/YWB0,,Official tender page,Winner not found,C,Fresh,,Closed,ee3bef336d85,
Verification Required,,NTPC,NRE-CS-5924-003(BOS)-9,BOS PACKAGE OF ISTS-CONNECTED WIND ENERGY PROJECT(S) OF NOMINAL CAPACITY OF 1200 MW WITH GREEN SHOE OPTION UP TO 300 MW AT ANANTAPUR IN ANDHRA PRADESH,Verification Required,0,,,,,Wind,1200.0,Andhra Pradesh,2024-06-10,,,,Unknown,NTPC,,Tender · NEW,https://ntpctender.ntpc.co.in/NITDetails/NITs/26386,,Official tender page,Winner not found,C,Fresh,,Closed,T-d8b1c91e1b1b,
Verification Required,,NTPC,NRE-CS-5925-003(BOS)-9,BOS PACKAGE OF ISTS-CONNECTED WIND ENERGY PROJECT(S) OF NOMINAL CAPACITY OF 1200 MW WITH GREEN SHOE OPTION UP TO 300 MW AT KURNOOL IN ANDHRA PRADESH,Verification Required,0,,,,,Wind,1200.0,Andhra Pradesh,2024-06-10,,,,Unknown,NTPC,,Tender · NEW,https://ntpctender.ntpc.co.in/NITDetails/NITs/26387,,Official tender page,Winner not found,C,Fresh,,Closed,T-41628f251226,
Verification Required,2024-03-16,SECI,SECI/C&P/IPP/11/0023/23-24,RfS for Setting up of 1200 MW ISTS-connected Solar PV Power Projects with 600 MW/1200 MWh Energy Storage Systems (ESS) in India under Tariff-based Competitive Bidding (SECI-ISTS-XV),Verification Required,0,,,,,Solar + Storage,1200.0,,2024-06-25,,,,Unknown,SECI,,RfS,https://www.seci.co.in/tender-details/YWF1,,Official tender page,Winner not found,C,Fresh,,Closed,T-413eb0d90421,
Verification Required,2024-03-16,SECI,SECI/C&P/IPP/11/0023/23-24,RfS for Setting up of 1200 MW ISTS-connected Solar PV Power Projects with 600 MW/1200 MWh Energy Storage Systems (ESS) in India under Tariff-based Competitive Bidding (SECI-ISTS-XV),Verification Required,0,,,,,Solar + Storage,1200.0,,2024-06-25,,,,Unknown,SECI,,RfS,https://www.seci.co.in/tender-details/YWF1,,Official tender page,Winner not found,C,Fresh,,Closed,413eb0d90421,
Verification Required,,NTPC,NTPC/RE-CS/2024-25/Solar-01,SELECTION OF SOLAR POWER GENERATORS FOR SETTING UP OF 1200 MW ISTS-CONNECTED SOLAR POWER PROJECTS ANYWHERE IN INDIA,Verification Required,0,,,,,Solar,1200.0,,2024-07-04,,,,Unknown,NTPC,,Tender · NEW,https://ntpctender.ntpc.co.in/NITDetails/NITs/27298,,Official tender page,Winner not found,C,Fresh,,Closed,T-fa15f0fd7ec5,
Verification Required,2024-05-29,SECI,SECI/C&P/IPP/11/0004/24-25,RfS for Setting up of 1200 MW ISTS-connected Solar PV Power Projects in India under Tariff-based Competitive Bidding (SECI-ISTS-XVI),Verification Required,0,,,,,Solar,1200.0,,2024-07-12,,,,Unknown,SECI,,RfS,https://www.seci.co.in/tender-details/YWF-,,Official tender page,Winner not found,C,Fresh,,Closed,T-e40707d1066e,
Verification Required,2024-05-29,SECI,SECI/C&P/IPP/11/0004/24-25,RfS for Setting up of 1200 MW ISTS-connected Solar PV Power Projects in India under Tariff-based Competitive Bidding (SECI-ISTS-XVI),Verification Required,0,,,,,Solar,1200.0,,2024-07-12,,,,Unknown,SECI,,RfS,https://www.seci.co.in/tender-details/YWF-,,Official tender page,Winner not found,C,Fresh,,Closed,e40707d1066e,
Verification Required,2024-06-30,NTPC,NTPC/RE-CS/2024-25/HYBRID-01,SELECTION OF HYBRID POWER GENERATORS FOR SUPPLY OF 1200 MW POWER FROM ISTS-CONNECTED WIND-SOLAR HYBRID POWER PROJECTS ANYWHERE IN INDIA.,Verification Required,0,,,,,Wind-Solar Hybrid,1200.0,,2024-07-23,,,,Unknown,NTPC,,Tender · NEW,https://ntpctender.ntpc.co.in/NITDetails/NITs/27368,,Official tender page,Winner not found,C,Fresh,,Closed,T-938a244d23b9,
Verification Required,2024-05-31,NTPC,NTPC/RE-CS/2024-25/FDRE-01,SELECTION OF RE POWER GENERATORS FOR SUPPLY OF 1200 MW FIRM AND DISPATCHABLE POWER (ASSURED PEAK POWER SUPPLY) FROM ISTS-CONNECTED RENEWABLE ENERGY (RE) POWER PROJECTS ANYWHERE IN INDIA ON BUILT-OWN- OPERATE BASIS.,Verification Required,0,,,,,Round-the-Clock / CfD / Trading,1200.0,,2024-08-13,,,,Unknown,NTPC,,Tender · NEW,https://ntpctender.ntpc.co.in/NITDetails/NITs/27244,,Official tender page,Winner not found,C,Fresh,,Closed,T-9fcced9ee2ad,
Verification Required,2024-08-29,NTPC,NTPC/RE-CS/2024-25/Solar-02,SELECTION OF SOLAR POWER GENERATORS FOR SETTING UP OF 1200 MW ISTS-CONNECTED SOLAR PV POWER PROJECTS ANYWHERE IN INDIA WITH GREENSHOE OPTION OF ADDITIONAL CAPACITY UPTO 600 MW.,Verification Required,0,,,,,Solar,1200.0,,2024-09-19,,,,Unknown,NTPC,,Tender · NEW,https://ntpctender.ntpc.co.in/NITDetails/NITs/27628,,Official tender page,Winner not found,C,Fresh,,Closed,T-51b3cdfe7fa3,
Verification Required,2024-08-30,NTPC,NTPC/RE-CS/2024-25/HYBRID-02,SELECTION OF HYBRID POWER GENERATORS FOR SUPPLY OF 1200 MW POWER FROM ISTS-CONNECTED WIND-SOLAR HYBRID POWER PROJECTS ANYWHERE IN INDIA WITH GREENSHOE OPTION OF ADDITIONAL CAPACITY UPTO 600 MW,Verification Required,0,,,,,Wind-Solar Hybrid,1200.0,,2024-09-30,,,,Unknown,NTPC,,Tender · NEW,https://ntpctender.ntpc.co.in/NITDetails/NITs/27631,,Official tender page,Winner not found,C,Fresh,,Closed,T-0204ef8eee9d,
Verification Required,2024-10-30,NTPC,NTPC/RE-CS/2024-25/HYBRID-03,SELECTION OF HYBRID POWER GENERATORS FOR SUPPLY OF 1200 MW POWER FROM ISTS-CONNECTED WIND-SOLAR HYBRID POWER PROJECTS ANYWHERE IN INDIA WITH GREENSHOE OPTION OF ADDITIONAL CAPACITY UPTO 600 MW (HYBRID-03),Verification Required,0,,,,,Wind-Solar Hybrid,1200.0,,2025-01-13,,,,Unknown,NTPC,,Tender · NEW,https://ntpctender.ntpc.co.in/NITDetails/NITs/27875,,Official tender page,Winner not found,C,Fresh,,Closed,T-38219992a2f2,
Verification Required,2024-12-06,NTPC,NRE-CS-5779-004(BOS-3)(R)-9,"BALANCE OF SYSTEM (BOS) PACKAGE FOR DEVELOPMENT OF 1200MW (4X300MW BLOCKS) ISTS CONNECTED SOLAR PV PROJECTS AT NTPC REL KHAVDA RE PARK-SOUTH BLOCK IN RANN OF KUTCH, GUJARAT.",Verification Required,0,,,,,Solar,1200.0,Gujarat,2025-02-28,,,,Unknown,NTPC,,Tender · NEW,https://ntpctender.ntpc.co.in/NITDetails/NITs/28020,,Official tender page,Winner not found,C,Fresh,,Closed,T-827f24023149,
Verification Required,2024-10-30,SECI,SECI/C&P/IPP/13/0019/24-25,RfS for 1200 MW RTC Power from ISTS-Connected RE Power Projects in India (SECI-RTC-IV),Verification Required,0,,,,,Round-the-Clock / CfD / Trading,1200.0,,2025-03-24,,,,Unknown,SECI,,RfS,https://www.seci.co.in/tender-details/YWVx,,Official tender page,Winner not found,C,Fresh,,Closed,T-3de381c5403a,
Verification Required,2024-10-30,SECI,SECI/C&P/IPP/13/0019/24-25,RfS for 1200 MW RTC Power from ISTS-Connected RE Power Projects in India (SECI-RTC-IV),Verification Required,0,,,,,Round-the-Clock / CfD / Trading,1200.0,,2025-03-24,,,,Unknown,SECI,,RfS,https://www.seci.co.in/tender-details/YWVx,,Official tender page,Winner not found,C,Fresh,,Closed,3de381c5403a,
Verification Required,2024-10-29,NTPC,NTPC/RE-CS/2024-25/FDRE-02,SELECTION OF RE POWER GENERATORS FOR SUPPLY OF 1200 MW FIRM AND DISPATCHABLE POWER (ASSURED PEAK POWER SUPPLY) FROM ISTS-CONNECTED RENEWABLE ENERGY (RE) POWER PROJECTS ANYWHERE IN INDIA ON BUILT-OWN-OPERATE BASIS (FDRE-02),Verification Required,0,,,,,Round-the-Clock / CfD / Trading,1200.0,,2025-04-30,,,,Unknown,NTPC,,Tender · NEW,https://ntpctender.ntpc.co.in/NITDetails/NITs/27867,,Official tender page,Winner not found,C,Fresh,,Closed,T-ba58c62d16ca,
Verification Required,2025-01-27,NTPC,RE-CS/2024-25/SOLAR-ESS-01,SELECTION OF SOLAR POWER GENERATORS FOR SETTING UP OF 1200 MW ISTS-CONNECTED SOLAR PV POWER PROJECTS WITH 600 MW / 2400 MWh (600 MW X 4 HOURS) ENERGY STORAGE SYSTEMS (ESS) ANYWHERE IN INDIA (SOLAR-ESS-01).,Verification Required,0,,,,,Solar + Storage,1200.0,,2025-06-03,,,,Unknown,NTPC,,Tender · NEW,https://ntpctender.ntpc.co.in/NITDetails/NITs/28215,,Official tender page,Winner not found,C,Fresh,,Closed,T-7e7c6ca2c346,
Verification Required,2025-08-15,NTPC,NRE-CS-5779-004(MOD-03)-9,SUPPLY OF SOLAR PV MODULES FOR 1200MW SOLAR PV PROJECTS AT NTPC REL KHAVDA RE PARK-SOUTH BLOCK IN RANN OF KUTCH GUJARAT.,Verification Required,0,,,,,Solar,1200.0,Gujarat,2025-08-21,,,,Unknown,NTPC,,Tender · NEW,https://ntpctender.ntpc.co.in/NITDetails/NITs/28948,,Official tender page,Winner not found,C,Fresh,,Closed,T-9682ae61d0a1,
Verification Required,2025-09-30,SECI,SECI/C&P/IPP/13/0012/25-26,RfS for assured Peak supply of 4800 MWh (1200 MW x 4 Hrs.) from ISTS-Connected RE Power Projects in India (SECI-FDRE-VII),Verification Required,0,,,,,Round-the-Clock / CfD / Trading,1200.0,,2026-01-07,,,,Unknown,SECI,,RfS,https://www.seci.co.in/tender-details/YmB2,,Official tender page,Winner not found,C,Fresh,,Closed,T-c6f7d896cb3e,
Verification Required,2025-09-30,SECI,SECI/C&P/IPP/13/0012/25-26,RfS for assured Peak supply of 4800 MWh (1200 MW x 4 Hrs.) from ISTS-Connected RE Power Projects in India (SECI-FDRE-VII),Verification Required,0,,,,,Round-the-Clock / CfD / Trading,1200.0,,2026-01-07,,,,Unknown,SECI,,RfS,https://www.seci.co.in/tender-details/YmB2,,Official tender page,Winner not found,C,Fresh,,Closed,c6f7d896cb3e,
Verification Required,,NTPC,NRE-CS-5779-004(MOD-03)-9R,SUPPLY OF SOLAR PV MODULES FOR 1200MW SOLAR PV PROJECTS AT NTPC REL KHAVDA RE PARK-SOUTH BLOCK IN RANN OF KUTCH GUJARAT,Verification Required,0,,,,,Solar,1200.0,Gujarat,2026-05-16,,,,Unknown,NTPC,,Tender · NEW,https://ntpctender.ntpc.co.in/NITDetails/NITs/29834,,Official tender page,Winner not found,C,Fresh,,Closed,T-83e79713fd9c,
Verification Required,2026-05-04,NTPC,NRE-CS-5802-004(BOS)-9,"BALANCE OF SYSTEM (BOS) PACKAGE FOR DEVELOPMENT OF 1200MW (2x450MW+1x300MW) GRID CONNECTED SOLAR PV PROJECTS AT ANANTAPUR, ANDHRA PRADESH",Verification Required,0,,,,,Solar,1200.0,Andhra Pradesh,2026-05-22,,,,Unknown,NTPC,,Tender · NEW,https://ntpctender.ntpc.co.in/NITDetails/NITs/29791,,Official tender page,Winner not found,C,Fresh,,Closed,T-e4c4957f12b0,
Verification Required,,NHPC,2026_NHPC_913847_1,"Development of Transmission Line (400kV) 80kM approx. as per General Technical Specifications for evacuation of Power generated from 1200 MW Solar Power park in District Jalaun, Uttar Pradesh”",Verification Required,0,,,,,Transmission / Evacuation,1200.0,Uttar Pradesh,,,,,Unknown,NHPC,,Tender,https://www.nhpcindia.com/welcome/tender,,Official tender page,Winner not found,D,Fresh,,Delisted,5be10cfa72c0,
Verification Required,,NHPC,NH/Conts(EnM)-II/CO-208/BSUL/PR/JSP/2026-27,"Electrical Infrastructure Works for evacuation of Power generated from 1200 MW Solar Power park in District Jalaun, Uttar Pradesh” (03 Nos. Pooling Substation (33/400 KV)",Verification Required,0,,,,,Transmission / Evacuation,1200.0,Uttar Pradesh,,,,,Unknown,NHPC,,Tender,https://www.nhpcindia.com/welcome/tender,,Official tender page,Winner not found,D,Fresh,,Delisted,6b90ca42a78e,
Verification Required,,NHPC,2026_NHPC_894115_1,Development of Power Evacuation Infrastructure for 1200MW Jalaun Solar Park,Verification Required,0,,,,,Transmission / Evacuation,1200.0,,,,,,Unknown,NHPC,,Tender,https://www.nhpcindia.com/welcome/tender,,Official tender page,Winner not found,D,Fresh,,Delisted,cbca2cca5074,
Verification Required,,NHPC,2025_NHPC_849707_1,Selection of Solar Power Generators For Setting up of 1200 MW ISTS Connected Solar Power Projects with 600MW/2400MWh ESS on anywhere in India basis under TBCB with Green Shoe Option,Verification Required,0,,,,,Solar,1200.0,,,,,,Unknown,NHPC,,Tender,https://www.nhpcindia.com/welcome/tender,,Official tender page,Winner not found,D,Fresh,,Delisted,c1b602cd0571,
Verification Required,,NHPC,NH/CCW/CC-I/CO-367/BSUL /PR/JSP/2024-25/383,"EPC Work of Construction of Package-3: Solar Park Common Infrastructure of Security Buildings, Civil Works (Administrative Buildings, Canteen Building, Guest House &amp;amp;amp;amp;amp;amp;amp;amp;amp;amp; Other common facilities) of Solar Power Park for the development of 1200 MW Solar Power Park under UMPPRE at Madhogarh, District: Jalaun, Uttar Pradesh",Verification Required,0,,,,,Solar,1200.0,Uttar Pradesh,,,,,Unknown,NHPC,,Tender,https://www.nhpcindia.com/welcome/tender,,Official tender page,Winner not found,D,Fresh,,Delisted,4d1d6d9ecf1a,
Verification Required,,NHPC,2024_NHPC_835426_1,Selection of Hybrid Power Developers For Supply of 1200MW (1.2 GW) ISTS (Inter State Transmission System) Connected Wind-Solar Hybrid Power Projects,Verification Required,0,,,,,Wind-Solar Hybrid,1200.0,,,,,,Unknown,NHPC,,Tender,https://www.nhpcindia.com/welcome/tender,,Official tender page,Winner not found,D,Fresh,,Delisted,d8b29669779a,
Verification Required,,NHPC,2024_NHPC_825552_1,Selection of Solar Power Generators For Setting up of 1200 MW ISTS Connected Solar Power Projects on anywhere in India basis under TBCB with Green Shoe Option (NH PC-Tranche-IX-Solar (2024-25)),Verification Required,0,,,,,Solar,1200.0,,,,,,Unknown,NHPC,,Tender,https://www.nhpcindia.com/welcome/tender,,Official tender page,Winner not found,D,Fresh,,Delisted,00b49622b677,
Verification Required,,NHPC,2024_NHPC_813414 _1,Selection of RE Power Developers For Supply of 1200MW Firm & Dispatchable power (Assured Peak Power Supply) from ISTS connected Renewable Energy Power Projects coupled with Energy Storage System (ESS) on ‘anywhere in India’ basis under TBCB with “GREENSHOE OPTION,Verification Required,0,,,,,Energy Storage (BESS),1200.0,,,,,,Unknown,NHPC,,Tender,https://www.nhpcindia.com/welcome/tender,,Official tender page,Winner not found,D,Fresh,,Delisted,98dfe946113f,
Verification Required,,NHPC,2024_NHPC_809331_1,Selection of Solar Power Generators For Setting up of 1200 MW (1.2 GW) ISTS Connected Solar Power Projects on anywhere in India basis under TBCB,Verification Required,0,,,,,Solar,1200.0,,,,,,Unknown,NHPC,,Tender,https://www.nhpcindia.com/welcome/tender,,Official tender page,Winner not found,D,Fresh,,Delisted,922bf2d72cf9,
Verification Required,,NHPC,2024_NHPC_800202_1,Selection of RE Power Developers For Supply of 1200MW ‘Firm & Dispatchable’ power from ISTS connected (TBCB) - Tranche-II,Verification Required,0,,,,,Unclassified,1200.0,,,,,,Unknown,NHPC,,Tender,https://www.nhpcindia.com/welcome/tender,,Official tender page,Winner not found,D,Fresh,,Delisted,1f18ada152ec,
Verification Required,,NHPC,2024_NHPC_ 789236_1,Supply of 1200MW power from ISTS connected Wind Power Projects under Tariff Based Competitive Bidding (TBCB),Verification Required,0,,,,,Wind,1200.0,,,,,,Unknown,NHPC,,Tender,https://www.nhpcindia.com/welcome/tender,,Official tender page,Winner not found,D,Fresh,,Delisted,32ef02cfec89,
Verification Required,,NTPC,NRE-CS-5922-003(BOS)-9,BALANCE OF SYSTEM PACKAGE OF ISTS-CONNECTED WIND ENERGY PROJECT WITH NOMINAL CAPACITY OF 1110 MW ANYWHERE IN GUJARAT (TRANCHE-II),Verification Required,0,,,,,Wind,1110.0,Gujarat,2024-06-10,,,,Unknown,NTPC,,Tender · NEW,https://ntpctender.ntpc.co.in/NITDetails/NITs/26385,,Official tender page,Winner not found,C,Fresh,,Closed,T-a6afd9a41121,
Verification Required,2024-04-22,NTPC,NRE-CS-5927-003(BOS)-9,"BALANCE OF SYSTEM PACKAGE OF ISTSCONNECTED WIND ENERGY PROJECT WITH NOMINAL CAPACITY OF 1110 MW IN BIJAPUR REGION, KARNATAKA (TRANCHE-II).",Verification Required,0,,,,,Wind,1110.0,Karnataka,2024-10-30,,,,Unknown,NTPC,,Tender · NEW,https://ntpctender.ntpc.co.in/NITDetails/NITs/27028,,Official tender page,Winner not found,C,Fresh,,Closed,T-8c237e5a6b6e,
Verification Required,,NTPC,NRE-CS-5923-003(BOS)-9,BALANCE OF SYSTEM PACKAGE OF ISTS CONNECTED WIND ENERGY PROJECT WITH NOMINAL CAPACITY OF 1080 MW (400 FOOTPRINTS) IN KARNATAKA (III).,Verification Required,0,,,,,Wind,1080.0,Karnataka,2024-01-18,,,,Unknown,NTPC,,Tender · NEW,https://ntpctender.ntpc.co.in/NITDetails/NITs/26321,,Official tender page,Winner not found,C,Fresh,,Closed,T-e128d39d5c9d,
Verification Required,,NTPC,RE-CS-5764-004-9,EPC WITH LAND FOR DEVELOPMENT OF SOLAR PV PROJECTS(Up to 1070 MW) IN RAJASTHAN.,Verification Required,0,,,,,Solar,1070.0,Rajasthan,2020-08-31,,,,Unknown,NTPC,,Tender · NEW,https://ntpctender.ntpc.co.in/NITDetails/NITs/22217,,Official tender page,Winner not found,C,Fresh,,Closed,T-a5253de27e74,
Verification Required,2020-07-16,SECI,SECI/C&P/SPD/RfS/RJ-III/072020,RfS for Setting up of 1070 MW Grid-Connected Solar PV Power projects in Rajasthan (Tranche-III),Verification Required,0,,,,,Solar,1070.0,Rajasthan,2020-10-28,,,,Unknown,SECI,,RfS,https://www.seci.co.in/tender-details/YWo,,Official tender page,Winner not found,C,Fresh,,Closed,T-998e9b3ae144,
Verification Required,2020-07-16,SECI,SECI/C&P/SPD/RfS/RJ-III/072020,RfS for Setting up of 1070 MW Grid-Connected Solar PV Power projects in Rajasthan (Tranche-III),Verification Required,0,,,,,Solar,1070.0,Rajasthan,2020-10-28,,,,Unknown,SECI,,On Line with e-Reverse Auction,https://www.seci.co.in/tender-details/YWo,,Official tender page,Winner not found,C,Fresh,,Closed,998e9b3ae144,
Verification Required,,NTPC,RE-CS-0000-POP-1,IFB FOR Purchase of Power from existing Solar PV Power Plants and Wind Power Plants upto Cumulative Capacity of 1000 MW,Verification Required,0,,,,,Solar,1000.0,,2019-01-22,,,,Unknown,NTPC,,Tender · NEW,https://ntpctender.ntpc.co.in/NITDetails/NITs/19798,,Official tender page,Winner not found,C,Fresh,,Closed,T-8302af7c3e94,
Verification Required,,NTPC,NTPC-2019-TN000003,INVITATION FOR BIDS (IFB) FOR DEVELOPMENT OF GRID CONNECTED SOLAR PV PROJECT(S) (UPTO 1000MW CAPACITY) UNDER CPSU SCHEME PHASE-II (TRANCHE-I),Verification Required,0,,,,,Solar,1000.0,,2019-07-16,,,,Unknown,NTPC,,Tender · NEW,https://ntpctender.ntpc.co.in/NITDetails/NITs/20594,,Official tender page,Winner not found,C,Fresh,,Closed,T-d8ea428e3ff7,
Verification Required,,NTPC,RE-CS-0000-CPSU-1,IFB For Request for Selection of End Users (Government Entities / CPSUs / State PSUs) for Supply of Power from 1000 MW Grid Connected Solar PV Power Projects under DCR Category as per CPSU Scheme Phase II.,Verification Required,0,,,,,Solar,1000.0,,2019-09-05,,,,Unknown,NTPC,,RfS · NEW,https://ntpctender.ntpc.co.in/NITDetails/NITs/20581,,Official tender page,Winner not found,C,Fresh,,Closed,T-934aef4f77f1,
Verification Required,,NTPC,RE-CS-5756-004-9,INVITATION FOR BIDS (IFB) FOR DEVELOPMENT OF GRID CONNECTED SOLAR PV PROJECT(S) (UPTO 1000MW CAPACITY) UNDER DBDT SCHEME,Verification Required,0,,,,,Solar,1000.0,,2019-11-20,,,,Unknown,NTPC,,Tender · NEW,https://ntpctender.ntpc.co.in/NITDetails/NITs/20970,,Official tender page,Winner not found,C,Fresh,,Closed,T-53f7c46ff920,
Verification Required,,NTPC,RE-CS-0000-BOO-8,Selection of Solar Power Developers for Setting up 1000 MW ISTS - Connected Solar PV Power Projects Anywhere in India,Verification Required,0,,,,,Solar,1000.0,,2022-02-25,,,,Unknown,NTPC,,Tender · NEW,https://ntpctender.ntpc.co.in/NITDetails/NITs/23172,,Official tender page,Winner not found,C,Fresh,,Closed,T-8e3a545ed34a,
Verification Required,,NTPC,NRE-CS-5774-004-9,BALANCE OF SYSTEM PACKAGE WITH LAND FOR ISTS CONNECTED SOLAR PROJECTS (UPTO 1000MW) ANYWHERE IN INDIA.,Verification Required,0,,,,,Solar,1000.0,,2022-07-18,,,,Unknown,NTPC,,Tender · NEW,https://ntpctender.ntpc.co.in/NITDetails/NITs/23888,,Official tender page,Winner not found,C,Fresh,,Closed,T-3b2c0083bc35,
Verification Required,,NTPC,NRE-CS-5784-004(BOS)-9,BALANCE OF SYETEM PACKAGE WITH LAND FOR ISTS CONNECTED SOLAR PROJECTS (UPTO 1000MW) ANYWHERE IN INDIA EXCEPT RAJASTHAN WITH GREEN SHOE OPTIONFOR ADDITIONAL 500 MW,Verification Required,0,,,,,Solar,1000.0,Rajasthan,2023-03-22,,,,Unknown,NTPC,,Tender · NEW,https://ntpctender.ntpc.co.in/NITDetails/NITs/25311,,Official tender page,Winner not found,C,Fresh,,Closed,T-d2ce9785cfa0,
Verification Required,,NTPC,NRE-CS-5920-003(BOS)-9,Balance of System Package of ISTS-Connected Wind Energy Project with Nominal Capacity of 1000 MW Anywhere in Karnataka.,Verification Required,0,,,,,Wind,1000.0,Karnataka,2023-03-23,,,,Unknown,NTPC,,Tender · NEW,https://ntpctender.ntpc.co.in/NITDetails/NITs/25068,,Official tender page,Winner not found,C,Fresh,,Closed,T-d43b73fc9626,
Verification Required,,NTPC,NRE-CS-5921-003(BOS)-9,Balance of System Package of ISTS-Connected Wind Energy Project with Nominal Capacity of 1000 MW Anywhere in Gujarat,Verification Required,0,,,,,Wind,1000.0,Gujarat,2023-05-26,,,,Unknown,NTPC,,Tender · NEW,https://ntpctender.ntpc.co.in/NITDetails/NITs/25291,,Official tender page,Winner not found,C,Fresh,,Closed,T-7ac04f44b40a,
Verification Required,2023-07-17,SECI,SECI/C&P/OP/11/008/2023-24,"Tender for Manufacturing, Testing, Packing and Forwarding, Supply and Transportation of 1000 MWp domestically manufactured Solar PV Modules with domestically manufactured Solar Cells.",Verification Required,0,,,,,Solar,1000.0,,2023-10-18,,,,Unknown,SECI,,Tender,https://www.seci.co.in/tender-details/aWs,,Official tender page,Winner not found,C,Fresh,,Closed,T-17e94642395f,
Verification Required,2023-07-17,SECI,SECI/C&P/OP/11/008/2023-24,"Tender for Manufacturing, Testing, Packing and Forwarding, Supply and Transportation of 1000 MWp domestically manufactured Solar PV Modules with domestically manufactured Solar Cells.",Verification Required,0,,,,,Solar,1000.0,,2023-10-18,,,,Unknown,SECI,,Tender,https://www.seci.co.in/tender-details/aWs,,Official tender page,Winner not found,C,Fresh,,Closed,17e94642395f,
Verification Required,2023-10-13,SECI,SECI/C&P/IPP/11/0007/23-24,RfS for Selection of Solar Power Developers for Setting up of 1000 MW ISTS-connected Solar PV Power Projects in India under Tariff-Based Competitive Bidding (SECI-ISTS-XII),Verification Required,0,,,,,Solar,1000.0,,2023-11-30,,,,Unknown,SECI,,RfS,https://www.seci.co.in/tender-details/YWJw,,Official tender page,Winner not found,C,Fresh,,Closed,T-29a64a92b584,
Verification Required,2023-10-13,SECI,SECI/C&P/IPP/11/0007/23-24,RfS for Selection of Solar Power Developers for Setting up of 1000 MW ISTS-connected Solar PV Power Projects in India under Tariff-Based Competitive Bidding (SECI-ISTS-XII),Verification Required,0,,,,,Solar,1000.0,,2023-11-30,,,,Unknown,SECI,,RfS,https://www.seci.co.in/tender-details/YWJw,,Official tender page,Winner not found,C,Fresh,,Closed,29a64a92b584,
Verification Required,,NTPC,NTPC/RE-CS/2023-24/Wind/BOO-11,SELECTION OF WIND POWER GENERATORS FOR SUPPLY OF 1000 MW POWER FROM ISTS-CONNECTED WIND POWER PROJECTS ANYWHERE IN INDIA(NTPCTRANCHE- III).,Verification Required,0,,,,,Wind,1000.0,,2023-12-15,,,,Unknown,NTPC,,Tender · NEW,https://ntpctender.ntpc.co.in/NITDetails/NITs/26283,,Official tender page,Winner not found,C,Fresh,,Closed,T-ee8a6c0a850c,
Verification Required,,NTPC,NTPC/RE-CS/2023-24/Hybrid/BOO-15,SELECTION OF HYBRID POWER GENERATORS FOR SUPPLY OF 1000 MW POWER FROM ISTS-CONNECTED WIND-SOLAR HYBRID POWER PROJECTS ANYWHERE IN INDIA (NTPC-TRANCHE-V).,Verification Required,0,,,,,Wind-Solar Hybrid,1000.0,,2024-02-13,,,,Unknown,NTPC,,Tender · NEW,https://ntpctender.ntpc.co.in/NITDetails/NITs/26719,,Official tender page,Winner not found,C,Fresh,,Closed,T-e9bef878a764,
Verification Required,,NTPC,NRE-CS-5921-003(WTG)-9,SUPPLY AND INSTALLATION OF WIND TURBINE GENERATORS FOR ISTS-CONNECTED WIND ENERGY PROJECT WITH NOMINAL CAPACITY OF 1000 MW IN GUJARAT (UP TO 370 WTG).,Verification Required,0,,,,,Wind,1000.0,Gujarat,2024-03-15,,,,Unknown,NTPC,,Tender · NEW,https://ntpctender.ntpc.co.in/NITDetails/NITs/26325,,Official tender page,Winner not found,C,Fresh,,Closed,T-6b23ce616d0d,
Verification Required,,NTPC,NTPC/RE-CS/2023-24/Hybrid/BOO-17,SELECTION OF HYBRID POWER GENERATORS FOR SUPPLY OF 1000 MW POWER FROM ISTS-CONNECTED WIND-SOLAR HYBRID POWER PROJECTS ANYWHERE IN INDIA (NTPC-TRANCHE-VI).,Verification Required,0,,,,,Wind-Solar Hybrid,1000.0,,2024-04-03,,,,Unknown,NTPC,,Tender · NEW,https://ntpctender.ntpc.co.in/NITDetails/NITs/26883,,Official tender page,Winner not found,C,Fresh,,Closed,T-4abb573623bc,
Verification Required,,NTPC,NRE-CS-5792-004(L)-9,"LAND & EHV TRANSMISSION SYSTEM PACKAGE FOR DEVELOPMENT OF ISTS CONNECTED SOLAR PV PROJECTS (UPTO 1GW) IN BHUJ REGION, GUJARAT.",Verification Required,0,,,,,Solar,1000.0,Gujarat,2024-05-15,,,,Unknown,NTPC,,Tender · NEW,https://ntpctender.ntpc.co.in/NITDetails/NITs/26279,,Official tender page,Winner not found,C,Fresh,,Closed,T-4c0bc9bc2bcc,
Verification Required,,NTPC,NRE-CS-5926-003(BOS)-9,Balance of System Package of ISTS-Connected Wind Energy Project with Nominal Capacity 1000 MW at Solapur in Maharashtra.,Verification Required,0,,,,,Wind,1000.0,Maharashtra,2024-06-10,,,,Unknown,NTPC,,Tender · NEW,https://ntpctender.ntpc.co.in/NITDetails/NITs/26727,,Official tender page,Winner not found,C,Fresh,,Closed,T-f061c94e7fed,
Verification Required,2024-06-26,SECI,SECI/C&P/IPP/15/0009/24-25,RfS for setting up of 1000 MW/2000 MWh Standalone Battery Energy Storage Systems in India (ESS-2),Verification Required,0,,,,,Energy Storage (BESS),1000.0,,2024-08-12,,,,Unknown,SECI,,RfS,https://www.seci.co.in/tender-details/YWZy,,Official tender page,Winner not found,C,Fresh,,Closed,T-381510c59735,
Verification Required,2024-06-26,SECI,SECI/C&P/IPP/15/0009/24-25,RfS for setting up of 1000 MW/2000 MWh Standalone Battery Energy Storage Systems in India (ESS-2),Verification Required,0,,,,,Energy Storage (BESS),1000.0,,2024-08-12,,,,Unknown,SECI,,RfS,https://www.seci.co.in/tender-details/YWZy,,Official tender page,Winner not found,C,Fresh,,Closed,381510c59735,
Verification Required,2023-11-28,SECI,SECI/C&P/IPP/13/0014/23-24,RfS for 1000 MW Firm and Dispatchable Power from ISTS-connected RE Power Projects (SECI-FDRE-V),Verification Required,0,,,,,Round-the-Clock / CfD / Trading,1000.0,,2024-09-23,,,,Unknown,SECI,,RfS,https://www.seci.co.in/tender-details/YWN2,,Official tender page,Winner not found,C,Fresh,,Closed,T-df2c1b9c49af,
Verification Required,2023-11-28,SECI,SECI/C&P/IPP/13/0014/23-24,RfS for 1000 MW Firm and Dispatchable Power from ISTS-connected RE Power Projects (SECI-FDRE-V),Verification Required,0,,,,,Unclassified,1000.0,,2024-09-23,,,,Unknown,SECI,,RfS,https://www.seci.co.in/tender-details/YWN2,,Official tender page,Winner not found,C,Fresh,,Closed,df2c1b9c49af,
Verification Required,2024-06-14,NTPC,NRE-CS-5928-003(BOS)-9,"BALANCE OF SYSTEM PACKAGE OF ISTS-CONNECTED WIND ENERGY PROJECT WITH NOMINAL CAPACITY OF 1000 MW IN DAVANGERE REGION, KARNATAKA (TRANCHE-IV).",Verification Required,0,,,,,Wind,1000.0,Karnataka,2024-10-17,,,,Unknown,NTPC,,Tender · NEW,https://ntpctender.ntpc.co.in/NITDetails/NITs/27286,,Official tender page,Winner not found,C,Fresh,,Closed,T-a2513de3848b,
Verification Required,2024-09-12,SECI,SECI/C&P/IPP/11/0014/24-25,RfS for 1000 MW ISTS-Connected Solar PV Power Projects in India (SECI-ISTS-XVIII),Verification Required,0,,,,,Solar,1000.0,,2024-11-14,,,,Unknown,SECI,,RfS,https://www.seci.co.in/tender-details/YWV2,,Official tender page,Winner not found,C,Fresh,,Closed,T-300074d526a5,
Verification Required,2024-09-12,SECI,SECI/C&P/IPP/11/0014/24-25,RfS for 1000 MW ISTS-Connected Solar PV Power Projects in India (SECI-ISTS-XVIII),Verification Required,0,,,,,Solar,1000.0,,2024-11-14,,,,Unknown,SECI,,RfS,https://www.seci.co.in/tender-details/YWV2,,Official tender page,Winner not found,C,Fresh,,Closed,300074d526a5,
Verification Required,2024-08-07,NTPC,NRE-CS-5816-004(L)-9,"Land and Power Evacuation Package for Development of 1000 MW ISTS connected Solar PV Projects in Mandsaur Region, Madhya Pradesh.",Verification Required,0,,,,,Transmission / Evacuation,1000.0,Madhya Pradesh,2024-11-25,,,,Unknown,NTPC,,Tender · NEW,https://ntpctender.ntpc.co.in/NITDetails/NITs/27535,,Official tender page,Winner not found,C,Fresh,,Closed,T-8179cd8549d7,
Verification Required,2024-06-14,NTPC,NRE-CS-5929-003(BOS)-9,"BALANCE OF SYSTEM PACKAGE OF ISTS-CONNECTED WIND ENERGY PROJECT WITH NOMINAL CAPACITY OF 1000 MW IN BELLARY REGION, KARNATAKA (TRANCHE-V).",Verification Required,0,,,,,Wind,1000.0,Karnataka,2024-11-28,,,,Unknown,NTPC,,Tender · NEW,https://ntpctender.ntpc.co.in/NITDetails/NITs/27285,,Official tender page,Winner not found,C,Fresh,,Closed,T-3e1d4bf10fb0,
Verification Required,2024-09-25,NTPC,NRE-CS-5819-004(L)-9,"Land and Power Evacuation Package for Development of 1000 MW ISTS connected Solar PV Projects in Bidar Region, Karnataka.",Verification Required,0,,,,,Transmission / Evacuation,1000.0,Karnataka,2024-12-11,,,,Unknown,NTPC,,Tender · NEW,https://ntpctender.ntpc.co.in/NITDetails/NITs/27737,,Official tender page,Winner not found,C,Fresh,,Closed,T-af82b00da7ef,
Verification Required,2025-04-09,NTPC,NRE-CS-5800-004(BOS1)-9,"BALANCE OF SYSTEM (BOS) PACKAGE FOR DEVELOPMENT OF 1000MW (2x300MW+2x200MW) GRID CONNECTED SOLAR PV PROJECTS AT BIKANER, RAJASTHAN",Verification Required,0,,,,,Solar,1000.0,Rajasthan,2025-05-02,,,,Unknown,NTPC,,Tender · NEW,https://ntpctender.ntpc.co.in/NITDetails/NITs/28481,,Official tender page,Winner not found,C,Fresh,,Closed,T-498e678c02ce,
Verification Required,2025-07-31,NTPC,NRE-CS-5822-004(MOD-1)-9,SUPPLY OF SOLAR PV MODULES FOR 1000MW SOLAR PV PROJECTS IN LALITPUR AND CHITRAKOOT IN U.P.,Verification Required,0,,,,,Solar,1000.0,,2025-08-16,,,,Unknown,NTPC,,Tender · NEW,https://ntpctender.ntpc.co.in/NITDetails/NITs/28887,,Official tender page,Winner not found,C,Fresh,,Closed,T-b4b747f33715,
Verification Required,2026-04-10,NTPC,NRE-CS-5822-004(MOD-1)-9R,SUPPLY OF SOLAR PV MODULES FOR 1000MW SOLAR PV PROJECTS IN LALITPUR AND CHITRAKOOT IN U.P.,Verification Required,0,,,,,Solar,1000.0,,2026-04-15,,,,Unknown,NTPC,,Tender · NEW,https://ntpctender.ntpc.co.in/NITDetails/NITs/29715,,Official tender page,Winner not found,C,Fresh,,Closed,T-856355d4d037,
Verification Required,2025-12-26,SECI,SECI/C&P/IPP/13/0016/25-26,RfS for Supply of 1000 MW Excess Power from RE Projects having Existing PPA (SECI-FDRE-VIII),Verification Required,0,,,,,Round-the-Clock / CfD / Trading,1000.0,,2026-07-02,,,,Unknown,SECI,,RfS,https://www.seci.co.in/tender-details/YmB-,,Official tender page,Winner not found,C,Fresh,,Closed,T-b26738cc40d9,
Verification Required,2025-12-26,SECI,SECI/C&P/IPP/13/0016/25-26,RfS for Supply of 1000 MW Excess Power from RE Projects having Existing PPA (SECI-FDRE-VIII),Verification Required,0,,,,,Unclassified,1000.0,,2026-07-02,,,,Unknown,SECI,,RfS,https://www.seci.co.in/tender-details/YmB-,,Official tender page,Winner not found,C,Fresh,,Closed,b26738cc40d9,
Verification Required,2026-03-10,SECI,SECI/C&P/IPP/13/0020/25-26,RfS for Supply of 1000 MW Firm and Dispatchable Renewable Energy Round-the-Clock (FDRE-RTC) Power from ISTS-Connected RE Power Projects in India (SECI-FDRE-RTC-V),Verification Required,0,,,,,Round-the-Clock / CfD / Trading,1000.0,,2026-07-20,,,,Unknown,SECI,,RfS,https://www.seci.co.in/tender-details/YmZ3,,Official tender page,Winner not found,C,Fresh,,Closed,T-a5b691e0a9cb,
Verification Required,2026-03-10,SECI,SECI/C&P/IPP/13/0020/25-26,RfS for Supply of 1000 MW Firm and Dispatchable Renewable Energy Round-the-Clock (FDRE-RTC) Power from ISTS-Connected RE Power Projects in India (SECI-FDRE-RTC-V),Verification Required,0,,,,,Round-the-Clock / CfD / Trading,1000.0,,2026-07-20,,,,Unknown,SECI,,RfS,https://www.seci.co.in/tender-details/YmZ3,,Official tender page,Winner not found,C,Fresh,,Closed,a5b691e0a9cb,
Verification Required,,NHPC,GEM/2025/B/7031760,Hiring of Environmental Consultant for carrying out EIA/EMP studies in respect of Pumped Storage Project Masinta 1000 MW(Odisha),Verification Required,0,,,,,Pumped Storage,1000.0,Odisha,,,,,Unknown,NHPC,,Tender,https://www.nhpcindia.com/welcome/tender,,Official tender page,Winner not found,D,Fresh,,Delisted,179d9dc57eba,
Verification Required,,NHPC,NH/PSP/Masinta/PR16925/22/01,"Exploratory Drilling for nineteen holes of 1165 m depth for Masinta Pumped Storage Project (1000 MW), Odisha",Verification Required,0,,,,,Pumped Storage,1000.0,Odisha,,,,,Unknown,NHPC,,Tender,https://www.nhpcindia.com/welcome/tender,,Official tender page,Winner not found,D,Fresh,,Delisted,5d701b20467b,
Verification Required,2024-07-02,NTPC,NRE-CS-5923-003(WTG)-9,SUPPLY AND INSTALLATION IF WIND TURBINE GENERATORS (WTG) FOR ISTS-CONNECTED WIND ENERGY PROJECT WITH NOMINAL CAPACITY OF 960 MW (320 WTG) IN KARNATAKA (TRIII).,Verification Required,0,,,,,Wind,960.0,Karnataka,2024-12-24,,,,Unknown,NTPC,,Tender · NEW,https://ntpctender.ntpc.co.in/NITDetails/NITs/27376,,Official tender page,Winner not found,C,Fresh,,Closed,T-e15ec74b87d3,
Verification Required,,NTPC,RE-CS-5759-004-9,IFB FOR DEVELOPMENT OF GRID CONNECTED SOLAR PV PROJECT(S) (UPTO 923 MW CAPACITY) UNDER CPSU SCHEME PHASE-II (TRANCHE-II),Verification Required,0,,,,,Solar,923.0,,2020-01-19,,,,Unknown,NTPC,,Tender · NEW,https://ntpctender.ntpc.co.in/NITDetails/NITs/21141,,Official tender page,Winner not found,C,Fresh,,Closed,T-68938593bd6b,
Verification Required,2024-02-20,SECI,SECI/C&P/OP/11/012/2023-24,"Tender for Manufacturing, Testing, Packing and Forwarding, Supply and Transportation of 900 MWp domestically manufactured Solar PV Modules with domestically manufactured Solar Cells.",Verification Required,0,,,,,Solar,900.0,,2024-05-10,,,,Unknown,SECI,,Tender,https://www.seci.co.in/tender-details/YWBy,,Official tender page,Winner not found,C,Fresh,,Closed,T-58f62315c7cc,
Verification Required,2024-02-20,SECI,SECI/C&P/OP/11/012/2023-24,"Tender for Manufacturing, Testing, Packing and Forwarding, Supply and Transportation of 900 MWp domestically manufactured Solar PV Modules with domestically manufactured Solar Cells.",Verification Required,0,,,,,Solar,900.0,,2024-05-10,,,,Unknown,SECI,,Tender,https://www.seci.co.in/tender-details/YWBy,,Official tender page,Winner not found,C,Fresh,,Closed,58f62315c7cc,
Verification Required,,NTPC,NRE-CS-5803-004(L)-9,"LAND AND POWER EVACUATION PACKAGE FOR DEVELOPMENT OF 900MW ISTS CONNECTED SOLAR PV PROJECTS IN KURNOOL, ANDHRA PRADESH WITH GREEN SHOE OPTION OF 300MW.",Verification Required,0,,,,,Transmission / Evacuation,900.0,Andhra Pradesh,2024-05-14,,,,Unknown,NTPC,,Tender · NEW,https://ntpctender.ntpc.co.in/NITDetails/NITs/26330,,Official tender page,Winner not found,C,Fresh,,Closed,T-63834397be78,
Verification Required,,NTPC,NRE-CS-5802-004(L)-9,"LAND AND POWER EVACUATION PACKAGE FOR DEVELOPMENT OF 900MW ISTS CONNECTED SOLAR PV PROJECTS IN ANANTAPUR, ANDHRA PRADESH WITH GREEN SHOE OPTION OF 300MW.",Verification Required,0,,,,,Transmission / Evacuation,900.0,Andhra Pradesh,2024-05-14,,,,Unknown,NTPC,,Tender · NEW,https://ntpctender.ntpc.co.in/NITDetails/NITs/26328,,Official tender page,Winner not found,C,Fresh,,Closed,T-2cf071482f93,
Verification Required,2024-05-02,NTPC,NRE-CS-5810-004(L)-9,Land and Power Evacuation Package for Development of 900 MW ISTS connected Solar Power Project in Neemuch Region of Madhya Pradesh.,Verification Required,0,,,,,Transmission / Evacuation,900.0,Madhya Pradesh,2024-07-29,,,,Unknown,NTPC,,Tender · NEW,https://ntpctender.ntpc.co.in/NITDetails/NITs/27078,,Official tender page,Winner not found,C,Fresh,,Closed,T-6975a7a5eaec,
Verification Required,2025-03-27,NTPC,NRE-CS-5787-004(BOS1)-9,"BALANCE OF SYSTEM PACKAGE FOR DEVELOPMENT OF 900MW (3X300MW) GRID CONNECTED SOLAR PV PROJECT AT FATEHGARH, RAJASTHAN",Verification Required,0,,,,,Solar,900.0,Rajasthan,2025-04-18,,,,Unknown,NTPC,,Tender · NEW,https://ntpctender.ntpc.co.in/NITDetails/NITs/28436,,Official tender page,Winner not found,C,Fresh,,Closed,T-679bc3262d84,
Verification Required,2025-03-01,NTPC,NRE-CS-5924-003(BOS)-9R,BALANCE OF SYSTEM PACKAGE OF ISTS-CONNECTED WIND ENERGY PROJECT(S) WITH NOMINAL CAPACITY OF 900 MW AT ANANTAPUR IN ANDHRA PRADESH.,Verification Required,0,,,,,Wind,900.0,Andhra Pradesh,2025-05-22,,,,Unknown,NTPC,,Tender · NEW,https://ntpctender.ntpc.co.in/NITDetails/NITs/28339,,Official tender page,Winner not found,C,Fresh,,Closed,T-0ececd22b3c4,
Verification Required,2025-04-28,NTPC,NGEL-CS-5828-004(L)-9,LAND AND EHV TRANSMISSION SYSTEM PACKAGE FOR DEVELOPMENT OF ISTS CONNECTED SOLAR PV PROJECTS (UPTO 900 MW) AT BHUJ REGION IN GUJARAT,Verification Required,0,,,,,Solar,900.0,Gujarat,2025-09-01,,,,Unknown,NTPC,,Tender · NEW,https://ntpctender.ntpc.co.in/NITDetails/NITs/28540,,Official tender page,Winner not found,C,Fresh,,Closed,T-6e2c390cc6ec,
Verification Required,2026-04-07,NTPC,NRE-CS-5816-004(EPC)-9,"EPC PACKAGE FOR DEVELOPMENT OF 900MW (3x300MW) GRID CONNECTED SOLAR PV PROJECTS AT MANDSAUR, MADHYA PRADESH",Verification Required,0,,,,,Solar,900.0,Madhya Pradesh,2026-05-07,,,,Unknown,NTPC,,Tender · NEW,https://ntpctender.ntpc.co.in/NITDetails/NITs/29666,,Official tender page,Winner not found,C,Fresh,,Closed,T-3f3a48663894,
Verification Required,2026-04-29,NTPC,NRE-CS-5816-004(TRF)-9,"ICT PACKAGE FOR 900 MW SOLAR PROJECTS IN MANDSAUR, MADHYA PRADESH",Verification Required,0,,,,,Solar,900.0,Madhya Pradesh,2026-05-18,,,,Unknown,NTPC,,Tender · NEW,https://ntpctender.ntpc.co.in/NITDetails/NITs/29771,,Official tender page,Winner not found,C,Fresh,,Closed,T-89d3316eac5b,
Verification Required,2026-05-04,NTPC,NRE-CS-5803-004(BOS)-9,"BALANCE OF SYSTEM (BOS) PACKAGE FOR DEVELOPMENT OF 900MW (1x500MW+1x400MW) GRID CONNECTED SOLAR PV PROJECTS AT KURNOOL, ANDHRA PRADESH",Verification Required,0,,,,,Solar,900.0,Andhra Pradesh,2026-05-22,,,,Unknown,NTPC,,Tender · NEW,https://ntpctender.ntpc.co.in/NITDetails/NITs/29794,,Official tender page,Winner not found,C,Fresh,,Closed,T-9e88e234c68e,
Verification Required,2026-07-03,NTPC,NRE-CS-5816-004(SS)-9,400KV SUB STATION PACKAGE FOR 900 MW SOLAR PROJECTS AT MANDSAUR MADHYA PRADESH,Verification Required,0,,,,,Solar,900.0,Madhya Pradesh,2026-07-17,,,,Unknown,NTPC,,Tender · NEW,https://ntpctender.ntpc.co.in/NITDetails/NITs/30021,,Official tender page,Winner not found,C,Fresh,,Closed,T-00641139216d,
Verification Required,2026-07-10,NTPC,GEM/2026/B/7767016,"Hiring of Vehicle on Annual basis for 12 Months for 894.3MW Bellary Wind Project, Harapanahalli, Karnataka",Verification Required,0,,,,,Wind,894.3,Karnataka,2026-07-20,,,,Unknown,NTPC,,Tender · NEW,https://ntpctender.ntpc.co.in/NITDetails/NITs/30046,,Official tender page,Winner not found,C,Fresh,,Closed,T-dea013ca569a,
Verification Required,,NTPC,NRE-CS-5929-003(WTG)-9,"SUPPLY AND INSTALLATION OF WIND TURBINE GENERATORS (WTG) FOR ISTS CONNECTED WIND ENERGY PROJECT WITH NOMINAL CAPACITY OF 813 MW (271 WTG) IN BELLARY, KARNATAKA",Verification Required,0,,,,,Wind,813.0,Karnataka,2025-08-23,,,,Unknown,NTPC,,Tender · NEW,https://ntpctender.ntpc.co.in/NITDetails/NITs/28432,,Official tender page,Winner not found,C,Fresh,,Closed,T-bc17cf8b27ed,
Verification Required,2026-04-08,NTPC,NRE-CS-5929-003(WTG)-9R,"SUPPLY AND INSTALLATION OF WIND TURBINE GENERATORS (WTG) FOR ISTS CONNECTED WIND ENERGY PROJECT WITH NOMINAL CAPACITY OF 813 MW (271 WTG) IN BELLARY, KARNATAKA",Verification Required,0,,,,,Wind,813.0,Karnataka,2026-08-03,,,,Unknown,NTPC,,Tender · NEW,https://ntpctender.ntpc.co.in/NITDetails/NITs/29708,,Official tender page,Winner not found,C,Fresh,,Closed,T-3e3df44c0435,
Verification Required,2026-06-22,NTPC,NRE-CS-5928-003(WTG)-9,"SUPPLY AND INSTALLATION OF WIND TURBINE GENERATORS (WTG) FOR ISTS CONNECTED WIND ENERGY PROJECT WITH NOMINAL CAPACITY OF 813 MW (271 WTG) IN DAVANGERE, KARNATAKA",Verification Required,0,,,,,Wind,813.0,Karnataka,2026-08-10,,,,Unknown,NTPC,,Tender · NEW,https://ntpctender.ntpc.co.in/NITDetails/NITs/29985,,Official tender page,Winner not found,C,Fresh,,Closed,T-bef42b8fc9df,
Verification Required,,NTPC,40071746,DEVELOPMENT OF 1500 KW ROOFTOP SOLAR PV PROJECT FOR KUDGI STPP-I (3 X 800 MW),Verification Required,0,,,,,Rooftop Solar,800.0,,2017-04-21,,,,Unknown,NTPC,,Tender · NEW,https://ntpctender.ntpc.co.in/NITDetails/NITs/17487,,Official tender page,Winner not found,C,Fresh,,Closed,T-87dbce87bc84,
Verification Required,2023-08-14,SECI,SECI/C&P/IPP/13/0004/23-24,RfS for 800 MW Firm and Dispatchable Power from ISTS-connected Renewable Energy (RE) Power Projects (SECI-FDRE-III),Verification Required,0,,,,,Round-the-Clock / CfD / Trading,800.0,,2024-03-06,,,,Unknown,SECI,,RfS,https://www.seci.co.in/tender-details/YWJ0,,Official tender page,Winner not found,C,Fresh,,Closed,T-824d7248bd30,
Verification Required,2023-08-14,SECI,SECI/C&P/IPP/13/0004/23-24,RfS for 800 MW Firm and Dispatchable Power from ISTS-connected Renewable Energy (RE) Power Projects (SECI-FDRE-III),Verification Required,0,,,,,Unclassified,800.0,,2024-03-06,,,,Unknown,SECI,,RfS,https://www.seci.co.in/tender-details/YWJ0,,Official tender page,Winner not found,C,Fresh,,Closed,824d7248bd30,
Verification Required,,NTPC,NRE-CS-5804-004(L)-9,LAND AND EHV TRANSMISSION SYSTEM PACKAGE FOR DEVELOPMENT OF ISTS CONNECTED SOLAR PV PROJECTS (UPTO 800 MW) IN MAHARASHTRA.,Verification Required,0,,,,,Solar,800.0,Maharashtra,2024-04-09,,,,Unknown,NTPC,,Tender · NEW,https://ntpctender.ntpc.co.in/NITDetails/NITs/26446,,Official tender page,Winner not found,C,Fresh,,Closed,T-20aa5d386ee3,
Verification Required,2026-05-19,NTPC,NRE-CS-5845-EPC-BESS,EPC Package for Development of 800MW/3200MWh Battery Energy Storage System (BESS) at NTPC REL Khavda Park,Verification Required,0,,,,,Energy Storage (BESS),800.0,,2026-06-05,,,,Unknown,NTPC,,Tender · NEW,https://ntpctender.ntpc.co.in/NITDetails/NITs/29872,,Official tender page,Winner not found,C,Fresh,,Closed,T-e34ec5f93b37,
Verification Required,2024-07-10,NTPC,NRE-CS-5779-004(EPC2)-9,"EPC PACKAGE FOR DEVELOPMENT OF 795MW (2x275MW + 1x245MW) SOLAR PV PROJECTS AT KHAVDA RE POWER PARK, RANN OF KUTCH.",Verification Required,0,,,,,Solar,795.0,,2024-07-26,,,,Unknown,NTPC,,Tender · NEW,https://ntpctender.ntpc.co.in/NITDetails/NITs/27408,,Official tender page,Winner not found,C,Fresh,,Closed,T-ceb453b52974,
Verification Required,,NTPC,NRE-CS-5785-004(EVC1)-9,"POWER EVACUATION PACKAGE-I UNDER DEVELOPMENT OF 755MW GVREL SOLAR PARK AT TILAIYA AND PANCHET RESERVOIR, DVC.",Verification Required,0,,,,,Transmission / Evacuation,755.0,,2023-05-16,,,,Unknown,NTPC,,Tender · NEW,https://ntpctender.ntpc.co.in/NITDetails/NITs/25335,,Official tender page,Winner not found,C,Fresh,,Closed,T-6b39b4e00ad2,
Verification Required,,NTPC,NRE-CS-5785-004(EVC2)-9,"Power Evacuation Package-II under Development of 755MW GVREL Solar Park at Tilaiya and Panchet Reservoir, DVC.",Verification Required,0,,,,,Transmission / Evacuation,755.0,,2023-05-17,,,,Unknown,NTPC,,Tender · NEW,https://ntpctender.ntpc.co.in/NITDetails/NITs/25240,,Official tender page,Winner not found,C,Fresh,,Closed,T-7380c7d4f177,
Verification Required,2024-11-04,NTPC,NGEL-CS-5785-004(EVC2)-9R,"POWER EVACUATION PACKAGE-II UNDER DEVELOPMENT OF 755MW GVREL SOLAR PARK AT TILAIYA AND PANCHET RESERVOIR, DVC OF GREEN VALLEY RENEWABLE ENERGY LIMITED",Verification Required,0,,,,,Transmission / Evacuation,755.0,,2024-11-25,,,,Unknown,NTPC,,Tender · NEW,https://ntpctender.ntpc.co.in/NITDetails/NITs/27899,,Official tender page,Winner not found,C,Fresh,,Closed,T-32916b355c9c,
Verification Required,,NTPC,RE-CS-5712-004-9(R),DEVELOPMENT OF 750 MW( 6x125 MW EACH ) Solar PHOTOVOLTAIC POWER PROJECT (PHASE-II) AT ANANTPUR IN ANDHRA PRADESH INDIA,Verification Required,0,,,,,Solar,750.0,Andhra Pradesh,2015-09-28,,,,Unknown,NTPC,,Tender · NEW,https://ntpctender.ntpc.co.in/NITDetails/NITs/14630,,Official tender page,Winner not found,C,Fresh,,Closed,T-51bcbee78be9,
Verification Required,,NTPC,NTPC-2016-TN000001,DEVELOPMENT OF 750 MW (6X125 MW EACH) SOLAR PHOTOVOLTAIC POWER PROJECT AT PAVAGADA SOLAR PARK IN KARNATAKA,Verification Required,0,,,,,Solar,750.0,Karnataka,2016-03-04,,,,Unknown,NTPC,,Tender · NEW,https://ntpctender.ntpc.co.in/NITDetails/NITs/15494,,Official tender page,Winner not found,C,Fresh,,Closed,T-5253bb106eb9,
Verification Required,,NTPC,RE-CS-5725-004-2(R),Development of 750 MW (6X125 MW each) Solar PV Project at PAVAGADA in Karnataka,Verification Required,0,,,,,Solar,750.0,Karnataka,2017-04-20,,,,Unknown,NTPC,,Tender · NEW,https://ntpctender.ntpc.co.in/NITDetails/NITs/17461,,Official tender page,Winner not found,C,Fresh,,Closed,T-3c8d2f1c74de,
Verification Required,,NTPC,RE-CS-5741-004(BOS)-9(R),BALANCE OF SYSTEM (BOS) PACKAGE FOR DEVELOPMENT OF 735MW (3 BLOCKS OF 245MW EACH) NOKH SOLAR POWER PROJECT.,Verification Required,0,,,,,Solar,735.0,,2021-11-19,,,,Unknown,NTPC,,Tender · NEW,https://ntpctender.ntpc.co.in/NITDetails/NITs/23690,,Official tender page,Winner not found,C,Fresh,,Closed,T-1ede13fbecf6,
Verification Required,,NTPC,NRE-CS-5918-003(D)-9,DEVELOPMENT PACKAGE (BOS WITH LAND) OF ISTS CONNECTED WIND ENERGY PROJECT(S) UP TO CAPACITY OF 720 MW ANYWHERE IN INDIA.,Verification Required,0,,,,,Wind,720.0,,2022-03-01,,,,Unknown,NTPC,,Tender · NEW,https://ntpctender.ntpc.co.in/NITDetails/NITs/23961,,Official tender page,Winner not found,C,Fresh,,Closed,T-357ba8a91f7b,
Verification Required,,NTPC,NRE-CS-5918-003(D)-9R,BALANCE OF SYSTEM PACKAGE OF ISTS CONNECTED WIND ENERGY PROJECT(S) UP TO 720 MW CAPACITY ANYWHERE IN INDIA.,Verification Required,0,,,,,Wind,720.0,,2022-07-13,,,,Unknown,NTPC,,Tender · NEW,https://ntpctender.ntpc.co.in/NITDetails/NITs/24592,,Official tender page,Winner not found,C,Fresh,,Closed,T-21a1d155e088,
Verification Required,2026-01-08,SECI,SECI/C&P/OP/11/023/2025-26,"Tender for Balance of System for 700 MW (AC) Solar PV Power Plant at Radha Nesda, Banaskantha, Gujarat, India",Verification Required,0,,,,,Solar,700.0,Gujarat,2026-03-19,,,,Unknown,SECI,,Tender,https://www.seci.co.in/tender-details/YmF0,,Official tender page,Winner not found,C,Fresh,,Closed,T-5a581e3e48d6,
Verification Required,2026-01-08,SECI,SECI/C&P/OP/11/023/2025-26,"Tender for Balance of System for 700 MW (AC) Solar PV Power Plant at Radha Nesda, Banaskantha, Gujarat, India",Verification Required,0,,,,,Solar,700.0,Gujarat,2026-03-19,,,,Unknown,SECI,,Tender,https://www.seci.co.in/tender-details/YmF0,,Official tender page,Winner not found,C,Fresh,,Closed,5a581e3e48d6,
Verification Required,2026-09-03,SECI,SECI/C&P/IPP/15/0009/26-27,700 MW ISTS-Connected Solar PV Power Projects in India under TBCB (C&I-1),Verification Required,0,,,,,Solar,700.0,,2026-10-05,,,,Unknown,SECI,,Tender,https://www.seci.co.in/tender-details/YmV_,,Official tender page,Winner not found,C,Fresh,,Delisted,bd1bd676960c,
Verification Required,,NHPC,GEM/2024/B/5103359,"SUPPLY, ERECTION, TESTING AND COMMISSIONING OF HYDRAULIC TRASH RACK CLEANING MACHINE FOR SALAL POWER STATION (690 MW)",Verification Required,0,,,,,Unclassified,690.0,,,,,,Unknown,NHPC,,Tender,https://www.nhpcindia.com/welcome/tender,,Official tender page,Winner not found,D,Fresh,,Delisted,fd711938bfcf,
Verification Required,2025-03-27,NTPC,NRE-CS-5926-003(WTG)-9,"SUPPLY AND INSTALLATION OF WIND TURBINE GENERATORS (WTG) FOR ISTS CONNECTED WIND ENERGY PROJECT WITH NOMINAL CAPACITY OF 672 MW (224 WTG) IN SOLAPUR, MAHARASHTRA",Verification Required,0,,,,,Wind,672.0,Maharashtra,2025-12-16,,,,Unknown,NTPC,,Tender · NEW,https://ntpctender.ntpc.co.in/NITDetails/NITs/28431,,Official tender page,Winner not found,C,Fresh,,Closed,T-40997de3451e,
Verification Required,2023-10-28,NTPC,NRE-CS-5800-004(EPC1)-9,"EPC PACKAGE FOR DEVELOPMENT OF 650MW (2X325MW) GRID CONNECTED SOLAR PV PROJECTS AT BIKANER, RAJASTHAN.",Verification Required,0,,,,,Solar,650.0,Rajasthan,2024-10-01,,,,Unknown,NTPC,,Tender · NEW,https://ntpctender.ntpc.co.in/NITDetails/NITs/26298,,Official tender page,Winner not found,C,Fresh,,Closed,T-37d77c2747c4,
Verification Required,,NHPC,2026_NHPC_915349_1,"Design, Engineering, Procurement and Construction of Power house and Associated Works for 640 MW (8×80 MW) ISP–OSP Pumped Storage Project (Package -I Civil Works)",Verification Required,0,,,,,Pumped Storage,640.0,,,,,,Unknown,NHPC,,Tender,https://www.nhpcindia.com/welcome/tender,,Official tender page,Winner not found,D,Fresh,,Delisted,c7ba9b5606f1,
Verification Required,2023-10-31,NTPC,NRE-CS-5793-004(SS)-9,SUBSTATION PACKAGE UNDER DEVELOPMENT OF 630MW BARETHI SOLAR PARK.,Verification Required,0,,,,,Transmission / Evacuation,630.0,,2024-09-09,,,,Unknown,NTPC,,Tender · NEW,https://ntpctender.ntpc.co.in/NITDetails/NITs/26311,,Official tender page,Winner not found,C,Fresh,,Closed,T-90d028e84473,
Verification Required,2023-11-06,NTPC,NRE-CS-5793-004(EPC)-9,"EPC PACKAGE FOR DEVELOPMENT OF 630 MW (2x 315 MW) GRID CONNECTED SOLAR PV PROJECT (S) IN BARETHI, MADHYA PRADESH.",Verification Required,0,,,,,Solar,630.0,Madhya Pradesh,2024-11-13,,,,Unknown,NTPC,,Tender · NEW,https://ntpctender.ntpc.co.in/NITDetails/NITs/26323,,Official tender page,Winner not found,C,Fresh,,Closed,T-e3d090413ac1,
Verification Required,,NTPC,40056786,Development of 625 MW (5 Blocks of 125 MW each) Ananthapuramu Solar PV Project(s) At Ananthapuramu Ultra Mega Solar Park in Andhra-Pradesh India,Verification Required,0,,,,,Solar,625.0,,2016-06-17,,,,Unknown,NTPC,,Tender · NEW,https://ntpctender.ntpc.co.in/NITDetails/NITs/16157,,Official tender page,Winner not found,C,Fresh,,Closed,T-b303d7a1b2a2,
Verification Required,,NTPC,RE-CS-5913-003-9,INVITATION FOR BIDS (IFB) FOR DEVELOPMENT OF ISTS CONNECTED WIND ENERGY PROJECT(S) UPTO CAPACITY OF 600 MW ANYWHERE IN INDIA,Verification Required,0,,,,,Wind,600.0,,2020-05-07,,,,Unknown,NTPC,,Tender · NEW,https://ntpctender.ntpc.co.in/NITDetails/NITs/21399,,Official tender page,Winner not found,C,Fresh,,Closed,T-f7e5c1496f90,
Verification Required,,NTPC,RE-CS-5762-004-9,EPC PACKAGE WITH LAND FOR DEVELOPMENT OF ISTS GRID CONNECTED SOLAR PV PROJECTS UP TO 600 MW CAPACITY.,Verification Required,0,,,,,Solar,600.0,,2020-11-25,,,,Unknown,NTPC,,Tender · NEW,https://ntpctender.ntpc.co.in/NITDetails/NITs/21727,,Official tender page,Winner not found,C,Fresh,,Closed,T-a034c4a2aee2,
Verification Required,,NTPC,RE-CS-5915-004H-9,DEVELOPMENT OF ISTS CONNECTED WIND-SOLAR HYBRID POWER PROJECTS UP TO 600 MW ANYWHERE IN INDIA,Verification Required,0,,,,,Wind-Solar Hybrid,600.0,,2021-05-20,,,,Unknown,NTPC,,Tender · NEW,https://ntpctender.ntpc.co.in/NITDetails/NITs/23196,,Official tender page,Winner not found,C,Fresh,,Closed,T-db09cae1338d,
Verification Required,,NTPC,NRE-CS-5781-004-9,EPC PACKAGE WITH LAND FOR DEVELOPMENT OF ISTS CONNECTED SOLAR PV PROJECTS (UPTO 600 MW) ANYWHERE IN INDIA.,Verification Required,0,,,,,Solar,600.0,,2022-06-27,,,,Unknown,NTPC,,Tender · NEW,https://ntpctender.ntpc.co.in/NITDetails/NITs/24538,,Official tender page,Winner not found,C,Fresh,,Closed,T-5846c1b846de,
Verification Required,2024-10-18,NTPC,NRE-CS-5820-004(L)-9,"Land and Power Evacuation Package for Development of 600 MW ISTS Connected Solar PV Projects in Dhule Region, Maharashtra.",Verification Required,0,,,,,Transmission / Evacuation,600.0,Maharashtra,2024-12-11,,,,Unknown,NTPC,,Tender · NEW,https://ntpctender.ntpc.co.in/NITDetails/NITs/27821,,Official tender page,Winner not found,C,Fresh,,Closed,T-46329b2242cb,
Verification Required,2025-03-18,SECI,SECI/C&P/IPP/12/0028/24-25,RfS for Setting up of 600 MW ISTS-connected Wind Power Projects in India (SECI-Tranche-XVIII),Verification Required,0,,,,,Wind,600.0,,2025-04-11,,,,Unknown,SECI,,RfS,https://www.seci.co.in/tender-details/YWt3,,Official tender page,Winner not found,C,Fresh,,Closed,T-41a50cd5b33b,
Verification Required,2025-03-18,SECI,SECI/C&P/IPP/12/0028/24-25,RfS for Setting up of 600 MW ISTS-connected Wind Power Projects in India (SECI-Tranche-XVIII),Verification Required,0,,,,,Wind,600.0,,2025-04-11,,,,Unknown,SECI,,RfS,https://www.seci.co.in/tender-details/YWt3,,Official tender page,Winner not found,C,Fresh,,Closed,41a50cd5b33b,
Verification Required,2025-05-23,NTPC,NRE-CS-5925-003(BOS)-9R,BALANCE OF SYSTEM PACKAGE OF ISTS-CONNECTED WIND ENERGY PROJECT(S) WITH NOMINAL CAPACITY OF 600MW AT KURNOOL IN ANDHRA PRADESH.,Verification Required,0,,,,,Wind,600.0,Andhra Pradesh,2025-07-17,,,,Unknown,NTPC,,Tender · NEW,https://ntpctender.ntpc.co.in/NITDetails/NITs/28625,,Official tender page,Winner not found,C,Fresh,,Closed,T-f45512a363f8,
Verification Required,2025-05-30,NTPC,NRE-CS-5784-004(MOD)-9,SUPPLY OF SOLAR PV MODULES FOR 600MW INGEL SOLAR PROJECT IN GUJARAT.,Verification Required,0,,,,,Solar,600.0,Gujarat,2025-08-08,,,,Unknown,NTPC,,Tender · NEW,https://ntpctender.ntpc.co.in/NITDetails/NITs/28652,,Official tender page,Winner not found,C,Fresh,,Closed,T-2ccc5251348e,
Verification Required,2025-08-04,SECI,SECI/C&P/OP/15/0001/25-26,RfP for Supply of 600 MW/1200 MWh Battery Energy Storage System (DC Package),Verification Required,0,,,,,Energy Storage (BESS),600.0,,2025-09-26,,,,Unknown,SECI,,RfP,https://www.seci.co.in/tender-details/YmN3,,Official tender page,Winner not found,C,Fresh,,Closed,T-7b9247f430fa,
Verification Required,2025-08-20,SECI,SECI/C&P/OP/15/0002/25-26,"RfP for Selection of Contractor for Balance of System of 600 MW/1200 MWh BESS Project at Nandiyal, Andhra Pradesh (AC Package)",Verification Required,0,,,,,Energy Storage (BESS),600.0,Andhra Pradesh,2025-09-26,,,,Unknown,SECI,,RfP,https://www.seci.co.in/tender-details/YmN0,,Official tender page,Winner not found,C,Fresh,,Closed,T-a9a14c583d53,
Verification Required,2025-08-04,SECI,SECI/C&P/OP/15/0001/25-26,RfP for Supply of 600 MW/1200 MWh Battery Energy Storage System (DC Package),Verification Required,0,,,,,Energy Storage (BESS),600.0,,2025-09-26,,,,Unknown,SECI,,RfP,https://www.seci.co.in/tender-details/YmN3,,Official tender page,Winner not found,C,Fresh,,Closed,7b9247f430fa,
Verification Required,2025-08-20,SECI,SECI/C&P/OP/15/0002/25-26,"RfP for Selection of Contractor for Balance of System of 600 MW/1200 MWh BESS Project at Nandiyal, Andhra Pradesh (AC Package)",Verification Required,0,,,,,Energy Storage (BESS),600.0,Andhra Pradesh,2025-09-26,,,,Unknown,SECI,,RfP,https://www.seci.co.in/tender-details/YmN0,,Official tender page,Winner not found,C,Fresh,,Closed,a9a14c583d53,
Verification Required,2025-02-21,NTPC,NRE-CS-5827-004(L)-9,"Land and Power Evacuation Package for Development of 600 MW ISTS connected Solar PV Projects in Tumkur Region, Karnataka.",Verification Required,0,,,,,Transmission / Evacuation,600.0,Karnataka,2026-04-06,,,,Unknown,NTPC,,Tender · NEW,https://ntpctender.ntpc.co.in/NITDetails/NITs/28312,,Official tender page,Winner not found,C,Fresh,,Closed,T-f3ff92ba26ea,
Verification Required,2026-06-24,NTPC,NRE-CS-5820-004(EPC)-9,"EPC PACKAGE FOR DEVELOPMENT OF 600MW (2x300MW) GRID CONNECTED SOLAR PV PROJECTS AT DHULE, MAHARASHTRA",Verification Required,0,,,,,Solar,600.0,Maharashtra,2026-08-06,,,,Unknown,NTPC,,Tender · NEW,https://ntpctender.ntpc.co.in/NITDetails/NITs/29990,,Official tender page,Winner not found,C,Fresh,,Closed,T-bd34718f1cef,
Verification Required,2026-08-19,NTPC,NRE-CS-5924-003(WTG)-9,"SUPPLY AND INSTALLATION OF WIND TURBINE GENERATORS (WTG) FOR ISTS CONNECTED WIND ENERGY PROJECT WITH NOMINAL CAPACITY OF 600 MW (200 WTG) IN ANANTAPUR, ANDHRA PRADESH",Verification Required,0,,,,,Wind,600.0,Andhra Pradesh,2026-08-29,,,,Unknown,NTPC,,Tender · NEW,https://ntpctender.ntpc.co.in/NITDetails/NITs/30166,,Official tender page,Winner not found,C,Fresh,,Closed,T-69c7a513e920,
Verification Required,,NHPC,NH/CCW/CC-I/CO-357/BSUL/PR/JSP/2024-25/379,"EPC Work of Construction of Package-2: Basic infrastructure of Roads and Street illumination of 600MW(Phase-l) Solar Power Park for the development of 1200 MW Solar Power Park under UMPPRE at Gram Samooh: Mai, Tehsil: Madhogarh, District: Jalaun, Uttar Pradesh",Verification Required,0,,,,,Solar,600.0,Uttar Pradesh,,,,,Unknown,NHPC,,Tender,https://www.nhpcindia.com/welcome/tender,,Official tender page,Winner not found,D,Fresh,,Delisted,fc7e6bce4467,
Verification Required,,NHPC,2024_NHPC_838967_1,"Package-1, Works of Boundary survey &amp;amp;amp;amp; marking, Gates chain link fencing of PSS with compound walls and gates all around the periphery of the 600MW (phase-I) Solar power park at Gram Samooh Mai",Verification Required,0,,,,,Solar,600.0,,,,,,Unknown,NHPC,,Tender,https://www.nhpcindia.com/welcome/tender,,Official tender page,Winner not found,D,Fresh,,Delisted,5a02fe84f0dc,
Verification Required,,NHPC,2024_NHPC_821806_1,Selection of Solar Power Generators For Setting up of 1.2 GW ISTS Connected Solar Power Projects with 600MW/1200MWh (ESS) on anywhere in India basis under TTBCB with Green Shoe Option (NHPC-Tranche-VIII-Solar with Storage (2024-25)),Verification Required,0,,,,,Solar + Storage,600.0,,,,,,Unknown,NHPC,,Tender,https://www.nhpcindia.com/welcome/tender,,Official tender page,Winner not found,D,Fresh,,Delisted,929bdfafc0df,
Verification Required,,NHPC,2024_NHPC_816303_1,Selection of Wind Power Developers for Supply of 600MW power from ISTS connected Wind Power Projects on anywhere in India basis under Tariff Based Competitive Bidding (TBCB) (NHPC-Tranche-VII-WIND (2024-25),Verification Required,0,,,,,Wind,600.0,,,,,,Unknown,NHPC,,Tender,https://www.nhpcindia.com/welcome/tender,,Official tender page,Winner not found,D,Fresh,,Delisted,ba8a754ee931,
Verification Required,2025-03-17,NTPC,NRE-CS-5823-004(L)-9,"Land and Power Evacuation Package for Development of 550 MW ISTS connected Solar PV Projects with Battery Energy Storage near Shimbhoo Ka Burj Solar Project of NGEL, Rajasthan",Verification Required,0,,,,,Transmission / Evacuation,550.0,Rajasthan,2025-06-23,,,,Unknown,NTPC,,Tender · NEW,https://ntpctender.ntpc.co.in/NITDetails/NITs/28400,,Official tender page,Winner not found,C,Fresh,,Closed,T-598749f81646,
Verification Required,2026-06-03,NTPC,NRE-CS-5823-004(SOL)-9,"EPC PACKAGE FOR DEVELOPMENT OF 550MW (1x550MW) GRID CONNECTED SOLAR PV PROJECTS NEAR SHIMBHOO KA BURJ, RAJASTHAN",Verification Required,0,,,,,Solar,550.0,Rajasthan,2026-06-19,,,,Unknown,NTPC,,Tender · NEW,https://ntpctender.ntpc.co.in/NITDetails/NITs/29918,,Official tender page,Winner not found,C,Fresh,,Closed,T-0e504759f60c,
Verification Required,2026-06-16,NTPC,NREL-CS-5823-004(BESS1)-9,EPC PACKAGE FOR DEVELOPMENT OF 550 MW/ 2200 MWH ISTS CONNECTED BESS AT NTPC REL SHIMBOO KA BURJ SOLAR PLANT,Verification Required,0,,,,,Solar + Storage,550.0,,2026-06-29,,,,Unknown,NTPC,,Tender · NEW,https://ntpctender.ntpc.co.in/NITDetails/NITs/29969,,Official tender page,Winner not found,C,Fresh,,Closed,T-9dce59fc73ec,
Verification Required,,NTPC,NRE-CS-5930-003-9,DEVELOPMENT OF WIND ENERGY PROJECT WITH 540 MW CAPACITY AT ISTS SUB-STATION ANANTAPUR-III IN ANDHRA PRADESH (TRANCHE-II).,Verification Required,0,,,,,Wind,540.0,Andhra Pradesh,2026-07-20,,,,Unknown,NTPC,,Tender · NEW,https://ntpctender.ntpc.co.in/NITDetails/NITs/29464,,Official tender page,Winner not found,C,Fresh,,Closed,T-fe5ae1312df3,
Verification Required,,NHPC,NH/CPS-1/P&C/W-1560/2025-26/296 Dated: 25/10/2025,"Annual Maintenance of Unit#1 & Unit#2 (3x180=540MW) Hydro Generator Units of Chamera Power Station-1, Khairi, Distt. Chamba, H.P. for the year of 2025-26.",Verification Required,0,,,,,Hydro,540.0,,,,,,Unknown,NHPC,,Tender,https://www.nhpcindia.com/welcome/tender,,Official tender page,Winner not found,D,Fresh,,Delisted,fad3aa1bafa6,
Verification Required,,NHPC,GEM/2026/B/7904859,"Design, Engineering, Installation and commissioning of 04 Nos servo Valve based Digital Governing system and dismantling of existing governing system in all the four units of 520 MW Parbati-III Power station",Verification Required,0,,,,,Unclassified,520.0,,,,,,Unknown,NHPC,,Tender,https://www.nhpcindia.com/welcome/tender,,Official tender page,Winner not found,D,Fresh,,Delisted,1e0b70c2031a,
Verification Required,,NTPC,RE-CS-5761-004-9,INVITATION FOR BIDS (IFB) FOR DEVELOPMENT OF GRID CONNECTED SOLAR PV PROJECT(S) (UPTO 500MW CAPACITY) UNDER EPC PACKAGE WITH LAND & CONNECTIVITY IN MAHARASHTRA,Verification Required,0,,,,,Solar,500.0,Maharashtra,2019-12-21,,,,Unknown,NTPC,,Tender · NEW,https://ntpctender.ntpc.co.in/NITDetails/NITs/21142,,Official tender page,Winner not found,C,Fresh,,Closed,T-110f999350f3,
Verification Required,,NTPC,RE-CS-5771-004-9,EPC PACKAGE WITH LAND FOR DEVELOPMENT OF ISTS CONNECTED SOLAR PV PROJECTS UPTO 500 MW ANYWHERE IN INDIA.,Verification Required,0,,,,,Solar,500.0,,2021-11-16,,,,Unknown,NTPC,,Tender · NEW,https://ntpctender.ntpc.co.in/NITDetails/NITs/23363,,Official tender page,Winner not found,C,Fresh,,Closed,T-b004a658bfd0,
Verification Required,,NTPC,RE-CS-5778-004(L)-9,INVITATION FOR BIDS (IFB) FOR LAND AND EHV TRANSMISSION SYSTEM PACKAGE FOR DEVELOPMENT OF 500MW STU CONNECTED SOLAR PV PROJECTS IN RAJASTHAN.,Verification Required,0,,,,,Solar,500.0,Rajasthan,2022-03-09,,,,Unknown,NTPC,,Tender · NEW,https://ntpctender.ntpc.co.in/NITDetails/NITs/24083,,Official tender page,Winner not found,C,Fresh,,Closed,T-2f4e5ec41e99,
Verification Required,,NTPC,NRE-CS-0000-SER-1,SELECTION OF DEVELOPERS FOR ISTS CONNECTED ENERGY STORAGE SOLUTIONS OF 3000MWH WITH 500MW (min) CAPACITY Anywhere in India.,Verification Required,0,,,,,Unclassified,500.0,,2022-06-11,,,,Unknown,NTPC,,Tender · NEW,https://ntpctender.ntpc.co.in/NITDetails/NITs/23962,,Official tender page,Winner not found,C,Fresh,,Closed,T-7d612748798b,
Verification Required,,NTPC,NRE-CS-5778-004(BOS)-9,"BALANCE OF SYSTEM PACKAGE (EXCLUDING LAND & TRANSMISSION SYSTEM) OF 500 MW STU CONNECTED SOLAR PV PROJECT AT BHADLA, RAJASTHAN.",Verification Required,0,,,,,Solar,500.0,Rajasthan,2022-06-27,,,,Unknown,NTPC,,Tender · NEW,https://ntpctender.ntpc.co.in/NITDetails/NITs/24564,,Official tender page,Winner not found,C,Fresh,,Closed,T-159554c06610,
Verification Required,2022-04-13,SECI,SECI/C&P/IPP/15/0001/22-23,Request for Selection (RfS) Document for setting up of Pilot Projects of 500 MW/1000MWh Standalone Battery Energy Storage Systems in India under Tariff-Based Global Competitive Bidding (ESS-I),Verification Required,0,,,,,Energy Storage (BESS),500.0,,2022-07-29,,,,Unknown,SECI,,RfS,https://www.seci.co.in/tender-details/ZWY,,Official tender page,Winner not found,C,Fresh,,Closed,T-d20ef432404a,
Verification Required,2022-04-13,SECI,SECI/C&P/IPP/15/0001/22-23,Request for Selection (RfS) Document for setting up of Pilot Projects of 500 MW/1000MWh Standalone Battery Energy Storage Systems in India under Tariff-Based Global Competitive Bidding (ESS-I),Verification Required,0,,,,,Energy Storage (BESS),500.0,,2022-07-29,,,,Unknown,SECI,,RfS,https://www.seci.co.in/tender-details/ZWY,,Official tender page,Winner not found,C,Fresh,,Closed,d20ef432404a,
Verification Required,,NTPC,NRE-CS-5786-004-9,EPC PACKAGE WITH LAND FOR DEVELOPMENT OF ISTS CONNECTED SOLAR PV PROJECTS (UPTO 500 MW) ANYWHERE IN INDIA.,Verification Required,0,,,,,Solar,500.0,,2023-06-15,,,,Unknown,NTPC,,Tender · NEW,https://ntpctender.ntpc.co.in/NITDetails/NITs/25337,,Official tender page,Winner not found,C,Fresh,,Closed,T-cdbc138b65ad,
Verification Required,,NTPC,NRE-CS-5778-004(BOS-R1)-9,"BALANCE OF SYSTEM PACKAGE (EXCLUDING LAND & TRANSMISSION SYSTEM) OF 1x500MW STU CONNECTED SOLAR PV PROJECT AT BHADLA, RAJASTHAN.",Verification Required,0,,,,,Solar,500.0,Rajasthan,2024-04-15,,,,Unknown,NTPC,,Tender · NEW,https://ntpctender.ntpc.co.in/NITDetails/NITs/26933,,Official tender page,Winner not found,C,Fresh,,Closed,T-2400c58b7826,
Verification Required,,NTPC,NRE-CS-5800-004(EPC2)-9,"EPC PACKAGE FOR DEVELOPMENT OF 500MW (2X250MW) GRID CONNECTED SOLAR PV PROJECTS AT BIKANER, RAJASTHAN.",Verification Required,0,,,,,Solar,500.0,Rajasthan,2024-05-31,,,,Unknown,NTPC,,Tender · NEW,https://ntpctender.ntpc.co.in/NITDetails/NITs/26679,,Official tender page,Winner not found,C,Fresh,,Closed,T-19d2151fc089,
Verification Required,2024-05-29,SECI,SECI/C&P/IPP/12/0002/24-25,RfS for 500 MW ISTS-Connected Wind Power Projects in India (SECI-Tranche-XVII),Verification Required,0,,,,,Wind,500.0,,2024-08-05,,,,Unknown,SECI,,RfS,https://www.seci.co.in/tender-details/YWZ3,,Official tender page,Winner not found,C,Fresh,,Closed,T-37ec3e82b4a8,
Verification Required,2024-05-29,SECI,SECI/C&P/IPP/12/0002/24-25,RfS for 500 MW ISTS-Connected Wind Power Projects in India (SECI-Tranche-XVII),Verification Required,0,,,,,Wind,500.0,,2024-08-05,,,,Unknown,SECI,,RfS,https://www.seci.co.in/tender-details/YWZ3,,Official tender page,Winner not found,C,Fresh,,Closed,37ec3e82b4a8,
Verification Required,2023-07-07,SECI,SECI/C&P/IPP/13/0003/23-24,RfS for 500 MW Firm and Dispatchable Power from ISTS-connected Renewable Energy (RE) Power Projects (SECI-FDRE-I),Verification Required,0,,,,,Round-the-Clock / CfD / Trading,500.0,,2024-09-12,,,,Unknown,SECI,,RfS,https://www.seci.co.in/tender-details/aWY,,Official tender page,Winner not found,C,Fresh,,Closed,T-7e342d42147e,
Verification Required,2023-07-07,SECI,SECI/C&P/IPP/13/0003/23-24,RfS for 500 MW Firm and Dispatchable Power from ISTS-connected Renewable Energy (RE) Power Projects (SECI-FDRE-I),Verification Required,0,,,,,Unclassified,500.0,,2024-09-12,,,,Unknown,SECI,,RfS,https://www.seci.co.in/tender-details/aWY,,Official tender page,Winner not found,C,Fresh,,Closed,7e342d42147e,
Verification Required,2024-09-13,SECI,SECI/C&P/IPP/12/0016/24-25,RfS for Setting up of 500 MW ISTS-connected Offshore Wind Power Project in India (Tranche-I),Verification Required,0,,,,,Wind,500.0,,2025-07-31,,,,Unknown,SECI,,RfS,https://www.seci.co.in/tender-details/YWV0,,Official tender page,Winner not found,C,Fresh,,Closed,T-1033bdc5c3d2,
Verification Required,2024-09-13,SECI,SECI/C&P/IPP/12/0016/24-25,RfS for Setting up of 500 MW ISTS-connected Offshore Wind Power Project in India (Tranche-I),Verification Required,0,,,,,Wind,500.0,,2025-07-31,,,,Unknown,SECI,,RfS,https://www.seci.co.in/tender-details/YWV0,,Official tender page,Winner not found,C,Fresh,,Closed,1033bdc5c3d2,
Verification Required,2025-02-13,SECI,SECI/C&P/IPP/11/0024/24-25,RfS for 500 MW ISTS-Connected Solar PV Power Projects in India (SECI-ISTS-XIX),Verification Required,0,,,,,Solar,500.0,,2025-12-04,,,,Unknown,SECI,,RfS,https://www.seci.co.in/tender-details/YWp_,,Official tender page,Winner not found,C,Fresh,,Closed,T-710e9150b621,
Verification Required,2025-02-13,SECI,SECI/C&P/IPP/11/0024/24-25,RfS for 500 MW ISTS-Connected Solar PV Power Projects in India (SECI-ISTS-XIX),Verification Required,0,,,,,Solar,500.0,,2025-12-04,,,,Unknown,SECI,,RfS,https://www.seci.co.in/tender-details/YWp_,,Official tender page,Winner not found,C,Fresh,,Closed,710e9150b621,
Verification Required,2026-04-19,SECI,SECI/C&P/IPP/13/0002/26-27,RfS for assured Peak Supply of 1000 MWh (500 MW x 2 Hrs.) under CfD Mechanism from ISTS-Connected RE Projects (SECI-CfD-I),Verification Required,0,,,,,Round-the-Clock / CfD / Trading,500.0,,2026-09-07,,,,Unknown,SECI,,RfS,https://www.seci.co.in/tender-details/YmZ-,,Official tender page,Winner not found,C,Fresh,,Delisted,5e9b7edc2288,
Verification Required,,NHPC,2025_NHPC_849236_1,Selection of BESS Developers for setting up of 500MW / 1000MWh InSTS connected standalone BESS in the state of Andhra Pradesh under TBCB with VGF support (NHPC-Tranche-II-BESS) (2024-25),Verification Required,0,,,,,Energy Storage (BESS),500.0,Andhra Pradesh,,,,,Unknown,NHPC,,Tender,https://www.nhpcindia.com/welcome/tender,,Official tender page,Winner not found,D,Fresh,,Delisted,aa2f8d6147c9,
Verification Required,,NHPC,2023_NHPC_775644_1,"Package-I : Construction of Civil works of Diversion tunnels, HM works of Diversion tunnels, Road Tunnel, Temporary and Permanent Roads, 2 no. Temporary Bridges, upstream and downstream Coffer Dams, Dam & Spillway, Plunge pool, Main & Auxiliary Intakes, Pressure tunnels/Shafts (Main & Auxiliary), Underground Power House, Busducts/tunnels, Underground Transformer Cavern, Draft tube tunnels, Cable tunnel, Ventilation tunnel, Downstream Surge Chamber, Pothead Yard, Tail race tunnels for Main & Auxiliary plant & other associated adits/structures for 500MW Dugar Hydro Electric Project Located at Luj village in Chamba district of Himachal Pradesh India.",Verification Required,0,,,,,Hydro,500.0,Himachal Pradesh,,,,,Unknown,NHPC,,Tender,https://www.nhpcindia.com/welcome/tender,,Official tender page,Winner not found,D,Fresh,,Delisted,3ca66b087754,
Verification Required,2023-12-02,SECI,SECI/C&P/OP/11/011/2023-24,"Tender for Manufacturing, Testing, Packing and Forwarding, Supply and Transportation of 400 MWp domestically manufactured Solar PV Modules with domestically manufactured Solar Cells.",Verification Required,0,,,,,Solar,400.0,,2024-01-16,,,,Unknown,SECI,,Tender,https://www.seci.co.in/tender-details/YWN0,,Official tender page,Winner not found,C,Fresh,,Closed,T-4cf4ee5acbf7,
Verification Required,2023-12-02,SECI,SECI/C&P/OP/11/011/2023-24,"Tender for Manufacturing, Testing, Packing and Forwarding, Supply and Transportation of 400 MWp domestically manufactured Solar PV Modules with domestically manufactured Solar Cells.",Verification Required,0,,,,,Solar,400.0,,2024-01-16,,,,Unknown,SECI,,Tender,https://www.seci.co.in/tender-details/YWN0,,Official tender page,Winner not found,C,Fresh,,Closed,4cf4ee5acbf7,
Verification Required,2024-06-28,SECI,SECI/C&P/IPP/13/0006/24-25,RfS for Selection of Hybrid Power Developers for Setting up of 400 MW ISTS-connected Wind-Solar Hybrid Power Projects in India (SECI-Tranche-IX),Verification Required,0,,,,,Wind-Solar Hybrid,400.0,,2024-08-06,,,,Unknown,SECI,,RfS,https://www.seci.co.in/tender-details/YWZx,,Official tender page,Winner not found,C,Fresh,,Closed,T-dfce7a12c394,
Verification Required,2024-06-28,SECI,SECI/C&P/IPP/13/0006/24-25,RfS for Selection of Hybrid Power Developers for Setting up of 400 MW ISTS-connected Wind-Solar Hybrid Power Projects in India (SECI-Tranche-IX),Verification Required,0,,,,,Wind-Solar Hybrid,400.0,,2024-08-06,,,,Unknown,SECI,,RfS,https://www.seci.co.in/tender-details/YWZx,,Official tender page,Winner not found,C,Fresh,,Closed,dfce7a12c394,
Verification Required,2024-11-14,SECI,SECI/C&P/OP/11/016/2024-25,Domestically Manufactured Solar PV Module Package of 400 MWp under CPSU Scheme Tranche III,Verification Required,0,,,,,Solar,400.0,,2024-12-12,,,,Unknown,SECI,,Tender,https://www.seci.co.in/tender-details/YWV_,,Official tender page,Winner not found,C,Fresh,,Closed,T-7d53065b0a8e,
Verification Required,2024-11-14,SECI,SECI/C&P/OP/11/016/2024-25,Domestically Manufactured Solar PV Module Package of 400 MWp under CPSU Scheme Tranche III,Verification Required,0,,,,,Solar,400.0,,2024-12-12,,,,Unknown,SECI,,Tender,https://www.seci.co.in/tender-details/YWV_,,Official tender page,Winner not found,C,Fresh,,Closed,7d53065b0a8e,
Verification Required,,NTPC,NTPC/2015-16/NSM/TI/TEL/11,Selection of Solar Power Developers for setting up Solar PV Projects in the State of Telangana for total capacity of 350MW (10MW x 35 Projects) under OPEN Category Non solar park vide RfS No. NTPC/2015-16/NSM/TI/TEL/11,Verification Required,0,,,,,Solar,350.0,Telangana,2016-01-15,,,,Unknown,NTPC,,RfS · NEW,https://ntpctender.ntpc.co.in/NITDetails/NITs/15355,,Official tender page,Winner not found,C,Fresh,,Closed,T-62813dc9a0ca,
Verification Required,,NTPC,RE-CS-5773-004-9,"Balance of System Package for 325 MW Solar Project(s) in Shajapur Solar Park, Madhya-Pradesh.",Verification Required,0,,,,,Solar,325.0,,2022-02-25,,,,Unknown,NTPC,,Tender · NEW,https://ntpctender.ntpc.co.in/NITDetails/NITs/23831,,Official tender page,Winner not found,C,Fresh,,Closed,T-b73faee82786,
Verification Required,,NTPC,NRE-CS-5773(M)-004-9,"Supply of Solar PV Module for 325 MW Solar Project(s) in Shajapur Solar Park, Madhya-Pradesh.",Verification Required,0,,,,,Solar,325.0,,2022-12-28,,,,Unknown,NTPC,,Tender · NEW,https://ntpctender.ntpc.co.in/NITDetails/NITs/25074,,Official tender page,Winner not found,C,Fresh,,Closed,T-255a03e734ca,
Verification Required,,NTPC,NRE-CS-5785-004(EPC1)-9,310 MW FLOATING AND GROUND MOUNTED SLAR PV PROJECT AT DVC RESERVOIRS.,Verification Required,0,,,,,Unclassified,310.0,,2023-06-07,,,,Unknown,NTPC,,Tender · NEW,https://ntpctender.ntpc.co.in/NITDetails/NITs/25385,,Official tender page,Winner not found,C,Fresh,,Closed,T-4013f658dd66,
Verification Required,,NTPC,RE-CS-5914-003-9,DEVELOPMENT OF ISTS CONNECTED WIND ENERGY PROJECT(S) UP TO CAPACITY OF 300 MW ANYWHERE IN INDIA.,Verification Required,0,,,,,Wind,300.0,,2021-01-25,,,,Unknown,NTPC,,Tender · NEW,https://ntpctender.ntpc.co.in/NITDetails/NITs/22744,,Official tender page,Winner not found,C,Fresh,,Closed,T-4e06bed6f1f7,
Verification Required,,NTPC,RE-CS-5768-004-9,EPC PACKAGE WITH LAND FOR DEVELOPMENT OF GRID CONNECTED SOLAR PV PROJECTS (UPTO 300 MW) IN GUJARAT,Verification Required,0,,,,,Solar,300.0,Gujarat,2021-04-17,,,,Unknown,NTPC,,Tender · NEW,https://ntpctender.ntpc.co.in/NITDetails/NITs/22852,,Official tender page,Winner not found,C,Fresh,,Closed,T-17b0ccd6222a,
Verification Required,,NTPC,RE-CS-5916-003-9,DEVELOPMENT OF ISTS CONNECTED WIND ENERGY PROJECT(S) UP TO CAPACITY OF 300 MW ANYWHERE IN INDIA.,Verification Required,0,,,,,Wind,300.0,,2021-10-01,,,,Unknown,NTPC,,Tender · NEW,https://ntpctender.ntpc.co.in/NITDetails/NITs/23547,,Official tender page,Winner not found,C,Fresh,,Closed,T-8fbdff66adb7,
Verification Required,,NTPC,NRE-CS-5775-004-9,BALANCE OF SYSTEM PACKAGE WITH LAND FOR 300MW ISTS CONNECTED SOLAR PROJECT(S) ANYWHERE IN INDIA.,Verification Required,0,,,,,Solar,300.0,,2022-02-28,,,,Unknown,NTPC,,Tender · NEW,https://ntpctender.ntpc.co.in/NITDetails/NITs/23963,,Official tender page,Winner not found,C,Fresh,,Closed,T-eacd77e62ed2,
Verification Required,,NTPC,NRE-CS-5776-004-9,EPC PACKAGE WITH LAND FOR DEVELOPMENT OF STU CONNECTED SOLAR PV PROJECTS (UPTO 300MW) IN GUJARAT,Verification Required,0,,,,,Solar,300.0,Gujarat,2022-07-25,,,,Unknown,NTPC,,Tender · NEW,https://ntpctender.ntpc.co.in/NITDetails/NITs/24529,,Official tender page,Winner not found,C,Fresh,,Closed,T-d2e5e4e13e9f,
Verification Required,,NTPC,NRE-CS-5779-004(EPC)-9,"EPC PACKAGE FOR 300MW SOLAR PV PROJECT AT KHAVDA RE POWER PARK, RANN OF KUTCH.",Verification Required,0,,,,,Solar,300.0,,2023-05-22,,,,Unknown,NTPC,,Tender · NEW,https://ntpctender.ntpc.co.in/NITDetails/NITs/25528,,Official tender page,Winner not found,C,Fresh,,Closed,T-288d320b85c4,
Verification Required,2023-04-13,SECI,SECI/C&P/OP/11/0006/2022-23,"Tender for BOS Tender of 300 MW (AC) Ground Mounted SPV Project at Ramagiri, AP having 5 yrs Plant O&M.",Verification Required,0,,,,,Solar,300.0,,2023-10-16,,,,Unknown,SECI,,Tender,https://www.seci.co.in/tender-details/aGo,,Official tender page,Winner not found,C,Fresh,,Closed,T-1b988946c0ae,
Verification Required,2023-04-13,SECI,SECI/C&P/OP/11/0006/2022-23,"Tender for BOS Tender of 300 MW (AC) Ground Mounted SPV Project at Ramagiri, AP having 5 yrs Plant O&M.",Verification Required,0,,,,,Solar,300.0,,2023-10-16,,,,Unknown,SECI,,Tender,https://www.seci.co.in/tender-details/aGo,,Official tender page,Winner not found,C,Fresh,,Closed,1b988946c0ae,
Verification Required,,NTPC,NGEL-CS-5799-004-9,EPC PACKAGE WITH LAND FOR DEVELOPMENT OF ISTS CONNECTED GROUND MOUNTED SOLAR PV PROJECTS (UPTO 300 MW) ANYWHERE IN INDIA,Verification Required,0,,,,,Solar,300.0,,2023-11-08,,,,Unknown,NTPC,,Tender · NEW,https://ntpctender.ntpc.co.in/NITDetails/NITs/26260,,Official tender page,Winner not found,C,Fresh,,Closed,T-0c595b1c374d,
Verification Required,,NTPC,NGEL-CS-5799-004(PH-II)-9,PHASE-II 300 MW EPC PACKAGE WITH LAND FOR DEVELOPMENT OF ISTS CONNECTED GROUND MOUNTED SOLAR PV PROJECTS (UPTO 300 MW) ANYWHERE IN INDIA.,Verification Required,0,,,,,Solar,300.0,,2024-05-24,,,,Unknown,NTPC,,Tender · NEW,https://ntpctender.ntpc.co.in/NITDetails/NITs/26651,,Official tender page,Winner not found,C,Fresh,,Closed,T-abadf51d6ec9,
Verification Required,2024-03-06,SECI,SECI/C&P/OP/11/013/2023-24,"Tender for Setting up of Grid Connected 300 MW Ground Mounted Solar PV plant at Ramagiri, Andhra Pradesh.",Verification Required,0,,,,,Solar,300.0,Andhra Pradesh,2024-06-12,,,,Unknown,SECI,,Tender,https://www.seci.co.in/tender-details/YWB_,,Official tender page,Winner not found,C,Fresh,,Closed,T-f68597724bc7,
Verification Required,2024-03-06,SECI,SECI/C&P/OP/11/013/2023-24,"Tender for Setting up of Grid Connected 300 MW Ground Mounted Solar PV plant at Ramagiri, Andhra Pradesh.",Verification Required,0,,,,,Solar,300.0,Andhra Pradesh,2024-06-12,,,,Unknown,SECI,,Tender,https://www.seci.co.in/tender-details/YWB_,,Official tender page,Winner not found,C,Fresh,,Closed,f68597724bc7,
Verification Required,2024-10-25,NTPC,NREL-CS-5818-004-9,300 MW EPC PACKAGE WITH LAND FOR DEVELOPMENT OF ISTS CONNECTED GROUND MOUNTED SOLAR PV PROJECT NEAR NTPC ANTA.,Verification Required,0,,,,,Solar,300.0,,2025-04-07,,,,Unknown,NTPC,,Tender · NEW,https://ntpctender.ntpc.co.in/NITDetails/NITs/27852,,Official tender page,Winner not found,C,Fresh,,Closed,T-49d677c18048,
Verification Required,2025-03-13,NTPC,NRE-CS-5826-004(L)-9,"LAND AND POWER EVACUATION PACKAGE FOR DEVELOPMENT OF 300MW ISTS CONNECTED SOLAR PV PROJECTS WITH BATTERY ENERGY STORAGE NEAR 300MW NOKHRA SOLAR PROJECT OF NGEL, RAJASTHAN.",Verification Required,0,,,,,Transmission / Evacuation,300.0,Rajasthan,2025-08-19,,,,Unknown,NTPC,,Tender · NEW,https://ntpctender.ntpc.co.in/NITDetails/NITs/28394,,Official tender page,Winner not found,C,Fresh,,Closed,T-da3fee7259c9,
Verification Required,2025-08-13,NTPC,NRE-CS-5834-004(EPC)-9,EPC PACKAGE WITH LAND FOR DEVELOPMENT OF 300MW GRID CONNECTED SOLAR PV PROJECT ANYWHERE IN GOA,Verification Required,0,,,,,Solar,300.0,Goa,2025-08-22,,,,Unknown,NTPC,,Tender · NEW,https://ntpctender.ntpc.co.in/NITDetails/NITs/28944,,Official tender page,Winner not found,C,Fresh,,Closed,T-e4c9764168a3,
Verification Required,2025-08-22,NTPC,NREL-CS-5835-004-9,EPC WITH LAND PACKAGE FOR DEVELOPMENT OF 300 MW ISTS CONNECTED GROUND MOUNTED SOLAR PV PROJECT NEAR NTPC ANTA,Verification Required,0,,,,,Solar,300.0,,2025-08-27,,,,Unknown,NTPC,,Tender · NEW,https://ntpctender.ntpc.co.in/NITDetails/NITs/28965,,Official tender page,Winner not found,C,Fresh,,Closed,T-17f32343c6d7,
Verification Required,2026-06-01,NTPC,NRE-CS-5826-004(SOL)-9,"EPC PACKAGE FOR DEVELOPMENT OF 300MW (1x300MW) GRID CONNECTED SOLAR PV PROJECTS NEAR NOKHRA, RAJASTHAN",Verification Required,0,,,,,Solar,300.0,Rajasthan,2026-06-25,,,,Unknown,NTPC,,Tender · NEW,https://ntpctender.ntpc.co.in/NITDetails/NITs/29905,,Official tender page,Winner not found,C,Fresh,,Closed,T-72b638579b3d,
Verification Required,2026-06-15,NTPC,NREL-CS-5826-004(BESS1)-9,EPC PACKAGE FOR DEVELOPMENT OF 300MW / 1200MWH ISTS CONNECTED BESS AT NTPC REL NOKHRA SOLAR PLANT,Verification Required,0,,,,,Solar + Storage,300.0,,2026-07-17,,,,Unknown,NTPC,,Tender · NEW,https://ntpctender.ntpc.co.in/NITDetails/NITs/29964,,Official tender page,Winner not found,C,Fresh,,Closed,T-76a19cbdb074,
Verification Required,,NHPC,2025_NHPC_869566_1,"Request for Selection of Developers for Setting up Solar Power Plants (4x300 MW) for Jalaun Solar Power Park(1200 MW) in District Jalaun, Uttar Pradesh through Tariff Based Competitive Bidding",Verification Required,0,,,,,Solar,300.0,Uttar Pradesh,,,,,Unknown,NHPC,,RfS,https://www.nhpcindia.com/welcome/tender,,Official tender page,Winner not found,D,Fresh,,Delisted,5f696b3d7670,
Verification Required,,NHPC,2023_NHPC_747374_1,"EPC Contract for development of 300 MW Capacity Floating Solar Power Project and associated 220 KV transmission line for connectivity at 400 KV Grid substation alongwith Comprehensive O and M for 05 years at Rengali Reservoir Angul, Odisha",Verification Required,0,,,,,Transmission / Evacuation,300.0,Odisha,,,,,Unknown,NHPC,,Tender,https://www.nhpcindia.com/welcome/tender,,Official tender page,Winner not found,D,Fresh,,Delisted,ea5c9a00d4b6,
Verification Required,,NTPC,40039295,DEVELOPMENT OF 260 MW ( 4 BLOCKS OF 65 MW EACH) SOLAR PV POWER PROJECT IN RAJASTHAN,Verification Required,0,,,,,Solar,260.0,Rajasthan,2015-06-30,,,,Unknown,NTPC,,Tender · NEW,https://ntpctender.ntpc.co.in/NITDetails/NITs/14142,,Official tender page,Winner not found,C,Fresh,,Closed,T-7c9a4ab50607,
Verification Required,2024-04-29,NTPC,NRE-CS-5800-004(EPC3)-9,"EPC PACKAGE FOR DEVELOPMENT OF 260MW (1x260MW) GRID CONNECTED SOLAR PV PROJECT AT BIKANER, RAJASTHAN.",Verification Required,0,,,,,Solar,260.0,Rajasthan,2024-08-06,,,,Unknown,NTPC,,Tender · NEW,https://ntpctender.ntpc.co.in/NITDetails/NITs/27064,,Official tender page,Winner not found,C,Fresh,,Closed,T-fe18307ee241,
Verification Required,,NHPC,2026_NHPC_905459_1,"Lot-2a: Electro-mechanical works package (Except GSU Transformer, GIS, XLPE Cable and Switchyard Equipment) of 260 MW (2X130MW) Dulhasti Stage-II H.E Project, Kishtwar District of UT of J and K, India",Verification Required,0,,,,,Unclassified,260.0,,,,,,Unknown,NHPC,,Tender,https://www.nhpcindia.com/welcome/tender,,Official tender page,Winner not found,D,Fresh,,Delisted,4bd06ff87210,
Verification Required,,NHPC,TENDER NO. NH/CCW/CC-III /CO-406/PR-10925/83,"Lot-3 Package: Hydro-mechanical Works for All Gates and Pressure Shaft Liners for the implementation of the 260 MW Dulhasti Stage-II HE Project, in Kishtwar District of UT of J&K, India.",Verification Required,0,,,,,Hydro,260.0,Jammu and Kashmir,,,,,Unknown,NHPC,,Tender,https://www.nhpcindia.com/welcome/tender,,Official tender page,Winner not found,D,Fresh,,Delisted,0440a5f465f1,
Verification Required,,NHPC,2025_NHPC_866662_1,"Lot-2a: Electro-mechanical works package (Except GSU, GIS, XLPE & Switchyard Equipment) of 260 MW (2X130MW) Dulhasti Stage-II H.E Project, Kishtwar District of UT of J&K, India",Verification Required,0,,,,,Unclassified,260.0,Jammu and Kashmir,,,,,Unknown,NHPC,,Tender,https://www.nhpcindia.com/welcome/tender,,Official tender page,Winner not found,D,Fresh,,Delisted,dd5b95174a0b,
Verification Required,,NHPC,2025_NHPC_862404_1,Lot-I Package: Civil worksof the 260 MW Dulhasti Stage-II H.E Project,Verification Required,0,,,,,Unclassified,260.0,,,,,,Unknown,NHPC,,Tender,https://www.nhpcindia.com/welcome/tender,,Official tender page,Winner not found,D,Fresh,,Delisted,4baa0e140248,
Verification Required,,NTPC,40039276,DEVELOPMENT OF 250 MW (5 BLOCKS OF 50MW EACH) SOLAR PV POWER PROJECT IN MADHYA PRADESH,Verification Required,0,,,,,Solar,250.0,Madhya Pradesh,2015-06-01,,,,Unknown,NTPC,,Tender · NEW,https://ntpctender.ntpc.co.in/NITDetails/NITs/14141,,Official tender page,Winner not found,C,Fresh,,Closed,T-14b219a5ac11,
Verification Required,,NTPC,40042422,H T CABLES PACKAGE FOR SOLAR PV POWER PROJECT PHASE-I (250MW) IN ANANTAPUR,Verification Required,0,,,,,Solar,250.0,,2015-08-17,,,,Unknown,NTPC,,Tender · NEW,https://ntpctender.ntpc.co.in/NITDetails/NITs/14456,,Official tender page,Winner not found,C,Fresh,,Closed,T-b94f3b4c0308,
Verification Required,,NTPC,40051096,DEVELOPMENT OF 250 MW SOLAR PV PROJECT(S) AT PAVAGADA SOLAR PARK IN KARNATAKA,Verification Required,0,,,,,Solar,250.0,Karnataka,2016-03-03,,,,Unknown,NTPC,,Tender · NEW,https://ntpctender.ntpc.co.in/NITDetails/NITs/15514,,Official tender page,Winner not found,C,Fresh,,Closed,T-11b4e8d84ec1,
Verification Required,,NTPC,NTPC/2015-16/NSM/TI/AP/12,"Selection of Solar Power Developers for Setting up one Solar PV Power Project of 250MW capacity under OPEN category in Kadapa Ultra Mega Solar Park in Kadapa District of Andhra Pradesh under National Solar Mission (NSM) Phase-II, Batch-II, Tranche-I",Verification Required,0,,,,,Solar,250.0,Andhra Pradesh,2016-04-29,,,,Unknown,NTPC,,Tender · NEW,https://ntpctender.ntpc.co.in/NITDetails/NITs/15815,,Official tender page,Winner not found,C,Fresh,,Closed,T-cf8e9e17fdc8,
Verification Required,,NTPC,NTPC/2015-16/NSM/TI/AP/12(R),"Selection of Solar Power Developers for Setting up one Solar PV Power Project of 250 MW capacity under OPEN category in Kadapa Ultra Mega Solar Park in Kadapa District of Andhra Pradesh under National Solar Mission (NSM) Phase-II, Batch-II, Tranche-I",Verification Required,0,,,,,Solar,250.0,Andhra Pradesh,2016-11-17,,,,Unknown,NTPC,,Tender · NEW,https://ntpctender.ntpc.co.in/NITDetails/NITs/16930,,Official tender page,Winner not found,C,Fresh,,Closed,T-028c77ab317f,
Verification Required,,NTPC,40062422,DEVELOPMENT OF 250 MW (5 BLOCKS OF 50 MW EACH) SOLAR PHOTO VOLTAIC POWER PROJECT(S) AT PAVAGADA SOLAR PARK IN KARNATAKA,Verification Required,0,,,,,Solar,250.0,Karnataka,2017-04-10,,,,Unknown,NTPC,,Tender · NEW,https://ntpctender.ntpc.co.in/NITDetails/NITs/16768,,Official tender page,Winner not found,C,Fresh,,Closed,T-3347736b306a,
Verification Required,,NTPC,40076474,"250MW (5X50MW) WIND ENERGY PROJECT(S) IN THE STATES OF GUJARAT, ANDHRA PRADESH, KARNATAKA AND MADHYA PRADESH",Verification Required,0,,,,,Wind,250.0,Andhra Pradesh,2017-07-07,,,,Unknown,NTPC,,Tender · NEW,https://ntpctender.ntpc.co.in/NITDetails/NITs/17789,,Official tender page,Winner not found,C,Fresh,,Closed,T-a20adbdabbc4,
Verification Required,,NTPC,RE-CS-0000-BOO-1,Selection of Solar Power Developers for 250 MW Grid-connected Solar PV Power plant Under DCR Category,Verification Required,0,,,,,Solar,250.0,,2017-09-08,,,,Unknown,NTPC,,Tender · NEW,https://ntpctender.ntpc.co.in/NITDetails/NITs/17889,,Official tender page,Winner not found,C,Fresh,,Closed,T-bdad7ad70c85,
Verification Required,,NTPC,RE-CS-0000-BOO-2,NIT For Selection of Solar Power Developers for 3X250 MW Grid-connected Solar PV Power Plants to be set up in Ananthapuramu Ultra Mega Solar Park in State of Andhra Pradesh,Verification Required,0,,,,,Solar,250.0,Andhra Pradesh,2018-03-26,,,,Unknown,NTPC,,NIT · NEW,https://ntpctender.ntpc.co.in/NITDetails/NITs/18705,,Official tender page,Winner not found,C,Fresh,,Closed,T-ed03dd1e13ae,
Verification Required,,NTPC,NRE-CS-5777-005-9,Development of ISTS Connected 250 MW/500 MWh Standalone Battery Energy Storage System.,Verification Required,0,,,,,Energy Storage (BESS),250.0,,2022-08-08,,,,Unknown,NTPC,,Tender · NEW,https://ntpctender.ntpc.co.in/NITDetails/NITs/24382,,Official tender page,Winner not found,C,Fresh,,Closed,T-0760cff9bd32,
Verification Required,2024-06-12,NTPC,RE-CS-5814-005-9,BESS MAIN PACKAGE FOR DEVELOPMENT OF GRID CONNECTED 250MW/500MWH STANDALONE BESS AT NTPC-GADARWARA AND NTPC-SOLAPUR.,Verification Required,0,,,,,Energy Storage (BESS),250.0,,2024-08-20,,,,Unknown,NTPC,,Tender · NEW,https://ntpctender.ntpc.co.in/NITDetails/NITs/27277,,Official tender page,Winner not found,C,Fresh,,Closed,T-687e4f19f247,
Verification Required,2025-05-01,NTPC,NGEL-CS-5831-004(BESS)-9,EPC PACKAGE FOR DEVELOPMENT OF BATTERY ENERGY STORAGE SYSTEM (BESS) AT NTPC KAYAMKULAM (250 MW/1000 MWH).,Verification Required,0,,,,,Energy Storage (BESS),250.0,,2025-06-03,,,,Unknown,NTPC,,Tender · NEW,https://ntpctender.ntpc.co.in/NITDetails/NITs/28550,,Official tender page,Winner not found,C,Fresh,,Closed,T-06c32049b77b,
Verification Required,2025-05-30,NTPC,NRE-CS-5800-004(EPC3)-9R,"EPC PACKAGE FOR DEVELOPMENT OF 250MW (1x250MW) GRID CONNECTED SOLAR PV PROJECT AT BIKANER, RAJASTHAN",Verification Required,0,,,,,Solar,250.0,Rajasthan,2025-07-22,,,,Unknown,NTPC,,Tender · NEW,https://ntpctender.ntpc.co.in/NITDetails/NITs/28653,,Official tender page,Winner not found,C,Fresh,,Closed,T-94b0df70e976,
Verification Required,2025-12-31,NTPC,NRE-CS-5838-004(EPC)-9,"EPC PACKAGE FOR DEVELOPMENT OF 250MW SOLAR WITH 50MW/200MWH BESS PROJECT AT SITAPUR, U.P.",Verification Required,0,,,,,Solar + Storage,250.0,,2026-02-18,,,,Unknown,NTPC,,Tender · NEW,https://ntpctender.ntpc.co.in/NITDetails/NITs/29320,,Official tender page,Winner not found,C,Fresh,,Closed,T-edf758b5a8a3,
Verification Required,,NHPC,GEM/2025/B/5884423,Implementation of Automatic Generation Control (AGC) System at Subansiri Lower HE Project (8 x 250 MW) and Parbati HE Project (Stage-II) (4 x 200 MW) of NHPC Limited,Verification Required,0,,,,,Unclassified,250.0,,,,,,Unknown,NHPC,,Tender,https://www.nhpcindia.com/welcome/tender,,Official tender page,Winner not found,D,Fresh,,Delisted,2504c5e5aa27,
Verification Required,2025-05-28,NTPC,NRE-CS-5779-004(EPC3)-9R,"EPC Package for Development of 245 MW (Plot-16) Grid Connected Solar PV Project in South Block of Khavda RE Park, Rann of Kut.",Verification Required,0,,,,,Solar,245.0,,2025-07-15,,,,Unknown,NTPC,,Tender · NEW,https://ntpctender.ntpc.co.in/NITDetails/NITs/28643,,Official tender page,Winner not found,C,Fresh,,Closed,T-fe15bf1bbbfb,
Verification Required,2025-03-20,NTPC,NRE-CS-5824-004(L)-9,"Land and Power Evacuation Package for Development of 240 MW ISTS connected Solar PV Projects with Battery Energy Storage near 240 MW Devikot Solar Project of NGEL, Rajasthan",Verification Required,0,,,,,Transmission / Evacuation,240.0,Rajasthan,2025-07-04,,,,Unknown,NTPC,,Tender · NEW,https://ntpctender.ntpc.co.in/NITDetails/NITs/28414,,Official tender page,Winner not found,C,Fresh,,Closed,T-fde0ead488aa,
Verification Required,2026-06-03,NTPC,NRE-CS-5824-004(SOL)-9,"EPC PACKAGE FOR DEVELOPMENT OF 240MW (1x240MW) GRID CONNECTED SOLAR PV PROJECTS NEAR DEVIKOT, RAJASTHAN",Verification Required,0,,,,,Solar,240.0,Rajasthan,2026-06-22,,,,Unknown,NTPC,,Tender · NEW,https://ntpctender.ntpc.co.in/NITDetails/NITs/29917,,Official tender page,Winner not found,C,Fresh,,Closed,T-0927eb756d66,
Verification Required,2026-06-16,NTPC,NREL-CS-5824-004(BESS1)-9,EPC PACKAGE FOR DEVELOPMENT OF 240 MW/ 960 MWH ISTS CONNECTED BESS AT NTPC REL DEVIKOT SOLAR PLANT,Verification Required,0,,,,,Solar + Storage,240.0,,2026-07-08,,,,Unknown,NTPC,,Tender · NEW,https://ntpctender.ntpc.co.in/NITDetails/NITs/29973,,Official tender page,Winner not found,C,Fresh,,Closed,T-a3dcdb8d4277,
Verification Required,,NHPC,NH/CCW/CC-IV /CO-480/PR16526/8,Hydro-mechanical Works for All Gates and Pressure Shaft Liners for the implementation of the 240 MW Uri-I Stage-II H.E Project,Verification Required,0,,,,,Hydro,240.0,,,,,,Unknown,NHPC,,Tender,https://www.nhpcindia.com/welcome/tender,,Official tender page,Winner not found,D,Fresh,,Delisted,44f5e9192cf9,
Verification Required,,NHPC,2025_NHPC_861342_1,Lot III Electro mechanical works of 240 MW Uri I Stage II H E Project Baramulla District of UT of JK,Verification Required,0,,,,,Unclassified,240.0,,,,,,Unknown,NHPC,,Tender,https://www.nhpcindia.com/welcome/tender,,Official tender page,Winner not found,D,Fresh,,Delisted,25536f7096ca,
Verification Required,,NHPC,2025_NHPC_862315_1,"Lot-II Package : Hydro-mechanical Works for All Gates and Pressure Shaft Liners for the implementation of the 240 MW Uri-I Stage-II H.E Project, located near Boniyar, Uri villages in the Baramulla District of UT of J&amp;amp;amp;amp;K, India.",Verification Required,0,,,,,Hydro,240.0,,,,,,Unknown,NHPC,,Tender,https://www.nhpcindia.com/welcome/tender,,Official tender page,Winner not found,D,Fresh,,Delisted,860e33a54de8,
Verification Required,,NHPC,NH/CCW/CC-III/CO-389/PR10625/25,Uri-I Stage-II (240 MW) Package-I Civil Works,Verification Required,0,,,,,Unclassified,240.0,,,,,,Unknown,NHPC,,Tender,https://www.nhpcindia.com/welcome/tender,,Official tender page,Winner not found,D,Fresh,,Delisted,2b4646e2f648,
Verification Required,2025-04-04,NTPC,NRE-CS-5825-004(L)-9,"LAND AND POWER EVACUATION PACKAGE FOR DEVELOPMENT OF 230MW ISTS CONNECTED SOLAR PV PROJECTS WITH BATTERY ENERGY STORAGE NEAR 230MW ETTAYAPURAM SOLAR PROJECT OF NGEL, TAMIL NADU",Verification Required,0,,,,,Transmission / Evacuation,230.0,Tamil Nadu,2025-07-22,,,,Unknown,NTPC,,Tender · NEW,https://ntpctender.ntpc.co.in/NITDetails/NITs/28461,,Official tender page,Winner not found,C,Fresh,,Closed,T-19ccf24b8c17,
Verification Required,,NTPC,40080869,"Development of 225 MW Solar PV Power Project at Bilhaur, Uttar Pradesh",Verification Required,0,,,,,Solar,225.0,Uttar Pradesh,2017-10-24,,,,Unknown,NTPC,,Tender · NEW,https://ntpctender.ntpc.co.in/NITDetails/NITs/18104,,Official tender page,Winner not found,C,Fresh,,Closed,T-393760614a19,
Verification Required,,NTPC,GEM/2024/B/4701274,Comprehensive Operation and Maintenance of 225 MW Bilhaur Solar Power Project.,Verification Required,0,,,,,Solar,225.0,,2024-03-27,,,,Unknown,NTPC,,Tender · NEW,https://ntpctender.ntpc.co.in/NITDetails/NITs/26884,,Official tender page,Winner not found,C,Fresh,,Closed,T-b0aa9f04d11a,
Verification Required,2024-05-16,NTPC,NRE-CS-5809-004-9,"EPC PACKAGE FOR DEVELOPMENT OF 225MW GRID CONNECTED SOLAR PV PROJECTS AT GSECL SOLAR PARK (STAGE-III), KHAVDA",Verification Required,0,,,,,Solar,225.0,,2024-07-26,,,,Unknown,NTPC,,Tender · NEW,https://ntpctender.ntpc.co.in/NITDetails/NITs/27139,,Official tender page,Winner not found,C,Fresh,,Closed,T-de15f70d1bf2,
Verification Required,2026-02-11,NTPC,NRE-CS-5931-003-9,DEVELOPMENT OF WIND ENERGY PROJECT WITH 215MW CAPACITY FOR INGEL AT ISTS SUBSTATION ANANTAPUR-II IN ANDHRA PRADESH (TRANCHE-III).,Verification Required,0,,,,,Transmission / Evacuation,215.0,Andhra Pradesh,2026-03-10,,,,Unknown,NTPC,,Tender · NEW,https://ntpctender.ntpc.co.in/NITDetails/NITs/29458,,Official tender page,Winner not found,C,Fresh,,Closed,T-8f1afab1e6dd,
Verification Required,,NTPC,NTPC/EOC/9900228547,"Appointment Of Consultant (Including Hiring Of DOE) For Registration, Validation & Verification Exercise For First 05 Years For 200 MW Capacity Of 250 MW Anantpur Solar Power Project (A.P.) Under GCC (Global Carbon Council) Program.",Verification Required,0,,,,,Solar,200.0,,2021-11-24,,,,Unknown,NTPC,,Tender · NEW,https://ntpctender.ntpc.co.in/NITDetails/NITs/23698,,Official tender page,Winner not found,C,Fresh,,Closed,T-3f8659e53df5,
Verification Required,,NTPC,NRE-CS-5780-004-9,EPC PACKAGE WITH LAND FOR STU GRID CONNECTED SOLAR PV PROJECTS (UPTO 200MW) IN MADHYA PRADESH.,Verification Required,0,,,,,Solar,200.0,Madhya Pradesh,2022-06-22,,,,Unknown,NTPC,,Tender · NEW,https://ntpctender.ntpc.co.in/NITDetails/NITs/24541,,Official tender page,Winner not found,C,Fresh,,Closed,T-a6b2d538221c,
Verification Required,2025-05-01,SECI,SECI/C&P/OP/11/017/2024-25,"200 MW BoS Tender at Dhar, MP",Verification Required,0,,,,,Unclassified,200.0,,2025-06-05,,,,Unknown,SECI,,Tender,https://www.seci.co.in/tender-details/YWt-,,Official tender page,Winner not found,C,Fresh,,Closed,T-1aab8a777ca0,
Verification Required,2025-05-01,SECI,SECI/C&P/OP/11/017/2024-25,"200 MW BoS Tender at Dhar, MP",Verification Required,0,,,,,Unclassified,200.0,,2025-06-05,,,,Unknown,SECI,,Tender,https://www.seci.co.in/tender-details/YWt-,,Official tender page,Winner not found,C,Fresh,,Closed,1aab8a777ca0,
Verification Required,2026-04-02,NTPC,NRE-CS-5800-004(BOS2)-9,"BALANCE OF SYSTEM (BOS) PACKAGE FOR DEVELOPMENT OF 200MW GRID CONNECTED SOLAR PV PROJECT AT BIKANER, RAJASTHAN",Verification Required,0,,,,,Solar,200.0,Rajasthan,2026-05-06,,,,Unknown,NTPC,,Tender · NEW,https://ntpctender.ntpc.co.in/NITDetails/NITs/29651,,Official tender page,Winner not found,C,Fresh,,Closed,T-67465aa83379,
Verification Required,,NHPC,2024_NHPC_835735_1,"Pre-Commissioning/ Commissioning/ Post-Commissioning activities of Unit #1, 2, 3 &amp; Unit#4 and its Accessories of Power House of Parbati H.E. Project, Stage-II (4 X 200 MW; Pelton Turbines) (Package No. C-791).",Verification Required,0,,,,,Unclassified,200.0,,,,,,Unknown,NHPC,,Tender,https://www.nhpcindia.com/welcome/tender,,Official tender page,Winner not found,D,Fresh,,Delisted,ce90d31fa850,
Verification Required,,NHPC,2024_NHPC_805733_1,"EPC Contract for Design, Engineering, Supply, Construction, Erection, Testing, and Commissioning of 200 MW Grid connected Solar PV Power Project in GSECL’s RE Solar Park at Khavda (Stage-3), Gujarat with Comprehensive O & M for five years.",Verification Required,0,,,,,Solar,200.0,Gujarat,,,,,Unknown,NHPC,,Tender,https://www.nhpcindia.com/welcome/tender,,Official tender page,Winner not found,D,Fresh,,Delisted,7417f80eaed2,
Verification Required,,NHPC,2023_NHPC_760763_1,"Setting up of 200 MW Solar PV Power Project in 600 MW in Solar park (Stage-I) of Gujrat State Electricity Corporation Ltd (GSECL) at khavda, Gujrat",Verification Required,0,,,,,Solar,200.0,,,,,,Unknown,NHPC,,Tender,https://www.nhpcindia.com/welcome/tender,,Official tender page,Winner not found,D,Fresh,,Delisted,a25373038a30,
Verification Required,,NTPC,RE-CS-0000-BOO-7,SELECTION OF SOLAR POWER DEVELOPER FOR SETTING UP 190 MW GRID-CONNECTED SOLAR PV POWER PROJECT AT NOKH SOLAR PARK IN RAJASTHAN,Verification Required,0,,,,,Solar,190.0,Rajasthan,2021-01-27,,,,Unknown,NTPC,,Tender · NEW,https://ntpctender.ntpc.co.in/NITDetails/NITs/22751,,Official tender page,Winner not found,C,Fresh,,Closed,T-ac9dcd99b0a5,
Verification Required,,NHPC,GEM/2025/B/6850300 Dated: 04-11-2025,"Hiring of Services of Balancing Expert for Dynamic Balancing of All Three Hydro Units of (3x180MW) Chamera Power Station-1, Khairi, Chamba (H.P).",Verification Required,0,,,,,Hydro,180.0,,,,,,Unknown,NHPC,,Tender,https://www.nhpcindia.com/welcome/tender,,Official tender page,Winner not found,D,Fresh,,Delisted,f631ac5dcf5a,
Verification Required,,NHPC,NIT No. NH/TSV/CONT/MC-153/NIT-988/2024-25/296 Dated: 02/01/2025 and E-Tender No. 2025_NHPC_842423_1,"Re-babbitting of retrieved bearing pads of Turbine guide bearing, Lower guide bearing, Upper guide bearing and Thrust bearing of 3X170MW Teesta-V Power Station",Verification Required,0,,,,,Unclassified,170.0,,,,,,Unknown,NHPC,,NIT,https://www.nhpcindia.com/welcome/tender,,Official tender page,Winner not found,D,Fresh,,Delisted,da580ea91f71,
Verification Required,,NHPC,RFP- NIT No. NH/TSV/Cont/MC-153/NIT-972/2024-25/328 Dated: 14/11/2024 & E-Tender No. 2024_NHPC_ 835017 _1,"Re-babbitting of retrieved bearing pads of Turbine guide bearing, Lower guide bearing, Upper guide bearing & Thrust bearing of 3X170MW Teesta-V Power Station",Verification Required,0,,,,,Unclassified,170.0,,,,,,Unknown,NHPC,,RfP,https://www.nhpcindia.com/welcome/tender,,Official tender page,Winner not found,D,Fresh,,Delisted,b685d76a21e1,
Verification Required,,NHPC,NH/TSV/Cont/RM-192/NIT-921/2024-25/83 Dated: 26/06/2024,Providing services for Routine Mechanical Maintenance Work of Teesta-V Power House Excluding Annual / Capital Maintenance Works for Smooth Running of 3x170 MW Generating Units and Associated System for the period of two (2) years,Verification Required,0,,,,,Unclassified,170.0,,,,,,Unknown,NHPC,,NIT,https://www.nhpcindia.com/welcome/tender,,Official tender page,Winner not found,D,Fresh,,Delisted,b60fc66c044b,
Verification Required,,NTPC,NRE-CS-5917-003-9,Invitation for Bids (IFB) for 150 MW ISTS Connected Wind Energy Project (S) Anywhere in India.,Verification Required,0,,,,,Wind,150.0,,2022-03-01,,,,Unknown,NTPC,,Tender · NEW,https://ntpctender.ntpc.co.in/NITDetails/NITs/23957,,Official tender page,Winner not found,C,Fresh,,Closed,T-df1323d2d006,
Verification Required,,NTPC,NRE-CS-5808-004(L)-9,"LAND AND POWER EVACUATION PACKAGE FOR DEVELOPMENT OF 150 MW ISTS CONNECTED SOLAR PV PROJECTS IN BHADLA, RAJASTHAN.",Verification Required,0,,,,,Transmission / Evacuation,150.0,Rajasthan,2024-05-21,,,,Unknown,NTPC,,Tender · NEW,https://ntpctender.ntpc.co.in/NITDetails/NITs/26838,,Official tender page,Winner not found,C,Fresh,,Closed,T-a68b8841f181,
Verification Required,,NTPC,NTPC/2015-16/NSM/TI/NSP-RAJ/05,Selection of Solar Power Developers in the State of Rajasthan for total capacity of 130 MW (10MW x 13 Projects) under Open Category vide RfS No. NTPC/2015-16/NSM/TI/NSP-RAJ/05,Verification Required,0,,,,,Solar,130.0,Rajasthan,2015-08-05,,,,Unknown,NTPC,,RfS · NEW,https://ntpctender.ntpc.co.in/NITDetails/NITs/15357,,Official tender page,Winner not found,C,Fresh,,Closed,T-d8fe1d193335,
Verification Required,,NHPC,GEM/2026/B/7670716,Purchase of Self Lubricating Bushes for Guide Vanes of 4X130 MW Parbati-III PS,Verification Required,0,,,,,Unclassified,130.0,,,,,,Unknown,NHPC,,Tender,https://www.nhpcindia.com/welcome/tender,,Official tender page,Winner not found,D,Fresh,,Delisted,053ce3bb40e5,
Verification Required,,NHPC,NH/PPS-III/NIT/PR11926/53/1/104 Dated: 03.07.2026,Repairing and HP-HVOF coating of 01 Nos. Francis Runner of 4*130 MW Parbati-III Power Station,Verification Required,0,,,,,Unclassified,130.0,,,,,,Unknown,NHPC,,NIT,https://www.nhpcindia.com/welcome/tender,,Official tender page,Winner not found,D,Fresh,,Delisted,8fdc865e007c,
Verification Required,,NHPC,NH/PPS-III/NIT/PR11926/31/1/96 Dated 25.06.2026,Repair along with HP-HVOF coating of 02 set Damaged Guide Vanes of 130 MW Francis Turbine at Parbati-III Power Station,Verification Required,0,,,,,Unclassified,130.0,,,,,,Unknown,NHPC,,NIT,https://www.nhpcindia.com/welcome/tender,,Official tender page,Winner not found,D,Fresh,,Delisted,de9d8fcf919d,
Verification Required,,NHPC,NH/PPS-III/NIT/PR11925/234/1/220 Dated: 17.01.2026,Repair along with HP-HVOF coating of 01 set Damaged Guide Vanes of 130 MW Francis Turbine at Parbati-III Power Station,Verification Required,0,,,,,Unclassified,130.0,,,,,,Unknown,NHPC,,NIT,https://www.nhpcindia.com/welcome/tender,,Official tender page,Winner not found,D,Fresh,,Delisted,b70d139a7fdb,
Verification Required,,NHPC,GEM/2025/B/6592902,Purchase of Various items for Break Dust collector system of 130 MW hydro generator of Parbati-III Power station,Verification Required,0,,,,,Hydro,130.0,,,,,,Unknown,NHPC,,Tender,https://www.nhpcindia.com/welcome/tender,,Official tender page,Winner not found,D,Fresh,,Delisted,49a1ab061c66,
Verification Required,,NHPC,NH/PPS-III/NIT/PR11925/44/01/77 Dated: 08-09-2025,Repair along with HP-HVOF coating of 01 set damaged Guide vanes of 130 MW Francis Turbine at Parbati-III Power Station.,Verification Required,0,,,,,Unclassified,130.0,,,,,,Unknown,NHPC,,NIT,https://www.nhpcindia.com/welcome/tender,,Official tender page,Winner not found,D,Fresh,,Delisted,5a6ed38b4b9a,
Verification Required,,NHPC,NH/DPS/CONT/NIT-248/2025/E142553 dated 29.07.2025,Annual Maintenance of 3x130 MW Generating Units of Dulhasti Power Station for FY 2025-26 & 2026-27,Verification Required,0,,,,,Unclassified,130.0,,,,,,Unknown,NHPC,,NIT,https://www.nhpcindia.com/welcome/tender,,Official tender page,Winner not found,D,Fresh,,Delisted,df16b4911df7,
Verification Required,,NHPC,NH/PPS-III/NIT/PR11923/116/1/175 Dated: 02/09/2023,"Repair, replacement of lower moving labyrinth, static balancing and HP-HVOF coating of one number Runner of 130 MW Francis Turbine of Parbati-3 Power Station",Verification Required,0,,,,,Unclassified,130.0,,,,,,Unknown,NHPC,,NIT,https://www.nhpcindia.com/welcome/tender,,Official tender page,Winner not found,D,Fresh,,Delisted,cfb53d1c988f,
Verification Required,,NHPC,NH/PPS-III/NIT/PR11923/62/1/149 Dated: 08/08/2023,"Repair along with HP-HVOF coating of 20 nos. Damaged Guide Vanes (including To & Fro transportation) of 130 MW Francis Turbine, Parbati-III Power Station”.",Verification Required,0,,,,,Unclassified,130.0,,,,,,Unknown,NHPC,,NIT,https://www.nhpcindia.com/welcome/tender,,Official tender page,Winner not found,D,Fresh,,Delisted,21f543ed4b3f,
Verification Required,2024-12-20,SECI,SECI/C&P/IPP/15/00018/24-25,REQUEST FOR SELECTION (RFS) DOCUMENT FOR SETTING UP OF 125 MW/ 500 MWH STANDALONE BATTERY ENERGY STORAGE SYSTEM IN KERALA WITH VGF UNDER TARIFF-BASED GLOBAL COMPETITIVE BIDDING (ESS-3),Verification Required,0,,,,,Energy Storage (BESS),125.0,Kerala,2025-02-10,,,,Unknown,SECI,,RfS,https://www.seci.co.in/tender-details/YWp2,,Official tender page,Winner not found,C,Fresh,,Closed,T-5d73bfa178ee,
Verification Required,2024-12-20,SECI,SECI/C&P/IPP/15/00018/24-25,REQUEST FOR SELECTION (RFS) DOCUMENT FOR SETTING UP OF 125 MW/ 500 MWH STANDALONE BATTERY ENERGY STORAGE SYSTEM IN KERALA WITH VGF UNDER TARIFF-BASED GLOBAL COMPETITIVE BIDDING (ESS-3),Verification Required,0,,,,,Energy Storage (BESS),125.0,Kerala,2025-02-10,,,,Unknown,SECI,,RfS,https://www.seci.co.in/tender-details/YWp2,,Official tender page,Winner not found,C,Fresh,,Closed,5d73bfa178ee,
Verification Required,2025-12-18,SECI,SECI/C&P/IPP/15/0015/25-26,RfS for setting up of Projects of 125 MW/ 500 MWh Standalone BESS in Odisha with Viability Gap Funding supported through PSDF,Verification Required,0,,,,,Energy Storage (BESS),125.0,Odisha,2026-02-05,,,,Unknown,SECI,,RfS,https://www.seci.co.in/tender-details/YmB_,,Official tender page,Winner not found,C,Fresh,,Closed,T-361c070c7904,
Verification Required,2025-12-18,SECI,SECI/C&P/IPP/15/0015/25-26,RfS for setting up of Projects of 125 MW/ 500 MWh Standalone BESS in Odisha with Viability Gap Funding supported through PSDF,Verification Required,0,,,,,Energy Storage (BESS),125.0,Odisha,2026-02-05,,,,Unknown,SECI,,RfS,https://www.seci.co.in/tender-details/YmB_,,Official tender page,Winner not found,C,Fresh,,Closed,361c070c7904,
Verification Required,,NHPC,2025_NHPC_844873_1,Selection of BESS Developers for setting up of 125MW / 500MWh InSTS connected standalone BESS in the state of Kerala under TBCB with VGF support (NHPC-Tranche-I-BESS) (2024-25),Verification Required,0,,,,,Energy Storage (BESS),125.0,Kerala,,,,,Unknown,NHPC,,Tender,https://www.nhpcindia.com/welcome/tender,,Official tender page,Winner not found,D,Fresh,,Delisted,ffbb057aafdf,
Verification Required,,NTPC,RE-CS-5797-004-9,120 MW GROUND MOUNTED AND 56 MW FLOATING SOLAR PV PROJECT AT NTPC RAMAGUNDAM STPS.,Verification Required,0,,,,,Floating Solar,120.0,,2023-10-04,,,,Unknown,NTPC,,Tender · NEW,https://ntpctender.ntpc.co.in/NITDetails/NITs/26150,,Official tender page,Winner not found,C,Fresh,,Closed,T-c822f4218fa6,
Verification Required,,NHPC,NH/SPS/P&C/NIT-217/2026-27/150-159,Repair & HP-HVOF coating work of 01 no. Top Cover & 01 no. Lower Ring of 115 MW Hydro Generating Unit of Salal Power Station.,Verification Required,0,,,,,Hydro,115.0,,,,,,Unknown,NHPC,,NIT,https://www.nhpcindia.com/welcome/tender,,Official tender page,Winner not found,D,Fresh,,Delisted,55e781fc76dd,
Verification Required,,NTPC,NRE-CS-5779-003(WTG)-9,SUPPLY AND INSTALLATION OF WIND TURBINE GENERATORS FOR ISTS-CONNECTED WIND ENERGY PROJECT WITH NOMINAL CAPACITY OF 110 MW AT KHAVDA NTPC RE PARK.,Verification Required,0,,,,,Wind,110.0,,2023-09-07,,,,Unknown,NTPC,,Tender · NEW,https://ntpctender.ntpc.co.in/NITDetails/NITs/25983,,Official tender page,Winner not found,C,Fresh,,Closed,T-de72af94b2a5,
Verification Required,,NTPC,NRE-CS-5779-003(WTG)-9R,SUPPLY AND INSTALLATION OF WIND TURBINE GENERATORS FOR ISTS-CONNECTED WIND ENERGY PROJECT WITH NOMINAL CAPACITY OF 110 MW AT KHAVDA NTPC RE PARK.,Verification Required,0,,,,,Wind,110.0,,2024-06-04,,,,Unknown,NTPC,,Tender · NEW,https://ntpctender.ntpc.co.in/NITDetails/NITs/26949,,Official tender page,Winner not found,C,Fresh,,Closed,T-651ca70bdb18,
Verification Required,2025-02-14,NTPC,NRE-CS-5779-003(WTG)-9R1,SUPPLY AND INSTALLATION OF WIND TURBINE GENERATORS FOR ISTS-CONNECTED WIND ENERGY PROJECT WITH NOMINAL CAPACITY OF 110 MW AT KHAVDA NTPC RE PARK.,Verification Required,0,,,,,Wind,110.0,,2025-09-26,,,,Unknown,NTPC,,Tender · NEW,https://ntpctender.ntpc.co.in/NITDetails/NITs/28285,,Official tender page,Winner not found,C,Fresh,,Closed,T-8885e9602ec6,
Verification Required,,NTPC,NRE-CS-5779-003(BOS)-9,"BALANCE OF SYSTEM PACKAGE FOR 110 MW WIND ENERGY PROJECT AT KHAVDA, GUJARAT",Verification Required,0,,,,,Wind,110.0,Gujarat,2026-07-26,,,,Unknown,NTPC,,Tender · NEW,https://ntpctender.ntpc.co.in/NITDetails/NITs/30059,,Official tender page,Winner not found,C,Fresh,,Closed,T-d58cf9505679,
Verification Required,,NHPC,GEM/2026/B/7730619,"Annual Maintenance of Two Nos. Hydro-generating units (Pelton Turbine) along with Runner replacement in Unit#3 and MIV Service Seal replacement of Unit#1 of 3X110 MW Kishanganga Power Station, J & K (Pkg.-600).",Verification Required,0,,,,,Hydro,110.0,,,,,,Unknown,NHPC,,Tender,https://www.nhpcindia.com/welcome/tender,,Official tender page,Winner not found,D,Fresh,,Delisted,b815277f2060,
Verification Required,,NHPC,GEM/2025/B/6678661,"Replacement of complete Stator Assembly of 110 MW Hydro Generator (Unit-1) at Kishanganga Power Station, Bandipora, J & K (PKG-554).",Verification Required,0,,,,,Hydro,110.0,,,,,,Unknown,NHPC,,Tender,https://www.nhpcindia.com/welcome/tender,,Official tender page,Winner not found,D,Fresh,,Delisted,8f73731f7cbc,
Verification Required,,NHPC,GEM/2025/B/6535696,"Replacement of complete Stator Assembly of 110 MW Hydro Generator (Unit-1) at Kishanganga Power Station, Bandipora, J & K (PKG-544).",Verification Required,0,,,,,Hydro,110.0,,,,,,Unknown,NHPC,,Tender,https://www.nhpcindia.com/welcome/tender,,Official tender page,Winner not found,D,Fresh,,Delisted,210a85c98a7b,
Verification Required,,NHPC,GEM/2025/B/6358397,"Round the Clock Operation of E&M Plant and Machinery at Power House, Transformer Cavern, Valve House and 220 KV Switchyard of 3x110 MW Kishanganga Power Station, Bandipora, J &K (PKG-541).",Verification Required,0,,,,,Round-the-Clock / CfD / Trading,110.0,,,,,,Unknown,NHPC,,Tender,https://www.nhpcindia.com/welcome/tender,,Official tender page,Winner not found,D,Fresh,,Delisted,f2502b315e1f,
Verification Required,,NHPC,2024_NHPC_838613_1,"Repair / Re-insulation of overhang portion of 40 Nos. Stator bars and 13 Nos. Jumpers of 110MW Hydro Generator installed at Kishanganga Power Station, Bandipora, J&amp;K (PKG-510).",Verification Required,0,,,,,Hydro,110.0,,,,,,Unknown,NHPC,,Tender,https://www.nhpcindia.com/welcome/tender,,Official tender page,Winner not found,D,Fresh,,Delisted,634806ee0fe4,
Verification Required,,NHPC,2024_NHPC_831722_1,"Repair / Re-insulation of overhang portion of 40 Nos. Stator bars and 13 Nos. Jumpers of 110MW Hydro Generator installed at Kishanganga Power Station, Bandipora, J&amp;amp;amp;K (PKG-510).",Verification Required,0,,,,,Hydro,110.0,,,,,,Unknown,NHPC,,Tender,https://www.nhpcindia.com/welcome/tender,,Official tender page,Winner not found,D,Fresh,,Delisted,1cf009ef92e7,
Verification Required,,NHPC,GEM/2024/B/5258295,"Round the Clock Operation of E&M Plant and Machinery at Power House, Transformer Cavern, Valve House and 220 KV Switchyard of 3x110 MW Kishanganga Power Station, Bandipora, J &K (PKG-497)",Verification Required,0,,,,,Round-the-Clock / CfD / Trading,110.0,,,,,,Unknown,NHPC,,Tender,https://www.nhpcindia.com/welcome/tender,,Official tender page,Winner not found,D,Fresh,,Delisted,84b486478b03,
Verification Required,,NHPC,GEM/2024/B/5208466,"Round the Clock Maintenance of E&M Plant and Machinery at Power House, Transformer Cavern, Valve House and Switchyard of 3x110 MW Kishanganga Power Station, Bandipora, J &K (PKG-493).",Verification Required,0,,,,,Round-the-Clock / CfD / Trading,110.0,,,,,,Unknown,NHPC,,Tender,https://www.nhpcindia.com/welcome/tender,,Official tender page,Winner not found,D,Fresh,,Delisted,82ba5ef5992b,
Verification Required,,NHPC,GEM/2024/B/5196393 Dated: 02.08.2024,"Annual Maintenance of Two Nos. Hydro-generating units (Pelton Turbine) of 3X110 MW Kishanganga Power Station, Bandipora, J&K (PKG-492).",Verification Required,0,,,,,Hydro,110.0,Jammu and Kashmir,,,,,Unknown,NHPC,,Tender,https://www.nhpcindia.com/welcome/tender,,Official tender page,Winner not found,D,Fresh,,Delisted,fc0e3027f619,
Verification Required,,NHPC,2023_NHPC_788147_1,Repair of damaged 30 (Thirty) stator bars of 110MW Hydro generator installed at Kishanganga Power Station (PKG-462).,Verification Required,0,,,,,Hydro,110.0,,,,,,Unknown,NHPC,,Tender,https://www.nhpcindia.com/welcome/tender,,Official tender page,Winner not found,D,Fresh,,Delisted,0e26a60e6616,
Verification Required,,NHPC,2023_NHPC_784946_1,Calling service engineer (OEM) of HMC for servicing/inspection during Annual Maintenance of Generating units of 3x110 MW Kishanganga Power station(PKG-452).,Verification Required,0,,,,,Unclassified,110.0,,,,,,Unknown,NHPC,,Tender,https://www.nhpcindia.com/welcome/tender,,Official tender page,Winner not found,D,Fresh,,Delisted,b02984822337,
Verification Required,,NHPC,2023_NHPC_765899_1,Annual Maintenance of 2 Nos. Hydro-generating Units (Pelton Turbine) of 3x110 MW Kishanganga Power Station (PKG-438).,Verification Required,0,,,,,Hydro,110.0,,,,,,Unknown,NHPC,,Tender,https://www.nhpcindia.com/welcome/tender,,Official tender page,Winner not found,D,Fresh,,Delisted,747beec50427,
Verification Required,,NTPC,NTPC/2015-16/NSM/TI/NSP-RAJ/04,Selection of Solar Power Developers in the State of Rajasthan for total capacity of 100 MW (10MW x 10 Projects) under DCR Category vide RfS No. NTPC/2015-16/NSM/TI/NSP-RAJ/04,Verification Required,0,,,,,Solar,100.0,Rajasthan,2015-08-05,,,,Unknown,NTPC,,RfS · NEW,https://ntpctender.ntpc.co.in/NITDetails/NITs/14364,,Official tender page,Winner not found,C,Fresh,,Closed,T-8572ea4e6c43,
Verification Required,,NTPC,NTPC/2015-16/NSM/TI/KAR/08(R),Selection of Solar Power Developers for setting up Grid-Connected Solar PV Power Projects of 100 MW (50 MW x 02 Projects) capacityin Pavagada Solar Park in Tumkur District of Karnataka under DCR Category,Verification Required,0,,,,,Solar,100.0,Karnataka,2016-07-07,,,,Unknown,NTPC,,Tender · NEW,https://ntpctender.ntpc.co.in/NITDetails/NITs/16253,,Official tender page,Winner not found,C,Fresh,,Closed,T-0029e937e68a,
Verification Required,,NTPC,40063151,100MW (2X50MW) WIND ENERGY PROJECT(S) IN GUJARAT,Verification Required,0,,,,,Wind,100.0,Gujarat,2016-10-08,,,,Unknown,NTPC,,Tender · NEW,https://ntpctender.ntpc.co.in/NITDetails/NITs/16745,,Official tender page,Winner not found,C,Fresh,,Closed,T-1f1d044d99d5,
Verification Required,,NTPC,RE-CS-5747-004-9,IFB For Development of 100 MW Floating Solar PV Project at NTPC Ramagundam in Telangana,Verification Required,0,,,,,Floating Solar,100.0,Telangana,2019-01-10,,,,Unknown,NTPC,,Tender · NEW,https://ntpctender.ntpc.co.in/NITDetails/NITs/19869,,Official tender page,Winner not found,C,Fresh,,Closed,T-2f139ac31969,
Verification Required,,NTPC,RE-CS-0000-POP-2,IFB For Purchase of Power from existing Solar PV Power Plants and Wind Power Plants upto Cumulative Capacity of 100 MW,Verification Required,0,,,,,Solar,100.0,,2019-09-04,,,,Unknown,NTPC,,Tender · NEW,https://ntpctender.ntpc.co.in/NITDetails/NITs/20801,,Official tender page,Winner not found,C,Fresh,,Closed,T-bebe9e3dd6ab,
Verification Required,,NTPC,RE-CS-0000-POP-3,IFB For Purchase of Power from Distribution Licensee or Power Trader or Power Generator from existing Solar Power Plants of Cumulative Capacity upto 100 MW for a period of Two months,Verification Required,0,,,,,Solar,100.0,,2019-12-19,,,,Unknown,NTPC,,Tender · NEW,https://ntpctender.ntpc.co.in/NITDetails/NITs/21140,,Official tender page,Winner not found,C,Fresh,,Closed,T-25830e4ec543,
Verification Required,2020-09-11,SECI,SECI/C&P/RfB/2020/CG/100/150,"Tender for 100 MW (AC) Solar PV Project (200MWp DC capacity) along with 50MW/150 MWh Battery Energy Storage System having 10 years plant O&M at Rajnandgaon, Chhattisgarh, India",Verification Required,0,,,,,Solar + Storage,100.0,Chhattisgarh,2021-01-14,,,,Unknown,SECI,,Tender,https://www.seci.co.in/tender-details/YmI,,Official tender page,Winner not found,C,Fresh,,Closed,T-54d2a3f18a68,
Verification Required,2020-09-11,SECI,SECI/C&P/RfB/2020/CG/100/150,"Tender for 100 MW (AC) Solar PV Project (200MWp DC capacity) along with 50MW/150 MWh Battery Energy Storage System having 10 years plant O&M at Rajnandgaon, Chhattisgarh, India",Verification Required,0,,,,,Solar + Storage,100.0,Chhattisgarh,2021-01-14,,,,Unknown,SECI,,On Line,https://www.seci.co.in/tender-details/YmI,,Official tender page,Winner not found,C,Fresh,,Closed,54d2a3f18a68,
Verification Required,2021-02-05,SECI,SECI/C&P/RfP/2020/CG/100/120/OE,"Selection of Consultancy Firm for Owners Engineer (OE) services for 100 MW (AC) Solar PV Project (160MWp DC capacity) along with 40MW/120 MWh BESS at Rajnandgaon, Chhattisgarh,India",Verification Required,0,,,,,Solar + Storage,100.0,Chhattisgarh,2021-08-13,,,,Unknown,SECI,,RfP,https://www.seci.co.in/tender-details/Yms,,Official tender page,Winner not found,C,Fresh,,Closed,T-88faead54357,
Verification Required,2021-02-05,SECI,SECI/C&P/RfP/2020/CG/100/120/OE,"Selection of Consultancy Firm for Owners Engineer (OE) services for 100 MW (AC) Solar PV Project (160MWp DC capacity) along with 40MW/120 MWh BESS at Rajnandgaon, Chhattisgarh,India",Verification Required,0,,,,,Solar + Storage,100.0,Chhattisgarh,2021-08-13,,,,Unknown,SECI,,RfP,https://www.seci.co.in/tender-details/Yms,,Official tender page,Winner not found,C,Fresh,,Closed,88faead54357,
Verification Required,2021-07-09,SECI,SECI/C&P/TD/2021/CG/100,"Tender for 100 MW (AC) Solar PV Project with Land having 15 years plant O&M at Chhattisgarh, India.",Verification Required,0,,,,,Solar,100.0,Chhattisgarh,2021-12-30,,,,Unknown,SECI,,Tender,https://www.seci.co.in/tender-details/Y2Y,,Official tender page,Winner not found,C,Fresh,,Closed,T-2c18fa909bfe,
Verification Required,2021-07-09,SECI,SECI/C&P/TD/2021/CG/100,"Tender for 100 MW (AC) Solar PV Project with Land having 15 years plant O&M at Chhattisgarh, India.",Verification Required,0,,,,,Solar,100.0,Chhattisgarh,2021-12-30,,,,Unknown,SECI,,Tender,https://www.seci.co.in/tender-details/Y2Y,,Official tender page,Winner not found,C,Fresh,,Closed,2c18fa909bfe,
Verification Required,,NTPC,NRE-CS-5919-003-9,100 MW STU-CONNECTED WIND ENERGY PROJECT(S) ANYWHERE IN MADHYA PRADESH.,Verification Required,0,,,,,Wind,100.0,Madhya Pradesh,2022-06-20,,,,Unknown,NTPC,,Tender · NEW,https://ntpctender.ntpc.co.in/NITDetails/NITs/24507,,Official tender page,Winner not found,C,Fresh,,Closed,T-c4da5bef4fda,
Verification Required,2022-02-15,SECI,SECI/C&P/OP/17/002/21-22,"Design, Engineering, Supply, Construction, Erection, Testing & Commissioning of 100 MW (AC) Floating Solar PV Project having 10 years plant O&M at Getalsud Dam, Ranchi, Jharkhand, India",Verification Required,0,,,,,Floating Solar,100.0,Jharkhand,2022-06-30,,,,Unknown,SECI,,Tender,https://www.seci.co.in/tender-details/ZWI,,Official tender page,Winner not found,C,Fresh,,Closed,T-20fef13eecc1,
Verification Required,2022-02-15,SECI,SECI/C&P/OP/17/002/21-22,"Design, Engineering, Supply, Construction, Erection, Testing & Commissioning of 100 MW (AC) Floating Solar PV Project having 10 years plant O&M at Getalsud Dam, Ranchi, Jharkhand, India",Verification Required,0,,,,,Floating Solar,100.0,Jharkhand,2022-06-30,,,,Unknown,SECI,,Tender,https://www.seci.co.in/tender-details/ZWI,,Official tender page,Winner not found,C,Fresh,,Closed,20fef13eecc1,
Verification Required,2023-06-10,SECI,SECI/C&P/OP/17/009/2023-24,"Consulting Services for the Selection of Consultancy Firm for Owners Engineer Services for 100 MW SPV Project along with 40 MW/120 MWh BESS at Rajnandgaon, CG and 100 MW FSPV Project at Getalsud, JH",Verification Required,0,,,,,Solar + Storage,100.0,,2023-07-10,,,,Unknown,SECI,,Tender,https://www.seci.co.in/tender-details/aGs,,Official tender page,Winner not found,C,Fresh,,Closed,T-df199fab4f2b,
Verification Required,2023-06-10,SECI,SECI/C&P/OP/17/009/2023-24,"Consulting Services for the Selection of Consultancy Firm for Owners Engineer Services for 100 MW SPV Project along with 40 MW/120 MWh BESS at Rajnandgaon, CG and 100 MW FSPV Project at Getalsud, JH",Verification Required,0,,,,,Solar + Storage,100.0,,2023-07-10,,,,Unknown,SECI,,Tender,https://www.seci.co.in/tender-details/aGs,,Official tender page,Winner not found,C,Fresh,,Closed,df199fab4f2b,
Verification Required,2023-03-15,SECI,SECI/C&P/OP/17/007/2022-23,"Request for Bids for the Design, Engineering, Supply, Construction, Erection, Testing & Commissioning of 100 MW (AC) Floating Solar PV Project having 10 years plant O&M at Getalsud Dam, Ranchi",Verification Required,0,,,,,Floating Solar,100.0,,2023-12-04,,,,Unknown,SECI,,Tender,https://www.seci.co.in/tender-details/aGA,,Official tender page,Winner not found,C,Fresh,,Closed,T-4c908303954b,
Verification Required,2023-03-15,SECI,SECI/C&P/OP/17/007/2022-23,"Request for Bids for the Design, Engineering, Supply, Construction, Erection, Testing & Commissioning of 100 MW (AC) Floating Solar PV Project having 10 years plant O&M at Getalsud Dam, Ranchi",Verification Required,0,,,,,Floating Solar,100.0,,2023-12-04,,,,Unknown,SECI,,Tender,https://www.seci.co.in/tender-details/aGA,,Official tender page,Winner not found,C,Fresh,,Closed,4c908303954b,
Verification Required,,NTPC,CS-5791-004-9,"EPC PACKAGE FOR DEVELOPMENT OF 2X100MW GRID CONNECTED SOLAR PV PROJECTS AT GSECL SOLAR PARK (STAGE 1), KHAVDA",Verification Required,0,,,,,Solar,100.0,,2024-02-07,,,,Unknown,NTPC,,Tender · NEW,https://ntpctender.ntpc.co.in/NITDetails/NITs/25904,,Official tender page,Winner not found,C,Fresh,,Closed,T-f6a185bc918c,
Verification Required,2024-07-18,SECI,GEM/2024/B/5174454,"Tender for the “Hiring of Vehicles on Monthly basis at 100 MW (AC) Floating Solar PV Project of SECI at Getalsud Dam, Ranchi, Jharkhand”",Verification Required,0,,,,,Floating Solar,100.0,Jharkhand,2024-07-29,,,,Unknown,SECI,,Tender,https://www.seci.co.in/tender-details/YWd_,,Official tender page,Winner not found,C,Fresh,,Closed,T-44fdcfd0ce29,
Verification Required,2024-07-18,SECI,GEM/2024/B/5174454,"Tender for the “Hiring of Vehicles on Monthly basis at 100 MW (AC) Floating Solar PV Project of SECI at Getalsud Dam, Ranchi, Jharkhand”",Verification Required,0,,,,,Floating Solar,100.0,Jharkhand,2024-07-29,,,,Unknown,SECI,,Tender,https://www.seci.co.in/tender-details/YWd_,,Official tender page,Winner not found,C,Fresh,,Closed,44fdcfd0ce29,
Verification Required,2024-10-10,NTPC,RE-CS-5817-004-9,EPC PACKAGE FOR DEVELOPMENT OF 100MW/400MWh BESS AT NTPC RAMAGUNDAM.,Verification Required,0,,,,,Energy Storage (BESS),100.0,,2025-04-01,,,,Unknown,NTPC,,Tender · NEW,https://ntpctender.ntpc.co.in/NITDetails/NITs/27794,,Official tender page,Winner not found,C,Fresh,,Closed,T-7db0c2907d97,
Verification Required,2025-05-01,NTPC,NGEL-CS-5829-004(BESS)-9,EPC PACKAGE FOR DEVELOPMENT OF BATTERY ENERGY STORAGE SYSTEM (BESS) AT NTPC RAMAGUNDAM (100 MW / 400 MWH) AND SIPAT (30 MW / 120 MWH).,Verification Required,0,,,,,Energy Storage (BESS),100.0,,2025-06-03,,,,Unknown,NTPC,,Tender · NEW,https://ntpctender.ntpc.co.in/NITDetails/NITs/28549,,Official tender page,Winner not found,C,Fresh,,Closed,T-089d0e1ef83a,
Verification Required,2026-08-06,SECI,GEM/2026/B/7883396,"The procurement of Phasor Measurement Unit (PMU) for 100 MW SPV with 40 MW/120 MWh BESS Project at Rajnandgaon, Chhattisgarh",Verification Required,0,,,,,Solar + Storage,100.0,Chhattisgarh,2026-09-03,,,,Unknown,SECI,,Tender,https://www.seci.co.in/tender-details/YmR-,,Official tender page,Winner not found,C,Fresh,,Closed,T-8f1494aaf9b2,
Verification Required,2026-08-06,SECI,GEM/2026/B/7883396,"The procurement of Phasor Measurement Unit (PMU) for 100 MW SPV with 40 MW/120 MWh BESS Project at Rajnandgaon, Chhattisgarh",Verification Required,0,,,,,Solar + Storage,100.0,Chhattisgarh,2026-09-03,,,,Unknown,SECI,,Tender,https://www.seci.co.in/tender-details/YmR-,,Official tender page,Winner not found,C,Fresh,,Closed,8f1494aaf9b2,
Verification Required,,NHPC,NH/CPS-II /Cont./E-146705 /2025-26/19 Date:16.02.2026,Repair of eroded guide vanes of 100 MW Francis Hydro-turbine at Mechanical workshop Chamera-II Power Station (2025-26),Verification Required,0,,,,,Hydro,100.0,,,,,,Unknown,NHPC,,Tender,https://www.nhpcindia.com/welcome/tender,,Official tender page,Winner not found,D,Fresh,,Delisted,afc2f4edfaf6,
Verification Required,,NHPC,NH/CPS-II /Cont./E-146705 /2025-26/10 Date:09.09.2025,Repair of eroded guide vanes of 100 MW Francis Hydro-turbine at Mechanical workshop Chamera-II Power Station (2025-26),Verification Required,0,,,,,Hydro,100.0,,,,,,Unknown,NHPC,,Tender,https://www.nhpcindia.com/welcome/tender,,Official tender page,Winner not found,D,Fresh,,Delisted,eb26e1655df2,
Verification Required,,NHPC,NH/CPS-II /Cont./E- 144884/2024-25/06 Date:25.07.2025,Repair and HP-HVOF coating of 3X100 MW Francis Hydroturbine of Chamera – II Power Station.(E-FILE: 144884),Verification Required,0,,,,,Unclassified,100.0,,,,,,Unknown,NHPC,,Tender,https://www.nhpcindia.com/welcome/tender,,Official tender page,Winner not found,D,Fresh,,Delisted,1cc46745d052,
Verification Required,,NHPC,2024_NHPC_ 824245_1,Repair along with HP-HVOF coating of Runner (1 Nos.) and Guidevane set (2 sets) for 3X100 MW Francis hydro turbines of Chamera-II Power Station.,Verification Required,0,,,,,Hydro,100.0,,,,,,Unknown,NHPC,,Tender,https://www.nhpcindia.com/welcome/tender,,Official tender page,Winner not found,D,Fresh,,Delisted,04ff7091d1cb,
Verification Required,2026-05-08,SECI,SECI/C&P/OP/11/0001/26-27,"BoS Tender for Setting up of grid-connected 88 MW Ground mounted Solar PV plant at Chitradurga, Karnataka",Verification Required,0,,,,,Solar,88.0,Karnataka,2026-09-10,,,,Unknown,SECI,,Tender,https://www.seci.co.in/tender-details/Ymd1,,Official tender page,Winner not found,C,Fresh,,Delisted,9f1745658bdb,
Verification Required,,NTPC,40079403,"DEVELOPMENT OF 86 MW KAWAS-GANDHAR (65 MW AT KAWAS AND 21 MW AT GANDHAR) SOLAR PHOTO VOLTAIC PROJECT(S) IN GUJARAT, INDIA",Verification Required,0,,,,,Solar,86.0,Gujarat,2017-09-08,,,,Unknown,NTPC,,Tender · NEW,https://ntpctender.ntpc.co.in/NITDetails/NITs/17927,,Official tender page,Winner not found,C,Fresh,,Closed,T-917ecf03e16f,
Verification Required,2025-08-18,NTPC,NGEL-CS-5833-004(BESS)-9,EPC PACKAGE FOR DEVELOPMENT OF 80MW / 320 MWH BESS CAPACITY BY NGEL AT KSEB SUBSTATIONS AT POTHENCODE AND SREEKANTAPURAM IN KERALA.,Verification Required,0,,,,,Energy Storage (BESS),80.0,Kerala,2025-09-25,,,,Unknown,NTPC,,Tender · NEW,https://ntpctender.ntpc.co.in/NITDetails/NITs/28952,,Official tender page,Winner not found,C,Fresh,,Closed,T-961a8c7934e8,
Verification Required,2026-04-01,SECI,SECI/C&P/IPP/17/0001/26-27,RfP for Supply of 80 MW Power on Short-Term Basis Through Tariff-Based Competitive Bidding,Verification Required,0,,,,,Unclassified,80.0,,2026-05-04,,,,Unknown,SECI,,RfP,https://www.seci.co.in/tender-details/YmZ2,,Official tender page,Winner not found,C,Fresh,,Closed,T-51e31bd0deb3,
Verification Required,2026-04-01,SECI,SECI/C&P/IPP/17/0001/26-27,RfP for Supply of 80 MW Power on Short-Term Basis Through Tariff-Based Competitive Bidding,Verification Required,0,,,,,Unclassified,80.0,,2026-05-04,,,,Unknown,SECI,,RfP,https://www.seci.co.in/tender-details/YmZ2,,Official tender page,Winner not found,C,Fresh,,Closed,51e31bd0deb3,
Verification Required,,NHPC,2026_NHPC_923384_1,Repair and HP-HVOF Coating of 01 No Runner of 77 MW Francis Hydro-turbine (Unit#3) of Chamera-III Power Station during FY 2026-27”(Comp. No.:169791),Verification Required,0,,,,,Hydro,77.0,,,,,,Unknown,NHPC,,Tender,https://www.nhpcindia.com/welcome/tender,,Official tender page,Winner not found,D,Fresh,,Delisted,f611f7f62384,
Verification Required,,NHPC,2026_NHPC_914911_1,Repair of 40 Nos of wicket gates (02 set )of 77 MW Francis Hydro turbine of Chamera-III Power Station (Comp. No.167311),Verification Required,0,,,,,Hydro,77.0,,,,,,Unknown,NHPC,,Tender,https://www.nhpcindia.com/welcome/tender,,Official tender page,Winner not found,D,Fresh,,Delisted,2e51d8b9702b,
Verification Required,,NHPC,2026_NHPC_908479_1,Repair and HP HVOF Coating of 01 No Runner of 77 MW Francis Hydro turbine of Chamera III Power Station during FY 2026 27 (Comp No 166480),Verification Required,0,,,,,Hydro,77.0,,,,,,Unknown,NHPC,,Tender,https://www.nhpcindia.com/welcome/tender,,Official tender page,Winner not found,D,Fresh,,Delisted,03af2cacb60d,
Verification Required,,NHPC,NH/CPS- III/Cont./142370/2025-26/88 Dated:30.06.2025,"""Repair and HP-HVOF Coating of 20 Nos of wicket gates (01 set ) of 77 MW Francis Hydro-turbine of Chamera-III Power station (E-office no. 142370 )”",Verification Required,0,,,,,Hydro,77.0,,,,,,Unknown,NHPC,,Tender,https://www.nhpcindia.com/welcome/tender,,Official tender page,Winner not found,D,Fresh,,Delisted,52bc194d9ecb,
Verification Required,,NHPC,NH/CPS- III/Cont./140221/2025-26/84,“Repair and HP-HVOF Coating of 01 No Runner of 77 MW Francis Hydro-turbine of Chamera-III Power Station (E-office no. 140221),Verification Required,0,,,,,Hydro,77.0,,,,,,Unknown,NHPC,,Tender,https://www.nhpcindia.com/welcome/tender,,Official tender page,Winner not found,D,Fresh,,Delisted,c73d7f6b27e5,
Verification Required,,NHPC,2023_NHPC_766536_1,"“Repair and HP-HVOF Coating of 20 Nos. Wicket Gates (01 Set) of 77 MW Francis Hydro- Turbine of Chamera-III Power Station, Dharwala Distt. Chamba, H.P., (Pkg. No. PH-01)”",Verification Required,0,,,,,Hydro,77.0,,,,,,Unknown,NHPC,,Tender,https://www.nhpcindia.com/welcome/tender,,Official tender page,Winner not found,D,Fresh,,Delisted,69784d2b1c73,
Verification Required,,NTPC,RE-CS-5743-004-9,IFB FOR Development of 70 MW Floating Solar PV Project At Rajiv Gandhi Combined Cycle Power Project Kayamkulam in Kerala,Verification Required,0,,,,,Floating Solar,70.0,Kerala,2018-12-15,,,,Unknown,NTPC,,Tender · NEW,https://ntpctender.ntpc.co.in/NITDetails/NITs/19560,,Official tender page,Winner not found,C,Fresh,,Closed,T-c490075c3d6b,
Verification Required,2026-06-24,SECI,SECI/C&P/OP/11/0002/26-27,"Tender for Design, Engineering, Supply, Construction, Erection, Testing, Commissioning and Maintenance of 70 MW ISTS Connected Solar PV Power Project paired with 25MW/ 50MWh BESS at Ramagiri, Sri Sathya Sai District, Andhra Pradesh (Package-1: Solar+BESS)",Verification Required,0,,,,,Solar + Storage,70.0,Andhra Pradesh,2026-09-21,,,,Unknown,SECI,,Tender,https://www.seci.co.in/tender-details/YmR1,,Official tender page,Winner not found,C,Fresh,,Delisted,876f5d4e8922,
Verification Required,,NHPC,NH/DG/Contract/1092/2026-27/17,Repair and HP-HVOF coating of 02 sets (40 Nos.) of Guide Vanes (Wicket Gates) of 70 MW Francis Turbine of Dhauliganga Power Station for FY 2026-27.,Verification Required,0,,,,,Unclassified,70.0,,,,,,Unknown,NHPC,,Tender,https://www.nhpcindia.com/welcome/tender,,Official tender page,Winner not found,D,Fresh,,Delisted,fd8ccfbdb469,
Verification Required,,NHPC,NH/DG/CONTRACT/1090/2025-26/05,Repair and HP-HVOF Coating of 03 No. Runners of 70 MW Francis Hydro Turbine of Dhauliganga Power Station (2026-27),Verification Required,0,,,,,Hydro,70.0,,,,,,Unknown,NHPC,,Tender,https://www.nhpcindia.com/welcome/tender,,Official tender page,Winner not found,D,Fresh,,Delisted,c6434dc1f956,
Verification Required,,NHPC,NH/DG/Contract/1071/2025-26/48,Repair & HP-HVOF Coating of 01 No. Runners of 70 MW Francis Hydro Turbine of Dhauliganga Power Station (2025-26),Verification Required,0,,,,,Hydro,70.0,,,,,,Unknown,NHPC,,Tender,https://www.nhpcindia.com/welcome/tender,,Official tender page,Winner not found,D,Fresh,,Delisted,af4e83bd4137,
Verification Required,,NTPC,RE-CS-5732-004(R)-9,"IFB FOR DEVELOPMENT OF 65 MW KAWAS SOLAR PHOTO VOLTAIC PROJECT IN GUJARAT, INDIA.",Verification Required,0,,,,,Solar,65.0,Gujarat,2018-08-27,,,,Unknown,NTPC,,Tender · NEW,https://ntpctender.ntpc.co.in/NITDetails/NITs/18935,,Official tender page,Winner not found,C,Fresh,,Closed,T-b2c375eb88a2,
Verification Required,,NHPC,GEM/2026/B/7490737,Routine Maintenance of 4X60MW Hydro-Generating Equipment&#039;s and Auxiliaries of Uri-II Power Station,Verification Required,0,,,,,Hydro,60.0,,,,,,Unknown,NHPC,,Tender,https://www.nhpcindia.com/welcome/tender,,Official tender page,Winner not found,D,Fresh,,Delisted,406721da27e7,
Verification Required,,NHPC,2026_NHPC_ 906062_1,"Replacement of Rotating Labyrinths, any repairs required there off and HP-HVOF Coating of 1 no. Francis Runner of 60 MW Hydro-Generator of Uri-II Power station for FY 2026-27",Verification Required,0,,,,,Hydro,60.0,,,,,,Unknown,NHPC,,Tender,https://www.nhpcindia.com/welcome/tender,,Official tender page,Winner not found,D,Fresh,,Delisted,311c2f801612,
Verification Required,,NHPC,GEM/2026/B/7435705,Annual/Capital Maintenance of 4 X 60MW Hydro-Generating Units of Uri-II Power Station as per scope of work for period of two successive maintenance year i.e. 2026-27 and 2027-28.,Verification Required,0,,,,,Hydro,60.0,,,,,,Unknown,NHPC,,Tender,https://www.nhpcindia.com/welcome/tender,,Official tender page,Winner not found,D,Fresh,,Delisted,6ea020176a6b,
Verification Required,,NHPC,NH/BSPS/CC/PH/11/2025-26/095,Carrying out Annual Maintenance &amp;amp;amp; Repair of underwater parts of three Generating units of 3X60 MW of BSPS for FY 2025-26 and 2026-27,Verification Required,0,,,,,Unclassified,60.0,,,,,,Unknown,NHPC,,Tender,https://www.nhpcindia.com/welcome/tender,,Official tender page,Winner not found,D,Fresh,,Delisted,51581c7e3708,
Verification Required,,NHPC,NH/BSPS/CC/PH/57/2024-25/606,"Repair, Machining, Stress relieving and HP-HVOF Coating of Runner and Guide Vanes of 60 MW Francis Turbine of Baira Siul Power Station",Verification Required,0,,,,,Unclassified,60.0,,,,,,Unknown,NHPC,,Tender,https://www.nhpcindia.com/welcome/tender,,Official tender page,Winner not found,D,Fresh,,Delisted,f228788d23da,
Verification Required,,NHPC,GEM/2024/B/5738127,Routine Maintenance of 4X60 MW Hydro-Generating Equipments and Auxiliaries of Uri-II Power Station,Verification Required,0,,,,,Hydro,60.0,,,,,,Unknown,NHPC,,Tender,https://www.nhpcindia.com/welcome/tender,,Official tender page,Winner not found,D,Fresh,,Delisted,167a4c1055d8,
Verification Required,,NHPC,2024_NHPC_836477_1,"Replacement of Rotating Labyrinths, any repairs required there off and HP-HVOF Coating of Francis Runner of 60 MW Hydro-Generator of Uri-II Power station for FY 2024-25.",Verification Required,0,,,,,Hydro,60.0,,,,,,Unknown,NHPC,,Tender,https://www.nhpcindia.com/welcome/tender,,Official tender page,Winner not found,D,Fresh,,Delisted,c2b43c58d27c,
Verification Required,,NHPC,NH/BSPS/CC/PH/13/2024-25/142,Repair of Thrust Bearing Mirror Disc of 60 MW Francis Turbine of Baira Siul Power Station,Verification Required,0,,,,,Unclassified,60.0,,,,,,Unknown,NHPC,,Tender,https://www.nhpcindia.com/welcome/tender,,Official tender page,Winner not found,D,Fresh,,Delisted,b18a8a06b32b,
Verification Required,,NHPC,GEM/2024/B/4946744,Annual/Capital Maintenance of 4 X 60MW Hydro-Generating Units of Uri-II Power Station as per scope of work for period of two successive maintenance year i.e. 2024-25 and 2025-26,Verification Required,0,,,,,Hydro,60.0,,,,,,Unknown,NHPC,,Tender,https://www.nhpcindia.com/welcome/tender,,Official tender page,Winner not found,D,Fresh,,Delisted,11bfb5d2c139,
Verification Required,,NHPC,NH/BSPS/CC/PH/03/2024-25/66,Carrying out Annual Maintenance and Repair of underwater parts of three Generating Units of 3X60 MW of BSPS,Verification Required,0,,,,,Unclassified,60.0,,,,,,Unknown,NHPC,,Tender,https://www.nhpcindia.com/welcome/tender,,Official tender page,Winner not found,D,Fresh,,Delisted,a26b476e11dd,
Verification Required,,NHPC,NH/BSPS/CC/PH/71/2023-24/618,"Repair, Machining, Stress Relieving and HP-HVOF Coating of Runner and Guide Vanes of 60 MW Francis Turbine of Baira Siul Power Station",Verification Required,0,,,,,Unclassified,60.0,,,,,,Unknown,NHPC,,Tender,https://www.nhpcindia.com/welcome/tender,,Official tender page,Winner not found,D,Fresh,,Delisted,f426e95e18e4,
Verification Required,,NHPC,2023_NHPC_781604_1,"Replacement of Rotating Labyrinths, any repairs required there off and HP-HVOF Coating of Francis Runner of 60 MW Hydro-Generator of Uri-II Power station for FY 2023-24",Verification Required,0,,,,,Hydro,60.0,,,,,,Unknown,NHPC,,Tender,https://www.nhpcindia.com/welcome/tender,,Official tender page,Winner not found,D,Fresh,,Delisted,919a8c10240b,
Verification Required,,NHPC,GEM/2023/B/3895352,Routine Maintenance of 4X60 MW Hydro Generating Equipment and Auxiliaries of Uri-2 Power Station for 12 Months,Verification Required,0,,,,,Hydro,60.0,,,,,,Unknown,NHPC,,Tender,https://www.nhpcindia.com/welcome/tender,,Official tender page,Winner not found,D,Fresh,,Delisted,0d06658b82c7,
Verification Required,,NHPC,NH/BSPS/CC/PH/16/2023-24/127,Carrying out Annual Maintenance and Repair of underwater parts of three Generating Units of 3X60 MW of BSPS,Verification Required,0,,,,,Unclassified,60.0,,,,,,Unknown,NHPC,,Tender,https://www.nhpcindia.com/welcome/tender,,Official tender page,Winner not found,D,Fresh,,Delisted,f9def2a40025,
Verification Required,2025-05-01,NTPC,NRE-CS-5830-004-9,EPC PACKAGE FOR DEVELOPMENT OF 56 MW FLOATING SOLAR PV PROJECT WITH 60 MW / 240 MWH BATTERY ENERGY STORAGE SYSTEM (BESS) AT NTPC NORTH KARANPURA.,Verification Required,0,,,,,Solar + Storage,56.0,,2025-06-03,,,,Unknown,NTPC,,Tender · NEW,https://ntpctender.ntpc.co.in/NITDetails/NITs/28551,,Official tender page,Winner not found,C,Fresh,,Closed,T-d90383612cf9,
Verification Required,,NTPC,NTPC/2015-16/NSM/TI/TEL/10,Selection of Solar Power Developers for setting up Solar PV Projects in the State of Telangana for total capacity of 50MW (10MW x 5 Projects) under DCR Category Non solar park vide RfS No. NTPC/2015-16/NSM/TI/TEL/10,Verification Required,0,,,,,Solar,50.0,Telangana,2016-01-15,,,,Unknown,NTPC,,RfS · NEW,https://ntpctender.ntpc.co.in/NITDetails/NITs/14901,,Official tender page,Winner not found,C,Fresh,,Closed,T-c1c9a767d938,
Verification Required,,NTPC,40054805,Development of 50MW Solar PV Power Project at Salem in Tamil Nadu,Verification Required,0,,,,,Solar,50.0,Tamil Nadu,2016-05-06,,,,Unknown,NTPC,,Tender · NEW,https://ntpctender.ntpc.co.in/NITDetails/NITs/15866,,Official tender page,Winner not found,C,Fresh,,Closed,T-15daded0fe3c,
Verification Required,2021-01-06,SECI,SECI/C&P/TD/2020/TN/50,"Tender for 50 MW (AC) Solar PV Project with Land having 10 years plant OnM at Tamilnadu, India",Verification Required,0,,,,,Solar,50.0,,2022-02-07,,,,Unknown,SECI,,Tender,https://www.seci.co.in/tender-details/YmU,,Official tender page,Winner not found,C,Fresh,,Closed,T-ddbf5100f8ad,
Verification Required,2021-01-06,SECI,SECI/C&P/TD/2020/TN/50,"Tender for 50 MW (AC) Solar PV Project with Land having 10 years plant OnM at Tamilnadu, India",Verification Required,0,,,,,Solar,50.0,,2022-02-07,,,,Unknown,SECI,,Tender,https://www.seci.co.in/tender-details/YmU,,Official tender page,Winner not found,C,Fresh,,Closed,ddbf5100f8ad,
Verification Required,,NTPC,NTPC/RE/EOI-CSP/2023-24,EOI for Setting up ISTS Connected 50MW Concentrated Solar Power (CSP) Project with Thermal Energy Storage System (TESS) for 8 Hours Operation during Peak Hours and Non-Solar Hours on Build Own Operate (B-O-O) basis.,Verification Required,0,,,,,Solar + Storage,50.0,,2024-05-09,,,,Unknown,NTPC,,EOI · NEW,https://ntpctender.ntpc.co.in/NITDetails/NITs/26923,,Official tender page,Winner not found,C,Fresh,,Closed,T-d42c7ba4f5c3,
Verification Required,2026-08-28,SECI,SECI/C&P/IPP/15/0008/26-27,RfS for Utilization of 100 MWh (50 MW x 2 Hrs.) Standalone Energy Storage System on Short-Term Basis under Tariff-Based Competitive Bidding,Verification Required,0,,,,,Energy Storage (BESS),50.0,,2026-09-30,,,,Unknown,SECI,,RfS,https://www.seci.co.in/tender-details/YmVz,,Official tender page,Winner not found,C,Fresh,,Delisted,9be57a217bf3,
Verification Required,,NHPC,NH/CCW/CC-II/CO-457/PR60825/2,"Providing Insurance Cover during O&amp;amp;amp;amp;amp;amp;amp;amp;amp;amp;M period for 50MW Wind Power Project at Jaisalmer, Rajasthan for one year w.e.f. 19.06.26 to 18.06.27",Verification Required,0,,,,,Wind,50.0,Rajasthan,,,,,Unknown,NHPC,,Tender,https://www.nhpcindia.com/welcome/tender,,Official tender page,Winner not found,D,Fresh,,Delisted,22c976a3ef5c,
Verification Required,,NHPC,NH/CCW/CC-II/CO-450/PR10025/369,"Insurance Policy for Industrial All Risk (IAR) with Terrorism and war plus TPL Policy on Replacement/ Reinstatement basis, for the period 01.04.2026 to 31.03.207 for 50 MW Tamilnadu, 300 MW Bikaner, 200 MW Khavda-I, 200 MW Khavda-III, 100 MW NP Kunta, 40 MW Ganjam Solar Projects/ Power Stations",Verification Required,0,,,,,Solar,50.0,,,,,,Unknown,NHPC,,Tender,https://www.nhpcindia.com/welcome/tender,,Official tender page,Winner not found,D,Fresh,,Delisted,37e151471583,
Verification Required,,NHPC,GEM/2026/B/7135819,"Hiring of R&M Services from PAFs/ Locals for Running & Maintenance of Office cum Field Hostel of 50MW Wind Power project, Jaisalmer of NHPC Ltd",Verification Required,0,,,,,Wind,50.0,,,,,,Unknown,NHPC,,Tender,https://www.nhpcindia.com/welcome/tender,,Official tender page,Winner not found,D,Fresh,,Delisted,50979efc1175,
Verification Required,,NHPC,NH/CCW/CC-II/CO-430/PR16025/2,"Insurance Cover for 50MW Solar Power Project at Theni/ Dindigul District, Tamilnadu for one year (from 07.02.2026 to 06.02.2027)",Verification Required,0,,,,,Solar,50.0,,,,,,Unknown,NHPC,,Tender,https://www.nhpcindia.com/welcome/tender,,Official tender page,Winner not found,D,Fresh,,Delisted,04db781b70e4,
Verification Required,,NHPC,NH/CCW/CCII/CO-385/PR60824/6,"Providing Insurance Cover during O&M period for 50MW Wind Power Project at Jaisalmer, Rajasthan for one year w.e.f. 19.06.24 to 18.06.25",Verification Required,0,,,,,Wind,50.0,Rajasthan,,,,,Unknown,NHPC,,Tender,https://www.nhpcindia.com/welcome/tender,,Official tender page,Winner not found,D,Fresh,,Delisted,332eb2f756e2,
Verification Required,,NHPC,NH/CCW/CC-II/CO-353/PR16024/6,"Insurance Cover for 50MW Solar Power Project at Theni/ Dindigul District, Tamilnadu for one year (from 07.02.2025 to 06.02.2026)",Verification Required,0,,,,,Solar,50.0,,,,,,Unknown,NHPC,,Tender,https://www.nhpcindia.com/welcome/tender,,Official tender page,Winner not found,D,Fresh,,Delisted,96c39401e100,
Verification Required,,NHPC,GEM/2024/B/4856537,"Providing Insurance Cover during O&M period for 50MW Wind Power Project at Jaisalmer, Rajasthan for one year w.e.f. 19.06.24 to 18.06.25",Verification Required,0,,,,,Wind,50.0,Rajasthan,,,,,Unknown,NHPC,,Tender,https://www.nhpcindia.com/welcome/tender,,Official tender page,Winner not found,D,Fresh,,Delisted,4243f5a25dc3,
Verification Required,,NHPC,NH/WPPJ/2023/124 dated 29.12.2023,"Hiring of R&M Services for Running and Maintenance of Office Cum Field Hostel of 50 MW Wind Power Project , Jaisalmer of NHPC Ltd.",Verification Required,0,,,,,Wind,50.0,,,,,,Unknown,NHPC,,Tender,https://www.nhpcindia.com/welcome/tender,,Official tender page,Winner not found,D,Fresh,,Delisted,2f510fa8451a,
Verification Required,,NHPC,2023_NHPC_748125_1,"Engineering Procurement and Construction (EPC) contract for development of 50 MW Floating Solar Power Project and associated transmission system for Grid Connectivity along with Comprehensive O&M for 05 (Five) years at West Kallada, District-Kollam, in the state of Kerala",Verification Required,0,,,,,Floating Solar,50.0,Kerala,,,,,Unknown,NHPC,,Tender,https://www.nhpcindia.com/welcome/tender,,Official tender page,Winner not found,D,Fresh,,Delisted,da0c48762f5a,
Verification Required,,NHPC,GEM/2023/B/3335527,"Providing Insurance Cover during O&M period for 50MW Wind Power Project at Jaisalmer, Rajasthan for one year w.e.f. 19.06.23 to 18.06.24",Verification Required,0,,,,,Wind,50.0,Rajasthan,,,,,Unknown,NHPC,,Tender,https://www.nhpcindia.com/welcome/tender,,Official tender page,Winner not found,D,Fresh,,Delisted,f05677fb19a4,
Verification Required,2026-07-16,SECI,SECI/C&P/OP/11/0003/26-27,Setting up of grid-connected 45.6 MW Wind Power Project (Package 2: Wind),Verification Required,0,,,,,Wind,45.6,,2026-09-18,,,,Unknown,SECI,,Tender,https://www.seci.co.in/tender-details/YmR0,,Official tender page,Winner not found,C,Fresh,,Delisted,e671476b4d53,
Verification Required,2022-03-29,SECI,SECI/C&P/PMC/11/0003/2021-22,"Tender for Design, Engineering, Supply, Construction, Erection, Testing & Commissioning of 44 MW (AC) ground based Solar PV Power Plant at different sites including 10 years plant O&M at SCCL, Telanga",Verification Required,0,,,,,Solar,44.0,,2022-05-17,,,,Unknown,SECI,,Tender,https://www.seci.co.in/tender-details/ZWE,,Official tender page,Winner not found,C,Fresh,,Closed,T-f6f612cd83e0,
Verification Required,2022-03-29,SECI,SECI/C&P/PMC/11/0003/2021-22,"Tender for Design, Engineering, Supply, Construction, Erection, Testing & Commissioning of 44 MW (AC) ground based Solar PV Power Plant at different sites including 10 years plant O&M at SCCL, Telanga",Verification Required,0,,,,,Solar,44.0,,2022-05-17,,,,Unknown,SECI,,Tender,https://www.seci.co.in/tender-details/ZWE,,Official tender page,Winner not found,C,Fresh,,Closed,f6f612cd83e0,
Verification Required,,NHPC,GEM/2026/B/7882673 Dated: 17-08-2026,Annual Maintenance of 02 No. Unit of Sewa-II Power House (3X40MW) for the period of 02 year (i.e. 2026-27 & 2027-28) and Replacement of 01 Nos. maintenance seal of MIV of Unit#2 & Runner/Mirror Disc of Thrust Guide bearing of Unit#1. (MW-745),Verification Required,0,,,,,Unclassified,40.0,,,,,,Unknown,NHPC,,Tender,https://www.nhpcindia.com/welcome/tender,,Official tender page,Winner not found,D,Fresh,,Delisted,24c25afeb40f,
Verification Required,,NHPC,GEM/2026/B/7549248 Dated: 25-05-2026,"R&M of Electrical System, Equipment;s, Installations and Auxiliaries at (3X40 MW) Sewa-II Power house, Mashka, Distt. Kathua, UT of J&K.",Verification Required,0,,,,,Unclassified,40.0,Jammu and Kashmir,,,,,Unknown,NHPC,,Tender,https://www.nhpcindia.com/welcome/tender,,Official tender page,Winner not found,D,Fresh,,Delisted,d8e66f16c11d,
Verification Required,,NHPC,GEM/2025/B/6972537,Providing Services for Routine Maintenance Work of Generator and Turbine section of 4X40 MW TLD-IV Power House including Annual Maintenance Works related to Generator and Turbine (FY 2025-2026),Verification Required,0,,,,,Unclassified,40.0,,,,,,Unknown,NHPC,,Tender,https://www.nhpcindia.com/welcome/tender,,Official tender page,Winner not found,D,Fresh,,Delisted,d6eeeec95f55,
Verification Required,,NHPC,NH/CCW/CC-III/CO-266/PR16623/2,"Engineering Procurement and Construction (EPC) contract for development of 40 MW Capacity Solar Power Project and associated 220 KV Transmission line for connectivity at 220 KV OPTCL Transmission System through LILO Provision along with comprehensive O&M for 05 (Five) years at at Village-Landeihil, Tehsil-Jaganath Prasad, Distt-Ganjam, Odisha",Verification Required,0,,,,,Transmission / Evacuation,40.0,Odisha,,,,,Unknown,NHPC,,Tender,https://www.nhpcindia.com/welcome/tender,,Official tender page,Winner not found,D,Fresh,,Delisted,c1d9da22045b,
Verification Required,,NHPC,NH/Sewa-II/Contracts/MW-588/2023/NIT-08/94 Dated: 14.08.2023,"Annual maintenance of units, its ancillaries, transformer & switchgear with levelling/centering, alignment & dynamic balancing of two nos. of Hydro-generating units at 3X40 MW Sewa-II Power Station (MW-588)",Verification Required,0,,,,,Hydro,40.0,,,,,,Unknown,NHPC,,NIT,https://www.nhpcindia.com/welcome/tender,,Official tender page,Winner not found,D,Fresh,,Delisted,92fab24fa78f,
Verification Required,,NTPC,40079505,DEVELOPMENT OF 35 MW SIMHADRI- RAMAGUNDAM ( 20 MW AT SIMHADRI POWER PROJECT IN ANDHRA PRADESH AND 15 MW AT RAMAGUNDAM POWER PROJECT IN TELANGANA) SOLAR PHOTO VOLTAIC PROJECT,Verification Required,0,,,,,Solar,35.0,Andhra Pradesh,2017-09-15,,,,Unknown,NTPC,,Tender · NEW,https://ntpctender.ntpc.co.in/NITDetails/NITs/17977,,Official tender page,Winner not found,C,Fresh,,Closed,T-097decb75e33,
Verification Required,2024-02-22,SECI,SECI/C&P/IPP/14/0013/23-24,Limited tender for Setting up of 35 MW Grid-Connected Rooftop Solar PV Projects on Govt. Buildings in the Union Territory of Puducherry under RESCO Mode,Verification Required,0,,,,,Rooftop Solar,35.0,Puducherry,2024-06-27,,,,Unknown,SECI,,Tender,https://www.seci.co.in/tender-details/YWd1,,Official tender page,Winner not found,C,Fresh,,Closed,T-883d267aac9d,
Verification Required,2024-02-22,SECI,SECI/C&P/IPP/14/0013/23-24,Limited tender for Setting up of 35 MW Grid-Connected Rooftop Solar PV Projects on Govt. Buildings in the Union Territory of Puducherry under RESCO Mode,Verification Required,0,,,,,Rooftop Solar,35.0,Puducherry,2024-06-27,,,,Unknown,SECI,,Tender,https://www.seci.co.in/tender-details/YWd1,,Official tender page,Winner not found,C,Fresh,,Closed,883d267aac9d,
Verification Required,,NHPC,GEM/2025/B/7002564,"Annual Maintenance of Generator, Turbine and its Auxiliaries of 03 Units of 03x35 MW Units of Loktak Power Station for FY 2025-26.",Verification Required,0,,,,,Unclassified,35.0,,,,,,Unknown,NHPC,,Tender,https://www.nhpcindia.com/welcome/tender,,Official tender page,Winner not found,D,Fresh,,Delisted,17d086a7af8d,
Verification Required,2020-03-17,SECI,SECI/C&P/NIT/2020/SCCL32,TENDER DOCUMENT FOR 34 MW (AC) GROUND BASED SOLAR PV POWER PLANT FOR DIFFERENT PACKAGES AT SCCL TELANGANA STATE,Verification Required,0,,,,,Solar,34.0,Telangana,2020-06-26,,,,Unknown,SECI,,NIT,https://www.seci.co.in/tender-details/ZA,,Official tender page,Winner not found,C,Fresh,,Closed,T-4b6721edc0f4,
Verification Required,2020-03-17,SECI,SECI/C&P/NIT/2020/SCCL32,TENDER DOCUMENT FOR 34 MW (AC) GROUND BASED SOLAR PV POWER PLANT FOR DIFFERENT PACKAGES AT SCCL TELANGANA STATE,Verification Required,0,,,,,Solar,34.0,Telangana,2020-06-26,,,,Unknown,SECI,,On Line with e-Reverse Auction,https://www.seci.co.in/tender-details/ZA,,Official tender page,Winner not found,C,Fresh,,Closed,4b6721edc0f4,
Verification Required,2022-06-17,SECI,SECI/C&P/PMC/11/0002/2022-23,"Tender for setting up of grid connected 30 MW Floating Solar PV (FSPV) Plants on Raw Water Reservoirs of DVC Thermal Power Plants at Koderma, Mejia and Raghunathpur Thermal Power stations.",Verification Required,0,,,,,Floating Solar,30.0,,2022-08-01,,,,Unknown,SECI,,Tender,https://www.seci.co.in/tender-details/ZmY,,Official tender page,Winner not found,C,Fresh,,Closed,T-bc24acf73cdf,
Verification Required,2022-06-17,SECI,SECI/C&P/PMC/11/0002/2022-23,"Tender for setting up of grid connected 30 MW Floating Solar PV (FSPV) Plants on Raw Water Reservoirs of DVC Thermal Power Plants at Koderma, Mejia and Raghunathpur Thermal Power stations.",Verification Required,0,,,,,Floating Solar,30.0,,2022-08-01,,,,Unknown,SECI,,Tender,https://www.seci.co.in/tender-details/ZmY,,Official tender page,Winner not found,C,Fresh,,Closed,bc24acf73cdf,
Verification Required,2024-09-13,SECI,SECI/C&P/IPP/14/0015/24-25,Setting up of 30 MW Grid-Connected Rooftop Solar PV Projects in Andaman and Nicobar Islands under RESCO Mode,Verification Required,0,,,,,Rooftop Solar,30.0,Andaman and Nicobar,2025-04-14,,,,Unknown,SECI,,Tender,https://www.seci.co.in/tender-details/YWV1,,Official tender page,Winner not found,C,Fresh,,Closed,T-152fe936b890,
Verification Required,2024-09-13,SECI,SECI/C&P/IPP/14/0015/24-25,Setting up of 30 MW Grid-Connected Rooftop Solar PV Projects in Andaman and Nicobar Islands under RESCO Mode,Verification Required,0,,,,,Rooftop Solar,30.0,Andaman and Nicobar,2025-04-14,,,,Unknown,SECI,,Tender,https://www.seci.co.in/tender-details/YWV1,,Official tender page,Winner not found,C,Fresh,,Closed,152fe936b890,
Verification Required,,NTPC,RE-CS-5807-004-9,26 MW FLOATING SOLAR PV PROJECT AT RESERVOIR- 1B OF NTPC SIPAT.,Verification Required,0,,,,,Floating Solar,26.0,,2024-03-22,,,,Unknown,NTPC,,Tender · NEW,https://ntpctender.ntpc.co.in/NITDetails/NITs/26792,,Official tender page,Winner not found,C,Fresh,,Closed,T-0eac606a1ed7,
Verification Required,,NTPC,RE-CS-5746-004-9,IFB For Development of 25 MW Floating Solar PV Project at NTPC Simhadri in Andhra Pradesh,Verification Required,0,,,,,Floating Solar,25.0,Andhra Pradesh,2019-01-11,,,,Unknown,NTPC,,Tender · NEW,https://ntpctender.ntpc.co.in/NITDetails/NITs/19866,,Official tender page,Winner not found,C,Fresh,,Closed,T-368d413fa6dc,
Verification Required,2021-01-15,SECI,SECI/C&P/TD/2020/BCCL/25S,"Tender for 25 MW (AC) Solar PV Power Plant having 5 years Plant O&M at BCCL, Bhojudih Coal Washery, Purulia District, West Bengal, India",Verification Required,0,,,,,Solar,25.0,West Bengal,2021-04-16,,,,Unknown,SECI,,Tender,https://www.seci.co.in/tender-details/Ymo,,Official tender page,Winner not found,C,Fresh,,Closed,T-5d09f30aa031,
Verification Required,2021-01-15,SECI,SECI/C&P/TD/2020/BCCL/25S,"Tender for 25 MW (AC) Solar PV Power Plant having 5 years Plant O&M at BCCL, Bhojudih Coal Washery, Purulia District, West Bengal, India",Verification Required,0,,,,,Solar,25.0,West Bengal,2021-04-16,,,,Unknown,SECI,,On Line with e-Reverse Auction,https://www.seci.co.in/tender-details/Ymo,,Official tender page,Winner not found,C,Fresh,,Closed,5d09f30aa031,
Verification Required,2024-04-22,SECI,SECI/C&P/OP/11/014/2024-25,"Tender for Design, Engineering, Supply, Construction, Erection, Testing, Commissioning and O&M of 25 MW (AC) Solar PV Power Plant (50 MWp) with 20 MW/50 MWh Battery Energy Storage System at Taru, Leh",Verification Required,0,,,,,Solar + Storage,25.0,,2024-07-12,,,,Unknown,SECI,,Tender,https://www.seci.co.in/tender-details/YWF_,,Official tender page,Winner not found,C,Fresh,,Closed,T-5d92a3302c45,
Verification Required,2024-04-22,SECI,SECI/C&P/OP/11/014/2024-25,"Tender for Design, Engineering, Supply, Construction, Erection, Testing, Commissioning and O&M of 25 MW (AC) Solar PV Power Plant (50 MWp) with 20 MW/50 MWh Battery Energy Storage System at Taru, Leh",Verification Required,0,,,,,Solar + Storage,25.0,,2024-07-12,,,,Unknown,SECI,,Tender,https://www.seci.co.in/tender-details/YWF_,,Official tender page,Winner not found,C,Fresh,,Closed,5d92a3302c45,
Verification Required,,NTPC,RE-CS-5749-004(SI)-9,IFB for Solar-Inverter Package of 23 MW Solapur Solar PV Project.,Verification Required,0,,,,,Solar,23.0,,2020-07-10,,,,Unknown,NTPC,,Tender · NEW,https://ntpctender.ntpc.co.in/NITDetails/NITs/21429,,Official tender page,Winner not found,C,Fresh,,Closed,T-ade2f540060c,
Verification Required,,NTPC,RE-CS-5749-004(MMS)-9,IFB For Module Mounting Structure for 23 MW solar PV Project at NTPC-Solapur,Verification Required,0,,,,,Solar,23.0,,2020-07-20,,,,Unknown,NTPC,,Tender · NEW,https://ntpctender.ntpc.co.in/NITDetails/NITs/21450,,Official tender page,Winner not found,C,Fresh,,Closed,T-e7225b131637,
Verification Required,,NTPC,40079404,Development of 22MW (1 X 22MW) Solar PV Project at Auraiya in Uttar Pradesh,Verification Required,0,,,,,Solar,22.0,Uttar Pradesh,2017-09-08,,,,Unknown,NTPC,,Tender · NEW,https://ntpctender.ntpc.co.in/NITDetails/NITs/17929,,Official tender page,Winner not found,C,Fresh,,Closed,T-4b07191432ef,
Verification Required,,NTPC,RE-CS-5742-004-9,IFB FOR Development of 22 MW Floating Solar PV Project At RGCCPP Kayamkulam in Kerala.,Verification Required,0,,,,,Floating Solar,22.0,Kerala,2018-07-23,,,,Unknown,NTPC,,Tender · NEW,https://ntpctender.ntpc.co.in/NITDetails/NITs/19053,,Official tender page,Winner not found,C,Fresh,,Closed,T-6991de043c9f,
Verification Required,,NTPC,RE-CS-5733-004(R)-9,IFB FOR DEVELOPMENT OF 22 MW SOLAR PV PROJECT AT AURAIYA IN UTTAR PRADESH,Verification Required,0,,,,,Solar,22.0,Uttar Pradesh,2018-08-27,,,,Unknown,NTPC,,Tender · NEW,https://ntpctender.ntpc.co.in/NITDetails/NITs/18934,,Official tender page,Winner not found,C,Fresh,,Closed,T-16e43183316d,
Verification Required,2022-05-18,SECI,SECI/C&P/PMC/11/0001/2022-23,"Tender for Design, Engineering, Supply, Construction, Erection, Testing, Commissioning and O&M of 22 MW (AC) OB Dump based Solar PV Power Plant at RG OC 1",Verification Required,0,,,,,Solar,22.0,,2022-06-29,,,,Unknown,SECI,,Tender,https://www.seci.co.in/tender-details/ZWU,,Official tender page,Winner not found,C,Fresh,,Closed,T-032d5bc17b80,
Verification Required,2022-05-18,SECI,SECI/C&P/PMC/11/0001/2022-23,"Tender for Design, Engineering, Supply, Construction, Erection, Testing, Commissioning and O&M of 22 MW (AC) OB Dump based Solar PV Power Plant at RG OC 1",Verification Required,0,,,,,Solar,22.0,,2022-06-29,,,,Unknown,SECI,,Tender,https://www.seci.co.in/tender-details/ZWU,,Official tender page,Winner not found,C,Fresh,,Closed,032d5bc17b80,
Verification Required,,NTPC,RE-CS-5734-004-9(R),"NIT FOR DEVELOPMENT OF 20 MW (EARLIER 21 MW) SOLAR PV PROJECT AT GANDHAR IN GUJARAT, INDIA",Verification Required,0,,,,,Solar,20.0,Gujarat,2018-08-31,,,,Unknown,NTPC,,NIT · NEW,https://ntpctender.ntpc.co.in/NITDetails/NITs/18995,,Official tender page,Winner not found,C,Fresh,,Closed,T-f03ee7fd3b8f,
Verification Required,,NTPC,RE-CS-5745-004-9,IFB For Development of 20 MW Floater Solar Power Project at the Reservoir of NTPC Auraiya Gas Power Plant at Dibiyapur in Auraiya district of Uttar Pradesh,Verification Required,0,,,,,Solar,20.0,Uttar Pradesh,2019-01-10,,,,Unknown,NTPC,,Tender · NEW,https://ntpctender.ntpc.co.in/NITDetails/NITs/19883,,Official tender page,Winner not found,C,Fresh,,Closed,T-969a2d3dc78e,
Verification Required,,NTPC,RE-CS-5744-004-9,"IFB FOR Development of 20 MW Floating Solar Power Project at NTPC Anta Gas Power Station, Anta, Rajasthan",Verification Required,0,,,,,Floating Solar,20.0,Rajasthan,2019-02-17,,,,Unknown,NTPC,,Tender · NEW,https://ntpctender.ntpc.co.in/NITDetails/NITs/19952,,Official tender page,Winner not found,C,Fresh,,Closed,T-479b57f66124,
Verification Required,,NTPC,RE-CS-5757-004-9,INVITATION FOR BIDS (IFB) FOR DEVELOPMENT OF 20 MW SOLAR PV PROJECT AT NTPC- RIHAND,Verification Required,0,,,,,Solar,20.0,,2019-08-14,,,,Unknown,NTPC,,Tender · NEW,https://ntpctender.ntpc.co.in/NITDetails/NITs/20693,,Official tender page,Winner not found,C,Fresh,,Closed,T-871db59593ca,
Verification Required,,NTPC,RE-CS-5745-004-9(R),IFB For Development of 20 MW Floater Solar Power Project at the Reservoir of NTPC Auraiya Gas Power Plant at Dibiyapur in Auraiya district of Uttar Pradesh,Verification Required,0,,,,,Solar,20.0,Uttar Pradesh,2019-08-20,,,,Unknown,NTPC,,Tender · NEW,https://ntpctender.ntpc.co.in/NITDetails/NITs/20745,,Official tender page,Winner not found,C,Fresh,,Closed,T-05e72429a309,
Verification Required,2020-12-24,SECI,SECI/C&P/TD/2020/LEH/20S/20B,"Tender for 20 MW (AC) Solar PV Power Plant (50 MWp DC) with 20 MW / 50 MWh BESS at Phyang, Leh, UT of Ladakh, India.",Verification Required,0,,,,,Solar + Storage,20.0,Ladakh,2021-03-10,,,,Unknown,SECI,,Tender,https://www.seci.co.in/tender-details/YmQ,,Official tender page,Winner not found,C,Fresh,,Closed,T-05e822c2a54c,
Verification Required,2020-12-24,SECI,SECI/C&P/TD/2020/LEH/20S/20B,"Tender for 20 MW (AC) Solar PV Power Plant (50 MWp DC) with 20 MW / 50 MWh BESS at Phyang, Leh, UT of Ladakh, India.",Verification Required,0,,,,,Solar + Storage,20.0,Ladakh,2021-03-10,,,,Unknown,SECI,,On Line with e-Reverse Auction,https://www.seci.co.in/tender-details/YmQ,,Official tender page,Winner not found,C,Fresh,,Closed,05e822c2a54c,
Verification Required,2024-07-24,NTPC,RE-CS-5812-004-9,"20 MW GROUND MOUNTED SOLAR PV PROJECT IN THE MGR BULB AREA OF NTPC VINDHYACHAL, P.O. Vindhyanagar, Singrauli, MP.",Verification Required,0,,,,,Solar,20.0,,2024-10-21,,,,Unknown,NTPC,,Tender · NEW,https://ntpctender.ntpc.co.in/NITDetails/NITs/27450,,Official tender page,Winner not found,C,Fresh,,Closed,T-1fcba23871a9,
Verification Required,,NHPC,NH-RPS-PH012(12)/3/2026-PH/53,Repair of Damaged Runners of 20MW Francis Hydro Turbine of Rangit Power Station,Verification Required,0,,,,,Hydro,20.0,,,,,,Unknown,NHPC,,Tender,https://www.nhpcindia.com/welcome/tender,,Official tender page,Winner not found,D,Fresh,,Delisted,2dac828dcb42,
Verification Required,,NHPC,NH-RPS-PH012(13)/4/2026-PH/52,Annual Maintenance of 3X20 MW Hydro-generating Units of Rangit Power Station for the year 2026-27 as defined at Special Technical Requirement,Verification Required,0,,,,,Hydro,20.0,,,,,,Unknown,NHPC,,Tender,https://www.nhpcindia.com/welcome/tender,,Official tender page,Winner not found,D,Fresh,,Delisted,e2f1736e00dc,
Verification Required,,NHPC,NH-RPS-PH012(12)/1/2026-PH/213,Repair & Maintenance of GSU Transformer of 3 X 20 MW Rangit Power Station,Verification Required,0,,,,,Unclassified,20.0,,,,,,Unknown,NHPC,,Tender,https://www.nhpcindia.com/welcome/tender,,Official tender page,Winner not found,D,Fresh,,Delisted,9b342c38e186,
Verification Required,,NHPC,NH-RPS-PH012(13)/9/2025-PH/80,Annual Maintenance work of 3x20 MW Hydro-generating units of Rangit Power for 2025-26,Verification Required,0,,,,,Hydro,20.0,,,,,,Unknown,NHPC,,Tender,https://www.nhpcindia.com/welcome/tender,,Official tender page,Winner not found,D,Fresh,,Delisted,135691519391,
Verification Required,,NHPC,GEM/2025/B/6481242,Purchase of Guide Vane Servo Motor (LH & RH) for 3x20 MW Hydro Generating unit of Rangit Power Station,Verification Required,0,,,,,Hydro,20.0,,,,,,Unknown,NHPC,,Tender,https://www.nhpcindia.com/welcome/tender,,Official tender page,Winner not found,D,Fresh,,Delisted,1a41a912a255,
Verification Required,,NHPC,GEM/2025/B/6304847,Purchase of Guide Vane Servo Motor (LH & RH) for 3x20 MW Hydro Generating unit of Rangit Power Station,Verification Required,0,,,,,Hydro,20.0,,,,,,Unknown,NHPC,,Tender,https://www.nhpcindia.com/welcome/tender,,Official tender page,Winner not found,D,Fresh,,Delisted,3c981d484f2d,
Verification Required,,NHPC,GEM/2025/B/6294043,"Purchase of Top Cover, TGB Housing & Thrust Pads for 3 X 20 MW Rangit Power Station",Verification Required,0,,,,,Unclassified,20.0,,,,,,Unknown,NHPC,,Tender,https://www.nhpcindia.com/welcome/tender,,Official tender page,Winner not found,D,Fresh,,Delisted,17334ad68161,
Verification Required,,NTPC,40058676,"DETAILED INVITATION FOR BIDS (IFB) FOR 18 MW SOLAR PHOTO VOLTAIC PROJECT AT CHIDIYATAPU, A&N ISLANDS",Verification Required,0,,,,,Solar,18.0,Andaman and Nicobar,2016-07-27,,,,Unknown,NTPC,,Tender · NEW,https://ntpctender.ntpc.co.in/NITDetails/NITs/16294,,Official tender page,Winner not found,C,Fresh,,Closed,T-83c891841a55,
Verification Required,2025-09-12,SECI,SECI/C&P/IPP/11/0010/25-26,RfS for Setting up of 17768 kW Grid-Connected RTSPV project in Puducherry (RTSPV-Tranche-V),Verification Required,0,,,,,Rooftop Solar,17.768,Puducherry,2025-12-23,2026-04-06,2028-04-06,,Derived: 24 months from award (Solar),SECI,,RfS,https://www.seci.co.in/tender-details/YmN_,https://news.google.com/rss/articles/CBMivgFBVV95cUxObktlSFA5S0lQUGdyMDFDRDVTLWlDRFBFbnFUcGtURUg2VUJqNXA1WkdMZ0lTeUNLUjNfeG9TLTd5dmNOWlVxbWdDQTFTdW9JdFFOaTdTSzhLZWNSZHA3TmZnSXJlZzFVUDdfMXVKb1pFWmUyN3hDRjFNdnVQcmJrai1KODlqUXFWYnhSUDFTMEhOMXhwZ2NtMlhidU5xblFXOWZvazJGZU1Ta0w2S3U1UXBQemFpV1NfeFRFRWd3?oc=5,Official tender page,Winner not found,C,Fresh,,Closed,T-8288f555991a,
Verification Required,,NTPC,40063952,"17 MW SOLAR PV PROJECT AT MANGLUTAN IN SOUTH ANDAMAN, A&N ISLANDS",Verification Required,0,,,,,Solar,17.0,Andaman and Nicobar,2016-11-17,,,,Unknown,NTPC,,Tender · NEW,https://ntpctender.ntpc.co.in/NITDetails/NITs/16850,,Official tender page,Winner not found,C,Fresh,,Closed,T-b62e3230a51a,
Verification Required,,NTPC,40073898,"BATTERY ENERGY STORAGE SYSTEM FOR 17 MW SOLAR PV PROJECT AT MANGLUTAN IN SOUTH ANDAMAN, A&N ISLANDS",Verification Required,0,,,,,Solar + Storage,17.0,Andaman and Nicobar,2017-06-02,,,,Unknown,NTPC,,Tender · NEW,https://ntpctender.ntpc.co.in/NITDetails/NITs/17629,,Official tender page,Winner not found,C,Fresh,,Closed,T-92df50d942c4,
Verification Required,,NTPC,RE-CS-5728-004-9,"IFB For Development of 17 MW Solar PV Plant alongwith Battery Energy Storage System (BESS) at Manglutan, South Andaman, A&N Island",Verification Required,0,,,,,Solar + Storage,17.0,,2018-09-04,,,,Unknown,NTPC,,Tender · NEW,https://ntpctender.ntpc.co.in/NITDetails/NITs/18719,,Official tender page,Winner not found,C,Fresh,,Closed,T-2babca240d46,
Verification Required,,NTPC,40080727,Development of 15 MW Ground Mounted Solar PV Project at NTPC Kayamkulam in Kerala,Verification Required,0,,,,,Solar,15.0,Kerala,2017-11-03,,,,Unknown,NTPC,,Tender · NEW,https://ntpctender.ntpc.co.in/NITDetails/NITs/18134,,Official tender page,Winner not found,C,Fresh,,Closed,T-2cdf4bb4ca56,
Verification Required,,NTPC,RE-CS-5737-004-9(R),DETAILED INVITATION FOR BIDS (IFB) FOR DEVELOPMENT OF 15MW SOLAR PV PROJECT AT RAMAGUNDAM IN TELANGANA,Verification Required,0,,,,,Solar,15.0,Telangana,2018-08-25,,,,Unknown,NTPC,,Tender · NEW,https://ntpctender.ntpc.co.in/NITDetails/NITs/18994,,Official tender page,Winner not found,C,Fresh,,Closed,T-9dca080fd6b4,
Verification Required,,NTPC,RE-CS-5739-004(R)-9,IFB For Development of 15 MW Ground Mounted Solar PV Project at NTPC Kayamkulam in Kerala,Verification Required,0,,,,,Solar,15.0,Kerala,2018-08-27,,,,Unknown,NTPC,,Tender · NEW,https://ntpctender.ntpc.co.in/NITDetails/NITs/18933,,Official tender page,Winner not found,C,Fresh,,Closed,T-195f62d62309,
Verification Required,,NTPC,RE-CS-5748-004-9,IFB FOR Development of 15 MW Floating Solar PV Project at NTPC Koldam HEPP,Verification Required,0,,,,,Floating Solar,15.0,,2019-07-10,,,,Unknown,NTPC,,Tender · NEW,https://ntpctender.ntpc.co.in/NITDetails/NITs/19972,,Official tender page,Winner not found,C,Fresh,,Closed,T-857817a5383f,
Verification Required,2020-04-04,SECI,SECI/C&P/NIT/2020/SCCL15,Tender for 15 MW (AC) Floating Solar PV Power Plant for different sites at SCCL Telangana State,Verification Required,0,,,,,Floating Solar,15.0,Telangana,2020-07-10,,,,Unknown,SECI,,NIT,https://www.seci.co.in/tender-details/Yg,,Official tender page,Winner not found,C,Fresh,,Closed,T-8ad78e85def2,
Verification Required,2020-04-04,SECI,SECI/C&P/NIT/2020/SCCL15,Tender for 15 MW (AC) Floating Solar PV Power Plant for different sites at SCCL Telangana State,Verification Required,0,,,,,Floating Solar,15.0,Telangana,2020-07-10,,,,Unknown,SECI,,On Line with e-Reverse Auction,https://www.seci.co.in/tender-details/Yg,,Official tender page,Winner not found,C,Fresh,,Closed,8ad78e85def2,
Verification Required,2020-07-02,SECI,SECI/C&P/SPD/RfS/15MW/BBMB/072020,"15MW Grid Connected Floating Solar PV Power Plant at Nangal Pond, Himachal Pradesh",Verification Required,0,,,,,Floating Solar,15.0,Himachal Pradesh,2022-01-07,,,,Unknown,SECI,,RfS,https://www.seci.co.in/tender-details/YWQ,,Official tender page,Winner not found,C,Fresh,,Closed,T-5d3d1d5729bb,
Verification Required,2020-07-02,SECI,SECI/C&P/SPD/RfS/15MW/BBMB/072020,"15MW Grid Connected Floating Solar PV Power Plant at Nangal Pond, Himachal Pradesh",Verification Required,0,,,,,Floating Solar,15.0,Himachal Pradesh,2022-01-07,,,,Unknown,SECI,,RfS,https://www.seci.co.in/tender-details/YWQ,,Official tender page,Winner not found,C,Fresh,,Closed,5d3d1d5729bb,
Verification Required,2023-07-07,SECI,SECI/C&P/IPP/14/0002/23-24,RfS for Setting up of 15 MW of GCRT SPV Projects on Government buildings under RESCO mode,Verification Required,0,,,,,Rooftop Solar,15.0,,2023-12-26,,,,Unknown,SECI,,RfS,https://www.seci.co.in/tender-details/aWE,,Official tender page,Winner not found,C,Fresh,,Closed,T-0a9e2e1f8aa3,
Verification Required,2023-07-07,SECI,SECI/C&P/IPP/14/0002/23-24,RfS for Setting up of 15 MW of GCRT SPV Projects on Government buildings under RESCO mode,Verification Required,0,,,,,Rooftop Solar,15.0,,2023-12-26,,,,Unknown,SECI,,RfS,https://www.seci.co.in/tender-details/aWE,,Official tender page,Winner not found,C,Fresh,,Closed,0a9e2e1f8aa3,
Verification Required,,NHPC,NBPS/CnP/2026-27/W-40/267,Annual Maintenance of 03 (Three) Nos. of Generating Units of (3X15 MW) Nimoo Bazgo Power Station,Verification Required,0,,,,,Unclassified,15.0,,,,,,Unknown,NHPC,,Tender,https://www.nhpcindia.com/welcome/tender,,Official tender page,Winner not found,D,Fresh,,Delisted,f0a0cb55f110,
Verification Required,,NHPC,NBPS/CnP/2026-27/W-38/265,"Repair of one number Runner (RN#3) of 3X15 MW Nimoo Bazgo Power Station, Alchi, Distt. Sham, Ladakh",Verification Required,0,,,,,Unclassified,15.0,Ladakh,,,,,Unknown,NHPC,,Tender,https://www.nhpcindia.com/welcome/tender,,Official tender page,Winner not found,D,Fresh,,Delisted,a213f2199fcb,
Verification Required,,NHPC,NBPS/CnP/2025-26/W-29/256,"Repair of one number Runner (RN#4) of 3X15 MW Nimoo Bazgo Power Station, Alchi, Leh-Ladakh",Verification Required,0,,,,,Unclassified,15.0,Ladakh,,,,,Unknown,NHPC,,Tender,https://www.nhpcindia.com/welcome/tender,,Official tender page,Winner not found,D,Fresh,,Delisted,9845e3099b25,
Verification Required,2020-01-31,SECI,SECI/C&P/RfS/PMDP/LK/2020,Request for Selection (RfS) for setting up of 14 MW Solar Power Plants with 42 MWh BESS (7 MW / 21 MWh each at Leh and Kargil) under PMDP,Verification Required,0,,,,,Solar + Storage,14.0,,2020-09-30,,,,Unknown,SECI,,RfS,https://www.seci.co.in/tender-details/YWM,,Official tender page,Winner not found,C,Fresh,,Closed,T-eecb36ab7aa0,
Verification Required,2020-01-31,SECI,SECI/C&P/RfS/PMDP/LK/2020,Request for Selection (RfS) for setting up of 14 MW Solar Power Plants with 42 MWh BESS (7 MW / 21 MWh each at Leh and Kargil) under PMDP,Verification Required,0,,,,,Solar + Storage,14.0,,2020-09-30,,,,Unknown,SECI,,On Line with e-Reverse Auction,https://www.seci.co.in/tender-details/YWM,,Official tender page,Winner not found,C,Fresh,,Closed,eecb36ab7aa0,
Verification Required,2026-05-29,SECI,SECI/C&P/IPP/11/0005/26-27,RfS for setting up of 12250 kW Grid-Connected Rooftop Solar PV Projects on JNV Buildings (Phase-II) under RESCO Mode through Tenure-based Competitive Bidding (RTSPV-Tranche-XI),Verification Required,0,,,,,Rooftop Solar,12.25,,2026-07-10,,,,Unknown,SECI,,RfS,https://www.seci.co.in/tender-details/Ymdx,,Official tender page,Winner not found,C,Fresh,,Closed,T-9732f72d896a,
Verification Required,2024-07-26,SECI,SECI/C&P/PMC/11/03/2024-25,"Tender for Design, Engineering, Supply, Construction, Erection, Testing, Commissioning and O&M of 12 MW (AC) Solar PV Power Plant System at Phey, Leh, UT of Ladakh, India",Verification Required,0,,,,,Solar,12.0,Ladakh,2024-09-27,,,,Unknown,SECI,,Tender,https://www.seci.co.in/tender-details/YWR3,,Official tender page,Winner not found,C,Fresh,,Closed,T-c2697f90ad42,
Verification Required,2024-07-26,SECI,SECI/C&P/PMC/11/03/2024-25,"Tender for Design, Engineering, Supply, Construction, Erection, Testing, Commissioning and O&M of 12 MW (AC) Solar PV Power Plant System at Phey, Leh, UT of Ladakh, India",Verification Required,0,,,,,Solar,12.0,Ladakh,2024-09-27,,,,Unknown,SECI,,Tender,https://www.seci.co.in/tender-details/YWR3,,Official tender page,Winner not found,C,Fresh,,Closed,c2697f90ad42,
Verification Required,,NTPC,NTPC/2015-16/NSM/TI/NSP-UP/06,"Selection of Solar Power Developers for Setting up Solar PV Power Projects (10MW x 10 Projects) in Uttar Pradesh under National Solar Mission (NSM) Phase-II, Batch-II, Tranche-I",Verification Required,0,,,,,Solar,10.0,Uttar Pradesh,2015-09-17,,,,Unknown,NTPC,,Tender · NEW,https://ntpctender.ntpc.co.in/NITDetails/NITs/14616,,Official tender page,Winner not found,C,Fresh,,Closed,T-04e665a127c0,
Verification Required,,NTPC,RE-CS-0000-004 (F/GM<50)-9,NOTICE INVING APPLICATIONS (NIA) FOR ENLISTMENT OF EPC VENDORS FOR FLOATING / GROUND MOUNTED SOLAR PV PROJECTS FROM 10 MW (INCLUDING) CAPACITY TO BELOW 50 MW CAPACITY,Verification Required,0,,,,,Solar,10.0,,2019-07-19,,,,Unknown,NTPC,,Tender · NEW,https://ntpctender.ntpc.co.in/NITDetails/NITs/20653,,Official tender page,Winner not found,C,Fresh,,Closed,T-62ad57afbfe7,
Verification Required,2020-06-11,SECI,SECI/C&P/SPD/RfS/10MW SPV/BK-RJ/062020,"Selection of Solar Power Developers for Setting up of 10 MW Grid Connected Solar PV Power Project to be installed at Bagru, Jaipur District, Rajasthan under Competitive Bidding",Verification Required,0,,,,,Solar,10.0,Rajasthan,2020-08-07,,,,Unknown,SECI,,RfS,https://www.seci.co.in/tender-details/YWY,,Official tender page,Winner not found,C,Fresh,,Closed,T-124ce37a4a1f,
Verification Required,2020-06-11,SECI,SECI/C&P/SPD/RfS/10MW SPV/BK-RJ/062020,"Selection of Solar Power Developers for Setting up of 10 MW Grid Connected Solar PV Power Project to be installed at Bagru, Jaipur District, Rajasthan under Competitive Bidding",Verification Required,0,,,,,Solar,10.0,Rajasthan,2020-08-07,,,,Unknown,SECI,,On Line with e-Reverse Auction,https://www.seci.co.in/tender-details/YWY,,Official tender page,Winner not found,C,Fresh,,Closed,124ce37a4a1f,
Verification Required,2021-12-10,SECI,Tender No: SECI/C&P/IPP/11/0001/21-22,"Engagement of the agency to provide the services of generation forecasting, load forecasting and liaison works for SECI 10 MW (AC) Solar PV Power Plant at DRDO, Kolar, Karnataka, India",Verification Required,0,,,,,Solar,10.0,Karnataka,2021-12-20,,,,Unknown,SECI,,Tender,https://www.seci.co.in/tender-details/ZGY,,Official tender page,Winner not found,C,Fresh,,Closed,T-f0b47448cb25,
Verification Required,2021-12-10,SECI,Tender No: SECI/C&P/IPP/11/0001/21-22,"Engagement of the agency to provide the services of generation forecasting, load forecasting and liaison works for SECI 10 MW (AC) Solar PV Power Plant at DRDO, Kolar, Karnataka, India",Verification Required,0,,,,,Solar,10.0,Karnataka,2021-12-20,,,,Unknown,SECI,,Tender,https://www.seci.co.in/tender-details/ZGY,,Official tender page,Winner not found,C,Fresh,,Closed,f0b47448cb25,
Verification Required,,NTPC,RE-CS-5747-004(B)-9,EPC PACKAGE FOR DEVELOPMENT OF 10MW/40MWh BATTERY ENERGY STORAGE SYSTEM (BESS) AT NTPC RAMAGUNDAM,Verification Required,0,,,,,Energy Storage (BESS),10.0,,2022-08-10,,,,Unknown,NTPC,,Tender · NEW,https://ntpctender.ntpc.co.in/NITDetails/NITs/24339,,Official tender page,Winner not found,C,Fresh,,Closed,T-ab420c514a25,
Verification Required,2022-11-03,SECI,SECI/C&P/OP/14/004/2022-23,"Operation & Maintenance contract including Insurance for 05 (Five) Years of 10 MW Ground Mounted Solar Power Project at Badi Sid, Rajasthan",Verification Required,0,,,,,Solar,10.0,Rajasthan,2023-01-09,,,,Unknown,SECI,,Tender,https://www.seci.co.in/tender-details/Z2Q,,Official tender page,Winner not found,C,Fresh,,Closed,T-9a8847430031,
Verification Required,2022-11-03,SECI,SECI/C&P/OP/14/004/2022-23,"Operation & Maintenance contract including Insurance for 05 (Five) Years of 10 MW Ground Mounted Solar Power Project at Badi Sid, Rajasthan",Verification Required,0,,,,,Solar,10.0,Rajasthan,2023-01-09,,,,Unknown,SECI,,Tender,https://www.seci.co.in/tender-details/Z2Q,,Official tender page,Winner not found,C,Fresh,,Closed,9a8847430031,
Verification Required,2023-12-14,SECI,GEM/2023/B/4342230,Limited Tender For Selection of Agency for repair and procurement of IGBTs and peripherals at SECIs 10 MW Solar PV Project at Badi Sid Rajasthan,Verification Required,0,,,,,Solar,10.0,Rajasthan,2023-12-26,,,,Unknown,SECI,,Tender,https://www.seci.co.in/tender-details/YWNy,,Official tender page,Winner not found,C,Fresh,,Closed,T-11aed464cab2,
Verification Required,2023-12-14,SECI,GEM/2023/B/4342230,Limited Tender For Selection of Agency for repair and procurement of IGBTs and peripherals at SECIs 10 MW Solar PV Project at Badi Sid Rajasthan,Verification Required,0,,,,,Solar,10.0,Rajasthan,2023-12-26,,,,Unknown,SECI,,Tender,https://www.seci.co.in/tender-details/YWNy,,Official tender page,Winner not found,C,Fresh,,Closed,11aed464cab2,
Verification Required,2023-12-27,SECI,SECI/C&P/MI/00/0019/2023-24,"Tender for Selection of Agency for generation forecasting and load forecasting work including coordination with BESCOM, KPTCL, DRDO/MES- 10 MW Solar PV Power Plant at DRDO Premises, Kolar, Karnataka.",Verification Required,0,,,,,Solar,10.0,Karnataka,2024-02-28,,,,Unknown,SECI,,Tender,https://www.seci.co.in/tender-details/YWN_,,Official tender page,Winner not found,C,Fresh,,Closed,T-5ebd60956530,
Verification Required,2023-12-27,SECI,SECI/C&P/MI/00/0019/2023-24,"Tender for Selection of Agency for generation forecasting and load forecasting work including coordination with BESCOM, KPTCL, DRDO/MES- 10 MW Solar PV Power Plant at DRDO Premises, Kolar, Karnataka.",Verification Required,0,,,,,Solar,10.0,Karnataka,2024-02-28,,,,Unknown,SECI,,Tender,https://www.seci.co.in/tender-details/YWN_,,Official tender page,Winner not found,C,Fresh,,Closed,5ebd60956530,
Verification Required,2025-07-15,SECI,SECI/C&P/OP/11/019/2024-25,O&M tender for 10 MW Badi Sid Plant,Verification Required,0,,,,,Unclassified,10.0,,2025-08-19,,,,Unknown,SECI,,Tender,https://www.seci.co.in/tender-details/YmJ_,,Official tender page,Winner not found,C,Fresh,,Closed,T-579f31249f3b,
Verification Required,2025-07-15,SECI,SECI/C&P/OP/11/019/2024-25,O&M tender for 10 MW Badi Sid Plant,Verification Required,0,,,,,Unclassified,10.0,,2025-08-19,,,,Unknown,SECI,,Tender,https://www.seci.co.in/tender-details/YmJ_,,Official tender page,Winner not found,C,Fresh,,Closed,579f31249f3b,
Verification Required,2026-02-17,SECI,SECI/C&P/IPP/11/0019/25-26,RfS for setting up of 10 MW Grid Connected Solar PV Power Project in Odisha under VGF-based Competitive Bidding,Verification Required,0,,,,,Solar,10.0,Odisha,2026-04-06,2026-05-15,2028-05-15,,Derived: 24 months from award (Solar),SECI,,RfS,https://www.seci.co.in/tender-details/YmF_,https://news.google.com/rss/articles/CBMi1wFBVV95cUxOdDZzejNTWExKWkhfZFB2Mnk4Nm8zMjZ6N0N1SU1uLVU5X3RDbjc5SU1rSGNnRUNMZ1VpOC16ZVVhRlNPcE5Ka2FUV0x1b01WMEhUWHNHLVFQUDFMcktTWV8takl6c2NqdlZxamxUM3JQQ0Q1cF9mVFZicmFUdEs1ZVRuMDVYeEFUcHJzay1SWUdvcVdrVGR3LWVJWExjWEw4dVRQajN3OUk3NW4yc0xaeGZjdDNPWjJkcWJNMUI5R0Z5aWpIWlhxQ09uNnJVTkhOajZYck52NA?oc=5,Official tender page,Winner not found,C,Fresh,,Closed,T-0536236643fc,
Verification Required,2026-02-17,SECI,SECI/C&P/IPP/11/0019/25-26,RfS for setting up of 10 MW Grid Connected Solar PV Power Project in Odisha under VGF-based Competitive Bidding,Verification Required,0,,,,,Solar,10.0,Odisha,2026-04-06,2026-05-15,2028-05-15,,Derived: 24 months from award (Solar),SECI,,RfS,https://www.seci.co.in/tender-details/YmF_,https://news.google.com/rss/articles/CBMi1wFBVV95cUxOdDZzejNTWExKWkhfZFB2Mnk4Nm8zMjZ6N0N1SU1uLVU5X3RDbjc5SU1rSGNnRUNMZ1VpOC16ZVVhRlNPcE5Ka2FUV0x1b01WMEhUWHNHLVFQUDFMcktTWV8takl6c2NqdlZxamxUM3JQQ0Q1cF9mVFZicmFUdEs1ZVRuMDVYeEFUcHJzay1SWUdvcVdrVGR3LWVJWExjWEw4dVRQajN3OUk3NW4yc0xaeGZjdDNPWjJkcWJNMUI5R0Z5aWpIWlhxQ09uNnJVTkhOajZYck52NA?oc=5,Official tender page,Winner not found,C,Fresh,,Closed,0536236643fc,
Verification Required,2026-04-09,SECI,GEM/2026/B/7428171,Internet Leased Line Services for 10 MW Solar PV Project at Badi Sid Bap Jodhpur Rajasthan,Verification Required,0,,,,,Solar,10.0,Rajasthan,2026-05-11,,,,Unknown,SECI,,Tender,https://www.seci.co.in/tender-details/YmZ1,,Official tender page,Winner not found,C,Fresh,,Closed,T-2919f6189f6e,
Verification Required,2026-04-09,SECI,GEM/2026/B/7428171,Internet Leased Line Services for 10 MW Solar PV Project at Badi Sid Bap Jodhpur Rajasthan,Verification Required,0,,,,,Solar,10.0,Rajasthan,2026-05-11,,,,Unknown,SECI,,Tender,https://www.seci.co.in/tender-details/YmZ1,,Official tender page,Winner not found,C,Fresh,,Closed,2919f6189f6e,
Verification Required,2026-06-08,SECI,GEM/2026/B/7636230,"Internet Leased Line Services for 10 MW Solar PV Project at Badi Sid, Bap, Jodhpur, Rajasthan",Verification Required,0,,,,,Solar,10.0,Rajasthan,2026-07-08,,,,Unknown,SECI,,Tender,https://www.seci.co.in/tender-details/YmR3,,Official tender page,Winner not found,C,Fresh,,Closed,T-d93078a92d7c,
Verification Required,2026-06-08,SECI,GEM/2026/B/7636230,"Internet Leased Line Services for 10 MW Solar PV Project at Badi Sid, Bap, Jodhpur, Rajasthan",Verification Required,0,,,,,Solar,10.0,Rajasthan,2026-07-08,,,,Unknown,SECI,,Tender,https://www.seci.co.in/tender-details/YmR3,,Official tender page,Winner not found,C,Fresh,,Closed,d93078a92d7c,
Verification Required,2025-12-15,SECI,SECI/C&P/IPP/11/0011/25-26,RfS for Setting up of 8900 kW Grid-Connected RTSPV Projects on JNV Buildings under (RTSPV-Tranche-VI),Verification Required,0,,,,,Rooftop Solar,8.9,,2026-01-19,,,,Unknown,SECI,,RfS,https://www.seci.co.in/tender-details/YmBw,,Official tender page,Winner not found,C,Fresh,,Closed,T-fa843504f878,
Verification Required,2025-12-15,SECI,SECI/C&P/IPP/11/0011/25-26,RfS for Setting up of 8900 kW Grid-Connected RTSPV Projects on JNV Buildings under (RTSPV-Tranche-VI),Verification Required,0,,,,,Rooftop Solar,8.9,,2026-01-19,,,,Unknown,SECI,,RfS,https://www.seci.co.in/tender-details/YmBw,,Official tender page,Winner not found,C,Fresh,,Closed,fa843504f878,
Verification Required,,NTPC,40063930,"8 MW SOLAR PV PROJECT AT CHIDIYATAPU, A&N ISLANDS",Verification Required,0,,,,,Solar,8.0,Andaman and Nicobar,2016-11-04,,,,Unknown,NTPC,,Tender · NEW,https://ntpctender.ntpc.co.in/NITDetails/NITs/16828,,Official tender page,Winner not found,C,Fresh,,Closed,T-849810880e37,
Verification Required,,NTPC,40073998,Battery Energy Storage System for 8 MW Solar PV Project at Chidiyatapu in A&N Islands,Verification Required,0,,,,,Solar + Storage,8.0,Andaman and Nicobar,2017-06-09,,,,Unknown,NTPC,,Tender · NEW,https://ntpctender.ntpc.co.in/NITDetails/NITs/17643,,Official tender page,Winner not found,C,Fresh,,Closed,T-945af299e1ef,
Verification Required,,NTPC,RE-CS-5727-004-9,"IFB For Development of 8 MW Solar PV Plant along with Battery Energy Storage System (BESS) at Chidiyatapu, South Andaman, A&N Island",Verification Required,0,,,,,Solar + Storage,8.0,,2018-09-06,,,,Unknown,NTPC,,Tender · NEW,https://ntpctender.ntpc.co.in/NITDetails/NITs/18718,,Official tender page,Winner not found,C,Fresh,,Closed,T-55d983c18087,
Verification Required,2021-12-31,SECI,SECI/C&P/IPP/17/0008/21-22,"RfS for Selection of Project Developer for Setting up of 8 MW Grid-Connected Waste to Energy Project in Kanpur, Uttar Pradesh, India under Tariff-Based Competitive Bidding (WTE-1)",Verification Required,0,,,,,Biomass / WtE,8.0,Uttar Pradesh,2022-12-07,,,,Unknown,SECI,,RfS,https://www.seci.co.in/tender-details/ZGQ,,Official tender page,Winner not found,C,Fresh,,Closed,T-6ebd3aebd49e,
Verification Required,2021-12-31,SECI,SECI/C&P/IPP/17/0008/21-22,"RfS for Selection of Project Developer for Setting up of 8 MW Grid-Connected Waste to Energy Project in Kanpur, Uttar Pradesh, India under Tariff-Based Competitive Bidding (WTE-1)",Verification Required,0,,,,,Biomass / WtE,8.0,Uttar Pradesh,2022-12-07,,,,Unknown,SECI,,RfS,https://www.seci.co.in/tender-details/ZGQ,,Official tender page,Winner not found,C,Fresh,,Closed,6ebd3aebd49e,
Verification Required,2025-09-12,SECI,SECI/C&P/IPP/11/0010/25-26,RfS for Setting up of 17768 kW Grid-Connected RTSPV project in Puducherry (RTSPV-Tranche-V),Verification Required,0,,,,,Rooftop Solar,7.768,Puducherry,2025-12-23,,,,Unknown,SECI,,RfS,https://www.seci.co.in/tender-details/YmN_,,Official tender page,Winner not found,C,Fresh,,Closed,8288f555991a,
Verification Required,2024-07-03,SECI,SECI/C&P/OP/11/015/2024-25,"Tender for Design, Engineering, Supply, Construction, Erection, Testing and Commissioning along with 10 years of O&M of 7.5 MW (AC) Solar PV Power Plant at Badi Sid, Rajasthan",Verification Required,0,,,,,Solar,7.5,Rajasthan,2024-10-24,,,,Unknown,SECI,,Tender,https://www.seci.co.in/tender-details/YWdy,,Official tender page,Winner not found,C,Fresh,,Closed,T-eace7f4df2fc,
Verification Required,2024-07-03,SECI,SECI/C&P/OP/11/015/2024-25,"Tender for Design, Engineering, Supply, Construction, Erection, Testing and Commissioning along with 10 years of O&M of 7.5 MW (AC) Solar PV Power Plant at Badi Sid, Rajasthan",Verification Required,0,,,,,Solar,7.5,Rajasthan,2024-10-24,,,,Unknown,SECI,,Tender,https://www.seci.co.in/tender-details/YWdy,,Official tender page,Winner not found,C,Fresh,,Closed,eace7f4df2fc,
Verification Required,2025-04-21,SECI,SECI/C&P/IPP/11/0001/25-26,RfS for Setting up of 6.25 MW Grid-Connected Rooftop Solar PV Projects under RESCO Mode,Verification Required,0,,,,,Rooftop Solar,6.25,,2025-06-02,,,,Unknown,SECI,,RfS,https://www.seci.co.in/tender-details/YWtz,,Official tender page,Winner not found,C,Fresh,,Closed,T-165861f902b5,
Verification Required,2025-04-21,SECI,SECI/C&P/IPP/11/0001/25-26,RfS for Setting up of 6.25 MW Grid-Connected Rooftop Solar PV Projects under RESCO Mode,Verification Required,0,,,,,Rooftop Solar,6.25,,2025-06-02,,,,Unknown,SECI,,RfS,https://www.seci.co.in/tender-details/YWtz,,Official tender page,Winner not found,C,Fresh,,Closed,165861f902b5,
Verification Required,2025-12-31,NTPC,NRE-CS-5839-CNGEL-EPC,EPC Package for Development of 6 MW Floating Solar PV Project coupled with 6 MW /24 MWhr Battery Energy Storage System (BESS) at ABVTPS Project of CSPGCL,Verification Required,0,,,,,Solar + Storage,6.0,,2026-02-28,,,,Unknown,NTPC,,Tender · NEW,https://ntpctender.ntpc.co.in/NITDetails/NITs/29319,,Official tender page,Winner not found,C,Fresh,,Closed,T-371eee9b5561,
Verification Required,2026-01-16,SECI,SECI/C&P/IPP/11/0018/25-26,RfS for setting up of 5665 kW Grid-Connected Rooftop Solar PV Projects under RESCO Mode (RTSPV-Tranche-VIII),Verification Required,0,,,,,Rooftop Solar,5.665,,2026-02-17,,,,Unknown,SECI,,RfS,https://www.seci.co.in/tender-details/YmFz,,Official tender page,Winner not found,C,Fresh,,Closed,T-1014f36ba5a0,
Verification Required,2026-01-16,SECI,SECI/C&P/IPP/11/0018/25-26,RfS for setting up of 5665 kW Grid-Connected Rooftop Solar PV Projects under RESCO Mode (RTSPV-Tranche-VIII),Verification Required,0,,,,,Rooftop Solar,5.665,,2026-02-17,,,,Unknown,SECI,,RfS,https://www.seci.co.in/tender-details/YmFz,,Official tender page,Winner not found,C,Fresh,,Closed,1014f36ba5a0,
Verification Required,2026-05-21,SECI,SECI/C&P/IPP/11/0004/26-27,RfS for setting up 5500 kW Grid-Connected Rooftop Solar PV Project under RESCO mode (RTSPV-Tranche-X),Verification Required,0,,,,,Rooftop Solar,5.5,,2026-06-30,,,,Unknown,SECI,,RfS,https://www.seci.co.in/tender-details/Ymdz,,Official tender page,Winner not found,C,Fresh,,Closed,T-3578bef74836,
Verification Required,2026-05-21,SECI,SECI/C&P/IPP/11/0004/26-27,RfS for setting up 5500 kW Grid-Connected Rooftop Solar PV Project under RESCO mode (RTSPV-Tranche-X),Verification Required,0,,,,,Rooftop Solar,5.5,,2026-06-30,,,,Unknown,SECI,,RfS,https://www.seci.co.in/tender-details/Ymdz,,Official tender page,Winner not found,C,Fresh,,Closed,3578bef74836,
Verification Required,2026-07-27,SECI,SECI/C&P/IPP/11/0007/26-27,RfS for setting up 5320 kW Grid-Connected Rooftop Solar PV Project under RESCO mode (RTSPV-Tranche-XII),Verification Required,0,,,,,Rooftop Solar,5.32,,2026-08-31,,,,Unknown,SECI,,RfS,https://www.seci.co.in/tender-details/YmRy,,Official tender page,Winner not found,C,Fresh,,Closed,T-2340251f1369,
Verification Required,2026-07-27,SECI,SECI/C&P/IPP/11/0007/26-27,RfS for setting up 5320 kW Grid-Connected Rooftop Solar PV Project under RESCO mode (RTSPV-Tranche-XII),Verification Required,0,,,,,Rooftop Solar,5.32,,2026-08-31,,,,Unknown,SECI,,RfS,https://www.seci.co.in/tender-details/YmRy,,Official tender page,Winner not found,C,Fresh,,Closed,2340251f1369,
Verification Required,,NTPC,40087125,"IFB FOR Battery Energy Storage System (BESS) atExisting NTPC 5 MW Solar PV Plant at Garacharma, Port Blair, A&N Island",Verification Required,0,,,,,Solar + Storage,5.0,,2018-04-14,,,,Unknown,NTPC,,Tender · NEW,https://ntpctender.ntpc.co.in/NITDetails/NITs/18717,,Official tender page,Winner not found,C,Fresh,,Closed,T-54ac242e41d9,
Verification Required,,NTPC,NTPC/EOC/Test,"APPOINTMENT OF CONSULTANT FOR RENEWAL OF CREDITING PERIOD WITH UNFCCC FOR CDM BENEFIT OF NTPC’S 5 MW SOLAR PV PROJECT(S) EACH AT PORT BLAIR (A&N), NTPC DADRI & NTPC FARIDABAD",Verification Required,0,,,,,Solar,5.0,,2020-03-05,,,,Unknown,NTPC,,Tender · NEW,https://ntpctender.ntpc.co.in/NITDetails/NITs/23699,,Official tender page,Winner not found,C,Fresh,,Closed,T-8bc00ab8c7af,
Verification Required,,NTPC,NTPC/EOC/9900193770,"IFB FOR APPOINTMENT OF CONSULTANT FOR RENEWAL OF CREDITING PERIOD WITH UNFCCC FOR CDM BENEFIT OF NTPC’S 5 MW SOLAR PV PROJECT(S) EACH AT PORT BLAIR (A&N), NTPC DADRI & NTPC FARIDABAD",Verification Required,0,,,,,Solar,5.0,,2020-03-05,,,,Unknown,NTPC,,Tender · NEW,https://ntpctender.ntpc.co.in/NITDetails/NITs/21292,,Official tender page,Winner not found,C,Fresh,,Closed,T-aab95852d28f,
Verification Required,2020-07-07,SECI,SECI/C&P/NIT/2020/VOCPT5,Tender for 5 MW (AC) grid connected ground based Solar PV Power Plant including 10 years plant O&M at V. O. Chidambarana,Verification Required,0,,,,,Solar,5.0,,2020-09-04,,,,Unknown,SECI,,NIT,https://www.seci.co.in/tender-details/YWU,,Official tender page,Winner not found,C,Fresh,,Closed,T-7116dca98c98,
Verification Required,2020-07-07,SECI,SECI/C&P/NIT/2020/VOCPT5,Tender for 5 MW (AC) grid connected ground based Solar PV Power Plant including 10 years plant O&M at V. O. Chidambarana,Verification Required,0,,,,,Solar,5.0,,2020-09-04,,,,Unknown,SECI,,On Line with e-Reverse Auction,https://www.seci.co.in/tender-details/YWU,,Official tender page,Winner not found,C,Fresh,,Closed,7116dca98c98,
Verification Required,2021-12-27,SECI,Tender No. SECI/C&P/PMC/11/0001/2021-22,"Design, Engineering, Supply, Construction, Erection, Testing & Commissioning of 5 MW (AC) grid connected ground based Solar PV Power Plant with 10 years Plant O&M at V.O. Chidambaranar Port Trust",Verification Required,0,,,,,Solar,5.0,,2022-02-25,,,,Unknown,SECI,,Tender,https://www.seci.co.in/tender-details/ZGc,,Official tender page,Winner not found,C,Fresh,,Closed,T-c3748d37b9db,
Verification Required,2021-12-27,SECI,Tender No. SECI/C&P/PMC/11/0001/2021-22,"Design, Engineering, Supply, Construction, Erection, Testing & Commissioning of 5 MW (AC) grid connected ground based Solar PV Power Plant with 10 years Plant O&M at V.O. Chidambaranar Port Trust",Verification Required,0,,,,,Solar,5.0,,2022-02-25,,,,Unknown,SECI,,Tender,https://www.seci.co.in/tender-details/ZGc,,Official tender page,Winner not found,C,Fresh,,Closed,c3748d37b9db,
Verification Required,2022-03-04,SECI,SECI/C&P/PMC/11/0002/2021-22,"Design, Engineering, Supply, Construction, Erection, Testing & Commissioning of 5 MW(AC)grid connected saffron based Agro-Solar PV Power Plant with 10 years O&M at Pampore, Pulwama, J&K, India",Verification Required,0,,,,,Solar,5.0,Jammu and Kashmir,2022-05-17,,,,Unknown,SECI,,Tender,https://www.seci.co.in/tender-details/ZWM,,Official tender page,Winner not found,C,Fresh,,Closed,T-fccb9a8c8ab9,
Verification Required,2022-03-04,SECI,SECI/C&P/PMC/11/0002/2021-22,"Design, Engineering, Supply, Construction, Erection, Testing & Commissioning of 5 MW(AC)grid connected saffron based Agro-Solar PV Power Plant with 10 years O&M at Pampore, Pulwama, J&K, India",Verification Required,0,,,,,Solar,5.0,Jammu and Kashmir,2022-05-17,,,,Unknown,SECI,,Tender,https://www.seci.co.in/tender-details/ZWM,,Official tender page,Winner not found,C,Fresh,,Closed,fccb9a8c8ab9,
Verification Required,2023-10-26,SECI,SECI/C&P/MI/00/0017/2023-24,Empanelment of Vendors for setting up of Rooftop and ground mounted projects (up to 5 MW) under category B (Round 2),Verification Required,0,,,,,Rooftop Solar,5.0,,2024-01-15,,,,Unknown,SECI,,Tender,https://www.seci.co.in/tender-details/YWNw,,Official tender page,Winner not found,C,Fresh,,Closed,T-1f4b3f2fb87c,
Verification Required,2023-10-26,SECI,SECI/C&P/MI/00/0017/2023-24,Empanelment of Vendors for setting up of Rooftop and ground mounted projects (up to 5 MW) under category B (Round 2),Verification Required,0,,,,,Rooftop Solar,5.0,,2024-01-15,,,,Unknown,SECI,,Tender,https://www.seci.co.in/tender-details/YWNw,,Official tender page,Winner not found,C,Fresh,,Closed,1f4b3f2fb87c,
Verification Required,2024-10-17,SECI,SECI/C&P/PMC/11/04/2024-25,"Tender for Design, Engineering, Supply, Construction, Erection, Testing & Commissioning of 5 MW(AC) grid connected saffron based Agro-Solar PV Power Plant with 10 years O&M at Pampore, Pulwama, J&K",Verification Required,0,,,,,Solar,5.0,Jammu and Kashmir,2024-12-12,,,,Unknown,SECI,,Tender,https://www.seci.co.in/tender-details/YWVz,,Official tender page,Winner not found,C,Fresh,,Closed,T-f34020f2c810,
Verification Required,2024-10-17,SECI,SECI/C&P/PMC/11/04/2024-25,"Tender for Design, Engineering, Supply, Construction, Erection, Testing & Commissioning of 5 MW(AC) grid connected saffron based Agro-Solar PV Power Plant with 10 years O&M at Pampore, Pulwama, J&K",Verification Required,0,,,,,Solar,5.0,Jammu and Kashmir,2024-12-12,,,,Unknown,SECI,,Tender,https://www.seci.co.in/tender-details/YWVz,,Official tender page,Winner not found,C,Fresh,,Closed,f34020f2c810,
Verification Required,2025-04-01,SECI,SECI/C&P/IPP/14/0026/24-25,Setting up of 4.55 MW Grid-Connected Rooftop Solar PV Projects under RESCO Mode,Verification Required,0,,,,,Rooftop Solar,4.55,,2025-04-30,,,,Unknown,SECI,,Tender,https://www.seci.co.in/tender-details/YWt1,,Official tender page,Winner not found,C,Fresh,,Closed,T-204b72483322,
Verification Required,2025-04-01,SECI,SECI/C&P/IPP/14/0026/24-25,Setting up of 4.55 MW Grid-Connected Rooftop Solar PV Projects under RESCO Mode,Verification Required,0,,,,,Rooftop Solar,4.55,,2025-04-30,,,,Unknown,SECI,,Tender,https://www.seci.co.in/tender-details/YWt1,,Official tender page,Winner not found,C,Fresh,,Closed,204b72483322,
Verification Required,2026-04-10,SECI,SECI/C&P/IPP/11/0021/25-26,RfS for setting up of 4455 kW Grid-Connected Rooftop Solar PV Projects under RESCO Mode (RTSPV-Tranche-IX),Verification Required,0,,,,,Rooftop Solar,4.455,,2026-05-11,2026-07-28,2028-07-28,,Derived: 24 months from award (Solar),SECI,,RfS,https://www.seci.co.in/tender-details/YmZ0,https://news.google.com/rss/articles/CBMie0FVX3lxTFB2VWxuSFJPal8xdThqbkJRZUs5T0FycDBUcVZad3RVUGJidEdvUzc0SkE4Tl8zX0psUFRiYU9nZzRBRXExYkxkS0FZLUI5ZDhSNWhaMndfTFJ0ZW5GZXVVOVc1cGtoMEZQRjc2RmZnTWFWcUptX3l2SW9ONA?oc=5,Official tender page,Winner not found,C,Fresh,,Closed,T-b72f28c00668,
Verification Required,2026-04-10,SECI,SECI/C&P/IPP/11/0021/25-26,RfS for setting up of 4455 kW Grid-Connected Rooftop Solar PV Projects under RESCO Mode (RTSPV-Tranche-IX),Verification Required,0,,,,,Rooftop Solar,4.455,,2026-05-11,2026-07-28,2028-07-28,,Derived: 24 months from award (Solar),SECI,,RfS,https://www.seci.co.in/tender-details/YmZ0,https://news.google.com/rss/articles/CBMie0FVX3lxTFB2VWxuSFJPal8xdThqbkJRZUs5T0FycDBUcVZad3RVUGJidEdvUzc0SkE4Tl8zX0psUFRiYU9nZzRBRXExYkxkS0FZLUI5ZDhSNWhaMndfTFJ0ZW5GZXVVOVc1cGtoMEZQRjc2RmZnTWFWcUptX3l2SW9ONA?oc=5,Official tender page,Winner not found,C,Fresh,,Closed,b72f28c00668,
Verification Required,2024-11-29,SECI,SECI/C&P/IPP/11/0023/24-25,Setting up 4.125 MW Grid-Connected Solar PV Projects in IIT Kharagpur Campus under RESCO Mode,Verification Required,0,,,,,Rooftop Solar,4.125,,2025-02-07,,,,Unknown,SECI,,Tender,https://www.seci.co.in/tender-details/YWV-,,Official tender page,Winner not found,C,Fresh,,Closed,T-074438755cd3,
Verification Required,2024-11-29,SECI,SECI/C&P/IPP/11/0023/24-25,Setting up 4.125 MW Grid-Connected Solar PV Projects in IIT Kharagpur Campus under RESCO Mode,Verification Required,0,,,,,Rooftop Solar,4.125,,2025-02-07,,,,Unknown,SECI,,Tender,https://www.seci.co.in/tender-details/YWV-,,Official tender page,Winner not found,C,Fresh,,Closed,074438755cd3,
Verification Required,2020-01-13,SECI,SECI/C&P/SPD/RfS/A&N/4MW/012020,"Request for Selection (RFS) for setting up of 04 MW Floating Solar Power Plant with 02 MW/01 MWh BESS at Kalpong Dam, Diglipur, North Andaman & Nicobar",Verification Required,0,,,,,Solar + Storage,4.0,,2020-05-29,,,,Unknown,SECI,,RfS,https://www.seci.co.in/tender-details/YWE,,Official tender page,Winner not found,C,Fresh,,Closed,T-f3fea2a5581e,
Verification Required,2020-01-13,SECI,SECI/C&P/SPD/RfS/A&N/4MW/012020,"Request for Selection (RFS) for setting up of 04 MW Floating Solar Power Plant with 02 MW/01 MWh BESS at Kalpong Dam, Diglipur, North Andaman & Nicobar",Verification Required,0,,,,,Solar + Storage,4.0,,2020-05-29,,,,Unknown,SECI,,On Line with e-Reverse Auction,https://www.seci.co.in/tender-details/YWE,,Official tender page,Winner not found,C,Fresh,,Closed,f3fea2a5581e,
Verification Required,2025-06-25,SECI,SECI/C&P/IPP/11/0002/25-26,RfS for setting up of 3850 kW Grid-Connected Rooftop Solar PV Projects under RESCO mode (RTSPV-Tranche-I),Verification Required,0,,,,,Rooftop Solar,3.85,,2025-08-11,,,,Unknown,SECI,,RfS,https://www.seci.co.in/tender-details/YmJx,,Official tender page,Winner not found,C,Fresh,,Closed,T-e6a413d3b3fd,
Verification Required,2025-06-25,SECI,SECI/C&P/IPP/11/0002/25-26,RfS for setting up of 3850 kW Grid-Connected Rooftop Solar PV Projects under RESCO mode (RTSPV-Tranche-I),Verification Required,0,,,,,Rooftop Solar,3.85,,2025-08-11,,,,Unknown,SECI,,RfS,https://www.seci.co.in/tender-details/YmJx,,Official tender page,Winner not found,C,Fresh,,Closed,e6a413d3b3fd,
Verification Required,2025-08-25,SECI,SECI/C&P/IPP/11/0007/25-26,RfS for setting up of 3540 kW Grid-Connected Rooftop Solar PV Projects under RESCO mode (RTSPV-Tranche-II),Verification Required,0,,,,,Rooftop Solar,3.54,,2025-09-30,2025-12-15,2027-12-15,,Derived: 24 months from award (Solar),SECI,,RfS,https://www.seci.co.in/tender-details/YmNy,https://news.google.com/rss/articles/CBMivgFBVV95cUxOaDU1cGJ1VExFSURYSWUyeDFlZTlfSFpSb1FnMTRMVWtJeHl2c2ljVE83eFlMR0RjTXdtMXhWMnpHQXZjTEJiODYyX1EtWVpHeG8zdHRIaVZYaHJBX2lpajZuUW4xOVpSTzZTeXJUdHlhd2ZvemZnUlp6THFWRXJZc3YxNHpxSFluZFhzbUVlRXprVDlPZnhKdGp4RzR4VVY0VllqWmhIam5teW5FVC1FNTNZTUpndXhmTGhORkxB?oc=5,Official tender page,Winner not found,C,Fresh,,Closed,T-5359199012d3,
Verification Required,2025-08-25,SECI,SECI/C&P/IPP/11/0007/25-26,RfS for setting up of 3540 kW Grid-Connected Rooftop Solar PV Projects under RESCO mode (RTSPV-Tranche-II),Verification Required,0,,,,,Rooftop Solar,3.54,,2025-09-30,2025-12-15,2027-12-15,,Derived: 24 months from award (Solar),SECI,,RfS,https://www.seci.co.in/tender-details/YmNy,https://news.google.com/rss/articles/CBMivgFBVV95cUxOaDU1cGJ1VExFSURYSWUyeDFlZTlfSFpSb1FnMTRMVWtJeHl2c2ljVE83eFlMR0RjTXdtMXhWMnpHQXZjTEJiODYyX1EtWVpHeG8zdHRIaVZYaHJBX2lpajZuUW4xOVpSTzZTeXJUdHlhd2ZvemZnUlp6THFWRXJZc3YxNHpxSFluZFhzbUVlRXprVDlPZnhKdGp4RzR4VVY0VllqWmhIam5teW5FVC1FNTNZTUpndXhmTGhORkxB?oc=5,Official tender page,Winner not found,C,Fresh,,Closed,5359199012d3,
Verification Required,2025-09-24,SECI,SECI/C&P/IPP/11/0009/25-26,RfS for setting up of 3410 kW Grid-Connected Rooftop Solar PV Projects under RESCO mode (RTSPV-Tranche-IV),Verification Required,0,,,,,Rooftop Solar,3.41,,2025-11-24,,,,Unknown,SECI,,RfS,https://www.seci.co.in/tender-details/YmB3,,Official tender page,Winner not found,C,Fresh,,Closed,T-bb5321169d39,
Verification Required,2025-09-24,SECI,SECI/C&P/IPP/11/0009/25-26,RfS for setting up of 3410 kW Grid-Connected Rooftop Solar PV Projects under RESCO mode (RTSPV-Tranche-IV),Verification Required,0,,,,,Rooftop Solar,3.41,,2025-11-24,,,,Unknown,SECI,,RfS,https://www.seci.co.in/tender-details/YmB3,,Official tender page,Winner not found,C,Fresh,,Closed,bb5321169d39,
Verification Required,2024-06-14,SECI,SECI/C&P/IPP/14/0008/24-25,Limited tender for setting up of 2767 kW Grid-Connected Rooftop Solar PV Projects under RESCO Mode,Verification Required,0,,,,,Rooftop Solar,2.767,,2024-07-19,,,,Unknown,SECI,,Tender,https://www.seci.co.in/tender-details/YWd0,,Official tender page,Winner not found,C,Fresh,,Closed,T-08ecfe191835,
Verification Required,2024-06-14,SECI,SECI/C&P/IPP/14/0008/24-25,Limited tender for setting up of 2767 kW Grid-Connected Rooftop Solar PV Projects under RESCO Mode,Verification Required,0,,,,,Rooftop Solar,2.767,,2024-07-19,,,,Unknown,SECI,,Tender,https://www.seci.co.in/tender-details/YWd0,,Official tender page,Winner not found,C,Fresh,,Closed,08ecfe191835,
Verification Required,2026-05-29,SECI,SECI/C&P/IPP/11/0005/26-27,RfS for setting up of 12250 kW Grid-Connected Rooftop Solar PV Projects on JNV Buildings (Phase-II) under RESCO Mode through Tenure-based Competitive Bidding (RTSPV-Tranche-XI),Verification Required,0,,,,,Rooftop Solar,2.25,,2026-07-10,,,,Unknown,SECI,,RfS,https://www.seci.co.in/tender-details/Ymdx,,Official tender page,Winner not found,C,Fresh,,Closed,9732f72d896a,
Verification Required,2024-11-29,SECI,SECI/C&P/IPP/14/0012/24-25,Setting up of 2112 kW Grid-Connected Rooftop Solar PV Projects under RESCO Mode,Verification Required,0,,,,,Rooftop Solar,2.112,,2025-02-06,,,,Unknown,SECI,,Tender,https://www.seci.co.in/tender-details/YWp3,,Official tender page,Winner not found,C,Fresh,,Closed,T-923e40d9c591,
Verification Required,2024-11-29,SECI,SECI/C&P/IPP/14/0012/24-25,Setting up of 2112 kW Grid-Connected Rooftop Solar PV Projects under RESCO Mode,Verification Required,0,,,,,Rooftop Solar,2.112,,2025-02-06,,,,Unknown,SECI,,Tender,https://www.seci.co.in/tender-details/YWp3,,Official tender page,Winner not found,C,Fresh,,Closed,923e40d9c591,
Verification Required,2023-02-17,SECI,SECI/C&P/MI/00/0011/2022-23,"Tender for Design, Engineering, Supply, Construction, Erection, Testing, Commissioning including 5 Years Plant O&M of 2MW (AC) Solar PV Power Plant with 01 MWh BESS at KAZA, Himachal Pradesh.",Verification Required,0,,,,,Solar + Storage,2.0,Himachal Pradesh,2023-04-03,,,,Unknown,SECI,,Tender,https://www.seci.co.in/tender-details/aGI,,Official tender page,Winner not found,C,Fresh,,Closed,T-d9b39af22575,
Verification Required,2023-02-17,SECI,SECI/C&P/MI/00/0011/2022-23,"Tender for Design, Engineering, Supply, Construction, Erection, Testing, Commissioning including 5 Years Plant O&M of 2MW (AC) Solar PV Power Plant with 01 MWh BESS at KAZA, Himachal Pradesh.",Verification Required,0,,,,,Solar + Storage,2.0,Himachal Pradesh,2023-04-03,,,,Unknown,SECI,,Tender,https://www.seci.co.in/tender-details/aGI,,Official tender page,Winner not found,C,Fresh,,Closed,d9b39af22575,
Verification Required,2024-08-16,SECI,SECI/C&P/IPP/11/0010/24-25,"Limited tender for setting up grid-connected SPV projects of 1998 kW at IIM Nagpur, Mihan Campus, Maharashtra under CAPEX mode",Verification Required,0,,,,,Solar,1.998,Maharashtra,2024-09-30,,,,Unknown,SECI,,Tender,https://www.seci.co.in/tender-details/YWRz,,Official tender page,Winner not found,C,Fresh,,Closed,T-f824e98f39c7,
Verification Required,2024-08-16,SECI,SECI/C&P/IPP/11/0010/24-25,"Limited tender for setting up grid-connected SPV projects of 1998 kW at IIM Nagpur, Mihan Campus, Maharashtra under CAPEX mode",Verification Required,0,,,,,Solar,1.998,Maharashtra,2024-09-30,,,,Unknown,SECI,,Tender,https://www.seci.co.in/tender-details/YWRz,,Official tender page,Winner not found,C,Fresh,,Closed,f824e98f39c7,
Verification Required,2024-03-14,SECI,SECI/C&P/IPP/14/0022/23-24,Limited tender to set up 11 grid-connected rooftop solar PV power projects of 1960 kW cumulative capacity on NPTI buildings across India under the RESCO mode,Verification Required,0,,,,,Rooftop Solar,1.96,,2024-04-19,,,,Unknown,SECI,,Tender,https://www.seci.co.in/tender-details/YWd3,,Official tender page,Winner not found,C,Fresh,,Closed,T-3219ba39705a,
Verification Required,2024-03-14,SECI,SECI/C&P/IPP/14/0022/23-24,Limited tender to set up 11 grid-connected rooftop solar PV power projects of 1960 kW cumulative capacity on NPTI buildings across India under the RESCO mode,Verification Required,0,,,,,Rooftop Solar,1.96,,2024-04-19,,,,Unknown,SECI,,Tender,https://www.seci.co.in/tender-details/YWd3,,Official tender page,Winner not found,C,Fresh,,Closed,3219ba39705a,
Verification Required,2024-02-12,SECI,SECI/C&P/IPP/14/0011/23-24,Limited tender for Setting up of 1800 kW Grid-Connected Rooftop Solar PV Projects on government buildings in Uttar Pradesh at IIM-L (Lucknow & Noida campus) and BBAU- Lucknow under RESCO mode,Verification Required,0,,,,,Rooftop Solar,1.8,Uttar Pradesh,2024-03-12,,,,Unknown,SECI,,Tender,https://www.seci.co.in/tender-details/YWZ_,,Official tender page,Winner not found,C,Fresh,,Closed,T-c6362189e6c6,
Verification Required,2024-02-12,SECI,SECI/C&P/IPP/14/0011/23-24,Limited tender for Setting up of 1800 kW Grid-Connected Rooftop Solar PV Projects on government buildings in Uttar Pradesh at IIM-L (Lucknow & Noida campus) and BBAU- Lucknow under RESCO mode,Verification Required,0,,,,,Rooftop Solar,1.8,Uttar Pradesh,2024-03-12,,,,Unknown,SECI,,Tender,https://www.seci.co.in/tender-details/YWZ_,,Official tender page,Winner not found,C,Fresh,,Closed,c6362189e6c6,
Verification Required,2025-01-24,SECI,SECI/C&P/IPP/14/0021/24-25,Setting up of 1750 kW Grid-Connected Rooftop Solar PV Projects under RESCO Mode,Verification Required,0,,,,,Rooftop Solar,1.75,,2025-02-28,,,,Unknown,SECI,,Tender,https://www.seci.co.in/tender-details/YWpx,,Official tender page,Winner not found,C,Fresh,,Closed,T-61fc1c9e9bc4,
Verification Required,2025-01-24,SECI,SECI/C&P/IPP/14/0021/24-25,Setting up of 1750 kW Grid-Connected Rooftop Solar PV Projects under RESCO Mode,Verification Required,0,,,,,Rooftop Solar,1.75,,2025-02-28,,,,Unknown,SECI,,Tender,https://www.seci.co.in/tender-details/YWpx,,Official tender page,Winner not found,C,Fresh,,Closed,61fc1c9e9bc4,
Verification Required,2024-05-10,SECI,SECI/C&P/IPP/14/0003/24-25,Limited tender for setting up of 1448 kW Grid-Connected Rooftop Solar PV Projects under RESCO Mode through Tariff-based Competitive Bidding,Verification Required,0,,,,,Rooftop Solar,1.448,,2024-06-10,,,,Unknown,SECI,,Tender,https://www.seci.co.in/tender-details/YWZ-,,Official tender page,Winner not found,C,Fresh,,Closed,T-1fdff52dac2c,
Verification Required,2024-05-10,SECI,SECI/C&P/IPP/14/0003/24-25,Limited tender for setting up of 1448 kW Grid-Connected Rooftop Solar PV Projects under RESCO Mode through Tariff-based Competitive Bidding,Verification Required,0,,,,,Rooftop Solar,1.448,,2024-06-10,,,,Unknown,SECI,,Tender,https://www.seci.co.in/tender-details/YWZ-,,Official tender page,Winner not found,C,Fresh,,Closed,1fdff52dac2c,
Verification Required,2021-07-20,SECI,SECI/C&P/O&M/A&N/2021/01,"Tender for Operation & Maintenance for 05 (Five) Years of 01 MW Grid Connected Rooftop Solar Power Plant at Port Blair, UT of Andaman & Nicobar Island",Verification Required,0,,,,,Rooftop Solar,1.0,,2021-08-23,,,,Unknown,SECI,,Tender,https://www.seci.co.in/tender-details/Y2U,,Official tender page,Winner not found,C,Fresh,,Closed,T-a04fb656c820,
Verification Required,2021-07-20,SECI,SECI/C&P/O&M/A&N/2021/01,"Tender for Operation & Maintenance for 05 (Five) Years of 01 MW Grid Connected Rooftop Solar Power Plant at Port Blair, UT of Andaman & Nicobar Island",Verification Required,0,,,,,Rooftop Solar,1.0,,2021-08-23,,,,Unknown,SECI,,Tender,https://www.seci.co.in/tender-details/Y2U,,Official tender page,Winner not found,C,Fresh,,Closed,a04fb656c820,
Verification Required,2022-09-22,SECI,SECI/C&P/OP/14/003/2022-23,"Operation & Maintenance contract including Insurance for 05 (Five) Years of 01 MW Grid Connected Rooftop Solar PV Power Project at Port Blair, UT of Andaman & Nicobar, India",Verification Required,0,,,,,Rooftop Solar,1.0,,2022-10-21,,,,Unknown,SECI,,Tender,https://www.seci.co.in/tender-details/Z2M,,Official tender page,Winner not found,C,Fresh,,Closed,T-eeeea6263f81,
Verification Required,2022-09-22,SECI,SECI/C&P/OP/14/003/2022-23,"Operation & Maintenance contract including Insurance for 05 (Five) Years of 01 MW Grid Connected Rooftop Solar PV Power Project at Port Blair, UT of Andaman & Nicobar, India",Verification Required,0,,,,,Rooftop Solar,1.0,,2022-10-21,,,,Unknown,SECI,,Tender,https://www.seci.co.in/tender-details/Z2M,,Official tender page,Winner not found,C,Fresh,,Closed,eeeea6263f81,
Verification Required,2023-07-27,SECI,GEM/2023/B/3752299,AMC of 10 Nos of 1 MW Inverters at 10 MW Grid Connected Ground Mounted Solar PV Project,Verification Required,0,,,,,Solar,1.0,,2023-08-18,,,,Unknown,SECI,,Tender,https://www.seci.co.in/tender-details/YWJ3,,Official tender page,Winner not found,C,Fresh,,Closed,T-67f5f45642e8,
Verification Required,2023-07-27,SECI,GEM/2023/B/3752299,AMC of 10 Nos of 1 MW Inverters at 10 MW Grid Connected Ground Mounted Solar PV Project,Verification Required,0,,,,,Solar,1.0,,2023-08-18,,,,Unknown,SECI,,Tender,https://www.seci.co.in/tender-details/YWJ3,,Official tender page,Winner not found,C,Fresh,,Closed,67f5f45642e8,
Verification Required,2023-11-22,SECI,GEM/2023/B/4240493,AMC of 10 Nos of 1 MW Inverters at 10 MW Grid Connected Ground Mounted Solar PV Project,Verification Required,0,,,,,Solar,1.0,,2023-12-27,,,,Unknown,SECI,,Tender,https://www.seci.co.in/tender-details/YWN3,,Official tender page,Winner not found,C,Fresh,,Closed,T-9106b50541d5,
Verification Required,2023-11-22,SECI,GEM/2023/B/4240493,AMC of 10 Nos of 1 MW Inverters at 10 MW Grid Connected Ground Mounted Solar PV Project,Verification Required,0,,,,,Solar,1.0,,2023-12-27,,,,Unknown,SECI,,Tender,https://www.seci.co.in/tender-details/YWN3,,Official tender page,Winner not found,C,Fresh,,Closed,9106b50541d5,
Verification Required,2024-02-02,SECI,SECI/C&P/IPP/14/0010/23-24,Limited tender for Setting up of 1000 kW Grid-Connected Rooftop Solar PV Project at Sardar Vallabh Bhai National Police Academy-Hyderabad under RESCO Mode,Verification Required,0,,,,,Rooftop Solar,1.0,,2024-03-27,,,,Unknown,SECI,,Tender,https://www.seci.co.in/tender-details/YWZw,,Official tender page,Winner not found,C,Fresh,,Closed,T-2b5c779e47b3,
Verification Required,2024-02-02,SECI,SECI/C&P/IPP/14/0010/23-24,Limited tender for Setting up of 1000 kW Grid-Connected Rooftop Solar PV Project at Sardar Vallabh Bhai National Police Academy-Hyderabad under RESCO Mode,Verification Required,0,,,,,Rooftop Solar,1.0,,2024-03-27,,,,Unknown,SECI,,Tender,https://www.seci.co.in/tender-details/YWZw,,Official tender page,Winner not found,C,Fresh,,Closed,2b5c779e47b3,
Verification Required,2026-08-06,SECI,SECI/C&P/OP/15/0005/26-27,Request for Proposals for Selection of Project Developer for setting up of Grid connected 922.635 kW Rooftop Solar PV Power Project in CAPEX mode for various Client Organizations (CAPEX-I),Verification Required,0,,,,,Rooftop Solar,0.923,,2026-09-14,,,,Unknown,SECI,,RfP,https://www.seci.co.in/tender-details/YmV3,,Official tender page,Winner not found,C,Fresh,,Delisted,1f8ee688fa78,
Verification Required,,NHPC,GEM/2026/B/7750183,"Hiring of services for operation & maintenance of Kishanganga Dam Toe Power House (3x0.8 MW), KGPS, Gurez, Bandipora, J & K for 02 (two) years (PKG- 602)",Verification Required,0,,,,,Unclassified,0.8,,,,,,Unknown,NHPC,,Tender,https://www.nhpcindia.com/welcome/tender,,Official tender page,Winner not found,D,Fresh,,Delisted,3ad5eef9a32c,
Verification Required,2024-05-06,SECI,SECI/C&P/IPP/14/0001/24-25,Limited tender for Setting up of 500 kW Grid-Connected Rooftop Solar PV Project in NDRF Academy Nagpur Campus under RESCO Mode,Verification Required,0,,,,,Rooftop Solar,0.5,,2024-07-02,,,,Unknown,SECI,,Tender,https://www.seci.co.in/tender-details/YWd2,,Official tender page,Winner not found,C,Fresh,,Closed,T-ea281faaaf4d,
Verification Required,2024-05-06,SECI,SECI/C&P/IPP/14/0001/24-25,Limited tender for Setting up of 500 kW Grid-Connected Rooftop Solar PV Project in NDRF Academy Nagpur Campus under RESCO Mode,Verification Required,0,,,,,Rooftop Solar,0.5,,2024-07-02,,,,Unknown,SECI,,Tender,https://www.seci.co.in/tender-details/YWd2,,Official tender page,Winner not found,C,Fresh,,Closed,ea281faaaf4d,
Verification Required,2025-05-30,SECI,SECI/C&P/IPP/11/0003/25-26,"Request for Selection (RfS) Document for Selection of Solar Power Developer for Setting up of 500 kW Ground mounted Solar PV Power Pilot Project at Pang, Leh under Tariff-Based Competitive Bidding",Verification Required,0,,,,,Solar,0.5,,2025-06-16,,,,Unknown,SECI,,RfS,https://www.seci.co.in/tender-details/YmJ3,,Official tender page,Winner not found,C,Fresh,,Closed,T-9bf1bfa569f1,
Verification Required,2025-05-30,SECI,SECI/C&P/IPP/11/0003/25-26,"Request for Selection (RfS) Document for Selection of Solar Power Developer for Setting up of 500 kW Ground mounted Solar PV Power Pilot Project at Pang, Leh under Tariff-Based Competitive Bidding",Verification Required,0,,,,,Solar,0.5,,2025-06-16,,,,Unknown,SECI,,RfS,https://www.seci.co.in/tender-details/YmJ3,,Official tender page,Winner not found,C,Fresh,,Closed,9bf1bfa569f1,
Verification Required,,NTPC,40037788,"DEVELOPMENT OF 450 KW ROOFTOP SOLAR PV PROJECT ON THE PLANT BUILDINGS OF VINDHYACHAL SUPER THERMAL POWER PROJECT, STAGE-V",Verification Required,0,,,,,Rooftop Solar,0.45,,2015-05-29,,,,Unknown,NTPC,,Tender · NEW,https://ntpctender.ntpc.co.in/NITDetails/NITs/13954,,Official tender page,Winner not found,C,Fresh,,Closed,T-6a261a371003,
Verification Required,,NTPC,NRE-CS-5855-004-9,"EPC PACKAGE FOR SOLAR - HYDROGEN - BESS BASED MICRO GRID (200 KW) AT CHUSUL, LADAKH (INDIA).",Verification Required,0,,,,,Solar + Storage,0.2,Ladakh,2023-07-24,,,,Unknown,NTPC,,Tender · NEW,https://ntpctender.ntpc.co.in/NITDetails/NITs/25755,,Official tender page,Winner not found,C,Fresh,,Closed,T-947e4577f957,
Verification Required,2026-08-28,SECI,SECI/C&P/OP/15/0006/25-26,Request for Proposals for Selection of Project Developer for setting up of 100 kW Rooftop Solar PV Power Project at NIWE Campus in CAPEX mode (RTSPV-C-T-II),Verification Required,0,,,,,Rooftop Solar,0.1,,2026-09-30,,,,Unknown,SECI,,RfP,https://www.seci.co.in/tender-details/YmVx,,Official tender page,Winner not found,C,Fresh,,Delisted,1b9bd417bdbe,
Verification Required,,NHPC,GEM/2026/B/7400188 Dated: 03-04-2026,Annual Maintenance Contract (AMC) for Comprehensive Operation & Maintenance (O&M) of 85KWp Rooftop Solar Power Plant at Sewa-II Power Station for 5 Years,Verification Required,0,,,,,Rooftop Solar,0.085,,,,,,Unknown,NHPC,,Tender,https://www.nhpcindia.com/welcome/tender,,Official tender page,Winner not found,D,Fresh,,Delisted,08fd3406809c,
Verification Required,,NHPC,2025_NHPC_891839,Development of Micro Hydro Power Project (2X82KW) utilizing mandatory environmental- flow at exit location of Dam site of Parbati-III through the most economical PAT (Pump As Turbine) technology.,Verification Required,0,,,,,Hydro,0.082,,,,,,Unknown,NHPC,,Tender,https://www.nhpcindia.com/welcome/tender,,Official tender page,Winner not found,D,Fresh,,Delisted,8a13f364c9b7,
Verification Required,,NHPC,GEM/2026/B/7735067 Dated: 19-07-2026,Annual Maintenance Contract (AMC) for Comprehensive Operation &amp;amp; Maintenance (O&amp;amp;M) of 50 KWp Small Solar Power Plant at Uri Power Station for 2 Years,Verification Required,0,,,,,Solar,0.05,,,,,,Unknown,NHPC,,Tender,https://www.nhpcindia.com/welcome/tender,,Official tender page,Winner not found,D,Fresh,,Delisted,a3980d26ca39,
Verification Required,,NHPC,NH/CPS-1/P&C/W-1482/2024-25/712 Dated: 07/01/2025,"Restoration of 30KWP Rooftop Solar Power Plant of Admin office building of CPS-1, Khairi",Verification Required,0,,,,,Rooftop Solar,0.03,,,,,,Unknown,NHPC,,Tender,https://www.nhpcindia.com/welcome/tender,,Official tender page,Winner not found,D,Fresh,,Delisted,5328a45cba01,
Verification Required,2022-02-07,SECI,SECI/C&P/IPP/17/0005/21-22,"RfS for Setting up of 25kW Green Hydrogen-based Pilot Project at SNM Hospital, Leh, UT of Ladakh",Verification Required,0,,,,,Green Hydrogen / Derivatives,0.025,Ladakh,2022-06-14,,,,Unknown,SECI,,RfS,https://www.seci.co.in/tender-details/ZGs,,Official tender page,Winner not found,C,Fresh,,Closed,T-32749334772f,
Verification Required,2022-02-07,SECI,SECI/C&P/IPP/17/0005/21-22,"RfS for Setting up of 25kW Green Hydrogen-based Pilot Project at SNM Hospital, Leh, UT of Ladakh",Verification Required,0,,,,,Green Hydrogen / Derivatives,0.025,Ladakh,2022-06-14,,,,Unknown,SECI,,RfS,https://www.seci.co.in/tender-details/ZGs,,Official tender page,Winner not found,C,Fresh,,Closed,32749334772f,
Verification Required,,NHPC,GEM/2026/B/7691428,Purchase of 2KW Hybrid Solar Inverter System &#40;with Lithium Battery&#41;,Verification Required,0,,,,,Solar + Storage,0.002,,,,,,Unknown,NHPC,,Tender,https://www.nhpcindia.com/welcome/tender,,Official tender page,Winner not found,D,Fresh,,Delisted,3d90e2bb7ce6,
Verification Required,,NTPC,40036408,"SOLAR THERMAL INTEGRATION , NCPS, DADRI",Verification Required,0,,,,,Solar,,,2015-05-05,,,,Unknown,NTPC,,Tender · NEW,https://ntpctender.ntpc.co.in/NITDetails/NITs/13831,,Official tender page,Winner not found,D,Fresh,,Closed,T-4bf8059edc23,
Verification Required,,NTPC,NTPC/2015-16/NSM/TI/AP/02,"Selection of Solar Power Developers for Setting up Solar PV Power Projects at Gani-Sakunala Solar Park in Kurnool District of Andhra Pradesh under National Solar Mission (NSM) Phase-II, Batch-II, Tranche-I",Verification Required,0,,,,,Solar,,Andhra Pradesh,2015-07-10,,,,Unknown,NTPC,,Tender · NEW,https://ntpctender.ntpc.co.in/NITDetails/NITs/14114,,Official tender page,Winner not found,D,Fresh,,Closed,T-48923bc95e19,
Verification Required,,NTPC,NTPC/2015-16/NSM/TI/AP/01,Selection of Solar Power Developers for setting up Solar PV Power Projects at Ghani Solar Park in Andhra Pradesh under National Solar Mission (NSM),Verification Required,0,,,,,Solar,,Andhra Pradesh,2015-07-10,,,,Unknown,NTPC,,Tender · NEW,https://ntpctender.ntpc.co.in/NITDetails/NITs/13984,,Official tender page,Winner not found,D,Fresh,,Closed,T-4228e6f7f92b,
Verification Required,,NTPC,NTPC/2015-16/NSM/TI/RAJ/03,"Selection of Solar Power Developers for Setting up Solar PV Power Projects at Bhadla Phase II Solar Park in Jodhpur District of Rajasthan under National Solar Mission (NSM) Phase-II, Batch-II, Tranche-I",Verification Required,0,,,,,Solar,,Rajasthan,2015-07-17,,,,Unknown,NTPC,,Tender · NEW,https://ntpctender.ntpc.co.in/NITDetails/NITs/14115,,Official tender page,Winner not found,D,Fresh,,Closed,T-9f38e8aace6d,
Verification Required,,NTPC,RE-CS-0000-003-9,EXPRESSION OF INTEREST FOR PREPARATION OF DPR FOR DEVELOPMENT OF WIND POWER PROJECTS AT NTPC STATIONS IN INDIA,Verification Required,0,,,,,Wind,,,2015-08-07,,,,Unknown,NTPC,,EOI · NEW,https://ntpctender.ntpc.co.in/NITDetails/NITs/14386,,Official tender page,Winner not found,D,Fresh,,Closed,T-78309f3b63b6,
Verification Required,,NTPC,40073288,TRANSMISSION SYSTEM PACKAGE FOR MANGLUTAN & CHIDIYATAPU SPV PROJECTS IN SOUTH ANDAMAN,Verification Required,0,,,,,Solar,,,2017-05-30,,,,Unknown,NTPC,,Tender · NEW,https://ntpctender.ntpc.co.in/NITDetails/NITs/17621,,Official tender page,Winner not found,D,Fresh,,Closed,T-9763e79d5bc6,
Verification Required,,NTPC,RE-CS-5730-004(M)-9,Module Package of Anta Solar Project in Rajasthan,Verification Required,0,,,,,Solar,,Rajasthan,2017-09-11,,,,Unknown,NTPC,,Tender · NEW,https://ntpctender.ntpc.co.in/NITDetails/NITs/17928,,Official tender page,Winner not found,D,Fresh,,Closed,T-2557080491d4,
Verification Required,,NTPC,RE-CS-5730-004(BOS)-9,Balance of System Package of Anta Solar Power Project,Verification Required,0,,,,,Solar,,,2017-10-05,,,,Unknown,NTPC,,Tender · NEW,https://ntpctender.ntpc.co.in/NITDetails/NITs/18043,,Official tender page,Winner not found,D,Fresh,,Closed,T-c135333e6d56,
Verification Required,,NTPC,40087137,IFB FOR TRANSMISSION SYSTEM PACKAGE FOR MANGLUTAN & CHIDIYATAPU SOLAR POWER PROJECT(S) IN SOUTH ANDAMAN,Verification Required,0,,,,,Solar,,,2018-04-23,,,,Unknown,NTPC,,Tender · NEW,https://ntpctender.ntpc.co.in/NITDetails/NITs/18728,,Official tender page,Winner not found,D,Fresh,,Closed,T-656b03c1fed8,
Verification Required,,NTPC,RE-CS-0000-EOI-2018/1,INVITATION FOR EXPRESSION OF INTEREST (EOI) FROM RENEWABLE ENERGY DEVELOPERS REGARDING GRID CONNECTIVITY THROUGH NTPC GENERATING SWITCHYARD,Verification Required,0,,,,,Unclassified,,,2018-06-01,,,,Unknown,NTPC,,EOI · NEW,https://ntpctender.ntpc.co.in/NITDetails/NITs/18902,,Official tender page,Winner not found,D,Fresh,,Closed,T-c015bbf3a17f,
Verification Required,,NTPC,40087722,NOTICE INVING APPLICATIONS (NIA) FOR ENLISTMENT OF DOMESTIC EPC BIDDERS FOR DEVELOPMENT OF SOLAR POWER PROJECT OF NTPC,Verification Required,0,,,,,Solar,,,2018-08-29,,,,Unknown,NTPC,,Tender · NEW,https://ntpctender.ntpc.co.in/NITDetails/NITs/19241,,Official tender page,Winner not found,D,Fresh,,Closed,T-c148d889e323,
Verification Required,,NTPC,40087726,NOTICE INVING APPLICATIONS (NIA) FOR ENLISTMENT OF DOMESTIC BIDDERS FOR CIVIL WORKS PACKAGE OF SOLAR POWER PROJECT OF NTPC,Verification Required,0,,,,,Solar,,,2018-09-05,,,,Unknown,NTPC,,Tender · NEW,https://ntpctender.ntpc.co.in/NITDetails/NITs/19255,,Official tender page,Winner not found,D,Fresh,,Closed,T-238da3aa4b84,
Verification Required,,NTPC,40087728,NOTICE INVITING APPLICATIONS (NIA) FOR ENLISTMENT OF BIDDERS FOR BALANCE OF SYSTEM (BOS) PACKAGE OF SOLAR PV PROJECT OF NTPC LTD,Verification Required,0,,,,,Solar,,,2018-09-07,,,,Unknown,NTPC,,Tender · NEW,https://ntpctender.ntpc.co.in/NITDetails/NITs/19272,,Official tender page,Winner not found,D,Fresh,,Closed,T-a7c60fdb3365,
Verification Required,,NTPC,40087717,NOTICE INVITING APPLICATIONS (NIA) FOR ENLISTMENT OF DOMESTIC BIDDERS / VENDORS FOR SWITCHYARD PACKAGE FOR SOLAR POWER PROJECTS SOLAR PV POWER PROJECT OF NTPC LTD.,Verification Required,0,,,,,Solar,,,2018-09-15,,,,Unknown,NTPC,,Tender · NEW,https://ntpctender.ntpc.co.in/NITDetails/NITs/19299,,Official tender page,Winner not found,D,Fresh,,Closed,T-8d88def241a4,
Verification Required,,NTPC,RE-CS-0000-004(e-BoS)-9,NOTICE INVING APPLICATIONS (NIA) FOR ENLISTMENT OF DOMESTIC EPC BIDDERS /CONTRACTORS / AGENCIES /DEVELOPERS FOR DEVELOPMENT OF SOLAR POWER PROJECT OF NTPC LTD,Verification Required,0,,,,,Solar,,,2018-09-15,,,,Unknown,NTPC,,Tender · NEW,https://ntpctender.ntpc.co.in/NITDetails/NITs/19259,,Official tender page,Winner not found,D,Fresh,,Closed,T-d46321d6af9f,
Verification Required,,NTPC,RE-CS-0000-004(Inv/Inv tran)-9,NOTICE INVING APPLICATIONS (NIA) FOR ENLISTMENT OF VENDOR OF INVERTER- INVERTER TRANSFORMER PACKAGE FOR DEVELOPMENT FOR SOLAR POWER PROJECTS OF NTPC LTD.,Verification Required,0,,,,,Solar,,,2018-09-15,,,,Unknown,NTPC,,Tender · NEW,https://ntpctender.ntpc.co.in/NITDetails/NITs/19257,,Official tender page,Winner not found,D,Fresh,,Closed,T-49682c406ffb,
Verification Required,,NTPC,40087724,NOTICE INVING APPLICATIONS (NIA) FOR ENLISTMENT OF BIDDERS / VENDORS FOR SPV MODUE PACKAGE FOR SOLAR PV POWER PROJECT OF NTPC LTD.,Verification Required,0,,,,,Solar,,,2018-09-21,,,,Unknown,NTPC,,Tender · NEW,https://ntpctender.ntpc.co.in/NITDetails/NITs/19258,,Official tender page,Winner not found,D,Fresh,,Closed,T-61c251a6f2db,
Verification Required,,NTPC,NTPC-2018-TN000013,INVITATION FOR BIDS (IFB) FOR MODULE PACKAGE OF ANTA SOLAR PROJECT IN RAJASTHAN,Verification Required,0,,,,,Solar,,Rajasthan,2018-10-10,,,,Unknown,NTPC,,Tender · NEW,https://ntpctender.ntpc.co.in/NITDetails/NITs/19275,,Official tender page,Winner not found,D,Fresh,,Closed,T-dd76905bfbe7,
Verification Required,,NTPC,40087785,IFB FOR SETTING UP BATTERY CHARGING AND SWAPPING STATION FOR 50 NUMBER OF E-RICKSHAW IN FARIDABAD PILOT PROJECT,Verification Required,0,,,,,Unclassified,,,2018-10-29,,,,Unknown,NTPC,,Tender · NEW,https://ntpctender.ntpc.co.in/NITDetails/NITs/19464,,Official tender page,Winner not found,D,Fresh,,Closed,T-6b68779fd969,
Verification Required,,NTPC,40087791,"IFB FOR DEVELOPMENT OF WIND SOLAR HYBRID POWER PLANT AT NTPC KUDGI, KARNATAKA",Verification Required,0,,,,,Wind-Solar Hybrid,,Karnataka,2018-11-05,,,,Unknown,NTPC,,Tender · NEW,https://ntpctender.ntpc.co.in/NITDetails/NITs/19537,,Official tender page,Winner not found,D,Fresh,,Closed,T-c32777cc9b40,
Verification Required,,NTPC,RE-CS-9571/9578-004S-9,IFB For Implementation of Renewable Package for Smart Township Initiative in Solapur and Khargone,Verification Required,0,,,,,Unclassified,,,2019-01-14,,,,Unknown,NTPC,,Tender · NEW,https://ntpctender.ntpc.co.in/NITDetails/NITs/19862,,Official tender page,Winner not found,D,Fresh,,Closed,T-584cbf3ee183,
Verification Required,,NTPC,RE-CS-EV-BHA-BD,IFB For Development of Charging Infrastructure Package with Bharat EV Chargers (DC & AC),Verification Required,0,,,,,Unclassified,,,2019-02-08,,,,Unknown,NTPC,,Tender · NEW,https://ntpctender.ntpc.co.in/NITDetails/NITs/19985,,Official tender page,Winner not found,D,Fresh,,Closed,T-3e9697b6f68c,
Verification Required,,NTPC,RE-CS-0000-004-9(F/GM),NIA FOR ENLISTMENT OF EPC BIDDERS FOR DEVELOPMENT OF SOLAR POWER PROJECT OF NTPC,Verification Required,0,,,,,Solar,,,2019-02-25,,,,Unknown,NTPC,,Tender · NEW,https://ntpctender.ntpc.co.in/NITDetails/NITs/20129,,Official tender page,Winner not found,D,Fresh,,Closed,T-2101b59ee562,
Verification Required,,NTPC,RE-CS-0000-003(Wind)-9,NIA FOR ENLISTMENT OF BIDDERS / VENDORS FOR WIND ENERGY PROJECTS ANYWHERE IN INDIA OF NTPC LTD,Verification Required,0,,,,,Wind,,,2019-02-27,,,,Unknown,NTPC,,Tender · NEW,https://ntpctender.ntpc.co.in/NITDetails/NITs/20140,,Official tender page,Winner not found,D,Fresh,,Closed,T-457532b964df,
Verification Required,,NTPC,RE-CS-0000-004(Inv/Inv tran-2)-9,NOTICE INVING APPLICATIONS (NIA) FOR ENLISTMENT OF VENDOR FOR INVERTER- INVERTER TRANSFORMER PACKAGE FOR DEVELOPMENT OF SOLAR POWER PROJECTS FOR NTPC.,Verification Required,0,,,,,Solar,,,2019-03-08,,,,Unknown,NTPC,,Tender · NEW,https://ntpctender.ntpc.co.in/NITDetails/NITs/20156,,Official tender page,Winner not found,D,Fresh,,Closed,T-0f62492c9168,
Verification Required,,NTPC,RE-CS-0000-004(Geotech)-9,NIA FOR ENLISTMENT OF VENDORS FOR CONDUCTING GEOTECHNICAL INVESTIGATIONS FOR RENEWABLE ENERGY (RE) PROJECTS,Verification Required,0,,,,,Unclassified,,,2019-07-24,,,,Unknown,NTPC,,Tender · NEW,https://ntpctender.ntpc.co.in/NITDetails/NITs/20661,,Official tender page,Winner not found,D,Fresh,,Closed,T-a8a786f33f90,
Verification Required,,NTPC,RE-CS-0000-004(TC)-9,NIA FOR ENLISTMENT OF TECHNICAL CONSULTANT FOR EPC VENDORS FOR GROUND MOUNTED FLOATING & ROOFTOP SOLAR PV PROJECTS,Verification Required,0,,,,,Rooftop Solar,,,2019-07-25,,,,Unknown,NTPC,,Tender · NEW,https://ntpctender.ntpc.co.in/NITDetails/NITs/20664,,Official tender page,Winner not found,D,Fresh,,Closed,T-cecd03cd6e21,
Verification Required,,NTPC,RE-CS-0000-ENL-EV-CHRG (BHARAT),NOTICE INVING APPLICATIONS (NIA) FOR ENLISTMENT OF VENDORS FOR DEVELOPMENT OF CHARGING INFRASTRUCTURE WITH BHARAT EV CHARGERS (DC & AC).,Verification Required,0,,,,,Unclassified,,,2019-07-31,,,,Unknown,NTPC,,Tender · NEW,https://ntpctender.ntpc.co.in/NITDetails/NITs/20691,,Official tender page,Winner not found,D,Fresh,,Closed,T-ec86c7e879a9,
Verification Required,,NTPC,RE-CS-0000-ENL-EV-CHRG (FAST CHARGERS),NIA FOR ENLISTMENT OF VENDORS FOR DEVELOPMENT OF CHARGING INFRASTRUCTURE WITH EV CHARGERS (FAST CHARGERS),Verification Required,0,,,,,Unclassified,,,2019-08-13,,,,Unknown,NTPC,,Tender · NEW,https://ntpctender.ntpc.co.in/NITDetails/NITs/20702,,Official tender page,Winner not found,D,Fresh,,Closed,T-a453da117a52,
Verification Required,,NTPC,RE-CS-0000-004(Topography)-9,NIA FOR ENLISTMENT OF VENDORS FOR CONDUCTING TOPOGRAPHICAL SURVEYS FOR RENEWABLE ENERGY (RE) PROJECTS,Verification Required,0,,,,,Unclassified,,,2019-10-03,,,,Unknown,NTPC,,Tender · NEW,https://ntpctender.ntpc.co.in/NITDetails/NITs/20911,,Official tender page,Winner not found,D,Fresh,,Closed,T-adf4fd2c4c96,
Verification Required,,NTPC,NTPC/EOC/9900186363,NOTICE INVING APPLICATIONS (NIA) FOR ENLISTMENT OF BIDDERS FOR BALANCE OF SYSTEM (BOS) PACKAGE OF SOLAR PV PROJECT OF NTPC LTD,Verification Required,0,,,,,Solar,,,2019-10-10,,,,Unknown,NTPC,,Tender · NEW,https://ntpctender.ntpc.co.in/NITDetails/NITs/20903,,Official tender page,Winner not found,D,Fresh,,Closed,T-d7d6d0683231,
Verification Required,,NTPC,RE-CS-5730-004(BOS)-9(R2),IFB FOR BALANCE OF SYSTEM PACKAGE FOR ANTA SOLAR POWER PROJECT IN RAJASTHAN,Verification Required,0,,,,,Solar,,Rajasthan,2019-11-04,,,,Unknown,NTPC,,Tender · NEW,https://ntpctender.ntpc.co.in/NITDetails/NITs/20992,,Official tender page,Winner not found,D,Fresh,,Closed,T-496003e6037b,
Verification Required,,NTPC,RE-CS-0000-004-9,NIA For Empanelment of Consultants for Carrying out Third Party Quality Inspection and Testing of Solar PV Modules,Verification Required,0,,,,,Solar,,,2020-04-21,,,,Unknown,NTPC,,Tender · NEW,https://ntpctender.ntpc.co.in/NITDetails/NITs/21451,,Official tender page,Winner not found,D,Fresh,,Closed,T-bce85a16eebc,
Verification Required,,NTPC,RE-CS-5749-004(SW)-9,SCADA AND WMS PACKAGE FOR SOLAPUR SOLAR PV PROJECT IN MAHARASHTRA,Verification Required,0,,,,,Solar,,Maharashtra,2020-05-25,,,,Unknown,NTPC,,Tender · NEW,https://ntpctender.ntpc.co.in/NITDetails/NITs/21549,,Official tender page,Winner not found,D,Fresh,,Closed,T-3ba4f1f66a56,
Verification Required,,NTPC,RE-CS-5749-004(I&C)-9,INSTALLATION & COMMISSIONING PACKAGE OF SOLAPUR SOLAR PV PROJECT AT SOLAPUR IN MAHARASHTRA.,Verification Required,0,,,,,Solar,,Maharashtra,2020-05-28,,,,Unknown,NTPC,,Tender · NEW,https://ntpctender.ntpc.co.in/NITDetails/NITs/21569,,Official tender page,Winner not found,D,Fresh,,Closed,T-12fd6cdd65b4,
Verification Required,,NTPC,RE-CS-5749-004(M)-9(R),"MODULE PACKAGE OF SOLAPUR SOLAR PV PROJECT, SOLAPUR IN MAHARASTRA.",Verification Required,0,,,,,Solar,,,2020-06-08,,,,Unknown,NTPC,,Tender · NEW,https://ntpctender.ntpc.co.in/NITDetails/NITs/21676,,Official tender page,Winner not found,D,Fresh,,Closed,T-ab0abe5d8760,
Verification Required,,NTPC,RE-CS-5741-004(BOS)-9,IFB FOR DEVELOPMENT OF 735 (3X245) MW BALANCE OF SYSTEM PACKAGE OF NOKH SOLAR PARK PROJECT AT DISTRICT JAISALMER IN RAJASTHAN,Verification Required,0,,,,,Solar,,Rajasthan,2020-06-29,,,,Unknown,NTPC,,Tender · NEW,https://ntpctender.ntpc.co.in/NITDetails/NITs/21486,,Official tender page,Winner not found,D,Fresh,,Closed,T-9188cc4f4920,
Verification Required,,NTPC,RE-CS-5749-004(IT)-9,IFB For Inverter-Transformer Package of Solapur Solar PV Project at Solapur in Maharashtra,Verification Required,0,,,,,Solar,,Maharashtra,2020-07-16,,,,Unknown,NTPC,,Tender · NEW,https://ntpctender.ntpc.co.in/NITDetails/NITs/21495,,Official tender page,Winner not found,D,Fresh,,Closed,T-0de1d58f9e40,
Verification Required,,NTPC,RE-CS-0000-004(M)-9,Enlistment of Vendors for Bulk Solar PV Module Procurement.,Verification Required,0,,,,,Solar,,,2020-07-23,,,,Unknown,NTPC,,Tender · NEW,https://ntpctender.ntpc.co.in/NITDetails/NITs/21857,,Official tender page,Winner not found,D,Fresh,,Closed,T-7ecff29c687e,
Verification Required,,NTPC,RE-CS-5749-004(HT)-9,HT Switchgear Package of Solapur Solar PV Project at Solapur in Maharashtra.,Verification Required,0,,,,,Solar,,Maharashtra,2020-07-25,,,,Unknown,NTPC,,Tender · NEW,https://ntpctender.ntpc.co.in/NITDetails/NITs/21671,,Official tender page,Winner not found,D,Fresh,,Closed,T-cdf290804afd,
Verification Required,,NTPC,RE-CS-5749-004(PCS)-9,IFB FOR Power Cable Supply Package of Solapur Solar PV Project at Solapur in Maharashtra,Verification Required,0,,,,,Solar,,Maharashtra,2020-08-07,,,,Unknown,NTPC,,Tender · NEW,https://ntpctender.ntpc.co.in/NITDetails/NITs/21449,,Official tender page,Winner not found,D,Fresh,,Closed,T-37508d2d99cf,
Verification Required,,NTPC,RE-CS-ASSET-004-01,"Promoters / Lenders, Authorized Financial Intermediaries of the Power Generation Companies, Independent Power Producers / Developers for Offering Their Operational Solar Based Power Assets Located in India for Possible Acquisition by NTPC.",Verification Required,0,,,,,Solar,,,2020-09-14,,,,Unknown,NTPC,,Tender · NEW,https://ntpctender.ntpc.co.in/NITDetails/NITs/22048,,Official tender page,Winner not found,D,Fresh,,Closed,T-5d7333e9de1a,
Verification Required,,NTPC,RE-CS-0000-004(F/GM-II)-9,ENLISTMENT OF EPC VENDORS FOR FLOATING / GROUND MOUNTED SOLAR PV PROJECTS.,Verification Required,0,,,,,Solar,,,2020-09-16,,,,Unknown,NTPC,,Tender · NEW,https://ntpctender.ntpc.co.in/NITDetails/NITs/22267,,Official tender page,Winner not found,D,Fresh,,Closed,T-4604d909cb67,
Verification Required,2020-08-10,SECI,SECI/C&P/NIT/AV EQUIP/082020,"SUPPLY AND INSTALLATION OF AUDIO VISUAL (AV) EQUIPMENTS AT CORPORATE OFFICE COMPLEX OF SOLAR ENERGY CORPORATION OF INDIA LIMITED (SECI) AT NBCC BUILDING, KIDWAI NAGAR (EAST), NEW DELHI",Verification Required,0,,,,,Solar,,Delhi,2020-09-25,,,,Unknown,SECI,,On Line with e-Reverse Auction,https://www.seci.co.in/tender-details/YWs,,Official tender page,Winner not found,D,Fresh,,Closed,3306e54faad5,
Verification Required,,NTPC,RE-CS-5749-004(M)-9(R2),MODULE PACKAGE FOR SOLAPUR SOLAR PV PROJECT AT SOLAPUR IN MAHARASTRA.,Verification Required,0,,,,,Solar,,,2020-10-09,,,,Unknown,NTPC,,Tender · NEW,https://ntpctender.ntpc.co.in/NITDetails/NITs/22330,,Official tender page,Winner not found,D,Fresh,,Closed,T-662deba544cb,
Verification Required,2020-09-25,SECI,SECI/SD/EOI/20-21,"Expression of Interest (EOI) for Renewable Energy (RE) based Solutions/ System/ Technology for meeting energy requirements in remote areas (HAA) of Himalayas, India",Verification Required,0,,,,,Unclassified,,,2020-11-06,,,,Unknown,SECI,,EOI,https://www.seci.co.in/tender-details/YmA,,Official tender page,Winner not found,D,Fresh,,Closed,T-c83fc5dffc01,
Verification Required,2020-09-25,SECI,SECI/SD/EOI/20-21,"Expression of Interest (EOI) for Renewable Energy (RE) based Solutions/ System/ Technology for meeting energy requirements in remote areas (HAA) of Himalayas, India",Verification Required,0,,,,,Unclassified,,,2020-11-06,,,,Unknown,SECI,,On Line,https://www.seci.co.in/tender-details/YmA,,Official tender page,Winner not found,D,Fresh,,Closed,c83fc5dffc01,
Verification Required,,NTPC,NTPC/EOC/9900211460,ENLISTMENT OF BIDDERS FOR BALANCE OF SYSTEM (BOS) PACKAGE OF SOLAR PV PROJECT OF NTPC LTD.,Verification Required,0,,,,,Solar,,,2020-12-02,,,,Unknown,NTPC,,Tender · NEW,https://ntpctender.ntpc.co.in/NITDetails/NITs/22471,,Official tender page,Winner not found,D,Fresh,,Closed,T-8be381527adb,
Verification Required,,NTPC,RE-CS-5749-004(PCS)-9(R),Power Cable Supply Package of Solapur Solar PV Project at Solapur in Maharashtra.,Verification Required,0,,,,,Solar,,Maharashtra,2020-12-22,,,,Unknown,NTPC,,Tender · NEW,https://ntpctender.ntpc.co.in/NITDetails/NITs/22405,,Official tender page,Winner not found,D,Fresh,,Closed,T-2ae50554818c,
Verification Required,2020-12-17,SECI,SECI/C&P/SOFT/2020,"Limited tender for Supply of Plex Earth Professional & AutoCAD® Software at Solar Energy Corporation of India Limited, New Delhi",Verification Required,0,,,,,Solar,,Delhi,2020-12-24,,,,Unknown,SECI,,Off Line,https://www.seci.co.in/tender-details/YmY,,Official tender page,Winner not found,D,Fresh,,Closed,7a955b8b64ee,
Verification Required,,NTPC,RE-CS-5749-004(MMS)-9(R),NIT for Module Mounting Structure for Solapur Solar PV Project,Verification Required,0,,,,,Solar,,,2021-02-04,,,,Unknown,NTPC,,NIT · NEW,https://ntpctender.ntpc.co.in/NITDetails/NITs/22711,,Official tender page,Winner not found,D,Fresh,,Closed,T-998e402a6397,
Verification Required,,NTPC,RE-CS-5730-004(M)-9(R3),SPV MODULE PACKAGE OF ANTA SOLAR PROJECT AT BARAN DISTRICT IN RAJASTHAN,Verification Required,0,,,,,Solar,,Rajasthan,2021-04-16,,,,Unknown,NTPC,,Tender · NEW,https://ntpctender.ntpc.co.in/NITDetails/NITs/22930,,Official tender page,Winner not found,D,Fresh,,Closed,T-241b70f68db2,
Verification Required,,NTPC,RE-CS-5741-004-9,"DEVELOPMENT OF 735 (3x245) MW NOKH SOLAR PROJECT IN RAJASTHAN, INDIA.",Verification Required,0,,,,,Solar,,Rajasthan,2021-05-10,,,,Unknown,NTPC,,Tender · NEW,https://ntpctender.ntpc.co.in/NITDetails/NITs/22778,,Official tender page,Winner not found,D,Fresh,,Closed,T-578330c02ce9,
Verification Required,,NTPC,RE-CS-5749-004(SW)-9(R),SCADA AND WMS PACKAGE FOR SOLAPUR SOLAR PV PROJECT IN MAHARASHTRA,Verification Required,0,,,,,Solar,,Maharashtra,2021-05-13,,,,Unknown,NTPC,,Tender · NEW,https://ntpctender.ntpc.co.in/NITDetails/NITs/23183,,Official tender page,Winner not found,D,Fresh,,Closed,T-aa012b302805,
Verification Required,,NTPC,RE-CS-5749-004(HT)-9(R),HT SWITCHGEAR PACKAGE OF SOLAPUR SOLAR PV PROJECT AT SOLAPUR IN MAHARASHTRA,Verification Required,0,,,,,Solar,,Maharashtra,2021-05-26,,,,Unknown,NTPC,,Tender · NEW,https://ntpctender.ntpc.co.in/NITDetails/NITs/23226,,Official tender page,Winner not found,D,Fresh,,Closed,T-5380331278e6,
Verification Required,2021-07-13,SECI,SECI/C&P/SOFT/STAAD/2021,"Limited Tender for the Procurement of license and subscription for STAAD.PRO software at Solar Energy Corporation of India Limited, New Delhi",Verification Required,0,,,,,Solar,,Delhi,2021-07-20,,,,Unknown,SECI,,Tender,https://www.seci.co.in/tender-details/Y2c,,Official tender page,Winner not found,D,Fresh,,Closed,2873dd792e0f,
Verification Required,,NTPC,RE-CS-NREL-LEH-001,HYDROGEN FUELLING STATION FOR GREEN HYDROGEN MOBILITY PILOT PROJECT IN LEH LADAKH INDIA.,Verification Required,0,,,,,Green Hydrogen / Derivatives,,Ladakh,2021-08-13,,,,Unknown,NTPC,,Tender · NEW,https://ntpctender.ntpc.co.in/NITDetails/NITs/23450,,Official tender page,Winner not found,D,Fresh,,Closed,T-5ade801d28b3,
Verification Required,2021-08-27,SECI,SECI/C&P/MI/00/0002/2021-22,Translating Agency/ies to Execute the Translation Work (i.e. English to Hindi and Vice Versa) at Solar Energy Corporation of India Limited,Verification Required,0,,,,,Solar,,,2021-09-17,,,,Unknown,SECI,,Tender,https://www.seci.co.in/tender-details/ZGI,,Official tender page,Winner not found,D,Fresh,,Closed,0164f3d25bc7,
Verification Required,,NTPC,NTPC-REL/EOI/01,Strategic Sourcing Tie-ups of Solar PV Modules for approx.15 GW upto a cumulative period of five (05) years,Verification Required,0,,,,,Solar,,,2021-11-29,,,,Unknown,NTPC,,EOI · NEW,https://ntpctender.ntpc.co.in/NITDetails/NITs/23631,,Official tender page,Winner not found,D,Fresh,,Closed,T-9fb53e1f5e47,
Verification Required,2021-09-07,SECI,SECI/C&P/EOI/11/0001/2021-22,EOI for Sourcing of land for Setting up of Solar PV Projects for Solarization of Agri-feeders in Uttar Pradesh,Verification Required,0,,,,,Solar,,Uttar Pradesh,2021-12-23,,,,Unknown,SECI,,EOI,https://www.seci.co.in/tender-details/ZGM,,Official tender page,Winner not found,D,Fresh,,Closed,T-7409417e8e5c,
Verification Required,2021-09-07,SECI,SECI/C&P/EOI/11/0001/2021-22,EOI for Sourcing of land for Setting up of Solar PV Projects for Solarization of Agri-feeders in Uttar Pradesh,Verification Required,0,,,,,Solar,,Uttar Pradesh,2021-12-23,,,,Unknown,SECI,,EOI,https://www.seci.co.in/tender-details/ZGM,,Official tender page,Winner not found,D,Fresh,,Closed,7409417e8e5c,
Verification Required,,NTPC,NTPC/EOC/9900233667,Appointment of Consultant (including hiring of DOE) for 03rd Verification of VCS Registered Solar & Wind RE Power Projects for a period from 01-10-2020 to 31-12-2021,Verification Required,0,,,,,Solar,,,2022-03-09,,,,Unknown,NTPC,,Tender · NEW,https://ntpctender.ntpc.co.in/NITDetails/NITs/24032,,Official tender page,Winner not found,D,Fresh,,Closed,T-077d52b1b17c,
Verification Required,,NTPC,NTPC-REL/EOI/03,"Expression of Interest for shortlisting suitable land banks/land parcels from Private Landowners/ Farmers/ Co-operative Societies /Land Aggregators /SPVs/ Companies for setting up Wind Energy Projects in states Rajasthan, Maharashtra, Gujarat, Karnataka, Andhra Pradesh, Tamil Nadu & Madhya Pradesh in India.",Verification Required,0,,,,,Wind,,Andhra Pradesh,2022-03-30,,,,Unknown,NTPC,,EOI · NEW,https://ntpctender.ntpc.co.in/NITDetails/NITs/24110,,Official tender page,Winner not found,D,Fresh,,Closed,T-0e83bb29a20c,
Verification Required,2022-05-18,SECI,SECI/C&P/MI/00/0004/2021-22,"Open Tender For Engagement of an agency for Fitting and Installation of outdoor display board pertaining to PM-KUSUM Scheme/Rooftop Projects At District, Block and Panchayat Level of Tamil Nadu and Od",Verification Required,0,,,,,Rooftop Solar,,Tamil Nadu,2022-06-22,,,,Unknown,SECI,,Tender,https://www.seci.co.in/tender-details/ZWo,,Official tender page,Winner not found,D,Fresh,,Closed,T-716463ee7e38,
Verification Required,2022-05-18,SECI,SECI/C&P/MI/00/0004/2021-22,"Open Tender For Engagement of an agency for Fitting and Installation of outdoor display board pertaining to PM-KUSUM Scheme/Rooftop Projects At District, Block and Panchayat Level of Tamil Nadu and Od",Verification Required,0,,,,,Rooftop Solar,,Tamil Nadu,2022-06-22,,,,Unknown,SECI,,Tender,https://www.seci.co.in/tender-details/ZWo,,Official tender page,Winner not found,D,Fresh,,Closed,716463ee7e38,
Verification Required,2022-06-01,SECI,GEM/2022/B/2225359,"Hiring of Rental Commercial Vehicles purely based on as and when required to be taken on Daily Rental basis for Official Travel Requirements at Solar Energy Corporation of India Limited, New Delhi, In",Verification Required,0,,,,,Solar,,Delhi,2022-06-23,,,,Unknown,SECI,,Tender,https://www.seci.co.in/tender-details/ZmM,,Official tender page,Winner not found,D,Fresh,,Closed,c0d4bff3b7ac,
Verification Required,2022-06-01,SECI,GEM/2022/B/2225248,"Hiring of Rental Commercial Vehicles to be taken on Monthly Rental basis for Official Travel Requirements at Solar Energy Corporation of India Limited, New Delhi, India through GeM",Verification Required,0,,,,,Solar,,Delhi,2022-06-23,,,,Unknown,SECI,,Tender,https://www.seci.co.in/tender-details/ZmA,,Official tender page,Winner not found,D,Fresh,,Closed,bf0530e4277a,
Verification Required,2022-06-29,SECI,GEM/2022/B/2302458,"Tender for Design, Supply, Installation & Commissioning with 5 Years Warranty Support of Controller Based Wi-Fi Network at Solar Energy Corporation of India Limited, New Delhi through GeM",Verification Required,0,,,,,Solar,,Delhi,2022-07-09,,,,Unknown,SECI,,Tender,https://www.seci.co.in/tender-details/Zms,,Official tender page,Winner not found,D,Fresh,,Closed,1d898d272463,
Verification Required,,NTPC,RE-CS-5741-004(M)-9,SPV MODULE PACKAGE OF NOKH SOLAR PV PROJECT AT NOKH IN RAJASTHAN.,Verification Required,0,,,,,Solar,,Rajasthan,2022-07-18,,,,Unknown,NTPC,,Tender · NEW,https://ntpctender.ntpc.co.in/NITDetails/NITs/24636,,Official tender page,Winner not found,D,Fresh,,Closed,T-a9082fa10416,
Verification Required,,NTPC,RE-CS-5730-004(M)-9R4,SPV MODULE PACKAGE OF ANTA SOLAR PV PROJECT AT BARAN DISTRICT IN RAJASTHAN.,Verification Required,0,,,,,Solar,,Rajasthan,2022-07-19,,,,Unknown,NTPC,,Tender · NEW,https://ntpctender.ntpc.co.in/NITDetails/NITs/24617,,Official tender page,Winner not found,D,Fresh,,Closed,T-3f73f8941ef0,
Verification Required,2022-06-24,SECI,SECI/C&P/OP/17/002/22-23,"RfS for Selection of Charging Station Operator (CSO) for Supply, Erection, Testing, Commissioning, O&M of 1 EV Captive Charging Station in the premises of NCRTC, INA (EV-I)",Verification Required,0,,,,,Unclassified,,,2022-08-10,,,,Unknown,SECI,,RfS,https://www.seci.co.in/tender-details/ZmQ,,Official tender page,Winner not found,D,Fresh,,Closed,T-86d2f5943bc0,
Verification Required,2022-06-24,SECI,SECI/C&P/OP/17/002/22-23,"RfS for Selection of Charging Station Operator (CSO) for Supply, Erection, Testing, Commissioning, O&M of 1 EV Captive Charging Station in the premises of NCRTC, INA (EV-I)",Verification Required,0,,,,,Unclassified,,,2022-08-10,,,,Unknown,SECI,,RfS,https://www.seci.co.in/tender-details/ZmQ,,Official tender page,Winner not found,D,Fresh,,Closed,86d2f5943bc0,
Verification Required,,NTPC,NRE-CS-5779-004(CP1)-9,CONSTRUCTION POWER PACKAGE USING SOLAR PV SYSTEM FOR NTPC RELs KHAVDA RE PARK.,Verification Required,0,,,,,Solar,,,2022-09-05,,,,Unknown,NTPC,,Tender · NEW,https://ntpctender.ntpc.co.in/NITDetails/NITs/24719,,Official tender page,Winner not found,D,Fresh,,Closed,T-bd05948ff015,
Verification Required,,NTPC,NRE-CS-5851-004-9,SELECTION OF ELECTROLYSER TECHNOLOGY PROVIDER(S) FOR PARTICIPATING IN THE UPCOMING TENDERS ON GREEN HYDROGEN,Verification Required,0,,,,,Green Hydrogen / Derivatives,,,2022-12-13,,,,Unknown,NTPC,,Tender · NEW,https://ntpctender.ntpc.co.in/NITDetails/NITs/24539,,Official tender page,Winner not found,D,Fresh,,Closed,T-cf8f42108fa3,
Verification Required,,NTPC,NRE-CS-5779-004(CP2)-9,"Battery Energy Storage System (Bess) for Solar PV Based Construction Power at NTPC RELs Khavda RE Park, RANN of Kutch, Gujarat",Verification Required,0,,,,,Solar + Storage,,Gujarat,2022-12-29,,,,Unknown,NTPC,,Tender · NEW,https://ntpctender.ntpc.co.in/NITDetails/NITs/25113,,Official tender page,Winner not found,D,Fresh,,Closed,T-72e9757e3882,
Verification Required,2022-11-18,SECI,SECI/C&P/MI/00/0009/22-23,RfS for Selection of Solar PV Module Manufacturers for Setting up Manufacturing Capacities for High Efficiency Solar PV Modules in India under the Production Linked Incentive Scheme (Tranche-II),Verification Required,0,,,,,Solar,,,2023-02-28,,,,Unknown,SECI,,RfS,https://www.seci.co.in/tender-details/Z2U,,Official tender page,Winner not found,D,Fresh,,Closed,T-d9ca73bcce6b,
Verification Required,2022-11-18,SECI,SECI/C&P/MI/00/0009/22-23,RfS for Selection of Solar PV Module Manufacturers for Setting up Manufacturing Capacities for High Efficiency Solar PV Modules in India under the Production Linked Incentive Scheme (Tranche-II),Verification Required,0,,,,,Solar,,,2023-02-28,,,,Unknown,SECI,,RfS,https://www.seci.co.in/tender-details/Z2U,,Official tender page,Winner not found,D,Fresh,,Closed,d9ca73bcce6b,
Verification Required,2022-09-23,SECI,SECI/C&P/IPP/14/0005/22-23,Request for Selection (RfS) Document for Selection Solar Power Developers for Setting up of Grid-Connected Rooftop Solar PV Projects on Government buildings under RESCO mode through,Verification Required,0,,,,,Rooftop Solar,,,2023-03-17,,,,Unknown,SECI,,RfS,https://www.seci.co.in/tender-details/Z2A,,Official tender page,Winner not found,D,Fresh,,Closed,T-196aa5a75c78,
Verification Required,2022-09-23,SECI,SECI/C&P/IPP/14/0005/22-23,Request for Selection (RfS) Document for Selection Solar Power Developers for Setting up of Grid-Connected Rooftop Solar PV Projects on Government buildings under RESCO mode through,Verification Required,0,,,,,Rooftop Solar,,,2023-03-17,,,,Unknown,SECI,,RfS,https://www.seci.co.in/tender-details/Z2A,,Official tender page,Winner not found,D,Fresh,,Closed,196aa5a75c78,
Verification Required,2022-12-31,SECI,SECI/C&P/MI/00/0010/2022-23,RfS for Selection of Vendors under Component-B of PM-KUSUM scheme of MNRE,Verification Required,0,,,,,Unclassified,,,2023-03-29,,,,Unknown,SECI,,RfS,https://www.seci.co.in/tender-details/Z2o,,Official tender page,Winner not found,D,Fresh,,Closed,T-64b3db07f5ec,
Verification Required,2022-12-31,SECI,SECI/C&P/MI/00/0010/2022-23,RfS for Selection of Vendors under Component-B of PM-KUSUM scheme of MNRE,Verification Required,0,,,,,Unclassified,,,2023-03-29,,,,Unknown,SECI,,RfS,https://www.seci.co.in/tender-details/Z2o,,Official tender page,Winner not found,D,Fresh,,Closed,64b3db07f5ec,
Verification Required,2023-02-10,SECI,SECI/C&P/OP/17/005/22-23,"RfS for Selection of Charging Station Operator (CSO) for Supply, Erection, Testing, Commissioning, O&M of 1 EV Captive Charging Station in the premises of NCRTC, INA (EV-I)",Verification Required,0,,,,,Unclassified,,,2023-04-11,,,,Unknown,SECI,,RfS,https://www.seci.co.in/tender-details/Z2s,,Official tender page,Winner not found,D,Fresh,,Closed,T-ca0c285efc7f,
Verification Required,2023-02-10,SECI,SECI/C&P/OP/17/005/22-23,"RfS for Selection of Charging Station Operator (CSO) for Supply, Erection, Testing, Commissioning, O&M of 1 EV Captive Charging Station in the premises of NCRTC, INA (EV-I)",Verification Required,0,,,,,Unclassified,,,2023-04-11,,,,Unknown,SECI,,RfS,https://www.seci.co.in/tender-details/Z2s,,Official tender page,Winner not found,D,Fresh,,Closed,ca0c285efc7f,
Verification Required,,NTPC,RE-CS-5741-004(M)-9R,SPV MODULE PACKAGE OF NOKH SOLAR PV PROJECT AT NOKH IN RAJASTHAN.,Verification Required,0,,,,,Solar,,Rajasthan,2023-04-14,,,,Unknown,NTPC,,Tender · NEW,https://ntpctender.ntpc.co.in/NITDetails/NITs/25509,,Official tender page,Winner not found,D,Fresh,,Closed,T-316c74170885,
Verification Required,,NTPC,RE-CS-0000-004(GNH3)-9,Enlistment of Technical Consultants for Green Ammonia Feasibility Studies.,Verification Required,0,,,,,Green Hydrogen / Derivatives,,,2023-05-01,,,,Unknown,NTPC,,Tender · NEW,https://ntpctender.ntpc.co.in/NITDetails/NITs/25434,,Official tender page,Winner not found,D,Fresh,,Closed,T-76c4436d16eb,
Verification Required,,NTPC,RE-CS-5788-004-9,EPC PACKAGE FOR IMPLEMENTATION OF AUTO SWITCHED CAPACITOR BANKS WITH BACK-TO-BACK CAPACITOR BANK SWITCHING FACILITY AT NGEL AND NTPC SPV PLANT(S).,Verification Required,0,,,,,Solar,,,2023-05-15,,,,Unknown,NTPC,,Tender · NEW,https://ntpctender.ntpc.co.in/NITDetails/NITs/25590,,Official tender page,Winner not found,D,Fresh,,Closed,T-8c279a21ba90,
Verification Required,2023-03-30,SECI,SECI/C&P/MI/00/0012/2022-23,"Empanelment of Vendors for Design, Supply, Installation, Testing and Commissioning including Warranty, Comprehensive Operation & Maintenance of Solar Power Projects-Rooftop and Ground mounted",Verification Required,0,,,,,Rooftop Solar,,,2023-05-18,,,,Unknown,SECI,,Tender,https://www.seci.co.in/tender-details/aGQ,,Official tender page,Winner not found,D,Fresh,,Closed,T-e00e88ac33bf,
Verification Required,2023-03-30,SECI,SECI/C&P/MI/00/0012/2022-23,"Empanelment of Vendors for Design, Supply, Installation, Testing and Commissioning including Warranty, Comprehensive Operation & Maintenance of Solar Power Projects-Rooftop and Ground mounted",Verification Required,0,,,,,Rooftop Solar,,,2023-05-18,,,,Unknown,SECI,,Tender,https://www.seci.co.in/tender-details/aGQ,,Official tender page,Winner not found,D,Fresh,,Closed,e00e88ac33bf,
Verification Required,,NTPC,RE-CS-5789-004-9,REVISED GRID COMPLIANCE SYSTEM STUDY IN NTPC AND NGEL SPV PLANT(S).,Verification Required,0,,,,,Solar,,,2023-06-14,,,,Unknown,NTPC,,Tender · NEW,https://ntpctender.ntpc.co.in/NITDetails/NITs/25726,,Official tender page,Winner not found,D,Fresh,,Closed,T-70f917a0ff4e,
Verification Required,,NTPC,NRE-CS-5779-004(CP2)-9R,"BATTERY ENERGY STORAGE SYSTEM (BESS) FOR SOLAR PV BASED CONSTRUCTION POWER AT NTPC REL’S KHAVDA RE PARK, RANN OF KUTCH, GUJARAT",Verification Required,0,,,,,Solar + Storage,,Gujarat,2023-07-13,,,,Unknown,NTPC,,Tender · NEW,https://ntpctender.ntpc.co.in/NITDetails/NITs/25801,,Official tender page,Winner not found,D,Fresh,,Closed,T-edd005c35f5a,
Verification Required,,NTPC,NRE-CS-CONS-FS-001,APPOINTMENT OF CONSULTANT for ASSESSMENT OF POTENTIAL FLOATING SOLAR CAPACITIES IN DIFFERENT STATES and UTs OF INDIA.,Verification Required,0,,,,,Floating Solar,,,2023-07-17,,,,Unknown,NTPC,,Tender · NEW,https://ntpctender.ntpc.co.in/NITDetails/NITs/25756,,Official tender page,Winner not found,D,Fresh,,Closed,T-c646a2889ff4,
Verification Required,2023-07-14,SECI,SECI/C&P/MI/00/0014/2023-24,"Tender for Selection of Agency for Conducting Geo-Technical Study and Topography Survey at Mithakari site of South Andaman for implementation of RE Plan at the UT of A&N Islands, India.",Verification Required,0,,,,,Unclassified,,Andaman and Nicobar,2023-09-01,,,,Unknown,SECI,,Tender,https://www.seci.co.in/tender-details/aWU,,Official tender page,Winner not found,D,Fresh,,Closed,T-dfa1062c1efc,
Verification Required,2023-07-14,SECI,SECI/C&P/MI/00/0014/2023-24,"Tender for Selection of Agency for Conducting Geo-Technical Study and Topography Survey at Mithakari site of South Andaman for implementation of RE Plan at the UT of A&N Islands, India.",Verification Required,0,,,,,Unclassified,,Andaman and Nicobar,2023-09-01,,,,Unknown,SECI,,Tender,https://www.seci.co.in/tender-details/aWU,,Official tender page,Winner not found,D,Fresh,,Closed,dfa1062c1efc,
Verification Required,,NTPC,NRE-CS-BULK(M)-004-9,"SUPPLY OF SOLAR PV MODULES FOR SHAHJAPUR, BHUJ AND BHADLA SOLAR PV PROJECT.",Verification Required,0,,,,,Solar,,,2023-09-20,,,,Unknown,NTPC,,Tender · NEW,https://ntpctender.ntpc.co.in/NITDetails/NITs/25736,,Official tender page,Winner not found,D,Fresh,,Closed,T-01a200d2ec89,
Verification Required,,NTPC,NRE-CS-2601-Vehicle-23-05,Deployment of one Vehicle (AC Mahindra Bolero / Mahindra Bolero Neo or Equivalent Model or Higher Model like Mahindra Scorpio / Tata Harrier etc.) for Executives for 01 Year at Chhattargarh solar (Bikaner).,Verification Required,0,,,,,Solar,,,2023-09-25,,,,Unknown,NTPC,,Tender · NEW,https://ntpctender.ntpc.co.in/NITDetails/NITs/26136,,Official tender page,Winner not found,D,Fresh,,Closed,T-e0c2b7284c37,
Verification Required,,NTPC,RE-CS-DEL-H2-BUS-EOI,EOI for Electric Bus Operators for Operation of NTPC Fuel Cell Electric Buses on Lease Basis.,Verification Required,0,,,,,Unclassified,,,2023-11-20,,,,Unknown,NTPC,,EOI · NEW,https://ntpctender.ntpc.co.in/NITDetails/NITs/26327,,Official tender page,Winner not found,D,Fresh,,Closed,T-071498dfe690,
Verification Required,2023-07-07,SECI,SECI/C&P/MI/00/0015/2023-24,RfS for setting up Manufacturing Capacities for Electrolysers in India under SIGHT scheme (Tranche-I),Verification Required,0,,,,,Green Hydrogen / Derivatives,,,2023-12-12,,,,Unknown,SECI,,RfS,https://www.seci.co.in/tender-details/aWc,,Official tender page,Winner not found,D,Fresh,,Closed,T-c51a50fe3b7d,
Verification Required,2023-07-10,SECI,SECI/C&P/MI/00/0016/2023-24,RfS for Setting up Production Facilities for Green Hydrogen in India under SIGHT Scheme (Mode-1-Tranche-I),Verification Required,0,,,,,Green Hydrogen / Derivatives,,,2023-12-12,,,,Unknown,SECI,,RfS,https://www.seci.co.in/tender-details/aWQ,,Official tender page,Winner not found,D,Fresh,,Closed,T-775eb2112596,
Verification Required,2023-07-07,SECI,SECI/C&P/MI/00/0015/2023-24,RfS for setting up Manufacturing Capacities for Electrolysers in India under SIGHT scheme (Tranche-I),Verification Required,0,,,,,Green Hydrogen / Derivatives,,,2023-12-12,,,,Unknown,SECI,,RfS,https://www.seci.co.in/tender-details/aWc,,Official tender page,Winner not found,D,Fresh,,Closed,c51a50fe3b7d,
Verification Required,2023-07-10,SECI,SECI/C&P/MI/00/0016/2023-24,RfS for Setting up Production Facilities for Green Hydrogen in India under SIGHT Scheme (Mode-1-Tranche-I),Verification Required,0,,,,,Green Hydrogen / Derivatives,,,2023-12-12,,,,Unknown,SECI,,RfS,https://www.seci.co.in/tender-details/aWQ,,Official tender page,Winner not found,D,Fresh,,Closed,775eb2112596,
Verification Required,,NTPC,GEM/2024/B/4938769,"DEPLOYMENT OF 01 NO. OF COMMERCIAL VEHICLE FOR A PERIOD OF ONE (01) YEAR AT SOLAR PV PROJECT AT MESANKA SITE, GUJARAT.",Verification Required,0,,,,,Solar,,Gujarat,2024-05-23,,,,Unknown,NTPC,,Tender · NEW,https://ntpctender.ntpc.co.in/NITDetails/NITs/27122,,Official tender page,Winner not found,D,Fresh,,Closed,T-b57de614beef,
Verification Required,2024-03-16,SECI,SECI/C&P/MI/00/0022/2023-24,RfS for setting up Manufacturing Capacities for Electrolysers in India under SIGHT scheme (Tranche-II),Verification Required,0,,,,,Green Hydrogen / Derivatives,,,2024-07-05,,,,Unknown,SECI,,RfS,https://www.seci.co.in/tender-details/YWF2,,Official tender page,Winner not found,D,Fresh,,Closed,T-a5108c7e7cae,
Verification Required,2024-03-16,SECI,SECI/C&P/MI/00/0022/2023-24,RfS for setting up Manufacturing Capacities for Electrolysers in India under SIGHT scheme (Tranche-II),Verification Required,0,,,,,Green Hydrogen / Derivatives,,,2024-07-05,,,,Unknown,SECI,,RfS,https://www.seci.co.in/tender-details/YWF2,,Official tender page,Winner not found,D,Fresh,,Closed,a5108c7e7cae,
Verification Required,2024-06-27,NTPC,GEM/2024/B/4898053,SUPPLY OF 335 WATT PEAK SOLAR PANELS FOR NGEL BHADLA SOLAR POWER PROJECT.,Verification Required,0,,,,,Solar,,,2024-07-10,,,,Unknown,NTPC,,Tender · NEW,https://ntpctender.ntpc.co.in/NITDetails/NITs/27372,,Official tender page,Winner not found,D,Fresh,,Closed,T-0c0e1fd61e60,
Verification Required,2024-06-21,NTPC,CS-5858-GreenH2LOCO-9,GREEN HYDROGEN FUEL CELL LOCOMOTIVE(S) FOR OPERATION AT THE MGR OF NTPC SIPAT.,Verification Required,0,,,,,Green Hydrogen / Derivatives,,,2024-08-20,,,,Unknown,NTPC,,Tender · NEW,https://ntpctender.ntpc.co.in/NITDetails/NITs/27326,,Official tender page,Winner not found,D,Fresh,,Closed,T-fc891c2d8761,
Verification Required,2023-12-13,NTPC,NRE-CS-5800-004(SS1)-9,"SUBSTATION PACKAGE OF 945MVA CAPACITY FOR POWER EVACUATION FROM SOLAR PV PROJECTS AT BIKANER, RAJASTHAN",Verification Required,0,,,,,Transmission / Evacuation,,Rajasthan,2024-08-26,,,,Unknown,NTPC,,Tender · NEW,https://ntpctender.ntpc.co.in/NITDetails/NITs/26491,,Official tender page,Winner not found,D,Fresh,,Closed,T-7ff0b0f77c19,
Verification Required,2024-08-19,NTPC,GEM/2024/B/5303686,"SETTING UP OF A REMOTE ASSET MONITORING CENTER (RAMC) AT RE AMG, JAIPUR",Verification Required,0,,,,,Unclassified,,,2024-09-05,,,,Unknown,NTPC,,Tender · NEW,https://ntpctender.ntpc.co.in/NITDetails/NITs/27569,,Official tender page,Winner not found,D,Fresh,,Closed,T-3104dbdea241,
Verification Required,2024-08-16,NTPC,NGEL-RE-CS-CARBON CREDIT-001,"Sale of 1,00,000 Carbon Credits (VERs) of RE Projects (Wind and Solar) of NTPC Green Energy Limited Registered under VCS (Verified Carbon Standard) Program",Verification Required,0,,,,,Solar,,,2024-09-12,,,,Unknown,NTPC,,Tender · NEW,https://ntpctender.ntpc.co.in/NITDetails/NITs/27563,,Official tender page,Winner not found,D,Fresh,,Closed,T-ba46c774168f,
Verification Required,2024-09-04,NTPC,GEM/2024/B/5360174,"Master Planning and Detailed Engineering of Infrastructures for Green Hydrogen Hub at Pudimadaka, Andhra Pradesh",Verification Required,0,,,,,Green Hydrogen / Derivatives,,Andhra Pradesh,2024-09-26,,,,Unknown,NTPC,,Tender · NEW,https://ntpctender.ntpc.co.in/NITDetails/NITs/27652,,Official tender page,Winner not found,D,Fresh,,Closed,T-5c73e8173d7e,
Verification Required,2024-06-14,SECI,SECI/C&P/IPP/11/0007/24-25,Setting up of Grid-Connected Solar PV Projects with Battery Energy Storage System (BESS) in Lakshadweep under RESCO Mode,Verification Required,0,,,,,Solar + Storage,,Lakshadweep,2024-11-14,,,,Unknown,SECI,,Tender,https://www.seci.co.in/tender-details/YWZz,,Official tender page,Winner not found,D,Fresh,,Closed,T-7904b43cdfea,
Verification Required,2024-06-14,SECI,SECI/C&P/IPP/11/0007/24-25,Setting up of Grid-Connected Solar PV Projects with Battery Energy Storage System (BESS) in Lakshadweep under RESCO Mode,Verification Required,0,,,,,Solar + Storage,,Lakshadweep,2024-11-14,,,,Unknown,SECI,,Tender,https://www.seci.co.in/tender-details/YWZz,,Official tender page,Winner not found,D,Fresh,,Closed,7904b43cdfea,
Verification Required,2024-07-11,SECI,SECI/C&P/MI/00/0006/2024-25,RfS for Setting up Production Facilities for Green Hydrogen in India under SIGHT Scheme (Mode-1-Tranche-II),Verification Required,0,,,,,Green Hydrogen / Derivatives,,,2024-12-04,,,,Unknown,SECI,,RfS,https://www.seci.co.in/tender-details/YWdw,,Official tender page,Winner not found,D,Fresh,,Closed,T-eae453cce18c,
Verification Required,2024-07-11,SECI,SECI/C&P/MI/00/0006/2024-25,RfS for Setting up Production Facilities for Green Hydrogen in India under SIGHT Scheme (Mode-1-Tranche-II),Verification Required,0,,,,,Green Hydrogen / Derivatives,,,2024-12-04,,,,Unknown,SECI,,RfS,https://www.seci.co.in/tender-details/YWdw,,Official tender page,Winner not found,D,Fresh,,Closed,eae453cce18c,
Verification Required,2024-09-20,NTPC,NRE-CS-BULKTRF-RAJ-1-004-9,POWER TRANSFORMER PACKAGE FOR BIKANER AND FATEHGARH SOLAR POWER PROJECTS IN RAJASTHAN.,Verification Required,0,,,,,Solar,,Rajasthan,2024-12-12,,,,Unknown,NTPC,,Tender · NEW,https://ntpctender.ntpc.co.in/NITDetails/NITs/27718,,Official tender page,Winner not found,D,Fresh,,Closed,T-2621aa0b87f9,
Verification Required,2024-11-08,NTPC,NRE-CS-BULKPSS-RAJ-1-004-9,"33KV/400KV, 1260 MVA POOLING SUB STATION AT BIKANER AND 33KV/400KV,945MVA POOLING SUB STATION AT FATEHGARH (EXCLUDING POWER TRANSFORMER SUPPLY) FOR SOLAR PV PROJECTS OF NTPC REL IN RAJASTHAN.",Verification Required,0,,,,,Solar,,Rajasthan,2025-01-31,,,,Unknown,NTPC,,Tender · NEW,https://ntpctender.ntpc.co.in/NITDetails/NITs/27918,,Official tender page,Winner not found,D,Fresh,,Closed,T-5b372c12f101,
Verification Required,2025-01-15,SECI,GEM/2025/B/5824252,"Director’s and Officer’s Liability Insurance 2025-26 of Solar Energy Corporation of India Limited, New Delhi",Verification Required,0,,,,,Solar,,Delhi,2025-02-13,,,,Unknown,SECI,,Tender,https://www.seci.co.in/tender-details/YWpy,,Official tender page,Winner not found,D,Fresh,,Closed,847d5ccd0ab4,
Verification Required,2025-02-28,NTPC,NRE-CS-5921-003(SVG)-9,430 MVAr SVG PACKAGE FOR REACTIVE POWER COMPENSATION OF WIND PROJECTS IN GUJARAT,Verification Required,0,,,,,Wind,,Gujarat,2025-03-26,,,,Unknown,NTPC,,Tender · NEW,https://ntpctender.ntpc.co.in/NITDetails/NITs/28338,,Official tender page,Winner not found,D,Fresh,,Closed,T-0b5b00904a46,
Verification Required,2025-03-04,NTPC,RE-CS-H2-ODISHA-001,"HYDROGEN REFUELING STATION FOR GREEN HYDROGEN MOBILITY PROJECT IN BHUBANESWAR, ODISHA",Verification Required,0,,,,,Green Hydrogen / Derivatives,,Odisha,2025-03-27,,,,Unknown,NTPC,,Tender · NEW,https://ntpctender.ntpc.co.in/NITDetails/NITs/28354,,Official tender page,Winner not found,D,Fresh,,Closed,T-e8fe4170044f,
Verification Required,2025-03-21,SECI,GEM/2025/B/6076106,"Hiring of Vehicles on Monthly basis at Solar Project of SECI in Ramagiri, Andhra Pradesh",Verification Required,0,,,,,Solar,,Andhra Pradesh,2025-03-31,,,,Unknown,SECI,,Tender,https://www.seci.co.in/tender-details/YWt2,,Official tender page,Winner not found,D,Fresh,,Closed,T-6630b5bb4429,
Verification Required,2025-03-21,SECI,GEM/2025/B/6076106,"Hiring of Vehicles on Monthly basis at Solar Project of SECI in Ramagiri, Andhra Pradesh",Verification Required,0,,,,,Solar,,Andhra Pradesh,2025-03-31,,,,Unknown,SECI,,Tender,https://www.seci.co.in/tender-details/YWt2,,Official tender page,Winner not found,D,Fresh,,Closed,6630b5bb4429,
Verification Required,2025-04-01,SECI,SECI/C&P/MI/00/0012/2025-26,"Interior cum Fit-out Work of Corporate Office Complex of Solar Energy Corporation of India Limited (SECI) at F-200 and F-300, Tower-F, World Trade Center New Delhi, Nauroji Nagar, New Delhi- 110 029",Verification Required,0,,,,,Solar,,Delhi,2025-05-09,,,,Unknown,SECI,,Tender,https://www.seci.co.in/tender-details/YWt0,,Official tender page,Winner not found,D,Fresh,,Closed,201b9539506d,
Verification Required,2024-10-28,NTPC,GEM/2024/B/5503787,Procurement of Tie Transformer 400/33KV 150 MVA for Pooled Spare of Solar PV Stations at Shimbhu Ki Burj-1 Solar Plant.,Verification Required,0,,,,,Solar,,,2025-05-20,,,,Unknown,NTPC,,Tender · NEW,https://ntpctender.ntpc.co.in/NITDetails/NITs/27894,,Official tender page,Winner not found,D,Fresh,,Closed,T-1d0f4ef89d13,
Verification Required,2025-03-21,NTPC,RE-CS-H2-GUJRAT-001,HYDROGEN REFUELING STATION FOR Green Hydrogen Mobility Project at Kandla Gujarat,Verification Required,0,,,,,Green Hydrogen / Derivatives,,Gujarat,2025-05-21,,,,Unknown,NTPC,,Tender · NEW,https://ntpctender.ntpc.co.in/NITDetails/NITs/28421,,Official tender page,Winner not found,D,Fresh,,Closed,T-b9fe72e7d861,
Verification Required,2025-05-19,NTPC,GEM/2025/B/6244688,"PROCUREMENT OF THREE (03) NOS. HYDROGEN FUEL CELL BUSES FOR GREEN HYDROGEN MOBILITY PROJECT IN BHUBANESWAR, ODISHA",Verification Required,0,,,,,Green Hydrogen / Derivatives,,Odisha,2025-06-07,,,,Unknown,NTPC,,Tender · NEW,https://ntpctender.ntpc.co.in/NITDetails/NITs/28602,,Official tender page,Winner not found,D,Fresh,,Closed,T-962d64e8879d,
Verification Required,2024-08-20,SECI,SECI/C&P/EOI/17/0002/24-25,CfP for Setting up of Green Hydrogen Hubs in India under National Green Hydrogen Mission,Verification Required,0,,,,,Green Hydrogen / Derivatives,,,2025-06-30,,,,Unknown,SECI,,EOI,https://www.seci.co.in/tender-details/YWRy,,Official tender page,Winner not found,D,Fresh,,Closed,T-fb6aab79e7b9,
Verification Required,2024-08-20,SECI,SECI/C&P/EOI/17/0002/24-25,CfP for Setting up of Green Hydrogen Hubs in India under National Green Hydrogen Mission,Verification Required,0,,,,,Green Hydrogen / Derivatives,,,2025-06-30,,,,Unknown,SECI,,EOI,https://www.seci.co.in/tender-details/YWRy,,Official tender page,Winner not found,D,Fresh,,Closed,fb6aab79e7b9,
Verification Required,2025-06-10,SECI,GEM/2025/B/6330370,"Director’s and Officer’s Liability Insurance 2025-26 of Solar Energy Corporation of India Limited, New Delhi",Verification Required,0,,,,,Solar,,Delhi,2025-07-01,,,,Unknown,SECI,,Tender,https://www.seci.co.in/tender-details/YmJ2,,Official tender page,Winner not found,D,Fresh,,Closed,839226a84d18,
Verification Required,2024-06-07,SECI,SECI/C&P/MI/00/0002/2024-25,RfS for Production and Supply of Green Ammonia in India under SIGHT Scheme (Mode-2A-Tranche-I),Verification Required,0,,,,,Green Hydrogen / Derivatives,,,2025-07-10,,,,Unknown,SECI,,RfS,https://www.seci.co.in/tender-details/YWZ1,,Official tender page,Winner not found,D,Fresh,,Closed,T-ce22f5ffa709,
Verification Required,2024-06-07,SECI,SECI/C&P/MI/00/0002/2024-25,RfS for Production and Supply of Green Ammonia in India under SIGHT Scheme (Mode-2A-Tranche-I),Verification Required,0,,,,,Green Hydrogen / Derivatives,,,2025-07-10,,,,Unknown,SECI,,RfS,https://www.seci.co.in/tender-details/YWZ1,,Official tender page,Winner not found,D,Fresh,,Closed,ce22f5ffa709,
Verification Required,2025-03-05,SECI,SECI/C&P/IPP/11/0025/24-25,RfS Setting up of Grid-Connected Floating Solar PV Projects with BESS in Lakshadweep under RESCO Mode,Verification Required,0,,,,,Solar + Storage,,Lakshadweep,2025-07-11,,,,Unknown,SECI,,RfS,https://www.seci.co.in/tender-details/YWp-,,Official tender page,Winner not found,D,Fresh,,Closed,T-10cb240e80b4,
Verification Required,2025-03-05,SECI,SECI/C&P/IPP/11/0025/24-25,RfS Setting up of Grid-Connected Floating Solar PV Projects with BESS in Lakshadweep under RESCO Mode,Verification Required,0,,,,,Solar + Storage,,Lakshadweep,2025-07-11,,,,Unknown,SECI,,RfS,https://www.seci.co.in/tender-details/YWp-,,Official tender page,Winner not found,D,Fresh,,Closed,10cb240e80b4,
Verification Required,2025-06-06,NTPC,NGEL-CS-5861-GH2HUB-WTP-PUD-1-001,"PUBLISHING OF IFB FOR "" EPC PACKAGE FOR DEVELOPMENT OF 10MLD WATER TREATMENT PLANT PACKAGE FOR NGEL GREEN HYDROGEN HUB AT PUDIMADAKA",Verification Required,0,,,,,Green Hydrogen / Derivatives,,,2025-07-15,,,,Unknown,NTPC,,Tender · NEW,https://ntpctender.ntpc.co.in/NITDetails/NITs/28707,,Official tender page,Winner not found,D,Fresh,,Closed,T-6d3dfe3d178a,
Verification Required,2025-09-09,SECI,GEM/2025/B/6663042,The setting up of Centralized Asset Management Centre (CAMC) and SaaS License for a period of 05 (Five) years for operating RE projects at SECI,Verification Required,0,,,,,Unclassified,,,2025-11-24,,,,Unknown,SECI,,Tender,https://www.seci.co.in/tender-details/YmNw,,Official tender page,Winner not found,D,Fresh,,Closed,T-3ed26c08c244,
Verification Required,2025-09-09,SECI,GEM/2025/B/6663042,The setting up of Centralized Asset Management Centre (CAMC) and SaaS License for a period of 05 (Five) years for operating RE projects at SECI,Verification Required,0,,,,,Unclassified,,,2025-11-24,,,,Unknown,SECI,,Tender,https://www.seci.co.in/tender-details/YmNw,,Official tender page,Winner not found,D,Fresh,,Closed,3ed26c08c244,
Verification Required,2025-11-21,NTPC,NGEL-CS-5731-004(BW)-9,CONSTRUCTION OF BOUNDARY WALL AT NGEL BILHAUR SOLAR PV PROJECT IN UTTAR PRADESH,Verification Required,0,,,,,Solar,,Uttar Pradesh,2025-12-11,,,,Unknown,NTPC,,Tender · NEW,https://ntpctender.ntpc.co.in/NITDetails/NITs/29229,,Official tender page,Winner not found,D,Fresh,,Closed,T-c0e9468865ee,
Verification Required,2025-12-08,NTPC,NGEL-CS-5861-GH2HUB-PSE-PUD-1-001,"Development of 132 kV GIS along with 80 MVA, 132/33 kV Power Transformer, 33 kV HT and 415 V LT Switchgears for NGEL Green Hydrogen Hub at Pudimadaka, Andhra Pradesh",Verification Required,0,,,,,Green Hydrogen / Derivatives,,Andhra Pradesh,2025-12-22,,,,Unknown,NTPC,,Tender · NEW,https://ntpctender.ntpc.co.in/NITDetails/NITs/29278,,Official tender page,Winner not found,D,Fresh,,Closed,T-b0b87472053a,
Verification Required,2025-11-07,SECI,GEM/2025/B/6865130,The Development of Cybersecurity Compliance Portal for Renewable Energy Sector (RECAP),Verification Required,0,,,,,Unclassified,,,2026-01-15,,,,Unknown,SECI,,Tender,https://www.seci.co.in/tender-details/YmBy,,Official tender page,Winner not found,D,Fresh,,Closed,T-8710803c124b,
Verification Required,2025-11-07,SECI,GEM/2025/B/6865130,The Development of Cybersecurity Compliance Portal for Renewable Energy Sector (RECAP),Verification Required,0,,,,,Unclassified,,,2026-01-15,,,,Unknown,SECI,,Tender,https://www.seci.co.in/tender-details/YmBy,,Official tender page,Winner not found,D,Fresh,,Closed,8710803c124b,
Verification Required,2026-01-08,NTPC,GEM/2025/B/6964051,Support Services for Office of Vanki Wind Energy Project for 12 Months with a Provision of Extension for Another 3 Months.,Verification Required,0,,,,,Wind,,,2026-01-19,,,,Unknown,NTPC,,Tender · NEW,https://ntpctender.ntpc.co.in/NITDetails/NITs/29338,,Official tender page,Winner not found,D,Fresh,,Closed,T-b76c9c23b7b1,
Verification Required,2026-02-06,NTPC,NREL-CS-5800-004(BESS1)-9,EPC PACKAGE FOR DEVELOPMENT OF 1000 MWh BESS CAPACITY AT NTPC REL BIKANER SOLAR PLANT,Verification Required,0,,,,,Solar + Storage,,,2026-02-23,,,,Unknown,NTPC,,Tender · NEW,https://ntpctender.ntpc.co.in/NITDetails/NITs/29441,,Official tender page,Winner not found,D,Fresh,,Closed,T-664b78263612,
Verification Required,2025-12-09,SECI,GEM/2025/B/6979184,The setting up of Centralized Asset Management Centre (CAMC) and SaaS License for a period of 05 (Five) years for operating RE projects at SECI,Verification Required,0,,,,,Unclassified,,,2026-03-03,,,,Unknown,SECI,,Tender,https://www.seci.co.in/tender-details/YmBx,,Official tender page,Winner not found,D,Fresh,,Closed,T-52a3d6981fc9,
Verification Required,2025-12-09,SECI,GEM/2025/B/6979184,The setting up of Centralized Asset Management Centre (CAMC) and SaaS License for a period of 05 (Five) years for operating RE projects at SECI,Verification Required,0,,,,,Unclassified,,,2026-03-03,,,,Unknown,SECI,,Tender,https://www.seci.co.in/tender-details/YmBx,,Official tender page,Winner not found,D,Fresh,,Closed,52a3d6981fc9,
Verification Required,2026-04-20,NTPC,GEM/2026/B/7445119,"Procurement of Three (03) nos. Hydrogen Fuel Cell Buses for Green Hydrogen Mobility Project in Bhubaneswar, Odisha",Verification Required,0,,,,,Green Hydrogen / Derivatives,,Odisha,2026-05-02,,,,Unknown,NTPC,,Tender · NEW,https://ntpctender.ntpc.co.in/NITDetails/NITs/29739,,Official tender page,Winner not found,D,Fresh,,Closed,T-521b829a4336,
Verification Required,2026-05-13,NTPC,NREL-CS-200153429,Centralized Rate Contract for Drone Thermography for NREL Solar Projects Across India,Verification Required,0,,,,,Solar,,,2026-05-28,,,,Unknown,NTPC,,Tender · NEW,https://ntpctender.ntpc.co.in/NITDetails/NITs/29853,,Official tender page,Winner not found,D,Fresh,,Closed,T-0556d6e562a3,
Verification Required,2026-05-06,SECI,-,"Stakeholder consultation on Draft RfS, GMPA, GMSA documents for Production and supply of Green Methanol",Verification Required,0,,,,,Green Hydrogen / Derivatives,,,2026-06-08,,,,Unknown,SECI,,RfS,https://www.seci.co.in/tender-details/Ymd2,,Official tender page,Winner not found,D,Fresh,,Closed,T-5e857f36cb1c,
Verification Required,2026-05-06,SECI,-,"Stakeholder consultation on Draft RfS, GMPA, GMSA documents for Production and supply of Green Methanol",Verification Required,0,,,,,Green Hydrogen / Derivatives,,,2026-06-08,,,,Unknown,SECI,,RfS,https://www.seci.co.in/tender-details/Ymd2,,Official tender page,Winner not found,D,Fresh,,Closed,5e857f36cb1c,
Verification Required,2026-04-17,SECI,SECI/C&P/EOI/17/0004/25-26,Expression of Interest for Virtual Power Purchase Agreement (VPPA) Based Renewable Energy Procurement,Verification Required,0,,,,,Unclassified,,,2026-06-12,,,,Unknown,SECI,,EOI,https://www.seci.co.in/tender-details/YmZx,,Official tender page,Winner not found,D,Fresh,,Closed,T-8d15f4c7c20e,
Verification Required,2026-04-17,SECI,SECI/C&P/EOI/17/0004/25-26,Expression of Interest for Virtual Power Purchase Agreement (VPPA) Based Renewable Energy Procurement,Verification Required,0,,,,,Unclassified,,,2026-06-12,,,,Unknown,SECI,,EOI,https://www.seci.co.in/tender-details/YmZx,,Official tender page,Winner not found,D,Fresh,,Closed,8d15f4c7c20e,
Verification Required,2026-08-03,SECI,SECI/C&P/MI/00/0001/26-27,Request for Selection of Collaboration Partner for Trading of Renewable Power available with SECI,Verification Required,0,,,,,Unclassified,,,2026-09-07,,,,Unknown,SECI,,RfS,https://www.seci.co.in/tender-details/YmRw,,Official tender page,Winner not found,D,Fresh,,Delisted,d469b7653326,
Verification Required,2026-07-17,SECI,SECI/C&P/EOI/17/0002/26-27,EOI for Engagement with Bulk Power Off-Takers for Long-Term Renewable Energy Power Procurement Facilitated by SECI within India,Verification Required,0,,,,,Round-the-Clock / CfD / Trading,,,2026-09-15,,,,Unknown,SECI,,EOI,https://www.seci.co.in/tender-details/YmRz,,Official tender page,Winner not found,D,Fresh,,Delisted,fde2f1c357d8,
Verification Required,2026-08-03,SECI,SECI/C&P/EOI/17/0003/26-27,EOI for identification of CO2 sources for Green Urea and RFNBO-Compliant Green Methanol Production in India,Verification Required,0,,,,,Green Hydrogen / Derivatives,,,2026-09-17,,,,Unknown,SECI,,EOI,https://www.seci.co.in/tender-details/YmRx,,Official tender page,Winner not found,D,Fresh,,Delisted,06aa19e5e4d1,
Verification Required,,NHPC,GEM/2026/B/7932599,Purchase of Brazing items for Hydro Generator of Salal Power Station,Verification Required,0,,,,,Hydro,,,,,,,Unknown,NHPC,,Tender,https://www.nhpcindia.com/welcome/tender,,Official tender page,Winner not found,E,Fresh,,Delisted,6d051a53ce87,
Verification Required,,NHPC,GEM/2026/B/7908444 Dated: 25-08-2026,Purchase of hydro-mechanical maintenance tools and consumables for the maintenance of hydro-mechanical equipment at the Sewa-II Dam,Verification Required,0,,,,,Hydro,,,,,,,Unknown,NHPC,,Tender,https://www.nhpcindia.com/welcome/tender,,Official tender page,Winner not found,E,Fresh,,Delisted,193203cc5990,
Verification Required,,NHPC,GEM/2026/B/7910556 Dated: 17-08-2026,Protective Epoxy coating on Power House Equipments at Sewa-II Power Station (MW-746),Verification Required,0,,,,,Unclassified,,,,,,,Unknown,NHPC,,Tender,https://www.nhpcindia.com/welcome/tender,,Official tender page,Winner not found,E,Fresh,,Delisted,d28c3e3a5bfc,
Verification Required,,NHPC,GEM/2026/B/7865369,Repair (re-babbitting) of old & used various types of bearing pads of the hydro-generator at Salal Power Station.,Verification Required,0,,,,,Hydro,,,,,,,Unknown,NHPC,,Tender,https://www.nhpcindia.com/welcome/tender,,Official tender page,Winner not found,E,Fresh,,Delisted,c3bee3be2c72,
Verification Required,,NHPC,GEM/2026/B/7800108,Purchase of various types of fasteners required for the repair and maintenance activities of all hydro-mechanical gates at hydro-mechanical unit of Salal Power Station,Verification Required,0,,,,,Hydro,,,,,,,Unknown,NHPC,,Tender,https://www.nhpcindia.com/welcome/tender,,Official tender page,Winner not found,E,Fresh,,Delisted,c6d0292c2833,
Verification Required,,NHPC,GEM/2026/B/7803573,"Repairing & Re-babbitting of Damaged TGB shell of Generating unit of Kishanganga Power Station, Bandipora (J&K) (PKG-604)",Verification Required,0,,,,,Unclassified,,Jammu and Kashmir,,,,,Unknown,NHPC,,Tender,https://www.nhpcindia.com/welcome/tender,,Official tender page,Winner not found,E,Fresh,,Delisted,fe4fed7661ba,
Verification Required,,NHPC,NH/DG/Contract/1095/2026-27/24,Re-Babbitting on 03 nos Turbine Guide Bearing shells of Dhauliganga power station,Verification Required,0,,,,,Unclassified,,,,,,,Unknown,NHPC,,Tender,https://www.nhpcindia.com/welcome/tender,,Official tender page,Winner not found,E,Fresh,,Delisted,d0d01af646c3,
Verification Required,,NHPC,2026_NHPC_911785_1,Construction of a new retaining wall in place of the damaged retaining wall on the road from the hydrogen plant to the Surge Shaft (Comp. No.:163077),Verification Required,0,,,,,Unclassified,,,,,,,Unknown,NHPC,,Tender,https://www.nhpcindia.com/welcome/tender,,Official tender page,Winner not found,E,Fresh,,Delisted,497f86187bac,
Verification Required,,NHPC,GEM/2026/B/7685008,"Supply of Wall Clocks (Battery Operated) (V2) Conforming to IS 12510 (Q4) , HDPE Buckets (V2) Conforming to IS 3730 (Q4) and Waste Containers (V3) (Q4)",Verification Required,0,,,,,Unclassified,,,,,,,Unknown,NHPC,,Tender,https://www.nhpcindia.com/welcome/tender,,Official tender page,Winner not found,E,Fresh,,Delisted,4d39abbd9792,
Verification Required,,NHPC,"GEM/2026/B/7725040, Dated: 07-07-2026",Purchase of HSLS (Hydrostatic Lubrication System along with required Spares for Power House of Sewa-II Power Station,Verification Required,0,,,,,Unclassified,,,,,,,Unknown,NHPC,,Tender,https://www.nhpcindia.com/welcome/tender,,Official tender page,Winner not found,E,Fresh,,Delisted,be9cfe346916,
Verification Required,,NHPC,2026_NHPC_916392_1,"ANNUAL MAINTENANCE CONTRACT (AMC) FOR CLEANING OF OVERHEAD RCC WATER STORAGE TANK &amp;amp; PVC/RCC TANKS SITUATED AT VARIOUS LOCATIONS AT TANAKPUR POWER STATION, BANBASA",Verification Required,0,,,,,Unclassified,,,,,,,Unknown,NHPC,,Tender,https://www.nhpcindia.com/welcome/tender,,Official tender page,Winner not found,E,Fresh,,Delisted,2d5d342be29c,
Verification Required,,NHPC,2026_NHPC_914891_1,"Fencing work around the office-cum-residential complex, construction of a gabion structure behind Prefab Block-1, construction of R.R. masonry boundary wall, and plinth protection work around Prefab Block-1 for the Sawalkote Hydroelectric Project",Verification Required,0,,,,,Hydro,,,,,,,Unknown,NHPC,,Tender,https://www.nhpcindia.com/welcome/tender,,Official tender page,Winner not found,E,Fresh,,Delisted,e9898c87b50e,
Verification Required,,NHPC,NH/SPS/PnC/NIT-218/2026-27/192-201 (CPPP Tender ID : 2026_NHPC_914357_1 ),"Construction of Community hall in Village Dera Banda Bahadur near Kundrah, Reasi including Solar Street Lights.",Verification Required,0,,,,,Solar,,,,,,,Unknown,NHPC,,NIT,https://www.nhpcindia.com/welcome/tender,,Official tender page,Winner not found,E,Fresh,,Delisted,ae6b2b17ae3e,
Verification Required,,NHPC,NH/TSV/Cont/RM-219/NIT-1080/2026-27/86 Dated:19/06/2026 and GEM bid no. GEM/2026/B/7685725,"Providing Assistance for various types of Hydro-Meteorological data observation, recording and compilation of data of different station of Teesta and Tolungchu river for Teesta –IV H E Project",Verification Required,0,,,,,Hydro,,,,,,,Unknown,NHPC,,NIT,https://www.nhpcindia.com/welcome/tender,,Official tender page,Winner not found,E,Fresh,,Delisted,4ca4a3e23a6d,
Verification Required,,NHPC,NH/CPS-1/PnC/W-1615/2026-27/33 Dated: 15/06/2026,Repair and Re-babbiting of TGB Shell dismantled from Unit#3 and Unit#1 of Chamera Power house-1.,Verification Required,0,,,,,Unclassified,,,,,,,Unknown,NHPC,,Tender,https://www.nhpcindia.com/welcome/tender,,Official tender page,Winner not found,E,Fresh,,Delisted,c28c9069dedd,
Verification Required,,NHPC,NH-RPS-CTS011(12)/4/2025-CIVIL TS/39,"Chain Link Fencing, Repair of Steps/Approach Path, Providing Temporary Roof Shed, Steel Railing & Other Miscellaneous Repair Works at Main Water Storage/Treatment/Supply Tank Site of Rangit Power Station",Verification Required,0,,,,,Unclassified,,,,,,,Unknown,NHPC,,Tender,https://www.nhpcindia.com/welcome/tender,,Official tender page,Winner not found,E,Fresh,,Delisted,b4bc296e1297,
Verification Required,,NHPC,GEM/2026/B/7603272 Dated: 05-06-2026,"Procurement of UT Pumps (now Hydro Prokav) Triple Screw High Pressure Pump spares for MIV & Governor P.P. set at Sewa-II Power Station, NHPC Ltd., Mashka (J&K).",Verification Required,0,,,,,Hydro,,Jammu and Kashmir,,,,,Unknown,NHPC,,Tender,https://www.nhpcindia.com/welcome/tender,,Official tender page,Winner not found,E,Fresh,,Delisted,fb049df7b445,
Verification Required,,NHPC,2026_NHPC_911423_1,Construction of a new retaining wall in place of the damaged retaining wall on the road from the hydrogen plant to the Surge Shaft (Comp. No.:162958),Verification Required,0,,,,,Unclassified,,,,,,,Unknown,NHPC,,Tender,https://www.nhpcindia.com/welcome/tender,,Official tender page,Winner not found,E,Fresh,,Delisted,023ad8daffc8,
Verification Required,,NHPC,GEM/2026/B/7570469 Dated: 27-05-2026,"Observation of Hydro-meteorological data and Silt analysis work at TLD-IV PS, Kalijhora (FY-2026-27)",Verification Required,0,,,,,Hydro,,,,,,,Unknown,NHPC,,Tender,https://www.nhpcindia.com/welcome/tender,,Official tender page,Winner not found,E,Fresh,,Delisted,b827f77bf032,
Verification Required,,NHPC,GEM/2026/B/7550283 Dated: 25-05-2026,"Providing support for Operation & Maintenance (O&M) of Power Plant Equipments,",Verification Required,0,,,,,Unclassified,,,,,,,Unknown,NHPC,,Tender,https://www.nhpcindia.com/welcome/tender,,Official tender page,Winner not found,E,Fresh,,Delisted,3496690e6931,
Verification Required,,NHPC,2026_NHPC_910001_1,Construction of a new retaining wall in place of the damaged retaining wall on the road from the hydrogen plant to the Surge Shaft (Computer No: 162416) for further details visit- https://eprocure.gov.in/eprocure/app,Verification Required,0,,,,,Unclassified,,,,,,,Unknown,NHPC,,Tender,https://www.nhpcindia.com/welcome/tender,,Official tender page,Winner not found,E,Fresh,,Delisted,c7316c100e09,
Verification Required,,NHPC,"NH/PPS-III/NIT/PR11925/122/1/49, Dated: 21.05.2026",Re-babbitting of Thrust bearings pads of Parbati-III Power Station,Verification Required,0,,,,,Unclassified,,,,,,,Unknown,NHPC,,NIT,https://www.nhpcindia.com/welcome/tender,,Official tender page,Winner not found,E,Fresh,,Delisted,4af62aa82b36,
Verification Required,,NHPC,NH/BSPS/CC/CW/01/2026-27/66,"Cleaning and Disinfection of Storage Water Tanks for Water Supply and Distribution System of Township at BSPS, Surangani for a period of Two Years (2026-2028)",Verification Required,0,,,,,Unclassified,,,,,,,Unknown,NHPC,,Tender,https://www.nhpcindia.com/welcome/tender,,Official tender page,Winner not found,E,Fresh,,Delisted,0b9f38b2da42,
Verification Required,,NHPC,2026_NHPC_908986_1,"For services of Emergency Flood warning system (i.e. Installing and Commissioning, cloud storage, Bulk SMS service and integration of siren with API located at various location of Tanakpur Power Station",Verification Required,0,,,,,Unclassified,,,,,,,Unknown,NHPC,,Tender,https://www.nhpcindia.com/welcome/tender,,Official tender page,Winner not found,E,Fresh,,Delisted,b874db3823c0,
Verification Required,,NHPC,GEM/2026/B/7485455,"Purchase of New Batteries and buyback of old and used batteries for Chamera-III PS, 220V DC Battery Bank.",Verification Required,0,,,,,Unclassified,,,,,,,Unknown,NHPC,,Tender,https://www.nhpcindia.com/welcome/tender,,Official tender page,Winner not found,E,Fresh,,Delisted,9aa3e745317a,
Verification Required,,NHPC,NH/TLD-IV PS/P&C/W-949/2026/2238 Date:09/05/2026,Regarding Re-wiring of dam and power house drainage gallery Illumination system at TLDP-IV Power Station,Verification Required,0,,,,,Unclassified,,,,,,,Unknown,NHPC,,Tender,https://www.nhpcindia.com/welcome/tender,,Official tender page,Winner not found,E,Fresh,,Delisted,134b884704ae,
Verification Required,,NHPC,No NH/SPS/PnC/NIT-118/26-27/71-80 (CPPP Tender ID 2026_NHPC_907690_1 ),Hydrographic survey of Salal Dam reservoir at Dhyangarh for the year 2026,Verification Required,0,,,,,Unclassified,,,,,,,Unknown,NHPC,,NIT,https://www.nhpcindia.com/welcome/tender,,Official tender page,Winner not found,E,Fresh,,Delisted,cb26ae0e3b7c,
Verification Required,,NHPC,2026_NHPC_906608_1,"Repair and Maintenance of Store room, Door and windows, Leakage of washroom and construction of Cable trench at Dam Site of Kishanganga Power Station, Gurez, Bandipora, J and K (PKG-589).",Verification Required,0,,,,,Unclassified,,,,,,,Unknown,NHPC,,Tender,https://www.nhpcindia.com/welcome/tender,,Official tender page,Winner not found,E,Fresh,,Delisted,5629beb06b7b,
Verification Required,,NHPC,": NH/TSV/Cont/CC-372/NIT-1077/2026-27/22 Dated : Dated: 20/04/2026, Tender ID:2026_NHPC_905916_1","External Putty, Painting and Providing/Fixing Window and Door etc. in the New GIS Building at Teesta-V Power Station",Verification Required,0,,,,,Unclassified,,,,,,,Unknown,NHPC,,NIT,https://www.nhpcindia.com/welcome/tender,,Official tender page,Winner not found,E,Fresh,,Delisted,d4321837bf10,
Verification Required,,NHPC,NH/CPS-1/P&C/W-1618/2026-27/09 Dated: 18/04/2026,"Repair & maintenance of water storage tank roof cover & tiling in water tank of Upper Samleu, CPS-1",Verification Required,0,,,,,Unclassified,,,,,,,Unknown,NHPC,,Tender,https://www.nhpcindia.com/welcome/tender,,Official tender page,Winner not found,E,Fresh,,Delisted,6d4d3da0b5b9,
Verification Required,,NHPC,NH/TLD-IV PS/P&C/W-949/2026/2216 Dated: 15/04/2026,Regarding Re-wiring of dam and power house drainage gallery Illumination system at TLDP-IV Power Station,Verification Required,0,,,,,Unclassified,,,,,,,Unknown,NHPC,,Tender,https://www.nhpcindia.com/welcome/tender,,Official tender page,Winner not found,E,Fresh,,Delisted,464d1ef90738,
Verification Required,,NHPC,GEM/2026/B/7396643,"Hiring of Expert from OEM M/s GE VERNOVA HYDRO POWER INDIA PVT LTD for Year 2026 on requirement basis at Power House, Uri-II Power Station",Verification Required,0,,,,,Hydro,,,,,,,Unknown,NHPC,,Tender,https://www.nhpcindia.com/welcome/tender,,Official tender page,Winner not found,E,Fresh,,Delisted,ed36dcb1516d,
Verification Required,,NHPC,GEM/2026/B/7389944 Dated 07.04.2026,"Hiring of 01 No Air-Conditioned Diesel Vehicle- MUV/SUV - 1500cc Turbocharged or equivalent (2024 or later Model) along with driver without Fuel for 03 years on regular monthly contract basis on 24 x 7 for deployment at Solar Power Projects, Bhuj.",Verification Required,0,,,,,Solar,,,,,,,Unknown,NHPC,,Tender,https://www.nhpcindia.com/welcome/tender,,Official tender page,Winner not found,E,Fresh,,Delisted,d4520446a593,
Verification Required,,NHPC,NH/CPS-1/P&C/W-1616/2026-27/02 Dated:02/04/2026,"Reaming, Re-drilling and Restoration of Non-Functional Pressure Relief / Drainage Holes of Foundation Gallery and Side Slope Galleries of Chamera–I Dam.",Verification Required,0,,,,,Unclassified,,,,,,,Unknown,NHPC,,Tender,https://www.nhpcindia.com/welcome/tender,,Official tender page,Winner not found,E,Fresh,,Delisted,77b184a5da7b,
Verification Required,,NHPC,NH/CPS-1/P&C/W-1615/2026-27/01 Dated: 01/04/2026,Repair and Re-babbiting of TGB Shell dismantled from Unit#3 and Unit#1 of Chamera Power house-1.,Verification Required,0,,,,,Unclassified,,,,,,,Unknown,NHPC,,Tender,https://www.nhpcindia.com/welcome/tender,,Official tender page,Winner not found,E,Fresh,,Delisted,a382821e0f40,
Verification Required,,NHPC,2026_NHPC_903395_1,Selection of Roof Top Developer for Setting up Grid Connected Solar Roof Top Plants at Various locations on government buildings through HAREDA in the state of Haryana on RESCO Mode through Tariff-Based Competitive Bidding,Verification Required,0,,,,,Rooftop Solar,,Haryana,,,,,Unknown,NHPC,,Tender,https://www.nhpcindia.com/welcome/tender,,Official tender page,Winner not found,E,Fresh,,Delisted,fee8cbb8ef71,
Verification Required,,NHPC,2026_NHPC_901836_1,"Selection of developers for installing rooftop solar plants on buildings of various departments (Law and Parliamentary Affairs, Jal Shakti, Irrigation and Flood Control, Forest, Ecology and Environment, and Home in UT of JNK through JAKEDA in RESCO mode, via tariff-based competitive bidding- PM Surya Ghar Muft Bijli -Yojana PMSG –MBY",Verification Required,0,,,,,Rooftop Solar,,,,,,,Unknown,NHPC,,Tender,https://www.nhpcindia.com/welcome/tender,,Official tender page,Winner not found,E,Fresh,,Delisted,33216a87eb26,
Verification Required,,NHPC,2026_NHPC_898454_1,Implementation of Rooftop Solar Projects on Government Buildings of allocated Central Ministries in RESCO Mode on Tariff-Based Competitive Bidding under PM Surya Ghar Muft Bijli Yojana (PMSG-MBY),Verification Required,0,,,,,Rooftop Solar,,,,,,,Unknown,NHPC,,Tender,https://www.nhpcindia.com/welcome/tender,,Official tender page,Winner not found,E,Fresh,,Delisted,31999113c4ad,
Verification Required,,NHPC,NH/DG/CONTRACT/1076/2025-26/82,"Cleaning of old water storage tank, providing and placing of new water tanks &amp;amp; water proofing of the mummty roof area at various locations at Nigalpani, DGPS",Verification Required,0,,,,,Unclassified,,,,,,,Unknown,NHPC,,Tender,https://www.nhpcindia.com/welcome/tender,,Official tender page,Winner not found,E,Fresh,,Delisted,906cd27697be,
Verification Required,,NHPC,GEM/2026/B/7139407,Purchase of Battery Discharge Kit for 220V DC Battery Banks of TLD–III Power Station,Verification Required,0,,,,,Unclassified,,,,,,,Unknown,NHPC,,Tender,https://www.nhpcindia.com/welcome/tender,,Official tender page,Winner not found,E,Fresh,,Delisted,fe97359f50d0,
Verification Required,,NHPC,GEM/2026/B/7113097 and NH/TSV/Cont/EC-173/NIT-1062/2025-26/375 Dated: 15/01/2026,Deputation of Service Engineer from M/s GE Vernova T&amp;amp;D India Ltd. for Inspection &amp;amp; Clearance during Re-commissioning and Post-Termination Inspection of 400 kV XLPE Cable at Transformer End – Teesta-V Power Station,Verification Required,0,,,,,Unclassified,,,,,,,Unknown,NHPC,,NIT,https://www.nhpcindia.com/welcome/tender,,Official tender page,Winner not found,E,Fresh,,Delisted,721e950e0465,
Verification Required,,NHPC,GEM/2025/B/7056727,"Proposal for Supply, Installation, Testing, and Commissioning of Solar Powered Sirens with Voice Message Capability at Salal Power Station",Verification Required,0,,,,,Solar,,,,,,,Unknown,NHPC,,Tender,https://www.nhpcindia.com/welcome/tender,,Official tender page,Winner not found,E,Fresh,,Delisted,85f364d0e532,
Verification Required,,NHPC,GEM/2025/B/7028399,"Repairing and Re-insulation of faulty Rotor Poles at site of Kishanganga Power Station, Bandipora, J &amp;amp; K (PKG-568).",Verification Required,0,,,,,Unclassified,,,,,,,Unknown,NHPC,,Tender,https://www.nhpcindia.com/welcome/tender,,Official tender page,Winner not found,E,Fresh,,Delisted,554df2189e4b,
Verification Required,,NHPC,GEM/2025/B/6919473,Conducting Hydrographic Survey in the reservoir of Uri-II Power Station for the year 2025-26,Verification Required,0,,,,,Unclassified,,,,,,,Unknown,NHPC,,Tender,https://www.nhpcindia.com/welcome/tender,,Official tender page,Winner not found,E,Fresh,,Delisted,f7df20cf5c5d,
Verification Required,,NHPC,GEM/2025/B/6966597,Operation and Maintenance of 02 Bulletproof Scorpios of Loktak Hydroelectric Project.,Verification Required,0,,,,,Hydro,,,,,,,Unknown,NHPC,,Tender,https://www.nhpcindia.com/welcome/tender,,Official tender page,Winner not found,E,Fresh,,Delisted,f0b9cf539474,
Verification Required,,NHPC,GEM/2025/B/6954550,"Supply, Installation and Commissioning of 02 Nos. Hydro Static Lubrication units along with all accessories and electrical control panel",Verification Required,0,,,,,Hydro,,,,,,,Unknown,NHPC,,Tender,https://www.nhpcindia.com/welcome/tender,,Official tender page,Winner not found,E,Fresh,,Delisted,ed4a5afbb09b,
Verification Required,,NHPC,GEM/2025/B/6918911 Dated: 27-11-2025,"Hydrographic Survey of Reservoir & two EWS site, Darbal & Arwad of Sewa-II Power Station",Verification Required,0,,,,,Unclassified,,,,,,,Unknown,NHPC,,Tender,https://www.nhpcindia.com/welcome/tender,,Official tender page,Winner not found,E,Fresh,,Delisted,9c5b8bce913c,
Verification Required,,NHPC,NH/BSPS/CC/HM/38/2025-26/361,"Annual Maintenance Contract (AMC) of Hydro Mechanical equipment/gates and Electric Panels installed at Baira Dam, Bhaledh Trench, Siul Weir and TRC gates, PRV gate and Draft Tube Gates at Power House Complex",Verification Required,0,,,,,Hydro,,,,,,,Unknown,NHPC,,Tender,https://www.nhpcindia.com/welcome/tender,,Official tender page,Winner not found,E,Fresh,,Delisted,0b226b8903a0,
Verification Required,,NHPC,NH/Sewa-II/Contracts/CW-702/2025/NIT-09/130 Dated:10.11.2025 (Tender ID: 2025_NHPC_883762_1),"Repair, Painting and Replace windows of C-type Quarters at Sewa Vihar Colony of Sewa -II Power Station, Mashka (CW-702)",Verification Required,0,,,,,Unclassified,,,,,,,Unknown,NHPC,,NIT,https://www.nhpcindia.com/welcome/tender,,Official tender page,Winner not found,E,Fresh,,Delisted,ee8303fef88e,
Verification Required,,NHPC,NH-RPS-DC/9/2025-DAM C/117,Conducting hydrographic survey (Pre-monsoon and post-monsoon) at dam of Rangit Power Station for Two years to find out reservoir elevation-area-capacity curve,Verification Required,0,,,,,Unclassified,,,,,,,Unknown,NHPC,,Tender,https://www.nhpcindia.com/welcome/tender,,Official tender page,Winner not found,E,Fresh,,Delisted,65a29ff57a1d,
Verification Required,,NHPC,GEM/2025/B/6737196 Dated 28.10.2025,"Procurement of 1 No. Hydrogen Fuel Cell Electric Bus and its Comprehensive Maintenance Services for 3 Years for Chamba, Himachal Pradesh",Verification Required,0,,,,,Unclassified,,Himachal Pradesh,,,,,Unknown,NHPC,,Tender,https://www.nhpcindia.com/welcome/tender,,Official tender page,Winner not found,E,Fresh,,Delisted,0e58060d420c,
Verification Required,,NHPC,GEM/2025/B/6554304,Purchase of Transformer Oil Filtration Plant along with Transformer Oil Storage Tank for Rangit Power Station,Verification Required,0,,,,,Unclassified,,,,,,,Unknown,NHPC,,Tender,https://www.nhpcindia.com/welcome/tender,,Official tender page,Winner not found,E,Fresh,,Delisted,5f02b9736453,
Verification Required,,NHPC,GEM/2025/B/6689726,Supply Installation Commissioning and Testing of 15 KVA Off grid Solar Power plant at ITI Pangin,Verification Required,0,,,,,Solar,,,,,,,Unknown,NHPC,,Tender,https://www.nhpcindia.com/welcome/tender,,Official tender page,Winner not found,E,Fresh,,Delisted,d9a72334fd08,
Verification Required,,NHPC,2025_NHPC_875131_1,"Dressing / Re-routing of Power and Control Cables in cable trays located at different Floors of Power House and CVT Areas of Kishanganga Power Station, Bandipora (PKG-549).",Verification Required,0,,,,,Unclassified,,,,,,,Unknown,NHPC,,Tender,https://www.nhpcindia.com/welcome/tender,,Official tender page,Winner not found,E,Fresh,,Delisted,88be6efeec6b,
Verification Required,,NHPC,NH/CPS-1/P&C/W-1522/2025-26/186 Dated: 22/08/2025,Overhauling and Refurbishment (re-tubing and re-fining) of Stator air cooler of Chamera-1 Power Station,Verification Required,0,,,,,Unclassified,,,,,,,Unknown,NHPC,,Tender,https://www.nhpcindia.com/welcome/tender,,Official tender page,Winner not found,E,Fresh,,Delisted,e6b6d520263d,
Verification Required,,NHPC,NH/SPS/P&C/NIT-08/25-26/512-522 Dated: 22/08/2025 (CPPP Tender ID 2025_NHPC_874284_1),"Strengthening of metal & concrete joints of Draft Tube window and arresting of water leakages, for 6 Units of Salal Power Station",Verification Required,0,,,,,Unclassified,,,,,,,Unknown,NHPC,,NIT,https://www.nhpcindia.com/welcome/tender,,Official tender page,Winner not found,E,Fresh,,Delisted,4c86a8c23918,
Verification Required,,NHPC,GEM/2025/B/6567807 Dated: 21-08-2025,Purchase of Chhabi Electricals make 220 and 48 Volt battery Charger spares,Verification Required,0,,,,,Unclassified,,,,,,,Unknown,NHPC,,Tender,https://www.nhpcindia.com/welcome/tender,,Official tender page,Winner not found,E,Fresh,,Delisted,e648a3b42569,
Verification Required,,NHPC,GEM/2025/B/6558620,Supply of Internal Storage Device type SSD,Verification Required,0,,,,,Unclassified,,,,,,,Unknown,NHPC,,Tender,https://www.nhpcindia.com/welcome/tender,,Official tender page,Winner not found,E,Fresh,,Delisted,ef05c4536b1b,
Verification Required,,NHPC,2025_NHPC_873548_1,"Construction of Community Health Center and solar street lighting work at Jalandora village under CSR scheme, Gurez, Bandipora, J&K (PKG-550).",Verification Required,0,,,,,Solar,,Jammu and Kashmir,,,,,Unknown,NHPC,,Tender,https://www.nhpcindia.com/welcome/tender,,Official tender page,Winner not found,E,Fresh,,Delisted,d72aed6ba57a,
Verification Required,,NHPC,"GEM/2025/B/6460470,Dated: 31-07-2025",Purchase of Microsoft Windows Server 2025 Client Access License (CAL) License & Microsoft windows Server 2025 Standard License Software,Verification Required,0,,,,,Unclassified,,,,,,,Unknown,NHPC,,Tender,https://www.nhpcindia.com/welcome/tender,,Official tender page,Winner not found,E,Fresh,,Delisted,8b1e0ae2627b,
Verification Required,,NHPC,2025_NHPC_871529_1,"Supply and Installation of Underground Diesel Storage Tank (2X25 KL) at DAM Site of Kishanganga Power Station, Gurez, Bandipora, J&K (PKG-543).",Verification Required,0,,,,,Unclassified,,Jammu and Kashmir,,,,,Unknown,NHPC,,Tender,https://www.nhpcindia.com/welcome/tender,,Official tender page,Winner not found,E,Fresh,,Delisted,1c8348a48c76,
Verification Required,,NHPC,GEM/2025/B/6420837 Dated: 26-07-2025,Purchase of Spare Robel Stator Bar & its winding hardware for Unit#2 at Uri Power Station,Verification Required,0,,,,,Unclassified,,,,,,,Unknown,NHPC,,Tender,https://www.nhpcindia.com/welcome/tender,,Official tender page,Winner not found,E,Fresh,,Delisted,797ff1e2ee80,
Verification Required,,NHPC,GEM/2025/B/6318858,Purchase of 120 nos. cafeteria chair and 22 nos. king size bed with storage.,Verification Required,0,,,,,Unclassified,,,,,,,Unknown,NHPC,,Tender,https://www.nhpcindia.com/welcome/tender,,Official tender page,Winner not found,E,Fresh,,Delisted,e66aeb011d6c,
Verification Required,,NHPC,2025_NHPC_864442_1,"Selection of developers for installing rooftop solar plants on buildings of various departments in UT of J&K through JAKEDA in RESCO mode, via tariff-based competitive bidding”",Verification Required,0,,,,,Rooftop Solar,,Jammu and Kashmir,,,,,Unknown,NHPC,,Tender,https://www.nhpcindia.com/welcome/tender,,Official tender page,Winner not found,E,Fresh,,Delisted,3a255ae2d237,
Verification Required,,NHPC,2025_NHPC_863785_1,Selection of Roof Top Developer for Setting up Grid Connected Solar Roof Top Plants at Various locations on government buildings in the state of Nagaland on RESCO Mode through TBCB,Verification Required,0,,,,,Rooftop Solar,,Nagaland,,,,,Unknown,NHPC,,Tender,https://www.nhpcindia.com/welcome/tender,,Official tender page,Winner not found,E,Fresh,,Delisted,285bacab4214,
Verification Required,,NHPC,NH/SPS/CD/NIT-106/25-26/323-333 (Tender ID 2025_NHPC_ 867884_1 ),“Post Monsoon Hydrographic Survey of Salal Dam Reservoir at Dhyangarh for the year 2025-26 ”.,Verification Required,0,,,,,Unclassified,,,,,,,Unknown,NHPC,,NIT,https://www.nhpcindia.com/welcome/tender,,Official tender page,Winner not found,E,Fresh,,Delisted,e2abf1904ce2,
Verification Required,,NHPC,NH/DG/CONTRACT/1069/2025-26/25,"Hydrographical Survey of Dam reservoir, River Cross-Sections and Level Marking at G&D Sites of Dhauliganga Power Station",Verification Required,0,,,,,Unclassified,,,,,,,Unknown,NHPC,,Tender,https://www.nhpcindia.com/welcome/tender,,Official tender page,Winner not found,E,Fresh,,Delisted,644efec4e2b9,
Verification Required,,NHPC,NIT No. NH/TSV/CONT/EC-163/NIT-1031/2025-26/141 Dated: 08/07/2025 and E-Tender Id:2025_NHPC_865435_1,"Re-Construction of 11/0.415 KV Electrical Sub-Station with HT Line, HT & LT Panels, and other associated works at Dikchu Dam Site of Teesta-V Power Station NHPC Ltd., damaged due to land slide",Verification Required,0,,,,,Unclassified,,,,,,,Unknown,NHPC,,NIT,https://www.nhpcindia.com/welcome/tender,,Official tender page,Winner not found,E,Fresh,,Delisted,2b72e46dc113,
Verification Required,,NHPC,NH/DG/Contract/1068/2025-26/22 Dated 02/07/2025,Re-babbiting on turbine guide bearing shells for Dhauliganga power station,Verification Required,0,,,,,Unclassified,,,,,,,Unknown,NHPC,,Tender,https://www.nhpcindia.com/welcome/tender,,Official tender page,Winner not found,E,Fresh,,Delisted,d3c9d420f192,
Verification Required,,NHPC,GEM/2025/B/6196209,"Supply, Transportation, Installation and commissioning of 24 W solar Street light under CSR scheme of TLD-IV PS, Kalijhora",Verification Required,0,,,,,Solar,,,,,,,Unknown,NHPC,,Tender,https://www.nhpcindia.com/welcome/tender,,Official tender page,Winner not found,E,Fresh,,Delisted,358df65320e3,
Verification Required,,NHPC,GEM/2025/B/6353880,Routine Maintenance of Hydro Mechanical Equipments of Uri-II Power Station.,Verification Required,0,,,,,Hydro,,,,,,,Unknown,NHPC,,Tender,https://www.nhpcindia.com/welcome/tender,,Official tender page,Winner not found,E,Fresh,,Delisted,b178970675aa,
Verification Required,,NHPC,NIT No. NH/TSV/CONT/EC-166/NIT-1029/2025-26/134 Dated: 02/07/2025 and E-Tender Id: 2025_NHPC_867056_1,Re- routing /construction of the damaged 11KV HT line from the DG set (Dam Office) to the SFT,Verification Required,0,,,,,Unclassified,,,,,,,Unknown,NHPC,,NIT,https://www.nhpcindia.com/welcome/tender,,Official tender page,Winner not found,E,Fresh,,Delisted,505fdc8a5dab,
Verification Required,,NHPC,GEM/2025/B/6377314,Supply and Demonstration of Automatic Battery Discharging Test Kit at Parbati-III PS,Verification Required,0,,,,,Unclassified,,,,,,,Unknown,NHPC,,Tender,https://www.nhpcindia.com/welcome/tender,,Official tender page,Winner not found,E,Fresh,,Delisted,0222aa20f11b,
Verification Required,,NHPC,GEM/2025/B/6381602,"Engagement of a PR agency for Strategic Communication focused on cultivating a positive public image for hydropower projects, with special emphasis on hydropower projects in Arunachal Pradesh to deal with local stakeholders of Upper Siang Multipurpose Storage Project (USMSP)",Verification Required,0,,,,,Unclassified,,Arunachal Pradesh,,,,,Unknown,NHPC,,Tender,https://www.nhpcindia.com/welcome/tender,,Official tender page,Winner not found,E,Fresh,,Delisted,6d828bef9a4a,
Verification Required,,NHPC,GEM/2025/B/6342587,Hiring of Service Engineer for Annual Maintenance and Servicing (AMC) of all Rexroth make Hydraulic systems of Hydro-Mechanical Equipments installed at Dam and SFT area of Uri-II Power Station,Verification Required,0,,,,,Hydro,,,,,,,Unknown,NHPC,,Tender,https://www.nhpcindia.com/welcome/tender,,Official tender page,Winner not found,E,Fresh,,Delisted,3cf84185e213,
Verification Required,,NHPC,GEM/2025/B/6295664,Purchase of Battery for 48V DC battery bank and Consumables spares for 48V /220 V DC battery bank at Uri- II Power House,Verification Required,0,,,,,Unclassified,,,,,,,Unknown,NHPC,,Tender,https://www.nhpcindia.com/welcome/tender,,Official tender page,Winner not found,E,Fresh,,Delisted,e6b99597f1ba,
Verification Required,,NHPC,2025_NHPC_ 864671 _1,Painting and maintenance of glass windows of Power House building at Power House Site of Parbati-H.E. Project (Stage-II) (Package No-C-817),Verification Required,0,,,,,Unclassified,,,,,,,Unknown,NHPC,,Tender,https://www.nhpcindia.com/welcome/tender,,Official tender page,Winner not found,E,Fresh,,Delisted,a9498df26c05,
Verification Required,,NHPC,GEM/2025/B/6304891,Cryogenic cleaning (dry ice cleaning) of stator and rotor winding of hydro generator of Salal Power,Verification Required,0,,,,,Hydro,,,,,,,Unknown,NHPC,,Tender,https://www.nhpcindia.com/welcome/tender,,Official tender page,Winner not found,E,Fresh,,Delisted,14b62e6b960e,
Verification Required,,NHPC,2025_NHPC_864157_1,"Works of Boundary survey &amp;amp; marking, Gates chain link fencing of PSS with compound walls and gates all around the periphery of Jalaun Solar Power Park under UMREPP in Jalaun district, U.P.",Verification Required,0,,,,,Solar,,,,,,,Unknown,NHPC,,Tender,https://www.nhpcindia.com/welcome/tender,,Official tender page,Winner not found,E,Fresh,,Delisted,a4c0c5735d62,
Verification Required,,NHPC,NIT No. NH/TSV/CONT/EC-162/NIT-1015/2025-26/24 Dated: 21/04/2025 & E-Tender No. 2025_NHPC_857224_1,Internal Electrification of re-constructed Control Room of 66/11KV Switchyard,Verification Required,0,,,,,Unclassified,,,,,,,Unknown,NHPC,,NIT,https://www.nhpcindia.com/welcome/tender,,Official tender page,Winner not found,E,Fresh,,Delisted,a527a95f95b0,
Verification Required,,NHPC,GEM/2025/B/6030038,"AMC of Rope Drum Hoists, Gantry &amp;amp; EOT Cranes of various Hydro Mechanical Components for period of two years",Verification Required,0,,,,,Hydro,,,,,,,Unknown,NHPC,,Tender,https://www.nhpcindia.com/welcome/tender,,Official tender page,Winner not found,E,Fresh,,Delisted,2a5cc9b74259,
Verification Required,,NHPC,GEM/2025/B/6032743 Dated: 13-03-2025,Replacement/Upgradation of Complete CO2 Fire Fighting System for 03 Nos. of hydro-generators of Sewa-II Power Station,Verification Required,0,,,,,Hydro,,,,,,,Unknown,NHPC,,Tender,https://www.nhpcindia.com/welcome/tender,,Official tender page,Winner not found,E,Fresh,,Delisted,eedd0880890d,
Verification Required,,NHPC,2025_NHPC_853040_1,Selection of Roof Top Developer for Setting up Grid Connected Solar Roof Top Plants at Various locations on government buildings in the state of Nagaland on RESCO Mode through Tariff-Based Competitive Bidding,Verification Required,0,,,,,Rooftop Solar,,Nagaland,,,,,Unknown,NHPC,,Tender,https://www.nhpcindia.com/welcome/tender,,Official tender page,Winner not found,E,Fresh,,Delisted,fd3cc2a91f77,
Verification Required,,NHPC,GEM/2025/B/6031101,Conducting Hydrographic Survey in the reservoir of Uri-II Power Station for the year 2025,Verification Required,0,,,,,Unclassified,,,,,,,Unknown,NHPC,,Tender,https://www.nhpcindia.com/welcome/tender,,Official tender page,Winner not found,E,Fresh,,Delisted,0a316697f821,
Verification Required,,NHPC,GEM/2025/B/6008423 Dated 06.03.2025,"Purchase of SF6 Gas Based Handling Unit (Recovery, Filling, Evacuation) for SF6 Gas Circuit Breakers at 132 kV Switchyard of Sewa-II Power House",Verification Required,0,,,,,Unclassified,,,,,,,Unknown,NHPC,,Tender,https://www.nhpcindia.com/welcome/tender,,Official tender page,Winner not found,E,Fresh,,Delisted,03d75d63ad81,
Verification Required,,NHPC,GEM/2025/B/5977173,"Servicing of different types of Hoist Arrangements, Gantry Cranes and EOT Crane of Hydro Mechanical Division installed at Rangit Power Station",Verification Required,0,,,,,Hydro,,,,,,,Unknown,NHPC,,Tender,https://www.nhpcindia.com/welcome/tender,,Official tender page,Winner not found,E,Fresh,,Delisted,1c2d029c27d2,
Verification Required,,NHPC,2025_NHPC_849419_1,"Supply, Installation, Testing and Commissioning of ABT type energy meters along with network creation for AMR (automatic meter reading) and supply of other indicating instruments for Power House of Parbati H.E. Project Stage-II. (Package No. C-800)",Verification Required,0,,,,,Unclassified,,,,,,,Unknown,NHPC,,Tender,https://www.nhpcindia.com/welcome/tender,,Official tender page,Winner not found,E,Fresh,,Delisted,88d9f8be8ab5,
Verification Required,,NHPC,2025_NHPC_848036_1,Selection of Roof Top Developer for Setting up Grid Connected Solar Roof Top Plants at Various locations on government buildings in the state of Haryana on RESCO Mode through Tariff-Based Competitive Bidding,Verification Required,0,,,,,Rooftop Solar,,Haryana,,,,,Unknown,NHPC,,Tender,https://www.nhpcindia.com/welcome/tender,,Official tender page,Winner not found,E,Fresh,,Delisted,20b15b38ae5a,
Verification Required,,NHPC,NH/TSV/Cont/RM-202/NIT-1000/2024-25/475 Dated : 14/02/2025,"Operation &amp; maintenance of sewage treatment plant (STP), collection of hydro meteorological data/Instrumentation data for Teesta-V.",Verification Required,0,,,,,Hydro,,,,,,,Unknown,NHPC,,NIT,https://www.nhpcindia.com/welcome/tender,,Official tender page,Winner not found,E,Fresh,,Delisted,77175682d0a2,
Verification Required,,NHPC,NH/TSV/Cont/RM-202/NIT-1000/2024-25/472 Dated: 13/02/2025,"Operation &amp; maintenance of sewage treatment plant (STP), collection of hydro meteorological data/Instrumentation data for Teesta-V.",Verification Required,0,,,,,Hydro,,,,,,,Unknown,NHPC,,NIT,https://www.nhpcindia.com/welcome/tender,,Official tender page,Winner not found,E,Fresh,,Delisted,dbe050648298,
Verification Required,,NHPC,2025_NHPC_846705_1,Selection of Roof Top Developer for Setting up Grid Connected Solar Roof Top Plants at Various locations on government buildings in the state of Manipur on RESCO Mode through Tariff-Based Competitive Bidding,Verification Required,0,,,,,Rooftop Solar,,Manipur,,,,,Unknown,NHPC,,Tender,https://www.nhpcindia.com/welcome/tender,,Official tender page,Winner not found,E,Fresh,,Delisted,f3cf4f6649a4,
Verification Required,,NHPC,NIT No: NH/TSV/Cont/RM-206/NIT-993/2024-25/337 Dated: 01/02/2025 GeM Bid No: GEM/2025/B/5898823,"Providing work assistance in collection, analysis &amp; recording of Hydro Metrological data and Dam Instrumentation data at Dam site of Teesta-V Power Station",Verification Required,0,,,,,Hydro,,,,,,,Unknown,NHPC,,NIT,https://www.nhpcindia.com/welcome/tender,,Official tender page,Winner not found,E,Fresh,,Delisted,59f103cdc5e4,
Verification Required,,NHPC,2025_NHPC_845421_1,Implementation of Rooftop Solar Projects on Government Buildings of allocated Central Ministries in RESCO Mode on Tariff-Based Competitive Bidding under PM Surya Ghar Muft Bijli Yojana (PMSG-MBY),Verification Required,0,,,,,Rooftop Solar,,,,,,,Unknown,NHPC,,Tender,https://www.nhpcindia.com/welcome/tender,,Official tender page,Winner not found,E,Fresh,,Delisted,941209f0d46e,
Verification Required,,NHPC,2025_NHPC_845756_1,"Construction of 15 meter height elevated steel staging and installation of 20,000 ltr water storage capacity PVC Tank with GI Pipe &amp;amp;amp;amp;amp;amp;amp;amp; fitting at 3rd bench of office cum Residential complex, Sawalkote HE Project",Verification Required,0,,,,,Unclassified,,,,,,,Unknown,NHPC,,Tender,https://www.nhpcindia.com/welcome/tender,,Official tender page,Winner not found,E,Fresh,,Delisted,70d1eb84d131,
Verification Required,,NHPC,2025_NHPC_842440_1,"Selection of Roof Top Developer for Setting up Solar Roof Top Plants at Various Departments of Law, Justice & Parliamentary Affairs, Jal Shakti, Irrigation & Flood Control, Forest, Ecology & Environment and Home in State of J&K through JAKEDA in RESCO Mode on Tariff-Based Competitive Bidding",Verification Required,0,,,,,Rooftop Solar,,Jammu and Kashmir,,,,,Unknown,NHPC,,Tender,https://www.nhpcindia.com/welcome/tender,,Official tender page,Winner not found,E,Fresh,,Delisted,20e0cbb409f8,
Verification Required,,NHPC,2025_NHPC_843297_1,Selection of Roof Top Developer for Setting up Grid Connected Solar Roof Top Plants at Various locations on government buildings in the state of Sikkim on RESCO Mode through Tariff-Based Competitive Bidding,Verification Required,0,,,,,Rooftop Solar,,Sikkim,,,,,Unknown,NHPC,,Tender,https://www.nhpcindia.com/welcome/tender,,Official tender page,Winner not found,E,Fresh,,Delisted,1e78dbc85b5c,
Verification Required,,NHPC,GEM/2024/B/5708461,Rotational Moulded Polyethylene Water Storage Tanks as per IS 12701 (Q3),Verification Required,0,,,,,Unclassified,,,,,,,Unknown,NHPC,,Tender,https://www.nhpcindia.com/welcome/tender,,Official tender page,Winner not found,E,Fresh,,Delisted,030ccd820493,
Verification Required,,NHPC,NH/DPS/CONT/NIT-229/2025/E129998 dated 17.01.2025,"Design, Manufacturing and replacement of HV and LV Windings of 48.33MVA, 11/400/√3 KV, single phase Generator transformer of Unit #2 R-Phase (S.No.217620-02) and repair as per scope of work”",Verification Required,0,,,,,Unclassified,,,,,,,Unknown,NHPC,,NIT,https://www.nhpcindia.com/welcome/tender,,Official tender page,Winner not found,E,Fresh,,Delisted,264766e5979b,
Verification Required,,NHPC,GEM/2025/B/5793707,"Procurement of Hydrogen Fuel Cell Electric Buses (3 Nos.) and its Comprehensive Maintenance Services for 3 Years for Leh, UT of Ladakh (2Nos.) & Chamba, Himachal Pradesh (1 No.)",Verification Required,0,,,,,Unclassified,,Himachal Pradesh,,,,,Unknown,NHPC,,Tender,https://www.nhpcindia.com/welcome/tender,,Official tender page,Winner not found,E,Fresh,,Delisted,0a0e1e4007ab,
Verification Required,,NHPC,NH/Sewa-II/Contracts/CW-668/2024/NIT-26/600 Dated: 09.01.2025,Repair and Re-commissioning of 05 nos. STP including supply of consumables and spares and two year annual maintenance contract (AMC) of 05 nos. STP at different locations (Mashka and Sarthali) of Sewa-II Power Station (CW-668)”,Verification Required,0,,,,,Unclassified,,,,,,,Unknown,NHPC,,NIT,https://www.nhpcindia.com/welcome/tender,,Official tender page,Winner not found,E,Fresh,,Delisted,d8f54c62f4f1,
Verification Required,,NHPC,GEM/2024/B/5755907,Up-keeping & Maintenance of Hydro-mechanical Equipments of Uri-2 Power Station,Verification Required,0,,,,,Hydro,,,,,,,Unknown,NHPC,,Tender,https://www.nhpcindia.com/welcome/tender,,Official tender page,Winner not found,E,Fresh,,Delisted,9ad07c51e519,
Verification Required,,NHPC,GEM/2025/B/5772589,"Supply, installation, testing and commissioning of total 171 Nos. 20W Solar Street Lights with all accessories.",Verification Required,0,,,,,Solar,,,,,,,Unknown,NHPC,,Tender,https://www.nhpcindia.com/welcome/tender,,Official tender page,Winner not found,E,Fresh,,Delisted,423efcf3de47,
Verification Required,,NHPC,2024_NHPC_838781_1,Development of Rooftop Solar Power Projects on Buildings of NHPC Limited in Zone-IV (North East Power Stations) under PM Surya Ghar: Muft Bijli Yojana,Verification Required,0,,,,,Rooftop Solar,,,,,,,Unknown,NHPC,,Tender,https://www.nhpcindia.com/welcome/tender,,Official tender page,Winner not found,E,Fresh,,Delisted,2044a8e4f03e,
Verification Required,,NHPC,"NH/SPS/CD/NIT-12/2024-25/959-968, Dated: 14/12/2024 (2024_NHPC_ 839772_1)",Scientific Cleaning of water storage tanks related to water supply at Salal Power Station,Verification Required,0,,,,,Unclassified,,,,,,,Unknown,NHPC,,NIT,https://www.nhpcindia.com/welcome/tender,,Official tender page,Winner not found,E,Fresh,,Delisted,f8a5f63a574a,
Verification Required,,NHPC,2024_NHPC_839766_1,"Vibration analysis and dynamic balancing of all three hydro-generating units of Kishanganga Power Station, Bandipora, J&amp;K (PKG-519).",Verification Required,0,,,,,Hydro,,,,,,,Unknown,NHPC,,Tender,https://www.nhpcindia.com/welcome/tender,,Official tender page,Winner not found,E,Fresh,,Delisted,82d8b54eeb4d,
Verification Required,,NHPC,NH/Sewa-II/Contracts/MW-665/2024/NIT-24/566 Dated: 14.12.2024,"Procurement, Manufacturing, Supply, Erection, Testing and Commissioning of new expansion joint at AB-10 anchor block etc. complete in all respect at Sewa-II Power Station, Mashka, DIstt.-Kathua(J&amp;amp;K) (MW-665)",Verification Required,0,,,,,Unclassified,,,,,,,Unknown,NHPC,,NIT,https://www.nhpcindia.com/welcome/tender,,Official tender page,Winner not found,E,Fresh,,Delisted,d50acba181e8,
Verification Required,,NHPC,GEM/2024/B/5686648 DATED 10.12.2024,"Re-certification of ISO 9001:2015, ISO 14001:2015 & ISO 45001:2018 (Latest Edition) for 03 Years, Regional Office, NHPC Limited, Banikhet.",Verification Required,0,,,,,Unclassified,,,,,,,Unknown,NHPC,,Tender,https://www.nhpcindia.com/welcome/tender,,Official tender page,Winner not found,E,Fresh,,Delisted,165dcbbb0d79,
Verification Required,,NHPC,GEM/2024/B/5676331,Purchase of spare control cards for battery chargers installed at Parbati-III Power station,Verification Required,0,,,,,Unclassified,,,,,,,Unknown,NHPC,,Tender,https://www.nhpcindia.com/welcome/tender,,Official tender page,Winner not found,E,Fresh,,Delisted,0c09b376822a,
Verification Required,,NHPC,LTHPL/TSVI/PnC/NIT-34/2024/483,"Cleaning of jungle (bushes), removal of deposited soil and providing re-Connection of water supply pipe line from main storage water tank to Field Hostel, Type-C and administrative building at Pamphok, Teesta-VI H E Project, Sikkim",Verification Required,0,,,,,Unclassified,,Sikkim,,,,,Unknown,NHPC,,NIT,https://www.nhpcindia.com/welcome/tender,,Official tender page,Winner not found,E,Fresh,,Delisted,47d47fd0a74e,
Verification Required,,NHPC,NH/CPS-1/P&C/W-1445/2024-25/598 Dated: 27/11/2024,Re-tubing and Repairing of Thrust bearing oil Cooler of Chamera-1 Power Station,Verification Required,0,,,,,Unclassified,,,,,,,Unknown,NHPC,,Tender,https://www.nhpcindia.com/welcome/tender,,Official tender page,Winner not found,E,Fresh,,Delisted,0f31bfc63167,
Verification Required,,NHPC,GEM/2024/B/5502670,Purchase of Stator Coils (TOSHIBA make) for 189 MVA Hydro Generator of Teesta-V Power Station .,Verification Required,0,,,,,Hydro,,,,,,,Unknown,NHPC,,Tender,https://www.nhpcindia.com/welcome/tender,,Official tender page,Winner not found,E,Fresh,,Delisted,bcab99c95ddd,
Verification Required,,NHPC,NIT No. NH/TSV/CONT/EC-129/NIT- 973/2024-25/332 Dated: 15/11/2024 & E-Tender id: 2024_NHPC_834734_1,"Re-construction of 11 by 0.415 KV Electrical Sub-station along with HT line, HT and LT Panels, and other associated works, at Dikchu Dam site of Teesta-V Power Station NHPC Ltd, damaged due to land slide",Verification Required,0,,,,,Unclassified,,,,,,,Unknown,NHPC,,NIT,https://www.nhpcindia.com/welcome/tender,,Official tender page,Winner not found,E,Fresh,,Delisted,997299a07105,
Verification Required,,NHPC,"GEM/2024/B/5546207, Dated: 28-10-2024",Purchase of various types of Hydromechanical gate rubber seals,Verification Required,0,,,,,Unclassified,,,,,,,Unknown,NHPC,,Tender,https://www.nhpcindia.com/welcome/tender,,Official tender page,Winner not found,E,Fresh,,Delisted,24cab9c1f9d6,
Verification Required,,NHPC,NH/TSV/Cont/RM-202/NIT-961/2024-25/267 Dated: 22/10/2024,"Operation &amp;amp;amp;amp; maintenance of sewage treatment plant (STP), collection of hydro meteorological data/Instrumentation data for Teesta-V PS",Verification Required,0,,,,,Hydro,,,,,,,Unknown,NHPC,,NIT,https://www.nhpcindia.com/welcome/tender,,Official tender page,Winner not found,E,Fresh,,Delisted,5c4255d16d24,
Verification Required,,NHPC,NH/Sewa-II/Contracts/CSR-658/2024/NIT-17/503 Dated: 16.10.2024,"Construction of a Pucca Footpath (Tiles) at Ward No. 8 Mashka, near NHPC Sewa-II Power Project (Approx 100mtr from the Switchyard (CSR-658)”",Verification Required,0,,,,,Unclassified,,,,,,,Unknown,NHPC,,NIT,https://www.nhpcindia.com/welcome/tender,,Official tender page,Winner not found,E,Fresh,,Delisted,ad3872d9dac2,
Verification Required,,NHPC,E-FILE-127784/2024-25/23,"Cleaning and disinfecting of water storage tanks for water supply system of township and others locations of CPS-II, Karian, Chamba (E-FILE-127784)",Verification Required,0,,,,,Unclassified,,,,,,,Unknown,NHPC,,Tender,https://www.nhpcindia.com/welcome/tender,,Official tender page,Winner not found,E,Fresh,,Delisted,39538bc56589,
Verification Required,,NHPC,NH/BSPS/CC/HM/33/2024-25/296,"Annual Maintenance of Hydro Mechanical equipment/gates installed at Baira Dam, Bhaledh Trench, Siul Weir and TRC gates, PRV gate at Power House Complex",Verification Required,0,,,,,Hydro,,,,,,,Unknown,NHPC,,Tender,https://www.nhpcindia.com/welcome/tender,,Official tender page,Winner not found,E,Fresh,,Delisted,2318a4eadcd8,
Verification Required,,NHPC,NH/CCW/CC-I/CO-339/PR16924/11 dt. 17.09.2024,Development of Rooftop Solar Power Projects on Buildings of NHPC Limited at the various locations under PM Surya Ghar: Muft Bijli Yojana,Verification Required,0,,,,,Rooftop Solar,,,,,,,Unknown,NHPC,,Tender,https://www.nhpcindia.com/welcome/tender,,Official tender page,Winner not found,E,Fresh,,Delisted,379df33e02c9,
Verification Required,,NHPC,GEM/2024/B/5418139 Dated: 28-09-2024,"Supply, fixing/assembling / testing and on site re-tubing of Generator Plug in oil coolers for combined bearing (thrust and upper guide) of Sewa-II Power Station.",Verification Required,0,,,,,Unclassified,,,,,,,Unknown,NHPC,,Tender,https://www.nhpcindia.com/welcome/tender,,Official tender page,Winner not found,E,Fresh,,Delisted,bb2432fafa11,
Verification Required,,NHPC,2024_NHPC_826286_1,"Supply, installation and commissioning of 65 nos. 30 Watt solar street light complete and accessories for making functional 30 nos. existing non-functional solar street lights of KGPS colony, Bandipora (PKG-498).",Verification Required,0,,,,,Solar,,,,,,,Unknown,NHPC,,Tender,https://www.nhpcindia.com/welcome/tender,,Official tender page,Winner not found,E,Fresh,,Delisted,31bcb0ccde9a,
Verification Required,,NHPC,GEM/2024/B/5354865 Dated 11.09.2024,Annual Maintenance Contract (AMC) for 02 years of 220Volt DC & 48 Volt DC Battery Chargers of Sewa-II Power Station (SC-648),Verification Required,0,,,,,Unclassified,,,,,,,Unknown,NHPC,,Tender,https://www.nhpcindia.com/welcome/tender,,Official tender page,Winner not found,E,Fresh,,Delisted,1a2e98b82774,
Verification Required,,NHPC,NH/CPS-1/P&C/W-1462/2024-25/483 Dated:09/09/2024 (GEM/2024/B/5376538),Providing services for the testing of cable anchors for residual stress and re-stressing the same to required level (to 420 Kg/sq.cm pressure) complete in all respect.,Verification Required,0,,,,,Unclassified,,,,,,,Unknown,NHPC,,Tender,https://www.nhpcindia.com/welcome/tender,,Official tender page,Winner not found,E,Fresh,,Delisted,6b9fb4b51c2f,
Verification Required,,NHPC,NH/Sewa-II/Contracts/MW-649/2024/NIT-12/452 Dated: 07.09.2024,"Replacement of Maintenance and Service Seal of MIV of 01 nos Generating Unit of Sewa-II Power Station, Mashka, Distt.-Kathua (J&K) (MW-649)",Verification Required,0,,,,,Unclassified,,Jammu and Kashmir,,,,,Unknown,NHPC,,NIT,https://www.nhpcindia.com/welcome/tender,,Official tender page,Winner not found,E,Fresh,,Delisted,f4dc3766007f,
Verification Required,,NHPC,NH/Sewa-II/Contracts/MW-652/2024/NIT-11/447 Dated: 04.09.2024,"Dewatering of surface penstock at two (02) locations during replacement of expansion joint at Sewa-II Power Station, Mashka, Distt.-Kathua (J&K) (MW-652)",Verification Required,0,,,,,Unclassified,,Jammu and Kashmir,,,,,Unknown,NHPC,,NIT,https://www.nhpcindia.com/welcome/tender,,Official tender page,Winner not found,E,Fresh,,Delisted,bf9ac71b975d,
Verification Required,,NHPC,NH/TSV/Cont/RM-191/NIT-948/2024-25/179 Dated: 03/09/2024,Providing services for Routine Electrical Maintenance work of Electro- mechanical systems of Teesta-V Power House excluding Annual /Capital Maintenance works of Units and associated system for smooth running of (3 x170 )MW generating units and Associated,Verification Required,0,,,,,Unclassified,,,,,,,Unknown,NHPC,,NIT,https://www.nhpcindia.com/welcome/tender,,Official tender page,Winner not found,E,Fresh,,Delisted,edbf433c525a,
Verification Required,,NHPC,GEM/2024/B/5249654 Dated 06.08.2024,Cleaning of water storage tanks at various locations of Sewa-II Power Station (For 02 years) (SC-637),Verification Required,0,,,,,Unclassified,,,,,,,Unknown,NHPC,,Tender,https://www.nhpcindia.com/welcome/tender,,Official tender page,Winner not found,E,Fresh,,Delisted,4a20d62b6be2,
Verification Required,,NHPC,LTHPL/TSVI/PNC/NIT-34/2024/454,"Cleaning of jungle (bushes), removal of deposited soil and providing re-Connection of water supply pipe line from main storage water tank to Field Hostel, Type-C and administrative building at Pamphok, Teesta-VI H E Project, Sikkim.",Verification Required,0,,,,,Unclassified,,Sikkim,,,,,Unknown,NHPC,,NIT,https://www.nhpcindia.com/welcome/tender,,Official tender page,Winner not found,E,Fresh,,Delisted,5017d0c6c9b5,
Verification Required,,NHPC,GEM/2024/B/4981105,"Upgradation of 04 no’s work stations of SCADA (Windows 7 Professional to Windows 10 with software to be provided by OEM) installed at Power House Control Room of Kishanganga Power Station,Bandipora",Verification Required,0,,,,,Unclassified,,,,,,,Unknown,NHPC,,Tender,https://www.nhpcindia.com/welcome/tender,,Official tender page,Winner not found,E,Fresh,,Delisted,b108825b1a8b,
Verification Required,,NHPC,NH/CPS-1/P&C/W-1445/2024-25/268 Dated:- 28/06/2024,Re-tubing and Repairing of Thrust bearing oil Cooler of Chamera-1 Power Station.,Verification Required,0,,,,,Unclassified,,,,,,,Unknown,NHPC,,Tender,https://www.nhpcindia.com/welcome/tender,,Official tender page,Winner not found,E,Fresh,,Delisted,c8f53b303f1d,
Verification Required,,NHPC,2024_NHPC_812702_1,"Package-6, Modification of Diversion Tunnel into Tunnel Spillway Arrangement - Civil & HM Works (Tunnel Spillway, Adit to GOC, GOC Gate Shaft, Inlet Bell Mouth, Outlet Concrete Dyke and Energy Dissipation Arrangement) for Teesta-V Power Station, Sikkim",Verification Required,0,,,,,Unclassified,,Sikkim,,,,,Unknown,NHPC,,Tender,https://www.nhpcindia.com/welcome/tender,,Official tender page,Winner not found,E,Fresh,,Delisted,c0a8788305e9,
Verification Required,,NHPC,NH-RPS-PH012(13)/5/2023-PH/34,"Re-tubing of old and used Generator coolers (07 nos. stator air coolers, 04 nos. LGB coolers and 08 nos. UGB coolers).",Verification Required,0,,,,,Unclassified,,,,,,,Unknown,NHPC,,Tender,https://www.nhpcindia.com/welcome/tender,,Official tender page,Winner not found,E,Fresh,,Delisted,ef1d92f9d89b,
Verification Required,,NHPC,GEM/2024/B/4916736,Consultancy Services for Preparation of Pre-Feasibility Reports (PFR) for two pumped storage projects in Maharashtra (Kalu PSP) and Tripura (Longthrai PSP,Verification Required,0,,,,,Pumped Storage,,Maharashtra,,,,,Unknown,NHPC,,Tender,https://www.nhpcindia.com/welcome/tender,,Official tender page,Winner not found,E,Fresh,,Delisted,5885257d0ea3,
Verification Required,,NHPC,GEM/2024/B/4823850,"Supply, installation, testing and commissioning of license free Walkie Talkie sets (Make: Skyfone , Model :S-111) including charger, battery, clip etc. & spare battery for license free Walkie Talkie sets of Make: Skyfone , Model :S-111",Verification Required,0,,,,,Unclassified,,,,,,,Unknown,NHPC,,Tender,https://www.nhpcindia.com/welcome/tender,,Official tender page,Winner not found,E,Fresh,,Delisted,1c8ff91df3b5,
Verification Required,,NHPC,NH/DPS/CONT/NIT-182/2024/E113767 dated 06.04.2024,Hydrographic Survey upto 32.50 km downstream of Dul Dam in Chenab river for Dam Break Analysis / Flood Routing and preparation of Inundation Map (for EAP),Verification Required,0,,,,,Unclassified,,,,,,,Unknown,NHPC,,NIT,https://www.nhpcindia.com/welcome/tender,,Official tender page,Winner not found,E,Fresh,,Delisted,ff16a4b6d684,
Verification Required,,NHPC,NH/DPS/CONT/NIT-181/2024/E111134 dated 05.04.2024,"Hydrographic Survey of Dul Dam Reservoir & Cross Section for EWS at DPS, Kishtwar for year 2024 and year 2025",Verification Required,0,,,,,Unclassified,,,,,,,Unknown,NHPC,,NIT,https://www.nhpcindia.com/welcome/tender,,Official tender page,Winner not found,E,Fresh,,Delisted,473a0fe18d7a,
Verification Required,,NHPC,NH/Sewa-II/Contracts/MW-609/2023/NIT-25/296 Dated 21.03.2024,"Supply, Installation, Testing and Commissioning of Fire Fighting and Protection System of Oil Pumping Units of MIV and Governor installed in Power House of Sewa-II Power Station, Mashka, Distt.-Kathua (JK) (MW-609)",Verification Required,0,,,,,Unclassified,,,,,,,Unknown,NHPC,,NIT,https://www.nhpcindia.com/welcome/tender,,Official tender page,Winner not found,E,Fresh,,Delisted,c71ed221fcba,
Verification Required,,NHPC,NH/Sewa-II/Contracts/MW-599/2024/NIT-23/277 Dtd. 02.03.2024,"Procurement, Manufacturing, Supply, Erection, Testing and Commissioning of new expansion joint at AB-10 anchor block etc. complete in all respect at Sewa-II Power Station, Mashka, Distt.-Kathua (JK) (MW-599)",Verification Required,0,,,,,Unclassified,,,,,,,Unknown,NHPC,,NIT,https://www.nhpcindia.com/welcome/tender,,Official tender page,Winner not found,E,Fresh,,Delisted,df4046d9f847,
Verification Required,,NHPC,NH/SPS/CD/NIT-27/2023-24/1043-53 dt 24-02-2024 (Tender ID 2024_NHPC_797413_1 ),Hydrographic survey of Salal Dam reservoir at Dhyangarh for year 2024-25,Verification Required,0,,,,,Unclassified,,,,,,,Unknown,NHPC,,NIT,https://www.nhpcindia.com/welcome/tender,,Official tender page,Winner not found,E,Fresh,,Delisted,eb591d6556c2,
Verification Required,,NHPC,GEM/2024/B/4531978,“Providing assistance services for hydro meteorological work of Dibang Multipurpose Project at various G&D sites and rain gauge stations”,Verification Required,0,,,,,Hydro,,,,,,,Unknown,NHPC,,Tender,https://www.nhpcindia.com/welcome/tender,,Official tender page,Winner not found,E,Fresh,,Delisted,39d358604030,
Verification Required,,NHPC,GEM/2024/B/4545138,"“ Supply, installation, testing and commissioning of license free Walkie Talkie sets (Make: Skyfone , Model :S-111) including charger, battery, clip etc. & spare battery for license free Walkie Talkie sets of Make: Skyfone , Model :S-111”,",Verification Required,0,,,,,Unclassified,,,,,,,Unknown,NHPC,,Tender,https://www.nhpcindia.com/welcome/tender,,Official tender page,Winner not found,E,Fresh,,Delisted,01d49b9405c6,
Verification Required,,NHPC,NH/Sewa-II/Contracts/MW-609/2023/NIT-21/239 Dated 25.01.2024,"Supply, Installation, Testing and Commissioning of Fire Fighting and Protection System of Oil Pumping Units of MIV and Governor installed in Power House of Sewa-II Power Station, Mashka, Distt.-Kathua (J&K) (MW-609)",Verification Required,0,,,,,Unclassified,,Jammu and Kashmir,,,,,Unknown,NHPC,,NIT,https://www.nhpcindia.com/welcome/tender,,Official tender page,Winner not found,E,Fresh,,Delisted,f0d8d6119742,
Verification Required,,NHPC,NH/SPS/CD/NIT-21/2023-24/909-919 (Tender ID 2024_NHPC_791247_1),"Re-Wiring of Admin Building-II (GM Office) at Salal Power Station, Jyotipuram",Verification Required,0,,,,,Unclassified,,,,,,,Unknown,NHPC,,NIT,https://www.nhpcindia.com/welcome/tender,,Official tender page,Winner not found,E,Fresh,,Delisted,2f090e422def,
Verification Required,,NHPC,2024_NHPC_791388_1,"Comprehensive AMC of Window/ Split/ Cassette Type Air Conditioners & Water Coolers in NHPC Residential Complex, Sector-41, Faridabad for Two Years.",Verification Required,0,,,,,Unclassified,,,,,,,Unknown,NHPC,,Tender,https://www.nhpcindia.com/welcome/tender,,Official tender page,Winner not found,E,Fresh,,Delisted,973f98d8eb95,
Verification Required,,NHPC,2023_NHPC_775293_1,"Engineering, Procurement & Construction (EPC) Contract for Setting up of Pilot Project for Green Hydrogen based Mobility Station at District- Chamba, Himachal Pradesh along with Comprehensive O&M of 03 Years",Verification Required,0,,,,,Green Hydrogen / Derivatives,,Himachal Pradesh,,,,,Unknown,NHPC,,Tender,https://www.nhpcindia.com/welcome/tender,,Official tender page,Winner not found,E,Fresh,,Delisted,ff0074150374,
Verification Required,,NHPC,GEM/2023/B/4366848,Facility Management Service- R&M of office & field hostel 2024-2026 (2 years),Verification Required,0,,,,,Solar,,Tamil Nadu,,,,,Unknown,NHPC,,Tender,https://www.nhpcindia.com/welcome/tender,,Official tender page,Winner not found,E,Fresh,,Delisted,9e7a2579f37e,
Verification Required,,NHPC,2024_NHPC_788618_2,Expression of Interest (EOI) From Any Indian/Global Company FOR “Empanelment with NHPC Ltd regarding the Development of Offshore Wind Power Projects in India”,Verification Required,0,,,,,Wind,,,,,,,Unknown,NHPC,,EOI,https://www.nhpcindia.com/welcome/tender,,Official tender page,Winner not found,E,Fresh,,Delisted,81c8e3b84bf8,
Verification Required,,NHPC,NH/TSV/Cont/EC-129/NIT-885/2023-24/785 Dated : 04/01/2024,"Re-construction of 11/0.415 KV Electrical Sub-station along with HT line, HT & LT Panels, and other associated works, at Dikchu Dam site of Teesta-V Power Station NHPC Ltd, damaged due to land slide",Verification Required,0,,,,,Unclassified,,,,,,,Unknown,NHPC,,NIT,https://www.nhpcindia.com/welcome/tender,,Official tender page,Winner not found,E,Fresh,,Delisted,ab71659c4c5c,
Verification Required,,NHPC,NH/SLP/CONT/2023/C-15/NIT/786 दिनांक : 29/12/2023,"Supply, erection, testing and commissioning of 11 kV overhead line with Aerial bunched cables from Y-Junction to Dam Intake of NHPC Subansiri Lower Hydroelectric Project, Dollungmukh, Arunachal Pradesh",Verification Required,0,,,,,Hydro,,Arunachal Pradesh,,,,,Unknown,NHPC,,NIT,https://www.nhpcindia.com/welcome/tender,,Official tender page,Winner not found,E,Fresh,,Delisted,45aead237a82,
Verification Required,,NHPC,NH/Sewa-II/Contracts/MW-599/2023/NIT-19/202 Dated 18.12.2023,"Procurement, Manufacturing, Supply, Erection, Testing and Commissioning of new expansion joint at AB-10 anchor block etc complete in all respect at Sewa-II Power Station, Mashka, Distt.-Kathua (J&K) (MW-599)",Verification Required,0,,,,,Unclassified,,Jammu and Kashmir,,,,,Unknown,NHPC,,NIT,https://www.nhpcindia.com/welcome/tender,,Official tender page,Winner not found,E,Fresh,,Delisted,b908284efe00,
Verification Required,,NHPC,NH/Sewa-II/Contracts/MW-603/2023/NIT-18/201 Dated 18.12.2023,"Repair of oil pipe line, pressure testing, condenser coil cleaning and SITC of DYNA View display of Trane make Chillers (RTAC-200) installed at Sewa-II Power House (MW-603)",Verification Required,0,,,,,Unclassified,,,,,,,Unknown,NHPC,,NIT,https://www.nhpcindia.com/welcome/tender,,Official tender page,Winner not found,E,Fresh,,Delisted,60734b983656,
Verification Required,,NHPC,2023_NHPC_779974_1,"Re-drilling and washing of drainage holes in drainage gallery of power house, CPS-1.",Verification Required,0,,,,,Unclassified,,,,,,,Unknown,NHPC,,Tender,https://www.nhpcindia.com/welcome/tender,,Official tender page,Winner not found,E,Fresh,,Delisted,d5c769318c3a,
Verification Required,,NHPC,NH/TSV/Cont/EC-146/NIT-871/2023-24/698 Dated: 03/11/2023,"Supply and Installation of spares for 01 No. Battery Charger rating 220 SP10 FCBC, HBL make for Teesta-V Power Station",Verification Required,0,,,,,Unclassified,,,,,,,Unknown,NHPC,,NIT,https://www.nhpcindia.com/welcome/tender,,Official tender page,Winner not found,E,Fresh,,Delisted,e5dd2e9701ca,
Verification Required,,NHPC,GEM/2023/B/4099214,Conducting Post monsoon Hydrographic survey in the reservoir of Uri-II Power Station,Verification Required,0,,,,,Unclassified,,,,,,,Unknown,NHPC,,Tender,https://www.nhpcindia.com/welcome/tender,,Official tender page,Winner not found,E,Fresh,,Delisted,c78c1031c4f5,
Verification Required,,NHPC,NH/SLP/CONT/2023/C-15/NIT/639,"Supply, erection, testing and commissioning of 11 kV overhead line with Aerial bunched cables from Y-Junction to Dam Intake of NHPC Subansiri Lower Hydroelectric Project, Dollungmukh, Arunachal Pradesh",Verification Required,0,,,,,Hydro,,Arunachal Pradesh,,,,,Unknown,NHPC,,NIT,https://www.nhpcindia.com/welcome/tender,,Official tender page,Winner not found,E,Fresh,,Delisted,27af1087145d,
Verification Required,,NHPC,NH/SLP/CONT/2023/C-32/NIT/609,"Supply, Erection, Testing and Commissioning of Street Light along road from Volvo Point to NHPC main gate(CISF check gate) and in between Field Hostels-I&II;, NHPC Colony, Subansiri Lower Hydroelectric Project, Gerukamukh, Assam",Verification Required,0,,,,,Hydro,,Assam,,,,,Unknown,NHPC,,NIT,https://www.nhpcindia.com/welcome/tender,,Official tender page,Winner not found,E,Fresh,,Delisted,4d82c26e400d,
Verification Required,,NHPC,NH/BSPS/CC/CW/23/2023-24/194,"Cleaning and Disinfection of Storage Water Tanks for Water Supply and Distribution System of Township at BSPS, Surangani for a period of Two Years",Verification Required,0,,,,,Unclassified,,,,,,,Unknown,NHPC,,Tender,https://www.nhpcindia.com/welcome/tender,,Official tender page,Winner not found,E,Fresh,,Delisted,6c80cac78597,
Verification Required,,NHPC,GEM/2023/B/3961229,Engagement of consultant for Survey and Investigation and preparation of Evaluation report of Potential Floating Solar Capacities on the selected Reservoirs/water Bodies in the State of Maharashtra,Verification Required,0,,,,,Floating Solar,,Maharashtra,,,,,Unknown,NHPC,,Tender,https://www.nhpcindia.com/welcome/tender,,Official tender page,Winner not found,E,Fresh,,Delisted,24ad089cf0b2,
Verification Required,,NHPC,NH/Sewa-II/Contracts/CW-596/2023/NIT-10/108 Dated 13.09.2023,"Construction of 2 Nos. Shed for storage of lubricants and boundary wall at Power House Complex of Sewa-II Power Station, Mashka, Distt.-Kathua (J&K) (CW-596)",Verification Required,0,,,,,Unclassified,,Jammu and Kashmir,,,,,Unknown,NHPC,,NIT,https://www.nhpcindia.com/welcome/tender,,Official tender page,Winner not found,E,Fresh,,Delisted,a7170b5639e6,
Verification Required,,NHPC,NH/SPS/CD/NIT-08/2023-24/311-320,Scientific Cleaning of Water Storage Tanks related to water supply at Jyotipuram,Verification Required,0,,,,,Unclassified,,,,,,,Unknown,NHPC,,NIT,https://www.nhpcindia.com/welcome/tender,,Official tender page,Winner not found,E,Fresh,,Delisted,4067d1327614,
Verification Required,,NHPC,2023_NHPC_766479_,Vibration analysis and dynamic balancing of hydro-generating units of Kishanganga Power Station (PKG-437).,Verification Required,0,,,,,Hydro,,,,,,,Unknown,NHPC,,Tender,https://www.nhpcindia.com/welcome/tender,,Official tender page,Winner not found,E,Fresh,,Delisted,86e44d93912e,
Verification Required,,NHPC,2023_NHPC_763642_1,Installation of Underground Diesel Storage Tank at DAM Site of Kishanganga Power Station (PKG-435).,Verification Required,0,,,,,Unclassified,,,,,,,Unknown,NHPC,,Tender,https://www.nhpcindia.com/welcome/tender,,Official tender page,Winner not found,E,Fresh,,Delisted,11f39d74fbfc,
Verification Required,,NHPC,NH/PPS-III/NIT/PR11923/67/1/126 Dated: 22/07/2023,"Re-babbitting of Thrust bearing pads, TGB, LGB & UGB pads (1 Set each) of Parbati-III Power Station",Verification Required,0,,,,,Unclassified,,,,,,,Unknown,NHPC,,NIT,https://www.nhpcindia.com/welcome/tender,,Official tender page,Winner not found,E,Fresh,,Delisted,c47d9511e240,
Verification Required,,NHPC,NH/Sewa-II/Contracts/MW-579/2023/NIT-06/59,Re-babbitting & Machining of 08 No.UGB (Upper Guide Bearing) Pad of Sewa-II Power Station (MW-579),Verification Required,0,,,,,Unclassified,,,,,,,Unknown,NHPC,,NIT,https://www.nhpcindia.com/welcome/tender,,Official tender page,Winner not found,E,Fresh,,Delisted,7c5627a15730,
Verification Required,,NHPC,एनएच/सेवा-II/संविदा/MW-582/2023/एनआईटी-04/54 दिनांक 29 जून 2023,Repair of MIV Servomotor of Sewa-II Power Station (MW-582),Verification Required,0,,,,,Unclassified,,,,,,,Unknown,NHPC,,Tender,https://www.nhpcindia.com/welcome/tender,,Official tender page,Winner not found,E,Fresh,,Delisted,251aa9b2b73b,
Verification Required,,NHPC,2023_NHPC_734424_1,Lot-5C Hydromechanical works Package for Pressure Shaft Steel Liners of Dibang Multipurpose Project,Verification Required,0,,,,,Unclassified,,,,,,,Unknown,NHPC,,Tender,https://www.nhpcindia.com/welcome/tender,,Official tender page,Winner not found,E,Fresh,,Delisted,630e7dd38182,
Verification Required,,NHPC,2023_NHPC_755417_1,"EPC Contract for Setting up of Pilot Project for Green Hydrogen based Mobility Station at Kargil, UT of Ladakh",Verification Required,0,,,,,Green Hydrogen / Derivatives,,Ladakh,,,,,Unknown,NHPC,,Tender,https://www.nhpcindia.com/welcome/tender,,Official tender page,Winner not found,E,Fresh,,Delisted,788aac866ad3,
Verification Required,,NHPC,GEM/2023/B/3466410,Routine Maintenance of Hydro Mechanical Equipments of Uri-II Power Station,Verification Required,0,,,,,Hydro,,,,,,,Unknown,NHPC,,Tender,https://www.nhpcindia.com/welcome/tender,,Official tender page,Winner not found,E,Fresh,,Delisted,bf33ac70ccbe,
Verification Required,,NHPC,NH/SLP/CONT/2023/C-15/NIT/529,"Supply, erection, testing and commissioning of 11 kV overhead line with Aerial bunched cables from Y-Junction to Dam Intake of NHPC Subansiri Lower Hydroelectric Project, Dollungmukh, Arunachal Pradesh.",Verification Required,0,,,,,Hydro,,Arunachal Pradesh,,,,,Unknown,NHPC,,NIT,https://www.nhpcindia.com/welcome/tender,,Official tender page,Winner not found,E,Fresh,,Delisted,2bb9d82a07a1,
Verification Required,,NHPC,NH/TSV/Cont/EC-129/NIT-795,"Re-construction of 11/0.415 KV Electrical Sub-station along with HT line, HT & LT Panels, and other associated works, at Dikchu Dam site of Teesta-V Power Station NHPC Ltd, damaged due to land slide",Verification Required,0,,,,,Unclassified,,,,,,,Unknown,NHPC,,NIT,https://www.nhpcindia.com/welcome/tender,,Official tender page,Winner not found,E,Fresh,,Delisted,37e243934523,
Verification Required,,NHPC,Test11111,Lot-5C Hydromechanical works Package for Pressure Shaft Steel Liners of Dibang Multipurpose Project,Verification Required,0,,,,,Unclassified,,,,,,,Unknown,NHPC,,Tender,https://www.nhpcindia.com/welcome/tender,,Official tender page,Winner not found,E,Fresh,,Delisted,0accb6815d77,
Not Yet Awarded,,NHPC,2024_NHPC_803559_1,"Lot- 5B Package for Hydro-Mechanical Works for Intake and Draft Tube Gates & Hoists of Dibang Multipurpose Project, 2880 MW , located in Lower Dibang Valley District in the State of Arunachal Pradesh, India",Not Yet Awarded,0,,,,,Hydro,2880.0,Arunachal Pradesh,,,,,Unknown,NHPC,,Tender,https://www.nhpcindia.com/welcome/tender,,Official tender page,Not applicable,D,Fresh,,Unknown,T-8886f889af12,
Not Yet Awarded,,NHPC,NH/CC-IV/CO-260/PR11521/260,"Supply, Erection, Testing & Commissioning of 02 Nos. TRCM for Subansiri Lower HE Project (2000 MW).",Not Yet Awarded,0,,,,,Unclassified,2000.0,,,,,,Unknown,NHPC,,Tender,https://www.nhpcindia.com/welcome/tender,,Official tender page,Not applicable,D,Fresh,,Unknown,T-2d0c59de8bbe,
Not Yet Awarded,,NHPC,2025_NHPC_870158_1,"Lot-1 Package : Planning, Design & Engineering (PDE) works for execution of 1856 MW Sawalkote Hydro Project located near Sidhu village in Ramban District of UT of J&K, India",Not Yet Awarded,0,,,,,Hydro,1856.0,Jammu and Kashmir,,,,,Unknown,NHPC,,Tender,https://www.nhpcindia.com/welcome/tender,,Official tender page,Not applicable,D,Fresh,,Unknown,T-bc9b6e3828b8,
Not Yet Awarded,,NHPC,2022_NHPC_675668_1,"Turnkey execution of 1856 MW Sawalkot Hydro Electric Project located at Ramban /Udhampur district in the Union Territory of Jammu & Kashmir, India",Not Yet Awarded,0,,,,,Hydro,1856.0,,,,,,Unknown,NHPC,,Tender,https://www.nhpcindia.com/welcome/tender,,Official tender page,Not applicable,D,Fresh,,Unknown,T-bc377c5950fe,
Not Yet Awarded,,NHPC,GEM/2024/B/5095388,"Topographical Survey of Project area for Kamala Hydroelectric Project (1800 MW), Arunachal Pradesh",Not Yet Awarded,0,,,,,Hydro,1800.0,Arunachal Pradesh,,,,,Unknown,NHPC,,Tender,https://www.nhpcindia.com/welcome/tender,,Official tender page,Not applicable,D,Fresh,,Unknown,T-6c37739193e5,
Not Yet Awarded,,NHPC,NH/CCW/CC-II/CO-318/PR16923/52,Hiring of External Agency/ Consultant for preparation of DPR for 1800 MW Savitri Pump Storage Project,Not Yet Awarded,0,,,,,Unclassified,1800.0,,,,,,Unknown,NHPC,,Tender,https://www.nhpcindia.com/welcome/tender,,Official tender page,Not applicable,D,Fresh,,Unknown,T-46f3ccf82938,
Not Yet Awarded,,NHPC,GEM/2026/B/7169073,"Procurement of High Resolution Satellite Data and Change Detection Studies for Subansiri Upper H.E. Project, 1605 MW NHPC Limited",Not Yet Awarded,0,,,,,Unclassified,1605.0,,,,,,Unknown,NHPC,,Tender,https://www.nhpcindia.com/welcome/tender,,Official tender page,Not applicable,D,Fresh,,Unknown,T-eb3f2ff526eb,
Not Yet Awarded,,NHPC,2025_NHPC_850631_1,"Exploratory Drilling works of one hole of +/-150m depth on Left bank at EL+/-320 M to explore the area between EL 296M and EL346 M for Subansiri Upper Project (1605 MW), Arunachal Pradesh",Not Yet Awarded,0,,,,,Unclassified,1605.0,Arunachal Pradesh,,,,,Unknown,NHPC,,Tender,https://www.nhpcindia.com/welcome/tender,,Official tender page,Not applicable,D,Fresh,,Unknown,T-ffc891c000b8,
Not Yet Awarded,,NHPC,2023_NHPC_778283_1,For Selection of Hybrid Power Developers For Supply of 1500MW power from ISTS connected Wind-Solar Hybrid Power Projects system on ‘anywhere in India’ basis under Tariff Based Competitive Bidding (TBCB),Not Yet Awarded,0,,,,,Wind-Solar Hybrid,1500.0,,,,,,Unknown,NHPC,,Tender,https://www.nhpcindia.com/welcome/tender,,Official tender page,Not applicable,D,Fresh,,Unknown,T-53b15f8036c8,
Not Yet Awarded,,NHPC,2023_NHPC_786564_1,Selection of Wind Power Developers For Supply of 1300MW power from ISTS connected Wind Power Projects under Tariff Based Competitive Bidding (TBCB),Not Yet Awarded,0,,,,,Wind,1300.0,,,,,,Unknown,NHPC,,Tender,https://www.nhpcindia.com/welcome/tender,,Official tender page,Not applicable,D,Fresh,,Unknown,T-c02dda34e619,
Not Yet Awarded,,NHPC,2026_NHPC_913847_1,"Development of Transmission Line (400kV) 80kM approx. as per General Technical Specifications for evacuation of Power generated from 1200 MW Solar Power park in District Jalaun, Uttar Pradesh”",Not Yet Awarded,0,,,,,Transmission / Evacuation,1200.0,Uttar Pradesh,,,,,Unknown,NHPC,,Tender,https://www.nhpcindia.com/welcome/tender,,Official tender page,Not applicable,D,Fresh,,Unknown,T-5be10cfa72c0,
Not Yet Awarded,,NHPC,NH/Conts(EnM)-II/CO-208/BSUL/PR/JSP/2026-27,"Electrical Infrastructure Works for evacuation of Power generated from 1200 MW Solar Power park in District Jalaun, Uttar Pradesh” (03 Nos. Pooling Substation (33/400 KV)",Not Yet Awarded,0,,,,,Transmission / Evacuation,1200.0,Uttar Pradesh,,,,,Unknown,NHPC,,Tender,https://www.nhpcindia.com/welcome/tender,,Official tender page,Not applicable,D,Fresh,,Unknown,T-6b90ca42a78e,
Not Yet Awarded,,NHPC,2026_NHPC_894115_1,Development of Power Evacuation Infrastructure for 1200MW Jalaun Solar Park,Not Yet Awarded,0,,,,,Transmission / Evacuation,1200.0,,,,,,Unknown,NHPC,,Tender,https://www.nhpcindia.com/welcome/tender,,Official tender page,Not applicable,D,Fresh,,Unknown,T-cbca2cca5074,
Not Yet Awarded,,NHPC,2025_NHPC_849707_1,Selection of Solar Power Generators For Setting up of 1200 MW ISTS Connected Solar Power Projects with 600MW/2400MWh ESS on anywhere in India basis under TBCB with Green Shoe Option,Not Yet Awarded,0,,,,,Solar,1200.0,,,,,,Unknown,NHPC,,Tender,https://www.nhpcindia.com/welcome/tender,,Official tender page,Not applicable,D,Fresh,,Unknown,T-c1b602cd0571,
Not Yet Awarded,,NHPC,NH/CCW/CC-I/CO-367/BSUL /PR/JSP/2024-25/383,"EPC Work of Construction of Package-3: Solar Park Common Infrastructure of Security Buildings, Civil Works (Administrative Buildings, Canteen Building, Guest House &amp;amp;amp;amp;amp;amp;amp;amp;amp;amp; Other common facilities) of Solar Power Park for the development of 1200 MW Solar Power Park under UMPPRE at Madhogarh, District: Jalaun, Uttar Pradesh",Not Yet Awarded,0,,,,,Solar,1200.0,Uttar Pradesh,,,,,Unknown,NHPC,,Tender,https://www.nhpcindia.com/welcome/tender,,Official tender page,Not applicable,D,Fresh,,Unknown,T-4d1d6d9ecf1a,
Not Yet Awarded,,NHPC,2024_NHPC_835426_1,Selection of Hybrid Power Developers For Supply of 1200MW (1.2 GW) ISTS (Inter State Transmission System) Connected Wind-Solar Hybrid Power Projects,Not Yet Awarded,0,,,,,Wind-Solar Hybrid,1200.0,,,,,,Unknown,NHPC,,Tender,https://www.nhpcindia.com/welcome/tender,,Official tender page,Not applicable,D,Fresh,,Unknown,T-d8b29669779a,
Not Yet Awarded,,NHPC,2024_NHPC_825552_1,Selection of Solar Power Generators For Setting up of 1200 MW ISTS Connected Solar Power Projects on anywhere in India basis under TBCB with Green Shoe Option (NH PC-Tranche-IX-Solar (2024-25)),Not Yet Awarded,0,,,,,Solar,1200.0,,,,,,Unknown,NHPC,,Tender,https://www.nhpcindia.com/welcome/tender,,Official tender page,Not applicable,D,Fresh,,Unknown,T-00b49622b677,
Not Yet Awarded,,NHPC,2024_NHPC_813414 _1,Selection of RE Power Developers For Supply of 1200MW Firm & Dispatchable power (Assured Peak Power Supply) from ISTS connected Renewable Energy Power Projects coupled with Energy Storage System (ESS) on ‘anywhere in India’ basis under TBCB with “GREENSHOE OPTION,Not Yet Awarded,0,,,,,Energy Storage (BESS),1200.0,,,,,,Unknown,NHPC,,Tender,https://www.nhpcindia.com/welcome/tender,,Official tender page,Not applicable,D,Fresh,,Unknown,T-98dfe946113f,
Not Yet Awarded,,NHPC,2024_NHPC_809331_1,Selection of Solar Power Generators For Setting up of 1200 MW (1.2 GW) ISTS Connected Solar Power Projects on anywhere in India basis under TBCB,Not Yet Awarded,0,,,,,Solar,1200.0,,,,,,Unknown,NHPC,,Tender,https://www.nhpcindia.com/welcome/tender,,Official tender page,Not applicable,D,Fresh,,Unknown,T-922bf2d72cf9,
Not Yet Awarded,,NHPC,2024_NHPC_800202_1,Selection of RE Power Developers For Supply of 1200MW ‘Firm & Dispatchable’ power from ISTS connected (TBCB) - Tranche-II,Not Yet Awarded,0,,,,,Round-the-Clock / CfD / Trading,1200.0,,,,,,Unknown,NHPC,,Tender,https://www.nhpcindia.com/welcome/tender,,Official tender page,Not applicable,D,Fresh,,Unknown,T-1f18ada152ec,
Not Yet Awarded,,NHPC,2024_NHPC_ 789236_1,Supply of 1200MW power from ISTS connected Wind Power Projects under Tariff Based Competitive Bidding (TBCB),Not Yet Awarded,0,,,,,Wind,1200.0,,,,,,Unknown,NHPC,,Tender,https://www.nhpcindia.com/welcome/tender,,Official tender page,Not applicable,D,Fresh,,Unknown,T-32ef02cfec89,
Not Yet Awarded,,NHPC,GEM/2025/B/7031760,Hiring of Environmental Consultant for carrying out EIA/EMP studies in respect of Pumped Storage Project Masinta 1000 MW(Odisha),Not Yet Awarded,0,,,,,Pumped Storage,1000.0,Odisha,,,,,Unknown,NHPC,,Tender,https://www.nhpcindia.com/welcome/tender,,Official tender page,Not applicable,D,Fresh,,Unknown,T-179d9dc57eba,
Not Yet Awarded,,NHPC,NH/PSP/Masinta/PR16925/22/01,"Exploratory Drilling for nineteen holes of 1165 m depth for Masinta Pumped Storage Project (1000 MW), Odisha",Not Yet Awarded,0,,,,,Pumped Storage,1000.0,Odisha,,,,,Unknown,NHPC,,Tender,https://www.nhpcindia.com/welcome/tender,,Official tender page,Not applicable,D,Fresh,,Unknown,T-5d701b20467b,
Not Yet Awarded,2026-09-03,SECI,SECI/C&P/IPP/15/0009/26-27,700 MW ISTS-Connected Solar PV Power Projects in India under TBCB (C&I-1),Not Yet Awarded,0,,,,,Solar,700.0,,2026-10-05,,,,Unknown,SECI,,Tender,https://www.seci.co.in/tender-details/YmV_,,Official tender page,Not applicable,C,Fresh,,Open,T-bd1bd676960c,
Not Yet Awarded,,NHPC,GEM/2024/B/5103359,"SUPPLY, ERECTION, TESTING AND COMMISSIONING OF HYDRAULIC TRASH RACK CLEANING MACHINE FOR SALAL POWER STATION (690 MW)",Not Yet Awarded,0,,,,,Unclassified,690.0,,,,,,Unknown,NHPC,,Tender,https://www.nhpcindia.com/welcome/tender,,Official tender page,Not applicable,D,Fresh,,Unknown,T-fd711938bfcf,
Not Yet Awarded,,NHPC,2026_NHPC_915349_1,"Design, Engineering, Procurement and Construction of Power house and Associated Works for 640 MW (8×80 MW) ISP–OSP Pumped Storage Project (Package -I Civil Works)",Not Yet Awarded,0,,,,,Pumped Storage,640.0,,,,,,Unknown,NHPC,,Tender,https://www.nhpcindia.com/welcome/tender,,Official tender page,Not applicable,D,Fresh,,Unknown,T-c7ba9b5606f1,
Not Yet Awarded,,NHPC,NH/CCW/CC-I/CO-357/BSUL/PR/JSP/2024-25/379,"EPC Work of Construction of Package-2: Basic infrastructure of Roads and Street illumination of 600MW(Phase-l) Solar Power Park for the development of 1200 MW Solar Power Park under UMPPRE at Gram Samooh: Mai, Tehsil: Madhogarh, District: Jalaun, Uttar Pradesh",Not Yet Awarded,0,,,,,Solar,600.0,Uttar Pradesh,,,,,Unknown,NHPC,,Tender,https://www.nhpcindia.com/welcome/tender,,Official tender page,Not applicable,D,Fresh,,Unknown,T-fc7e6bce4467,
Not Yet Awarded,,NHPC,2024_NHPC_838967_1,"Package-1, Works of Boundary survey &amp;amp;amp;amp; marking, Gates chain link fencing of PSS with compound walls and gates all around the periphery of the 600MW (phase-I) Solar power park at Gram Samooh Mai",Not Yet Awarded,0,,,,,Solar,600.0,,,,,,Unknown,NHPC,,Tender,https://www.nhpcindia.com/welcome/tender,,Official tender page,Not applicable,D,Fresh,,Unknown,T-5a02fe84f0dc,
Not Yet Awarded,,NHPC,2024_NHPC_821806_1,Selection of Solar Power Generators For Setting up of 1.2 GW ISTS Connected Solar Power Projects with 600MW/1200MWh (ESS) on anywhere in India basis under TTBCB with Green Shoe Option (NHPC-Tranche-VIII-Solar with Storage (2024-25)),Not Yet Awarded,0,,,,,Solar + Storage,600.0,,,,,,Unknown,NHPC,,Tender,https://www.nhpcindia.com/welcome/tender,,Official tender page,Not applicable,D,Fresh,,Unknown,T-929bdfafc0df,
Not Yet Awarded,,NHPC,2024_NHPC_816303_1,Selection of Wind Power Developers for Supply of 600MW power from ISTS connected Wind Power Projects on anywhere in India basis under Tariff Based Competitive Bidding (TBCB) (NHPC-Tranche-VII-WIND (2024-25),Not Yet Awarded,0,,,,,Wind,600.0,,,,,,Unknown,NHPC,,Tender,https://www.nhpcindia.com/welcome/tender,,Official tender page,Not applicable,D,Fresh,,Unknown,T-ba8a754ee931,
Not Yet Awarded,,NHPC,NH/CPS-1/P&C/W-1560/2025-26/296 Dated: 25/10/2025,"Annual Maintenance of Unit#1 & Unit#2 (3x180=540MW) Hydro Generator Units of Chamera Power Station-1, Khairi, Distt. Chamba, H.P. for the year of 2025-26.",Not Yet Awarded,0,,,,,Hydro,540.0,,,,,,Unknown,NHPC,,Tender,https://www.nhpcindia.com/welcome/tender,,Official tender page,Not applicable,D,Fresh,,Unknown,T-fad3aa1bafa6,
Not Yet Awarded,,NHPC,GEM/2026/B/7904859,"Design, Engineering, Installation and commissioning of 04 Nos servo Valve based Digital Governing system and dismantling of existing governing system in all the four units of 520 MW Parbati-III Power station",Not Yet Awarded,0,,,,,Unclassified,520.0,,,,,,Unknown,NHPC,,Tender,https://www.nhpcindia.com/welcome/tender,,Official tender page,Not applicable,D,Fresh,,Unknown,T-1e0b70c2031a,
Not Yet Awarded,2026-04-19,SECI,SECI/C&P/IPP/13/0002/26-27,RfS for assured Peak Supply of 1000 MWh (500 MW x 2 Hrs.) under CfD Mechanism from ISTS-Connected RE Projects (SECI-CfD-I),Not Yet Awarded,0,,,,,Round-the-Clock / CfD / Trading,500.0,,2026-09-07,,,,Unknown,SECI,,RfS,https://www.seci.co.in/tender-details/YmZ-,,Official tender page,Not applicable,C,Fresh,,Closing Soon,T-5e9b7edc2288,
Not Yet Awarded,,NHPC,2025_NHPC_849236_1,Selection of BESS Developers for setting up of 500MW / 1000MWh InSTS connected standalone BESS in the state of Andhra Pradesh under TBCB with VGF support (NHPC-Tranche-II-BESS) (2024-25),Not Yet Awarded,0,,,,,Energy Storage (BESS),500.0,Andhra Pradesh,,,,,Unknown,NHPC,,Tender,https://www.nhpcindia.com/welcome/tender,,Official tender page,Not applicable,D,Fresh,,Unknown,T-aa2f8d6147c9,
Not Yet Awarded,,NHPC,2023_NHPC_775644_1,"Package-I : Construction of Civil works of Diversion tunnels, HM works of Diversion tunnels, Road Tunnel, Temporary and Permanent Roads, 2 no. Temporary Bridges, upstream and downstream Coffer Dams, Dam & Spillway, Plunge pool, Main & Auxiliary Intakes, Pressure tunnels/Shafts (Main & Auxiliary), Underground Power House, Busducts/tunnels, Underground Transformer Cavern, Draft tube tunnels, Cable tunnel, Ventilation tunnel, Downstream Surge Chamber, Pothead Yard, Tail race tunnels for Main & Auxiliary plant & other associated adits/structures for 500MW Dugar Hydro Electric Project Located at Luj village in Chamba district of Himachal Pradesh India.",Not Yet Awarded,0,,,,,Hydro,500.0,Himachal Pradesh,,,,,Unknown,NHPC,,Tender,https://www.nhpcindia.com/welcome/tender,,Official tender page,Not applicable,D,Fresh,,Unknown,T-3ca66b087754,
Not Yet Awarded,,NHPC,2025_NHPC_869566_1,"Request for Selection of Developers for Setting up Solar Power Plants (4x300 MW) for Jalaun Solar Power Park(1200 MW) in District Jalaun, Uttar Pradesh through Tariff Based Competitive Bidding",Not Yet Awarded,0,,,,,Solar,300.0,Uttar Pradesh,,,,,Unknown,NHPC,,RfS,https://www.nhpcindia.com/welcome/tender,,Official tender page,Not applicable,D,Fresh,,Unknown,T-5f696b3d7670,
Not Yet Awarded,,NHPC,2023_NHPC_747374_1,"EPC Contract for development of 300 MW Capacity Floating Solar Power Project and associated 220 KV transmission line for connectivity at 400 KV Grid substation alongwith Comprehensive O and M for 05 years at Rengali Reservoir Angul, Odisha",Not Yet Awarded,0,,,,,Transmission / Evacuation,300.0,Odisha,,,,,Unknown,NHPC,,Tender,https://www.nhpcindia.com/welcome/tender,,Official tender page,Not applicable,D,Fresh,,Unknown,T-ea5c9a00d4b6,
Not Yet Awarded,,NHPC,2026_NHPC_905459_1,"Lot-2a: Electro-mechanical works package (Except GSU Transformer, GIS, XLPE Cable and Switchyard Equipment) of 260 MW (2X130MW) Dulhasti Stage-II H.E Project, Kishtwar District of UT of J and K, India",Not Yet Awarded,0,,,,,Unclassified,260.0,,,,,,Unknown,NHPC,,Tender,https://www.nhpcindia.com/welcome/tender,,Official tender page,Not applicable,D,Fresh,,Unknown,T-4bd06ff87210,
Not Yet Awarded,,NHPC,TENDER NO. NH/CCW/CC-III /CO-406/PR-10925/83,"Lot-3 Package: Hydro-mechanical Works for All Gates and Pressure Shaft Liners for the implementation of the 260 MW Dulhasti Stage-II HE Project, in Kishtwar District of UT of J&K, India.",Not Yet Awarded,0,,,,,Hydro,260.0,Jammu and Kashmir,,,,,Unknown,NHPC,,Tender,https://www.nhpcindia.com/welcome/tender,,Official tender page,Not applicable,D,Fresh,,Unknown,T-0440a5f465f1,
Not Yet Awarded,,NHPC,2025_NHPC_866662_1,"Lot-2a: Electro-mechanical works package (Except GSU, GIS, XLPE & Switchyard Equipment) of 260 MW (2X130MW) Dulhasti Stage-II H.E Project, Kishtwar District of UT of J&K, India",Not Yet Awarded,0,,,,,Unclassified,260.0,Jammu and Kashmir,,,,,Unknown,NHPC,,Tender,https://www.nhpcindia.com/welcome/tender,,Official tender page,Not applicable,D,Fresh,,Unknown,T-dd5b95174a0b,
Not Yet Awarded,,NHPC,2025_NHPC_862404_1,Lot-I Package: Civil worksof the 260 MW Dulhasti Stage-II H.E Project,Not Yet Awarded,0,,,,,Unclassified,260.0,,,,,,Unknown,NHPC,,Tender,https://www.nhpcindia.com/welcome/tender,,Official tender page,Not applicable,D,Fresh,,Unknown,T-4baa0e140248,
Not Yet Awarded,,NHPC,GEM/2025/B/5884423,Implementation of Automatic Generation Control (AGC) System at Subansiri Lower HE Project (8 x 250 MW) and Parbati HE Project (Stage-II) (4 x 200 MW) of NHPC Limited,Not Yet Awarded,0,,,,,Unclassified,250.0,,,,,,Unknown,NHPC,,Tender,https://www.nhpcindia.com/welcome/tender,,Official tender page,Not applicable,D,Fresh,,Unknown,T-2504c5e5aa27,
Not Yet Awarded,,NHPC,NH/CCW/CC-IV /CO-480/PR16526/8,Hydro-mechanical Works for All Gates and Pressure Shaft Liners for the implementation of the 240 MW Uri-I Stage-II H.E Project,Not Yet Awarded,0,,,,,Hydro,240.0,,,,,,Unknown,NHPC,,Tender,https://www.nhpcindia.com/welcome/tender,,Official tender page,Not applicable,D,Fresh,,Unknown,T-44f5e9192cf9,
Not Yet Awarded,,NHPC,2025_NHPC_861342_1,Lot III Electro mechanical works of 240 MW Uri I Stage II H E Project Baramulla District of UT of JK,Not Yet Awarded,0,,,,,Unclassified,240.0,,,,,,Unknown,NHPC,,Tender,https://www.nhpcindia.com/welcome/tender,,Official tender page,Not applicable,D,Fresh,,Unknown,T-25536f7096ca,
Not Yet Awarded,,NHPC,2025_NHPC_862315_1,"Lot-II Package : Hydro-mechanical Works for All Gates and Pressure Shaft Liners for the implementation of the 240 MW Uri-I Stage-II H.E Project, located near Boniyar, Uri villages in the Baramulla District of UT of J&amp;amp;amp;amp;K, India.",Not Yet Awarded,0,,,,,Hydro,240.0,,,,,,Unknown,NHPC,,Tender,https://www.nhpcindia.com/welcome/tender,,Official tender page,Not applicable,D,Fresh,,Unknown,T-860e33a54de8,
Not Yet Awarded,,NHPC,NH/CCW/CC-III/CO-389/PR10625/25,Uri-I Stage-II (240 MW) Package-I Civil Works,Not Yet Awarded,0,,,,,Unclassified,240.0,,,,,,Unknown,NHPC,,Tender,https://www.nhpcindia.com/welcome/tender,,Official tender page,Not applicable,D,Fresh,,Unknown,T-2b4646e2f648,
Not Yet Awarded,2026-08-27,NTPC,GEM/2026/B/7937631,Hiring of Latest Model of Mahindra Scorpio (4 WD) or equivalent 4WD Not earlier than 2026 Make) vehicle for 12 Hours duty for NTPC REL officials at 200 MW ISTS Connected Solar PV Project (Block IX),Not Yet Awarded,0,,,,,Solar,200.0,,2026-09-07,,,,Unknown,NTPC,,Tender · NEW,https://ntpctender.ntpc.co.in/NITDetails/NITs/30195,https://ntpctender.ntpc.co.in/NITDetails/NITs/30195,Official tender page,Not applicable,A,Recently Verified,2026-09-07,Closing Soon,T-732e8f3c403b,
Not Yet Awarded,,NHPC,2024_NHPC_835735_1,"Pre-Commissioning/ Commissioning/ Post-Commissioning activities of Unit #1, 2, 3 &amp; Unit#4 and its Accessories of Power House of Parbati H.E. Project, Stage-II (4 X 200 MW; Pelton Turbines) (Package No. C-791).",Not Yet Awarded,0,,,,,Unclassified,200.0,,,,,,Unknown,NHPC,,Tender,https://www.nhpcindia.com/welcome/tender,,Official tender page,Not applicable,D,Fresh,,Unknown,T-ce90d31fa850,
Not Yet Awarded,,NHPC,2024_NHPC_805733_1,"EPC Contract for Design, Engineering, Supply, Construction, Erection, Testing, and Commissioning of 200 MW Grid connected Solar PV Power Project in GSECL’s RE Solar Park at Khavda (Stage-3), Gujarat with Comprehensive O & M for five years.",Not Yet Awarded,0,,,,,Solar,200.0,Gujarat,,,,,Unknown,NHPC,,Tender,https://www.nhpcindia.com/welcome/tender,,Official tender page,Not applicable,D,Fresh,,Unknown,T-7417f80eaed2,
Not Yet Awarded,,NHPC,2023_NHPC_760763_1,"Setting up of 200 MW Solar PV Power Project in 600 MW in Solar park (Stage-I) of Gujrat State Electricity Corporation Ltd (GSECL) at khavda, Gujrat",Not Yet Awarded,0,,,,,Solar,200.0,,,,,,Unknown,NHPC,,Tender,https://www.nhpcindia.com/welcome/tender,,Official tender page,Not applicable,D,Fresh,,Unknown,T-a25373038a30,
Not Yet Awarded,,NHPC,GEM/2025/B/6850300 Dated: 04-11-2025,"Hiring of Services of Balancing Expert for Dynamic Balancing of All Three Hydro Units of (3x180MW) Chamera Power Station-1, Khairi, Chamba (H.P).",Not Yet Awarded,0,,,,,Hydro,180.0,,,,,,Unknown,NHPC,,Tender,https://www.nhpcindia.com/welcome/tender,,Official tender page,Not applicable,D,Fresh,,Unknown,T-f631ac5dcf5a,
Not Yet Awarded,,NHPC,NIT No. NH/TSV/CONT/MC-153/NIT-988/2024-25/296 Dated: 02/01/2025 and E-Tender No. 2025_NHPC_842423_1,"Re-babbitting of retrieved bearing pads of Turbine guide bearing, Lower guide bearing, Upper guide bearing and Thrust bearing of 3X170MW Teesta-V Power Station",Not Yet Awarded,0,,,,,Unclassified,170.0,,,,,,Unknown,NHPC,,NIT,https://www.nhpcindia.com/welcome/tender,,Official tender page,Not applicable,D,Fresh,,Unknown,T-da580ea91f71,
Not Yet Awarded,,NHPC,RFP- NIT No. NH/TSV/Cont/MC-153/NIT-972/2024-25/328 Dated: 14/11/2024 & E-Tender No. 2024_NHPC_ 835017 _1,"Re-babbitting of retrieved bearing pads of Turbine guide bearing, Lower guide bearing, Upper guide bearing & Thrust bearing of 3X170MW Teesta-V Power Station",Not Yet Awarded,0,,,,,Unclassified,170.0,,,,,,Unknown,NHPC,,RfP,https://www.nhpcindia.com/welcome/tender,,Official tender page,Not applicable,D,Fresh,,Unknown,T-b685d76a21e1,
Not Yet Awarded,,NHPC,NH/TSV/Cont/RM-192/NIT-921/2024-25/83 Dated: 26/06/2024,Providing services for Routine Mechanical Maintenance Work of Teesta-V Power House Excluding Annual / Capital Maintenance Works for Smooth Running of 3x170 MW Generating Units and Associated System for the period of two (2) years,Not Yet Awarded,0,,,,,Unclassified,170.0,,,,,,Unknown,NHPC,,NIT,https://www.nhpcindia.com/welcome/tender,,Official tender page,Not applicable,D,Fresh,,Unknown,T-b60fc66c044b,
Not Yet Awarded,,NHPC,GEM/2026/B/7670716,Purchase of Self Lubricating Bushes for Guide Vanes of 4X130 MW Parbati-III PS,Not Yet Awarded,0,,,,,Unclassified,130.0,,,,,,Unknown,NHPC,,Tender,https://www.nhpcindia.com/welcome/tender,,Official tender page,Not applicable,D,Fresh,,Unknown,T-053ce3bb40e5,
Not Yet Awarded,,NHPC,NH/PPS-III/NIT/PR11926/53/1/104 Dated: 03.07.2026,Repairing and HP-HVOF coating of 01 Nos. Francis Runner of 4*130 MW Parbati-III Power Station,Not Yet Awarded,0,,,,,Unclassified,130.0,,,,,,Unknown,NHPC,,NIT,https://www.nhpcindia.com/welcome/tender,,Official tender page,Not applicable,D,Fresh,,Unknown,T-8fdc865e007c,
Not Yet Awarded,,NHPC,NH/PPS-III/NIT/PR11926/31/1/96 Dated 25.06.2026,Repair along with HP-HVOF coating of 02 set Damaged Guide Vanes of 130 MW Francis Turbine at Parbati-III Power Station,Not Yet Awarded,0,,,,,Unclassified,130.0,,,,,,Unknown,NHPC,,NIT,https://www.nhpcindia.com/welcome/tender,,Official tender page,Not applicable,D,Fresh,,Unknown,T-de9d8fcf919d,
Not Yet Awarded,,NHPC,NH/PPS-III/NIT/PR11925/234/1/220 Dated: 17.01.2026,Repair along with HP-HVOF coating of 01 set Damaged Guide Vanes of 130 MW Francis Turbine at Parbati-III Power Station,Not Yet Awarded,0,,,,,Unclassified,130.0,,,,,,Unknown,NHPC,,NIT,https://www.nhpcindia.com/welcome/tender,,Official tender page,Not applicable,D,Fresh,,Unknown,T-b70d139a7fdb,
Not Yet Awarded,,NHPC,GEM/2025/B/6592902,Purchase of Various items for Break Dust collector system of 130 MW hydro generator of Parbati-III Power station,Not Yet Awarded,0,,,,,Hydro,130.0,,,,,,Unknown,NHPC,,Tender,https://www.nhpcindia.com/welcome/tender,,Official tender page,Not applicable,D,Fresh,,Unknown,T-49a1ab061c66,
Not Yet Awarded,,NHPC,NH/PPS-III/NIT/PR11925/44/01/77 Dated: 08-09-2025,Repair along with HP-HVOF coating of 01 set damaged Guide vanes of 130 MW Francis Turbine at Parbati-III Power Station.,Not Yet Awarded,0,,,,,Unclassified,130.0,,,,,,Unknown,NHPC,,NIT,https://www.nhpcindia.com/welcome/tender,,Official tender page,Not applicable,D,Fresh,,Unknown,T-5a6ed38b4b9a,
Not Yet Awarded,,NHPC,NH/DPS/CONT/NIT-248/2025/E142553 dated 29.07.2025,Annual Maintenance of 3x130 MW Generating Units of Dulhasti Power Station for FY 2025-26 & 2026-27,Not Yet Awarded,0,,,,,Unclassified,130.0,,,,,,Unknown,NHPC,,NIT,https://www.nhpcindia.com/welcome/tender,,Official tender page,Not applicable,D,Fresh,,Unknown,T-df16b4911df7,
Not Yet Awarded,,NHPC,NH/PPS-III/NIT/PR11923/116/1/175 Dated: 02/09/2023,"Repair, replacement of lower moving labyrinth, static balancing and HP-HVOF coating of one number Runner of 130 MW Francis Turbine of Parbati-3 Power Station",Not Yet Awarded,0,,,,,Unclassified,130.0,,,,,,Unknown,NHPC,,NIT,https://www.nhpcindia.com/welcome/tender,,Official tender page,Not applicable,D,Fresh,,Unknown,T-cfb53d1c988f,
Not Yet Awarded,,NHPC,NH/PPS-III/NIT/PR11923/62/1/149 Dated: 08/08/2023,"Repair along with HP-HVOF coating of 20 nos. Damaged Guide Vanes (including To & Fro transportation) of 130 MW Francis Turbine, Parbati-III Power Station”.",Not Yet Awarded,0,,,,,Unclassified,130.0,,,,,,Unknown,NHPC,,NIT,https://www.nhpcindia.com/welcome/tender,,Official tender page,Not applicable,D,Fresh,,Unknown,T-21f543ed4b3f,
Not Yet Awarded,,NHPC,2025_NHPC_844873_1,Selection of BESS Developers for setting up of 125MW / 500MWh InSTS connected standalone BESS in the state of Kerala under TBCB with VGF support (NHPC-Tranche-I-BESS) (2024-25),Not Yet Awarded,0,,,,,Energy Storage (BESS),125.0,Kerala,,,,,Unknown,NHPC,,Tender,https://www.nhpcindia.com/welcome/tender,,Official tender page,Not applicable,D,Fresh,,Unknown,T-ffbb057aafdf,
Not Yet Awarded,,NHPC,NH/SPS/P&C/NIT-217/2026-27/150-159,Repair & HP-HVOF coating work of 01 no. Top Cover & 01 no. Lower Ring of 115 MW Hydro Generating Unit of Salal Power Station.,Not Yet Awarded,0,,,,,Hydro,115.0,,,,,,Unknown,NHPC,,NIT,https://www.nhpcindia.com/welcome/tender,,Official tender page,Not applicable,D,Fresh,,Unknown,T-55e781fc76dd,
Not Yet Awarded,,NHPC,GEM/2026/B/7730619,"Annual Maintenance of Two Nos. Hydro-generating units (Pelton Turbine) along with Runner replacement in Unit#3 and MIV Service Seal replacement of Unit#1 of 3X110 MW Kishanganga Power Station, J & K (Pkg.-600).",Not Yet Awarded,0,,,,,Hydro,110.0,,,,,,Unknown,NHPC,,Tender,https://www.nhpcindia.com/welcome/tender,,Official tender page,Not applicable,D,Fresh,,Unknown,T-b815277f2060,
Not Yet Awarded,,NHPC,GEM/2025/B/6678661,"Replacement of complete Stator Assembly of 110 MW Hydro Generator (Unit-1) at Kishanganga Power Station, Bandipora, J & K (PKG-554).",Not Yet Awarded,0,,,,,Hydro,110.0,,,,,,Unknown,NHPC,,Tender,https://www.nhpcindia.com/welcome/tender,,Official tender page,Not applicable,D,Fresh,,Unknown,T-8f73731f7cbc,
Not Yet Awarded,,NHPC,GEM/2025/B/6535696,"Replacement of complete Stator Assembly of 110 MW Hydro Generator (Unit-1) at Kishanganga Power Station, Bandipora, J & K (PKG-544).",Not Yet Awarded,0,,,,,Hydro,110.0,,,,,,Unknown,NHPC,,Tender,https://www.nhpcindia.com/welcome/tender,,Official tender page,Not applicable,D,Fresh,,Unknown,T-210a85c98a7b,
Not Yet Awarded,,NHPC,GEM/2025/B/6358397,"Round the Clock Operation of E&M Plant and Machinery at Power House, Transformer Cavern, Valve House and 220 KV Switchyard of 3x110 MW Kishanganga Power Station, Bandipora, J &K (PKG-541).",Not Yet Awarded,0,,,,,Round-the-Clock / CfD / Trading,110.0,,,,,,Unknown,NHPC,,Tender,https://www.nhpcindia.com/welcome/tender,,Official tender page,Not applicable,D,Fresh,,Unknown,T-f2502b315e1f,
Not Yet Awarded,,NHPC,2024_NHPC_838613_1,"Repair / Re-insulation of overhang portion of 40 Nos. Stator bars and 13 Nos. Jumpers of 110MW Hydro Generator installed at Kishanganga Power Station, Bandipora, J&amp;K (PKG-510).",Not Yet Awarded,0,,,,,Hydro,110.0,,,,,,Unknown,NHPC,,Tender,https://www.nhpcindia.com/welcome/tender,,Official tender page,Not applicable,D,Fresh,,Unknown,T-634806ee0fe4,
Not Yet Awarded,,NHPC,2024_NHPC_831722_1,"Repair / Re-insulation of overhang portion of 40 Nos. Stator bars and 13 Nos. Jumpers of 110MW Hydro Generator installed at Kishanganga Power Station, Bandipora, J&amp;amp;amp;K (PKG-510).",Not Yet Awarded,0,,,,,Hydro,110.0,,,,,,Unknown,NHPC,,Tender,https://www.nhpcindia.com/welcome/tender,,Official tender page,Not applicable,D,Fresh,,Unknown,T-1cf009ef92e7,
Not Yet Awarded,,NHPC,GEM/2024/B/5258295,"Round the Clock Operation of E&M Plant and Machinery at Power House, Transformer Cavern, Valve House and 220 KV Switchyard of 3x110 MW Kishanganga Power Station, Bandipora, J &K (PKG-497)",Not Yet Awarded,0,,,,,Round-the-Clock / CfD / Trading,110.0,,,,,,Unknown,NHPC,,Tender,https://www.nhpcindia.com/welcome/tender,,Official tender page,Not applicable,D,Fresh,,Unknown,T-84b486478b03,
Not Yet Awarded,,NHPC,GEM/2024/B/5208466,"Round the Clock Maintenance of E&M Plant and Machinery at Power House, Transformer Cavern, Valve House and Switchyard of 3x110 MW Kishanganga Power Station, Bandipora, J &K (PKG-493).",Not Yet Awarded,0,,,,,Round-the-Clock / CfD / Trading,110.0,,,,,,Unknown,NHPC,,Tender,https://www.nhpcindia.com/welcome/tender,,Official tender page,Not applicable,D,Fresh,,Unknown,T-82ba5ef5992b,
Not Yet Awarded,,NHPC,GEM/2024/B/5196393 Dated: 02.08.2024,"Annual Maintenance of Two Nos. Hydro-generating units (Pelton Turbine) of 3X110 MW Kishanganga Power Station, Bandipora, J&K (PKG-492).",Not Yet Awarded,0,,,,,Hydro,110.0,Jammu and Kashmir,,,,,Unknown,NHPC,,Tender,https://www.nhpcindia.com/welcome/tender,,Official tender page,Not applicable,D,Fresh,,Unknown,T-fc0e3027f619,
Not Yet Awarded,,NHPC,2023_NHPC_788147_1,Repair of damaged 30 (Thirty) stator bars of 110MW Hydro generator installed at Kishanganga Power Station (PKG-462).,Not Yet Awarded,0,,,,,Hydro,110.0,,,,,,Unknown,NHPC,,Tender,https://www.nhpcindia.com/welcome/tender,,Official tender page,Not applicable,D,Fresh,,Unknown,T-0e26a60e6616,
Not Yet Awarded,,NHPC,2023_NHPC_784946_1,Calling service engineer (OEM) of HMC for servicing/inspection during Annual Maintenance of Generating units of 3x110 MW Kishanganga Power station(PKG-452).,Not Yet Awarded,0,,,,,Unclassified,110.0,,,,,,Unknown,NHPC,,Tender,https://www.nhpcindia.com/welcome/tender,,Official tender page,Not applicable,D,Fresh,,Unknown,T-b02984822337,
Not Yet Awarded,,NHPC,2023_NHPC_765899_1,Annual Maintenance of 2 Nos. Hydro-generating Units (Pelton Turbine) of 3x110 MW Kishanganga Power Station (PKG-438).,Not Yet Awarded,0,,,,,Hydro,110.0,,,,,,Unknown,NHPC,,Tender,https://www.nhpcindia.com/welcome/tender,,Official tender page,Not applicable,D,Fresh,,Unknown,T-747beec50427,
Not Yet Awarded,,NHPC,NH/CPS-II /Cont./E-146705 /2025-26/19 Date:16.02.2026,Repair of eroded guide vanes of 100 MW Francis Hydro-turbine at Mechanical workshop Chamera-II Power Station (2025-26),Not Yet Awarded,0,,,,,Hydro,100.0,,,,,,Unknown,NHPC,,Tender,https://www.nhpcindia.com/welcome/tender,,Official tender page,Not applicable,D,Fresh,,Unknown,T-afc2f4edfaf6,
Not Yet Awarded,,NHPC,NH/CPS-II /Cont./E-146705 /2025-26/10 Date:09.09.2025,Repair of eroded guide vanes of 100 MW Francis Hydro-turbine at Mechanical workshop Chamera-II Power Station (2025-26),Not Yet Awarded,0,,,,,Hydro,100.0,,,,,,Unknown,NHPC,,Tender,https://www.nhpcindia.com/welcome/tender,,Official tender page,Not applicable,D,Fresh,,Unknown,T-eb26e1655df2,
Not Yet Awarded,,NHPC,NH/CPS-II /Cont./E- 144884/2024-25/06 Date:25.07.2025,Repair and HP-HVOF coating of 3X100 MW Francis Hydroturbine of Chamera – II Power Station.(E-FILE: 144884),Not Yet Awarded,0,,,,,Unclassified,100.0,,,,,,Unknown,NHPC,,Tender,https://www.nhpcindia.com/welcome/tender,,Official tender page,Not applicable,D,Fresh,,Unknown,T-1cc46745d052,
Not Yet Awarded,,NHPC,2024_NHPC_ 824245_1,Repair along with HP-HVOF coating of Runner (1 Nos.) and Guidevane set (2 sets) for 3X100 MW Francis hydro turbines of Chamera-II Power Station.,Not Yet Awarded,0,,,,,Hydro,100.0,,,,,,Unknown,NHPC,,Tender,https://www.nhpcindia.com/welcome/tender,,Official tender page,Not applicable,D,Fresh,,Unknown,T-04ff7091d1cb,
Not Yet Awarded,2026-05-08,SECI,SECI/C&P/OP/11/0001/26-27,"BoS Tender for Setting up of grid-connected 88 MW Ground mounted Solar PV plant at Chitradurga, Karnataka",Not Yet Awarded,0,,,,,Solar,88.0,Karnataka,2026-09-10,,,,Unknown,SECI,,Tender,https://www.seci.co.in/tender-details/Ymd1,,Official tender page,Not applicable,C,Fresh,,Closing Soon,T-9f1745658bdb,
Not Yet Awarded,,NHPC,2026_NHPC_923384_1,Repair and HP-HVOF Coating of 01 No Runner of 77 MW Francis Hydro-turbine (Unit#3) of Chamera-III Power Station during FY 2026-27”(Comp. No.:169791),Not Yet Awarded,0,,,,,Hydro,77.0,,,,,,Unknown,NHPC,,Tender,https://www.nhpcindia.com/welcome/tender,,Official tender page,Not applicable,D,Fresh,,Unknown,T-f611f7f62384,
Not Yet Awarded,,NHPC,2026_NHPC_914911_1,Repair of 40 Nos of wicket gates (02 set )of 77 MW Francis Hydro turbine of Chamera-III Power Station (Comp. No.167311),Not Yet Awarded,0,,,,,Hydro,77.0,,,,,,Unknown,NHPC,,Tender,https://www.nhpcindia.com/welcome/tender,,Official tender page,Not applicable,D,Fresh,,Unknown,T-2e51d8b9702b,
Not Yet Awarded,,NHPC,2026_NHPC_908479_1,Repair and HP HVOF Coating of 01 No Runner of 77 MW Francis Hydro turbine of Chamera III Power Station during FY 2026 27 (Comp No 166480),Not Yet Awarded,0,,,,,Hydro,77.0,,,,,,Unknown,NHPC,,Tender,https://www.nhpcindia.com/welcome/tender,,Official tender page,Not applicable,D,Fresh,,Unknown,T-03af2cacb60d,
Not Yet Awarded,,NHPC,NH/CPS- III/Cont./142370/2025-26/88 Dated:30.06.2025,"""Repair and HP-HVOF Coating of 20 Nos of wicket gates (01 set ) of 77 MW Francis Hydro-turbine of Chamera-III Power station (E-office no. 142370 )”",Not Yet Awarded,0,,,,,Hydro,77.0,,,,,,Unknown,NHPC,,Tender,https://www.nhpcindia.com/welcome/tender,,Official tender page,Not applicable,D,Fresh,,Unknown,T-52bc194d9ecb,
Not Yet Awarded,,NHPC,NH/CPS- III/Cont./140221/2025-26/84,“Repair and HP-HVOF Coating of 01 No Runner of 77 MW Francis Hydro-turbine of Chamera-III Power Station (E-office no. 140221),Not Yet Awarded,0,,,,,Hydro,77.0,,,,,,Unknown,NHPC,,Tender,https://www.nhpcindia.com/welcome/tender,,Official tender page,Not applicable,D,Fresh,,Unknown,T-c73d7f6b27e5,
Not Yet Awarded,,NHPC,2023_NHPC_766536_1,"“Repair and HP-HVOF Coating of 20 Nos. Wicket Gates (01 Set) of 77 MW Francis Hydro- Turbine of Chamera-III Power Station, Dharwala Distt. Chamba, H.P., (Pkg. No. PH-01)”",Not Yet Awarded,0,,,,,Hydro,77.0,,,,,,Unknown,NHPC,,Tender,https://www.nhpcindia.com/welcome/tender,,Official tender page,Not applicable,D,Fresh,,Unknown,T-69784d2b1c73,
Not Yet Awarded,2026-06-24,SECI,SECI/C&P/OP/11/0002/26-27,"Tender for Design, Engineering, Supply, Construction, Erection, Testing, Commissioning and Maintenance of 70 MW ISTS Connected Solar PV Power Project paired with 25MW/ 50MWh BESS at Ramagiri, Sri Sathya Sai District, Andhra Pradesh (Package-1: Solar+BESS)",Not Yet Awarded,0,,,,,Solar + Storage,70.0,Andhra Pradesh,2026-09-21,,,,Unknown,SECI,,Tender,https://www.seci.co.in/tender-details/YmR1,,Official tender page,Not applicable,C,Fresh,,Open,T-876f5d4e8922,
Not Yet Awarded,,NHPC,NH/DG/Contract/1092/2026-27/17,Repair and HP-HVOF coating of 02 sets (40 Nos.) of Guide Vanes (Wicket Gates) of 70 MW Francis Turbine of Dhauliganga Power Station for FY 2026-27.,Not Yet Awarded,0,,,,,Unclassified,70.0,,,,,,Unknown,NHPC,,Tender,https://www.nhpcindia.com/welcome/tender,,Official tender page,Not applicable,D,Fresh,,Unknown,T-fd8ccfbdb469,
Not Yet Awarded,,NHPC,NH/DG/CONTRACT/1090/2025-26/05,Repair and HP-HVOF Coating of 03 No. Runners of 70 MW Francis Hydro Turbine of Dhauliganga Power Station (2026-27),Not Yet Awarded,0,,,,,Hydro,70.0,,,,,,Unknown,NHPC,,Tender,https://www.nhpcindia.com/welcome/tender,,Official tender page,Not applicable,D,Fresh,,Unknown,T-c6434dc1f956,
Not Yet Awarded,,NHPC,NH/DG/Contract/1071/2025-26/48,Repair & HP-HVOF Coating of 01 No. Runners of 70 MW Francis Hydro Turbine of Dhauliganga Power Station (2025-26),Not Yet Awarded,0,,,,,Hydro,70.0,,,,,,Unknown,NHPC,,Tender,https://www.nhpcindia.com/welcome/tender,,Official tender page,Not applicable,D,Fresh,,Unknown,T-af4e83bd4137,
Not Yet Awarded,,NHPC,GEM/2026/B/7490737,Routine Maintenance of 4X60MW Hydro-Generating Equipment&#039;s and Auxiliaries of Uri-II Power Station,Not Yet Awarded,0,,,,,Hydro,60.0,,,,,,Unknown,NHPC,,Tender,https://www.nhpcindia.com/welcome/tender,,Official tender page,Not applicable,D,Fresh,,Unknown,T-406721da27e7,
Not Yet Awarded,,NHPC,2026_NHPC_ 906062_1,"Replacement of Rotating Labyrinths, any repairs required there off and HP-HVOF Coating of 1 no. Francis Runner of 60 MW Hydro-Generator of Uri-II Power station for FY 2026-27",Not Yet Awarded,0,,,,,Hydro,60.0,,,,,,Unknown,NHPC,,Tender,https://www.nhpcindia.com/welcome/tender,,Official tender page,Not applicable,D,Fresh,,Unknown,T-311c2f801612,
Not Yet Awarded,,NHPC,GEM/2026/B/7435705,Annual/Capital Maintenance of 4 X 60MW Hydro-Generating Units of Uri-II Power Station as per scope of work for period of two successive maintenance year i.e. 2026-27 and 2027-28.,Not Yet Awarded,0,,,,,Hydro,60.0,,,,,,Unknown,NHPC,,Tender,https://www.nhpcindia.com/welcome/tender,,Official tender page,Not applicable,D,Fresh,,Unknown,T-6ea020176a6b,
Not Yet Awarded,,NHPC,NH/BSPS/CC/PH/11/2025-26/095,Carrying out Annual Maintenance &amp;amp;amp; Repair of underwater parts of three Generating units of 3X60 MW of BSPS for FY 2025-26 and 2026-27,Not Yet Awarded,0,,,,,Unclassified,60.0,,,,,,Unknown,NHPC,,Tender,https://www.nhpcindia.com/welcome/tender,,Official tender page,Not applicable,D,Fresh,,Unknown,T-51581c7e3708,
Not Yet Awarded,,NHPC,NH/BSPS/CC/PH/57/2024-25/606,"Repair, Machining, Stress relieving and HP-HVOF Coating of Runner and Guide Vanes of 60 MW Francis Turbine of Baira Siul Power Station",Not Yet Awarded,0,,,,,Unclassified,60.0,,,,,,Unknown,NHPC,,Tender,https://www.nhpcindia.com/welcome/tender,,Official tender page,Not applicable,D,Fresh,,Unknown,T-f228788d23da,
Not Yet Awarded,,NHPC,GEM/2024/B/5738127,Routine Maintenance of 4X60 MW Hydro-Generating Equipments and Auxiliaries of Uri-II Power Station,Not Yet Awarded,0,,,,,Hydro,60.0,,,,,,Unknown,NHPC,,Tender,https://www.nhpcindia.com/welcome/tender,,Official tender page,Not applicable,D,Fresh,,Unknown,T-167a4c1055d8,
Not Yet Awarded,,NHPC,2024_NHPC_836477_1,"Replacement of Rotating Labyrinths, any repairs required there off and HP-HVOF Coating of Francis Runner of 60 MW Hydro-Generator of Uri-II Power station for FY 2024-25.",Not Yet Awarded,0,,,,,Hydro,60.0,,,,,,Unknown,NHPC,,Tender,https://www.nhpcindia.com/welcome/tender,,Official tender page,Not applicable,D,Fresh,,Unknown,T-c2b43c58d27c,
Not Yet Awarded,,NHPC,NH/BSPS/CC/PH/13/2024-25/142,Repair of Thrust Bearing Mirror Disc of 60 MW Francis Turbine of Baira Siul Power Station,Not Yet Awarded,0,,,,,Unclassified,60.0,,,,,,Unknown,NHPC,,Tender,https://www.nhpcindia.com/welcome/tender,,Official tender page,Not applicable,D,Fresh,,Unknown,T-b18a8a06b32b,
Not Yet Awarded,,NHPC,GEM/2024/B/4946744,Annual/Capital Maintenance of 4 X 60MW Hydro-Generating Units of Uri-II Power Station as per scope of work for period of two successive maintenance year i.e. 2024-25 and 2025-26,Not Yet Awarded,0,,,,,Hydro,60.0,,,,,,Unknown,NHPC,,Tender,https://www.nhpcindia.com/welcome/tender,,Official tender page,Not applicable,D,Fresh,,Unknown,T-11bfb5d2c139,
Not Yet Awarded,,NHPC,NH/BSPS/CC/PH/03/2024-25/66,Carrying out Annual Maintenance and Repair of underwater parts of three Generating Units of 3X60 MW of BSPS,Not Yet Awarded,0,,,,,Unclassified,60.0,,,,,,Unknown,NHPC,,Tender,https://www.nhpcindia.com/welcome/tender,,Official tender page,Not applicable,D,Fresh,,Unknown,T-a26b476e11dd,
Not Yet Awarded,,NHPC,NH/BSPS/CC/PH/71/2023-24/618,"Repair, Machining, Stress Relieving and HP-HVOF Coating of Runner and Guide Vanes of 60 MW Francis Turbine of Baira Siul Power Station",Not Yet Awarded,0,,,,,Unclassified,60.0,,,,,,Unknown,NHPC,,Tender,https://www.nhpcindia.com/welcome/tender,,Official tender page,Not applicable,D,Fresh,,Unknown,T-f426e95e18e4,
Not Yet Awarded,,NHPC,2023_NHPC_781604_1,"Replacement of Rotating Labyrinths, any repairs required there off and HP-HVOF Coating of Francis Runner of 60 MW Hydro-Generator of Uri-II Power station for FY 2023-24",Not Yet Awarded,0,,,,,Hydro,60.0,,,,,,Unknown,NHPC,,Tender,https://www.nhpcindia.com/welcome/tender,,Official tender page,Not applicable,D,Fresh,,Unknown,T-919a8c10240b,
Not Yet Awarded,,NHPC,GEM/2023/B/3895352,Routine Maintenance of 4X60 MW Hydro Generating Equipment and Auxiliaries of Uri-2 Power Station for 12 Months,Not Yet Awarded,0,,,,,Hydro,60.0,,,,,,Unknown,NHPC,,Tender,https://www.nhpcindia.com/welcome/tender,,Official tender page,Not applicable,D,Fresh,,Unknown,T-0d06658b82c7,
Not Yet Awarded,,NHPC,NH/BSPS/CC/PH/16/2023-24/127,Carrying out Annual Maintenance and Repair of underwater parts of three Generating Units of 3X60 MW of BSPS,Not Yet Awarded,0,,,,,Unclassified,60.0,,,,,,Unknown,NHPC,,Tender,https://www.nhpcindia.com/welcome/tender,,Official tender page,Not applicable,D,Fresh,,Unknown,T-f9def2a40025,
Not Yet Awarded,2026-08-28,SECI,SECI/C&P/IPP/15/0008/26-27,RfS for Utilization of 100 MWh (50 MW x 2 Hrs.) Standalone Energy Storage System on Short-Term Basis under Tariff-Based Competitive Bidding,Not Yet Awarded,0,,,,,Energy Storage (BESS),50.0,,2026-09-30,,,,Unknown,SECI,,RfS,https://www.seci.co.in/tender-details/YmVz,,Official tender page,Not applicable,C,Fresh,,Open,T-9be57a217bf3,
Not Yet Awarded,,NHPC,NH/CCW/CC-II/CO-457/PR60825/2,"Providing Insurance Cover during O&amp;amp;amp;amp;amp;amp;amp;amp;amp;amp;M period for 50MW Wind Power Project at Jaisalmer, Rajasthan for one year w.e.f. 19.06.26 to 18.06.27",Not Yet Awarded,0,,,,,Wind,50.0,Rajasthan,,,,,Unknown,NHPC,,Tender,https://www.nhpcindia.com/welcome/tender,,Official tender page,Not applicable,D,Fresh,,Unknown,T-22c976a3ef5c,
Not Yet Awarded,,NHPC,NH/CCW/CC-II/CO-450/PR10025/369,"Insurance Policy for Industrial All Risk (IAR) with Terrorism and war plus TPL Policy on Replacement/ Reinstatement basis, for the period 01.04.2026 to 31.03.207 for 50 MW Tamilnadu, 300 MW Bikaner, 200 MW Khavda-I, 200 MW Khavda-III, 100 MW NP Kunta, 40 MW Ganjam Solar Projects/ Power Stations",Not Yet Awarded,0,,,,,Solar,50.0,,,,,,Unknown,NHPC,,Tender,https://www.nhpcindia.com/welcome/tender,,Official tender page,Not applicable,D,Fresh,,Unknown,T-37e151471583,
Not Yet Awarded,,NHPC,GEM/2026/B/7135819,"Hiring of R&M Services from PAFs/ Locals for Running & Maintenance of Office cum Field Hostel of 50MW Wind Power project, Jaisalmer of NHPC Ltd",Not Yet Awarded,0,,,,,Wind,50.0,,,,,,Unknown,NHPC,,Tender,https://www.nhpcindia.com/welcome/tender,,Official tender page,Not applicable,D,Fresh,,Unknown,T-50979efc1175,
Not Yet Awarded,,NHPC,NH/CCW/CC-II/CO-430/PR16025/2,"Insurance Cover for 50MW Solar Power Project at Theni/ Dindigul District, Tamilnadu for one year (from 07.02.2026 to 06.02.2027)",Not Yet Awarded,0,,,,,Solar,50.0,,,,,,Unknown,NHPC,,Tender,https://www.nhpcindia.com/welcome/tender,,Official tender page,Not applicable,D,Fresh,,Unknown,T-04db781b70e4,
Not Yet Awarded,,NHPC,NH/CCW/CCII/CO-385/PR60824/6,"Providing Insurance Cover during O&M period for 50MW Wind Power Project at Jaisalmer, Rajasthan for one year w.e.f. 19.06.24 to 18.06.25",Not Yet Awarded,0,,,,,Wind,50.0,Rajasthan,,,,,Unknown,NHPC,,Tender,https://www.nhpcindia.com/welcome/tender,,Official tender page,Not applicable,D,Fresh,,Unknown,T-332eb2f756e2,
Not Yet Awarded,,NHPC,NH/CCW/CC-II/CO-353/PR16024/6,"Insurance Cover for 50MW Solar Power Project at Theni/ Dindigul District, Tamilnadu for one year (from 07.02.2025 to 06.02.2026)",Not Yet Awarded,0,,,,,Solar,50.0,,,,,,Unknown,NHPC,,Tender,https://www.nhpcindia.com/welcome/tender,,Official tender page,Not applicable,D,Fresh,,Unknown,T-96c39401e100,
Not Yet Awarded,,NHPC,GEM/2024/B/4856537,"Providing Insurance Cover during O&M period for 50MW Wind Power Project at Jaisalmer, Rajasthan for one year w.e.f. 19.06.24 to 18.06.25",Not Yet Awarded,0,,,,,Wind,50.0,Rajasthan,,,,,Unknown,NHPC,,Tender,https://www.nhpcindia.com/welcome/tender,,Official tender page,Not applicable,D,Fresh,,Unknown,T-4243f5a25dc3,
Not Yet Awarded,,NHPC,NH/WPPJ/2023/124 dated 29.12.2023,"Hiring of R&M Services for Running and Maintenance of Office Cum Field Hostel of 50 MW Wind Power Project , Jaisalmer of NHPC Ltd.",Not Yet Awarded,0,,,,,Wind,50.0,,,,,,Unknown,NHPC,,Tender,https://www.nhpcindia.com/welcome/tender,,Official tender page,Not applicable,D,Fresh,,Unknown,T-2f510fa8451a,
Not Yet Awarded,,NHPC,2023_NHPC_748125_1,"Engineering Procurement and Construction (EPC) contract for development of 50 MW Floating Solar Power Project and associated transmission system for Grid Connectivity along with Comprehensive O&M for 05 (Five) years at West Kallada, District-Kollam, in the state of Kerala",Not Yet Awarded,0,,,,,Floating Solar,50.0,Kerala,,,,,Unknown,NHPC,,Tender,https://www.nhpcindia.com/welcome/tender,,Official tender page,Not applicable,D,Fresh,,Unknown,T-da0c48762f5a,
Not Yet Awarded,,NHPC,GEM/2023/B/3335527,"Providing Insurance Cover during O&M period for 50MW Wind Power Project at Jaisalmer, Rajasthan for one year w.e.f. 19.06.23 to 18.06.24",Not Yet Awarded,0,,,,,Wind,50.0,Rajasthan,,,,,Unknown,NHPC,,Tender,https://www.nhpcindia.com/welcome/tender,,Official tender page,Not applicable,D,Fresh,,Unknown,T-f05677fb19a4,
Not Yet Awarded,2026-07-16,SECI,SECI/C&P/OP/11/0003/26-27,Setting up of grid-connected 45.6 MW Wind Power Project (Package 2: Wind),Not Yet Awarded,0,,,,,Wind,45.6,,2026-09-18,,,,Unknown,SECI,,Tender,https://www.seci.co.in/tender-details/YmR0,,Official tender page,Not applicable,C,Fresh,,Open,T-e671476b4d53,
Not Yet Awarded,,NHPC,GEM/2026/B/7882673 Dated: 17-08-2026,Annual Maintenance of 02 No. Unit of Sewa-II Power House (3X40MW) for the period of 02 year (i.e. 2026-27 & 2027-28) and Replacement of 01 Nos. maintenance seal of MIV of Unit#2 & Runner/Mirror Disc of Thrust Guide bearing of Unit#1. (MW-745),Not Yet Awarded,0,,,,,Unclassified,40.0,,,,,,Unknown,NHPC,,Tender,https://www.nhpcindia.com/welcome/tender,,Official tender page,Not applicable,D,Fresh,,Unknown,T-24c25afeb40f,
Not Yet Awarded,,NHPC,GEM/2026/B/7549248 Dated: 25-05-2026,"R&M of Electrical System, Equipment;s, Installations and Auxiliaries at (3X40 MW) Sewa-II Power house, Mashka, Distt. Kathua, UT of J&K.",Not Yet Awarded,0,,,,,Unclassified,40.0,Jammu and Kashmir,,,,,Unknown,NHPC,,Tender,https://www.nhpcindia.com/welcome/tender,,Official tender page,Not applicable,D,Fresh,,Unknown,T-d8e66f16c11d,
Not Yet Awarded,,NHPC,GEM/2025/B/6972537,Providing Services for Routine Maintenance Work of Generator and Turbine section of 4X40 MW TLD-IV Power House including Annual Maintenance Works related to Generator and Turbine (FY 2025-2026),Not Yet Awarded,0,,,,,Unclassified,40.0,,,,,,Unknown,NHPC,,Tender,https://www.nhpcindia.com/welcome/tender,,Official tender page,Not applicable,D,Fresh,,Unknown,T-d6eeeec95f55,
Not Yet Awarded,,NHPC,NH/CCW/CC-III/CO-266/PR16623/2,"Engineering Procurement and Construction (EPC) contract for development of 40 MW Capacity Solar Power Project and associated 220 KV Transmission line for connectivity at 220 KV OPTCL Transmission System through LILO Provision along with comprehensive O&M for 05 (Five) years at at Village-Landeihil, Tehsil-Jaganath Prasad, Distt-Ganjam, Odisha",Not Yet Awarded,0,,,,,Transmission / Evacuation,40.0,Odisha,,,,,Unknown,NHPC,,Tender,https://www.nhpcindia.com/welcome/tender,,Official tender page,Not applicable,D,Fresh,,Unknown,T-c1d9da22045b,
Not Yet Awarded,,NHPC,NH/Sewa-II/Contracts/MW-588/2023/NIT-08/94 Dated: 14.08.2023,"Annual maintenance of units, its ancillaries, transformer & switchgear with levelling/centering, alignment & dynamic balancing of two nos. of Hydro-generating units at 3X40 MW Sewa-II Power Station (MW-588)",Not Yet Awarded,0,,,,,Hydro,40.0,,,,,,Unknown,NHPC,,NIT,https://www.nhpcindia.com/welcome/tender,,Official tender page,Not applicable,D,Fresh,,Unknown,T-92fab24fa78f,
Not Yet Awarded,,NHPC,GEM/2025/B/7002564,"Annual Maintenance of Generator, Turbine and its Auxiliaries of 03 Units of 03x35 MW Units of Loktak Power Station for FY 2025-26.",Not Yet Awarded,0,,,,,Unclassified,35.0,,,,,,Unknown,NHPC,,Tender,https://www.nhpcindia.com/welcome/tender,,Official tender page,Not applicable,D,Fresh,,Unknown,T-17d086a7af8d,
Not Yet Awarded,,NHPC,NH-RPS-PH012(12)/3/2026-PH/53,Repair of Damaged Runners of 20MW Francis Hydro Turbine of Rangit Power Station,Not Yet Awarded,0,,,,,Hydro,20.0,,,,,,Unknown,NHPC,,Tender,https://www.nhpcindia.com/welcome/tender,,Official tender page,Not applicable,D,Fresh,,Unknown,T-2dac828dcb42,
Not Yet Awarded,,NHPC,NH-RPS-PH012(13)/4/2026-PH/52,Annual Maintenance of 3X20 MW Hydro-generating Units of Rangit Power Station for the year 2026-27 as defined at Special Technical Requirement,Not Yet Awarded,0,,,,,Hydro,20.0,,,,,,Unknown,NHPC,,Tender,https://www.nhpcindia.com/welcome/tender,,Official tender page,Not applicable,D,Fresh,,Unknown,T-e2f1736e00dc,
Not Yet Awarded,,NHPC,NH-RPS-PH012(12)/1/2026-PH/213,Repair & Maintenance of GSU Transformer of 3 X 20 MW Rangit Power Station,Not Yet Awarded,0,,,,,Unclassified,20.0,,,,,,Unknown,NHPC,,Tender,https://www.nhpcindia.com/welcome/tender,,Official tender page,Not applicable,D,Fresh,,Unknown,T-9b342c38e186,
Not Yet Awarded,,NHPC,NH-RPS-PH012(13)/9/2025-PH/80,Annual Maintenance work of 3x20 MW Hydro-generating units of Rangit Power for 2025-26,Not Yet Awarded,0,,,,,Hydro,20.0,,,,,,Unknown,NHPC,,Tender,https://www.nhpcindia.com/welcome/tender,,Official tender page,Not applicable,D,Fresh,,Unknown,T-135691519391,
Not Yet Awarded,,NHPC,GEM/2025/B/6481242,Purchase of Guide Vane Servo Motor (LH & RH) for 3x20 MW Hydro Generating unit of Rangit Power Station,Not Yet Awarded,0,,,,,Hydro,20.0,,,,,,Unknown,NHPC,,Tender,https://www.nhpcindia.com/welcome/tender,,Official tender page,Not applicable,D,Fresh,,Unknown,T-1a41a912a255,
Not Yet Awarded,,NHPC,GEM/2025/B/6304847,Purchase of Guide Vane Servo Motor (LH & RH) for 3x20 MW Hydro Generating unit of Rangit Power Station,Not Yet Awarded,0,,,,,Hydro,20.0,,,,,,Unknown,NHPC,,Tender,https://www.nhpcindia.com/welcome/tender,,Official tender page,Not applicable,D,Fresh,,Unknown,T-3c981d484f2d,
Not Yet Awarded,,NHPC,GEM/2025/B/6294043,"Purchase of Top Cover, TGB Housing & Thrust Pads for 3 X 20 MW Rangit Power Station",Not Yet Awarded,0,,,,,Unclassified,20.0,,,,,,Unknown,NHPC,,Tender,https://www.nhpcindia.com/welcome/tender,,Official tender page,Not applicable,D,Fresh,,Unknown,T-17334ad68161,
Not Yet Awarded,,NHPC,NBPS/CnP/2026-27/W-40/267,Annual Maintenance of 03 (Three) Nos. of Generating Units of (3X15 MW) Nimoo Bazgo Power Station,Not Yet Awarded,0,,,,,Unclassified,15.0,,,,,,Unknown,NHPC,,Tender,https://www.nhpcindia.com/welcome/tender,,Official tender page,Not applicable,D,Fresh,,Unknown,T-f0a0cb55f110,
Not Yet Awarded,,NHPC,NBPS/CnP/2026-27/W-38/265,"Repair of one number Runner (RN#3) of 3X15 MW Nimoo Bazgo Power Station, Alchi, Distt. Sham, Ladakh",Not Yet Awarded,0,,,,,Unclassified,15.0,Ladakh,,,,,Unknown,NHPC,,Tender,https://www.nhpcindia.com/welcome/tender,,Official tender page,Not applicable,D,Fresh,,Unknown,T-a213f2199fcb,
Not Yet Awarded,,NHPC,NBPS/CnP/2025-26/W-29/256,"Repair of one number Runner (RN#4) of 3X15 MW Nimoo Bazgo Power Station, Alchi, Leh-Ladakh",Not Yet Awarded,0,,,,,Unclassified,15.0,Ladakh,,,,,Unknown,NHPC,,Tender,https://www.nhpcindia.com/welcome/tender,,Official tender page,Not applicable,D,Fresh,,Unknown,T-9845e3099b25,
Not Yet Awarded,2026-08-06,SECI,SECI/C&P/OP/15/0005/26-27,Request for Proposals for Selection of Project Developer for setting up of Grid connected 922.635 kW Rooftop Solar PV Power Project in CAPEX mode for various Client Organizations (CAPEX-I),Not Yet Awarded,0,,,,,Rooftop Solar,0.923,,2026-09-14,,,,Unknown,SECI,,RfP,https://www.seci.co.in/tender-details/YmV3,,Official tender page,Not applicable,C,Fresh,,Closing Soon,T-1f8ee688fa78,
Not Yet Awarded,,NHPC,GEM/2026/B/7750183,"Hiring of services for operation & maintenance of Kishanganga Dam Toe Power House (3x0.8 MW), KGPS, Gurez, Bandipora, J & K for 02 (two) years (PKG- 602)",Not Yet Awarded,0,,,,,Unclassified,0.8,,,,,,Unknown,NHPC,,Tender,https://www.nhpcindia.com/welcome/tender,,Official tender page,Not applicable,D,Fresh,,Unknown,T-3ad5eef9a32c,
Not Yet Awarded,2026-08-28,SECI,SECI/C&P/OP/15/0006/25-26,Request for Proposals for Selection of Project Developer for setting up of 100 kW Rooftop Solar PV Power Project at NIWE Campus in CAPEX mode (RTSPV-C-T-II),Not Yet Awarded,0,,,,,Rooftop Solar,0.1,,2026-09-30,,,,Unknown,SECI,,RfP,https://www.seci.co.in/tender-details/YmVx,,Official tender page,Not applicable,C,Fresh,,Open,T-1b9bd417bdbe,
Not Yet Awarded,,NHPC,GEM/2026/B/7400188 Dated: 03-04-2026,Annual Maintenance Contract (AMC) for Comprehensive Operation & Maintenance (O&M) of 85KWp Rooftop Solar Power Plant at Sewa-II Power Station for 5 Years,Not Yet Awarded,0,,,,,Rooftop Solar,0.085,,,,,,Unknown,NHPC,,Tender,https://www.nhpcindia.com/welcome/tender,,Official tender page,Not applicable,D,Fresh,,Unknown,T-08fd3406809c,
Not Yet Awarded,,NHPC,2025_NHPC_891839,Development of Micro Hydro Power Project (2X82KW) utilizing mandatory environmental- flow at exit location of Dam site of Parbati-III through the most economical PAT (Pump As Turbine) technology.,Not Yet Awarded,0,,,,,Hydro,0.082,,,,,,Unknown,NHPC,,Tender,https://www.nhpcindia.com/welcome/tender,,Official tender page,Not applicable,D,Fresh,,Unknown,T-8a13f364c9b7,
Not Yet Awarded,,NHPC,GEM/2026/B/7735067 Dated: 19-07-2026,Annual Maintenance Contract (AMC) for Comprehensive Operation &amp;amp; Maintenance (O&amp;amp;M) of 50 KWp Small Solar Power Plant at Uri Power Station for 2 Years,Not Yet Awarded,0,,,,,Solar,0.05,,,,,,Unknown,NHPC,,Tender,https://www.nhpcindia.com/welcome/tender,,Official tender page,Not applicable,D,Fresh,,Unknown,T-a3980d26ca39,
Not Yet Awarded,,NHPC,NH/CPS-1/P&C/W-1482/2024-25/712 Dated: 07/01/2025,"Restoration of 30KWP Rooftop Solar Power Plant of Admin office building of CPS-1, Khairi",Not Yet Awarded,0,,,,,Rooftop Solar,0.03,,,,,,Unknown,NHPC,,Tender,https://www.nhpcindia.com/welcome/tender,,Official tender page,Not applicable,D,Fresh,,Unknown,T-5328a45cba01,
Not Yet Awarded,,NHPC,GEM/2026/B/7691428,Purchase of 2KW Hybrid Solar Inverter System &#40;with Lithium Battery&#41;,Not Yet Awarded,0,,,,,Solar + Storage,0.002,,,,,,Unknown,NHPC,,Tender,https://www.nhpcindia.com/welcome/tender,,Official tender page,Not applicable,D,Fresh,,Unknown,T-3d90e2bb7ce6,
Not Yet Awarded,2026-08-03,SECI,SECI/C&P/MI/00/0001/26-27,Request for Selection of Collaboration Partner for Trading of Renewable Power available with SECI,Not Yet Awarded,0,,,,,Unclassified,,,2026-09-07,,,,Unknown,SECI,,RfS,https://www.seci.co.in/tender-details/YmRw,,Official tender page,Not applicable,D,Fresh,,Closing Soon,T-d469b7653326,
Not Yet Awarded,2026-07-17,SECI,SECI/C&P/EOI/17/0002/26-27,EOI for Engagement with Bulk Power Off-Takers for Long-Term Renewable Energy Power Procurement Facilitated by SECI within India,Not Yet Awarded,0,,,,,Round-the-Clock / CfD / Trading,,,2026-09-15,,,,Unknown,SECI,,EOI,https://www.seci.co.in/tender-details/YmRz,,Official tender page,Not applicable,D,Fresh,,Open,T-fde2f1c357d8,
Not Yet Awarded,2026-08-03,SECI,SECI/C&P/EOI/17/0003/26-27,EOI for identification of CO2 sources for Green Urea and RFNBO-Compliant Green Methanol Production in India,Not Yet Awarded,0,,,,,Green Hydrogen / Derivatives,,,2026-09-17,,,,Unknown,SECI,,EOI,https://www.seci.co.in/tender-details/YmRx,,Official tender page,Not applicable,D,Fresh,,Open,T-06aa19e5e4d1,
Not Yet Awarded,,NHPC,GEM/2026/B/7932599,Purchase of Brazing items for Hydro Generator of Salal Power Station,Not Yet Awarded,0,,,,,Hydro,,,,,,,Unknown,NHPC,,Tender,https://www.nhpcindia.com/welcome/tender,,Official tender page,Not applicable,E,Fresh,,Unknown,T-6d051a53ce87,
Not Yet Awarded,,NHPC,GEM/2026/B/7908444 Dated: 25-08-2026,Purchase of hydro-mechanical maintenance tools and consumables for the maintenance of hydro-mechanical equipment at the Sewa-II Dam,Not Yet Awarded,0,,,,,Hydro,,,,,,,Unknown,NHPC,,Tender,https://www.nhpcindia.com/welcome/tender,,Official tender page,Not applicable,E,Fresh,,Unknown,T-193203cc5990,
Not Yet Awarded,,NHPC,GEM/2026/B/7910556 Dated: 17-08-2026,Protective Epoxy coating on Power House Equipments at Sewa-II Power Station (MW-746),Not Yet Awarded,0,,,,,Unclassified,,,,,,,Unknown,NHPC,,Tender,https://www.nhpcindia.com/welcome/tender,,Official tender page,Not applicable,E,Fresh,,Unknown,T-d28c3e3a5bfc,
Not Yet Awarded,,NHPC,GEM/2026/B/7865369,Repair (re-babbitting) of old & used various types of bearing pads of the hydro-generator at Salal Power Station.,Not Yet Awarded,0,,,,,Hydro,,,,,,,Unknown,NHPC,,Tender,https://www.nhpcindia.com/welcome/tender,,Official tender page,Not applicable,E,Fresh,,Unknown,T-c3bee3be2c72,
Not Yet Awarded,,NHPC,GEM/2026/B/7800108,Purchase of various types of fasteners required for the repair and maintenance activities of all hydro-mechanical gates at hydro-mechanical unit of Salal Power Station,Not Yet Awarded,0,,,,,Hydro,,,,,,,Unknown,NHPC,,Tender,https://www.nhpcindia.com/welcome/tender,,Official tender page,Not applicable,E,Fresh,,Unknown,T-c6d0292c2833,
Not Yet Awarded,,NHPC,GEM/2026/B/7803573,"Repairing & Re-babbitting of Damaged TGB shell of Generating unit of Kishanganga Power Station, Bandipora (J&K) (PKG-604)",Not Yet Awarded,0,,,,,Unclassified,,Jammu and Kashmir,,,,,Unknown,NHPC,,Tender,https://www.nhpcindia.com/welcome/tender,,Official tender page,Not applicable,E,Fresh,,Unknown,T-fe4fed7661ba,
Not Yet Awarded,,NHPC,NH/DG/Contract/1095/2026-27/24,Re-Babbitting on 03 nos Turbine Guide Bearing shells of Dhauliganga power station,Not Yet Awarded,0,,,,,Unclassified,,,,,,,Unknown,NHPC,,Tender,https://www.nhpcindia.com/welcome/tender,,Official tender page,Not applicable,E,Fresh,,Unknown,T-d0d01af646c3,
Not Yet Awarded,,NHPC,2026_NHPC_911785_1,Construction of a new retaining wall in place of the damaged retaining wall on the road from the hydrogen plant to the Surge Shaft (Comp. No.:163077),Not Yet Awarded,0,,,,,Unclassified,,,,,,,Unknown,NHPC,,Tender,https://www.nhpcindia.com/welcome/tender,,Official tender page,Not applicable,E,Fresh,,Unknown,T-497f86187bac,
Not Yet Awarded,,NHPC,GEM/2026/B/7685008,"Supply of Wall Clocks (Battery Operated) (V2) Conforming to IS 12510 (Q4) , HDPE Buckets (V2) Conforming to IS 3730 (Q4) and Waste Containers (V3) (Q4)",Not Yet Awarded,0,,,,,Unclassified,,,,,,,Unknown,NHPC,,Tender,https://www.nhpcindia.com/welcome/tender,,Official tender page,Not applicable,E,Fresh,,Unknown,T-4d39abbd9792,
Not Yet Awarded,,NHPC,"GEM/2026/B/7725040, Dated: 07-07-2026",Purchase of HSLS (Hydrostatic Lubrication System along with required Spares for Power House of Sewa-II Power Station,Not Yet Awarded,0,,,,,Unclassified,,,,,,,Unknown,NHPC,,Tender,https://www.nhpcindia.com/welcome/tender,,Official tender page,Not applicable,E,Fresh,,Unknown,T-be9cfe346916,
Not Yet Awarded,,NHPC,2026_NHPC_916392_1,"ANNUAL MAINTENANCE CONTRACT (AMC) FOR CLEANING OF OVERHEAD RCC WATER STORAGE TANK &amp;amp; PVC/RCC TANKS SITUATED AT VARIOUS LOCATIONS AT TANAKPUR POWER STATION, BANBASA",Not Yet Awarded,0,,,,,Unclassified,,,,,,,Unknown,NHPC,,Tender,https://www.nhpcindia.com/welcome/tender,,Official tender page,Not applicable,E,Fresh,,Unknown,T-2d5d342be29c,
Not Yet Awarded,,NHPC,2026_NHPC_914891_1,"Fencing work around the office-cum-residential complex, construction of a gabion structure behind Prefab Block-1, construction of R.R. masonry boundary wall, and plinth protection work around Prefab Block-1 for the Sawalkote Hydroelectric Project",Not Yet Awarded,0,,,,,Hydro,,,,,,,Unknown,NHPC,,Tender,https://www.nhpcindia.com/welcome/tender,,Official tender page,Not applicable,E,Fresh,,Unknown,T-e9898c87b50e,
Not Yet Awarded,,NHPC,NH/SPS/PnC/NIT-218/2026-27/192-201 (CPPP Tender ID : 2026_NHPC_914357_1 ),"Construction of Community hall in Village Dera Banda Bahadur near Kundrah, Reasi including Solar Street Lights.",Not Yet Awarded,0,,,,,Solar,,,,,,,Unknown,NHPC,,NIT,https://www.nhpcindia.com/welcome/tender,,Official tender page,Not applicable,E,Fresh,,Unknown,T-ae6b2b17ae3e,
Not Yet Awarded,,NHPC,NH/TSV/Cont/RM-219/NIT-1080/2026-27/86 Dated:19/06/2026 and GEM bid no. GEM/2026/B/7685725,"Providing Assistance for various types of Hydro-Meteorological data observation, recording and compilation of data of different station of Teesta and Tolungchu river for Teesta –IV H E Project",Not Yet Awarded,0,,,,,Hydro,,,,,,,Unknown,NHPC,,NIT,https://www.nhpcindia.com/welcome/tender,,Official tender page,Not applicable,E,Fresh,,Unknown,T-4ca4a3e23a6d,
Not Yet Awarded,,NHPC,NH/CPS-1/PnC/W-1615/2026-27/33 Dated: 15/06/2026,Repair and Re-babbiting of TGB Shell dismantled from Unit#3 and Unit#1 of Chamera Power house-1.,Not Yet Awarded,0,,,,,Unclassified,,,,,,,Unknown,NHPC,,Tender,https://www.nhpcindia.com/welcome/tender,,Official tender page,Not applicable,E,Fresh,,Unknown,T-c28c9069dedd,
Not Yet Awarded,,NHPC,NH-RPS-CTS011(12)/4/2025-CIVIL TS/39,"Chain Link Fencing, Repair of Steps/Approach Path, Providing Temporary Roof Shed, Steel Railing & Other Miscellaneous Repair Works at Main Water Storage/Treatment/Supply Tank Site of Rangit Power Station",Not Yet Awarded,0,,,,,Unclassified,,,,,,,Unknown,NHPC,,Tender,https://www.nhpcindia.com/welcome/tender,,Official tender page,Not applicable,E,Fresh,,Unknown,T-b4bc296e1297,
Not Yet Awarded,,NHPC,GEM/2026/B/7603272 Dated: 05-06-2026,"Procurement of UT Pumps (now Hydro Prokav) Triple Screw High Pressure Pump spares for MIV & Governor P.P. set at Sewa-II Power Station, NHPC Ltd., Mashka (J&K).",Not Yet Awarded,0,,,,,Hydro,,Jammu and Kashmir,,,,,Unknown,NHPC,,Tender,https://www.nhpcindia.com/welcome/tender,,Official tender page,Not applicable,E,Fresh,,Unknown,T-fb049df7b445,
Not Yet Awarded,,NHPC,2026_NHPC_911423_1,Construction of a new retaining wall in place of the damaged retaining wall on the road from the hydrogen plant to the Surge Shaft (Comp. No.:162958),Not Yet Awarded,0,,,,,Unclassified,,,,,,,Unknown,NHPC,,Tender,https://www.nhpcindia.com/welcome/tender,,Official tender page,Not applicable,E,Fresh,,Unknown,T-023ad8daffc8,
Not Yet Awarded,,NHPC,GEM/2026/B/7570469 Dated: 27-05-2026,"Observation of Hydro-meteorological data and Silt analysis work at TLD-IV PS, Kalijhora (FY-2026-27)",Not Yet Awarded,0,,,,,Hydro,,,,,,,Unknown,NHPC,,Tender,https://www.nhpcindia.com/welcome/tender,,Official tender page,Not applicable,E,Fresh,,Unknown,T-b827f77bf032,
Not Yet Awarded,,NHPC,GEM/2026/B/7550283 Dated: 25-05-2026,"Providing support for Operation & Maintenance (O&M) of Power Plant Equipments,",Not Yet Awarded,0,,,,,Unclassified,,,,,,,Unknown,NHPC,,Tender,https://www.nhpcindia.com/welcome/tender,,Official tender page,Not applicable,E,Fresh,,Unknown,T-3496690e6931,
Not Yet Awarded,,NHPC,2026_NHPC_910001_1,Construction of a new retaining wall in place of the damaged retaining wall on the road from the hydrogen plant to the Surge Shaft (Computer No: 162416) for further details visit- https://eprocure.gov.in/eprocure/app,Not Yet Awarded,0,,,,,Unclassified,,,,,,,Unknown,NHPC,,Tender,https://www.nhpcindia.com/welcome/tender,,Official tender page,Not applicable,E,Fresh,,Unknown,T-c7316c100e09,
Not Yet Awarded,,NHPC,"NH/PPS-III/NIT/PR11925/122/1/49, Dated: 21.05.2026",Re-babbitting of Thrust bearings pads of Parbati-III Power Station,Not Yet Awarded,0,,,,,Unclassified,,,,,,,Unknown,NHPC,,NIT,https://www.nhpcindia.com/welcome/tender,,Official tender page,Not applicable,E,Fresh,,Unknown,T-4af62aa82b36,
Not Yet Awarded,,NHPC,NH/BSPS/CC/CW/01/2026-27/66,"Cleaning and Disinfection of Storage Water Tanks for Water Supply and Distribution System of Township at BSPS, Surangani for a period of Two Years (2026-2028)",Not Yet Awarded,0,,,,,Unclassified,,,,,,,Unknown,NHPC,,Tender,https://www.nhpcindia.com/welcome/tender,,Official tender page,Not applicable,E,Fresh,,Unknown,T-0b9f38b2da42,
Not Yet Awarded,,NHPC,2026_NHPC_908986_1,"For services of Emergency Flood warning system (i.e. Installing and Commissioning, cloud storage, Bulk SMS service and integration of siren with API located at various location of Tanakpur Power Station",Not Yet Awarded,0,,,,,Unclassified,,,,,,,Unknown,NHPC,,Tender,https://www.nhpcindia.com/welcome/tender,,Official tender page,Not applicable,E,Fresh,,Unknown,T-b874db3823c0,
Not Yet Awarded,,NHPC,GEM/2026/B/7485455,"Purchase of New Batteries and buyback of old and used batteries for Chamera-III PS, 220V DC Battery Bank.",Not Yet Awarded,0,,,,,Unclassified,,,,,,,Unknown,NHPC,,Tender,https://www.nhpcindia.com/welcome/tender,,Official tender page,Not applicable,E,Fresh,,Unknown,T-9aa3e745317a,
Not Yet Awarded,,NHPC,NH/TLD-IV PS/P&C/W-949/2026/2238 Date:09/05/2026,Regarding Re-wiring of dam and power house drainage gallery Illumination system at TLDP-IV Power Station,Not Yet Awarded,0,,,,,Unclassified,,,,,,,Unknown,NHPC,,Tender,https://www.nhpcindia.com/welcome/tender,,Official tender page,Not applicable,E,Fresh,,Unknown,T-134b884704ae,
Not Yet Awarded,,NHPC,No NH/SPS/PnC/NIT-118/26-27/71-80 (CPPP Tender ID 2026_NHPC_907690_1 ),Hydrographic survey of Salal Dam reservoir at Dhyangarh for the year 2026,Not Yet Awarded,0,,,,,Unclassified,,,,,,,Unknown,NHPC,,NIT,https://www.nhpcindia.com/welcome/tender,,Official tender page,Not applicable,E,Fresh,,Unknown,T-cb26ae0e3b7c,
Not Yet Awarded,,NHPC,2026_NHPC_906608_1,"Repair and Maintenance of Store room, Door and windows, Leakage of washroom and construction of Cable trench at Dam Site of Kishanganga Power Station, Gurez, Bandipora, J and K (PKG-589).",Not Yet Awarded,0,,,,,Unclassified,,,,,,,Unknown,NHPC,,Tender,https://www.nhpcindia.com/welcome/tender,,Official tender page,Not applicable,E,Fresh,,Unknown,T-5629beb06b7b,
Not Yet Awarded,,NHPC,": NH/TSV/Cont/CC-372/NIT-1077/2026-27/22 Dated : Dated: 20/04/2026, Tender ID:2026_NHPC_905916_1","External Putty, Painting and Providing/Fixing Window and Door etc. in the New GIS Building at Teesta-V Power Station",Not Yet Awarded,0,,,,,Unclassified,,,,,,,Unknown,NHPC,,NIT,https://www.nhpcindia.com/welcome/tender,,Official tender page,Not applicable,E,Fresh,,Unknown,T-d4321837bf10,
Not Yet Awarded,,NHPC,NH/CPS-1/P&C/W-1618/2026-27/09 Dated: 18/04/2026,"Repair & maintenance of water storage tank roof cover & tiling in water tank of Upper Samleu, CPS-1",Not Yet Awarded,0,,,,,Unclassified,,,,,,,Unknown,NHPC,,Tender,https://www.nhpcindia.com/welcome/tender,,Official tender page,Not applicable,E,Fresh,,Unknown,T-6d4d3da0b5b9,
Not Yet Awarded,,NHPC,NH/TLD-IV PS/P&C/W-949/2026/2216 Dated: 15/04/2026,Regarding Re-wiring of dam and power house drainage gallery Illumination system at TLDP-IV Power Station,Not Yet Awarded,0,,,,,Unclassified,,,,,,,Unknown,NHPC,,Tender,https://www.nhpcindia.com/welcome/tender,,Official tender page,Not applicable,E,Fresh,,Unknown,T-464d1ef90738,
Not Yet Awarded,,NHPC,GEM/2026/B/7396643,"Hiring of Expert from OEM M/s GE VERNOVA HYDRO POWER INDIA PVT LTD for Year 2026 on requirement basis at Power House, Uri-II Power Station",Not Yet Awarded,0,,,,,Hydro,,,,,,,Unknown,NHPC,,Tender,https://www.nhpcindia.com/welcome/tender,,Official tender page,Not applicable,E,Fresh,,Unknown,T-ed36dcb1516d,
Not Yet Awarded,,NHPC,GEM/2026/B/7389944 Dated 07.04.2026,"Hiring of 01 No Air-Conditioned Diesel Vehicle- MUV/SUV - 1500cc Turbocharged or equivalent (2024 or later Model) along with driver without Fuel for 03 years on regular monthly contract basis on 24 x 7 for deployment at Solar Power Projects, Bhuj.",Not Yet Awarded,0,,,,,Solar,,,,,,,Unknown,NHPC,,Tender,https://www.nhpcindia.com/welcome/tender,,Official tender page,Not applicable,E,Fresh,,Unknown,T-d4520446a593,
Not Yet Awarded,,NHPC,NH/CPS-1/P&C/W-1616/2026-27/02 Dated:02/04/2026,"Reaming, Re-drilling and Restoration of Non-Functional Pressure Relief / Drainage Holes of Foundation Gallery and Side Slope Galleries of Chamera–I Dam.",Not Yet Awarded,0,,,,,Unclassified,,,,,,,Unknown,NHPC,,Tender,https://www.nhpcindia.com/welcome/tender,,Official tender page,Not applicable,E,Fresh,,Unknown,T-77b184a5da7b,
Not Yet Awarded,,NHPC,NH/CPS-1/P&C/W-1615/2026-27/01 Dated: 01/04/2026,Repair and Re-babbiting of TGB Shell dismantled from Unit#3 and Unit#1 of Chamera Power house-1.,Not Yet Awarded,0,,,,,Unclassified,,,,,,,Unknown,NHPC,,Tender,https://www.nhpcindia.com/welcome/tender,,Official tender page,Not applicable,E,Fresh,,Unknown,T-a382821e0f40,
Not Yet Awarded,,NHPC,2026_NHPC_903395_1,Selection of Roof Top Developer for Setting up Grid Connected Solar Roof Top Plants at Various locations on government buildings through HAREDA in the state of Haryana on RESCO Mode through Tariff-Based Competitive Bidding,Not Yet Awarded,0,,,,,Rooftop Solar,,Haryana,,,,,Unknown,NHPC,,Tender,https://www.nhpcindia.com/welcome/tender,,Official tender page,Not applicable,E,Fresh,,Unknown,T-fee8cbb8ef71,
Not Yet Awarded,,NHPC,2026_NHPC_901836_1,"Selection of developers for installing rooftop solar plants on buildings of various departments (Law and Parliamentary Affairs, Jal Shakti, Irrigation and Flood Control, Forest, Ecology and Environment, and Home in UT of JNK through JAKEDA in RESCO mode, via tariff-based competitive bidding- PM Surya Ghar Muft Bijli -Yojana PMSG –MBY",Not Yet Awarded,0,,,,,Rooftop Solar,,,,,,,Unknown,NHPC,,Tender,https://www.nhpcindia.com/welcome/tender,,Official tender page,Not applicable,E,Fresh,,Unknown,T-33216a87eb26,
Not Yet Awarded,,NHPC,2026_NHPC_898454_1,Implementation of Rooftop Solar Projects on Government Buildings of allocated Central Ministries in RESCO Mode on Tariff-Based Competitive Bidding under PM Surya Ghar Muft Bijli Yojana (PMSG-MBY),Not Yet Awarded,0,,,,,Rooftop Solar,,,,,,,Unknown,NHPC,,Tender,https://www.nhpcindia.com/welcome/tender,,Official tender page,Not applicable,E,Fresh,,Unknown,T-31999113c4ad,
Not Yet Awarded,,NHPC,NH/DG/CONTRACT/1076/2025-26/82,"Cleaning of old water storage tank, providing and placing of new water tanks &amp;amp; water proofing of the mummty roof area at various locations at Nigalpani, DGPS",Not Yet Awarded,0,,,,,Unclassified,,,,,,,Unknown,NHPC,,Tender,https://www.nhpcindia.com/welcome/tender,,Official tender page,Not applicable,E,Fresh,,Unknown,T-906cd27697be,
Not Yet Awarded,,NHPC,GEM/2026/B/7139407,Purchase of Battery Discharge Kit for 220V DC Battery Banks of TLD–III Power Station,Not Yet Awarded,0,,,,,Unclassified,,,,,,,Unknown,NHPC,,Tender,https://www.nhpcindia.com/welcome/tender,,Official tender page,Not applicable,E,Fresh,,Unknown,T-fe97359f50d0,
Not Yet Awarded,,NHPC,GEM/2026/B/7113097 and NH/TSV/Cont/EC-173/NIT-1062/2025-26/375 Dated: 15/01/2026,Deputation of Service Engineer from M/s GE Vernova T&amp;amp;D India Ltd. for Inspection &amp;amp; Clearance during Re-commissioning and Post-Termination Inspection of 400 kV XLPE Cable at Transformer End – Teesta-V Power Station,Not Yet Awarded,0,,,,,Unclassified,,,,,,,Unknown,NHPC,,NIT,https://www.nhpcindia.com/welcome/tender,,Official tender page,Not applicable,E,Fresh,,Unknown,T-721e950e0465,
Not Yet Awarded,,NHPC,GEM/2025/B/7056727,"Proposal for Supply, Installation, Testing, and Commissioning of Solar Powered Sirens with Voice Message Capability at Salal Power Station",Not Yet Awarded,0,,,,,Solar,,,,,,,Unknown,NHPC,,Tender,https://www.nhpcindia.com/welcome/tender,,Official tender page,Not applicable,E,Fresh,,Unknown,T-85f364d0e532,
Not Yet Awarded,,NHPC,GEM/2025/B/7028399,"Repairing and Re-insulation of faulty Rotor Poles at site of Kishanganga Power Station, Bandipora, J &amp;amp; K (PKG-568).",Not Yet Awarded,0,,,,,Unclassified,,,,,,,Unknown,NHPC,,Tender,https://www.nhpcindia.com/welcome/tender,,Official tender page,Not applicable,E,Fresh,,Unknown,T-554df2189e4b,
Not Yet Awarded,,NHPC,GEM/2025/B/6919473,Conducting Hydrographic Survey in the reservoir of Uri-II Power Station for the year 2025-26,Not Yet Awarded,0,,,,,Unclassified,,,,,,,Unknown,NHPC,,Tender,https://www.nhpcindia.com/welcome/tender,,Official tender page,Not applicable,E,Fresh,,Unknown,T-f7df20cf5c5d,
Not Yet Awarded,,NHPC,GEM/2025/B/6966597,Operation and Maintenance of 02 Bulletproof Scorpios of Loktak Hydroelectric Project.,Not Yet Awarded,0,,,,,Hydro,,,,,,,Unknown,NHPC,,Tender,https://www.nhpcindia.com/welcome/tender,,Official tender page,Not applicable,E,Fresh,,Unknown,T-f0b9cf539474,
Not Yet Awarded,,NHPC,GEM/2025/B/6954550,"Supply, Installation and Commissioning of 02 Nos. Hydro Static Lubrication units along with all accessories and electrical control panel",Not Yet Awarded,0,,,,,Hydro,,,,,,,Unknown,NHPC,,Tender,https://www.nhpcindia.com/welcome/tender,,Official tender page,Not applicable,E,Fresh,,Unknown,T-ed4a5afbb09b,
Not Yet Awarded,,NHPC,GEM/2025/B/6918911 Dated: 27-11-2025,"Hydrographic Survey of Reservoir & two EWS site, Darbal & Arwad of Sewa-II Power Station",Not Yet Awarded,0,,,,,Unclassified,,,,,,,Unknown,NHPC,,Tender,https://www.nhpcindia.com/welcome/tender,,Official tender page,Not applicable,E,Fresh,,Unknown,T-9c5b8bce913c,
Not Yet Awarded,,NHPC,NH/BSPS/CC/HM/38/2025-26/361,"Annual Maintenance Contract (AMC) of Hydro Mechanical equipment/gates and Electric Panels installed at Baira Dam, Bhaledh Trench, Siul Weir and TRC gates, PRV gate and Draft Tube Gates at Power House Complex",Not Yet Awarded,0,,,,,Hydro,,,,,,,Unknown,NHPC,,Tender,https://www.nhpcindia.com/welcome/tender,,Official tender page,Not applicable,E,Fresh,,Unknown,T-0b226b8903a0,
Not Yet Awarded,,NHPC,NH/Sewa-II/Contracts/CW-702/2025/NIT-09/130 Dated:10.11.2025 (Tender ID: 2025_NHPC_883762_1),"Repair, Painting and Replace windows of C-type Quarters at Sewa Vihar Colony of Sewa -II Power Station, Mashka (CW-702)",Not Yet Awarded,0,,,,,Unclassified,,,,,,,Unknown,NHPC,,NIT,https://www.nhpcindia.com/welcome/tender,,Official tender page,Not applicable,E,Fresh,,Unknown,T-ee8303fef88e,
Not Yet Awarded,,NHPC,NH-RPS-DC/9/2025-DAM C/117,Conducting hydrographic survey (Pre-monsoon and post-monsoon) at dam of Rangit Power Station for Two years to find out reservoir elevation-area-capacity curve,Not Yet Awarded,0,,,,,Unclassified,,,,,,,Unknown,NHPC,,Tender,https://www.nhpcindia.com/welcome/tender,,Official tender page,Not applicable,E,Fresh,,Unknown,T-65a29ff57a1d,
Not Yet Awarded,,NHPC,GEM/2025/B/6737196 Dated 28.10.2025,"Procurement of 1 No. Hydrogen Fuel Cell Electric Bus and its Comprehensive Maintenance Services for 3 Years for Chamba, Himachal Pradesh",Not Yet Awarded,0,,,,,Unclassified,,Himachal Pradesh,,,,,Unknown,NHPC,,Tender,https://www.nhpcindia.com/welcome/tender,,Official tender page,Not applicable,E,Fresh,,Unknown,T-0e58060d420c,
Not Yet Awarded,,NHPC,GEM/2025/B/6554304,Purchase of Transformer Oil Filtration Plant along with Transformer Oil Storage Tank for Rangit Power Station,Not Yet Awarded,0,,,,,Unclassified,,,,,,,Unknown,NHPC,,Tender,https://www.nhpcindia.com/welcome/tender,,Official tender page,Not applicable,E,Fresh,,Unknown,T-5f02b9736453,
Not Yet Awarded,,NHPC,GEM/2025/B/6689726,Supply Installation Commissioning and Testing of 15 KVA Off grid Solar Power plant at ITI Pangin,Not Yet Awarded,0,,,,,Solar,,,,,,,Unknown,NHPC,,Tender,https://www.nhpcindia.com/welcome/tender,,Official tender page,Not applicable,E,Fresh,,Unknown,T-d9a72334fd08,
Not Yet Awarded,,NHPC,2025_NHPC_875131_1,"Dressing / Re-routing of Power and Control Cables in cable trays located at different Floors of Power House and CVT Areas of Kishanganga Power Station, Bandipora (PKG-549).",Not Yet Awarded,0,,,,,Unclassified,,,,,,,Unknown,NHPC,,Tender,https://www.nhpcindia.com/welcome/tender,,Official tender page,Not applicable,E,Fresh,,Unknown,T-88be6efeec6b,
Not Yet Awarded,,NHPC,NH/CPS-1/P&C/W-1522/2025-26/186 Dated: 22/08/2025,Overhauling and Refurbishment (re-tubing and re-fining) of Stator air cooler of Chamera-1 Power Station,Not Yet Awarded,0,,,,,Unclassified,,,,,,,Unknown,NHPC,,Tender,https://www.nhpcindia.com/welcome/tender,,Official tender page,Not applicable,E,Fresh,,Unknown,T-e6b6d520263d,
Not Yet Awarded,,NHPC,NH/SPS/P&C/NIT-08/25-26/512-522 Dated: 22/08/2025 (CPPP Tender ID 2025_NHPC_874284_1),"Strengthening of metal & concrete joints of Draft Tube window and arresting of water leakages, for 6 Units of Salal Power Station",Not Yet Awarded,0,,,,,Unclassified,,,,,,,Unknown,NHPC,,NIT,https://www.nhpcindia.com/welcome/tender,,Official tender page,Not applicable,E,Fresh,,Unknown,T-4c86a8c23918,
Not Yet Awarded,,NHPC,GEM/2025/B/6567807 Dated: 21-08-2025,Purchase of Chhabi Electricals make 220 and 48 Volt battery Charger spares,Not Yet Awarded,0,,,,,Unclassified,,,,,,,Unknown,NHPC,,Tender,https://www.nhpcindia.com/welcome/tender,,Official tender page,Not applicable,E,Fresh,,Unknown,T-e648a3b42569,
Not Yet Awarded,,NHPC,GEM/2025/B/6558620,Supply of Internal Storage Device type SSD,Not Yet Awarded,0,,,,,Unclassified,,,,,,,Unknown,NHPC,,Tender,https://www.nhpcindia.com/welcome/tender,,Official tender page,Not applicable,E,Fresh,,Unknown,T-ef05c4536b1b,
Not Yet Awarded,,NHPC,2025_NHPC_873548_1,"Construction of Community Health Center and solar street lighting work at Jalandora village under CSR scheme, Gurez, Bandipora, J&K (PKG-550).",Not Yet Awarded,0,,,,,Solar,,Jammu and Kashmir,,,,,Unknown,NHPC,,Tender,https://www.nhpcindia.com/welcome/tender,,Official tender page,Not applicable,E,Fresh,,Unknown,T-d72aed6ba57a,
Not Yet Awarded,,NHPC,"GEM/2025/B/6460470,Dated: 31-07-2025",Purchase of Microsoft Windows Server 2025 Client Access License (CAL) License & Microsoft windows Server 2025 Standard License Software,Not Yet Awarded,0,,,,,Unclassified,,,,,,,Unknown,NHPC,,Tender,https://www.nhpcindia.com/welcome/tender,,Official tender page,Not applicable,E,Fresh,,Unknown,T-8b1e0ae2627b,
Not Yet Awarded,,NHPC,2025_NHPC_871529_1,"Supply and Installation of Underground Diesel Storage Tank (2X25 KL) at DAM Site of Kishanganga Power Station, Gurez, Bandipora, J&K (PKG-543).",Not Yet Awarded,0,,,,,Unclassified,,Jammu and Kashmir,,,,,Unknown,NHPC,,Tender,https://www.nhpcindia.com/welcome/tender,,Official tender page,Not applicable,E,Fresh,,Unknown,T-1c8348a48c76,
Not Yet Awarded,,NHPC,GEM/2025/B/6420837 Dated: 26-07-2025,Purchase of Spare Robel Stator Bar & its winding hardware for Unit#2 at Uri Power Station,Not Yet Awarded,0,,,,,Unclassified,,,,,,,Unknown,NHPC,,Tender,https://www.nhpcindia.com/welcome/tender,,Official tender page,Not applicable,E,Fresh,,Unknown,T-797ff1e2ee80,
Not Yet Awarded,,NHPC,GEM/2025/B/6318858,Purchase of 120 nos. cafeteria chair and 22 nos. king size bed with storage.,Not Yet Awarded,0,,,,,Unclassified,,,,,,,Unknown,NHPC,,Tender,https://www.nhpcindia.com/welcome/tender,,Official tender page,Not applicable,E,Fresh,,Unknown,T-e66aeb011d6c,
Not Yet Awarded,,NHPC,2025_NHPC_864442_1,"Selection of developers for installing rooftop solar plants on buildings of various departments in UT of J&K through JAKEDA in RESCO mode, via tariff-based competitive bidding”",Not Yet Awarded,0,,,,,Rooftop Solar,,Jammu and Kashmir,,,,,Unknown,NHPC,,Tender,https://www.nhpcindia.com/welcome/tender,,Official tender page,Not applicable,E,Fresh,,Unknown,T-3a255ae2d237,
Not Yet Awarded,,NHPC,2025_NHPC_863785_1,Selection of Roof Top Developer for Setting up Grid Connected Solar Roof Top Plants at Various locations on government buildings in the state of Nagaland on RESCO Mode through TBCB,Not Yet Awarded,0,,,,,Rooftop Solar,,Nagaland,,,,,Unknown,NHPC,,Tender,https://www.nhpcindia.com/welcome/tender,,Official tender page,Not applicable,E,Fresh,,Unknown,T-285bacab4214,
Not Yet Awarded,,NHPC,NH/SPS/CD/NIT-106/25-26/323-333 (Tender ID 2025_NHPC_ 867884_1 ),“Post Monsoon Hydrographic Survey of Salal Dam Reservoir at Dhyangarh for the year 2025-26 ”.,Not Yet Awarded,0,,,,,Unclassified,,,,,,,Unknown,NHPC,,NIT,https://www.nhpcindia.com/welcome/tender,,Official tender page,Not applicable,E,Fresh,,Unknown,T-e2abf1904ce2,
Not Yet Awarded,,NHPC,NH/DG/CONTRACT/1069/2025-26/25,"Hydrographical Survey of Dam reservoir, River Cross-Sections and Level Marking at G&D Sites of Dhauliganga Power Station",Not Yet Awarded,0,,,,,Unclassified,,,,,,,Unknown,NHPC,,Tender,https://www.nhpcindia.com/welcome/tender,,Official tender page,Not applicable,E,Fresh,,Unknown,T-644efec4e2b9,
Not Yet Awarded,,NHPC,NIT No. NH/TSV/CONT/EC-163/NIT-1031/2025-26/141 Dated: 08/07/2025 and E-Tender Id:2025_NHPC_865435_1,"Re-Construction of 11/0.415 KV Electrical Sub-Station with HT Line, HT & LT Panels, and other associated works at Dikchu Dam Site of Teesta-V Power Station NHPC Ltd., damaged due to land slide",Not Yet Awarded,0,,,,,Unclassified,,,,,,,Unknown,NHPC,,NIT,https://www.nhpcindia.com/welcome/tender,,Official tender page,Not applicable,E,Fresh,,Unknown,T-2b72e46dc113,
Not Yet Awarded,,NHPC,NH/DG/Contract/1068/2025-26/22 Dated 02/07/2025,Re-babbiting on turbine guide bearing shells for Dhauliganga power station,Not Yet Awarded,0,,,,,Unclassified,,,,,,,Unknown,NHPC,,Tender,https://www.nhpcindia.com/welcome/tender,,Official tender page,Not applicable,E,Fresh,,Unknown,T-d3c9d420f192,
Not Yet Awarded,,NHPC,GEM/2025/B/6196209,"Supply, Transportation, Installation and commissioning of 24 W solar Street light under CSR scheme of TLD-IV PS, Kalijhora",Not Yet Awarded,0,,,,,Solar,,,,,,,Unknown,NHPC,,Tender,https://www.nhpcindia.com/welcome/tender,,Official tender page,Not applicable,E,Fresh,,Unknown,T-358df65320e3,
Not Yet Awarded,,NHPC,GEM/2025/B/6353880,Routine Maintenance of Hydro Mechanical Equipments of Uri-II Power Station.,Not Yet Awarded,0,,,,,Hydro,,,,,,,Unknown,NHPC,,Tender,https://www.nhpcindia.com/welcome/tender,,Official tender page,Not applicable,E,Fresh,,Unknown,T-b178970675aa,
Not Yet Awarded,,NHPC,NIT No. NH/TSV/CONT/EC-166/NIT-1029/2025-26/134 Dated: 02/07/2025 and E-Tender Id: 2025_NHPC_867056_1,Re- routing /construction of the damaged 11KV HT line from the DG set (Dam Office) to the SFT,Not Yet Awarded,0,,,,,Unclassified,,,,,,,Unknown,NHPC,,NIT,https://www.nhpcindia.com/welcome/tender,,Official tender page,Not applicable,E,Fresh,,Unknown,T-505fdc8a5dab,
Not Yet Awarded,,NHPC,GEM/2025/B/6377314,Supply and Demonstration of Automatic Battery Discharging Test Kit at Parbati-III PS,Not Yet Awarded,0,,,,,Unclassified,,,,,,,Unknown,NHPC,,Tender,https://www.nhpcindia.com/welcome/tender,,Official tender page,Not applicable,E,Fresh,,Unknown,T-0222aa20f11b,
Not Yet Awarded,,NHPC,GEM/2025/B/6381602,"Engagement of a PR agency for Strategic Communication focused on cultivating a positive public image for hydropower projects, with special emphasis on hydropower projects in Arunachal Pradesh to deal with local stakeholders of Upper Siang Multipurpose Storage Project (USMSP)",Not Yet Awarded,0,,,,,Unclassified,,Arunachal Pradesh,,,,,Unknown,NHPC,,Tender,https://www.nhpcindia.com/welcome/tender,,Official tender page,Not applicable,E,Fresh,,Unknown,T-6d828bef9a4a,
Not Yet Awarded,,NHPC,GEM/2025/B/6342587,Hiring of Service Engineer for Annual Maintenance and Servicing (AMC) of all Rexroth make Hydraulic systems of Hydro-Mechanical Equipments installed at Dam and SFT area of Uri-II Power Station,Not Yet Awarded,0,,,,,Hydro,,,,,,,Unknown,NHPC,,Tender,https://www.nhpcindia.com/welcome/tender,,Official tender page,Not applicable,E,Fresh,,Unknown,T-3cf84185e213,
Not Yet Awarded,,NHPC,GEM/2025/B/6295664,Purchase of Battery for 48V DC battery bank and Consumables spares for 48V /220 V DC battery bank at Uri- II Power House,Not Yet Awarded,0,,,,,Unclassified,,,,,,,Unknown,NHPC,,Tender,https://www.nhpcindia.com/welcome/tender,,Official tender page,Not applicable,E,Fresh,,Unknown,T-e6b99597f1ba,
Not Yet Awarded,,NHPC,2025_NHPC_ 864671 _1,Painting and maintenance of glass windows of Power House building at Power House Site of Parbati-H.E. Project (Stage-II) (Package No-C-817),Not Yet Awarded,0,,,,,Unclassified,,,,,,,Unknown,NHPC,,Tender,https://www.nhpcindia.com/welcome/tender,,Official tender page,Not applicable,E,Fresh,,Unknown,T-a9498df26c05,
Not Yet Awarded,,NHPC,GEM/2025/B/6304891,Cryogenic cleaning (dry ice cleaning) of stator and rotor winding of hydro generator of Salal Power,Not Yet Awarded,0,,,,,Hydro,,,,,,,Unknown,NHPC,,Tender,https://www.nhpcindia.com/welcome/tender,,Official tender page,Not applicable,E,Fresh,,Unknown,T-14b62e6b960e,
Not Yet Awarded,,NHPC,2025_NHPC_864157_1,"Works of Boundary survey &amp;amp; marking, Gates chain link fencing of PSS with compound walls and gates all around the periphery of Jalaun Solar Power Park under UMREPP in Jalaun district, U.P.",Not Yet Awarded,0,,,,,Solar,,,,,,,Unknown,NHPC,,Tender,https://www.nhpcindia.com/welcome/tender,,Official tender page,Not applicable,E,Fresh,,Unknown,T-a4c0c5735d62,
Not Yet Awarded,,NHPC,NIT No. NH/TSV/CONT/EC-162/NIT-1015/2025-26/24 Dated: 21/04/2025 & E-Tender No. 2025_NHPC_857224_1,Internal Electrification of re-constructed Control Room of 66/11KV Switchyard,Not Yet Awarded,0,,,,,Unclassified,,,,,,,Unknown,NHPC,,NIT,https://www.nhpcindia.com/welcome/tender,,Official tender page,Not applicable,E,Fresh,,Unknown,T-a527a95f95b0,
Not Yet Awarded,,NHPC,GEM/2025/B/6030038,"AMC of Rope Drum Hoists, Gantry &amp;amp; EOT Cranes of various Hydro Mechanical Components for period of two years",Not Yet Awarded,0,,,,,Hydro,,,,,,,Unknown,NHPC,,Tender,https://www.nhpcindia.com/welcome/tender,,Official tender page,Not applicable,E,Fresh,,Unknown,T-2a5cc9b74259,
Not Yet Awarded,,NHPC,GEM/2025/B/6032743 Dated: 13-03-2025,Replacement/Upgradation of Complete CO2 Fire Fighting System for 03 Nos. of hydro-generators of Sewa-II Power Station,Not Yet Awarded,0,,,,,Hydro,,,,,,,Unknown,NHPC,,Tender,https://www.nhpcindia.com/welcome/tender,,Official tender page,Not applicable,E,Fresh,,Unknown,T-eedd0880890d,
Not Yet Awarded,,NHPC,2025_NHPC_853040_1,Selection of Roof Top Developer for Setting up Grid Connected Solar Roof Top Plants at Various locations on government buildings in the state of Nagaland on RESCO Mode through Tariff-Based Competitive Bidding,Not Yet Awarded,0,,,,,Rooftop Solar,,Nagaland,,,,,Unknown,NHPC,,Tender,https://www.nhpcindia.com/welcome/tender,,Official tender page,Not applicable,E,Fresh,,Unknown,T-fd3cc2a91f77,
Not Yet Awarded,,NHPC,GEM/2025/B/6031101,Conducting Hydrographic Survey in the reservoir of Uri-II Power Station for the year 2025,Not Yet Awarded,0,,,,,Unclassified,,,,,,,Unknown,NHPC,,Tender,https://www.nhpcindia.com/welcome/tender,,Official tender page,Not applicable,E,Fresh,,Unknown,T-0a316697f821,
Not Yet Awarded,,NHPC,GEM/2025/B/6008423 Dated 06.03.2025,"Purchase of SF6 Gas Based Handling Unit (Recovery, Filling, Evacuation) for SF6 Gas Circuit Breakers at 132 kV Switchyard of Sewa-II Power House",Not Yet Awarded,0,,,,,Unclassified,,,,,,,Unknown,NHPC,,Tender,https://www.nhpcindia.com/welcome/tender,,Official tender page,Not applicable,E,Fresh,,Unknown,T-03d75d63ad81,
Not Yet Awarded,,NHPC,GEM/2025/B/5977173,"Servicing of different types of Hoist Arrangements, Gantry Cranes and EOT Crane of Hydro Mechanical Division installed at Rangit Power Station",Not Yet Awarded,0,,,,,Hydro,,,,,,,Unknown,NHPC,,Tender,https://www.nhpcindia.com/welcome/tender,,Official tender page,Not applicable,E,Fresh,,Unknown,T-1c2d029c27d2,
Not Yet Awarded,,NHPC,2025_NHPC_849419_1,"Supply, Installation, Testing and Commissioning of ABT type energy meters along with network creation for AMR (automatic meter reading) and supply of other indicating instruments for Power House of Parbati H.E. Project Stage-II. (Package No. C-800)",Not Yet Awarded,0,,,,,Unclassified,,,,,,,Unknown,NHPC,,Tender,https://www.nhpcindia.com/welcome/tender,,Official tender page,Not applicable,E,Fresh,,Unknown,T-88d9f8be8ab5,
Not Yet Awarded,,NHPC,2025_NHPC_848036_1,Selection of Roof Top Developer for Setting up Grid Connected Solar Roof Top Plants at Various locations on government buildings in the state of Haryana on RESCO Mode through Tariff-Based Competitive Bidding,Not Yet Awarded,0,,,,,Rooftop Solar,,Haryana,,,,,Unknown,NHPC,,Tender,https://www.nhpcindia.com/welcome/tender,,Official tender page,Not applicable,E,Fresh,,Unknown,T-20b15b38ae5a,
Not Yet Awarded,,NHPC,NH/TSV/Cont/RM-202/NIT-1000/2024-25/475 Dated : 14/02/2025,"Operation &amp; maintenance of sewage treatment plant (STP), collection of hydro meteorological data/Instrumentation data for Teesta-V.",Not Yet Awarded,0,,,,,Hydro,,,,,,,Unknown,NHPC,,NIT,https://www.nhpcindia.com/welcome/tender,,Official tender page,Not applicable,E,Fresh,,Unknown,T-77175682d0a2,
Not Yet Awarded,,NHPC,NH/TSV/Cont/RM-202/NIT-1000/2024-25/472 Dated: 13/02/2025,"Operation &amp; maintenance of sewage treatment plant (STP), collection of hydro meteorological data/Instrumentation data for Teesta-V.",Not Yet Awarded,0,,,,,Hydro,,,,,,,Unknown,NHPC,,NIT,https://www.nhpcindia.com/welcome/tender,,Official tender page,Not applicable,E,Fresh,,Unknown,T-dbe050648298,
Not Yet Awarded,,NHPC,2025_NHPC_846705_1,Selection of Roof Top Developer for Setting up Grid Connected Solar Roof Top Plants at Various locations on government buildings in the state of Manipur on RESCO Mode through Tariff-Based Competitive Bidding,Not Yet Awarded,0,,,,,Rooftop Solar,,Manipur,,,,,Unknown,NHPC,,Tender,https://www.nhpcindia.com/welcome/tender,,Official tender page,Not applicable,E,Fresh,,Unknown,T-f3cf4f6649a4,
Not Yet Awarded,,NHPC,NIT No: NH/TSV/Cont/RM-206/NIT-993/2024-25/337 Dated: 01/02/2025 GeM Bid No: GEM/2025/B/5898823,"Providing work assistance in collection, analysis &amp; recording of Hydro Metrological data and Dam Instrumentation data at Dam site of Teesta-V Power Station",Not Yet Awarded,0,,,,,Hydro,,,,,,,Unknown,NHPC,,NIT,https://www.nhpcindia.com/welcome/tender,,Official tender page,Not applicable,E,Fresh,,Unknown,T-59f103cdc5e4,
Not Yet Awarded,,NHPC,2025_NHPC_845421_1,Implementation of Rooftop Solar Projects on Government Buildings of allocated Central Ministries in RESCO Mode on Tariff-Based Competitive Bidding under PM Surya Ghar Muft Bijli Yojana (PMSG-MBY),Not Yet Awarded,0,,,,,Rooftop Solar,,,,,,,Unknown,NHPC,,Tender,https://www.nhpcindia.com/welcome/tender,,Official tender page,Not applicable,E,Fresh,,Unknown,T-941209f0d46e,
Not Yet Awarded,,NHPC,2025_NHPC_845756_1,"Construction of 15 meter height elevated steel staging and installation of 20,000 ltr water storage capacity PVC Tank with GI Pipe &amp;amp;amp;amp;amp;amp;amp;amp; fitting at 3rd bench of office cum Residential complex, Sawalkote HE Project",Not Yet Awarded,0,,,,,Unclassified,,,,,,,Unknown,NHPC,,Tender,https://www.nhpcindia.com/welcome/tender,,Official tender page,Not applicable,E,Fresh,,Unknown,T-70d1eb84d131,
Not Yet Awarded,,NHPC,2025_NHPC_842440_1,"Selection of Roof Top Developer for Setting up Solar Roof Top Plants at Various Departments of Law, Justice & Parliamentary Affairs, Jal Shakti, Irrigation & Flood Control, Forest, Ecology & Environment and Home in State of J&K through JAKEDA in RESCO Mode on Tariff-Based Competitive Bidding",Not Yet Awarded,0,,,,,Rooftop Solar,,Jammu and Kashmir,,,,,Unknown,NHPC,,Tender,https://www.nhpcindia.com/welcome/tender,,Official tender page,Not applicable,E,Fresh,,Unknown,T-20e0cbb409f8,
Not Yet Awarded,,NHPC,2025_NHPC_843297_1,Selection of Roof Top Developer for Setting up Grid Connected Solar Roof Top Plants at Various locations on government buildings in the state of Sikkim on RESCO Mode through Tariff-Based Competitive Bidding,Not Yet Awarded,0,,,,,Rooftop Solar,,Sikkim,,,,,Unknown,NHPC,,Tender,https://www.nhpcindia.com/welcome/tender,,Official tender page,Not applicable,E,Fresh,,Unknown,T-1e78dbc85b5c,
Not Yet Awarded,,NHPC,GEM/2024/B/5708461,Rotational Moulded Polyethylene Water Storage Tanks as per IS 12701 (Q3),Not Yet Awarded,0,,,,,Unclassified,,,,,,,Unknown,NHPC,,Tender,https://www.nhpcindia.com/welcome/tender,,Official tender page,Not applicable,E,Fresh,,Unknown,T-030ccd820493,
Not Yet Awarded,,NHPC,NH/DPS/CONT/NIT-229/2025/E129998 dated 17.01.2025,"Design, Manufacturing and replacement of HV and LV Windings of 48.33MVA, 11/400/√3 KV, single phase Generator transformer of Unit #2 R-Phase (S.No.217620-02) and repair as per scope of work”",Not Yet Awarded,0,,,,,Unclassified,,,,,,,Unknown,NHPC,,NIT,https://www.nhpcindia.com/welcome/tender,,Official tender page,Not applicable,E,Fresh,,Unknown,T-264766e5979b,
Not Yet Awarded,,NHPC,GEM/2025/B/5793707,"Procurement of Hydrogen Fuel Cell Electric Buses (3 Nos.) and its Comprehensive Maintenance Services for 3 Years for Leh, UT of Ladakh (2Nos.) & Chamba, Himachal Pradesh (1 No.)",Not Yet Awarded,0,,,,,Unclassified,,Himachal Pradesh,,,,,Unknown,NHPC,,Tender,https://www.nhpcindia.com/welcome/tender,,Official tender page,Not applicable,E,Fresh,,Unknown,T-0a0e1e4007ab,
Not Yet Awarded,,NHPC,NH/Sewa-II/Contracts/CW-668/2024/NIT-26/600 Dated: 09.01.2025,Repair and Re-commissioning of 05 nos. STP including supply of consumables and spares and two year annual maintenance contract (AMC) of 05 nos. STP at different locations (Mashka and Sarthali) of Sewa-II Power Station (CW-668)”,Not Yet Awarded,0,,,,,Unclassified,,,,,,,Unknown,NHPC,,NIT,https://www.nhpcindia.com/welcome/tender,,Official tender page,Not applicable,E,Fresh,,Unknown,T-d8f54c62f4f1,
Not Yet Awarded,,NHPC,GEM/2024/B/5755907,Up-keeping & Maintenance of Hydro-mechanical Equipments of Uri-2 Power Station,Not Yet Awarded,0,,,,,Hydro,,,,,,,Unknown,NHPC,,Tender,https://www.nhpcindia.com/welcome/tender,,Official tender page,Not applicable,E,Fresh,,Unknown,T-9ad07c51e519,
Not Yet Awarded,,NHPC,GEM/2025/B/5772589,"Supply, installation, testing and commissioning of total 171 Nos. 20W Solar Street Lights with all accessories.",Not Yet Awarded,0,,,,,Solar,,,,,,,Unknown,NHPC,,Tender,https://www.nhpcindia.com/welcome/tender,,Official tender page,Not applicable,E,Fresh,,Unknown,T-423efcf3de47,
Not Yet Awarded,,NHPC,2024_NHPC_838781_1,Development of Rooftop Solar Power Projects on Buildings of NHPC Limited in Zone-IV (North East Power Stations) under PM Surya Ghar: Muft Bijli Yojana,Not Yet Awarded,0,,,,,Rooftop Solar,,,,,,,Unknown,NHPC,,Tender,https://www.nhpcindia.com/welcome/tender,,Official tender page,Not applicable,E,Fresh,,Unknown,T-2044a8e4f03e,
Not Yet Awarded,,NHPC,"NH/SPS/CD/NIT-12/2024-25/959-968, Dated: 14/12/2024 (2024_NHPC_ 839772_1)",Scientific Cleaning of water storage tanks related to water supply at Salal Power Station,Not Yet Awarded,0,,,,,Unclassified,,,,,,,Unknown,NHPC,,NIT,https://www.nhpcindia.com/welcome/tender,,Official tender page,Not applicable,E,Fresh,,Unknown,T-f8a5f63a574a,
Not Yet Awarded,,NHPC,2024_NHPC_839766_1,"Vibration analysis and dynamic balancing of all three hydro-generating units of Kishanganga Power Station, Bandipora, J&amp;K (PKG-519).",Not Yet Awarded,0,,,,,Hydro,,,,,,,Unknown,NHPC,,Tender,https://www.nhpcindia.com/welcome/tender,,Official tender page,Not applicable,E,Fresh,,Unknown,T-82d8b54eeb4d,
Not Yet Awarded,,NHPC,NH/Sewa-II/Contracts/MW-665/2024/NIT-24/566 Dated: 14.12.2024,"Procurement, Manufacturing, Supply, Erection, Testing and Commissioning of new expansion joint at AB-10 anchor block etc. complete in all respect at Sewa-II Power Station, Mashka, DIstt.-Kathua(J&amp;amp;K) (MW-665)",Not Yet Awarded,0,,,,,Unclassified,,,,,,,Unknown,NHPC,,NIT,https://www.nhpcindia.com/welcome/tender,,Official tender page,Not applicable,E,Fresh,,Unknown,T-d50acba181e8,
Not Yet Awarded,,NHPC,GEM/2024/B/5686648 DATED 10.12.2024,"Re-certification of ISO 9001:2015, ISO 14001:2015 & ISO 45001:2018 (Latest Edition) for 03 Years, Regional Office, NHPC Limited, Banikhet.",Not Yet Awarded,0,,,,,Unclassified,,,,,,,Unknown,NHPC,,Tender,https://www.nhpcindia.com/welcome/tender,,Official tender page,Not applicable,E,Fresh,,Unknown,T-165dcbbb0d79,
Not Yet Awarded,,NHPC,GEM/2024/B/5676331,Purchase of spare control cards for battery chargers installed at Parbati-III Power station,Not Yet Awarded,0,,,,,Unclassified,,,,,,,Unknown,NHPC,,Tender,https://www.nhpcindia.com/welcome/tender,,Official tender page,Not applicable,E,Fresh,,Unknown,T-0c09b376822a,
Not Yet Awarded,,NHPC,LTHPL/TSVI/PnC/NIT-34/2024/483,"Cleaning of jungle (bushes), removal of deposited soil and providing re-Connection of water supply pipe line from main storage water tank to Field Hostel, Type-C and administrative building at Pamphok, Teesta-VI H E Project, Sikkim",Not Yet Awarded,0,,,,,Unclassified,,Sikkim,,,,,Unknown,NHPC,,NIT,https://www.nhpcindia.com/welcome/tender,,Official tender page,Not applicable,E,Fresh,,Unknown,T-47d47fd0a74e,
Not Yet Awarded,,NHPC,NH/CPS-1/P&C/W-1445/2024-25/598 Dated: 27/11/2024,Re-tubing and Repairing of Thrust bearing oil Cooler of Chamera-1 Power Station,Not Yet Awarded,0,,,,,Unclassified,,,,,,,Unknown,NHPC,,Tender,https://www.nhpcindia.com/welcome/tender,,Official tender page,Not applicable,E,Fresh,,Unknown,T-0f31bfc63167,
Not Yet Awarded,,NHPC,GEM/2024/B/5502670,Purchase of Stator Coils (TOSHIBA make) for 189 MVA Hydro Generator of Teesta-V Power Station .,Not Yet Awarded,0,,,,,Hydro,,,,,,,Unknown,NHPC,,Tender,https://www.nhpcindia.com/welcome/tender,,Official tender page,Not applicable,E,Fresh,,Unknown,T-bcab99c95ddd,
Not Yet Awarded,,NHPC,NIT No. NH/TSV/CONT/EC-129/NIT- 973/2024-25/332 Dated: 15/11/2024 & E-Tender id: 2024_NHPC_834734_1,"Re-construction of 11 by 0.415 KV Electrical Sub-station along with HT line, HT and LT Panels, and other associated works, at Dikchu Dam site of Teesta-V Power Station NHPC Ltd, damaged due to land slide",Not Yet Awarded,0,,,,,Unclassified,,,,,,,Unknown,NHPC,,NIT,https://www.nhpcindia.com/welcome/tender,,Official tender page,Not applicable,E,Fresh,,Unknown,T-997299a07105,
Not Yet Awarded,,NHPC,"GEM/2024/B/5546207, Dated: 28-10-2024",Purchase of various types of Hydromechanical gate rubber seals,Not Yet Awarded,0,,,,,Unclassified,,,,,,,Unknown,NHPC,,Tender,https://www.nhpcindia.com/welcome/tender,,Official tender page,Not applicable,E,Fresh,,Unknown,T-24cab9c1f9d6,
Not Yet Awarded,,NHPC,NH/TSV/Cont/RM-202/NIT-961/2024-25/267 Dated: 22/10/2024,"Operation &amp;amp;amp;amp; maintenance of sewage treatment plant (STP), collection of hydro meteorological data/Instrumentation data for Teesta-V PS",Not Yet Awarded,0,,,,,Hydro,,,,,,,Unknown,NHPC,,NIT,https://www.nhpcindia.com/welcome/tender,,Official tender page,Not applicable,E,Fresh,,Unknown,T-5c4255d16d24,
Not Yet Awarded,,NHPC,NH/Sewa-II/Contracts/CSR-658/2024/NIT-17/503 Dated: 16.10.2024,"Construction of a Pucca Footpath (Tiles) at Ward No. 8 Mashka, near NHPC Sewa-II Power Project (Approx 100mtr from the Switchyard (CSR-658)”",Not Yet Awarded,0,,,,,Unclassified,,,,,,,Unknown,NHPC,,NIT,https://www.nhpcindia.com/welcome/tender,,Official tender page,Not applicable,E,Fresh,,Unknown,T-ad3872d9dac2,
Not Yet Awarded,,NHPC,E-FILE-127784/2024-25/23,"Cleaning and disinfecting of water storage tanks for water supply system of township and others locations of CPS-II, Karian, Chamba (E-FILE-127784)",Not Yet Awarded,0,,,,,Unclassified,,,,,,,Unknown,NHPC,,Tender,https://www.nhpcindia.com/welcome/tender,,Official tender page,Not applicable,E,Fresh,,Unknown,T-39538bc56589,
Not Yet Awarded,,NHPC,NH/BSPS/CC/HM/33/2024-25/296,"Annual Maintenance of Hydro Mechanical equipment/gates installed at Baira Dam, Bhaledh Trench, Siul Weir and TRC gates, PRV gate at Power House Complex",Not Yet Awarded,0,,,,,Hydro,,,,,,,Unknown,NHPC,,Tender,https://www.nhpcindia.com/welcome/tender,,Official tender page,Not applicable,E,Fresh,,Unknown,T-2318a4eadcd8,
Not Yet Awarded,,NHPC,NH/CCW/CC-I/CO-339/PR16924/11 dt. 17.09.2024,Development of Rooftop Solar Power Projects on Buildings of NHPC Limited at the various locations under PM Surya Ghar: Muft Bijli Yojana,Not Yet Awarded,0,,,,,Rooftop Solar,,,,,,,Unknown,NHPC,,Tender,https://www.nhpcindia.com/welcome/tender,,Official tender page,Not applicable,E,Fresh,,Unknown,T-379df33e02c9,
Not Yet Awarded,,NHPC,GEM/2024/B/5418139 Dated: 28-09-2024,"Supply, fixing/assembling / testing and on site re-tubing of Generator Plug in oil coolers for combined bearing (thrust and upper guide) of Sewa-II Power Station.",Not Yet Awarded,0,,,,,Unclassified,,,,,,,Unknown,NHPC,,Tender,https://www.nhpcindia.com/welcome/tender,,Official tender page,Not applicable,E,Fresh,,Unknown,T-bb2432fafa11,
Not Yet Awarded,,NHPC,2024_NHPC_826286_1,"Supply, installation and commissioning of 65 nos. 30 Watt solar street light complete and accessories for making functional 30 nos. existing non-functional solar street lights of KGPS colony, Bandipora (PKG-498).",Not Yet Awarded,0,,,,,Solar,,,,,,,Unknown,NHPC,,Tender,https://www.nhpcindia.com/welcome/tender,,Official tender page,Not applicable,E,Fresh,,Unknown,T-31bcb0ccde9a,
Not Yet Awarded,,NHPC,GEM/2024/B/5354865 Dated 11.09.2024,Annual Maintenance Contract (AMC) for 02 years of 220Volt DC & 48 Volt DC Battery Chargers of Sewa-II Power Station (SC-648),Not Yet Awarded,0,,,,,Unclassified,,,,,,,Unknown,NHPC,,Tender,https://www.nhpcindia.com/welcome/tender,,Official tender page,Not applicable,E,Fresh,,Unknown,T-1a2e98b82774,
Not Yet Awarded,,NHPC,NH/CPS-1/P&C/W-1462/2024-25/483 Dated:09/09/2024 (GEM/2024/B/5376538),Providing services for the testing of cable anchors for residual stress and re-stressing the same to required level (to 420 Kg/sq.cm pressure) complete in all respect.,Not Yet Awarded,0,,,,,Unclassified,,,,,,,Unknown,NHPC,,Tender,https://www.nhpcindia.com/welcome/tender,,Official tender page,Not applicable,E,Fresh,,Unknown,T-6b9fb4b51c2f,
Not Yet Awarded,,NHPC,NH/Sewa-II/Contracts/MW-649/2024/NIT-12/452 Dated: 07.09.2024,"Replacement of Maintenance and Service Seal of MIV of 01 nos Generating Unit of Sewa-II Power Station, Mashka, Distt.-Kathua (J&K) (MW-649)",Not Yet Awarded,0,,,,,Unclassified,,Jammu and Kashmir,,,,,Unknown,NHPC,,NIT,https://www.nhpcindia.com/welcome/tender,,Official tender page,Not applicable,E,Fresh,,Unknown,T-f4dc3766007f,
Not Yet Awarded,,NHPC,NH/Sewa-II/Contracts/MW-652/2024/NIT-11/447 Dated: 04.09.2024,"Dewatering of surface penstock at two (02) locations during replacement of expansion joint at Sewa-II Power Station, Mashka, Distt.-Kathua (J&K) (MW-652)",Not Yet Awarded,0,,,,,Unclassified,,Jammu and Kashmir,,,,,Unknown,NHPC,,NIT,https://www.nhpcindia.com/welcome/tender,,Official tender page,Not applicable,E,Fresh,,Unknown,T-bf9ac71b975d,
Not Yet Awarded,,NHPC,NH/TSV/Cont/RM-191/NIT-948/2024-25/179 Dated: 03/09/2024,Providing services for Routine Electrical Maintenance work of Electro- mechanical systems of Teesta-V Power House excluding Annual /Capital Maintenance works of Units and associated system for smooth running of (3 x170 )MW generating units and Associated,Not Yet Awarded,0,,,,,Unclassified,,,,,,,Unknown,NHPC,,NIT,https://www.nhpcindia.com/welcome/tender,,Official tender page,Not applicable,E,Fresh,,Unknown,T-edbf433c525a,
Not Yet Awarded,,NHPC,GEM/2024/B/5249654 Dated 06.08.2024,Cleaning of water storage tanks at various locations of Sewa-II Power Station (For 02 years) (SC-637),Not Yet Awarded,0,,,,,Unclassified,,,,,,,Unknown,NHPC,,Tender,https://www.nhpcindia.com/welcome/tender,,Official tender page,Not applicable,E,Fresh,,Unknown,T-4a20d62b6be2,
Not Yet Awarded,,NHPC,LTHPL/TSVI/PNC/NIT-34/2024/454,"Cleaning of jungle (bushes), removal of deposited soil and providing re-Connection of water supply pipe line from main storage water tank to Field Hostel, Type-C and administrative building at Pamphok, Teesta-VI H E Project, Sikkim.",Not Yet Awarded,0,,,,,Unclassified,,Sikkim,,,,,Unknown,NHPC,,NIT,https://www.nhpcindia.com/welcome/tender,,Official tender page,Not applicable,E,Fresh,,Unknown,T-5017d0c6c9b5,
Not Yet Awarded,,NHPC,GEM/2024/B/4981105,"Upgradation of 04 no’s work stations of SCADA (Windows 7 Professional to Windows 10 with software to be provided by OEM) installed at Power House Control Room of Kishanganga Power Station,Bandipora",Not Yet Awarded,0,,,,,Unclassified,,,,,,,Unknown,NHPC,,Tender,https://www.nhpcindia.com/welcome/tender,,Official tender page,Not applicable,E,Fresh,,Unknown,T-b108825b1a8b,
Not Yet Awarded,,NHPC,NH/CPS-1/P&C/W-1445/2024-25/268 Dated:- 28/06/2024,Re-tubing and Repairing of Thrust bearing oil Cooler of Chamera-1 Power Station.,Not Yet Awarded,0,,,,,Unclassified,,,,,,,Unknown,NHPC,,Tender,https://www.nhpcindia.com/welcome/tender,,Official tender page,Not applicable,E,Fresh,,Unknown,T-c8f53b303f1d,
Not Yet Awarded,,NHPC,2024_NHPC_812702_1,"Package-6, Modification of Diversion Tunnel into Tunnel Spillway Arrangement - Civil & HM Works (Tunnel Spillway, Adit to GOC, GOC Gate Shaft, Inlet Bell Mouth, Outlet Concrete Dyke and Energy Dissipation Arrangement) for Teesta-V Power Station, Sikkim",Not Yet Awarded,0,,,,,Unclassified,,Sikkim,,,,,Unknown,NHPC,,Tender,https://www.nhpcindia.com/welcome/tender,,Official tender page,Not applicable,E,Fresh,,Unknown,T-c0a8788305e9,
Not Yet Awarded,,NHPC,NH-RPS-PH012(13)/5/2023-PH/34,"Re-tubing of old and used Generator coolers (07 nos. stator air coolers, 04 nos. LGB coolers and 08 nos. UGB coolers).",Not Yet Awarded,0,,,,,Unclassified,,,,,,,Unknown,NHPC,,Tender,https://www.nhpcindia.com/welcome/tender,,Official tender page,Not applicable,E,Fresh,,Unknown,T-ef1d92f9d89b,
Not Yet Awarded,,NHPC,GEM/2024/B/4916736,Consultancy Services for Preparation of Pre-Feasibility Reports (PFR) for two pumped storage projects in Maharashtra (Kalu PSP) and Tripura (Longthrai PSP,Not Yet Awarded,0,,,,,Pumped Storage,,Maharashtra,,,,,Unknown,NHPC,,Tender,https://www.nhpcindia.com/welcome/tender,,Official tender page,Not applicable,E,Fresh,,Unknown,T-5885257d0ea3,
Not Yet Awarded,,NHPC,GEM/2024/B/4823850,"Supply, installation, testing and commissioning of license free Walkie Talkie sets (Make: Skyfone , Model :S-111) including charger, battery, clip etc. & spare battery for license free Walkie Talkie sets of Make: Skyfone , Model :S-111",Not Yet Awarded,0,,,,,Unclassified,,,,,,,Unknown,NHPC,,Tender,https://www.nhpcindia.com/welcome/tender,,Official tender page,Not applicable,E,Fresh,,Unknown,T-1c8ff91df3b5,
Not Yet Awarded,,NHPC,NH/DPS/CONT/NIT-182/2024/E113767 dated 06.04.2024,Hydrographic Survey upto 32.50 km downstream of Dul Dam in Chenab river for Dam Break Analysis / Flood Routing and preparation of Inundation Map (for EAP),Not Yet Awarded,0,,,,,Unclassified,,,,,,,Unknown,NHPC,,NIT,https://www.nhpcindia.com/welcome/tender,,Official tender page,Not applicable,E,Fresh,,Unknown,T-ff16a4b6d684,
Not Yet Awarded,,NHPC,NH/DPS/CONT/NIT-181/2024/E111134 dated 05.04.2024,"Hydrographic Survey of Dul Dam Reservoir & Cross Section for EWS at DPS, Kishtwar for year 2024 and year 2025",Not Yet Awarded,0,,,,,Unclassified,,,,,,,Unknown,NHPC,,NIT,https://www.nhpcindia.com/welcome/tender,,Official tender page,Not applicable,E,Fresh,,Unknown,T-473a0fe18d7a,
Not Yet Awarded,,NHPC,NH/Sewa-II/Contracts/MW-609/2023/NIT-25/296 Dated 21.03.2024,"Supply, Installation, Testing and Commissioning of Fire Fighting and Protection System of Oil Pumping Units of MIV and Governor installed in Power House of Sewa-II Power Station, Mashka, Distt.-Kathua (JK) (MW-609)",Not Yet Awarded,0,,,,,Unclassified,,,,,,,Unknown,NHPC,,NIT,https://www.nhpcindia.com/welcome/tender,,Official tender page,Not applicable,E,Fresh,,Unknown,T-c71ed221fcba,
Not Yet Awarded,,NHPC,NH/Sewa-II/Contracts/MW-599/2024/NIT-23/277 Dtd. 02.03.2024,"Procurement, Manufacturing, Supply, Erection, Testing and Commissioning of new expansion joint at AB-10 anchor block etc. complete in all respect at Sewa-II Power Station, Mashka, Distt.-Kathua (JK) (MW-599)",Not Yet Awarded,0,,,,,Unclassified,,,,,,,Unknown,NHPC,,NIT,https://www.nhpcindia.com/welcome/tender,,Official tender page,Not applicable,E,Fresh,,Unknown,T-df4046d9f847,
Not Yet Awarded,,NHPC,NH/SPS/CD/NIT-27/2023-24/1043-53 dt 24-02-2024 (Tender ID 2024_NHPC_797413_1 ),Hydrographic survey of Salal Dam reservoir at Dhyangarh for year 2024-25,Not Yet Awarded,0,,,,,Unclassified,,,,,,,Unknown,NHPC,,NIT,https://www.nhpcindia.com/welcome/tender,,Official tender page,Not applicable,E,Fresh,,Unknown,T-eb591d6556c2,
Not Yet Awarded,,NHPC,GEM/2024/B/4531978,“Providing assistance services for hydro meteorological work of Dibang Multipurpose Project at various G&D sites and rain gauge stations”,Not Yet Awarded,0,,,,,Hydro,,,,,,,Unknown,NHPC,,Tender,https://www.nhpcindia.com/welcome/tender,,Official tender page,Not applicable,E,Fresh,,Unknown,T-39d358604030,
Not Yet Awarded,,NHPC,GEM/2024/B/4545138,"“ Supply, installation, testing and commissioning of license free Walkie Talkie sets (Make: Skyfone , Model :S-111) including charger, battery, clip etc. & spare battery for license free Walkie Talkie sets of Make: Skyfone , Model :S-111”,",Not Yet Awarded,0,,,,,Unclassified,,,,,,,Unknown,NHPC,,Tender,https://www.nhpcindia.com/welcome/tender,,Official tender page,Not applicable,E,Fresh,,Unknown,T-01d49b9405c6,
Not Yet Awarded,,NHPC,NH/Sewa-II/Contracts/MW-609/2023/NIT-21/239 Dated 25.01.2024,"Supply, Installation, Testing and Commissioning of Fire Fighting and Protection System of Oil Pumping Units of MIV and Governor installed in Power House of Sewa-II Power Station, Mashka, Distt.-Kathua (J&K) (MW-609)",Not Yet Awarded,0,,,,,Unclassified,,Jammu and Kashmir,,,,,Unknown,NHPC,,NIT,https://www.nhpcindia.com/welcome/tender,,Official tender page,Not applicable,E,Fresh,,Unknown,T-f0d8d6119742,
Not Yet Awarded,,NHPC,NH/SPS/CD/NIT-21/2023-24/909-919 (Tender ID 2024_NHPC_791247_1),"Re-Wiring of Admin Building-II (GM Office) at Salal Power Station, Jyotipuram",Not Yet Awarded,0,,,,,Unclassified,,,,,,,Unknown,NHPC,,NIT,https://www.nhpcindia.com/welcome/tender,,Official tender page,Not applicable,E,Fresh,,Unknown,T-2f090e422def,
Not Yet Awarded,,NHPC,2024_NHPC_791388_1,"Comprehensive AMC of Window/ Split/ Cassette Type Air Conditioners & Water Coolers in NHPC Residential Complex, Sector-41, Faridabad for Two Years.",Not Yet Awarded,0,,,,,Unclassified,,,,,,,Unknown,NHPC,,Tender,https://www.nhpcindia.com/welcome/tender,,Official tender page,Not applicable,E,Fresh,,Unknown,T-973f98d8eb95,
Not Yet Awarded,,NHPC,2023_NHPC_775293_1,"Engineering, Procurement & Construction (EPC) Contract for Setting up of Pilot Project for Green Hydrogen based Mobility Station at District- Chamba, Himachal Pradesh along with Comprehensive O&M of 03 Years",Not Yet Awarded,0,,,,,Green Hydrogen / Derivatives,,Himachal Pradesh,,,,,Unknown,NHPC,,Tender,https://www.nhpcindia.com/welcome/tender,,Official tender page,Not applicable,E,Fresh,,Unknown,T-ff0074150374,
Not Yet Awarded,,NHPC,2024_NHPC_788618_2,Expression of Interest (EOI) From Any Indian/Global Company FOR “Empanelment with NHPC Ltd regarding the Development of Offshore Wind Power Projects in India”,Not Yet Awarded,0,,,,,Wind,,,,,,,Unknown,NHPC,,EOI,https://www.nhpcindia.com/welcome/tender,,Official tender page,Not applicable,E,Fresh,,Unknown,T-81c8e3b84bf8,
Not Yet Awarded,,NHPC,NH/TSV/Cont/EC-129/NIT-885/2023-24/785 Dated : 04/01/2024,"Re-construction of 11/0.415 KV Electrical Sub-station along with HT line, HT & LT Panels, and other associated works, at Dikchu Dam site of Teesta-V Power Station NHPC Ltd, damaged due to land slide",Not Yet Awarded,0,,,,,Unclassified,,,,,,,Unknown,NHPC,,NIT,https://www.nhpcindia.com/welcome/tender,,Official tender page,Not applicable,E,Fresh,,Unknown,T-ab71659c4c5c,
Not Yet Awarded,,NHPC,NH/SLP/CONT/2023/C-15/NIT/786 दिनांक : 29/12/2023,"Supply, erection, testing and commissioning of 11 kV overhead line with Aerial bunched cables from Y-Junction to Dam Intake of NHPC Subansiri Lower Hydroelectric Project, Dollungmukh, Arunachal Pradesh",Not Yet Awarded,0,,,,,Hydro,,Arunachal Pradesh,,,,,Unknown,NHPC,,NIT,https://www.nhpcindia.com/welcome/tender,,Official tender page,Not applicable,E,Fresh,,Unknown,T-45aead237a82,
Not Yet Awarded,,NHPC,NH/Sewa-II/Contracts/MW-599/2023/NIT-19/202 Dated 18.12.2023,"Procurement, Manufacturing, Supply, Erection, Testing and Commissioning of new expansion joint at AB-10 anchor block etc complete in all respect at Sewa-II Power Station, Mashka, Distt.-Kathua (J&K) (MW-599)",Not Yet Awarded,0,,,,,Unclassified,,Jammu and Kashmir,,,,,Unknown,NHPC,,NIT,https://www.nhpcindia.com/welcome/tender,,Official tender page,Not applicable,E,Fresh,,Unknown,T-b908284efe00,
Not Yet Awarded,,NHPC,NH/Sewa-II/Contracts/MW-603/2023/NIT-18/201 Dated 18.12.2023,"Repair of oil pipe line, pressure testing, condenser coil cleaning and SITC of DYNA View display of Trane make Chillers (RTAC-200) installed at Sewa-II Power House (MW-603)",Not Yet Awarded,0,,,,,Unclassified,,,,,,,Unknown,NHPC,,NIT,https://www.nhpcindia.com/welcome/tender,,Official tender page,Not applicable,E,Fresh,,Unknown,T-60734b983656,
Not Yet Awarded,,NHPC,2023_NHPC_779974_1,"Re-drilling and washing of drainage holes in drainage gallery of power house, CPS-1.",Not Yet Awarded,0,,,,,Unclassified,,,,,,,Unknown,NHPC,,Tender,https://www.nhpcindia.com/welcome/tender,,Official tender page,Not applicable,E,Fresh,,Unknown,T-d5c769318c3a,
Not Yet Awarded,,NHPC,NH/TSV/Cont/EC-146/NIT-871/2023-24/698 Dated: 03/11/2023,"Supply and Installation of spares for 01 No. Battery Charger rating 220 SP10 FCBC, HBL make for Teesta-V Power Station",Not Yet Awarded,0,,,,,Unclassified,,,,,,,Unknown,NHPC,,NIT,https://www.nhpcindia.com/welcome/tender,,Official tender page,Not applicable,E,Fresh,,Unknown,T-e5dd2e9701ca,
Not Yet Awarded,,NHPC,GEM/2023/B/4099214,Conducting Post monsoon Hydrographic survey in the reservoir of Uri-II Power Station,Not Yet Awarded,0,,,,,Unclassified,,,,,,,Unknown,NHPC,,Tender,https://www.nhpcindia.com/welcome/tender,,Official tender page,Not applicable,E,Fresh,,Unknown,T-c78c1031c4f5,
Not Yet Awarded,,NHPC,NH/SLP/CONT/2023/C-15/NIT/639,"Supply, erection, testing and commissioning of 11 kV overhead line with Aerial bunched cables from Y-Junction to Dam Intake of NHPC Subansiri Lower Hydroelectric Project, Dollungmukh, Arunachal Pradesh",Not Yet Awarded,0,,,,,Hydro,,Arunachal Pradesh,,,,,Unknown,NHPC,,NIT,https://www.nhpcindia.com/welcome/tender,,Official tender page,Not applicable,E,Fresh,,Unknown,T-27af1087145d,
Not Yet Awarded,,NHPC,NH/SLP/CONT/2023/C-32/NIT/609,"Supply, Erection, Testing and Commissioning of Street Light along road from Volvo Point to NHPC main gate(CISF check gate) and in between Field Hostels-I&II;, NHPC Colony, Subansiri Lower Hydroelectric Project, Gerukamukh, Assam",Not Yet Awarded,0,,,,,Hydro,,Assam,,,,,Unknown,NHPC,,NIT,https://www.nhpcindia.com/welcome/tender,,Official tender page,Not applicable,E,Fresh,,Unknown,T-4d82c26e400d,
Not Yet Awarded,,NHPC,NH/BSPS/CC/CW/23/2023-24/194,"Cleaning and Disinfection of Storage Water Tanks for Water Supply and Distribution System of Township at BSPS, Surangani for a period of Two Years",Not Yet Awarded,0,,,,,Unclassified,,,,,,,Unknown,NHPC,,Tender,https://www.nhpcindia.com/welcome/tender,,Official tender page,Not applicable,E,Fresh,,Unknown,T-6c80cac78597,
Not Yet Awarded,,NHPC,GEM/2023/B/3961229,Engagement of consultant for Survey and Investigation and preparation of Evaluation report of Potential Floating Solar Capacities on the selected Reservoirs/water Bodies in the State of Maharashtra,Not Yet Awarded,0,,,,,Floating Solar,,Maharashtra,,,,,Unknown,NHPC,,Tender,https://www.nhpcindia.com/welcome/tender,,Official tender page,Not applicable,E,Fresh,,Unknown,T-24ad089cf0b2,
Not Yet Awarded,,NHPC,NH/Sewa-II/Contracts/CW-596/2023/NIT-10/108 Dated 13.09.2023,"Construction of 2 Nos. Shed for storage of lubricants and boundary wall at Power House Complex of Sewa-II Power Station, Mashka, Distt.-Kathua (J&K) (CW-596)",Not Yet Awarded,0,,,,,Unclassified,,Jammu and Kashmir,,,,,Unknown,NHPC,,NIT,https://www.nhpcindia.com/welcome/tender,,Official tender page,Not applicable,E,Fresh,,Unknown,T-a7170b5639e6,
Not Yet Awarded,,NHPC,NH/SPS/CD/NIT-08/2023-24/311-320,Scientific Cleaning of Water Storage Tanks related to water supply at Jyotipuram,Not Yet Awarded,0,,,,,Unclassified,,,,,,,Unknown,NHPC,,NIT,https://www.nhpcindia.com/welcome/tender,,Official tender page,Not applicable,E,Fresh,,Unknown,T-4067d1327614,
Not Yet Awarded,,NHPC,2023_NHPC_766479_,Vibration analysis and dynamic balancing of hydro-generating units of Kishanganga Power Station (PKG-437).,Not Yet Awarded,0,,,,,Hydro,,,,,,,Unknown,NHPC,,Tender,https://www.nhpcindia.com/welcome/tender,,Official tender page,Not applicable,E,Fresh,,Unknown,T-86e44d93912e,
Not Yet Awarded,,NHPC,2023_NHPC_763642_1,Installation of Underground Diesel Storage Tank at DAM Site of Kishanganga Power Station (PKG-435).,Not Yet Awarded,0,,,,,Unclassified,,,,,,,Unknown,NHPC,,Tender,https://www.nhpcindia.com/welcome/tender,,Official tender page,Not applicable,E,Fresh,,Unknown,T-11f39d74fbfc,
Not Yet Awarded,,NHPC,NH/PPS-III/NIT/PR11923/67/1/126 Dated: 22/07/2023,"Re-babbitting of Thrust bearing pads, TGB, LGB & UGB pads (1 Set each) of Parbati-III Power Station",Not Yet Awarded,0,,,,,Unclassified,,,,,,,Unknown,NHPC,,NIT,https://www.nhpcindia.com/welcome/tender,,Official tender page,Not applicable,E,Fresh,,Unknown,T-c47d9511e240,
Not Yet Awarded,,NHPC,NH/Sewa-II/Contracts/MW-579/2023/NIT-06/59,Re-babbitting & Machining of 08 No.UGB (Upper Guide Bearing) Pad of Sewa-II Power Station (MW-579),Not Yet Awarded,0,,,,,Unclassified,,,,,,,Unknown,NHPC,,NIT,https://www.nhpcindia.com/welcome/tender,,Official tender page,Not applicable,E,Fresh,,Unknown,T-7c5627a15730,
Not Yet Awarded,,NHPC,एनएच/सेवा-II/संविदा/MW-582/2023/एनआईटी-04/54 दिनांक 29 जून 2023,Repair of MIV Servomotor of Sewa-II Power Station (MW-582),Not Yet Awarded,0,,,,,Unclassified,,,,,,,Unknown,NHPC,,Tender,https://www.nhpcindia.com/welcome/tender,,Official tender page,Not applicable,E,Fresh,,Unknown,T-251aa9b2b73b,
Not Yet Awarded,,NHPC,2023_NHPC_734424_1,Lot-5C Hydromechanical works Package for Pressure Shaft Steel Liners of Dibang Multipurpose Project,Not Yet Awarded,0,,,,,Unclassified,,,,,,,Unknown,NHPC,,Tender,https://www.nhpcindia.com/welcome/tender,,Official tender page,Not applicable,E,Fresh,,Unknown,T-630e7dd38182,
Not Yet Awarded,,NHPC,2023_NHPC_755417_1,"EPC Contract for Setting up of Pilot Project for Green Hydrogen based Mobility Station at Kargil, UT of Ladakh",Not Yet Awarded,0,,,,,Green Hydrogen / Derivatives,,Ladakh,,,,,Unknown,NHPC,,Tender,https://www.nhpcindia.com/welcome/tender,,Official tender page,Not applicable,E,Fresh,,Unknown,T-788aac866ad3,
Not Yet Awarded,,NHPC,GEM/2023/B/3466410,Routine Maintenance of Hydro Mechanical Equipments of Uri-II Power Station,Not Yet Awarded,0,,,,,Hydro,,,,,,,Unknown,NHPC,,Tender,https://www.nhpcindia.com/welcome/tender,,Official tender page,Not applicable,E,Fresh,,Unknown,T-bf33ac70ccbe,
Not Yet Awarded,,NHPC,NH/SLP/CONT/2023/C-15/NIT/529,"Supply, erection, testing and commissioning of 11 kV overhead line with Aerial bunched cables from Y-Junction to Dam Intake of NHPC Subansiri Lower Hydroelectric Project, Dollungmukh, Arunachal Pradesh.",Not Yet Awarded,0,,,,,Hydro,,Arunachal Pradesh,,,,,Unknown,NHPC,,NIT,https://www.nhpcindia.com/welcome/tender,,Official tender page,Not applicable,E,Fresh,,Unknown,T-2bb9d82a07a1,
Not Yet Awarded,,NHPC,NH/TSV/Cont/EC-129/NIT-795,"Re-construction of 11/0.415 KV Electrical Sub-station along with HT line, HT & LT Panels, and other associated works, at Dikchu Dam site of Teesta-V Power Station NHPC Ltd, damaged due to land slide",Not Yet Awarded,0,,,,,Unclassified,,,,,,,Unknown,NHPC,,NIT,https://www.nhpcindia.com/welcome/tender,,Official tender page,Not applicable,E,Fresh,,Unknown,T-37e243934523,
Not Yet Awarded,,NHPC,Test11111,Lot-5C Hydromechanical works Package for Pressure Shaft Steel Liners of Dibang Multipurpose Project,Not Yet Awarded,0,,,,,Unclassified,,,,,,,Unknown,NHPC,,Tender,https://www.nhpcindia.com/welcome/tender,,Official tender page,Not applicable,E,Fresh,,Unknown,T-0accb6815d77,
