TenderKey,Authority,Project Name,Technology,Capacity MW,State,Due Date,Status,Source URL,Tender Ref No,Tender Type,Published Date,Days Left,Capacity Raw,Is Renewable,First Seen,Last Seen,Notes
2340251f1369,SECI,RfS for setting up 5320 kW Grid-Connected Rooftop Solar PV Project under RESCO mode (RTSPV-Tranche-XII),Rooftop Solar,5.32,,2026-08-31,Closed,https://www.seci.co.in/tender-details/YmRy,SECI/C&P/IPP/11/0007/26-27,RfS,2026-07-27,-4,5320 kW,Yes,2026-09-04,2026-09-04,NEW
784605598a1f,SECI,"Selection of Agency for conducting Gap Assessment for compliance with Digital Personal Data Protection Act, 2023 at SECI",Unclassified,,,2026-08-31,Closed,https://www.seci.co.in/tender-details/YmV2,GEM/2026/B/7897394,Tender,2026-08-10,-4,,No,2026-09-04,2026-09-04,NEW
8f1494aaf9b2,SECI,"The procurement of Phasor Measurement Unit (PMU) for 100 MW SPV with 40 MW/120 MWh BESS Project at Rajnandgaon, Chhattisgarh",Solar + Storage,100.0,Chhattisgarh,2026-09-03,Closed,https://www.seci.co.in/tender-details/YmR-,GEM/2026/B/7883396,Tender,2026-08-06,-1,100 MW,Yes,2026-09-04,2026-09-04,NEW
5e9b7edc2288,SECI,RfS for assured Peak Supply of 1000 MWh (500 MW x 2 Hrs.) under CfD Mechanism from ISTS-Connected RE Projects (SECI-CfD-I),Round-the-Clock / CfD / Trading,500.0,,2026-09-07,Closing Soon,https://www.seci.co.in/tender-details/YmZ-,SECI/C&P/IPP/13/0002/26-27,RfS,2026-04-19,3,500 MW,Yes,2026-09-04,2026-09-04,NEW
d469b7653326,SECI,Request for Selection of Collaboration Partner for Trading of Renewable Power available with SECI,Unclassified,,,2026-09-07,Closing Soon,https://www.seci.co.in/tender-details/YmRw,SECI/C&P/MI/00/0001/26-27,RfS,2026-08-03,3,,Yes,2026-09-04,2026-09-04,NEW
9f1745658bdb,SECI,"BoS Tender for Setting up of grid-connected 88 MW Ground mounted Solar PV plant at Chitradurga, Karnataka",Solar,88.0,Karnataka,2026-09-10,Closing Soon,https://www.seci.co.in/tender-details/Ymd1,SECI/C&P/OP/11/0001/26-27,Tender,2026-05-08,6,88 MW,Yes,2026-09-04,2026-09-04,NEW
1f8ee688fa78,SECI,Request for Proposals for Selection of Project Developer for setting up of Grid connected 922.635 kW Rooftop Solar PV Power Project in CAPEX mode for various Client Organizations (CAPEX-I),Rooftop Solar,0.923,,2026-09-14,Open,https://www.seci.co.in/tender-details/YmV3,SECI/C&P/OP/15/0005/26-27,RfP,2026-08-06,10,922.635 kW,Yes,2026-09-04,2026-09-04,NEW
128bed57616b,SECI,"Implementation of HRMS Solution (ZOHO) with License, Cloud Hosting, Customization, and Post-Implementation Support",Unclassified,,,2026-09-15,Open,https://www.seci.co.in/tender-details/YmV0,SECI/2026/B/7961764,Tender,2026-08-25,11,,No,2026-09-04,2026-09-04,NEW
fde2f1c357d8,SECI,EOI for Engagement with Bulk Power Off-Takers for Long-Term Renewable Energy Power Procurement Facilitated by SECI within India,Round-the-Clock / CfD / Trading,,,2026-09-15,Open,https://www.seci.co.in/tender-details/YmRz,SECI/C&P/EOI/17/0002/26-27,EOI,2026-07-17,11,,Yes,2026-09-04,2026-09-04,NEW
f5a0469c786d,SECI,SAP ERP Landscape (ERP 2.0),Unclassified,,,2026-09-16,Open,https://www.seci.co.in/tender-details/YmV1,SECI/C&P/IT/12/03/2025-26,Tender,2026-08-12,12,,No,2026-09-04,2026-09-04,NEW
06aa19e5e4d1,SECI,EOI for identification of CO2 sources for Green Urea and RFNBO-Compliant Green Methanol Production in India,Green Hydrogen / Derivatives,,,2026-09-17,Open,https://www.seci.co.in/tender-details/YmRx,SECI/C&P/EOI/17/0003/26-27,EOI,2026-08-03,13,,Yes,2026-09-04,2026-09-04,NEW
e671476b4d53,SECI,Setting up of grid-connected 45.6 MW Wind Power Project (Package 2: Wind),Wind,45.6,,2026-09-18,Open,https://www.seci.co.in/tender-details/YmR0,SECI/C&P/OP/11/0003/26-27,Tender,2026-07-16,14,45.6 MW,Yes,2026-09-04,2026-09-04,NEW
876f5d4e8922,SECI,"Tender for Design, Engineering, Supply, Construction, Erection, Testing, Commissioning and Maintenance of 70 MW ISTS Connected Solar PV Power Project paired with 25MW/ 50MWh BESS at Ramagiri, Sri Sathya Sai District, Andhra Pradesh (Package-1: Solar+BESS)",Solar + Storage,70.0,Andhra Pradesh,2026-09-21,Open,https://www.seci.co.in/tender-details/YmR1,SECI/C&P/OP/11/0002/26-27,Tender,2026-06-24,17,70 MW,Yes,2026-09-04,2026-09-04,NEW
c1be359c8a64,SECI,Request for Empanelment of CERT-In empaneled Auditors for RE Sector,Unclassified,,,2026-09-29,Open,https://www.seci.co.in/tender-details/YmVy,SECI/C&P/EOI/17/0004/26-27,EOI,2026-08-28,25,,No,2026-09-04,2026-09-04,NEW
9be57a217bf3,SECI,RfS for Utilization of 100 MWh (50 MW x 2 Hrs.) Standalone Energy Storage System on Short-Term Basis under Tariff-Based Competitive Bidding,Energy Storage (BESS),50.0,,2026-09-30,Open,https://www.seci.co.in/tender-details/YmVz,SECI/C&P/IPP/15/0008/26-27,RfS,2026-08-28,26,50 MW,Yes,2026-09-04,2026-09-04,NEW
1b9bd417bdbe,SECI,Request for Proposals for Selection of Project Developer for setting up of 100 kW Rooftop Solar PV Power Project at NIWE Campus in CAPEX mode (RTSPV-C-T-II),Rooftop Solar,0.1,,2026-09-30,Open,https://www.seci.co.in/tender-details/YmVx,SECI/C&P/OP/15/0006/25-26,RfP,2026-08-28,26,100 kW,Yes,2026-09-04,2026-09-04,NEW
7a4a7e61e2d8,SECI,"Selection of Tenant(s) for Renting out the Office space(s) of SECI, along with built-up facilities (Licensed Assets), at the NBCC Complex, East Kidwai Nagar, New Delhi",Unclassified,,Delhi,2026-09-30,Open,https://www.seci.co.in/tender-details/YmVw,RfP No. SECI/C&P/MI/00/0002/26-27,RfP,2026-09-02,26,,No,2026-09-04,2026-09-04,NEW
bd1bd676960c,SECI,700 MW ISTS-Connected Solar PV Power Projects in India under TBCB (C&I-1),Solar,700.0,,2026-10-05,Open,https://www.seci.co.in/tender-details/YmV_,SECI/C&P/IPP/15/0009/26-27,Tender,2026-09-03,31,700 MW,Yes,2026-09-04,2026-09-04,NEW
9dd0b11b669c,NHPC,Purchase of urgent spare parts (Level Sensor) for AWLR (Automatic Water Level Recorder) of EWS (Early Warning System) installed at Melli and Chapma G&D site.,Unclassified,,,,Unknown,https://www.nhpcindia.com/welcome/tender,GEM/2026/B/7928676,Tender,,,,No,2026-09-04,2026-09-04,NEW
7d7a43abb814,NHPC,"Procurement of ""power cables"" of various capacities for the Switchyard Division, Salal Power Station",Unclassified,,,,Unknown,https://www.nhpcindia.com/welcome/tender,GEM/2026/B/7983814,Tender,,,,No,2026-09-04,2026-09-04,NEW
858988ccdb80,NHPC,"Purchase of video conferencing cameras, video conferencing setups and accessories",Unclassified,,,,Unknown,https://www.nhpcindia.com/welcome/tender,GEM/2026/B/7986749,Tender,,,,No,2026-09-04,2026-09-04,NEW
8e428ace0f8c,NHPC,Purchase Of Workstation,Unclassified,,,,Unknown,https://www.nhpcindia.com/welcome/tender,GEM/2026/B/7742469,Tender,,,,No,2026-09-04,2026-09-04,NEW
13829b2bb34c,NHPC,Repair of CFRD Dam Face of Dhauliganga Power Station,Unclassified,,,,Unknown,https://www.nhpcindia.com/welcome/tender,NH/DG/Contract/1097/2026-27/34,Tender,,,,No,2026-09-04,2026-09-04,NEW
c58369082ab8,NHPC,Rubber Seals and Fasteners for replacement in HRT Adit Plug end Gates and SFT Gates installed,Unclassified,,,,Unknown,https://www.nhpcindia.com/welcome/tender,GEM/2026/B/7846143,Tender,,,,No,2026-09-04,2026-09-04,NEW
0bc9ba9fdcea,NHPC,Running and Maintenance of School Building at Loktak Power Station for a period of two (02) years.,Unclassified,,,,Unknown,https://www.nhpcindia.com/welcome/tender,GEM/2026/B/7926982,Tender,,,,No,2026-09-04,2026-09-04,NEW
b3d1b899d997,NHPC,"Running &amp; Maintenance,upkeeping and housekeeping of VIP Guest House,Community/Club Hall, Training Hall, Field Hostels, Transit camp and HoP Residence at Loktak Power Station, Loktak for a period of 02 years",Unclassified,,,,Unknown,https://www.nhpcindia.com/welcome/tender,GEM/2026/B/7915365,Tender,,,,No,2026-09-04,2026-09-04,NEW
55e1bf9a1213,NHPC,Protection/Security Fencing of New Integrated TRT Gate of Chamera Power Station -1.,Unclassified,,,,Unknown,https://www.nhpcindia.com/welcome/tender,NH/CPS-1/PnC/W-1648/2026-27/49 Date: 28/08/2026,Tender,,,,No,2026-09-04,2026-09-04,NEW
58b6785f4cd3,NHPC,General Up-Keeping and House Keeping of Power House Complex at TLD-III Power Station,Unclassified,,,,Unknown,https://www.nhpcindia.com/welcome/tender,GEM/2026/B/7930404,Tender,,,,No,2026-09-04,2026-09-04,NEW
096f7d5cd622,NHPC,Reconstruction of the damaged Geo Green soil stabilization structure behind the GIS. ( E-Office No.: 163360),Unclassified,,,,Unknown,https://www.nhpcindia.com/welcome/tender,2026_NHPC_924097_1,Tender,,,,No,2026-09-04,2026-09-04,NEW
d3a37b6ba088,NHPC,"Repair, Painting and Misc. Works of Police Thana Building, CPS-1, Khairi.",Unclassified,,,,Unknown,https://www.nhpcindia.com/welcome/tender,NH/CPS-1/P&C/W-1655/2026-27/50 Dated: 29/08/2026,Tender,,,,No,2026-09-04,2026-09-04,NEW
da023f52c33b,NHPC,"Dismantling, Replacement and Fitting i.e. installation, commissioning & testing of seals for spillway radial gates at Nimoo Bazgo Power Station.”.",Unclassified,,,,Unknown,https://www.nhpcindia.com/welcome/tender,NBPS/CnP/2026-27/W-48/275,Tender,,,,No,2026-09-04,2026-09-04,NEW
6d051a53ce87,NHPC,Purchase of Brazing items for Hydro Generator of Salal Power Station,Hydro,,,,Unknown,https://www.nhpcindia.com/welcome/tender,GEM/2026/B/7932599,Tender,,,,Yes,2026-09-04,2026-09-04,NEW
daefa08a8539,NHPC,Purchase of 2000 meter AAC Tarantula Conductor for switchyard of Salal Power Station,Unclassified,,,,Unknown,https://www.nhpcindia.com/welcome/tender,GEM/2026/B/7966185,Tender,,,,No,2026-09-04,2026-09-04,NEW
57f29fb8e81b,NHPC,"Supply, Erection, testing and commissioning of Firefighting Pipe line at Runner and Turbine floor of Uri-II Power House",Unclassified,,,,Unknown,https://www.nhpcindia.com/welcome/tender,2026_NHPC_ 924051_1,Tender,,,,No,2026-09-04,2026-09-04,NEW
2a00e33e69eb,NHPC,Comprehensive AMC for a period of two year of 3 Nos Okaya Make CCS2 Single Gun Chargers from Ms Okaya Power Pvt Ltd,Unclassified,,,,Unknown,https://www.nhpcindia.com/welcome/tender,GEM/2026/B/7965539,Tender,,,,No,2026-09-04,2026-09-04,NEW
00860b6e6fc7,NHPC,"Spreading of Aggregate in the Switchyard Area at Nimoo Bazgo Power Station, Alchi, Leh",Unclassified,,,,Unknown,https://www.nhpcindia.com/welcome/tender,NBPS/CnP/2026-27/W-49/276,Tender,,,,No,2026-09-04,2026-09-04,NEW
9a2378b58e7f,NHPC,सेवा-II पावर हाउस के ऑयल फिल्टरेसन प्लांट (Oil filtration Plant Alfa Laval make MMB-304S) के स्पेयर्स की खरीद हेतु।,Unclassified,,,,Unknown,https://www.nhpcindia.com/welcome/tender,GEM/2026/B/7934376 Dated: 24-08-2026,Tender,,,,No,2026-09-04,2026-09-04,NEW
b52ccbd74450,NHPC,Purchase of Filter Elements for Simplex filters of Cooling Water System of Sewa-II Power House,Unclassified,,,,Unknown,https://www.nhpcindia.com/welcome/tender,GEM/2026/B/7891950 Dated: 21-08-2026,Tender,,,,No,2026-09-04,2026-09-04,NEW
d44f524102a4,NHPC,Purchase of spares for Drainage and Dewatering Pumps for Power House of Sewa-II Power Station,Unclassified,,,,Unknown,https://www.nhpcindia.com/welcome/tender,GEM/2026/B/7891923 Dated: 20-08-2026,Tender,,,,No,2026-09-04,2026-09-04,NEW
8a8a887db723,NHPC,"Retrofitting (including supply and fabrication) of the Cooling Pipe Lines, after Dismantling of the existing Cooling Pipe Lines, of the Generator Transformers of Salal Power Station",Unclassified,,,,Unknown,https://www.nhpcindia.com/welcome/tender,NH/SPS/P&C/NIT-220/2026-27/312-320,NIT,,,,No,2026-09-04,2026-09-04,NEW
f611f7f62384,NHPC,Repair and HP-HVOF Coating of 01 No Runner of 77 MW Francis Hydro-turbine (Unit#3) of Chamera-III Power Station during FY 2026-27”(Comp. No.:169791),Hydro,77.0,,,Unknown,https://www.nhpcindia.com/welcome/tender,2026_NHPC_923384_1,Tender,,,77 MW,Yes,2026-09-04,2026-09-04,NEW
3f994d163626,NHPC,Purchase of Welding Electrodes for the Power house of TLD-III Power Station,Unclassified,,,,Unknown,https://www.nhpcindia.com/welcome/tender,GEM/2026/B/7818482,Tender,,,,No,2026-09-04,2026-09-04,NEW
1b34b931d9bd,NHPC,"Automation of Drainage, Dewatering, Makeup Tank, Fire Tank, Shaftsheal Tank & Turbine Pits at TLDP-3 Power House",Unclassified,,,,Unknown,https://www.nhpcindia.com/welcome/tender,GEM/2026/B/7863839,Tender,,,,No,2026-09-04,2026-09-04,NEW
e6e87d81d253,NHPC,"R and M and Up-keeping works of entire medical division Loktak and Leimatak Hospital, Physiotherapy Unit at Loktak and Leimatak Hospital, Ithai Barrage and Jeevan Nagar Dispensary) of Loktak Power Station, NHPC Limited, Manipur i.r.o. Un-skilled category for the period of 02 years.",Unclassified,,Manipur,,Unknown,https://www.nhpcindia.com/welcome/tender,GEM/2026/B/7900435,Tender,,,,No,2026-09-04,2026-09-04,NEW
0c006e0f8e43,NHPC,Purchase of SITC of 6000 LPH transformer oil filtration plant with spares,Unclassified,,,,Unknown,https://www.nhpcindia.com/welcome/tender,GEM/2026/B/7939565,Tender,,,,No,2026-09-04,2026-09-04,NEW
adbdd7f96e5c,NHPC,Purchase of PECON Electronics Transformer Protection relay for Power House of TLD-III Power Station.,Unclassified,,,,Unknown,https://www.nhpcindia.com/welcome/tender,GEM/2026/B/7929300,Tender,,,,No,2026-09-04,2026-09-04,NEW
193203cc5990,NHPC,Purchase of hydro-mechanical maintenance tools and consumables for the maintenance of hydro-mechanical equipment at the Sewa-II Dam,Hydro,,,,Unknown,https://www.nhpcindia.com/welcome/tender,GEM/2026/B/7908444 Dated: 25-08-2026,Tender,,,,Yes,2026-09-04,2026-09-04,NEW
363658f17f9c,NHPC,"Laying of Pipeline with Thermal Lagging & Electrical Heat Tracing for Makeup Tank of Secondary Cooling water system from Powerhouse to Switchyard at NBPS, Alchi, Leh, Ladakh",Unclassified,,Ladakh,,Unknown,https://www.nhpcindia.com/welcome/tender,NBPS/CnP/2026-27/W-47/274,Tender,,,,No,2026-09-04,2026-09-04,NEW
e827ab50dfb0,NHPC,"Preventive Maintenance & AMC of Hydraulic system at Dam site, Chamera-III Power Station (As per attached scope of work and Special Conditions of Contract).",Unclassified,,,,Unknown,https://www.nhpcindia.com/welcome/tender,GEM/2026/B/7814838,Tender,,,,No,2026-09-04,2026-09-04,NEW
520668df0f7f,NHPC,"Supply & Installation of Thermal Lagging Insulation with Aluminium Cladding on Closed Loop Cooling Water Pipelines for Generating Units & Various Pipelines at Butterfly Valve House of Kishanganga Power Station, Bandipora (J&K) (PKG-606).",Unclassified,,Jammu and Kashmir,,Unknown,https://www.nhpcindia.com/welcome/tender,GEM/2026/B/7883627,Tender,,,,No,2026-09-04,2026-09-04,NEW
bf6a9a312bc3,NHPC,"Running and Maintenance of Sector-A & F Colony, TLD-III PS, Rambi",Unclassified,,,,Unknown,https://www.nhpcindia.com/welcome/tender,GEM/2026/B/7853830,Tender,,,,No,2026-09-04,2026-09-04,NEW
bcc52a1238c2,NHPC,Purchase of 45Ton Gantry Crane with lifting beam.,Unclassified,,,,Unknown,https://www.nhpcindia.com/welcome/tender,2026_NHPC_923336_1,Tender,,,,No,2026-09-04,2026-09-04,NEW
75c077252170,NHPC,Purchase of Generator/Stator Air Cooler for generating units of Uri-II Power House.,Unclassified,,,,Unknown,https://www.nhpcindia.com/welcome/tender,GEM/2026/B/7934593 Dated: 21-08-2026,Tender,,,,No,2026-09-04,2026-09-04,NEW
94b11889cfa1,NHPC,Construction of protection wall along the right bank of reservoir near the Bazgo Village from 138.00 to 238.00m,Unclassified,,,,Unknown,https://www.nhpcindia.com/welcome/tender,NBPS/CnP/2026-27/W-45/272,Tender,,,,No,2026-09-04,2026-09-04,NEW
de1b90425391,NHPC,Supply and Installation of Crash Rated Hydraulic Bollards at Nimoo Bazgo Power Station,Unclassified,,,,Unknown,https://www.nhpcindia.com/welcome/tender,NBPS/CnP/2026-27/W-46/273,Tender,,,,No,2026-09-04,2026-09-04,NEW
df0593cf7cd6,NHPC,Purchase of Gasoline Engine Operated Portable Hydraulic power pack for operation of Radial gates of DAM at Parbati -3 Power Station,Unclassified,,,,Unknown,https://www.nhpcindia.com/welcome/tender,GEM/2026/B/7860605,Tender,,,,No,2026-09-04,2026-09-04,NEW
1e0b70c2031a,NHPC,"Design, Engineering, Installation and commissioning of 04 Nos servo Valve based Digital Governing system and dismantling of existing governing system in all the four units of 520 MW Parbati-III Power station",Unclassified,520.0,,,Unknown,https://www.nhpcindia.com/welcome/tender,GEM/2026/B/7904859,Tender,,,520 MW,Yes,2026-09-04,2026-09-04,NEW
2eee6f3823e3,NHPC,AMC of 02 nos HP and 02 nos LP Compressors of Ingersoll Rand make installed at Uri II Power house for a period of 2 years,Unclassified,,,,Unknown,https://www.nhpcindia.com/welcome/tender,GEM/2026/B/7867596 ;Dated: 20-08-2026,Tender,,,,No,2026-09-04,2026-09-04,NEW
229b1c72a079,NHPC,Supply of Transformer Insulating oil confirming to IEC-60296/IS-335 (eOffice-167044),Unclassified,,,,Unknown,https://www.nhpcindia.com/welcome/tender,GEM/2026/B/7843173,Tender,,,,No,2026-09-04,2026-09-04,NEW
359efaccebca,NHPC,"Overhauling and Maintenance of LT Air Circuit Breakers, 11KV & 36 KV VCB (Vacuum Circuit Breaker) of Sewa-II Power Station.",Unclassified,,,,Unknown,https://www.nhpcindia.com/welcome/tender,GEM/2026/B/7879971 Dated: 19-08-2026,Tender,,,,No,2026-09-04,2026-09-04,NEW
0e35c7be8321,NHPC,Repair of 03 sets of generator slip ring collector assemblies for the Sewa-II Power Station (SC-743),Unclassified,,,,Unknown,https://www.nhpcindia.com/welcome/tender,GEM/2026/B/7886861 Dated: 13-08-2026,Tender,,,,No,2026-09-04,2026-09-04,NEW
44f5e9192cf9,NHPC,Hydro-mechanical Works for All Gates and Pressure Shaft Liners for the implementation of the 240 MW Uri-I Stage-II H.E Project,Hydro,240.0,,,Unknown,https://www.nhpcindia.com/welcome/tender,NH/CCW/CC-IV /CO-480/PR16526/8,Tender,,,240 MW,Yes,2026-09-04,2026-09-04,NEW
ff747e1e736b,NHPC,Construction of a 338 KL Capacity SMC (Sheet Molding Compound) Panel Water Tank at Surangani Colony,Unclassified,,,,Unknown,https://www.nhpcindia.com/welcome/tender,NH/BSPS/CC/CW/18/2026-27/248,Tender,,,,No,2026-09-04,2026-09-04,NEW
6a52d6017355,NHPC,"Procurement of Runner, Guide Vane, Bush Housing (Upper & Lower) Set, Pivot Ring, Top Cover & Upper Stationary Labyrinth for Parbati-III Power Station",Unclassified,,,,Unknown,https://www.nhpcindia.com/welcome/tender,GEM/2026/B/7771437,Tender,,,,No,2026-09-04,2026-09-04,NEW
4d8d4cb448c2,NHPC,Purchase of Contact Resistance Measuring (CRM) Kit for Power House of TLD-III Power Station.,Unclassified,,,,Unknown,https://www.nhpcindia.com/welcome/tender,GEM/2026/B/7770013,Tender,,,,No,2026-09-04,2026-09-04,NEW
d28c3e3a5bfc,NHPC,Protective Epoxy coating on Power House Equipments at Sewa-II Power Station (MW-746),Unclassified,,,,Unknown,https://www.nhpcindia.com/welcome/tender,GEM/2026/B/7910556 Dated: 17-08-2026,Tender,,,,Yes,2026-09-04,2026-09-04,NEW
efc2758f004e,NHPC,Purchase of HP-HVOF Coated Stationary Labyrinths (02 nos Upper & 02 nos Lower) along with Fasteners for Parbati-III Power Station,Unclassified,,,,Unknown,https://www.nhpcindia.com/welcome/tender,GEM/2026/B/7892064,Tender,,,,No,2026-09-04,2026-09-04,NEW
8eb640a2babe,NHPC,"Repairing &amp;amp;amp; Maintenance of damaged existing water drain &amp;amp;amp; gabion structure located at upper side of Left and Right Bank of Baira Dam, Baira Siul Power Station",Unclassified,,,,Unknown,https://www.nhpcindia.com/welcome/tender,NH/BSPS/CC/CW/15/2026-27/247,Tender,,,,No,2026-09-04,2026-09-04,NEW
24c25afeb40f,NHPC,Annual Maintenance of 02 No. Unit of Sewa-II Power House (3X40MW) for the period of 02 year (i.e. 2026-27 & 2027-28) and Replacement of 01 Nos. maintenance seal of MIV of Unit#2 & Runner/Mirror Disc of Thrust Guide bearing of Unit#1. (MW-745),Unclassified,40.0,,,Unknown,https://www.nhpcindia.com/welcome/tender,GEM/2026/B/7882673 Dated: 17-08-2026,Tender,,,40 MW,Yes,2026-09-04,2026-09-04,NEW
64593ad5ad23,NHPC,"Supply, Installation, Testing and Commissioning (SITC) of Synchronization Check Relay, including the upgradation of the existing manual synchronization check scheme at Sewa-II Power Station",Unclassified,,,,Unknown,https://www.nhpcindia.com/welcome/tender,GEM/2026/B/7883551 Dated: 16-08-2026,Tender,,,,No,2026-09-04,2026-09-04,NEW
84b7105d522c,NHPC,Running & Maintenance of Water Supply from Sector A to Sector F of TLD-III Power Station.,Unclassified,,,,Unknown,https://www.nhpcindia.com/welcome/tender,GEM/2026/B/7875791,Tender,,,,No,2026-09-04,2026-09-04,NEW
f31fd7be767b,NHPC,"Renewal/recertification of the Integrated Management System &#40;IMS&#41; license – IS/ISO 9001:2015, 14001:2015 & 45001:2018 for the Regional Office, Chandigarh",Unclassified,,Chandigarh,,Unknown,https://www.nhpcindia.com/welcome/tender,GEM/2026/B/7806146,Tender,,,,No,2026-09-04,2026-09-04,NEW
6e06fb938f9d,NHPC,"Running and Maintenance Services of Central Store, TLD-III P.S., Rambi",Unclassified,,,,Unknown,https://www.nhpcindia.com/welcome/tender,GEM/2026/B/7860009,Tender,,,,No,2026-09-04,2026-09-04,NEW
e29c53b05bd1,NHPC,Annual Maintenance Contract for Mahindra Make 320 KVA DG Set,Unclassified,,,,Unknown,https://www.nhpcindia.com/welcome/tender,GEM/2026/B/7915854 Dated: 14-08-2026,Tender,,,,No,2026-09-04,2026-09-04,NEW
c3bee3be2c72,NHPC,Repair (re-babbitting) of old & used various types of bearing pads of the hydro-generator at Salal Power Station.,Hydro,,,,Unknown,https://www.nhpcindia.com/welcome/tender,GEM/2026/B/7865369,Tender,,,,Yes,2026-09-04,2026-09-04,NEW
e815d7004ef2,NHPC,Performing work of watch and ward of Automatic water level recorder and measurement of velocity of river at upstream G&amp;amp;D site of Tanakpur Barrage,Unclassified,,,,Unknown,https://www.nhpcindia.com/welcome/tender,GEM/2026/B/7882755 dated 14.08.2025,Tender,,,,No,2026-09-04,2026-09-04,NEW
98b4828eda93,NHPC,Providing the Security Services at different areas/locations of Tanakpur Power Station for Two years,Unclassified,,,,Unknown,https://www.nhpcindia.com/welcome/tender,GEM/2026/B/7875681 dated 14.08.2026,Tender,,,,No,2026-09-04,2026-09-04,NEW
fb7db1819262,NHPC,"Purchase of strainers or filter elements for primary cooling, secondary cooling, and fire-fighting systems of TLD-III Power Station.",Unclassified,,,,Unknown,https://www.nhpcindia.com/welcome/tender,GEM/2026/B/7778470,Tender,,,,No,2026-09-04,2026-09-04,NEW
af505fd03502,NHPC,"ONLINE VIBRATION MONITORING SYSTEM WITH ALL ACCESSORIES, SOFTWARES AND MANDATORY SPARES",Unclassified,,,,Unknown,https://www.nhpcindia.com/welcome/tender,GEM/2026/B/7776424,Tender,,,,No,2026-09-04,2026-09-04,NEW
f8c7d9251913,NHPC,Purchase of Lower Rotating Labyrinth as per Drawing No. HINUR2 20MEALD32211 for Uri-II Power Station,Unclassified,,,,Unknown,https://www.nhpcindia.com/welcome/tender,GEM/2026/B/7870278 Dated: 10-08-2026,Tender,,,,No,2026-09-04,2026-09-04,NEW
4e83d6ccf0bb,NHPC,Supply of items for M.S Anti-Jet Seal Assembly and its Fitting (installation and commissioning) for M.S. Lintel Beam of Spillway Radial Gate No. 2 at Dam of Uri-II Power Station,Unclassified,,,,Unknown,https://www.nhpcindia.com/welcome/tender,2026_NHPC_921686_1,Tender,,,,No,2026-09-04,2026-09-04,NEW
80686c1471b2,NHPC,Two Years Maintenance Contact of Biometric Attendance System for the year 2026-27 and 2027-28.,Unclassified,,,,Unknown,https://www.nhpcindia.com/welcome/tender,GEM/2026/B/7865659,Tender,,,,No,2026-09-04,2026-09-04,NEW
9bba7cde7666,NHPC,"Repair of Bituminous road and Bituminous parking Area in NHPC Residential Complex, Sector-41, Faridabad",Unclassified,,,,Unknown,https://www.nhpcindia.com/welcome/tender,NH/CCW/CC-IV/CO-438/PR No PR10024/242,Tender,,,,No,2026-09-04,2026-09-04,NEW
3f7fbebe74fd,NHPC,Purchase of Networking Switches,Unclassified,,,,Unknown,https://www.nhpcindia.com/welcome/tender,GEM/2026/B/7822015,Tender,,,,No,2026-09-04,2026-09-04,NEW
a5fd7e180a34,NHPC,Laser shaft alignment of Cooling water system Pump-Motor set & HVAC system Pump-Motor set of Sewa-II Power Station (SC-742),Unclassified,,,,Unknown,https://www.nhpcindia.com/welcome/tender,GEM/2026/B/7827285 Dated: 07-08-2026,Tender,,,,No,2026-09-04,2026-09-04,NEW
6c1c6417d5b7,NHPC,"Upgradation/ Renovation of lane and drain from GREF road to Mela ground, Bani under CSR-SD scheme (CSR-711)",Unclassified,,,,Unknown,https://www.nhpcindia.com/welcome/tender,NH/Sewa-II/Contracts/CSR-711/2026-27/NIT-09/75 दिनांक /Dated: 10.08.2026,NIT,,,,No,2026-09-04,2026-09-04,NEW
1c333ee75509,NHPC,Purchase of Security Surveillance System consisting of 96 channels NVR with 80 TB HDD and IP CCTV camera,Unclassified,,,,Unknown,https://www.nhpcindia.com/welcome/tender,GEM/2026/B/7845318,Tender,,,,No,2026-09-04,2026-09-04,NEW
af57f5182f68,NHPC,Purchase of Wall Mounted Fan at Salal Power Station,Unclassified,,,,Unknown,https://www.nhpcindia.com/welcome/tender,GEM/2026/B/7808946,Tender,,,,No,2026-09-04,2026-09-04,NEW
c6d0292c2833,NHPC,Purchase of various types of fasteners required for the repair and maintenance activities of all hydro-mechanical gates at hydro-mechanical unit of Salal Power Station,Hydro,,,,Unknown,https://www.nhpcindia.com/welcome/tender,GEM/2026/B/7800108,Tender,,,,Yes,2026-09-04,2026-09-04,NEW
cfd3d765aa36,NHPC,Repair of HR bridge road and CC Road on Left afflux bund of Tanakpur Power Station,Unclassified,,,,Unknown,https://www.nhpcindia.com/welcome/tender,2026_NHPC_920872_1,Tender,,,,No,2026-09-04,2026-09-04,NEW
fefc54374d6a,NHPC,"Service Contract for Running and maintenance of Kendriya Vidyalaya at Sector-A, TLD-III Power Station.",Unclassified,,,,Unknown,https://www.nhpcindia.com/welcome/tender,GEM/2026/B/7845850,Tender,,,,No,2026-09-04,2026-09-04,NEW
331e99289935,NHPC,NIT No. :,Unclassified,,,,Unknown,https://www.nhpcindia.com/welcome/tender,GEM/2026/B/7829807,NIT,,,,No,2026-09-04,2026-09-04,NEW
2563faacd01d,NHPC,Operation And Maintenance Of Other Machines And Plants Internal inspection troubleshooting repair and rectification work of single phase GSU Transformers 11 220 route 3kV 32 MVA operating at Chamera 3 Power Station Dharwala (Computer No. 147622),Unclassified,,,,Unknown,https://www.nhpcindia.com/welcome/tender,GEM/2026/B/7882481,Tender,,,,No,2026-09-04,2026-09-04,NEW
3ad5eef9a32c,NHPC,"Hiring of services for operation & maintenance of Kishanganga Dam Toe Power House (3x0.8 MW), KGPS, Gurez, Bandipora, J & K for 02 (two) years (PKG- 602)",Unclassified,0.8,,,Unknown,https://www.nhpcindia.com/welcome/tender,GEM/2026/B/7750183,Tender,,,0.8 MW,Yes,2026-09-04,2026-09-04,NEW
c0a8fa387679,NHPC,"Providing services like preparation of tea, snacks, food etc. inside Power House of KGPS, Bandipora (J&K) for 02 (two) years (PKG- 601)",Unclassified,,Jammu and Kashmir,,Unknown,https://www.nhpcindia.com/welcome/tender,GEM/2026/B/7742561,Tender,,,,No,2026-09-04,2026-09-04,NEW
bbd7b25f2010,NHPC,Annual procurement of LED lights for the Sewa-II Power Station.,Unclassified,,,,Unknown,https://www.nhpcindia.com/welcome/tender,GEM/2026/B/7884146 Dated: 08-08-2026,Tender,,,,No,2026-09-04,2026-09-04,NEW
906eb8ab6dff,NHPC,Removal of Silt in front of intake gates includes cleaning of Trash Rack during Flushing of TLD-III reservoir in year 2026.,Unclassified,,,,Unknown,https://www.nhpcindia.com/welcome/tender,2026_NHPC_920609_1,Tender,,,,No,2026-09-04,2026-09-04,NEW
b712a34ce304,NHPC,Engagement of Consultant for Review AND Testing of the operating efficiency of Existing Internal Financial Control (IFC) System of NHPC Ltd for the FY 2026-2027,Unclassified,,,,Unknown,https://www.nhpcindia.com/welcome/tender,NH/CCW/CC-II/CO-479/PR10026/103,Tender,,,,No,2026-09-04,2026-09-04,NEW
133c95a2fae5,NHPC,Purchase of 01 No. Bus (32+1 Seater) for Rangit Power Station,Unclassified,,,,Unknown,https://www.nhpcindia.com/welcome/tender,GEM/2026/B/7746652,Tender,,,,No,2026-09-04,2026-09-04,NEW
ef9a8536d506,NHPC,Running and Maintainance of Housekeeping and other related Services for CISF for 2 Years,Unclassified,,,,Unknown,https://www.nhpcindia.com/welcome/tender,GEM/2026/B/7830565,Tender,,,,No,2026-09-04,2026-09-04,NEW
d2f8635529c6,NHPC,Running and Maitainance of Silt Lab cum transit camp building along with pantry at left bank of Barrage for 2 Years,Unclassified,,,,Unknown,https://www.nhpcindia.com/welcome/tender,GEM/2026/B/7832817,Tender,,,,No,2026-09-04,2026-09-04,NEW
367023d0d1d7,NHPC,Running and Maintainance of Cleaning and Sweeping of road and drain from NH-10 (Y-Junction) to Power House/ Barrage for 2 Years,Unclassified,,,,Unknown,https://www.nhpcindia.com/welcome/tender,GEM/2026/B/7835719,Tender,,,,No,2026-09-04,2026-09-04,NEW
4022ace7cb53,NHPC,Providing Railing and Drainage work in Adit#3 at Uri-II Power Station,Unclassified,,,,Unknown,https://www.nhpcindia.com/welcome/tender,2026_NHPC_ 920410_1,Tender,,,,No,2026-09-04,2026-09-04,NEW
89bc1ed6504d,NHPC,Custom Bid for Services - Running and maintainance of Cleaning and Maintenance of Barrage Structure for 2 years,Unclassified,,,,Unknown,https://www.nhpcindia.com/welcome/tender,GEM/2026/B/7832988,Tender,,,,No,2026-09-04,2026-09-04,NEW
d03fbcfdaa6b,NHPC,"Performing day to day cleaning of Store premises & store assistance of Central Store, Tanakpur Power Station, Banbasa for the period of two years. (This tender is reserved for PAFs/ Locals)",Unclassified,,,,Unknown,https://www.nhpcindia.com/welcome/tender,GEM/2026/B/7733336,Tender,,,,No,2026-09-04,2026-09-04,NEW
0e89864d84e6,NHPC,SITC of Large Video Screen (LVS) for Power House Control Room of Parbati-III Power Station,Unclassified,,,,Unknown,https://www.nhpcindia.com/welcome/tender,GEM/2026/B/7844968,Tender,,,,No,2026-09-04,2026-09-04,NEW
48226202463c,NHPC,Purchase of Sliding Ring of Shaft Seal for the power house of TLD-III Power station.,Unclassified,,,,Unknown,https://www.nhpcindia.com/welcome/tender,GEM/2026/B/7744745,Tender,,,,No,2026-09-04,2026-09-04,NEW
70122284a14f,NHPC,Retrofit of 11KV Incomer with cradle type circuit breaker arrangement within the existing U# 2 income,Unclassified,,,,Unknown,https://www.nhpcindia.com/welcome/tender,GEM/2026/B/7836094 Dated: 01-08-2026,Tender,,,,No,2026-09-04,2026-09-04,NEW
96a2dd2789a0,NHPC,"Re-earthing of Residential Buildings, Office Buildings and Institutional Buildings (School &amp;amp;amp;amp;amp;amp;amp; Hospital) at Rangit Nagar Colony",Unclassified,,,,Unknown,https://www.nhpcindia.com/welcome/tender,NH-RPS-ECD014(12)/1/2026-ECD/69_,Tender,,,,No,2026-09-04,2026-09-04,NEW
dd24859fc077,NHPC,"Balance works of Construction of Permanent office building at Left bank, NBPS Colony, Alchi, Leh, UT-Ladakh.",Unclassified,,Ladakh,,Unknown,https://www.nhpcindia.com/welcome/tender,NBPS/CnP/2026-27/W-34(1)/262,Tender,,,,No,2026-09-04,2026-09-04,NEW
fe4fed7661ba,NHPC,"Repairing & Re-babbitting of Damaged TGB shell of Generating unit of Kishanganga Power Station, Bandipora (J&K) (PKG-604)",Unclassified,,Jammu and Kashmir,,Unknown,https://www.nhpcindia.com/welcome/tender,GEM/2026/B/7803573,Tender,,,,Yes,2026-09-04,2026-09-04,NEW
8af9569f706c,NHPC,"Supply, Fabrication, Repair and Replacement of (4 Nos.) damaged Trash rack panels at Intake fore bay Trash Racks after dismantling of damaged part/portion of existing panel at Intake structure of Uri-II Power Station",Unclassified,,,,Unknown,https://www.nhpcindia.com/welcome/tender,2026_NHPC_ 919429_1,Tender,,,,No,2026-09-04,2026-09-04,NEW
f3ae0378a791,NHPC,"Purchase of Electrocardiography (ECG) Machine (V2) (Q2) , Resuscitation crash cart console for hospitals (V2) (Q2)",Unclassified,,,,Unknown,https://www.nhpcindia.com/welcome/tender,GEM/2026/B/7847350,Tender,,,,No,2026-09-04,2026-09-04,NEW
d547d57f96f0,NHPC,Hiring of 40+1 Seater Bus from PAF of Uri Power Station,Unclassified,,,,Unknown,https://www.nhpcindia.com/welcome/tender,GEM/2026/B/7777245 Dated: 31-07-2026,Tender,,,,No,2026-09-04,2026-09-04,NEW
b9abb5d697df,NHPC,Hiring of Various Types of MUVs/SUVs as an inspection vehicle for CISF Security Perssonel,Unclassified,,,,Unknown,https://www.nhpcindia.com/welcome/tender,GEM/2026/B/7806250 Dated: 31-07-2026,Tender,,,,No,2026-09-04,2026-09-04,NEW
e3a7d2f9f3a8,NHPC,Renovation of electrical installation at Type-IIB Quarters (20 Nos.) at Right Bank,Unclassified,,,,Unknown,https://www.nhpcindia.com/welcome/tender,2026_NHPC_919861_1,Tender,,,,No,2026-09-04,2026-09-04,NEW
93580c61b2f0,NHPC,Upgradation of Existing Ventilation System in Power House of Uri Power Station,Unclassified,,,,Unknown,https://www.nhpcindia.com/welcome/tender,GEM/2026/B/7680887 Dated: 21-07-2026,Tender,,,,No,2026-09-04,2026-09-04,NEW
75a34a691871,NHPC,Construction of gate and fencing around the Dam site area at Barshaini of Parbati-II Power Station (Package No-C-881),Unclassified,,,,Unknown,https://www.nhpcindia.com/welcome/tender,2026_NHPC_ 919851 _1,Tender,,,,No,2026-09-04,2026-09-04,NEW
626a4f3f0bd1,NHPC,"Renovation of Entrance Lobby of the HOP Office, Teesta-VI H.E. Project at Ground Floor of Administrative Building of Teesta-V Power Station, Balutar, Sikkim",Unclassified,,Sikkim,,Unknown,https://www.nhpcindia.com/welcome/tender,2026_NHPC_919735_1,Tender,,,,No,2026-09-04,2026-09-04,NEW
a11e047280c1,NHPC,"Repair and Painting of A-type Quarters (permanent), 30 Blocks at Upper Samleu Colony, CPS1, Khiari.",Unclassified,,,,Unknown,https://www.nhpcindia.com/welcome/tender,NH/CPS-1/PnC/W-1652/2026-27/44 Dated: 29/07/2026,Tender,,,,No,2026-09-04,2026-09-04,NEW
71ad2958b1b8,NHPC,Purchase of 01 no. of 90 kW KSB make submersible pump for power house of TLD-III Power Station.,Unclassified,0.09,,,Unknown,https://www.nhpcindia.com/welcome/tender,GEM/2026/B/7766113,Tender,,,90 kW,No,2026-09-04,2026-09-04,NEW
1a242a3fa1c1,NHPC,"Protection work near Surge Shaft at Uri-II Power Station, Baramulla, JK",Unclassified,,,,Unknown,https://www.nhpcindia.com/welcome/tender,2026_NHPC_ 919331_1,Tender,,,,No,2026-09-04,2026-09-04,NEW
5c995629be5a,NHPC,"Restoration of Switchyard Area of Nimoo Bazgo Power Station, Alchi, Leh, Ladakh",Unclassified,,Ladakh,,Unknown,https://www.nhpcindia.com/welcome/tender,NBPS/CnP/2026-27/W-44/271,Tender,,,,No,2026-09-04,2026-09-04,NEW
3867933db26f,NHPC,Purchase of 02 nos Transformer Heat Exchangers/ Oil coolers with Leak Detector for 50 MVA GSU Transformer.,Unclassified,,,,Unknown,https://www.nhpcindia.com/welcome/tender,GEM/2026/B/7776916 Dated: 28-07-2026,Tender,,,,No,2026-09-04,2026-09-04,NEW
d0d01af646c3,NHPC,Re-Babbitting on 03 nos Turbine Guide Bearing shells of Dhauliganga power station,Unclassified,,,,Unknown,https://www.nhpcindia.com/welcome/tender,NH/DG/Contract/1095/2026-27/24,Tender,,,,Yes,2026-09-04,2026-09-04,NEW
a9bd83c44190,NHPC,Purchase of Spares for BAUER Kompressoren Make HP Compressors of Uri Power Station,Unclassified,,,,Unknown,https://www.nhpcindia.com/welcome/tender,GEM/2026/B/7794741 Dated: 27-07-2026,Tender,,,,No,2026-09-04,2026-09-04,NEW
0d70724ec2cc,NHPC,"Repair, Plastering, Painting and Provision of Crash Barriers on Rockfill Dam at Salal Power Station.",Unclassified,,,,Unknown,https://www.nhpcindia.com/welcome/tender,NH/SPS/P&amp;C/NIT-219/2026-27/260-268,NIT,,,,No,2026-09-04,2026-09-04,NEW
f901b3201d65,NHPC,"Supply and Installation of Heavy Duty Warning / Caution Boards along the River, Parbati-III Power Station",Unclassified,,,,Unknown,https://www.nhpcindia.com/welcome/tender,GEM/2026/B/7794874,Tender,,,,No,2026-09-04,2026-09-04,NEW
ca457cb7797a,NHPC,Supply of All in One PC for Chamera-III Power Station. (Computer No. 168656),Unclassified,,,,Unknown,https://www.nhpcindia.com/welcome/tender,GEM/2026/B/7802065,Tender,,,,No,2026-09-04,2026-09-04,NEW
97f74ac0a953,NHPC,Supply and Installation with CAMC of 05 Years for Strong Motion Accelerometer (Accelerograph) at NBPS Dam based on DSA-2021 at NBPS Alchi,Unclassified,,,,Unknown,https://www.nhpcindia.com/welcome/tender,NBPS/CnP/2025-26/W-43/270,Tender,,,,No,2026-09-04,2026-09-04,NEW
7638bb83353d,NHPC,Empanelment of Firms/LLPs of Chartered Accountants (CA) / Cost Accountants (CMA) for appointment as GST Auditors for the Financial Year FY 2025-26 to 2028-29,Unclassified,,,,Unknown,https://www.nhpcindia.com/welcome/tender,NH/CCW/CC-II/CO-474/PR10026/79,Tender,,,,No,2026-09-04,2026-09-04,NEW
5efbafeac548,NHPC,"Additional Geological / Geotechnical investigations for Sawalkote H.E. Project, Tanger, District- Ramban, Jammu and Kashmir",Unclassified,,Jammu and Kashmir,,Unknown,https://www.nhpcindia.com/welcome/tender,2026_NHPC_918286_1,Tender,,,,No,2026-09-04,2026-09-04,NEW
8fa83adbde77,NHPC,"Repair and renovation of Transit camp and misc work at Dam site, Teesta-V Power Station",Unclassified,,,,Unknown,https://www.nhpcindia.com/welcome/tender,"NH/TSV/Cont/CC-354/NIT-1090/2026-27/133, Dated: 27/07/2026 Tender ID No: 2026_NHPC_919213_1",NIT,,,,No,2026-09-04,2026-09-04,NEW
80e161923d02,NHPC,Construction of protection wall along the right bank of reservoir near the Bazgo Village from RD 0.00 to 138.00m,Unclassified,,,,Unknown,https://www.nhpcindia.com/welcome/tender,NBPS/CnP/2026-27/W-42/269,Tender,,,,No,2026-09-04,2026-09-04,NEW
b815277f2060,NHPC,"Annual Maintenance of Two Nos. Hydro-generating units (Pelton Turbine) along with Runner replacement in Unit#3 and MIV Service Seal replacement of Unit#1 of 3X110 MW Kishanganga Power Station, J & K (Pkg.-600).",Hydro,110.0,,,Unknown,https://www.nhpcindia.com/welcome/tender,GEM/2026/B/7730619,Tender,,,110 MW,Yes,2026-09-04,2026-09-04,NEW
47ba8f150fb9,NHPC,"Drilling of drainage holes in the Power House drainage gallery of Kishanganga Power Station, Bandipora, J&K (PKG-593)",Unclassified,,Jammu and Kashmir,,Unknown,https://www.nhpcindia.com/welcome/tender,2026_NHPC_919159_1,Tender,,,,No,2026-09-04,2026-09-04,NEW
402d18099a42,NHPC,"Construction of 3 Nos. New Morchas at Power House, Kishanganga Power Station, Bandipora, J&K (PKG-597)",Unclassified,,Jammu and Kashmir,,Unknown,https://www.nhpcindia.com/welcome/tender,2026_NHPC_919125_1,Tender,,,,No,2026-09-04,2026-09-04,NEW
da6c961eaf48,NHPC,"Procurement of AED (Automated External Defibrillator) Equipment for the Project Hospital, Chamera Power Station-I, Khairi.",Unclassified,,,,Unknown,https://www.nhpcindia.com/welcome/tender,GeM Bid Number: GEM/2026/B/7804706 Dated 24-07-2026,Tender,,,,No,2026-09-04,2026-09-04,NEW
6198eb3fb756,NHPC,"Service, Repair and AMC of ACs, Deep Freezers and Refrigerators at Chamera Power Station-I",Unclassified,,,,Unknown,https://www.nhpcindia.com/welcome/tender,NH/CPS-1/PnC/W-1651/2026-27/41 Date 22/07/2026,Tender,,,,No,2026-09-04,2026-09-04,NEW
8a23ff7d48de,NHPC,Annual Maintenance for the year 2026-27 and Monsoon maintenance for the year 2027-28 of all three generating units of Chamera Power Station-1.,Unclassified,,,,Unknown,https://www.nhpcindia.com/welcome/tender,NH/CPS-1/PnC/W-1650/2026-27/42 Dated 24/07/2026,Tender,,,,No,2026-09-04,2026-09-04,NEW
368e68c478fd,NHPC,Procurement of 2.0 Ton Air Conditioners for Officers Club and Auditorium,Unclassified,,,,Unknown,https://www.nhpcindia.com/welcome/tender,GEM/2026/B/7830385,Tender,,,,No,2026-09-04,2026-09-04,NEW
f2b7aebd28e1,NHPC,"Repair and Renovation of Project Dispensary, Sub-station building at Samdong Colony and providing rain shed above staircase at Samdong and Dikchu Transit camp of Teesta V Power Station, Sikkim.",Unclassified,,Sikkim,,Unknown,https://www.nhpcindia.com/welcome/tender,NH/TSV/Cont/CC-355/NIT-1089/2026-27/127 Dated: 25/07/2026 and E-Tender ID: 2026_NHPC_918912_1,NIT,,,,No,2026-09-04,2026-09-04,NEW
997c6a76df43,NHPC,"Protection Works for Hill Slope Stabilisation of Right and Left banks of Kishanganga Dam, Kishanganga Power Station, Gurez, Bandipora, J&amp;amp;amp;K (PKG- 603)",Unclassified,,,,Unknown,https://www.nhpcindia.com/welcome/tender,2026_NHPC_919059_1,Tender,,,,No,2026-09-04,2026-09-04,NEW
bbbe1ecc5ced,NHPC,"Slope Protection of Right Bank hill slope of CFRD at RD 17m (U/S) to RD 42m (U/S) near Main Dam Entrance Gate by Providing Concrete Cladding Walls, Dam Site Gurez, KGPS, Bandipora, J&K (Pkg-599)",Unclassified,,Jammu and Kashmir,,Unknown,https://www.nhpcindia.com/welcome/tender,2026_NHPC_918939_1,Tender,,,,No,2026-09-04,2026-09-04,NEW
7e6a2dd7ac5c,NHPC,"Construction of Children’s Park at Permanent B-Type area at NHPC Colony, Kishanganga Power Station, Bandipora, J&K (PKG-595).",Unclassified,,Jammu and Kashmir,,Unknown,https://www.nhpcindia.com/welcome/tender,2026_NHPC_918875_1,Tender,,,,No,2026-09-04,2026-09-04,NEW
9afdc1aac6a3,NHPC,"Cladding of existing wire crate protection wall at switchyard, Baira Siul Power Station Surangani",Unclassified,,,,Unknown,https://www.nhpcindia.com/welcome/tender,2026_NHPC_ 918903_1,Tender,,,,No,2026-09-04,2026-09-04,NEW
5e3c6b9843d7,NHPC,"Development of 2 Nos of Bore wells for water supply at New Apali colony, Dibang Multipurpose project",Unclassified,,,,Unknown,https://www.nhpcindia.com/welcome/tender,NH/DMP/PNC/NIT/2026/1(E-tender ID:2026_NHPC_918282_1),NIT,,,,No,2026-09-04,2026-09-04,NEW
83004200b264,NHPC,Purchase of LED Lights,Unclassified,,,,Unknown,https://www.nhpcindia.com/welcome/tender,GEM/2026/B/7690043,Tender,,,,No,2026-09-04,2026-09-04,NEW
3692d63e971f,NHPC,Purchae of Street light panel,Unclassified,,,,Unknown,https://www.nhpcindia.com/welcome/tender,GEM/2026/B/7699594,Tender,,,,No,2026-09-04,2026-09-04,NEW
89a45e7c8cdf,NHPC,Empanelment of Law Firms for Handling Arbitration Related Matters,Unclassified,,,,Unknown,https://www.nhpcindia.com/welcome/tender,GEM/2026/B/7826715 dated 24-07-2026,Tender,,,,No,2026-09-04,2026-09-04,NEW
dc137003b870,NHPC,Supply of Double Bed for Dharwala Field Hostel at Chamera-III Power Station. (as per attached technical specifications). (Computer No. 164182),Unclassified,,,,Unknown,https://www.nhpcindia.com/welcome/tender,GEM/2026/B/7796963,Tender,,,,No,2026-09-04,2026-09-04,NEW
b18b3931c676,NHPC,"Calibration Services - Mechanical, Electrical; Calibration of ElectricalMechanical Instruments of Power House at ChameraIII Power Station; NABL Labs; Buyer premises (onsite). (Computer No. 169642)",Unclassified,,,,Unknown,https://www.nhpcindia.com/welcome/tender,GEM/2026/B/7632174,Tender,,,,No,2026-09-04,2026-09-04,NEW
d04fdd3b7949,NHPC,ONSITE REPAIR OF 01 SET [20 NOS] OF GUIDE VANES OF URI POWER STATION FOR YEAR 2026-27.,Unclassified,,,,Unknown,https://www.nhpcindia.com/welcome/tender,GEM/2026/B/7784869 Dated: 21-07-2026,Tender,,,,No,2026-09-04,2026-09-04,NEW
d32d2dcd234c,NHPC,AMC of Xerox Photocopier Machine,Unclassified,,,,Unknown,https://www.nhpcindia.com/welcome/tender,GEM/2026/B/7778788 Dated: 21-07-2026,Tender,,,,No,2026-09-04,2026-09-04,NEW
f197614fe843,NHPC,Empanelment of vendors/ book suppliers/publishers supply of books and other reading material to Central Library on prescribed terms and conditions.,Unclassified,,,,Unknown,https://www.nhpcindia.com/welcome/tender,NH/R and D/Lib/Vendors/2026-27/37,Tender,,,,No,2026-09-04,2026-09-04,NEW
f76412e539c5,NHPC,Purchase of Spares for C-Sec Make Breakers of Uri Power Station,Unclassified,,,,Unknown,https://www.nhpcindia.com/welcome/tender,GEM/2026/B/7809431 Dated: 22-07-2026,Tender,,,,No,2026-09-04,2026-09-04,NEW
74c4d7983712,NHPC,Purchase of Solenoid Valve and Hydraulic Hose Pipes for Uri Power Station,Unclassified,,,,Unknown,https://www.nhpcindia.com/welcome/tender,GEM/2026/B/7791229 Dated: 22-07-2026,Tender,,,,No,2026-09-04,2026-09-04,NEW
dbb48237972f,NHPC,Hiring of vehicle for KHEP,Unclassified,,,,Unknown,https://www.nhpcindia.com/welcome/tender,GEM/2026/B/7687382,Tender,,,,No,2026-09-04,2026-09-04,NEW
81a81220b3ae,NHPC,Purchase of Total station for Teesta Low Dam-III Power Station.,Unclassified,,,,Unknown,https://www.nhpcindia.com/welcome/tender,GEM/2026/B/7687409,Tender,,,,No,2026-09-04,2026-09-04,NEW
eb60bd403fe7,NHPC,Supply and Installation of digital type loadcell based Overload and Slack protection me chanism for various hoists/ gantry cranes installed at various locations of Chamera‐III Pow er Station.(E‐Office no.: 167653),Unclassified,,,,Unknown,https://www.nhpcindia.com/welcome/tender,2026_NHPC_918196_1,Tender,,,,No,2026-09-04,2026-09-04,NEW
f8011f614446,NHPC,"Annual Repair and Maintenance of Electrical Installation, up keeping of DG sets installed at Nowpora, Salamabad and Bandi, Operation and maintenance of communication network, 11 KV HT Line and 415 V LT lines of Uri-II Power Station",Unclassified,,,,Unknown,https://www.nhpcindia.com/welcome/tender,GEM/2026/B/7780498,Tender,,,,No,2026-09-04,2026-09-04,NEW
e95b25655414,NHPC,Purchase of Filter Elements for Uri Power Station.,Unclassified,,,,Unknown,https://www.nhpcindia.com/welcome/tender,GEM/2026/B/7749640 Dated: 20-07-2026,Tender,,,,No,2026-09-04,2026-09-04,NEW
1a64cdde17fd,NHPC,Purchase of Various Essential Items related to Line Maintenance.,Unclassified,,,,Unknown,https://www.nhpcindia.com/welcome/tender,GEM/2026/B/7722390 Dated: 20-07-2026,Tender,,,,No,2026-09-04,2026-09-04,NEW
1901f18cdbd7,NHPC,Purchase of Induction motors,Unclassified,,,,Unknown,https://www.nhpcindia.com/welcome/tender,GEM/2026/B/7714137,Tender,,,,No,2026-09-04,2026-09-04,NEW
db2287d3519b,NHPC,Purchase of seal kit and guide ring for Radial Gates at Teesta Low Dam-III Power Station.,Unclassified,,,,Unknown,https://www.nhpcindia.com/welcome/tender,GEM/2026/B/7698955,Tender,,,,No,2026-09-04,2026-09-04,NEW
7c86a64875f8,NHPC,Purchase of 10 HP Submersible pump for TLD III Power Station.,Unclassified,,,,Unknown,https://www.nhpcindia.com/welcome/tender,GEM/2026/B/7744990,Tender,,,,No,2026-09-04,2026-09-04,NEW
bdac84b63e9b,NHPC,Replacement of temporary quarter with permanent quarter at Rangit Nagar Colony,Unclassified,,,,Unknown,https://www.nhpcindia.com/welcome/tender,NH-RPS-CTS011(11)/4/2024-CIVIL TS/62,Tender,,,,No,2026-09-04,2026-09-04,NEW
a3980d26ca39,NHPC,Annual Maintenance Contract (AMC) for Comprehensive Operation &amp;amp; Maintenance (O&amp;amp;M) of 50 KWp Small Solar Power Plant at Uri Power Station for 2 Years,Solar,0.05,,,Unknown,https://www.nhpcindia.com/welcome/tender,GEM/2026/B/7735067 Dated: 19-07-2026,Tender,,,50 KWp,Yes,2026-09-04,2026-09-04,NEW
195c27ca4adf,NHPC,"Purchase of CCTV for Library at NHPC Colony, Faridabad.",Unclassified,,,,Unknown,https://www.nhpcindia.com/welcome/tender,GEM/2026/B/7789078,Tender,,,,No,2026-09-04,2026-09-04,NEW
68ed055d57d1,NHPC,Providing services for Operation of Dam Control Room of Parbati-III Power Station for Period of Two Years,Unclassified,,,,Unknown,https://www.nhpcindia.com/welcome/tender,GEM/2026/B/7732250 Dated: 18-07-2026,Tender,,,,No,2026-09-04,2026-09-04,NEW
0e831c37c5da,NHPC,"Upkeeping and R&amp;M of Building Colony at Leimatak Loktak Project, NHPC Limited for the period of 02 (two) years.",Unclassified,,,,Unknown,https://www.nhpcindia.com/welcome/tender,GEM/2026/B/7682082,Tender,,,,No,2026-09-04,2026-09-04,NEW
053ce3bb40e5,NHPC,Purchase of Self Lubricating Bushes for Guide Vanes of 4X130 MW Parbati-III PS,Unclassified,130.0,,,Unknown,https://www.nhpcindia.com/welcome/tender,GEM/2026/B/7670716,Tender,,,130 MW,Yes,2026-09-04,2026-09-04,NEW
5221349d3440,NHPC,Erection/laying of 11 KV HT cables on overhead line on Existing Poles & Dismantling of Existing Line,Unclassified,,,,Unknown,https://www.nhpcindia.com/welcome/tender,NH/UPS/PCS/C-145/NIQ-122/537 Dated 18.07.2026,Tender,,,,No,2026-09-04,2026-09-04,NEW
3f3362195581,NHPC,"Procurement of Owner Controlled All Risk Insurance Policy (CAR &amp;amp;amp;amp;amp; EAR) Policy along with Terrorism and Third Party Liability for Dulhasti Stage-II HE Project, NHPC Ltd",Unclassified,,,,Unknown,https://www.nhpcindia.com/welcome/tender,NH/CCW/CC-II/CO-475/PR16426/1,Tender,,,,No,2026-09-04,2026-09-04,NEW
96f6f08bf7a1,NHPC,"Purchase of Tower AC of 2 Ton capacity, Split Industrial AC of 2 Ton capacity",Unclassified,,,,Unknown,https://www.nhpcindia.com/welcome/tender,GEM/2026/B/7763682,Tender,,,,No,2026-09-04,2026-09-04,NEW
a3bed12f922a,NHPC,Purchase of A4 size paper,Unclassified,,,,Unknown,https://www.nhpcindia.com/welcome/tender,GEM/2026/B/7792756,Tender,,,,No,2026-09-04,2026-09-04,NEW
8bff8b7cd8db,NHPC,Insurance coverage for outstanding House Building Advance under NHPC Employees (HBA) Group Insurance Scheme for a period of one year (14.09.2026 to 13.09.2027),Unclassified,,,,Unknown,https://www.nhpcindia.com/welcome/tender,NH/CCW/CC-II/CO-478/PR10026/87,Tender,,,,No,2026-09-04,2026-09-04,NEW
86a6f3e81ed0,NHPC,"Repair of damaged platform, plinth surface, drain, railing at Type-I (P), Type-II (P) & Type-II (T) blocks and development of approach path, vehicle parking shed near Type-I (P) blocks with other miscellaneous works at residential complex, Rangit Power Station",Unclassified,,,,Unknown,https://www.nhpcindia.com/welcome/tender,NH-RPS-CTS011(12)/3/2025-CIVIL TS /59,Tender,,,,No,2026-09-04,2026-09-04,NEW
497f86187bac,NHPC,Construction of a new retaining wall in place of the damaged retaining wall on the road from the hydrogen plant to the Surge Shaft (Comp. No.:163077),Unclassified,,,,Unknown,https://www.nhpcindia.com/welcome/tender,2026_NHPC_911785_1,Tender,,,,Yes,2026-09-04,2026-09-04,NEW
43e5bb05e5ec,NHPC,"Replacement of Damaged Parts of HVAC System at Power House, Teesta-V Power Station.",Unclassified,,,,Unknown,https://www.nhpcindia.com/welcome/tender,NH/TSV/CONT/MC-170/NIT-1088/2026-27/113 Dated: 15/07/2026 and E-Tender ID: 2026_NHPC_917236_1,NIT,,,,No,2026-09-04,2026-09-04,NEW
83ae5f1a6c39,NHPC,Purchase of 40 nos. of LED TV for various Field Hostels of DMPP.,Unclassified,,,,Unknown,https://www.nhpcindia.com/welcome/tender,GEM/2026/B/7707437,Tender,,,,No,2026-09-04,2026-09-04,NEW
b7755022a41a,NHPC,Repair & Painting work of Bal Vidya Mandir situated at new Colony of Loktak Power Station.,Unclassified,,,,Unknown,https://www.nhpcindia.com/welcome/tender,NIT-1119 (O),NIT,,,,No,2026-09-04,2026-09-04,NEW
0e809a638a08,NHPC,"Supply, Installation, Testing and Commissioning of Secondary Cooling Centrifugal Water Pump Motor Set of Power House at Nimoo Bazgo Power Station, Alchi, Distt. Sham, Ladakh",Unclassified,,Ladakh,,Unknown,https://www.nhpcindia.com/welcome/tender,NBPS/CnP/2026-27/W-41/268,Tender,,,,No,2026-09-04,2026-09-04,NEW
4c8a020a3399,NHPC,Supply of Curtains (V2) (Q3) and Curtain Pipes (Q4),Unclassified,,,,Unknown,https://www.nhpcindia.com/welcome/tender,GEM/2026/B/7686277,Tender,,,,No,2026-09-04,2026-09-04,NEW
d5eb1413fef3,NHPC,Supply of Stainless Steel Jugs (Q3) and Pillows (Q3),Unclassified,,,,Unknown,https://www.nhpcindia.com/welcome/tender,GEM/2026/B/7686127,Tender,,,,No,2026-09-04,2026-09-04,NEW
4d39abbd9792,NHPC,"Supply of Wall Clocks (Battery Operated) (V2) Conforming to IS 12510 (Q4) , HDPE Buckets (V2) Conforming to IS 3730 (Q4) and Waste Containers (V3) (Q4)",Unclassified,,,,Unknown,https://www.nhpcindia.com/welcome/tender,GEM/2026/B/7685008,Tender,,,,Yes,2026-09-04,2026-09-04,NEW
e0afddb49165,NHPC,Supply of bathroom mats (Q3) and door mats (Q3),Unclassified,,,,Unknown,https://www.nhpcindia.com/welcome/tender,GEM/2026/B/7684857,Tender,,,,No,2026-09-04,2026-09-04,NEW
24467c169dd1,NHPC,Purchase of Motorized Gate Valve (Size 400mm) with Actuator for Salal Power Station,Unclassified,,,,Unknown,https://www.nhpcindia.com/welcome/tender,GEM/2026/B/7746900,Tender,,,,No,2026-09-04,2026-09-04,NEW
c7ba9b5606f1,NHPC,"Design, Engineering, Procurement and Construction of Power house and Associated Works for 640 MW (8×80 MW) ISP–OSP Pumped Storage Project (Package -I Civil Works)",Pumped Storage,640.0,,,Unknown,https://www.nhpcindia.com/welcome/tender,2026_NHPC_915349_1,Tender,,,640 MW,Yes,2026-09-04,2026-09-04,NEW
55dfecbff3e7,NHPC,"Supply and Installation of Furniture Items at Siang Lower H.E Project, Pasighat",Unclassified,,,,Unknown,https://www.nhpcindia.com/welcome/tender,GEM/2026/B/7677954,Tender,,,,No,2026-09-04,2026-09-04,NEW
3f9dc01190c0,NHPC,Supply and Installation of Dressing Table (Q3) and Bed side Table (Q3),Unclassified,,,,Unknown,https://www.nhpcindia.com/welcome/tender,GEM/2026/B/7677961,Tender,,,,No,2026-09-04,2026-09-04,NEW
e9a9b402241c,NHPC,Supply of Cloth Dryer Stands (Q3),Unclassified,,,,Unknown,https://www.nhpcindia.com/welcome/tender,GEM/2026/B/7677970,Tender,,,,No,2026-09-04,2026-09-04,NEW
45959ce13d8a,NHPC,"Repairing, Painting, and Increasing Height of Overhead Water Tanks in Pasighat Complex of Siang Lower Project at Pasighat",Unclassified,,,,Unknown,https://www.nhpcindia.com/welcome/tender,NH/SIANGLOWER/NIT/2026/07,NIT,,,,No,2026-09-04,2026-09-04,NEW
74f6a811f501,NHPC,Borrowing of upto Rs. 2000 crore through Term Loan from Banks/ Financial Institutions,Unclassified,,,,Unknown,https://www.nhpcindia.com/welcome/tender,NH/CCW/CC-II/CO-477/PR10026/95,Tender,,,,No,2026-09-04,2026-09-04,NEW
e7ed432cfc09,NHPC,NH/CCW/CC-II/CO-469/PR16526/7,Unclassified,,,,Unknown,https://www.nhpcindia.com/welcome/tender,NH/CCW/CC-II/CO-469/PR16526/7,Tender,,,,No,2026-09-04,2026-09-04,NEW
ba3bd28db493,NHPC,Purchase of various types of valves for the power house of Teesta Low Dam-III Power station,Unclassified,,,,Unknown,https://www.nhpcindia.com/welcome/tender,GEM/2026/B/7740267,Tender,,,,No,2026-09-04,2026-09-04,NEW
29294f3e5e6d,NHPC,Insurance coverage of outstanding Children Higher Education Advance under NHPC Employees Children Higher Education Advance Group Insurance Scheme” for a period of one year from 19.09.2026 to 18.09.2027,Unclassified,,,,Unknown,https://www.nhpcindia.com/welcome/tender,NH/CCW/CC-II/CO-476/PR10026/96,Tender,,,,No,2026-09-04,2026-09-04,NEW
030e02d8b794,NHPC,Repair Work of Two Set (48 Nos) of Guide Vane of Salal Power Station.,Unclassified,,,,Unknown,https://www.nhpcindia.com/welcome/tender,GEM/2026/B/7739665,Tender,,,,No,2026-09-04,2026-09-04,NEW
21285b768860,NHPC,Purchase case of C&S make Air Circuit Breakers (ACB) for Station Service Board (SSB) and Unit Auxiliary Board (UAB) installed at Powerhouse of Sewa-II Power Station.,Unclassified,,,,Unknown,https://www.nhpcindia.com/welcome/tender,GEM/2026/B/7755879 Dated: 13-07-2026,Tender,,,,No,2026-09-04,2026-09-04,NEW
30fd5c0219af,NHPC,"Protection work of Kaura Bridge abutment and its return wall at RD 2200 of Project Access Road, Sawalkote HE Project, Tanger, Dist-Ramban, Jammu and Kashmir",Unclassified,,Jammu and Kashmir,,Unknown,https://www.nhpcindia.com/welcome/tender,2026_NHPC_916018_1,Tender,,,,No,2026-09-04,2026-09-04,NEW
a306e267d1c1,NHPC,Hiring of Various Types of MUVs/SUVs as an inspection vehicle from PAF of Uri Power Station,Unclassified,,,,Unknown,https://www.nhpcindia.com/welcome/tender,GEM/2026/B/7714404 Dated: 11-07-2026,Tender,,,,No,2026-09-04,2026-09-04,NEW
307930193b9e,NHPC,"Providing Services for operation of Crane, JCB and other equipment for Uri Power Station for 02 (two) years wef 23.07.2026 to 22.07.2028",Unclassified,,,,Unknown,https://www.nhpcindia.com/welcome/tender,GEM/2026/B/7697531 Dated: 11-07-2026,Tender,,,,No,2026-09-04,2026-09-04,NEW
f0a0cb55f110,NHPC,Annual Maintenance of 03 (Three) Nos. of Generating Units of (3X15 MW) Nimoo Bazgo Power Station,Unclassified,15.0,,,Unknown,https://www.nhpcindia.com/welcome/tender,NBPS/CnP/2026-27/W-40/267,Tender,,,15 MW,Yes,2026-09-04,2026-09-04,NEW
b41d1f46215b,NHPC,"Tender for Hill Slope Stabilization work of Slide Area in front of Intake structure on left bank, Dul Dam at DPS Kishtwar",Unclassified,,,,Unknown,https://www.nhpcindia.com/welcome/tender,NH/DPSCONT/NIT277/2026/E164512 dated 08.07.2026 and Tender ID: 2026_NHPC_916395_1,Tender,,,,No,2026-09-04,2026-09-04,NEW
817667e14760,NHPC,"Expression of Interest (EOI) for Selection of Firms /Experts to accelerate the progress of Heading excavation at four critical faces in the Head Race tunnels (HRTs) of Teesta-VI HE Project, Gangtok, Sikkim",Unclassified,,Sikkim,,Unknown,https://www.nhpcindia.com/welcome/tender,NH/CCW/CC-II/Teesta VI /EOI-91 dated 10-07-2026,EOI,,,,No,2026-09-04,2026-09-04,NEW
73b3bb0b89b1,NHPC,Cleaning of Uplift Pressure Pipe Holes by Air and Water Jet Flushing for Restoration of Functionality and Replacement of Damaged/Manual Uplift Pressure Gauges with New Gauges at Sewa-II Power Station (SC-741),Unclassified,,,,Unknown,https://www.nhpcindia.com/welcome/tender,GEM/2026/B/7727465 Dated: 09-07-2026,Tender,,,,No,2026-09-04,2026-09-04,NEW
2dac828dcb42,NHPC,Repair of Damaged Runners of 20MW Francis Hydro Turbine of Rangit Power Station,Hydro,20.0,,,Unknown,https://www.nhpcindia.com/welcome/tender,NH-RPS-PH012(12)/3/2026-PH/53,Tender,,,20 MW,Yes,2026-09-04,2026-09-04,NEW
7235f4602118,NHPC,Repair in Stilling basin of Sewa-II Dam by way of High-Performance Concrete (M65A20) and repair of Stair at left bank of Dam (CW-740),Unclassified,,,,Unknown,https://www.nhpcindia.com/welcome/tender,NH/Sewa-II/Contracts/CW-740/2026-27/NIT-08/51 Dated: 09.07.2026,NIT,,,,No,2026-09-04,2026-09-04,NEW
be9cfe346916,NHPC,Purchase of HSLS (Hydrostatic Lubrication System along with required Spares for Power House of Sewa-II Power Station,Unclassified,,,,Unknown,https://www.nhpcindia.com/welcome/tender,"GEM/2026/B/7725040, Dated: 07-07-2026",Tender,,,,Yes,2026-09-04,2026-09-04,NEW
bdebf5e96837,NHPC,Providing External Assistance for Manning of Fire Station at Loktak Power Station for 02 years,Unclassified,,,,Unknown,https://www.nhpcindia.com/welcome/tender,GEM/2026/B/7698373,Tender,,,,No,2026-09-04,2026-09-04,NEW
0ff62353b2b5,NHPC,"Supply, Installation, Testing Commissioning of Dry Type Submersible Dewatering Pump for Power House Uri Power Station",Unclassified,,,,Unknown,https://www.nhpcindia.com/welcome/tender,GEM/2026/B/7685820 Dated: 08-07-2026,Tender,,,,No,2026-09-04,2026-09-04,NEW
e2f1736e00dc,NHPC,Annual Maintenance of 3X20 MW Hydro-generating Units of Rangit Power Station for the year 2026-27 as defined at Special Technical Requirement,Hydro,20.0,,,Unknown,https://www.nhpcindia.com/welcome/tender,NH-RPS-PH012(13)/4/2026-PH/52,Tender,,,20 MW,Yes,2026-09-04,2026-09-04,NEW
d0d4e6ce7f8c,NHPC,"Purchase of Dry Block cum Stirred Liquid Bath RTD, DTT, Thermocouple Calibrator with inbuilt indicator for Power House of Parbati-III Power Station",Unclassified,,,,Unknown,https://www.nhpcindia.com/welcome/tender,GEM/2026/B/7744924,Tender,,,,No,2026-09-04,2026-09-04,NEW
2d5d342be29c,NHPC,"ANNUAL MAINTENANCE CONTRACT (AMC) FOR CLEANING OF OVERHEAD RCC WATER STORAGE TANK &amp;amp; PVC/RCC TANKS SITUATED AT VARIOUS LOCATIONS AT TANAKPUR POWER STATION, BANBASA",Unclassified,,,,Unknown,https://www.nhpcindia.com/welcome/tender,2026_NHPC_916392_1,Tender,,,,Yes,2026-09-04,2026-09-04,NEW
fd41619b5068,NHPC,"Purchase of External HDD, Surveillance HDD and External SSD Drive",Unclassified,,,,Unknown,https://www.nhpcindia.com/welcome/tender,GEM/2026/B/7715811 Dated: 07-07-2026,Tender,,,,No,2026-09-04,2026-09-04,NEW
c5ba04a3efe8,NHPC,"R&amp;M and Up-keeping works of entire Medical division (Loktak and Leimatak Hospital,Physiotherapy Unit at Loktak and Leimatak Hospital, Ithai Barrage and Jeevan Nagar Dispensary) of Loktak Power Station, NHPC Limited, Manipur",Unclassified,,Manipur,,Unknown,https://www.nhpcindia.com/welcome/tender,GEM/2026/B/7706346,Tender,,,,No,2026-09-04,2026-09-04,NEW
efcfdd3fc89a,NHPC,"Execution of miscellaneous additional Civil Works related to 2X5MVA 66 KV/11 KV Substation for Teesta-V PS, Balutar.",Transmission / Evacuation,,,,Unknown,https://www.nhpcindia.com/welcome/tender,"NH/TSV/Cont/CC-373/NIT-1085/2026-27/108, Dated: 06/07/2026 and E-Tender ID: 2026_NHPC_916036_1",NIT,,,,No,2026-09-04,2026-09-04,NEW
269618e3beec,NHPC,"Repair and maintenance work in Basement Floor and Room no- 1 & 2 of VIP Guest House, Teesta-V Power Station, Balutar – (Civil & Electrical works).",Unclassified,,,,Unknown,https://www.nhpcindia.com/welcome/tender,"NH/TSV/Cont/CC-359/NIT-1084/2026-27/106, Dated: 06/07/2026 and E-Tender ID: 2026_NHPC_916006_1",NIT,,,,No,2026-09-04,2026-09-04,NEW
952eb9d22f3c,NHPC,"Purchase of Underwater parts for Chamera-III Power station, Dharwala, Chamba, H.P",Unclassified,,,,Unknown,https://www.nhpcindia.com/welcome/tender,GEM/2026/B/7596165,Tender,,,,No,2026-09-04,2026-09-04,NEW
b27301f7956f,NHPC,"Repair of internal road, Drain and other misc. work at Samdong Colony of Teesta -V Power Station.",Unclassified,,,,Unknown,https://www.nhpcindia.com/welcome/tender,"NH/TSV/Cont/CC-367/NIT-1086/2026-27/109, Dated: 06/07/2026 and E-Tender ID: 2026_NHPC_916105_1",NIT,,,,No,2026-09-04,2026-09-04,NEW
d4c744d030cc,NHPC,Exploratory Drilling Works of 380 m length (03 Nos. holes @ 60m each and 01 hole at min 200m) at Left and Right Banks of USMSP at Dite Dime Dam Axis,Unclassified,,,,Unknown,https://www.nhpcindia.com/welcome/tender,NH/SIANGLOWER/NIT/2026/06,NIT,,,,No,2026-09-04,2026-09-04,NEW
87b214c9609e,NHPC,Exploratory Drilling Works of 380 m length (03 Nos. holes @ 60m each and 01 hole at min 200m) at Left and Right Banks of USMSP at Uggeng Dam Axis,Unclassified,,,,Unknown,https://www.nhpcindia.com/welcome/tender,NH/SIANGLOWER/NIT/2026/05,NIT,,,,No,2026-09-04,2026-09-04,NEW
49a4953151a9,NHPC,"Purchase of Strainer Filter Make Hydac at Power House for Parbati-III Power Station, Behali",Unclassified,,,,Unknown,https://www.nhpcindia.com/welcome/tender,GEM/2026/B/7717121,Tender,,,,No,2026-09-04,2026-09-04,NEW
0d2789058b61,NHPC,"Purchase HYDRAULIC JACK 5T, 10T, 20T & 50Ton (Along with accessories)",Unclassified,,,,Unknown,https://www.nhpcindia.com/welcome/tender,GEM/2026/B/7642079,Tender,,,,No,2026-09-04,2026-09-04,NEW
b14e5aa65c86,NHPC,Purchase of 5MP IR Dome PTZ Camera with 38X Zoom (STQC Certified),Unclassified,,,,Unknown,https://www.nhpcindia.com/welcome/tender,GEM/2026/B/7578525,Tender,,,,No,2026-09-04,2026-09-04,NEW
e0a96996c655,NHPC,"Repair &amp; Painting of IRBN Barrack at Left Bank of Teesta-V Power Station, Balutar.",Unclassified,,,,Unknown,https://www.nhpcindia.com/welcome/tender,"NH/TSV/Cont/CC-360/NIT-1083/2026-27/105, Dated: 04/07/2026 and E-Tender ID: 2026_NHPC_915959_1",NIT,,,,No,2026-09-04,2026-09-04,NEW
6e9308cdc5d8,NHPC,Purchase of Air Conditioner Split type 1.5 Ton,Unclassified,,,,Unknown,https://www.nhpcindia.com/welcome/tender,GEM/2026/B/7664158,Tender,,,,No,2026-09-04,2026-09-04,NEW
421f531b3fd1,NHPC,Exploratory Drilling Works of 380 m length (03 Nos. holes @ 60m each and 01 hole at min 200m) at Left and Right Banks of USMSP at Parong Dam Axis,Unclassified,,,,Unknown,https://www.nhpcindia.com/welcome/tender,NH/SIANGLOWER/NIT/2026/04,NIT,,,,No,2026-09-04,2026-09-04,NEW
fe77eef36083,NHPC,Supply and Installation of Geysers and Televisions,Unclassified,,,,Unknown,https://www.nhpcindia.com/welcome/tender,GEM/2026/B/7675347,Tender,,,,No,2026-09-04,2026-09-04,NEW
8487f27d1a9a,NHPC,Supply and Installation of Inverters and Batteries,Unclassified,,,,Unknown,https://www.nhpcindia.com/welcome/tender,GEM/2026/B/7674883,Tender,,,,No,2026-09-04,2026-09-04,NEW
81ea67d62419,NHPC,Supply and Installation of Air Conditioners and Stabilizers,Unclassified,,,,Unknown,https://www.nhpcindia.com/welcome/tender,GEM/2026/B/7674343,Tender,,,,No,2026-09-04,2026-09-04,NEW
8fdc865e007c,NHPC,Repairing and HP-HVOF coating of 01 Nos. Francis Runner of 4*130 MW Parbati-III Power Station,Unclassified,130.0,,,Unknown,https://www.nhpcindia.com/welcome/tender,NH/PPS-III/NIT/PR11926/53/1/104 Dated: 03.07.2026,NIT,,,130 MW,Yes,2026-09-04,2026-09-04,NEW
582c7c814e88,NHPC,Purchase of surge protection devices,Unclassified,,,,Unknown,https://www.nhpcindia.com/welcome/tender,GEM/2026/B/7634185,Tender,,,,No,2026-09-04,2026-09-04,NEW
ed11399eeb13,NHPC,River Training work at right bank of Sewa River from upstream of LHPS portal to TRC area of Sewa-II Power Station (CW-738),Unclassified,,,,Unknown,https://www.nhpcindia.com/welcome/tender,NH/Sewa-II/Contracts/CW-738/2026-27/NIT-07/46 दिनांक /Dated: 03.07.2026,NIT,,,,No,2026-09-04,2026-09-04,NEW
991fe1172626,NHPC,"Shifting of Spillway Stoplog Gates from Dam Top to Switchyard Area of TLD-IV Power Station, Kalijhora",Unclassified,,,,Unknown,https://www.nhpcindia.com/welcome/tender,"NH/TLD-IV PS/P&C/W-955/2026/2306, Date: 01/07/2026",Tender,,,,No,2026-09-04,2026-09-04,NEW
ca3a8566600b,NHPC,"Repairing of Toilets and Internal &amp;amp; External painting of VIP Guest House, Tadong, Gangtok for Teesta-V PS, Balutar- (Civil &amp;amp; Electrical works).",Unclassified,,,,Unknown,https://www.nhpcindia.com/welcome/tender,NH/TSV/Cont/CC-362/NIT-1082/2026-27/100 Dated: 02/07/2026 and E-Tender ID: 2026_NHPC_915112_1,NIT,,,,No,2026-09-04,2026-09-04,NEW
663116065d65,NHPC,Repair and painting work for the toilets located in the Primary and Secondary Kendriya Vidyalay situated within the Loktak Project Area.,Unclassified,,,,Unknown,https://www.nhpcindia.com/welcome/tender,NIT-1118 (O),NIT,,,,No,2026-09-04,2026-09-04,NEW
4cbddeac056e,NHPC,"Bench development for Temporary Field Hostel/Residential Building at Gaa Village for Kamala HE Project(1720MW), Arunachal Pradesh",Unclassified,1720.0,Arunachal Pradesh,,Unknown,https://www.nhpcindia.com/welcome/tender,2026_NHPC_915083_1,Tender,,,1720 MW,No,2026-09-04,2026-09-04,NEW
abb4bfb02b21,NHPC,Purchase of Four sets Facing Plate for Top Cover and Pivot Ring with Flat Head Screw for Parbati-III Power Station,Unclassified,,,,Unknown,https://www.nhpcindia.com/welcome/tender,GEM/2026/B/7664369,Tender,,,,No,2026-09-04,2026-09-04,NEW
5d3bcebee6c4,NHPC,Supply and Installation of Indoor Type 11 KV HT Panels for Rajarwani,Unclassified,,,,Unknown,https://www.nhpcindia.com/welcome/tender,GEM/2026/B/7632832 Dated: 01-07-2026,Tender,,,,No,2026-09-04,2026-09-04,NEW
43b6b4990f55,NHPC,Miscellaneous Civil Works at ECD Complex,Unclassified,,,,Unknown,https://www.nhpcindia.com/welcome/tender,NH-RPS-ECD014(14)/5/2025-ECD/48,Tender,,,,No,2026-09-04,2026-09-04,NEW
3d90e2bb7ce6,NHPC,Purchase of 2KW Hybrid Solar Inverter System &#40;with Lithium Battery&#41;,Solar + Storage,0.002,,,Unknown,https://www.nhpcindia.com/welcome/tender,GEM/2026/B/7691428,Tender,,,2 KW,Yes,2026-09-04,2026-09-04,NEW
b49e7e510ece,NHPC,PURCHASE OF THREE DIFFERENT TYPE OF WELDING MACHINE/SET FOR POWER HOUSE TPS,Unclassified,,,,Unknown,https://www.nhpcindia.com/welcome/tender,GEM/2026/B/7554918,Tender,,,,No,2026-09-04,2026-09-04,NEW
57b186b79b22,NHPC,"Hiring of Four (04) nos. of Mahindra Bolero, Model B4 Diesel or equivalent or higher with Driver and with fuel reimbursable for two years.",Unclassified,,,,Unknown,https://www.nhpcindia.com/welcome/tender,GEM/2026/B/7696461,Tender,,,,No,2026-09-04,2026-09-04,NEW
73aa845cb625,NHPC,"Restoration of Kendriya Vidyalaya, Left Bank, Balutar at Teesta-V Power Station.",Unclassified,,,,Unknown,https://www.nhpcindia.com/welcome/tender,NH/TSV/Cont/CC-366/NIT-1081/2026-27/99 Dated: 29/06/2026 and E-Tender ID: 2026_NHPC_915054_1,NIT,,,,No,2026-09-04,2026-09-04,NEW
9b71e21348bc,NHPC,Construction of PCC retaining wall in place of damaged retaining wall on LEG Road (E-office no. 161838),Unclassified,,,,Unknown,https://www.nhpcindia.com/welcome/tender,2026_NHPC_914955_1,Tender,,,,No,2026-09-04,2026-09-04,NEW
285779fef2bb,NHPC,"Painting of Building, Repairing of Plinth Surface/Drain & Roof Surface, Protection Wall, Chain Link Fencing with Miscellaneous Repair Works of Project Hospital at Rangit Power Station",Unclassified,,,,Unknown,https://www.nhpcindia.com/welcome/tender,NH-RPS-CTS011(12)/1/2026-CIVIL TS /46,Tender,,,,No,2026-09-04,2026-09-04,NEW
352720e6e305,NHPC,Hiring of One (01) nos. 01 Tata Ultra Prime 34 Seater Bus Model LPO 8.6/44 or equivalent with Driver and with fuel (reimbursable) for two years.,Unclassified,,,,Unknown,https://www.nhpcindia.com/welcome/tender,GEM/2026/B/7621305,Tender,,,,No,2026-09-04,2026-09-04,NEW
2e51d8b9702b,NHPC,Repair of 40 Nos of wicket gates (02 set )of 77 MW Francis Hydro turbine of Chamera-III Power Station (Comp. No.167311),Hydro,77.0,,,Unknown,https://www.nhpcindia.com/welcome/tender,2026_NHPC_914911_1,Tender,,,77 MW,Yes,2026-09-04,2026-09-04,NEW
cd285ea04849,NHPC,PURCHASE OF WELDING MACHINE/SET,Unclassified,,,,Unknown,https://www.nhpcindia.com/welcome/tender,GEM/2026/B/7635652,Tender,,,,No,2026-09-04,2026-09-04,NEW
263ac405c11e,NHPC,Purchase of various Silt Excluder Gates Components,Unclassified,,,,Unknown,https://www.nhpcindia.com/welcome/tender,GEM/2026/B/7678140,Tender,,,,No,2026-09-04,2026-09-04,NEW
812f8a4e4db6,NHPC,Purchase of segments for shaft sealing arrangements of 31.4MW Kaplan Turbine installed at Power House of Tanakpur Power Station,Unclassified,31.4,,,Unknown,https://www.nhpcindia.com/welcome/tender,GEM/2026/B/7582856,Tender,,,31.4 MW,No,2026-09-04,2026-09-04,NEW
c800857eb5ef,NHPC,PURCHASE OF MISCELLANEOUS CONSUMABLE ITEMS FOR O&M OF HM-BARRAGE AND SILT-EJECTOR OF TPS,Unclassified,,,,Unknown,https://www.nhpcindia.com/welcome/tender,GEM/2026/B/7650711,Tender,,,,No,2026-09-04,2026-09-04,NEW
5cbae637e049,NHPC,Purchase of Automated External Defibrillator and Electronic/Digital stethoscope,Unclassified,,,,Unknown,https://www.nhpcindia.com/welcome/tender,GEM/2026/B/7677844 Dated: 27-06-2026,Tender,,,,No,2026-09-04,2026-09-04,NEW
e9898c87b50e,NHPC,"Fencing work around the office-cum-residential complex, construction of a gabion structure behind Prefab Block-1, construction of R.R. masonry boundary wall, and plinth protection work around Prefab Block-1 for the Sawalkote Hydroelectric Project",Hydro,,,,Unknown,https://www.nhpcindia.com/welcome/tender,2026_NHPC_914891_1,Tender,,,,Yes,2026-09-04,2026-09-04,NEW
27efe95b72d0,NHPC,Purchase & Installation of Antique Light Poles for Dam Colony of Sewa-II Power Station,Unclassified,,,,Unknown,https://www.nhpcindia.com/welcome/tender,GEM/2026/B/7688487 Dated: 26-06-2026,Tender,,,,No,2026-09-04,2026-09-04,NEW
f84fb7390f36,NHPC,Purchase of Portable Hot Air Blower Units for Bus Ducts of Sewa-II Power Station,Unclassified,,,,Unknown,https://www.nhpcindia.com/welcome/tender,GEM/2026/B/7702250 Dated: 25-06-2026,Tender,,,,No,2026-09-04,2026-09-04,NEW
3c75fc469a9d,NHPC,Engagement of Manpower Assistance Services for Various Field Hostel and other locations for Dibang Multipurpose Project for period of 12 months,Unclassified,,,,Unknown,https://www.nhpcindia.com/welcome/tender,GEM/2026/B/7684674,Tender,,,,No,2026-09-04,2026-09-04,NEW
74f5e35a1b60,NHPC,Providing Manpower Assistance Services for survey of Various Site and Camps of Dibang Multipurpose Project,Unclassified,,,,Unknown,https://www.nhpcindia.com/welcome/tender,GEM/2026/B/7664625,Tender,,,,No,2026-09-04,2026-09-04,NEW
de9d8fcf919d,NHPC,Repair along with HP-HVOF coating of 02 set Damaged Guide Vanes of 130 MW Francis Turbine at Parbati-III Power Station,Unclassified,130.0,,,Unknown,https://www.nhpcindia.com/welcome/tender,NH/PPS-III/NIT/PR11926/31/1/96 Dated 25.06.2026,NIT,,,130 MW,Yes,2026-09-04,2026-09-04,NEW
4d4e2e009ace,NHPC,"Purchase of 245 kV Current Transformer , 245 kV CVT ( Capacitive Voltage Transformer) , 145 kV Current Transformer ( CT) , 145 kV CVT ( Capacitive Voltage Transformer)",Unclassified,,,,Unknown,https://www.nhpcindia.com/welcome/tender,GEM/2026/B/7707081,Tender,,,,No,2026-09-04,2026-09-04,NEW
22c51a892a8d,NHPC,Appointment of Dividend Banker for Payment of Final Dividend for the Financial Year 2025-26”,Unclassified,,,,Unknown,https://www.nhpcindia.com/welcome/tender,NH/CCW/CC-II/CO-472/PR10026/69,Tender,,,,No,2026-09-04,2026-09-04,NEW
c3fefb65ab9a,NHPC,"Purchase of 11 KV Grade, 95 Sq.mm, 3-Core HT Aerial Bunched Cable",Unclassified,,,,Unknown,https://www.nhpcindia.com/welcome/tender,GEM/2026/B/7621801 Dated: 24-06-2026,Tender,,,,No,2026-09-04,2026-09-04,NEW
76b2b39c46cb,NHPC,"Repair, Maintenance and Painting of B-Type 48 quarters (Qtr. No.-7 to 54) Building at Sewa-II Power Station (CW-737)",Unclassified,,,,Unknown,https://www.nhpcindia.com/welcome/tender,NH/Sewa-II/Contracts/CW-737/2026-27/NIT-06/38 दिनांक /Dated: 24.06.2026,NIT,,,,No,2026-09-04,2026-09-04,NEW
33a8367e33bb,NHPC,Reconstruction of the damaged boulder trap on Adit III. (Computer No: 163656),Unclassified,,,,Unknown,https://www.nhpcindia.com/welcome/tender,2026_NHPC_914509_1,Tender,,,,No,2026-09-04,2026-09-04,NEW
2b1423b656c0,NHPC,Construction of toilets (18 nos) in different panchayats of Dharchula under CSR for PAF/locals of DGPS,Unclassified,,,,Unknown,https://www.nhpcindia.com/welcome/tender,NH/DG/CONTRACT/1093/2026-27/19,Tender,,,,No,2026-09-04,2026-09-04,NEW
ae6b2b17ae3e,NHPC,"Construction of Community hall in Village Dera Banda Bahadur near Kundrah, Reasi including Solar Street Lights.",Solar,,,,Unknown,https://www.nhpcindia.com/welcome/tender,NH/SPS/PnC/NIT-218/2026-27/192-201 (CPPP Tender ID : 2026_NHPC_914357_1 ),NIT,,,,Yes,2026-09-04,2026-09-04,NEW
3d350549e965,NHPC,"Purchase of spares of Ferrocare oil Filtration machine, model ELC- 100LP for Teesta Low Dam-III Power station.",Unclassified,,,,Unknown,https://www.nhpcindia.com/welcome/tender,GEM/2026/B/7628516,Tender,,,,No,2026-09-04,2026-09-04,NEW
e24ac9e24f31,NHPC,"Clearing of Jungle (Weeds, Vegetation etc.) at Slide Zone Area of Loktak Power Station",Unclassified,,,,Unknown,https://www.nhpcindia.com/welcome/tender,NIT-1117 (O),NIT,,,,No,2026-09-04,2026-09-04,NEW
2de54ba7203f,NHPC,Auto CAD-including Specialized Tools Commercial Single-user 3 Yrs Subscription Renewal ( 4 pieces ),Unclassified,,,,Unknown,https://www.nhpcindia.com/welcome/tender,GEM/2026/B/7687476,Tender,,,,No,2026-09-04,2026-09-04,NEW
662082f4150f,NHPC,"Environment Monitoring of Ambient Air Quality, Stack Emission Monitoring, Water Quality Monitoring & Noise Monitoring from recognized laboratory at various sites of Rangit Power Station (For 02 Year)",Unclassified,,,,Unknown,https://www.nhpcindia.com/welcome/tender,NH-RPS-CTS012/4/2026-CIVIL TS/42,Tender,,,,No,2026-09-04,2026-09-04,NEW
ea9114c3c025,NHPC,Restoration/repair of the damaged access roads to Adit-II portal of Sewa-II Power Station (CW-739),Unclassified,,,,Unknown,https://www.nhpcindia.com/welcome/tender,NH/Sewa-II/Contracts/CW-739/2026-27/NIT-05/35 दिनांक /Dated: 23.06.2026,NIT,,,,No,2026-09-04,2026-09-04,NEW
7cba3de14443,NHPC,"Design, Supply, Installation, testing & commissioning of Carbon dust collection system with control gear and all accessories for Generating Unit of Power House; at NHPC Tanakpur Power Station",Unclassified,,,,Unknown,https://www.nhpcindia.com/welcome/tender,2026_NHPC_914450_1,Tender,,,,No,2026-09-04,2026-09-04,NEW
5be10cfa72c0,NHPC,"Development of Transmission Line (400kV) 80kM approx. as per General Technical Specifications for evacuation of Power generated from 1200 MW Solar Power park in District Jalaun, Uttar Pradesh”",Transmission / Evacuation,1200.0,Uttar Pradesh,,Unknown,https://www.nhpcindia.com/welcome/tender,2026_NHPC_913847_1,Tender,,,1200 MW,Yes,2026-09-04,2026-09-04,NEW
5052c4b5ae45,NHPC,“Selection of Firms for issuance of No Objection Certificate (NOC) for Removal of Deposited Sediments/Silt from the Reservoir and downstream of TLD-III Power Station”,Unclassified,,,,Unknown,https://www.nhpcindia.com/welcome/tender,NH/ CCW/ CC-II/ TLD-III PS/PR-11425/ 244/ EOI-359 dated 23- 06-2026,EOI,,,,No,2026-09-04,2026-09-04,NEW
05b9985200ed,NHPC,Construction of PCC retaining wall in place of damaged retaining wall on LEG Road (Comp. no. 161838),Unclassified,,,,Unknown,https://www.nhpcindia.com/welcome/tender,2026_NHPC_912970_1,Tender,,,,No,2026-09-04,2026-09-04,NEW
69e0741d78d7,NHPC,"Providing assistance in Mess facilities and up keeping of field Hostel and Sewa Sadan at Sewa-II Power Station, Mashka (J&K) for a period of 02 years (SC-736)",Unclassified,,Jammu and Kashmir,,Unknown,https://www.nhpcindia.com/welcome/tender,GEM/2026/B/7600311 Dated: 22-06-2026,Tender,,,,No,2026-09-04,2026-09-04,NEW
c3a91090ebf5,NHPC,AMC of water coolers/ purifiers installed at CPS-I.,Unclassified,,,,Unknown,https://www.nhpcindia.com/welcome/tender,NH/CPS-1/P&C/W-1612/2025-26/36 Dated:22/06/2026,Tender,,,,No,2026-09-04,2026-09-04,NEW
a213f2199fcb,NHPC,"Repair of one number Runner (RN#3) of 3X15 MW Nimoo Bazgo Power Station, Alchi, Distt. Sham, Ladakh",Unclassified,15.0,Ladakh,,Unknown,https://www.nhpcindia.com/welcome/tender,NBPS/CnP/2026-27/W-38/265,Tender,,,15 MW,Yes,2026-09-04,2026-09-04,NEW
36e22f0a6ed1,NHPC,"Repair and painting work of AEON Cafeteria and nearby shops located at Upper Samleu, CPS-I.",Unclassified,,,,Unknown,https://www.nhpcindia.com/welcome/tender,NH/CPS-1/P&amp;C/W-1637/2026-27/32 Dated: 09/06/2026,Tender,,,,No,2026-09-04,2026-09-04,NEW
8b4fd1a072c9,NHPC,Renovation and Modernization of the existing Guest House situated at Loktak Project,Unclassified,,,,Unknown,https://www.nhpcindia.com/welcome/tender,NIT-1116 (O),NIT,,,,No,2026-09-04,2026-09-04,NEW
4ca4a3e23a6d,NHPC,"Providing Assistance for various types of Hydro-Meteorological data observation, recording and compilation of data of different station of Teesta and Tolungchu river for Teesta –IV H E Project",Hydro,,,,Unknown,https://www.nhpcindia.com/welcome/tender,NH/TSV/Cont/RM-219/NIT-1080/2026-27/86 Dated:19/06/2026 and GEM bid no. GEM/2026/B/7685725,NIT,,,,Yes,2026-09-04,2026-09-04,NEW
273b68ab0b5d,NHPC,Repairing of Footpath along boundary wall of Power House Colony at Leimatak.,Unclassified,,,,Unknown,https://www.nhpcindia.com/welcome/tender,NIT-1115 (O),NIT,,,,No,2026-09-04,2026-09-04,NEW
02f0c455a2f8,NHPC,Purchase of DA and oxygen Gas Cylinder,Unclassified,,,,Unknown,https://www.nhpcindia.com/welcome/tender,GEM/2026/B/7666519,Tender,,,,No,2026-09-04,2026-09-04,NEW
365357fc2b8c,NHPC,Protection/Security Fencing of New Integrated TRT Gate of Chamera Power Station-1.,Unclassified,,,,Unknown,https://www.nhpcindia.com/welcome/tender,NH/CPS-1/PnC/W-1648/2026-27/35 Dated 18/06/2026,Tender,,,,No,2026-09-04,2026-09-04,NEW
54c6a0e959d6,NHPC,Repair of inspection steps from Anchor block AB 4 to AB11 to Jeevan nagar Loktak Power Station.,Unclassified,,,,Unknown,https://www.nhpcindia.com/welcome/tender,NIT-1114 (O),NIT,,,,No,2026-09-04,2026-09-04,NEW
66a6d0da0513,NHPC,"Ultrasonic Testing (UT) of Circumferential and Longitudinal Welding Joints of 01 Nos. 5.23 meter diameter Penstock, as per scope of work",Unclassified,,,,Unknown,https://www.nhpcindia.com/welcome/tender,NH/SPS/PnC/NIT-216/ 26-27/161-170,NIT,,,,No,2026-09-04,2026-09-04,NEW
f0f3e4d78e25,NHPC,Purchase of Counter raceway for Turbine Shaft Seal of Teesta Low Dam-III Power station.,Unclassified,,,,Unknown,https://www.nhpcindia.com/welcome/tender,GEM/2026/B/7637054,Tender,,,,No,2026-09-04,2026-09-04,NEW
4feeb44270a2,NHPC,Purchase of Adobe Acrobat Pro Software (Enterprise – Government Edition) for Teesta Low Dam-III Power station.,Unclassified,,,,Unknown,https://www.nhpcindia.com/welcome/tender,GEM/2026/B/7647822,Tender,,,,No,2026-09-04,2026-09-04,NEW
6b90ca42a78e,NHPC,"Electrical Infrastructure Works for evacuation of Power generated from 1200 MW Solar Power park in District Jalaun, Uttar Pradesh” (03 Nos. Pooling Substation (33/400 KV)",Transmission / Evacuation,1200.0,Uttar Pradesh,,Unknown,https://www.nhpcindia.com/welcome/tender,NH/Conts(EnM)-II/CO-208/BSUL/PR/JSP/2026-27,Tender,,,1200 MW,Yes,2026-09-04,2026-09-04,NEW
5a6f1d7e494e,NHPC,"Protective ceramic coating of spiral case, stay vanes and stay rings of generating units of Dulhasti Power Station (2026-27)",Unclassified,,,,Unknown,https://www.nhpcindia.com/welcome/tender,NH/DPS/CONT/NIT-280/2026/E169008 dated 17.06.2026 Tender ID No. 2026_NHPC_913409_1,NIT,,,,No,2026-09-04,2026-09-04,NEW
fd1f20c8edc0,NHPC,Construction of new retaining wall in place of damaged retaining wall on LEG Road (RD 160-212m) (Comp. No.:161999),Unclassified,,,,Unknown,https://www.nhpcindia.com/welcome/tender,2026_NHPC_911759_1,Tender,,,,No,2026-09-04,2026-09-04,NEW
e667d7966277,NHPC,Fixing of steel rolling shutter on DG Building at Leimatak Loktak PS.,Unclassified,,,,Unknown,https://www.nhpcindia.com/welcome/tender,NIT-1113 (O),NIT,,,,No,2026-09-04,2026-09-04,NEW
f7764bd72379,NHPC,"R &amp; M of New Colony and Zero Colony at Loktak Project, NHPC Limited for 02 Years",Unclassified,,,,Unknown,https://www.nhpcindia.com/welcome/tender,GEM/2026/B/7624505,Tender,,,,No,2026-09-04,2026-09-04,NEW
f01dfeab4c7d,NHPC,Providing & Fixing Gates for Adit -2 & Adit 3A Portal at HRT of Parbati-H.E. Project (Stage-II) (Package No-C-861),Unclassified,,,,Unknown,https://www.nhpcindia.com/welcome/tender,2026_NHPC_ 913138 _1,Tender,,,,No,2026-09-04,2026-09-04,NEW
b499446b7238,NHPC,"Supply, Erection, Testing &amp; Commissioning of components for Power Distribution Network of Flood Dewatering Pumps and Draft Tube Gate Hoists at Subansiri Lower Project, Arunachal Pradesh",Unclassified,,Arunachal Pradesh,,Unknown,https://www.nhpcindia.com/welcome/tender,NH/SLP/CONT/2025/C-20/NIT/711 दिनांक : 16/06/2026,NIT,,,,No,2026-09-04,2026-09-04,NEW
790c8c86e8bd,NHPC,"Repairing of drain at Loktak-Leimatak road from Jeevan Nagar to Leimatak, Loktak Power Station RD-18.00 Km to 24.60 Km.",Unclassified,,,,Unknown,https://www.nhpcindia.com/welcome/tender,NIT-1112 (O),NIT,,,,No,2026-09-04,2026-09-04,NEW
da3e6c8e5bc9,NHPC,"Repairing of Jeevan Nagar Nallah inside colony adjacent of switchyard at Leimatak, Loktak Power Station.",Unclassified,,,,Unknown,https://www.nhpcindia.com/welcome/tender,NIT-1111 (O),NIT,,,,No,2026-09-04,2026-09-04,NEW
5bf8d4e0588e,NHPC,Cleaning of septic tanks and chambers located at the Dam Office Complex of CPS-1.,Unclassified,,,,Unknown,https://www.nhpcindia.com/welcome/tender,NH/CPS-1/P&C/W-1647/2026-27/37 Dated: 26/06/2026,Tender,,,,No,2026-09-04,2026-09-04,NEW
7ebf2797f548,NHPC,Hiring Services for Running and Maintenance of Electrical System of Powerhouse &amp; Switchyard of Loktak Power Station for two years,Unclassified,,,,Unknown,https://www.nhpcindia.com/welcome/tender,GEM/2026/B/7581772,Tender,,,,No,2026-09-04,2026-09-04,NEW
c28c9069dedd,NHPC,Repair and Re-babbiting of TGB Shell dismantled from Unit#3 and Unit#1 of Chamera Power house-1.,Unclassified,,,,Unknown,https://www.nhpcindia.com/welcome/tender,NH/CPS-1/PnC/W-1615/2026-27/33 Dated: 15/06/2026,Tender,,,,Yes,2026-09-04,2026-09-04,NEW
bbcdd584766a,NHPC,Repairing work of Drain on Loktak Leimatak road at RD 3.190 Km at Valley side near Loktak Project.,Unclassified,,,,Unknown,https://www.nhpcindia.com/welcome/tender,NIT-1110 (O),NIT,,,,No,2026-09-04,2026-09-04,NEW
dc1bfb6b7525,NHPC,Waterproofing work on the roof of Executive Field Hostel located at Sewa-II Power Station (CW-731),Unclassified,,,,Unknown,https://www.nhpcindia.com/welcome/tender,NH/Sewa-II/Contracts/CW-731/2026-27/NIT-04/29 दिनांक /Dated: 15.06.2026,NIT,,,,No,2026-09-04,2026-09-04,NEW
deadff2ad760,NHPC,Repair and Painting of Structures of CRPF Camp situated at the Workshop and Transport Yard of the Loktak Project.,Unclassified,,,,Unknown,https://www.nhpcindia.com/welcome/tender,NIT-1109 (O),NIT,,,,No,2026-09-04,2026-09-04,NEW
fe7d09476216,NHPC,"Providing assistance to Running and maintenance of Administrative Building , Central store, maintenance of park and Opertaion of Heavy Equipments/ vehicle of workshop Division at Sewa-II Power Station, NHPC Limited, Mashka (J&K). (SC-733)",Unclassified,,Jammu and Kashmir,,Unknown,https://www.nhpcindia.com/welcome/tender,GEM/2026/B/7616145 Dated: 15-06-2026,Tender,,,,No,2026-09-04,2026-09-04,NEW
3657c62a89f7,NHPC,"Repair and painting of the buildings and boundary wall situated near the emergency gate on the power channel of the Loktak Project, as well as the Tiddim Gate.",Unclassified,,,,Unknown,https://www.nhpcindia.com/welcome/tender,NIT-1108 (O),NIT,,,,No,2026-09-04,2026-09-04,NEW
88892055c77e,NHPC,AMC of 02 nos HP and 02 nos LP Compressors of Ingersoll Rand make installed at Uri II Power house for a period of 2 years,Unclassified,,,,Unknown,https://www.nhpcindia.com/welcome/tender,GEM/2026/B/7597099,Tender,,,,No,2026-09-04,2026-09-04,NEW
61485038da9f,NHPC,"Performing the work of Removal of floating waste and solid waste materials with Floating Trash Skimmer Machine and Shore Conveyor at Dam Nimoo Bazgo Power Station Alchi, Distt. Sham",Unclassified,,,,Unknown,https://www.nhpcindia.com/welcome/tender,NBPS/CnP/2026-27/W-37/264,Tender,,,,No,2026-09-04,2026-09-04,NEW
345ae759e530,NHPC,Procurement of Air Conditioner,Unclassified,,,,Unknown,https://www.nhpcindia.com/welcome/tender,GEM/2026/B/7634524,Tender,,,,No,2026-09-04,2026-09-04,NEW
fd8ccfbdb469,NHPC,Repair and HP-HVOF coating of 02 sets (40 Nos.) of Guide Vanes (Wicket Gates) of 70 MW Francis Turbine of Dhauliganga Power Station for FY 2026-27.,Unclassified,70.0,,,Unknown,https://www.nhpcindia.com/welcome/tender,NH/DG/Contract/1092/2026-27/17,Tender,,,70 MW,Yes,2026-09-04,2026-09-04,NEW
019f93286790,NHPC,Annual Maintenance Works of Generating Units of Uri Power Station for 02 Years 2026-28,Unclassified,,,,Unknown,https://www.nhpcindia.com/welcome/tender,GEM/2026/B/7585977 Dated: 12-06-2026,Tender,,,,No,2026-09-04,2026-09-04,NEW
8cdb0f2089bb,NHPC,Purchase of Adhesives Items for Uri Power House,Unclassified,,,,Unknown,https://www.nhpcindia.com/welcome/tender,GEM/2026/B/7595502 Dated: 12-06-2026,Tender,,,,No,2026-09-04,2026-09-04,NEW
3d2d0ff74060,NHPC,"Providing assistant to R&amp;amp;M of Residential &amp;amp; Non-Residential buildings, Water supply, Collection of garbage at Sewa Vihar Colony and its disposal at designated location at sewa II Power Station Mashka for a period of 2 years. (SC-735)",Unclassified,,,,Unknown,https://www.nhpcindia.com/welcome/tender,GEM/2026/B/7625444 Dated: 12-06-2026,Tender,,,,No,2026-09-04,2026-09-04,NEW
bf1f4501421c,NHPC,"Providing assistance to Running and Maintenance of Mashka- Siara road i/c Adit-iv & Surge shaft road, internal roads of colony at Sewa-II Power Station Mashka (J&K) for a period of two years. (SC-734)",Unclassified,,Jammu and Kashmir,,Unknown,https://www.nhpcindia.com/welcome/tender,GEM/2026/B/7630940 Dated: 12-06-2026,Tender,,,,No,2026-09-04,2026-09-04,NEW
8ef20ff75776,NHPC,Supply and Installation of 03 Nos Mini-EPABX System with related KTS system and Accessories for NHPC Corporate Office Faridabad,Unclassified,,,,Unknown,https://www.nhpcindia.com/welcome/tender,GEM/2026/B/7618389,Tender,,,,No,2026-09-04,2026-09-04,NEW
90ddba444186,NHPC,Purchase of Fabrication material,Unclassified,,,,Unknown,https://www.nhpcindia.com/welcome/tender,GEM/2026/B/7511503,Tender,,,,No,2026-09-04,2026-09-04,NEW
00b863911f15,NHPC,"R & M of Filtration Plant, Iron Elimination Plant and Overhead Tank along with supervision at Vidyut Nagar, Siliguri",Unclassified,,,,Unknown,https://www.nhpcindia.com/welcome/tender,GeM Bid No.: GEM/2026/B/7651074,Tender,,,,No,2026-09-04,2026-09-04,NEW
c480a09655fd,NHPC,"Repair & Painting of Water Supply complex situated at Awang Bazaar, Loktak Project.",Unclassified,,,,Unknown,https://www.nhpcindia.com/welcome/tender,NIT-1107 (O),NIT,,,,No,2026-09-04,2026-09-04,NEW
033a07d248a2,NHPC,"Purchase of spare parts of installed 02 nos. L.P. Compressor, Model: E15-7.5, Make-ELGI at Power House for Parbati-III Power Station-2026",Unclassified,,,,Unknown,https://www.nhpcindia.com/welcome/tender,GEM/2026/B/7492713,Tender,,,,No,2026-09-04,2026-09-04,NEW
e4eb61495bc3,NHPC,Up-keeping and R&amp;M of Vehicles &amp; Equipment of Mechanical Department (Workshop &amp; Transport Yard) at Loktak Project for a period of 02 (two) years,Unclassified,,,,Unknown,https://www.nhpcindia.com/welcome/tender,GEM/2026/B/7542019,Tender,,,,No,2026-09-04,2026-09-04,NEW
17f7383aba82,NHPC,"Providing Assistance for Regulation of water supply system at Dam and Residential complex at Sarthali of Sewa-II Power Station, Distt. Kathua, J&K for a period of 02 years (SC-717)",Unclassified,,Jammu and Kashmir,,Unknown,https://www.nhpcindia.com/welcome/tender,GEM/2026/B/7630404 Dated: 11-06-2026,Tender,,,,No,2026-09-04,2026-09-04,NEW
b4bc296e1297,NHPC,"Chain Link Fencing, Repair of Steps/Approach Path, Providing Temporary Roof Shed, Steel Railing & Other Miscellaneous Repair Works at Main Water Storage/Treatment/Supply Tank Site of Rangit Power Station",Unclassified,,,,Unknown,https://www.nhpcindia.com/welcome/tender,NH-RPS-CTS011(12)/4/2025-CIVIL TS/39,Tender,,,,Yes,2026-09-04,2026-09-04,NEW
af3173d358b4,NHPC,Purchase of Miscellaneous Electrical Items,Unclassified,,,,Unknown,https://www.nhpcindia.com/welcome/tender,GEM/2026/B/7584119 Dated: 10-06-2026,Tender,,,,No,2026-09-04,2026-09-04,NEW
64987067512c,NHPC,Purchase of Various Type of Gate Valve for Power House of Sewa-II Power Station.,Unclassified,,,,Unknown,https://www.nhpcindia.com/welcome/tender,GEM/2026/B/7625442 Dated: 10-06-2026,Tender,,,,No,2026-09-04,2026-09-04,NEW
174fa701c498,NHPC,Engagement of DGR Sponsored Private Security Agencies/Services at Sewa-II Power Station,Unclassified,,,,Unknown,https://www.nhpcindia.com/welcome/tender,GEM/2026/B/7616000 Dated: 10-06-2026,Tender,,,,No,2026-09-04,2026-09-04,NEW
005418f678d2,NHPC,"Pre-monsoon Repair of main drain at hill side of Switchyard area and Panbu road side drain at TLD-IV PS, Kalijhora",Unclassified,,,,Unknown,https://www.nhpcindia.com/welcome/tender,"NH/TLD-IV PS/P&C/W-956/2026/2270, Date: 10/06/2026",Tender,,,,No,2026-09-04,2026-09-04,NEW
84b31725de05,NHPC,"Running and Maintenance of Power House Sub-Store, Workshop and Canteen of Loktak Project at Leimatak for 02 (Two) years",Unclassified,,,,Unknown,https://www.nhpcindia.com/welcome/tender,GEM/2026/B/7537582,Tender,,,,No,2026-09-04,2026-09-04,NEW
daea5f815848,NHPC,"Construction of additional Security Posts at Nimoo Bazgo Power Station, Alchi, Leh (UT of Ladakh)”",Unclassified,,Ladakh,,Unknown,https://www.nhpcindia.com/welcome/tender,NBPS/CnP/2025-26/W-39/66,Tender,,,,No,2026-09-04,2026-09-04,NEW
f711840c4acd,NHPC,Procurement of Owner Controlled All Risk Insurance Policy (CAR &amp;amp;amp;amp;amp;amp;amp;amp; EAR) Policy along with Terrorism and Third Party Liability for Lot-3 Main Dam including coffer Dam and HM Works for dam of DMPP,Unclassified,,,,Unknown,https://www.nhpcindia.com/welcome/tender,NH/CCW/CC-II/CO-468/PR12926/27,Tender,,,,No,2026-09-04,2026-09-04,NEW
49047d226a9b,NHPC,Purchase of Optical Multiplexer,Unclassified,,,,Unknown,https://www.nhpcindia.com/welcome/tender,GEM/2026/B/7596277 Dated: 09-06-2026,Tender,,,,No,2026-09-04,2026-09-04,NEW
6f03b4b6d192,NHPC,Purchase of various types of Air Filters for AHU of HVAC systems for Parbati III Power Station- 2026,Unclassified,,,,Unknown,https://www.nhpcindia.com/welcome/tender,GEM/2026/B/7480601,Tender,,,,No,2026-09-04,2026-09-04,NEW
4778db925553,NHPC,"Chain Link Fencing at Outer Boundary, Painting of Old Club Building, Development of Approach Path for Existing Club and other Miscellaneous Works at Club of Rangit Power Station",Unclassified,,,,Unknown,https://www.nhpcindia.com/welcome/tender,NH-RPS-CTS011(12)/2/2025-CIVIL TS/38,Tender,,,,No,2026-09-04,2026-09-04,NEW
55e781fc76dd,NHPC,Repair & HP-HVOF coating work of 01 no. Top Cover & 01 no. Lower Ring of 115 MW Hydro Generating Unit of Salal Power Station.,Hydro,115.0,,,Unknown,https://www.nhpcindia.com/welcome/tender,NH/SPS/P&C/NIT-217/2026-27/150-159,NIT,,,115 MW,Yes,2026-09-04,2026-09-04,NEW
9c5c5a502a2f,NHPC,Purchase of POE and Non POE Switches,Unclassified,,,,Unknown,https://www.nhpcindia.com/welcome/tender,GEM/2026/B/7639179,Tender,,,,No,2026-09-04,2026-09-04,NEW
4f1d9ff7e2cf,NHPC,"Strengthening, replacement and shifting of damaged 11KV Lattice Structure (pole) of S/Yard to ECD and ECD to Dam 11KV HT Line",Unclassified,,,,Unknown,https://www.nhpcindia.com/welcome/tender,NH-RPS-ECD 014(14)/3/2025-ECD/37,Tender,,,,No,2026-09-04,2026-09-04,NEW
3661f907b083,NHPC,"Disposal of Solid waste of Township Complex, PHEP-II, Nagwain) for the period of one year of Parbati HE Project (Stage-II)” (Package No. C-839)",Unclassified,,,,Unknown,https://www.nhpcindia.com/welcome/tender,2026_NHPC_911865_1,Tender,,,,No,2026-09-04,2026-09-04,NEW
b6c970f0dd7f,NHPC,"Repairing, machining of 02 sets (48 Nos) Guide Vanes of Dulhasti Power Station",Unclassified,,,,Unknown,https://www.nhpcindia.com/welcome/tender,NH/DPSCONT/NIT-279/2026/E168618,NIT,,,,No,2026-09-04,2026-09-04,NEW
739bbb23855f,NHPC,"Drilling of 04 No. Bore wells and installation of casing pipe at Left Bank of Teesta-V Power Station, Balutar (Total Loss under Insurance Claim).",Unclassified,,,,Unknown,https://www.nhpcindia.com/welcome/tender,NH/TSV/Cont/CC-371/NIT-1079/2025-26/74 Dated: 06/06/2026 and E-Tender ID: 2026_NHPC_911857_1,NIT,,,,No,2026-09-04,2026-09-04,NEW
fb049df7b445,NHPC,"Procurement of UT Pumps (now Hydro Prokav) Triple Screw High Pressure Pump spares for MIV & Governor P.P. set at Sewa-II Power Station, NHPC Ltd., Mashka (J&K).",Hydro,,Jammu and Kashmir,,Unknown,https://www.nhpcindia.com/welcome/tender,GEM/2026/B/7603272 Dated: 05-06-2026,Tender,,,,Yes,2026-09-04,2026-09-04,NEW
fd04f5f1f7d6,NHPC,Purchase of Portable Air Dryer Unit for Transformers of Sewa-II Power Station.,Unclassified,,,,Unknown,https://www.nhpcindia.com/welcome/tender,GEM/2026/B/7603421 Dated: 05-06-2026,Tender,,,,No,2026-09-04,2026-09-04,NEW
e7febc879de5,NHPC,Restoration of Retaining wall along Sewa river damaged during flood near CISF canteen CPS-1.,Unclassified,,,,Unknown,https://www.nhpcindia.com/welcome/tender,NH/CPS-1/PnC/W-1645/2026-27/31 Dated: 05/06/2026,Tender,,,,No,2026-09-04,2026-09-04,NEW
01eff3b8f9ce,NHPC,"R & M of electrical System at RO-Siliguri, Vidyut Nagar, Satellite Township, District-Jalpaiguri, West Bengal on contractual basis for the period of 02 Years",Unclassified,,West Bengal,,Unknown,https://www.nhpcindia.com/welcome/tender,NH/RO-SLG/P&C/NIT-10/2026-2027/10 Dated: 05/06/2026,NIT,,,,No,2026-09-04,2026-09-04,NEW
023ad8daffc8,NHPC,Construction of a new retaining wall in place of the damaged retaining wall on the road from the hydrogen plant to the Surge Shaft (Comp. No.:162958),Unclassified,,,,Unknown,https://www.nhpcindia.com/welcome/tender,2026_NHPC_911423_1,Tender,,,,Yes,2026-09-04,2026-09-04,NEW
379821f0d47a,NHPC,River protection work near Khairi Bridge right hand side Pier CPS-1.,Unclassified,,,,Unknown,https://www.nhpcindia.com/welcome/tender,NH/CPS-1/PnC/W-1644/2026-27/30 Dated: 04/06/2026,Tender,,,,No,2026-09-04,2026-09-04,NEW
90d6823605af,NHPC,Supply of Fully Automatic Washing Machine.,Unclassified,,,,Unknown,https://www.nhpcindia.com/welcome/tender,GEM/2026/B/7613043,Tender,,,,No,2026-09-04,2026-09-04,NEW
1e771fa767b7,NHPC,"R&amp;M of Old Colony at Loktak Project, NHPC Limited for the period of 02 (two) years",Unclassified,,,,Unknown,https://www.nhpcindia.com/welcome/tender,GEM/2026/B/7565700,Tender,,,,No,2026-09-04,2026-09-04,NEW
ce4919089b8a,NHPC,Construction of new retaining wall in place of damaged retaining wall on Surge Shaft Road (Comp. No.162246),Unclassified,,,,Unknown,https://www.nhpcindia.com/welcome/tender,2026_NHPC_910975_1,Tender,,,,No,2026-09-04,2026-09-04,NEW
f9d79f0cf927,NHPC,Purchase of Air Conditioner for different locations of Sewa-II Power Station.,Unclassified,,,,Unknown,https://www.nhpcindia.com/welcome/tender,"GEM/2026/B/7608541, Dated: 03-06-2026",Tender,,,,No,2026-09-04,2026-09-04,NEW
da0409e380af,NHPC,Repair and Strengthening of Central store road and drain at SLP Gerukamukh colony.,Unclassified,,,,Unknown,https://www.nhpcindia.com/welcome/tender,NH/SLP/CONT/2026/C-06/NIT/705,NIT,,,,No,2026-09-04,2026-09-04,NEW
c24378147747,NHPC,Purchase of DESKTOP COMPUTER,Unclassified,,,,Unknown,https://www.nhpcindia.com/welcome/tender,GEM/2026/B/7584430,Tender,,,,No,2026-09-04,2026-09-04,NEW
3ab667dc4327,NHPC,Purchase of shaft seal spares for Power House of Uri Power Station.,Unclassified,,,,Unknown,https://www.nhpcindia.com/welcome/tender,GEM/2026/B/7526501 Dated: 03-06-2026,Tender,,,,No,2026-09-04,2026-09-04,NEW
4f749d0c8c62,NHPC,"Purchase of One no. Oil Screw Pump, Model No. T3ST 90/42 for OPU of TLD III Power Station",Unclassified,,,,Unknown,https://www.nhpcindia.com/welcome/tender,GEM/2026/B/7582961,Tender,,,,No,2026-09-04,2026-09-04,NEW
b358bc25489d,NHPC,Regarding Architectural Services for Construction of Executive/Officers Club at Uri-II Power Station,Unclassified,,,,Unknown,https://www.nhpcindia.com/welcome/tender,GEM/2026/B/7613512,Tender,,,,No,2026-09-04,2026-09-04,NEW
e7e28fd0b527,NHPC,Purchase of aluminium cable for power house of Parvati III Power Station - 2026,Unclassified,,,,Unknown,https://www.nhpcindia.com/welcome/tender,GEM/2026/B/7484105,Tender,,,,No,2026-09-04,2026-09-04,NEW
b34c1e30da39,NHPC,Construction of DG Shed Building for Installation of Diesel Generator at SLHEP Gerukamukh.,Unclassified,,,,Unknown,https://www.nhpcindia.com/welcome/tender,NH/SLP/CONT/2026/C-05/NIT/704,NIT,,,,No,2026-09-04,2026-09-04,NEW
5a1613bcad51,NHPC,"Construction of Ladies Washroom near Main Access Tunnel (MAT) of Power House, CPS-1.",Unclassified,,,,Unknown,https://www.nhpcindia.com/welcome/tender,NH/CPS-1/PnC/W-1643/2026-27/29 Dated:29/05/2026,Tender,,,,No,2026-09-04,2026-09-04,NEW
bfe319d27ca6,NHPC,Installation of single sided “W”metal beam crush barrier along the road from Sheelagarh Bridge to Hurla Bridge of Parbati-H.E. Project (Stage-II) (Package No-C-853),Unclassified,,,,Unknown,https://www.nhpcindia.com/welcome/tender,2026_NHPC_ 911102 _1,Tender,,,,No,2026-09-04,2026-09-04,NEW
feda64a2a0e4,NHPC,Hiring of Services for Running and Maintenance of Mechanical System of Loktak Power House for the period of 2 years,Unclassified,,,,Unknown,https://www.nhpcindia.com/welcome/tender,GEM/2026/B/7529611,Tender,,,,No,2026-09-04,2026-09-04,NEW
e7a346f9cb83,NHPC,"Provinding assistance for Running and maintenance of Project Dispensaries at Sewa-II Power Station, NHPC Limited, Mashka (J&K) for 02 years.",Unclassified,,Jammu and Kashmir,,Unknown,https://www.nhpcindia.com/welcome/tender,GEM/2026/B/7590429 Dated: 01-06-2026,Tender,,,,No,2026-09-04,2026-09-04,NEW
ac539476cdfb,NHPC,"Cleaning, Sweeping &amp; Up-Keeping of Powerhouse Complex and its Machineries &amp; Equipment at Sewa-II Power Station Distt. Kathua, J&amp;K for a period of 02 years (SC-715)",Unclassified,,,,Unknown,https://www.nhpcindia.com/welcome/tender,GEM/2026/B/7591280 Dated: 30-05-2026,Tender,,,,No,2026-09-04,2026-09-04,NEW
2f13afdce010,NHPC,"Engagement of DGR sponsored Private Security Agencies/ Services at Sewa-II Power Station, Mashka, District-Kathua, J&amp;K (SC-728)",Unclassified,,,,Unknown,https://www.nhpcindia.com/welcome/tender,GEM/2026/B/7544431 Dated: 30-05-2026,Tender,,,,No,2026-09-04,2026-09-04,NEW
e7f795a42c03,NHPC,"Construction of Civil works of Barrage and Stilling basin, U/s Plastic cutoff trench, Power Intake Structures,Tunnel, outfall Structure, associated HM works including adit plug, etc and associated works of Link-3 Project inHimachal Pradesh",Unclassified,,,,Unknown,https://www.nhpcindia.com/welcome/tender,NH/CCW/CCIII/CO467/PR11926/49,Tender,,,,No,2026-09-04,2026-09-04,NEW
4bd06ff87210,NHPC,"Lot-2a: Electro-mechanical works package (Except GSU Transformer, GIS, XLPE Cable and Switchyard Equipment) of 260 MW (2X130MW) Dulhasti Stage-II H.E Project, Kishtwar District of UT of J and K, India",Unclassified,260.0,,,Unknown,https://www.nhpcindia.com/welcome/tender,2026_NHPC_905459_1,Tender,,,260 MW,Yes,2026-09-04,2026-09-04,NEW
9ba1844d040a,NHPC,Purchase of Electrical Cables for Uri Power Station,Unclassified,,,,Unknown,https://www.nhpcindia.com/welcome/tender,GEM/2026/B/7597953 Dated: 29-05-2026,Tender,,,,No,2026-09-04,2026-09-04,NEW
55f7c2834e07,NHPC,Hiring of Services for Operation Duty of Power House of Loktak Power Station for the period of 02 years,Unclassified,,,,Unknown,https://www.nhpcindia.com/welcome/tender,GEM/2026/B/7519526,Tender,,,,No,2026-09-04,2026-09-04,NEW
0801e5c030bd,NHPC,Repair and PVC lining of 6 B-Type quarters and 12 A-Type quarters (Field Hostels) in Sewa Vihar colony at Mashka (J&K) (CW-732),Unclassified,,Jammu and Kashmir,,Unknown,https://www.nhpcindia.com/welcome/tender,NH/Sewa-II/Contracts/CW-732/2026-27/NIT-03/22 Dated: 29.05.2026,NIT,,,,No,2026-09-04,2026-09-04,NEW
449c70e3915a,NHPC,Providing assistance in instrumentation data collection and departmental survey work 2026 27 of TLDIV PS Kalijhora,Unclassified,,,,Unknown,https://www.nhpcindia.com/welcome/tender,GEM/2026/B/7569772 Dated: 27-05-2026,Tender,,,,No,2026-09-04,2026-09-04,NEW
b827f77bf032,NHPC,"Observation of Hydro-meteorological data and Silt analysis work at TLD-IV PS, Kalijhora (FY-2026-27)",Hydro,,,,Unknown,https://www.nhpcindia.com/welcome/tender,GEM/2026/B/7570469 Dated: 27-05-2026,Tender,,,,Yes,2026-09-04,2026-09-04,NEW
e8d28c6c94eb,NHPC,"Construction of Diversion Tunnels, Cofferdams, Main Dam including HM Works of Diversion Tunnels, approach roads and Bridges of Kamala H.E. Project (1720MW), Kamle district, Arunachal Pradesh (LOT-1)",Unclassified,1720.0,Arunachal Pradesh,,Unknown,https://www.nhpcindia.com/welcome/tender,2026_NHPC_899454_1,Tender,,,1720 MW,No,2026-09-04,2026-09-04,NEW
ac18bb872c46,NHPC,"Protection and cross drainage works on Garsa-Sheelagarh, Sheelagarh-Jiwa Nallah out fall and Sheelagarh-Hurla road of Parbati-H.E. Project (Stage-II) (Package No-C-863)",Unclassified,,,,Unknown,https://www.nhpcindia.com/welcome/tender,2026_NHPC_ 910466 _1,Tender,,,,No,2026-09-04,2026-09-04,NEW
9890749eccdf,NHPC,Purchase of six door personal locker unit without stand,Unclassified,,,,Unknown,https://www.nhpcindia.com/welcome/tender,GEM/2026/B/7588604,Tender,,,,No,2026-09-04,2026-09-04,NEW
46a8cf236b26,NHPC,HP 152A Black LaserJet Toner Cartridge,Unclassified,,,,Unknown,https://www.nhpcindia.com/welcome/tender,GEM/2026/B/7575292,Tender,,,,No,2026-09-04,2026-09-04,NEW
3ed602514a14,NHPC,"Construction of Multipurpose Community / Indoor Hall at Village Mashka, Tehsil Basohli, District Kathua under CSR-SD Programme (CSR-725)",Unclassified,,,,Unknown,https://www.nhpcindia.com/welcome/tender,NH/Sewa-II/Contracts/CSR-725/2026-27/NIT-02/21 Dated: 27.05.2026,NIT,,,,No,2026-09-04,2026-09-04,NEW
c59d541e0d9d,NHPC,Hiring of IBM Cloud Infrastructure services for IFS ERP Application for 2 years along with 24x7 support,Unclassified,,,,Unknown,https://www.nhpcindia.com/welcome/tender,GEM/2026/B/7500085,Tender,,,,No,2026-09-04,2026-09-04,NEW
c414c4672d76,NHPC,Purchase of Articulated Boom Lift for 132 KV Switchyard of Sewa-II Power Station.,Unclassified,,,,Unknown,https://www.nhpcindia.com/welcome/tender,"GEM/2026/B/7577977, Dated: 26-05-2026",Tender,,,,No,2026-09-04,2026-09-04,NEW
90b352ad24cc,NHPC,Operation and Maintenance of Diesel Power House Located at various places in Salal Power Station.,Unclassified,,,,Unknown,https://www.nhpcindia.com/welcome/tender,GEM/2026/B/7554276,Tender,,,,No,2026-09-04,2026-09-04,NEW
d8e66f16c11d,NHPC,"R&M of Electrical System, Equipment;s, Installations and Auxiliaries at (3X40 MW) Sewa-II Power house, Mashka, Distt. Kathua, UT of J&K.",Unclassified,40.0,Jammu and Kashmir,,Unknown,https://www.nhpcindia.com/welcome/tender,GEM/2026/B/7549248 Dated: 25-05-2026,Tender,,,40 MW,Yes,2026-09-04,2026-09-04,NEW
44f0b19e172d,NHPC,Hiring of Services for External Fire Safety Audit at Loktak Power Station for 02 years,Unclassified,,,,Unknown,https://www.nhpcindia.com/welcome/tender,GEM/2026/B/7496127,Tender,,,,No,2026-09-04,2026-09-04,NEW
3496690e6931,NHPC,"Providing support for Operation & Maintenance (O&M) of Power Plant Equipments,",Unclassified,,,,Unknown,https://www.nhpcindia.com/welcome/tender,GEM/2026/B/7550283 Dated: 25-05-2026,Tender,,,,Yes,2026-09-04,2026-09-04,NEW
546e3b066b27,NHPC,Balance Work in the Construction of Boundary Wall around NHPC Office-cum-Residential Complex and Old SSB Complex at Pasighat,Unclassified,,,,Unknown,https://www.nhpcindia.com/welcome/tender,NH/SIANGLOWER/NIT/2026/03,NIT,,,,No,2026-09-04,2026-09-04,NEW
c7316c100e09,NHPC,Construction of a new retaining wall in place of the damaged retaining wall on the road from the hydrogen plant to the Surge Shaft (Computer No: 162416) for further details visit- https://eprocure.gov.in/eprocure/app,Unclassified,,,,Unknown,https://www.nhpcindia.com/welcome/tender,2026_NHPC_910001_1,Tender,,,,Yes,2026-09-04,2026-09-04,NEW
e5dcaa0671da,NHPC,"Repair work of Admin Building and Field Hostel FH-1, 2, 4 at Office cum Residential Complex, Sawalkote HE Project, Tanger, Dist-Ramban, J&amp;amp;amp;amp;amp;amp;amp;amp;amp;amp;amp;K",Unclassified,,,,Unknown,https://www.nhpcindia.com/welcome/tender,2026_NHPC_909064_1,Tender,,,,No,2026-09-04,2026-09-04,NEW
3b10e54446b0,NHPC,Fabrication and Placing of 300 Nos of 1.5 Ton Concrete Tetra Pods on both the banks of river Sainj adjacent to Power House Complex Area of Parbati-H.E. Project (Stage-II) (Package No-C-864),Unclassified,,,,Unknown,https://www.nhpcindia.com/welcome/tender,2026_NHPC_ 910013 _1,Tender,,,,No,2026-09-04,2026-09-04,NEW
69efa52599ba,NHPC,Purchase of 6 No. of Revolving Search Light for TLD-III Power Station,Unclassified,,,,Unknown,https://www.nhpcindia.com/welcome/tender,GEM/2026/B/7533166,Tender,,,,No,2026-09-04,2026-09-04,NEW
808a5f7c6292,NHPC,Providing Catering Service and Upkeeping work of Field Hostel and Guest houses at Karian Township at Chamera-III Power Station for the period of 12 months. (as per attached additional terms and conditions).,Unclassified,,,,Unknown,https://www.nhpcindia.com/welcome/tender,GEM/2026/B/7504756,Tender,,,,No,2026-09-04,2026-09-04,NEW
2529382c3882,NHPC,Protection of Earthen Slopes of Power House Complex and other Misc works at Power House Complex of Sewa -II Power Station (CW-730),Unclassified,,,,Unknown,https://www.nhpcindia.com/welcome/tender,NH/Sewa-II/Contracts/CW-730/2026-27/NIT-01/19 दिनांक /Dated: 23.05.2026,NIT,,,,No,2026-09-04,2026-09-04,NEW
ad6659b826b9,NHPC,"Procurement of one number 11/220/√3 kV Single-Phase Generator Step Up Transformer for Chamera-III Power Station, NHPC Limited, Chamba, Himachal Pradesh .",Unclassified,,Himachal Pradesh,,Unknown,https://www.nhpcindia.com/welcome/tender,GEM/2026/B/7573418,Tender,,,,No,2026-09-04,2026-09-04,NEW
cbf5d89f18b8,NHPC,Purchase of spare parts for Flowmore Make Cooling Water Pumps working at Power House of Parbati III Power Station - 2026,Unclassified,,,,Unknown,https://www.nhpcindia.com/welcome/tender,GEM/2026/B/7480306,Tender,,,,No,2026-09-04,2026-09-04,NEW
8e69c9b0a62e,NHPC,"Supply, Installation, Testing and Commissioning of One No. Trash Rack Cleaning Machine (TRCM) at Dam Site, Chamera-II Power Station",Unclassified,,,,Unknown,https://www.nhpcindia.com/welcome/tender,GEM/2026/B/7530500,Tender,,,,No,2026-09-04,2026-09-04,NEW
db2c6d0202ef,NHPC,"Renovation of Leimatak Hospital at Loktak Power Station, Manipur.",Unclassified,,Manipur,,Unknown,https://www.nhpcindia.com/welcome/tender,NIT-1106 (O),NIT,,,,No,2026-09-04,2026-09-04,NEW
4af62aa82b36,NHPC,Re-babbitting of Thrust bearings pads of Parbati-III Power Station,Unclassified,,,,Unknown,https://www.nhpcindia.com/welcome/tender,"NH/PPS-III/NIT/PR11925/122/1/49, Dated: 21.05.2026",NIT,,,,Yes,2026-09-04,2026-09-04,NEW
155c9141d1d2,NHPC,Purchase of various type of Bearings for Power House of Parbati III power Station,Unclassified,,,,Unknown,https://www.nhpcindia.com/welcome/tender,GEM/2026/B/7465717,Tender,,,,No,2026-09-04,2026-09-04,NEW
50ccf07350d0,NHPC,"Construction of alternate alignment road leading to Chak village along with fencing on both sides, Kishanganga Power Station, Bandipora, J&amp;K (PKG-594)",Unclassified,,,,Unknown,https://www.nhpcindia.com/welcome/tender,2026_NHPC_909654_1,Tender,,,,No,2026-09-04,2026-09-04,NEW
502ddf8dba33,NHPC,Carrying out of diamond core drilling in Nx size in different formations at Hurla trench weir site of Parbati-H.E. Project (Stage-II) (Package No-C-871),Unclassified,,,,Unknown,https://www.nhpcindia.com/welcome/tender,2026_NHPC_ 909627_1,Tender,,,,No,2026-09-04,2026-09-04,NEW
0b9f38b2da42,NHPC,"Cleaning and Disinfection of Storage Water Tanks for Water Supply and Distribution System of Township at BSPS, Surangani for a period of Two Years (2026-2028)",Unclassified,,,,Unknown,https://www.nhpcindia.com/welcome/tender,NH/BSPS/CC/CW/01/2026-27/66,Tender,,,,Yes,2026-09-04,2026-09-04,NEW
adc89dcbff57,NHPC,"Procurement of Display Boards and Water Level Gauges including Supply, Content Development/Printing, Fabrication and Installation at Dam Complex for Compliance, Safety, and Operational Visibility",Unclassified,,,,Unknown,https://www.nhpcindia.com/welcome/tender,GEM/2026/B/7558357 Dated: 21-05-2026,Tender,,,,No,2026-09-04,2026-09-04,NEW
b7e7dad5c991,NHPC,Construction of a New Diversion-cumSediment Bypass Tunnel for Restoration of Concrete Dam Construction Sluices and Sediment Management of Salal Reservoir.,Unclassified,,,,Unknown,https://www.nhpcindia.com/welcome/tender,2026_NHPC_909568_1,Tender,,,,No,2026-09-04,2026-09-04,NEW
89d9f6e45217,NHPC,Purchase case of C&S make Air Circuit Breakers (ACB) for Station Service Board (SSB) and Unit Auxiliary Board (UAB) installed at Powerhouse of Sewa-II Power Station.,Unclassified,,,,Unknown,https://www.nhpcindia.com/welcome/tender,"GEM/2026/B/7530881, Dated: 21-05-2026",Tender,,,,No,2026-09-04,2026-09-04,NEW
5415c82facab,NHPC,"Supply of 35 HP Submersible Pump Head- 50 Meter, Discharge- 1000 LPM with 8” NRV",Unclassified,,,,Unknown,https://www.nhpcindia.com/welcome/tender,GEM/2026/B/7544922 Dated: 18-05-2026,Tender,,,,No,2026-09-04,2026-09-04,NEW
c8e9692209c1,NHPC,"Construction of Civil works of Barrage &amp;amp;amp; Stilling basin, River Diversion Arrangements, U/s Plastic cutoff trench, Power Intake Structures, Water Diversion Tunnel, outfall Structure, associated HM works including adit plugs and associated works of Chenab–Beas Link Tunnel Projects (Link-3) at Koksar, Lahaul-Spiti district of Himachal Pradesh",Unclassified,,Himachal Pradesh,,Unknown,https://www.nhpcindia.com/welcome/tender,NH/CCW/CC-III/CO-465/PR11926/49,Tender,,,,No,2026-09-04,2026-09-04,NEW
8b4bf04ad6dc,NHPC,Purchase of Hand Tools,Unclassified,,,,Unknown,https://www.nhpcindia.com/welcome/tender,GEM/2026/B/7524770 Dated: 20-05-2026,Tender,,,,No,2026-09-04,2026-09-04,NEW
43b6b057f308,NHPC,"Paintings of Spillway Stoplog, Intake Stoplog and Draft Tube Gates of TLD-IV Power Station",Unclassified,,,,Unknown,https://www.nhpcindia.com/welcome/tender,"NH/TLD-IV PS/P&C/W-939/2026/2253, Dated: 20/05/2026",Tender,,,,No,2026-09-04,2026-09-04,NEW
92ca7af0029a,NHPC,"Providing assistance in Canteen Facility in the Power House of Sewa-II Power Station, Mashka (J&K) for a period of Two Years",Unclassified,,Jammu and Kashmir,,Unknown,https://www.nhpcindia.com/welcome/tender,GEM/2026/B/7541788 Dated: 20-05-2026,Tender,,,,No,2026-09-04,2026-09-04,NEW
13a4dc1f3e42,NHPC,"Providing assistance for Running and Maintenance of surrounding area of Power House, LHPS, Surface Penstock, Surge shaft, TRC and Valve House etc. at Sewa-II Power Station, Mashka, Distt- Kathua (J&K) for a period of 2 years",Unclassified,,Jammu and Kashmir,,Unknown,https://www.nhpcindia.com/welcome/tender,GEM/2026/B/7540037 Dated: 20-05-2026,Tender,,,,No,2026-09-04,2026-09-04,NEW
74fa574fc002,NHPC,"Purchase of Furniture for Zorawar Hospital, Salal Power Station",Unclassified,,,,Unknown,https://www.nhpcindia.com/welcome/tender,GEM/2026/B/7541618,Tender,,,,No,2026-09-04,2026-09-04,NEW
75acd8a114f5,NHPC,Providing Assistance in Running and Maintenance of Medical Services Division of NHPC Corporate Office and Dispensary at NHPC Residential Colony for Two Years,Unclassified,,,,Unknown,https://www.nhpcindia.com/welcome/tender,GEM/2026/B/7484007,Tender,,,,No,2026-09-04,2026-09-04,NEW
a0aa71eac0d6,NHPC,"Service, repair and maintenance contract of Package/Ductable ACs installed at Power House And Colony of Chamera-I Power Station.",Unclassified,,,,Unknown,https://www.nhpcindia.com/welcome/tender,NH/CPS-1/PNC/W-1641/2026-27/27 Dated: 18/05/2026,Tender,,,,No,2026-09-04,2026-09-04,NEW
b874db3823c0,NHPC,"For services of Emergency Flood warning system (i.e. Installing and Commissioning, cloud storage, Bulk SMS service and integration of siren with API located at various location of Tanakpur Power Station",Unclassified,,,,Unknown,https://www.nhpcindia.com/welcome/tender,2026_NHPC_908986_1,Tender,,,,Yes,2026-09-04,2026-09-04,NEW
f4fa9cbdbcff,NHPC,Service Contract for the Maintenance of Computers and peripherals (including Local Area Network (LAN)) for 2026,Unclassified,,,,Unknown,https://www.nhpcindia.com/welcome/tender,GEM/2026/B/7501068,Tender,,,,No,2026-09-04,2026-09-04,NEW
415897339cae,NHPC,"Under Water Inspection, Checking, Cleaning and Temporary Sealing of HM Gates for the period of two years at Rangit Power Station, South Sikkim",Unclassified,,Sikkim,,Unknown,https://www.nhpcindia.com/welcome/tender,NH-RPS-HM012(16)/3/2025-DAM HM/29,Tender,,,,No,2026-09-04,2026-09-04,NEW
d9df56ced074,NHPC,Protection work at left bank of Jhelum and right bank of Open Channel (d/s of Dam),Unclassified,,,,Unknown,https://www.nhpcindia.com/welcome/tender,2026_NHPC_911298_1,Tender,,,,No,2026-09-04,2026-09-04,NEW
26ebc4c746ef,NHPC,Protection work of right bank of Jiwa Nallah along E&M Stores after damages occurred due to incident of Cloud brust on dated-25.06.2025 near Power House of Parbati-H.E. Project (Stage-II)(Package No-C-866),Unclassified,,,,Unknown,https://www.nhpcindia.com/welcome/tender,2026_NHPC_ 909075 _1,Tender,,,,No,2026-09-04,2026-09-04,NEW
4fdf85bc2939,NHPC,Hiring of 16 (Sixteen) Nos Photocopier Machines including Full Service Maintenance Agreement (FSMA) for a period of 5 (Five) years.,Unclassified,,,,Unknown,https://www.nhpcindia.com/welcome/tender,GEM/2026/B/7456831 Dated: 18-05-2026,Tender,,,,No,2026-09-04,2026-09-04,NEW
705eb89fae8c,NHPC,Purchase of Shaft Seal cooling water system of generating Units for Uri Power Station,Unclassified,,,,Unknown,https://www.nhpcindia.com/welcome/tender,GEM/2026/B/7408446 Dated: 16-05-2026,Tender,,,,No,2026-09-04,2026-09-04,NEW
da0eef82d499,NHPC,"Repair and Maintenance (R&amp;amp;M) of electrical installations located at Loktak, Ithai Barrage, and Lamdan—including the repair and maintenance of DG sets at Loktak, Ithai Barrage, and the Diesel Power House of Loktak Power Station",Unclassified,,,,Unknown,https://www.nhpcindia.com/welcome/tender,GEM/2026/B/7509255,Tender,,,,No,2026-09-04,2026-09-04,NEW
22dc099b9e5f,NHPC,"Purchase of Spare Parts of 04 Nos. HP Compressor, Model No.15T2,Make: Ingersoll Rand installed at Parbati III Power House",Unclassified,,,,Unknown,https://www.nhpcindia.com/welcome/tender,GEM/2026/B/7473824,Tender,,,,No,2026-09-04,2026-09-04,NEW
4cb0bd412ccb,NHPC,"Restoration of Barbed wire fencing from Morcha No. 9 to TRC and Main Gate to Switchyard of Leimatak Colony, Loktak Power Station.",Unclassified,,,,Unknown,https://www.nhpcindia.com/welcome/tender,NIT-1105 (O),NIT,,,,No,2026-09-04,2026-09-04,NEW
9db5219c7864,NHPC,Purchase of 12 Nos. Commercial All-in-one PC for Teesta Low Dam-III Power Station.,Unclassified,,,,Unknown,https://www.nhpcindia.com/welcome/tender,GEM/2026/B/7546187,Tender,,,,No,2026-09-04,2026-09-04,NEW
edb02b9a82f2,NHPC,"Repair of Primary School, Mongpong forest village under Pabringtar Gram Panchayat by TLD-IV PS Kalijhora",Unclassified,,,,Unknown,https://www.nhpcindia.com/welcome/tender,"NH/TLD-IV PS/P&C/W-954/2026/2245, Date: 15/05/2026",Tender,,,,No,2026-09-04,2026-09-04,NEW
7a6555d4cf36,NHPC,Purchase of Adobe Acrobat Pro Software for TLD-III Power Station.,Unclassified,,,,Unknown,https://www.nhpcindia.com/welcome/tender,GEM/2026/B/7522316,Tender,,,,No,2026-09-04,2026-09-04,NEW
7d53a1a53d30,NHPC,Purchase of Video Conferencing System Parbati III Power Station - 2026,Unclassified,,,,Unknown,https://www.nhpcindia.com/welcome/tender,GEM/2026/B/7443807,Tender,,,,No,2026-09-04,2026-09-04,NEW
370d5374a427,NHPC,Purchase of various consumables items,Unclassified,,,,Unknown,https://www.nhpcindia.com/welcome/tender,GEM/2026/B/7436262,Tender,,,,No,2026-09-04,2026-09-04,NEW
1f67101850ae,NHPC,"Inspection, testing and certification of pressure vessels and Lifting equipment's (For 02 years) of NHPC Sewa-2 Power Station (SC-722)",Unclassified,,,,Unknown,https://www.nhpcindia.com/welcome/tender,GEM/2026/B/7521006 Dated: 15-05-2026,Tender,,,,No,2026-09-04,2026-09-04,NEW
5dcff212fba4,NHPC,Annual Maintenance Contract (AMC) of Water Purifiers installed at Sewa-II Power Station,Unclassified,,,,Unknown,https://www.nhpcindia.com/welcome/tender,GEM/2026/B/7526401 Dated: 15-05-2026,Tender,,,,No,2026-09-04,2026-09-04,NEW
855c3818c4f9,NHPC,Purchase of Portable Air Dryer Unit for Transformers of Sewa-II Power Station.,Unclassified,,,,Unknown,https://www.nhpcindia.com/welcome/tender,GEM/2026/B/7522544 Dated: 14-05-2026,Tender,,,,No,2026-09-04,2026-09-04,NEW
ef4a6a305c77,NHPC,Hiring of 01 Nos electric inspection vehicle for Sewa-II Power Station,Unclassified,,,,Unknown,https://www.nhpcindia.com/welcome/tender,GEM/2026/B/7511629 Dated: 14-05-2026,Tender,,,,No,2026-09-04,2026-09-04,NEW
85d906447566,NHPC,Strengthening of Boundary wall of Store of Salal Power Station at Talwara.,Unclassified,,,,Unknown,https://www.nhpcindia.com/welcome/tender,NH/SPS/CD/NIT-119/2026-27/103-112 (Tender ID 2026_NHPC_908423 ),NIT,,,,No,2026-09-04,2026-09-04,NEW
9c78e7e84862,NHPC,Supply and Installation of 10 nos. All-in-One Computer,Unclassified,,,,Unknown,https://www.nhpcindia.com/welcome/tender,GEM/2026/B/7464274,Tender,,,,No,2026-09-04,2026-09-04,NEW
f275e0703333,NHPC,Construction of 2 Nos. Security Morcha at Old Store Behali of Parbati-III Power Station.,Unclassified,,,,Unknown,https://www.nhpcindia.com/welcome/tender,NH/PPS-III/NIT/PR11925/249/2/38 Dated 13.05.2026,NIT,,,,No,2026-09-04,2026-09-04,NEW
a1df3e866ed3,NHPC,Repair and maintenance work of residential buildings and roads in Kariyan Colony of Chamera-III Power Station,Unclassified,,,,Unknown,https://www.nhpcindia.com/welcome/tender,Bid Number : GEM/2026/B/7422255,Tender,,,,No,2026-09-04,2026-09-04,NEW
dcbca5bf9cf7,NHPC,"Repair of the approach footpath leading to the Holy Shiv Cave (Guffa) at Surman Village, Salal Power Station.",Unclassified,,,,Unknown,https://www.nhpcindia.com/welcome/tender,NH/SPS/CD/NIT-117/2026-27/81-90,NIT,,,,No,2026-09-04,2026-09-04,NEW
03af2cacb60d,NHPC,Repair and HP HVOF Coating of 01 No Runner of 77 MW Francis Hydro turbine of Chamera III Power Station during FY 2026 27 (Comp No 166480),Hydro,77.0,,,Unknown,https://www.nhpcindia.com/welcome/tender,2026_NHPC_908479_1,Tender,,,77 MW,Yes,2026-09-04,2026-09-04,NEW
99e0acee92c4,NHPC,Hiring of MAHINDRA BOLERO B4 NEW LATEST MODEL or Higher version on 24 Hrs Wet Hiring Basis for CPS-1.,Unclassified,,,,Unknown,https://www.nhpcindia.com/welcome/tender,NH/CPS-I/PnC/W-1636/2026-27/ 90 DATED: 11/05/2026,Tender,,,,No,2026-09-04,2026-09-04,NEW
3e944cd35309,NHPC,Hiring of New Latest MAHINDRA SCORPIO CLASSIC or Higher version on 24 Hrs Wet Hiring Basis for CPS-1.,Unclassified,,,,Unknown,https://www.nhpcindia.com/welcome/tender,NH/CPS-I/PNC/W-1633/2026-27/ 20 DATED: 01/05/2026,Tender,,,,No,2026-09-04,2026-09-04,NEW
4aa38f86d521,NHPC,Purchase of James Walker make SOLOSELE Rubber Seals for Uri Power Station,Unclassified,,,,Unknown,https://www.nhpcindia.com/welcome/tender,GEM/2026/B/7505710 Dated: 12-05-2026,Tender,,,,No,2026-09-04,2026-09-04,NEW
93f3bda4b3a4,NHPC,Procurement of Two (02) no. Xylem Make Potable Cooling Water Pumps for Uri Power Station,Unclassified,,,,Unknown,https://www.nhpcindia.com/welcome/tender,GEM/2026/B/7507641 Dated: 12-05-2026,Tender,,,,No,2026-09-04,2026-09-04,NEW
889a12c555c1,NHPC,"Lining work by steel ribs and reinforced cement concrete in the main access tunnel (MAT) of the power house of Uri -II Power Station, Baramulla, JK",Unclassified,,,,Unknown,https://www.nhpcindia.com/welcome/tender,2026_NHPC_908345_1,Tender,,,,No,2026-09-04,2026-09-04,NEW
56b7b7d39066,NHPC,"Construction of 05 no. bunkers in residential cum office complex of Uri-II Power Station, JK",Unclassified,,,,Unknown,https://www.nhpcindia.com/welcome/tender,2026_NHPC_908334_1,Tender,,,,No,2026-09-04,2026-09-04,NEW
9aa3e745317a,NHPC,"Purchase of New Batteries and buyback of old and used batteries for Chamera-III PS, 220V DC Battery Bank.",Unclassified,,,,Unknown,https://www.nhpcindia.com/welcome/tender,GEM/2026/B/7485455,Tender,,,,Yes,2026-09-04,2026-09-04,NEW
9fe4ab994c44,NHPC,Annual Maintenance Contract (AMC) of CCTV System of Sewa-II PS for 02 years,Unclassified,,,,Unknown,https://www.nhpcindia.com/welcome/tender,GEM/2026/B/7518964 Dated: 11-05-2026,Tender,,,,No,2026-09-04,2026-09-04,NEW
0dfca573d787,NHPC,Monetization of Free Cash component (Return on Equity) of Uri-II &amp;amp;amp;amp;amp;amp;amp;amp;amp;amp;amp;amp;amp;amp;amp;amp;amp;amp;amp; Dhauliganga Power Station for next ten-years in single tranche during FY 2026-2027,Unclassified,,,,Unknown,https://www.nhpcindia.com/welcome/tender,NH/CCW/CC-II/CO-463/PR10026/35,Tender,,,,No,2026-09-04,2026-09-04,NEW
67cbc9b10691,NHPC,"पावर हाउस के लिए Dry Block cum Stirred Liquid Bath RTD,DTT, Thermocouple Calibrator with inbuilt indicator की खरीद हेतू क्रय प्र्स्ताव",Unclassified,,,,Unknown,https://www.nhpcindia.com/welcome/tender,GEM/2026/B/7438996,Tender,,,,No,2026-09-04,2026-09-04,NEW
5341cce91724,NHPC,Hiring of six (06) nos. of Mahindra Bolero 1500cc equivalent or higher on contractor basis for Three (03) year for Dulhasti Power Station Kishtwar,Unclassified,,,,Unknown,https://www.nhpcindia.com/welcome/tender,NH/DPS/CONT/NIT-270/2026/ E163993 dated 11.05.2026,NIT,,,,No,2026-09-04,2026-09-04,NEW
f03b62078437,NHPC,Comprehensive Repair of Damaged Runner OP 1 and OP 3 of Dulhasti Power Station 2026 and 2027,Unclassified,,,,Unknown,https://www.nhpcindia.com/welcome/tender,NHDPS/CONT/NIT271/2026/E168606,Tender,,,,No,2026-09-04,2026-09-04,NEW
4ece4e39b7cf,NHPC,"Repair of external roads from Switchyard to Power House (RD- 0 m to 2306 m) and Dam security gate to culvert (RD - 2306 to 4656 m) at NBPS, Leh, UT- Ladakh",Unclassified,,Ladakh,,Unknown,https://www.nhpcindia.com/welcome/tender,NBPS/CnP/2026-27/W-33/260,Tender,,,,No,2026-09-04,2026-09-04,NEW
5b44d1e53ac0,NHPC,Service Contract for Running and maintenance of residential buildings and roads in Karian Colony at Chamera-III Power Station for the period of 12 months,Unclassified,,,,Unknown,https://www.nhpcindia.com/welcome/tender,GEM/2026/B/7422255,Tender,,,,No,2026-09-04,2026-09-04,NEW
3b494042dd4a,NHPC,Re-Wiring of 24-E-Type and 24-D-Type Quarters located at Tanakpur Power Station,Unclassified,,,,Unknown,https://www.nhpcindia.com/welcome/tender,2026_NHPC_908093_1,Tender,,,,No,2026-09-04,2026-09-04,NEW
6c4ad967238f,NHPC,"Providing Security Services of Ex-Serviceman through DGR Registered Agencies at Regional Office, Chandigarh",Unclassified,,Chandigarh,,Unknown,https://www.nhpcindia.com/welcome/tender,"Reff. No: NH/RO-CHD/PNC/2026/10, CPP Tender ID: 2026_NHPC_907490_1",Tender,,,,No,2026-09-04,2026-09-04,NEW
134b884704ae,NHPC,Regarding Re-wiring of dam and power house drainage gallery Illumination system at TLDP-IV Power Station,Unclassified,,,,Unknown,https://www.nhpcindia.com/welcome/tender,NH/TLD-IV PS/P&C/W-949/2026/2238 Date:09/05/2026,Tender,,,,Yes,2026-09-04,2026-09-04,NEW
0b5296091787,NHPC,"“Repair and Renovation of Type-IIB Quarters under possession of Teesta-VI HE Project at Balutar, Sikkim.",Unclassified,,Sikkim,,Unknown,https://www.nhpcindia.com/welcome/tender,NH/Teesta-VI/P&amp;amp;amp;C/NIT-43/2026/930,NIT,,,,No,2026-09-04,2026-09-04,NEW
cb26ae0e3b7c,NHPC,Hydrographic survey of Salal Dam reservoir at Dhyangarh for the year 2026,Unclassified,,,,Unknown,https://www.nhpcindia.com/welcome/tender,No NH/SPS/PnC/NIT-118/26-27/71-80 (CPPP Tender ID 2026_NHPC_907690_1 ),NIT,,,,Yes,2026-09-04,2026-09-04,NEW
974dbeaead93,NHPC,purchase and installation of of Snooker/Billiards Table and TT Table,Unclassified,,,,Unknown,https://www.nhpcindia.com/welcome/tender,GEM/2026/B/7460150,Tender,,,,No,2026-09-04,2026-09-04,NEW
c87f2ee7195d,NHPC,Purchase of tools for Power House,Unclassified,,,,Unknown,https://www.nhpcindia.com/welcome/tender,GEM/2026/B/7446973,Tender,,,,No,2026-09-04,2026-09-04,NEW
4ddf006bd4ef,NHPC,Purchase of mechanical Seal for the Pump installed in the powerhouse of Parbati III Power Station - 2026,Unclassified,,,,Unknown,https://www.nhpcindia.com/welcome/tender,GEM/2026/B/7449604,Tender,,,,No,2026-09-04,2026-09-04,NEW
1390e64dfa72,NHPC,Providing assistance for Running and Maintenance of Construction Plant/Equipment and Vehicles of Tanakpur Power Station for the year 2026-28.,Unclassified,,,,Unknown,https://www.nhpcindia.com/welcome/tender,GEM/2026/B/7446266,Tender,,,,No,2026-09-04,2026-09-04,NEW
dcf5f109b0d6,NHPC,Purchase of Electromechanical Tyre Killer for Powerhouse Main Entry Gate check point of Sewa-II Power Station,Unclassified,,,,Unknown,https://www.nhpcindia.com/welcome/tender,GEM/2026/B/7481325 Dated: 08-05-2026,Tender,,,,No,2026-09-04,2026-09-04,NEW
beea46f490eb,NHPC,Purchase of Automatic Boom Barrier for Powerhouse Main Entry Gate check point of Sewa-II Power Station,Unclassified,,,,Unknown,https://www.nhpcindia.com/welcome/tender,GEM/2026/B/7481323 Dated: 08-05-2026,Tender,,,,No,2026-09-04,2026-09-04,NEW
5d22ca57c8ea,NHPC,"Overhauling and Replacement of Filter Media of Filtration Plant TLD-IV Power Station, Kalijhora",Unclassified,,,,Unknown,https://www.nhpcindia.com/welcome/tender,"NH/TLD-IV PS/P&C/W-952/2026/2037, Dated: 07/05/2026",Tender,,,,No,2026-09-04,2026-09-04,NEW
ec86d3e02ac4,NHPC,Purchase of Radar-Based Water Level Sensors along with Controller Unit for Power House.,Unclassified,,,,Unknown,https://www.nhpcindia.com/welcome/tender,GEM/2026/B/7453437 Dated: 06-05-2026,Tender,,,,No,2026-09-04,2026-09-04,NEW
8f6768f08fdf,NHPC,"Internal inspection/troubleshooting, repair, and rectification work of single-phase GSU Transformers 11/220/√3kV, 32 MVA operating at Chamera-III Power Station, Dharwala",Unclassified,,,,Unknown,https://www.nhpcindia.com/welcome/tender,GEM/2026/B/7419963,Tender,,,,No,2026-09-04,2026-09-04,NEW
35a6609a7acd,NHPC,"Supply of Heat Exchanger Plates and Gaskets for Unit Cooling System at Chamera-III Power Station, Chamba (Himachal Pradesh).",Unclassified,,Himachal Pradesh,,Unknown,https://www.nhpcindia.com/welcome/tender,GEM/2026/B/7466888,Tender,,,,No,2026-09-04,2026-09-04,NEW
3e1772242244,NHPC,Purchase of 01 no. of D685-4834D and 01 no. of D685-4836E Moog make 3-Stage Proportional Control Valves for Power House of TLD-III Power Station.,Unclassified,,,,Unknown,https://www.nhpcindia.com/welcome/tender,GEM/2026/B/7449455,Tender,,,,No,2026-09-04,2026-09-04,NEW
a168c596ef7c,NHPC,"Repair and Maintenance of Downstream Apron and Right Bank Slope at Dam Site of Kishanganga Power Station, Gurez, Bandipora, J and K (PKG-588).",Unclassified,,,,Unknown,https://www.nhpcindia.com/welcome/tender,2026_NHPC_907680_1,Tender,,,,No,2026-09-04,2026-09-04,NEW
dc09877b0426,NHPC,Running and Maintenance of Executive &amp;amp; Non-Executive Field Hostels and Canteen Services at Samdong Colony(2026-2028),Unclassified,,,,Unknown,https://www.nhpcindia.com/welcome/tender,NH/TSV/Cont/RM-218/NIT-1078/2026-27/37 Dated: 06/05/2026 and GEM Bid No. GEM/2026/B/7507778,NIT,,,,No,2026-09-04,2026-09-04,NEW
e4e65a4629b6,NHPC,"Restoration of Retaining wall along sewa river damaged during flood in front of DC Office, CISF.",Unclassified,,,,Unknown,https://www.nhpcindia.com/welcome/tender,NH/CPS-1/PnC/W-1634/2026-27/25 Dated 06/05/2026,Tender,,,,No,2026-09-04,2026-09-04,NEW
eee9621025be,NHPC,"Purchase of Tranter make heat exchanger plates, Gasket set and Gasket adhesive for Power House of TLD-III Power Station.",Unclassified,,,,Unknown,https://www.nhpcindia.com/welcome/tender,GEM/2026/B/7449421,Tender,,,,No,2026-09-04,2026-09-04,NEW
7aab8d410868,NHPC,"Providing Box culvert at Dhaee Nala on Taleru – Power House Road, CPS-1.",Unclassified,,,,Unknown,https://www.nhpcindia.com/welcome/tender,NH/CPS-1/PnC/W-1632/2026-27/23 Dated: 05/05/2026,Tender,,,,No,2026-09-04,2026-09-04,NEW
48265fdd4659,NHPC,Purchase and Installation of Modular Workstation at various offices in Uri II Power Station,Unclassified,,,,Unknown,https://www.nhpcindia.com/welcome/tender,GEM/2026/B/7476552,Tender,,,,No,2026-09-04,2026-09-04,NEW
606f823ec68f,NHPC,Purchase of Log Management Server Solution.,Unclassified,,,,Unknown,https://www.nhpcindia.com/welcome/tender,GEM/2026/B/7454407,Tender,,,,No,2026-09-04,2026-09-04,NEW
a22fb6dfb115,NHPC,Repair of Kalijhora Primary School and drinking water supply under Kalijhora Gram Panchayat by TLD-IV PS Kalijhora,Unclassified,,,,Unknown,https://www.nhpcindia.com/welcome/tender,"NH/TLD-IV PS/P&C/W-951/2026/2235, Date: 04/05/2026",Tender,,,,No,2026-09-04,2026-09-04,NEW
264d8f1f6569,NHPC,"Providing assistance for cleaning of trash and operation of TRCM at HM Barrage, Tanakpur Power Station",Unclassified,,,,Unknown,https://www.nhpcindia.com/welcome/tender,GEM/2026/B/7484826,Tender,,,,No,2026-09-04,2026-09-04,NEW
cddc60cb6c55,NHPC,REPAIR OF TRANSFORMERS,Unclassified,,,,Unknown,https://www.nhpcindia.com/welcome/tender,2026_NHPC_907251_1,Tender,,,,No,2026-09-04,2026-09-04,NEW
b92169511132,NHPC,"Repair and renovation work of Field Hostel at NHPC Residential Complex, Dawar, Gurez of Kishanganga Power Station, Bandipora, J and K (PKG-585).",Unclassified,,,,Unknown,https://www.nhpcindia.com/welcome/tender,2026_NHPC_907345_1,Tender,,,,No,2026-09-04,2026-09-04,NEW
b5913db154fb,NHPC,"Purchase of Loader cum Excavator for Chamera-III Power station, Dharwala, Chamba, H.P.",Unclassified,,,,Unknown,https://www.nhpcindia.com/welcome/tender,GEM/2026/B/7410247,Tender,,,,No,2026-09-04,2026-09-04,NEW
997ef01886a0,NHPC,Construction of PCC retaining wall in place of damaged retaining wall on Adit-VI Road ( E-office no. 161647),Unclassified,,,,Unknown,https://www.nhpcindia.com/welcome/tender,2026_NHPC_907190_1,Tender,,,,No,2026-09-04,2026-09-04,NEW
3e6cd035508d,NHPC,"Providing services of running and Maintenance of Electrical Infra Division left bank of Dibang Multipurpose Project, 2880MW Roing, Arunachal Pradesh",Unclassified,2880.0,Arunachal Pradesh,,Unknown,https://www.nhpcindia.com/welcome/tender,GEM/2026/B/7418192,Tender,,,2880 MW,No,2026-09-04,2026-09-04,NEW
8a1a1a9413fc,NHPC,"Supply, Installation, Testing & Commissioning of Carbon Dust Collector System &#40;CDCS&#41; for 03 Nos. of Generators of Sewa-II Power Station.",Unclassified,,,,Unknown,https://www.nhpcindia.com/welcome/tender,GEM/2026/B/7462948 Dated: 04-05-2026,Tender,,,,No,2026-09-04,2026-09-04,NEW
dbf4540dcef9,NHPC,Purchase of BHEL make spare Stator Bars for UNIT#1 & UNIT#3 OF NHPC Ltd.- Sewa-II Power Station.,Unclassified,,,,Unknown,https://www.nhpcindia.com/welcome/tender,GEM/2026/B/7447460 Dated: 04-05-2026,Tender,,,,No,2026-09-04,2026-09-04,NEW
8185b97a9f10,NHPC,"Construction of temporary shed for new DG set and railing at Dam site of Uri-II Power Station, JK",Unclassified,,,,Unknown,https://www.nhpcindia.com/welcome/tender,2026_NHPC_907245_1,Tender,,,,No,2026-09-04,2026-09-04,NEW
ddf248122f15,NHPC,"Up-keeping of Salal Power House Stage I & II including Toilets/bathrooms and operation of 35KLD Prefabricated Sewage Treatment Plant at Power House, for a period of Two year.",Unclassified,,,,Unknown,https://www.nhpcindia.com/welcome/tender,GEM/2026/B/7431801,Tender,,,,No,2026-09-04,2026-09-04,NEW
1bde6261f998,NHPC,Repair of Spillway bucket 01 with HPC M65 grade Concrete for maintaining original profile &amp; repair of patches of spillway of concrete dam and Silt gallery with Cementitious mortar (R-4),Unclassified,,,,Unknown,https://www.nhpcindia.com/welcome/tender,NH/SPS/P&amp;C/NIT-114/26-27/39-48,NIT,,,,No,2026-09-04,2026-09-04,NEW
e2da7be7b233,NHPC,"Supply, Testing, Commissioning and Trial Run of Lifting Beam Assembly of 40 T Gantry Crane at Dam site of Uri-II Power Station",Unclassified,,,,Unknown,https://www.nhpcindia.com/welcome/tender,GEM/2026/B/7451567,Tender,,,,No,2026-09-04,2026-09-04,NEW
a2ae2fcbc8ff,NHPC,"Upkeeping work of Power House area, Kishanganga Power Station, Bandipora, J and K for 24 months (PKG-596).",Unclassified,,,,Unknown,https://www.nhpcindia.com/welcome/tender,GEM/2026/B/7476291,Tender,,,,No,2026-09-04,2026-09-04,NEW
23872ca367c4,NHPC,"Repair and internal painting of C-type quarters C1 to C32 (32 Nos.) at CPS-1, Khairi.",Unclassified,,,,Unknown,https://www.nhpcindia.com/welcome/tender,NH/CPS-1/PnC/W-1635/2026-27/22 Dated:01/05/2026,Tender,,,,No,2026-09-04,2026-09-04,NEW
badad907e322,NHPC,"Balance works of “Construction of Permanent office building at Left bank, NBPS Colony, Alchi, Leh, UT-Ladakh”",Unclassified,,Ladakh,,Unknown,https://www.nhpcindia.com/welcome/tender,NBPS/CnP/2026-27/W-34/262,Tender,,,,No,2026-09-04,2026-09-04,NEW
88ef6b5c43b1,NHPC,Goli Road R- Wall near RD 0.0 on Dam Goli - Road (154-A).,Unclassified,,,,Unknown,https://www.nhpcindia.com/welcome/tender,NH/CPS-1/PnC/W-1631/2026-27/19 Dated: 01/05/2026,Tender,,,,No,2026-09-04,2026-09-04,NEW
bde4c8dc1ad8,NHPC,Running and Maintenance of Canteen at Uri-II Power House for a period of 02 years,Unclassified,,,,Unknown,https://www.nhpcindia.com/welcome/tender,GEM/2026/B/7466353,Tender,,,,No,2026-09-04,2026-09-04,NEW
12bc3b309425,NHPC,Procurement of Nuts and Bolts for the Runner of Loktak Power House,Unclassified,,,,Unknown,https://www.nhpcindia.com/welcome/tender,GEM/2026/B/7410607,Tender,,,,No,2026-09-04,2026-09-04,NEW
5b1c2835a7ee,NHPC,"Purchase of Toner-Canon,HP, Xerox",Unclassified,,,,Unknown,https://www.nhpcindia.com/welcome/tender,GEM/2026/B/7399460 Dated: 01-05-2026,Tender,,,,No,2026-09-04,2026-09-04,NEW
a1399dd716f3,NHPC,Providing Manpower Assistance Services for Operation and Maintenance of Site Camps,Unclassified,,,,Unknown,https://www.nhpcindia.com/welcome/tender,GEM/2026/B/7439940,Tender,,,,No,2026-09-04,2026-09-04,NEW
29ae2359ecc1,NHPC,Procurement of Satellite Imagery Data,Unclassified,,,,Unknown,https://www.nhpcindia.com/welcome/tender,GEM/2026/B/7435260,Tender,,,,No,2026-09-04,2026-09-04,NEW
ee3bd437a5fb,NHPC,"Providing Running and Maintenance and other Miscellaneous Services for Two Field hostels one Ezengo II near Helipad and the other Mayu II near Veterinary Office for 02 Two year at Dibang Multipurpose Project, Roing Arunachaal Pradesh.",Unclassified,,,,Unknown,https://www.nhpcindia.com/welcome/tender,GEM/2026/B/7379701,Tender,,,,No,2026-09-04,2026-09-04,NEW
459ecafc7bbb,NHPC,"Providing Running and Maintenance of departmental vehicle and heavy equipment of workshop and transport division for (02) Two year at Dibang Multipurpose Project, Roing, Arunachal Pradesh",Unclassified,,Arunachal Pradesh,,Unknown,https://www.nhpcindia.com/welcome/tender,GEM/2026/B/7394758,Tender,,,,No,2026-09-04,2026-09-04,NEW
bf2fab922d51,NHPC,"Hiring of Two (02) nos. Mahindra Bolero, Model B4 (Diesel) or higher with Driver and with fuel (reimbursable) for two years",Unclassified,,,,Unknown,https://www.nhpcindia.com/welcome/tender,GEM/2026/B/7423836,Tender,,,,No,2026-09-04,2026-09-04,NEW
288250e5145c,NHPC,Purchase of All in One -Desktop Computer Parbati III Power Station - 2026,Unclassified,,,,Unknown,https://www.nhpcindia.com/welcome/tender,GEM/2026/B/7450977,Tender,,,,No,2026-09-04,2026-09-04,NEW
3dc865d55fd7,NHPC,Annual Maintenance Contract AMC for Hiring of service Engineer from Statcon Energiaa Pvt Ltd for Servicing of 02 Nos 220VDC and 02 Nos 48VDC Chargers installed at UriII Power House for Two consecutive years,Unclassified,,,,Unknown,https://www.nhpcindia.com/welcome/tender,GEM/2026/B/7431784,Tender,,,,No,2026-09-04,2026-09-04,NEW
406721da27e7,NHPC,Routine Maintenance of 4X60MW Hydro-Generating Equipment&#039;s and Auxiliaries of Uri-II Power Station,Hydro,60.0,,,Unknown,https://www.nhpcindia.com/welcome/tender,GEM/2026/B/7490737,Tender,,,60 MW,Yes,2026-09-04,2026-09-04,NEW
b39d5f4f10da,NHPC,Restoration of Retaining wall along sewa river damaged during floodnear work shop CPS-1,Unclassified,,,,Unknown,https://www.nhpcindia.com/welcome/tender,NH/CPS-1/PnC/W-1629/2026-27/17 Dated: 30/04/2026,Tender,,,,No,2026-09-04,2026-09-04,NEW
53e700399e2f,NHPC,Providing and fixing of roof cover for sedimentation tank of pump House at Lower Samleu.,Unclassified,,,,Unknown,https://www.nhpcindia.com/welcome/tender,NH/CPS-1/P&C/W-1591/2026-27/16 Dated: 29/04/2026,Tender,,,,No,2026-09-04,2026-09-04,NEW
0706ccb1e6da,NHPC,Hiring of 05 Nos. Inspection and Commercial Vehicles for the use at Uri-II Power Station,Unclassified,,,,Unknown,https://www.nhpcindia.com/welcome/tender,2026_NHPC_906965_1,Tender,,,,No,2026-09-04,2026-09-04,NEW
2aaa1df37acc,NHPC,Restoration-Protection Work of Dumping Site-3 Tareda,Unclassified,,,,Unknown,https://www.nhpcindia.com/welcome/tender,NH/PPS-III/NIT/PR11925/239/1/29 Dated 29.04.2026,NIT,,,,No,2026-09-04,2026-09-04,NEW
5264f567d02f,NHPC,"Work of laying 40 mm thick gravel above the ground in 400KV, 33KV area and 9 number DG area in the Potheadyard of the Switchyard Complex located at Chamera Power Station-I, Khairi.",Unclassified,,,,Unknown,https://www.nhpcindia.com/welcome/tender,NH/CPS-1/P&C/W-1625/2026-27/15 Dated: 29/04/2026,Tender,,,,No,2026-09-04,2026-09-04,NEW
0c2e58d8f63f,NHPC,Repair of Faulty Modules of CMR and Excitation System,Unclassified,,,,Unknown,https://www.nhpcindia.com/welcome/tender,NH/PPS-III/NIT/PR11925/198/1/27 Dated 29.04.2026,NIT,,,,No,2026-09-04,2026-09-04,NEW
47e4ceb8896f,NHPC,Repair and Painting of Hospital and Boundary wall including other development work at Head Quarter of CRPF 32 BN under Loktak Power Station.,Unclassified,,,,Unknown,https://www.nhpcindia.com/welcome/tender,NIT-1104 (O),NIT,,,,No,2026-09-04,2026-09-04,NEW
e983634bcf88,NHPC,"Comprehensive Maintenance Contract of Computers, laptops, services, IT peripherals &amp; UPS for a period of two (02) years",Unclassified,,,,Unknown,https://www.nhpcindia.com/welcome/tender,GEM/2026/B/7340428,Tender,,,,No,2026-09-04,2026-09-04,NEW
b3a1b0d354cd,NHPC,"Special Repair of Spillway Piers with Class R-4 cement based mortar at the Dam site of Kishanganga Power Station, Gurez, Bandipora, J and K (PKG-591).",Unclassified,,,,Unknown,https://www.nhpcindia.com/welcome/tender,2026_NHPC_906857_1,Tender,,,,No,2026-09-04,2026-09-04,NEW
80517b01e22a,NHPC,"Painting and miscellaneous repair of Admin Building , Uri Power Station, Gingle.",Unclassified,,,,Unknown,https://www.nhpcindia.com/welcome/tender,NIT NO. NH/UPS/PCS/C-144/NIQ-120/486 Dated 27.04.2026,NIT,,,,No,2026-09-04,2026-09-04,NEW
a3923767a258,NHPC,"Repair of boundary wall, waterproofing of corrugated roof sheets, painting and othercivil works of SMD office, canteen and petrol pump, CPS-1 located at CPS-I, Khairi.",Unclassified,,,,Unknown,https://www.nhpcindia.com/welcome/tender,NH/CPS-1/P&C/W-1626/2026-27/14 Dated:28/04/2026,Tender,,,,No,2026-09-04,2026-09-04,NEW
a46df33cf295,NHPC,Purchase of interlocking paver blocks for widening of the road and construction of other footpaths in the colony premises of Tanakpur Power Station,Unclassified,,,,Unknown,https://www.nhpcindia.com/welcome/tender,GEM/2026/B/7454726,Tender,,,,No,2026-09-04,2026-09-04,NEW
76c19e0cef6a,NHPC,"Supply, Installation and commissioning of two (02) Nos Refrigerated Type Compressed Air Dryer suitable for achieving a pressure dew point between 3°C and 10°C and compatible with existing Air Compressors",Unclassified,,,,Unknown,https://www.nhpcindia.com/welcome/tender,GEM/2026/B/7421578,Tender,,,,No,2026-09-04,2026-09-04,NEW
862e30f0aea7,NHPC,Construction of Foundation &amp;amp; Flooring for 03 Nos of Prefab Shelters made for PUF panels for the Valve House site of Parbati-H.E. Project (Stage-II) (Package No-C-850),Unclassified,,,,Unknown,https://www.nhpcindia.com/welcome/tender,2026_NHPC_ 906574 _1,Tender,,,,No,2026-09-04,2026-09-04,NEW
c4725e4c830a,NHPC,"Regular dewatering , water level monitoring of Shaft near slide zone & AB-11 and clearing of weeds along Penstock at Loktak Project NHPC Limited for a period of two 02 year",Unclassified,,,,Unknown,https://www.nhpcindia.com/welcome/tender,GEM/2026/B/7459290,Tender,,,,No,2026-09-04,2026-09-04,NEW
b8c9dda406bd,NHPC,Procurement of Desktop PCs and UPS Units.,Unclassified,,,,Unknown,https://www.nhpcindia.com/welcome/tender,GEM/2026/B/7420103,Tender,,,,No,2026-09-04,2026-09-04,NEW
1e56b0b4703d,NHPC,"Construction of Left Bank Spillway Extension wall up to the Diversion Tunnel Outlet at Dam Site of Kishanganga Power Station, Gurez, Bandipora, J and K (PKG-590).",Unclassified,,,,Unknown,https://www.nhpcindia.com/welcome/tender,2026_NHPC_906679_1,Tender,,,,No,2026-09-04,2026-09-04,NEW
ca17875dc412,NHPC,"River bank protection work of Tarabal and Chotiwari villages at downstream of the Dam site of Kishanganga Power Station, Gurez, Bandipora, J and K (PKG-592).",Unclassified,,,,Unknown,https://www.nhpcindia.com/welcome/tender,2026_NHPC_906697_1,Tender,,,,No,2026-09-04,2026-09-04,NEW
256509a3aa5a,NHPC,"Extension of Fire-Station Building at Subansiri Lower H. E. Project, Gerukamukh.",Unclassified,,,,Unknown,https://www.nhpcindia.com/welcome/tender,NH/SLP/CONT/2026/C-03/NIT/691,NIT,,,,No,2026-09-04,2026-09-04,NEW
7b8a82213bff,NHPC,"Fabrication, supply, installation, testing &amp; commissioning of 45 MT Draft Tube Gate lifting/follower beam at Chamera Power Station-I, Khairi, Chamba, HP.",Unclassified,,,,Unknown,https://www.nhpcindia.com/welcome/tender,NH/CPS-1/P&C/W-1623/2026-27/13 Dated: 27/04/2026,Tender,,,,No,2026-09-04,2026-09-04,NEW
5629beb06b7b,NHPC,"Repair and Maintenance of Store room, Door and windows, Leakage of washroom and construction of Cable trench at Dam Site of Kishanganga Power Station, Gurez, Bandipora, J and K (PKG-589).",Unclassified,,,,Unknown,https://www.nhpcindia.com/welcome/tender,2026_NHPC_906608_1,Tender,,,,Yes,2026-09-04,2026-09-04,NEW
003a5a44fff7,NHPC,"R&M of civil activities, water supply, leaching & instrumentation work for Power house area, CPS-1.",Unclassified,,,,Unknown,https://www.nhpcindia.com/welcome/tender,Bid Number: GEM/2026/B/7440016 Dated: 17-04-2026,Tender,,,,No,2026-09-04,2026-09-04,NEW
0b19fca9a583,NHPC,"Protection work near Left &amp; Right Bank of TRT Outlet, CPS-1, Khairi.",Unclassified,,,,Unknown,https://www.nhpcindia.com/welcome/tender,NH/CPS-1/P&C/W-1627/2026-27/66 Dated: 27/04/2026,Tender,,,,No,2026-09-04,2026-09-04,NEW
336bce977e49,NHPC,"Hiring of services for the operation of the gates and monitoring of the Reservoir level at Dam site, Gurez of Kishanganga Power Station, Bandipora for 02 years (PKG-586).",Unclassified,,,,Unknown,https://www.nhpcindia.com/welcome/tender,NH/KG/PNC/DAM/PKG-586/2026,Tender,,,,No,2026-09-04,2026-09-04,NEW
d5d7aab5ba42,NHPC,Supply of Single Phase Transformer Turns Ratio Meter for Power House of Salal Power Station,Unclassified,,,,Unknown,https://www.nhpcindia.com/welcome/tender,GEM/2026/B/7392306,Tender,,,,No,2026-09-04,2026-09-04,NEW
a59248c9dbf5,NHPC,SITC of 500 KVA DG set for Jyotipuram Complex.,Unclassified,,,,Unknown,https://www.nhpcindia.com/welcome/tender,GEM/2026/B/7443199,Tender,,,,No,2026-09-04,2026-09-04,NEW
8cd6e45d844f,NHPC,"Renovation work of administrative building of Chamera Power Station-1, Khairi.",Unclassified,,,,Unknown,https://www.nhpcindia.com/welcome/tender,NH/CPS-1/PnC/W-1613/2026-27/12 Dated:25/04/2026,Tender,,,,No,2026-09-04,2026-09-04,NEW
68c88ab677c8,NHPC,Servicing of Avon Make 10MT Single Girder E.O.T Crane installed at Switchyard Complex of CPS-1.,Unclassified,,,,Unknown,https://www.nhpcindia.com/welcome/tender,NH/CPS-1/PnC/W-1628/2026-27/65 Dated: 25/04/2026,Tender,,,,No,2026-09-04,2026-09-04,NEW
2e2eae68cc81,NHPC,"Servicing/Overhauling of Dilo SF6 Gas Handling Cart at Chamera-1 Power Station, Khairi (H.P.)",Unclassified,,,,Unknown,https://www.nhpcindia.com/welcome/tender,Bid Number: GEM/2026/B/7465862 Dated: 24-04-2026,Tender,,,,No,2026-09-04,2026-09-04,NEW
0e6c0ac056b7,NHPC,"Purchase of 11 KV XLPE cable along with different types of electrical items for work of 11 KV Power supply line at Dam site Khadamukh, CPS-III",Unclassified,,,,Unknown,https://www.nhpcindia.com/welcome/tender,GEM/2026/B/7458446,Tender,,,,No,2026-09-04,2026-09-04,NEW
4c1c7ab7a7d6,NHPC,"Construction of parking shed at C-Type residential colony and TRT field hostel at CPS1, Khairi.",Unclassified,,,,Unknown,https://www.nhpcindia.com/welcome/tender,NH/CPS-1/P&C/W-1622/2026-27/11 Dated:23/04/2026,Tender,,,,No,2026-09-04,2026-09-04,NEW
823922a9373b,NHPC,"“Comprehensive Annual Maintenance Contract for RO/Water Purifiers installed at Guest House/Transit Camp/Field Hostel &amp; Regional Office at NHPC Limited, Chandigarh”",Unclassified,,Chandigarh,,Unknown,https://www.nhpcindia.com/welcome/tender,GeM Bid: GEM/2026/B/7425545,Tender,,,,No,2026-09-04,2026-09-04,NEW
189ccb5e3327,NHPC,Procurement of Unidirectional Security Gateway (Data Diodes) for Cyber security of SCADA and other OT networks at Power Stations and Dam sites of NHPC,Unclassified,,,,Unknown,https://www.nhpcindia.com/welcome/tender,GEM/2026/B/7396454,Tender,,,,No,2026-09-04,2026-09-04,NEW
a1a1d83c2705,NHPC,Pest control services for General Pest/Insect control and Rodent control in office building at NHPC RO Chandigarh.,Unclassified,,Chandigarh,,Unknown,https://www.nhpcindia.com/welcome/tender,GEM/2026/B/7403474,Tender,,,,No,2026-09-04,2026-09-04,NEW
311c2f801612,NHPC,"Replacement of Rotating Labyrinths, any repairs required there off and HP-HVOF Coating of 1 no. Francis Runner of 60 MW Hydro-Generator of Uri-II Power station for FY 2026-27",Hydro,60.0,,,Unknown,https://www.nhpcindia.com/welcome/tender,2026_NHPC_ 906062_1,Tender,,,60 MW,Yes,2026-09-04,2026-09-04,NEW
e0288cb671bd,NHPC,Collection and disposal of Trash Deposited in reservoir/ Intake area from time to time during flushing of Reservoir including cleaning of Trash Rack (For FY 2026- 27) at TLD-IV PS Kalijhora,Unclassified,,,,Unknown,https://www.nhpcindia.com/welcome/tender,"NH/TLD-IV PS/P&C/W-953/2026/2225, Dated: 21/04/2026",Tender,,,,No,2026-09-04,2026-09-04,NEW
26e831f8ad7e,NHPC,Construction of Left Abutment along with Wing Walls on Both Sides for Hurla Bailey Bridge under Sheelagarh site of Parbati-H.E. Project (Stage-II)(Package No-C-860),Unclassified,,,,Unknown,https://www.nhpcindia.com/welcome/tender,2026_NHPC_ 905982 _1,Tender,,,,No,2026-09-04,2026-09-04,NEW
d4321837bf10,NHPC,"External Putty, Painting and Providing/Fixing Window and Door etc. in the New GIS Building at Teesta-V Power Station",Unclassified,,,,Unknown,https://www.nhpcindia.com/welcome/tender,": NH/TSV/Cont/CC-372/NIT-1077/2026-27/22 Dated : Dated: 20/04/2026, Tender ID:2026_NHPC_905916_1",NIT,,,,Yes,2026-09-04,2026-09-04,NEW
26d38a89ad84,NHPC,"Providing Security and surveillance Services at Liaison Office, Kolkata, NHPC Ltd., for the period of 24 months",Unclassified,,,,Unknown,https://www.nhpcindia.com/welcome/tender,NH/RO-SLG/P&amp;C/NIT-01/2026-2027/01 Dated: 18/04/2026,NIT,,,,No,2026-09-04,2026-09-04,NEW
6ea020176a6b,NHPC,Annual/Capital Maintenance of 4 X 60MW Hydro-Generating Units of Uri-II Power Station as per scope of work for period of two successive maintenance year i.e. 2026-27 and 2027-28.,Hydro,60.0,,,Unknown,https://www.nhpcindia.com/welcome/tender,GEM/2026/B/7435705,Tender,,,60 MW,Yes,2026-09-04,2026-09-04,NEW
1a6733210a13,NHPC,SITC of IP based CCTV camera system at DAM site of Parbati III Power Station -2026,Unclassified,,,,Unknown,https://www.nhpcindia.com/welcome/tender,GEM/2026/B/7435136,Tender,,,,No,2026-09-04,2026-09-04,NEW
6d4d3da0b5b9,NHPC,"Repair & maintenance of water storage tank roof cover & tiling in water tank of Upper Samleu, CPS-1",Unclassified,,,,Unknown,https://www.nhpcindia.com/welcome/tender,NH/CPS-1/P&C/W-1618/2026-27/09 Dated: 18/04/2026,Tender,,,,Yes,2026-09-04,2026-09-04,NEW
950189d4dae7,NHPC,Testing of Protection Relays at Uri-II Power Station,Unclassified,,,,Unknown,https://www.nhpcindia.com/welcome/tender,GEM/2026/B/7394910,Tender,,,,No,2026-09-04,2026-09-04,NEW
ba1552aebed2,NHPC,"Repairing of 5th row of Bamboo Trash Rack and cleaning of water Hyacinth Phumdies, Aquatic Weeds on both side of 5th row at Bamboo Trash Rack of Power Channel, Loktak Power Station.",Unclassified,,,,Unknown,https://www.nhpcindia.com/welcome/tender,NIT-1103 (O),NIT,,,,No,2026-09-04,2026-09-04,NEW
1698a6b50b5f,NHPC,AMC of automatic water level recorder (AWLR) and Rain Gauge around Loktak Lake.,Unclassified,,,,Unknown,https://www.nhpcindia.com/welcome/tender,GEM/2026/B/7424585,Tender,,,,No,2026-09-04,2026-09-04,NEW
7a6b4c342cac,NHPC,SITC of PA system with stage sound box for auditorium at Salal Power Station.,Unclassified,,,,Unknown,https://www.nhpcindia.com/welcome/tender,GEM/2026/B/7410472,Tender,,,,No,2026-09-04,2026-09-04,NEW
97cfa248af53,NHPC,"Split Air Conditioner, Wall Mount Type (V3) ISI Marked to IS 1391 (Part 2) (Q2)",Unclassified,,,,Unknown,https://www.nhpcindia.com/welcome/tender,GEM/2026/B/7419709,Tender,,,,No,2026-09-04,2026-09-04,NEW
9689064847c5,NHPC,Under water diving up to depth of 60.00 meter at Surge Shaft of Sewa-II Power Station,Unclassified,,,,Unknown,https://www.nhpcindia.com/welcome/tender,GEM/2026/B/7427977 Dated: 16-04-2026,Tender,,,,No,2026-09-04,2026-09-04,NEW
ed862587f7dc,NHPC,"Supply, Installation, Testing and Laying of 12 core Armoured Single Mode OFC from Switchyard to Dam Control Room of Chamera-I Power Station.",Unclassified,,,,Unknown,https://www.nhpcindia.com/welcome/tender,NH/CPS-1/P&C/W-1610/2026-27/10 Dated: 07/04/2026,Tender,,,,No,2026-09-04,2026-09-04,NEW
e2c3727cc338,NHPC,"Purchase of DESK-BENCH (2 SEATER) , REVOLVING CHAIR WITH ARM , VISITOR CHAIR WITH ARM SEAT BACK PADED",Unclassified,,,,Unknown,https://www.nhpcindia.com/welcome/tender,GEM/2026/B/7389535,Tender,,,,No,2026-09-04,2026-09-04,NEW
3694f15c6c3c,NHPC,Purchase of 25 Nos 43 Inches Smart LED TV,Unclassified,,,,Unknown,https://www.nhpcindia.com/welcome/tender,GEM/2026/B/7399960,Tender,,,,No,2026-09-04,2026-09-04,NEW
3322abadbdbe,NHPC,Purchase of A3 Size Multifunction Printer,Unclassified,,,,Unknown,https://www.nhpcindia.com/welcome/tender,GEM/2026/B/7418361,Tender,,,,No,2026-09-04,2026-09-04,NEW
1178dd5fc2ee,NHPC,"Repair of damaged at TRT area during monsoon 2025 at Salal Power Station, Jyotipuram",Unclassified,,,,Unknown,https://www.nhpcindia.com/welcome/tender,NH/SPS/CD/NIT-115/2025-26/1139-48 ( 2026_NHPC_903326_1 ),NIT,,,,No,2026-09-04,2026-09-04,NEW
464d1ef90738,NHPC,Regarding Re-wiring of dam and power house drainage gallery Illumination system at TLDP-IV Power Station,Unclassified,,,,Unknown,https://www.nhpcindia.com/welcome/tender,NH/TLD-IV PS/P&C/W-949/2026/2216 Dated: 15/04/2026,Tender,,,,Yes,2026-09-04,2026-09-04,NEW
02164c50f548,NHPC,"Conducting Assessment of Competency, Potential and Values (CPV) of Executives through a Third Party as per newly launched Performance Management System &#40;PMS&#41;",Unclassified,,,,Unknown,https://www.nhpcindia.com/welcome/tender,GEM/2026/B/7316212,Tender,,,,No,2026-09-04,2026-09-04,NEW
c3691393448d,NHPC,Repairing of Loktak-Leimatak road from RD 8.000 Km to RD 12.000 Km of Loktak Project.,Unclassified,,,,Unknown,https://www.nhpcindia.com/welcome/tender,NIT-1102 (O),NIT,,,,No,2026-09-04,2026-09-04,NEW
86679eaea1d1,NHPC,"Drilling of 04 No. Bore wells and installation of casing pipe at Left Bank of Teesta-V Power Station, Balutar.",Unclassified,,,,Unknown,https://www.nhpcindia.com/welcome/tender,NH/TSV/Cont/CC-371/NIT-1076/2026-27/19 Dated: 15/04/2026 and E-Tender ID: 2026_NHPC_905382_1,NIT,,,,No,2026-09-04,2026-09-04,NEW
82b95b80b7e0,NHPC,Purchase of Spare parts of Ingersoll Rand Make HP-LP Compressors for TLD III Power Station.,Unclassified,,,,Unknown,https://www.nhpcindia.com/welcome/tender,GEM/2026/B/7413270,Tender,,,,No,2026-09-04,2026-09-04,NEW
26d58eda369b,NHPC,Purchase of V Ring Seal for oil header assembly of TLD-III Power Station.,Unclassified,,,,Unknown,https://www.nhpcindia.com/welcome/tender,GEM/2026/B/7428086,Tender,,,,No,2026-09-04,2026-09-04,NEW
39c62306caa2,NHPC,"Replacement of existing 440 V, 3- phase bare conductor with LT aerial bunched cable on the existing lattice structure at Samdong colony",Unclassified,,,,Unknown,https://www.nhpcindia.com/welcome/tender,"No. NH/TSV/CONT/EC-177/NIT-1075/2026-27/14 , dated :11/04/2026 ,GeM Tender ID No. 2026_NHPC_905245_1",NIT,,,,No,2026-09-04,2026-09-04,NEW
ed36dcb1516d,NHPC,"Hiring of Expert from OEM M/s GE VERNOVA HYDRO POWER INDIA PVT LTD for Year 2026 on requirement basis at Power House, Uri-II Power Station",Hydro,,,,Unknown,https://www.nhpcindia.com/welcome/tender,GEM/2026/B/7396643,Tender,,,,Yes,2026-09-04,2026-09-04,NEW
c6434dc1f956,NHPC,Repair and HP-HVOF Coating of 03 No. Runners of 70 MW Francis Hydro Turbine of Dhauliganga Power Station (2026-27),Hydro,70.0,,,Unknown,https://www.nhpcindia.com/welcome/tender,NH/DG/CONTRACT/1090/2025-26/05,Tender,,,70 MW,Yes,2026-09-04,2026-09-04,NEW
a80e77aac43c,NHPC,"Providing and fixing floor tiles in B-type quarters at Lower Samleu, CPS-1.",Unclassified,,,,Unknown,https://www.nhpcindia.com/welcome/tender,NH/CPS-1/PNC/W-1617/2026-27/ 23 Dated 10/04/2026,Tender,,,,No,2026-09-04,2026-09-04,NEW
73be6f780dcf,NHPC,"R & M of Power House Operation, Rangit Power Station",Unclassified,,,,Unknown,https://www.nhpcindia.com/welcome/tender,NH-RPS-PH013/4/2026-PH/10,Tender,,,,No,2026-09-04,2026-09-04,NEW
7f2702ac5fbc,NHPC,Civil works for Site preparation and protection work for installation of new STP,Unclassified,,,,Unknown,https://www.nhpcindia.com/welcome/tender,NH/TLD-IV PS/P&C/W-947/2025/2213 Date 09/04/2026,Tender,,,,No,2026-09-04,2026-09-04,NEW
cd437e7ab5dc,NHPC,Insurance Coverage under Group Personal Accident Insurance Scheme (GPAI) for a period of one year (From 01.06.2026 to 31.05.2027),Unclassified,,,,Unknown,https://www.nhpcindia.com/welcome/tender,NH/CCW/CC-II/CO-458/PR10025/448,Tender,,,,No,2026-09-04,2026-09-04,NEW
e147025efaea,NHPC,"Repair, Painting and other necessary works of nursery school at Chamera Power Station-I, Khairi.",Unclassified,,,,Unknown,https://www.nhpcindia.com/welcome/tender,NH/CPS-1/P&C/W-1619/2026-27/05 Dated: 06/04/2026,Tender,,,,No,2026-09-04,2026-09-04,NEW
5e9d6b6f3af0,NHPC,"Providing Assistance in O&M of Electrical installation and telephone lines of Sarthali Dam at Sewa-II Power Station, Distt. Kathua, J&K for a period of 02 years",Unclassified,,Jammu and Kashmir,,Unknown,https://www.nhpcindia.com/welcome/tender,GEM/2026/B/7413907 Dated: 09-04-2026,Tender,,,,No,2026-09-04,2026-09-04,NEW
e612559633e3,NHPC,Repair of damaged/collapsed boundary wall near pump house and between Morcha No-3&amp;amp;amp;amp;4 at Gingle colony of Uri Power Station,Unclassified,,,,Unknown,https://www.nhpcindia.com/welcome/tender,NH/UPS/PCS/C-147/NIQ-121/488 Dated 07.04.2026,Tender,,,,No,2026-09-04,2026-09-04,NEW
74936fe379f7,NHPC,"Essential repair and painting work of Canteen Building and Store Office Building at Barrage Complex, Boniyar of Uri Power Station",Unclassified,,,,Unknown,https://www.nhpcindia.com/welcome/tender,NH/UPS/PCS/C-146/NIQ-120/486 Dated 04.04.2026,Tender,,,,No,2026-09-04,2026-09-04,NEW
22c976a3ef5c,NHPC,"Providing Insurance Cover during O&amp;amp;amp;amp;amp;amp;amp;amp;amp;amp;M period for 50MW Wind Power Project at Jaisalmer, Rajasthan for one year w.e.f. 19.06.26 to 18.06.27",Wind,50.0,Rajasthan,,Unknown,https://www.nhpcindia.com/welcome/tender,NH/CCW/CC-II/CO-457/PR60825/2,Tender,,,50 MW,Yes,2026-09-04,2026-09-04,NEW
e22a6602e5dd,NHPC,Providing hill slope protection from RD: 300m to 420m on NH-154A (Bagga road) of CPS-II Power station,Unclassified,,,,Unknown,https://www.nhpcindia.com/welcome/tender,NH/CPS- II/Cont./E File- 162084/2025 26/28 Dated: 07/04/2026,Tender,,,,No,2026-09-04,2026-09-04,NEW
afdac79602ca,NHPC,Cleaning of phumdies and grasses at locations where AWLR is installed of Loktak Power Station.,Unclassified,,,,Unknown,https://www.nhpcindia.com/welcome/tender,NIT-1101 (O),NIT,,,,No,2026-09-04,2026-09-04,NEW
fcbe2f65a0d3,NHPC,"Repair and renovation of Type-A Building (16 nos. 1 BHK), Teste-VI HE Project, Pamphok , South Sikkim, Sikkim",Unclassified,,Sikkim,,Unknown,https://www.nhpcindia.com/welcome/tender,NH/Teesta-VI/P&C/NIT-38/2026/903,NIT,,,,No,2026-09-04,2026-09-04,NEW
3fc402df2566,NHPC,Insurance Coverage of Motor Vehicle Advance under NHPC Employees (MVA) Group Insurance Scheme for a Period of One Year (24.05.2026 to 23.05.2027),Unclassified,,,,Unknown,https://www.nhpcindia.com/welcome/tender,NH/CCW/CC-II/CO-456/PR10025/450,Tender,,,,No,2026-09-04,2026-09-04,NEW
bd98f7817d27,NHPC,Maintenance of Reservoir by Removal of Sediments using Amphibious Excavators cum Dredgers from Reservoir of Salal Dam.,Unclassified,,,,Unknown,https://www.nhpcindia.com/welcome/tender,NH/SPS/P&C/NIT-215/2026-2027/01-10,NIT,,,,No,2026-09-04,2026-09-04,NEW
0d35fb5c1495,NHPC,Supply of Dial-Type Thermometers for Generating Unit Bearings at Chamera Power Station-I,Unclassified,,,,Unknown,https://www.nhpcindia.com/welcome/tender,Bid Number: GEM/2026/B/7394274 Dated: 06-04-2026,Tender,,,,No,2026-09-04,2026-09-04,NEW
af315766d1f8,NHPC,Procurement of Float Switches installed in the generating units of the Power House at Chamera Power Station-I,Unclassified,,,,Unknown,https://www.nhpcindia.com/welcome/tender,Bid Number: GEM/2026/B/7392145 Dated: 07-04-2026,Tender,,,,No,2026-09-04,2026-09-04,NEW
d4520446a593,NHPC,"Hiring of 01 No Air-Conditioned Diesel Vehicle- MUV/SUV - 1500cc Turbocharged or equivalent (2024 or later Model) along with driver without Fuel for 03 years on regular monthly contract basis on 24 x 7 for deployment at Solar Power Projects, Bhuj.",Solar,,,,Unknown,https://www.nhpcindia.com/welcome/tender,GEM/2026/B/7389944 Dated 07.04.2026,Tender,,,,Yes,2026-09-04,2026-09-04,NEW
4d521106adb8,NHPC,"Purchase and installation of Core Switches, 48 Port Fiber, 10G, Layer-3, with 5 Years OEM Warranty",Unclassified,,,,Unknown,https://www.nhpcindia.com/welcome/tender,GEM/2026/B/7315358 Dated: 01-04-2026,Tender,,,,No,2026-09-04,2026-09-04,NEW
f61366f6f193,NHPC,"Cleaning, Sweeping & Up-Keeping of Powerhouse Complex and its Machineries & Equipment at Sewa-II Power Station, Distt. Kathua, J&K for a period of 02 years",Unclassified,,Jammu and Kashmir,,Unknown,https://www.nhpcindia.com/welcome/tender,GEM/2026/B/7402172 Dated: 07-04-2026,Tender,,,,No,2026-09-04,2026-09-04,NEW
192243192c70,NHPC,"Providing Assistance for Regulation of water supply system at Dam and Residential complex at Sarthali of Sewa-II Power Station, Distt. Kathua, J&K for a period of 02 years",Unclassified,,Jammu and Kashmir,,Unknown,https://www.nhpcindia.com/welcome/tender,GEM/2026/B/7377109 Dated: 06-04-2026,Tender,,,,No,2026-09-04,2026-09-04,NEW
f36a96957b90,NHPC,"Renovation work of administrative building of Chamera Power Station-1, Khairi.",Unclassified,,,,Unknown,https://www.nhpcindia.com/welcome/tender,NH/CPS-1/P&C/W-1613/2026-27/04 Dated:04/04/2026,Tender,,,,No,2026-09-04,2026-09-04,NEW
bbf76f0d8f7e,NHPC,Installation of Obstacle Training Equipment at CISF unit TLD IV PS,Unclassified,,,,Unknown,https://www.nhpcindia.com/welcome/tender,NH/TLD-IV PS/P&C/W-950/2026/2207 Dated: 04/04/2026,Tender,,,,No,2026-09-04,2026-09-04,NEW
ab14a5779858,NHPC,Cleaning and sweeping works of Uri-ll Power House for 2 years,Unclassified,,,,Unknown,https://www.nhpcindia.com/welcome/tender,GEM/2026/B/7413846,Tender,,,,No,2026-09-04,2026-09-04,NEW
6f6c25c2a984,NHPC,"Providing assistance for O&M of Dam and its associated structures, including the Gauge & Discharge site at Sarthali, of Sewa-II Power Station, Distt. Kathua, J&K for a period of 02 years",Unclassified,,Jammu and Kashmir,,Unknown,https://www.nhpcindia.com/welcome/tender,GEM/2026/B/7385475 Dated: 04-04-2026,Tender,,,,No,2026-09-04,2026-09-04,NEW
2bd924f70f62,NHPC,"Construction of damaged portion of Road pavement (from RD 880m to 1200m) and Cross drainage at Bagga on Chamba - Bharmour road, CPS-II, Karian",Unclassified,,,,Unknown,https://www.nhpcindia.com/welcome/tender,NH/CPS- II/Cont./E File- 163974 /2025 26/27 Dated: 02 /04 /2026,Tender,,,,No,2026-09-04,2026-09-04,NEW
08fd3406809c,NHPC,Annual Maintenance Contract (AMC) for Comprehensive Operation & Maintenance (O&M) of 85KWp Rooftop Solar Power Plant at Sewa-II Power Station for 5 Years,Rooftop Solar,0.085,,,Unknown,https://www.nhpcindia.com/welcome/tender,GEM/2026/B/7400188 Dated: 03-04-2026,Tender,,,85 KWp,Yes,2026-09-04,2026-09-04,NEW
797680415001,NHPC,"Providing Assistance in O&M of Electrical installation and telephone lines of Mashka at Sewa-II Power Station, Distt. Kathua, J&K for a period of 02 years (SC-714)",Unclassified,,Jammu and Kashmir,,Unknown,https://www.nhpcindia.com/welcome/tender,GEM/2026/B/7390157 Dated: 03-04-2026,Tender,,,,No,2026-09-04,2026-09-04,NEW
e3b35d85f551,NHPC,"Sherpur Road Restoration work (Original road washed away completely) (Restoration of damaged Road along with Breast Wall and Drain and Damaged R/Wall on Oru-Sherpur Road Near Pump House), CPS1.",Unclassified,,,,Unknown,https://www.nhpcindia.com/welcome/tender,NH/CPS-1/P&C/W-1609/2026-27/03 Dated: 03/04/2026,Tender,,,,No,2026-09-04,2026-09-04,NEW
d0dd14e737ca,NHPC,Repair work of damaged left side of the footpath constructed for the local people in front of the administrative building of Chamera - III Power Station (E-Office No. 160974),Unclassified,,,,Unknown,https://www.nhpcindia.com/welcome/tender,2026_NHPC_904354__1,Tender,,,,No,2026-09-04,2026-09-04,NEW
77b184a5da7b,NHPC,"Reaming, Re-drilling and Restoration of Non-Functional Pressure Relief / Drainage Holes of Foundation Gallery and Side Slope Galleries of Chamera–I Dam.",Unclassified,,,,Unknown,https://www.nhpcindia.com/welcome/tender,NH/CPS-1/P&C/W-1616/2026-27/02 Dated:02/04/2026,Tender,,,,Yes,2026-09-04,2026-09-04,NEW
4bc8aafbc492,NHPC,SITC &amp;amp;amp; AMC Of 200HP VRF AC System &amp;amp;amp; Accessories Along with dismantle Of Old System and Comprehensive AMC for 5 Years As Per TS &amp;amp;amp; SCC,Unclassified,,,,Unknown,https://www.nhpcindia.com/welcome/tender,GEM/2025/B/7021020,Tender,,,,No,2026-09-04,2026-09-04,NEW
653f969aba11,NHPC,"Purchase of misc. furnishing items for various Guest Houses/field hostels and Bachelor accomodations at Nowpora,Salamabad and Srinagar",Unclassified,,,,Unknown,https://www.nhpcindia.com/welcome/tender,GEM/2026/B/7382823,Tender,,,,No,2026-09-04,2026-09-04,NEW
57eef1bdea50,NHPC,"Comprehensive annual Maintenance Contract for a period of two years of three number Omega Make Lift installed at Jyoti Sadan, NHPC Limited, Office Complex, Sector-33, Faridabad, through OEM, M/s Omega Elevators.",Unclassified,,,,Unknown,https://www.nhpcindia.com/welcome/tender,GEM/2026/B/7361113,Tender,,,,No,2026-09-04,2026-09-04,NEW
a382821e0f40,NHPC,Repair and Re-babbiting of TGB Shell dismantled from Unit#3 and Unit#1 of Chamera Power house-1.,Unclassified,,,,Unknown,https://www.nhpcindia.com/welcome/tender,NH/CPS-1/P&C/W-1615/2026-27/01 Dated: 01/04/2026,Tender,,,,Yes,2026-09-04,2026-09-04,NEW
d4bff84f0709,NHPC,"Paintings of Spillway Stoplog, Intake Stoplog and Draft Tube Gates of TLD-IV Power Station",Unclassified,,,,Unknown,https://www.nhpcindia.com/welcome/tender,"NH/TLD-IV PS/P&C/W-939/2026/2198, Dated: 31/03/2026",Tender,,,,No,2026-09-04,2026-09-04,NEW
b9b53782d9b4,NHPC,"Dismantling of existing log-boom at Uri Barrage and Detailed revised design, engineering, fabrication, supply, erection, testing and commissioning/launching of novel synthetic floating log-boom barrier trash screen in the reservoir at the barrage.",Unclassified,,,,Unknown,https://www.nhpcindia.com/welcome/tender,GEM/2026/B/7291789 Dated: 19-03-2026,Tender,,,,No,2026-09-04,2026-09-04,NEW
ce7d10089ad0,NHPC,"Restoration of Kendriya Vidyalaya, Left Bank, Balutar at Teesta-V Power Station",Unclassified,,,,Unknown,https://www.nhpcindia.com/welcome/tender,"NH/TSV/Cont/CC-366/NIT-1074/2025-26/466 Dated: 30/03/2026 ,GeM Tender ID No. 2026_NHPC_904103_1",NIT,,,,No,2026-09-04,2026-09-04,NEW
2d46a4949913,NHPC,"Architectural work of dam control room and conference room of Dam control building at Dam site of Kishanganga Power Station, Gurez, Bandipora, J and K (PKG-587).",Unclassified,,,,Unknown,https://www.nhpcindia.com/welcome/tender,2026_NHPC_904016_1,Tender,,,,No,2026-09-04,2026-09-04,NEW
811075c9c525,NHPC,"Construction of accommodation for Security Personnel at NHPC Colony, Kishanganga Power Station, Bandipora, J and K (PKG-576).",Unclassified,,,,Unknown,https://www.nhpcindia.com/welcome/tender,2026_NHPC_903995_1,Tender,,,,No,2026-09-04,2026-09-04,NEW
3bb1c558bb04,NHPC,"Construction of Civil structure for the installation of Lift at Administrative building, CPS-1.",Unclassified,,,,Unknown,https://www.nhpcindia.com/welcome/tender,NH/CPS-1/P&C/W-1603/2025-26/558 Dated:24/03/2026,Tender,,,,No,2026-09-04,2026-09-04,NEW
e9757d45934e,NHPC,"Safety Inspection and Preventive Maintenance of Passenger Lift at Power House, Loktak Power Station",Unclassified,,,,Unknown,https://www.nhpcindia.com/welcome/tender,GEM/2026/B/7361172,Tender,,,,No,2026-09-04,2026-09-04,NEW
f9ee53a164f6,NHPC,"Purchase of Contactors, Relays and MCB’s, Make-BCH at Uri-II Power Station",Unclassified,,,,Unknown,https://www.nhpcindia.com/welcome/tender,GEM/2026/B/7353343,Tender,,,,No,2026-09-04,2026-09-04,NEW
cab0c83b7c1a,NHPC,Running and Maintenance of Workshop/Transport and Store at Uri-II Power Station for the period of 02 year,Unclassified,,,,Unknown,https://www.nhpcindia.com/welcome/tender,GEM/2026/B/7358628,Tender,,,,No,2026-09-04,2026-09-04,NEW
70f65121d8d7,NHPC,Repair of CISF Barrack and Repair and Painting of parade ground boundary wall at TLD-IV PS Kalijhora,Unclassified,,,,Unknown,https://www.nhpcindia.com/welcome/tender,"NH/TLD-IV PS/P&C/W-948/2026/2185, Dated: 25/03/2026",Tender,,,,No,2026-09-04,2026-09-04,NEW
43f3ac030626,NHPC,Civil works for Site preparation and protection work for installation of new STP,Unclassified,,,,Unknown,https://www.nhpcindia.com/welcome/tender,NH/TLD-IV PS/P&C/W-947/2026/2182 Dated: 17/03/2026,Tender,,,,No,2026-09-04,2026-09-04,NEW
109cdd67a426,NHPC,Purchase and installation of 1.5 &amp;amp;amp;amp;amp;amp;amp;amp;amp;amp; 2 Ton (hot &amp;amp;amp;amp;amp;amp;amp;amp;amp;amp; cold) split AC,Unclassified,,,,Unknown,https://www.nhpcindia.com/welcome/tender,GEM/2026/B/7173655 dt-23.03.2026,Tender,,,,No,2026-09-04,2026-09-04,NEW
4259ef257c9f,NHPC,Purchase of MS Office Software,Unclassified,,,,Unknown,https://www.nhpcindia.com/welcome/tender,GEM/2026/B/7327082,Tender,,,,No,2026-09-04,2026-09-04,NEW
a9bb8b1f0888,NHPC,"Supply, Installation, Testing and commissioning of Dual fuel Kits (Conversion as per CPCB norms) on Diesel Generating Set of different capacity installed at NHPC Office Complex, Sector-33 & NHPC Residential Complex, Sector-41, Faridabad",Unclassified,,,,Unknown,https://www.nhpcindia.com/welcome/tender,GEM/2026/B/7345121,Tender,,,,No,2026-09-04,2026-09-04,NEW
13f603a9e9cc,NHPC,"Repair and painting of Central Store &amp;amp; Old Hospital Building at Behali, Parbati-III Power Station",Unclassified,,,,Unknown,https://www.nhpcindia.com/welcome/tender,"NH/PPS-III/NIT/PR11925/117/1/299, Dated: 24/03/2026",NIT,,,,No,2026-09-04,2026-09-04,NEW
fee8cbb8ef71,NHPC,Selection of Roof Top Developer for Setting up Grid Connected Solar Roof Top Plants at Various locations on government buildings through HAREDA in the state of Haryana on RESCO Mode through Tariff-Based Competitive Bidding,Rooftop Solar,,Haryana,,Unknown,https://www.nhpcindia.com/welcome/tender,2026_NHPC_903395_1,Tender,,,,Yes,2026-09-04,2026-09-04,NEW
cfae566415e1,NHPC,"Renovation and Modification of Control Room of Power House and Dam with false ceiling, panelling of wall, flooring and construction of server room of Dhauliganga Power station",Unclassified,,,,Unknown,https://www.nhpcindia.com/welcome/tender,NH/DG/CONTRACT/1087/2025-26/102,Tender,,,,No,2026-09-04,2026-09-04,NEW
236de44463ae,NHPC,"Repair and Maintenance of 200 KLD STP (Sewerage treatment plant) at Nigalpani Township, DGPS, Dharchula",Unclassified,,,,Unknown,https://www.nhpcindia.com/welcome/tender,NH/DG/CONTRACT/1085/2025-26/ 103,Tender,,,,No,2026-09-04,2026-09-04,NEW
6c78cc2d6607,NHPC,R & M of Environmental Works at Rangit Power Station,Unclassified,,,,Unknown,https://www.nhpcindia.com/welcome/tender,NH-RPS-CTS012(11)/1/2026-CIVIL TS/234,Tender,,,,No,2026-09-04,2026-09-04,NEW
6b2443bbe65b,NHPC,Mega Risk Policy including Terrorism &amp;amp;amp;amp;amp;amp; Third Party Liability Policy for NHPC Power Stations (For one year w.e.f 01.04.2026 to 31.03.2027),Unclassified,,,,Unknown,https://www.nhpcindia.com/welcome/tender,NH/CCW/CC-II/CO-354/PR10025/206,Tender,,,,No,2026-09-04,2026-09-04,NEW
10ccfe2d5750,NHPC,"Integrated Bathymetric and UAV-Based Survey of Reservoir and Plunge Pool Area along with High-Resolution Drone Photography for Inaccessible Areas of Dam and Spillway and Underwater Photography and Videography of Plunge Pool Area, CPS-1.",Unclassified,,,,Unknown,https://www.nhpcindia.com/welcome/tender,NH/CPS-1/P&C/W-1614/2025-26/554 Dated:19/03/2026,Tender,,,,No,2026-09-04,2026-09-04,NEW
133cd05f3195,NHPC,"Clearing of Jungle (Weeds, vegetation etc.) at Face-IV area including access Road to Face-IV area of Loktak Power Station",Unclassified,,,,Unknown,https://www.nhpcindia.com/welcome/tender,NIT-1100(O),NIT,,,,No,2026-09-04,2026-09-04,NEW
93bde816b501,NHPC,AMC of water coolers/ purifiers installed at CPS-I.,Unclassified,,,,Unknown,https://www.nhpcindia.com/welcome/tender,NH/CPS-1/P&C/W-1612/2025-26/550 Dated:17/03/2026,Tender,,,,No,2026-09-04,2026-09-04,NEW
8d34e5a069fc,NHPC,Upgradation & Refurbishment of 02 Nos. 190/30/10 MT Electric Overhead Traveling (EOT) Cranes of CPS-1.,Unclassified,,,,Unknown,https://www.nhpcindia.com/welcome/tender,NH/CPS-1/P&C/W-1543/2025-26/549 Dated: 17/03/2026,Tender,,,,No,2026-09-04,2026-09-04,NEW
0a232c08ccf6,NHPC,"Construction of DG Shed at Sub-Station in NHPC Colony, Kishanganga Power Station, Kralpora, Bandipora, J and K (PKG-584).",Unclassified,,,,Unknown,https://www.nhpcindia.com/welcome/tender,2026_NHPC_902707_1,Tender,,,,No,2026-09-04,2026-09-04,NEW
d6b5b3155de8,NHPC,"Cleaning and Protection work for Stilling basin area/Plunge Pool area of Downstream of Ithai Barrage, Loktak Power Station.",Unclassified,,,,Unknown,https://www.nhpcindia.com/welcome/tender,NIT-1099 (O),NIT,,,,No,2026-09-04,2026-09-04,NEW
33216a87eb26,NHPC,"Selection of developers for installing rooftop solar plants on buildings of various departments (Law and Parliamentary Affairs, Jal Shakti, Irrigation and Flood Control, Forest, Ecology and Environment, and Home in UT of JNK through JAKEDA in RESCO mode, via tariff-based competitive bidding- PM Surya Ghar Muft Bijli -Yojana PMSG –MBY",Rooftop Solar,,,,Unknown,https://www.nhpcindia.com/welcome/tender,2026_NHPC_901836_1,Tender,,,,Yes,2026-09-04,2026-09-04,NEW
d8b217718623,NHPC,"Construction of RCC Bunkers at NHPC Colony, Kishanganga Power Station, Kralpora, Bandipora, J and K (PKG-583).",Unclassified,,,,Unknown,https://www.nhpcindia.com/welcome/tender,2026_NHPC_902590_1,Tender,,,,No,2026-09-04,2026-09-04,NEW
f85b29b9be72,NHPC,"Cleaning and sweeping of Executive Field Hostels at NHPC colony, Kralpora, Bandipora, J and K for 2 years (PKG-577).",Unclassified,,,,Unknown,https://www.nhpcindia.com/welcome/tender,GEM/2026/B/7241288,Tender,,,,No,2026-09-04,2026-09-04,NEW
9023831eabe6,NHPC,Repair of downstream Approach Road of Dam for proposed alternate Dam Control room along with Left Bank Slope stabilization work above EL ±600M in the downstream of Dam axis of Teesta-V Power Station.,Unclassified,,,,Unknown,https://www.nhpcindia.com/welcome/tender,NH/TSV/Cont/CC-369/NIT-1073/2025-26/444 Dated: 13/03/2026 and E-Tender ID: 2026_NHPC_902402_1,NIT,,,,No,2026-09-04,2026-09-04,NEW
4ece549f483d,NHPC,"Maintenance and Cleaning of Rain Harvesting Pits for year 2026 in NHPC office Complex, Sector-33, Faridabad",Unclassified,,,,Unknown,https://www.nhpcindia.com/welcome/tender,2026_NHPC_901926_1,Tender,,,,No,2026-09-04,2026-09-04,NEW
5a4d9c022141,NHPC,"Consultancy services for renovation and repair work of Jal Tarang Auditorium in NHPC Office Complex, Sec-33, Faridabad",Unclassified,,,,Unknown,https://www.nhpcindia.com/welcome/tender,GEM/2026/B/7314112,Tender,,,,No,2026-09-04,2026-09-04,NEW
16719473ffd6,NHPC,"Comprehensive Annual Maintenance Contract (CAMC) for three years for 10 KVA, Online UPS system installed at Regional Office, Chandigarh",Unclassified,,Chandigarh,,Unknown,https://www.nhpcindia.com/welcome/tender,GEM/2026/B/7216582,Tender,,,,No,2026-09-04,2026-09-04,NEW
39447e7e5096,NHPC,Purchase of All in one PC and workstation computer,Unclassified,,,,Unknown,https://www.nhpcindia.com/welcome/tender,GEM/2026/B/7267460,Tender,,,,No,2026-09-04,2026-09-04,NEW
5e2dfe770008,NHPC,Rebabbiting of 01 Set (12 Nos.) TGB pads of Chamera-II Power Station,Unclassified,,,,Unknown,https://www.nhpcindia.com/welcome/tender,NH/CPS-II /Cont./E-163175/2025-26/26,Tender,,,,No,2026-09-04,2026-09-04,NEW
a25cf51f694a,NHPC,"Hiring of one SUV-Maruti Suzuki-XL6 (Petrol Engine) at Regional Office Chandigarh, NHPC on contract basis for 03 years",Unclassified,,Chandigarh,,Unknown,https://www.nhpcindia.com/welcome/tender,GEM/2026/B/7186897,Tender,,,,No,2026-09-04,2026-09-04,NEW
7efbb92d52f4,NHPC,PURCHASE OF PHACO EMULSIFICATION MACHINE UNDER CSR-SD Scheme,Unclassified,,,,Unknown,https://www.nhpcindia.com/welcome/tender,GEM/2026/B/7324449,Tender,,,,No,2026-09-04,2026-09-04,NEW
ae59dd99c922,NHPC,"Hiring of one Premium SUV- Innova Crysta (Diesel Engine) at Regional Office Chandigarh, NHPC on contract basis for 03 years",Unclassified,,Chandigarh,,Unknown,https://www.nhpcindia.com/welcome/tender,GEM/2026/B/7186094,Tender,,,,No,2026-09-04,2026-09-04,NEW
43a0a901d2f5,NHPC,Dismantling of existing toilets and construction of new toilets with bathrooms and replacement of piping and connecting to STP at Power House,Unclassified,,,,Unknown,https://www.nhpcindia.com/welcome/tender,NH/DG/CONTRACT/1091/2025-26/95,Tender,,,,No,2026-09-04,2026-09-04,NEW
43836d130d64,NHPC,Purchase of Miscellaneous Mechanical Consumable Items for Power House of TLD-III PS,Unclassified,,,,Unknown,https://www.nhpcindia.com/welcome/tender,GEM/2026/B/7216933,Tender,,,,No,2026-09-04,2026-09-04,NEW
5e7dadc856a8,NHPC,supply of Multifunctional Inkjet Printer,Unclassified,,,,Unknown,https://www.nhpcindia.com/welcome/tender,GEM/2026/B/7333225 dated 10.03.2026,Tender,,,,No,2026-09-04,2026-09-04,NEW
5ac4b3fd9098,NHPC,"SITC of 11 KV / 0.433 KV, 500 KVA Oil Filled ONAN Distribution Transformers for Parbati-III Power Station",Unclassified,,,,Unknown,https://www.nhpcindia.com/welcome/tender,GEM/2026/B/7316132,Tender,,,,No,2026-09-04,2026-09-04,NEW
706fca2eb6f6,NHPC,purchase of various types of spare parts for TRCM located at HM Barrage of Tanakpur Power Station,Unclassified,,,,Unknown,https://www.nhpcindia.com/welcome/tender,GEM/2026/B/7304199,Tender,,,,No,2026-09-04,2026-09-04,NEW
fb84635eb331,NHPC,Purchase of Tablet PC,Unclassified,,,,Unknown,https://www.nhpcindia.com/welcome/tender,GEM/2026/B/7276493,Tender,,,,No,2026-09-04,2026-09-04,NEW
eb32cff83a6d,NHPC,Supply &amp; Installation of Digital X-ray machine with accessories for Tanakpur Power Station,Unclassified,,,,Unknown,https://www.nhpcindia.com/welcome/tender,GEM/2026/B/7312138,Tender,,,,No,2026-09-04,2026-09-04,NEW
dfcc75fba7b6,NHPC,"Construction of Guard Room, Morcha and Toilet for CISF Establishment at Dobat, DGPS",Unclassified,,,,Unknown,https://www.nhpcindia.com/welcome/tender,NH/DG/CONTRACT/1089/2025-26/ 94,Tender,,,,No,2026-09-04,2026-09-04,NEW
9d4d62eca5ce,NHPC,AMC of Automatic Water Level Recorder (AWLR) and Rain Gauge around Loktak Lake at Loktak Power Station,Unclassified,,,,Unknown,https://www.nhpcindia.com/welcome/tender,GEM/2026/B/7283675,Tender,,,,No,2026-09-04,2026-09-04,NEW
6e2487b66bcb,NHPC,"Purchase of water supply items for Nowpora &amp; Salamabad Complex, Uri-II Power Station",Unclassified,,,,Unknown,https://www.nhpcindia.com/welcome/tender,GEM/2026/B/7178868,Tender,,,,No,2026-09-04,2026-09-04,NEW
cb0d4e86bc73,NHPC,"Construction of Shopping Centre, Canteen and Co-operative store building at NHPC Colony, Kralpora, Bandipora, J and K (PKG-582).",Unclassified,,,,Unknown,https://www.nhpcindia.com/welcome/tender,2026_NHPC_901680_1,Tender,,,,No,2026-09-04,2026-09-04,NEW
b9b0a9874ba2,NHPC,Regarding the purchase of various sports equipment for children at the ground located in Jyotipuram residential complex,Unclassified,,,,Unknown,https://www.nhpcindia.com/welcome/tender,GEM/2026/B/7264708,Tender,,,,No,2026-09-04,2026-09-04,NEW
b821c3d85d31,NHPC,Construction of platform railing and Tin shed in Maidan in Tok Katandhar of Gram Panchayat Gagurwa.,Unclassified,,,,Unknown,https://www.nhpcindia.com/welcome/tender,NH/DG/CONTRACT/1086/2025-26/93,Tender,,,,No,2026-09-04,2026-09-04,NEW
e1dc9e77db59,NHPC,Supply Installation Testing and Commissioning (SITC) of Water Discharge Measurement System &#40;DMS&#41; with accessories along with Civil Work for Parbati-III Power Station at Jiwa Nallaha,Unclassified,,,,Unknown,https://www.nhpcindia.com/welcome/tender,GEM/2026/B/7290628,Tender,,,,No,2026-09-04,2026-09-04,NEW
82dbead8182b,NHPC,Protection Work at Uri-II Dam Site Above EL-1300M and Boulder Trap Measures at Right Bank Hill,Unclassified,,,,Unknown,https://www.nhpcindia.com/welcome/tender,2026_NHPC_901443_1,Tender,,,,No,2026-09-04,2026-09-04,NEW
26f91fe3cacf,NHPC,"Providing manpower for assistance in operation of offices at Kishanganga Power Station, Kralpora, Bandipora, J and K for 2 years (PKG-578).",Unclassified,,,,Unknown,https://www.nhpcindia.com/welcome/tender,GEM/2026/B/7241913,Tender,,,,No,2026-09-04,2026-09-04,NEW
a0256c0abb8c,NHPC,Slope protection of slide area on left side of downstream of Dam of Parbati-III Power Station,Unclassified,,,,Unknown,https://www.nhpcindia.com/welcome/tender,NH/PPS-III/NIT/PR11925/274/1/278 Dated 06.03.2026,NIT,,,,No,2026-09-04,2026-09-04,NEW
76595d8c65d5,NHPC,"Supply, installation, Testing &amp; commissioning of split casing pumps for cooling water system with existing motor of 150HP",Unclassified,,,,Unknown,https://www.nhpcindia.com/welcome/tender,2026_NHPC_901432_1,Tender,,,,No,2026-09-04,2026-09-04,NEW
d452c1361bd3,NHPC,"Operation and programming of Audio Video and Stage Lighting system installed at Jaltarang (Auditorium), Experience Centre &amp; at other location of NHPC Limited, Corporate Office Sector-33, Faridabad",Unclassified,,,,Unknown,https://www.nhpcindia.com/welcome/tender,GEM/2026/B/7070311,Tender,,,,No,2026-09-04,2026-09-04,NEW
19e39efebaaa,NHPC,"Restoration of Damaged Retaining Wall at RD 12/514KM to RD 12/521.5 KM, RD 12/525 to RD 12/533.50KM and RD 12/535.5Km to RD 12/545Km at Dam Khairi Road.",Unclassified,,,,Unknown,https://www.nhpcindia.com/welcome/tender,NH/CPS-1/P&C/W-1552/2025-26/530 Dated: 05/03/2026,Tender,,,,No,2026-09-04,2026-09-04,NEW
2f631c982df2,NHPC,"Running and Maintenance of Residential and Non-residential Buildings, Cleaning of Internal Road and Drain, R and M of External and Internal water supply system, Plumbing work, STP and Pump operation at NHPC colony, Kralpora, Bandipora, J&K for 24 months (PKG-580).",Unclassified,,Jammu and Kashmir,,Unknown,https://www.nhpcindia.com/welcome/tender,GEM/2026/B/7247691,Tender,,,,No,2026-09-04,2026-09-04,NEW
6a7a4979dbe9,NHPC,"Cleaning and sweeping of Permanent Field Hostels at NHPC colony, Kralpora, Bandipora, J and K for 2 years (PKG-579).",Unclassified,,,,Unknown,https://www.nhpcindia.com/welcome/tender,GEM/2026/B/7245230,Tender,,,,No,2026-09-04,2026-09-04,NEW
f70767d11e9c,NHPC,"Supply, installation, testing and commissioning of submersible pump for drainage system of power house",Unclassified,,,,Unknown,https://www.nhpcindia.com/welcome/tender,2026_NHPC_901019_1,Tender,,,,No,2026-09-04,2026-09-04,NEW
0d5645b52c7c,NHPC,"Development of dismantled building area near view point as playground for children at Jyotipuram, Salal Power Station",Unclassified,,,,Unknown,https://www.nhpcindia.com/welcome/tender,NH/SPS/CD/NIT-116/2025-26/1099-1108 (Tender ID 2026_NHPC_900781_1 ),NIT,,,,No,2026-09-04,2026-09-04,NEW
22f8340c5f72,NHPC,"Insurance of various movable and immovable properties of NHPC Office Complex, Sector-33, Faridabad, Residential Complex, Surajkund Road, Faridabad and Guest House-Delhi for the period of 2026-27",Unclassified,,Delhi,,Unknown,https://www.nhpcindia.com/welcome/tender,NH\CWC\CC-II\CO-452\PR10025\387,Tender,,,,No,2026-09-04,2026-09-04,NEW
21922de4e778,NHPC,"Testing and certification of pressure vessels, lifting machines, lifting tools, and tackles for the Loktak Power Station under the Factories Act for a period of one year 2026",Unclassified,,,,Unknown,https://www.nhpcindia.com/welcome/tender,GEM/2026/B/7246761,Tender,,,,No,2026-09-04,2026-09-04,NEW
201018bdb643,NHPC,"Construction of permanent boundary wall of length 843 m from RD-0 m to RD-843 m (along with one entry gate &amp;amp;amp;amp;amp; one exit gate) on the left side of existing road in hill direction of Gaa village land of Kamala HE Project (1720MW), Arunachal Pradesh",Unclassified,1720.0,Arunachal Pradesh,,Unknown,https://www.nhpcindia.com/welcome/tender,2026_NHPC_900823_1,Tender,,,1720 MW,No,2026-09-04,2026-09-04,NEW
1671ed0f1add,NHPC,Restoration of Hurla Quarry Site of Parbati-H.E. Project (Stage-II) (Package No-C-849),Unclassified,,,,Unknown,https://www.nhpcindia.com/welcome/tender,2026_NHPC_ 900882 _1,Tender,,,,No,2026-09-04,2026-09-04,NEW
5d12797f4881,NHPC,Providing and fitting of Sound proof gate/ door to cover the Runner removal Gallery at Draft tube area for Dhauliganga Power Station,Unclassified,,,,Unknown,https://www.nhpcindia.com/welcome/tender,NH/DG/CONTRACT/1084/2025-26/92,Tender,,,,No,2026-09-04,2026-09-04,NEW
2e41d5dde2fb,NHPC,"Supply, Installation and commissioning of two (02) Nos Refrigerated Type Compressed Air Dryer suitable for achieving a pressure dew point between 3°C and 10°C and compatible with existing Air Compressors",Unclassified,,,,Unknown,https://www.nhpcindia.com/welcome/tender,GEM/2026/B/7225678,Tender,,,,No,2026-09-04,2026-09-04,NEW
92081f014e8c,NHPC,"Purchase of Tools and Tackles for Barrage Complex, Uri-I Power Station",Unclassified,,,,Unknown,https://www.nhpcindia.com/welcome/tender,GEM/2026/B/7101102 Dated: 28-02-2026,Tender,,,,No,2026-09-04,2026-09-04,NEW
a62115f8867b,NHPC,Upgradation of existing Local Area Network LAN setup in Admin building Township office hospital and colony,Unclassified,,,,Unknown,https://www.nhpcindia.com/welcome/tender,GEM/2026/B/7233496,Tender,,,,No,2026-09-04,2026-09-04,NEW
f2c84ef7d35b,NHPC,Purchase of spares of Hydraulic System for power pack of SRGs/SFGs/SFTs of Rangit Dam (Bosch Rexroth make),Unclassified,,,,Unknown,https://www.nhpcindia.com/welcome/tender,GEM/2026/B/7169779,Tender,,,,No,2026-09-04,2026-09-04,NEW
e9d12fa68551,NHPC,Repair and strengthening of internal road of SLP Gerukamukh.,Unclassified,,,,Unknown,https://www.nhpcindia.com/welcome/tender,NH/SLP/CONT/25-C-05/26/NIT/675,NIT,,,,No,2026-09-04,2026-09-04,NEW
e4c3ad768617,NHPC,Empanelment of Cost Auditors for the Financial Year FY 2026-27 to 2028-29,Unclassified,,,,Unknown,https://www.nhpcindia.com/welcome/tender,NH/CCW/CC-II/CO-451/PR10025/383,Tender,,,,No,2026-09-04,2026-09-04,NEW
9d2808a7141a,NHPC,Purchase of Wear Rings for Uri Power Station,Unclassified,,,,Unknown,https://www.nhpcindia.com/welcome/tender,GEM/2026/B/7168814 Dated: 26-02-2026,Tender,,,,No,2026-09-04,2026-09-04,NEW
52db523e21ac,NHPC,Purchase of Different Types of Valves (Make: LEADER) for Powerhouse,Unclassified,,,,Unknown,https://www.nhpcindia.com/welcome/tender,GEM/2026/B/7160242,Tender,,,,No,2026-09-04,2026-09-04,NEW
08a495395624,NHPC,"Repair, painting and other necessary works of TRT (Tail Race Tunnel) view pointat CPS-1, Khairi.",Unclassified,,,,Unknown,https://www.nhpcindia.com/welcome/tender,NH/CPS-1/P&C/W-1611/2025-26/524 Dated:25/02/2026,Tender,,,,No,2026-09-04,2026-09-04,NEW
d3c9b16b2b8a,NHPC,"Providing Services like Preparation and Catering of Food, Cleaning, Sweeping of building etc. at VIP Transit Camp, Srinagar, J&K for 2 years (PKG-574).",Unclassified,,Jammu and Kashmir,,Unknown,https://www.nhpcindia.com/welcome/tender,GEM/2026/B/7225967,Tender,,,,No,2026-09-04,2026-09-04,NEW
37e151471583,NHPC,"Insurance Policy for Industrial All Risk (IAR) with Terrorism and war plus TPL Policy on Replacement/ Reinstatement basis, for the period 01.04.2026 to 31.03.207 for 50 MW Tamilnadu, 300 MW Bikaner, 200 MW Khavda-I, 200 MW Khavda-III, 100 MW NP Kunta, 40 MW Ganjam Solar Projects/ Power Stations",Solar,50.0,,,Unknown,https://www.nhpcindia.com/welcome/tender,NH/CCW/CC-II/CO-450/PR10025/369,Tender,,,50 MW,Yes,2026-09-04,2026-09-04,NEW
dd9bd68f0912,NHPC,"Providing Services like Preparation and Catering of food in Permanent Field Hostels &amp; Transit camp and Non-Executive Field Hostel and canteen at NHPC colony, Kralpora, Bandipora, J&amp;K for 24 months (PKG-581).",Unclassified,,,,Unknown,https://www.nhpcindia.com/welcome/tender,GEM/2026/B/7247877,Tender,,,,No,2026-09-04,2026-09-04,NEW
fa508a0646ec,NHPC,Hiring of IBM Cloud Infrastructure services for IFS ERP Application for 2 years along with 24x7 support,Unclassified,,,,Unknown,https://www.nhpcindia.com/welcome/tender,GEM/2026/B/7144879,Tender,,,,No,2026-09-04,2026-09-04,NEW
7ef062ee69e4,NHPC,Hiring of 01 No inspection Vehicle M&amp;amp;M Bolero BS-VI (1500 CC) Turbo Charged or equivalent for Teesta-v power station for a period of 24 Months.,Unclassified,,,,Unknown,https://www.nhpcindia.com/welcome/tender,GEM/2026/B/7197505,Tender,,,,No,2026-09-04,2026-09-04,NEW
3cc3a66ef1ab,NHPC,"Annual Internal painting of Kirby, Type-I, Type-II, and Type-III Quarters at SLP, Gerukamukh.",Unclassified,,,,Unknown,https://www.nhpcindia.com/welcome/tender,NH/SLP/CONT/2026/C-01/NIT/674,NIT,,,,No,2026-09-04,2026-09-04,NEW
68fe139cc1b9,NHPC,"Upgradation/ Renovation of lane and drain from GREF road to Mela ground, Bani under CSR-SD scheme (CSR-711)",Unclassified,,,,Unknown,https://www.nhpcindia.com/welcome/tender,NH/Sewa-II/Contracts/CSR-711/2025-26/NIT-12/208 दिनांक /Dated: 20.02.2026,NIT,,,,No,2026-09-04,2026-09-04,NEW
355534736817,NHPC,Supply and Application of fire barriers in Walls and Floor Cut-outs at Power House of Parbati-II HE Project (Stage-II) (Package No. C-841),Unclassified,,,,Unknown,https://www.nhpcindia.com/welcome/tender,2026_NHPC_ 899544_1,Tender,,,,No,2026-09-04,2026-09-04,NEW
551619a3aca6,NHPC,R&M of Project Hospital by way of providing Para-medical staff & Cleaning and Sweeping Staff.,Unclassified,,,,Unknown,https://www.nhpcindia.com/welcome/tender,NH/CPS-1/P&C/W-1608/2025-26/493 Date: 05/02/2026,Tender,,,,No,2026-09-04,2026-09-04,NEW
0aabd37223f4,NHPC,Annual Maintenance Contract of Xerox make Photocopiers installed at Sewa-II Power Station,Unclassified,,,,Unknown,https://www.nhpcindia.com/welcome/tender,GEM/2026/B/7233849 Dated: 19-02-2026,Tender,,,,No,2026-09-04,2026-09-04,NEW
7bb2cbb400cc,NHPC,"Hiring of Services for Round-the-Clock Operation of Fire Tenders at Kishanganga Power Station, Bandipora (J and K) for 02 (two) years (PKG-575).",Unclassified,,,,Unknown,https://www.nhpcindia.com/welcome/tender,GEM/2026/B/7241074,Tender,,,,No,2026-09-04,2026-09-04,NEW
f6d6c00af59b,NHPC,"Protection Work of Existing Petrol Pump/Store Office/Post Office/Township Office, Strengthening of Store Shed, Renovation of Township Office & Other Miscellaneous Works at surrounding of Township/Store Office Complex at Rangit Power Station",Unclassified,,,,Unknown,https://www.nhpcindia.com/welcome/tender,NH-RPS-CTS011(12)/1/2025-CIVIL TS/217,Tender,,,,No,2026-09-04,2026-09-04,NEW
31999113c4ad,NHPC,Implementation of Rooftop Solar Projects on Government Buildings of allocated Central Ministries in RESCO Mode on Tariff-Based Competitive Bidding under PM Surya Ghar Muft Bijli Yojana (PMSG-MBY),Rooftop Solar,,,,Unknown,https://www.nhpcindia.com/welcome/tender,2026_NHPC_898454_1,Tender,,,,Yes,2026-09-04,2026-09-04,NEW
7dce37dbc571,NHPC,Comprehensive Annual Maintenance Contract for Matrix make EPABX Communication Servers installed at Teesta-V Power Station,Unclassified,,,,Unknown,https://www.nhpcindia.com/welcome/tender,": NH/TSV/Cont/EC-174/NIT-1070/2025-26/422 Dated : 18/02/2026,GEM ID:GEM/2026/B/7254952",NIT,,,,No,2026-09-04,2026-09-04,NEW
f31dd7e157b2,NHPC,पार्बती-III पॉवर स्टेशन में स्थापित 2 Nos. 1010 KVA के डीजल सेट्स के लिए लुब्रिकेंट आयल के ख़रीद हेतु,Unclassified,,,,Unknown,https://www.nhpcindia.com/welcome/tender,GEM/2026/B/7152950,Tender,,,,No,2026-09-04,2026-09-04,NEW
bd0549b05307,NHPC,"Running and Upkeeping of DG sets, 1 MVA 33/0.433 kV Sub-Station and Maintenance of Electrical installation of Office Cum Residential Complex, KGPS, Bandipora and Guest Houses at Srinagar (J and K) for 2 Years (PKG-572).",Unclassified,,,,Unknown,https://www.nhpcindia.com/welcome/tender,GEM/2026/B/7236756,Tender,,,,No,2026-09-04,2026-09-04,NEW
fb663e54e190,NHPC,"Providing services for Operation & Maintenance of IT & Communication Systems at Regional Office, Siliguri",Unclassified,,,,Unknown,https://www.nhpcindia.com/welcome/tender,GeM Bid No.: GEM/2026/B/7255081,Tender,,,,No,2026-09-04,2026-09-04,NEW
779d02a5035c,NHPC,Annual Maintenance Contract AMC for Hiring of service Engineer from Statcon Energiaa Pvt Ltd,Unclassified,,,,Unknown,https://www.nhpcindia.com/welcome/tender,GEM/2026/B/7195286,Tender,,,,No,2026-09-04,2026-09-04,NEW
eb3f2ff526eb,NHPC,"Procurement of High Resolution Satellite Data and Change Detection Studies for Subansiri Upper H.E. Project, 1605 MW NHPC Limited",Unclassified,1605.0,,,Unknown,https://www.nhpcindia.com/welcome/tender,GEM/2026/B/7169073,Tender,,,1605 MW,Yes,2026-09-04,2026-09-04,NEW
ce387965d590,NHPC,Purchase of Service Spare Parts for 500 KVA DG Sets Installed at Admin Office (01 Nos) and Sapangany Colony (01 Nos),Unclassified,,,,Unknown,https://www.nhpcindia.com/welcome/tender,GEM/2026/B/7147899,Tender,,,,No,2026-09-04,2026-09-04,NEW
930ab113d838,NHPC,"Supply of 02 Nos., 2 MVA 11/0.415 kV Oil Filled Sub Station Transformer for Salal Power Station",Unclassified,,,,Unknown,https://www.nhpcindia.com/welcome/tender,GEM/2026/B/7190557,Tender,,,,No,2026-09-04,2026-09-04,NEW
8027de48da41,NHPC,Providing services like daily Sweeping and Cleaning of entire area including toilets of Administrative Office Building at Vidyut Nagar Siliguri,Unclassified,,,,Unknown,https://www.nhpcindia.com/welcome/tender,GeM Bid No.: GEM/2026/B/7250289,Tender,,,,No,2026-09-04,2026-09-04,NEW
53a0d75095ff,NHPC,"LIDAR-based Drone Topographical Survey along with Underwater Survey for Teesta-IV HE Project, Sikkim.",Unclassified,,Sikkim,,Unknown,https://www.nhpcindia.com/welcome/tender,NH/TSV/Cont/CC-370/NIT-1069/2025-26/420 Dated : 17/02/2026 and GEM Bid No. GEM/2026/B/7249095,NIT,,,,No,2026-09-04,2026-09-04,NEW
afc2f4edfaf6,NHPC,Repair of eroded guide vanes of 100 MW Francis Hydro-turbine at Mechanical workshop Chamera-II Power Station (2025-26),Hydro,100.0,,,Unknown,https://www.nhpcindia.com/welcome/tender,NH/CPS-II /Cont./E-146705 /2025-26/19 Date:16.02.2026,Tender,,,100 MW,Yes,2026-09-04,2026-09-04,NEW
f8573ac97c0e,NHPC,Repair of damaged portion of boundary wall near helipad ground located in Karian Colony of Chamera II Power Station.,Unclassified,,,,Unknown,https://www.nhpcindia.com/welcome/tender,2026_NHPC_898703_1,Tender,,,,No,2026-09-04,2026-09-04,NEW
75c9b2984399,NHPC,R & M of sweeping and Cleaning of Celebration Hall Dispensary Store premises Road Colony at Vidyut Nagar Siliguri for 24 months,Unclassified,,,,Unknown,https://www.nhpcindia.com/welcome/tender,GeM Bid No.: GEM/2026/B/7247492,Tender,,,,No,2026-09-04,2026-09-04,NEW
a64641986e78,NHPC,Hiring of Consultancy services for a period of 3 years for recertification / Renewal of ISMS (ISO 27001:2022) for Salal Power Station for a period of three years,Unclassified,,,,Unknown,https://www.nhpcindia.com/welcome/tender,GEM/2026/B/7197756,Tender,,,,No,2026-09-04,2026-09-04,NEW
ceb899328e9b,NHPC,Procurement of Air Conditioner,Unclassified,,,,Unknown,https://www.nhpcindia.com/welcome/tender,GEM/2026/B/7218667,Tender,,,,No,2026-09-04,2026-09-04,NEW
99208f480e79,NHPC,"Supply, Installation, Configuration, Commissioning, Testing and Subscription for services of Online Transformer monitoring system at Salal Power Station",Unclassified,,,,Unknown,https://www.nhpcindia.com/welcome/tender,GEM/2025/B/7021061,Tender,,,,No,2026-09-04,2026-09-04,NEW
878aa7f46a87,NHPC,"Epoxy flooring of floors at PowerHouse, Rajarwani, Uri power station",Unclassified,,,,Unknown,https://www.nhpcindia.com/welcome/tender,NH/UPS/PCS/C-129/NIQ-117/452 Dated 12.02.2026,Tender,,,,No,2026-09-04,2026-09-04,NEW
6642268d15cf,NHPC,Bituminous Carpeting of Internal Roads of Barrage at Boniyar,Unclassified,,,,Unknown,https://www.nhpcindia.com/welcome/tender,NH/UPS/PCS/C-121R/NIQ-118/453 Dated: 13.02.2026,Tender,,,,No,2026-09-04,2026-09-04,NEW
094fd0ba0a74,NHPC,"Restoration of a damaged section of the retaining wall located behind the PowerHouse Store of Chamera-II Power Station, Karian.",Unclassified,,,,Unknown,https://www.nhpcindia.com/welcome/tender,NH/CPS- II/Cont./E File- 156112 /2025-26/18,Tender,,,,No,2026-09-04,2026-09-04,NEW
f946ac5b1708,NHPC,"Bench development for 132/33/11 kV Substation at Gaa Village for Kamala HE Project (1720MW), Boasimla, Arunachal Pradesh",Transmission / Evacuation,1720.0,Arunachal Pradesh,,Unknown,https://www.nhpcindia.com/welcome/tender,2026_NHPC_898429_1,Tender,,,1720 MW,No,2026-09-04,2026-09-04,NEW
9b86e1e31370,NHPC,"Restoration of Jiwa Trench weir site post cloud brust incident by cleaning the silt from intake structure,collection chamber, SFC, gate grooves, Approch Tunnel,Feeder Tunnel,Adit ,Majhaan Nallah and other associated structure of PHEP-II (Pkg. No-C-845)",Unclassified,,,,Unknown,https://www.nhpcindia.com/welcome/tender,2026_NHPC_ 896005 _1,Tender,,,,No,2026-09-04,2026-09-04,NEW
e923aeca3b0a,NHPC,Restoration of complete approx 50m length Road sinked up to 2-3m near Tandi Nala (above the confluence of Tandi nala and Ravi River) on TPH Road.,Unclassified,,,,Unknown,https://www.nhpcindia.com/welcome/tender,NH/CPS-1/P&C/W-1605/2025-26/509 Dated:14/02/2026,Tender,,,,No,2026-09-04,2026-09-04,NEW
0f994e3fa5b8,NHPC,Annual Maintenance Contract of Computers & Peripherals of Sewa-II PS for 02 years (IT-713),Unclassified,,,,Unknown,https://www.nhpcindia.com/welcome/tender,GEM/2026/B/7218330 Dated: 14-02-2026,Tender,,,,No,2026-09-04,2026-09-04,NEW
1c243fc6b2a3,NHPC,Supply of Electrical Consumable Items,Unclassified,,,,Unknown,https://www.nhpcindia.com/welcome/tender,GEM/2026/B/7137504,Tender,,,,No,2026-09-04,2026-09-04,NEW
7d950d7f247f,NHPC,"Repairing and maintenance of CISF Guard room/ Armoury and Boundary fencing of switchyard area at TLD-IV PS , Kalijhora",Unclassified,,,,Unknown,https://www.nhpcindia.com/welcome/tender,"NH/TLD-IV PS/P&C/W-945/2026/2166, Date: 13/02/2026",Tender,,,,No,2026-09-04,2026-09-04,NEW
3cb5908366da,NHPC,"Restoration of partial damage protection wall, fencing with wall, Oil sump & STP surface area on right bank of river near TRC",Unclassified,,,,Unknown,https://www.nhpcindia.com/welcome/tender,NH/BSPS/CC/CW/78/2025-26/605,Tender,,,,No,2026-09-04,2026-09-04,NEW
4e9bde6dec3b,NHPC,"Construction of Double Story CISF barrack at Dam site of Kishanganga Power Station at Gurez, Bandipora, J&K (PKG-569).",Unclassified,,Jammu and Kashmir,,Unknown,https://www.nhpcindia.com/welcome/tender,2026_NHPC_898342_1,Tender,,,,No,2026-09-04,2026-09-04,NEW
5fe59d36b0f8,NHPC,"Paintings of Spillway Stop log, Intake Stop log and Draft Tube Gates of TLD-IV Power Station",Unclassified,,,,Unknown,https://www.nhpcindia.com/welcome/tender,NH/TLD-IV PS/P&C/W-939/2025/2165 Date 12/02/2026,Tender,,,,No,2026-09-04,2026-09-04,NEW
3ac87ffdbf24,NHPC,Repair of exposed reinforcement with cementitious mortar in S7 pier in the penstock area including scrapping & painting of dewatering pipes from drainage gallery sump and outlet and other steel painting works at TLD-IV PS Kalijhora,Unclassified,,,,Unknown,https://www.nhpcindia.com/welcome/tender,NH/TLD-IV PS/P&C/W-934/2025/2162 Date 11/02/2026,Tender,,,,No,2026-09-04,2026-09-04,NEW
df103460e0bf,NHPC,"Repairing of Sub-Station Room at TLD-IV Power Station, kalijhora",Unclassified,,,,Unknown,https://www.nhpcindia.com/welcome/tender,NH/TLD-IV PS/P&C/W-944/2026/2160 Dated: 11/02/2026,Tender,,,,No,2026-09-04,2026-09-04,NEW
e79a4fb3ca97,NHPC,"Repair of damaged residential quarters in Operation SINDOOR during Cross border shelling at Gingle, NHPC URI Power Station (J&amp;K)",Unclassified,,,,Unknown,https://www.nhpcindia.com/welcome/tender,NH/UPS/PCS/C-136/NIQ-116/449 Dated 12.02.2026,Tender,,,,No,2026-09-04,2026-09-04,NEW
56f014d0aa66,NHPC,Purchase of Copper Busbar for Power House of Teesta Low Dam III Power Station,Unclassified,,,,Unknown,https://www.nhpcindia.com/welcome/tender,GEM/2026/B/7184707,Tender,,,,No,2026-09-04,2026-09-04,NEW
bd5af6aa6390,NHPC,Purchase of 01 No. Solid Waste Management Vehicle (Garbage Hopper Tipper) for TLD–III Power Station under CSR-SD Scheme 2025-26,Unclassified,,,,Unknown,https://www.nhpcindia.com/welcome/tender,GEM/2026/B/7207525,Tender,,,,No,2026-09-04,2026-09-04,NEW
8c73c8d608c6,NHPC,"Repair &amp; Renovation of Hospital Building in NHPC Colony, Gingal, Uri Power Station",Unclassified,,,,Unknown,https://www.nhpcindia.com/welcome/tender,NH/UPS/PCS/C-135/NIQ-115/447 Dated 11.02.2026,Tender,,,,No,2026-09-04,2026-09-04,NEW
9a2bdf7d56e7,NHPC,Construction of 2 No. Security Morcha at Old Store Behali of Parbati-III Power Station.,Unclassified,,,,Unknown,https://www.nhpcindia.com/welcome/tender,NH/PPS-III/NIT/PR11925/249/1/259 Dated 11.02.2026,NIT,,,,No,2026-09-04,2026-09-04,NEW
6e13b58cf3a8,NHPC,Restoration of Road from Behali to Surge Shaft of Parbati-III Power Station.,Unclassified,,,,Unknown,https://www.nhpcindia.com/welcome/tender,NH/PPS-III/NIT/PR11925/232/1/258 Dated 11.02.2026,NIT,,,,No,2026-09-04,2026-09-04,NEW
c2263d258daa,NHPC,"Providing security services by a DGR sponsored security agency at NHPC Corporate Office, Faridabad for Two Years",Unclassified,,,,Unknown,https://www.nhpcindia.com/welcome/tender,2026_NHPC_897894_1,Tender,,,,No,2026-09-04,2026-09-04,NEW
9b342c38e186,NHPC,Repair & Maintenance of GSU Transformer of 3 X 20 MW Rangit Power Station,Unclassified,20.0,,,Unknown,https://www.nhpcindia.com/welcome/tender,NH-RPS-PH012(12)/1/2026-PH/213,Tender,,,20 MW,Yes,2026-09-04,2026-09-04,NEW
d48d2444b975,NHPC,"Construction of three Number toilets at various location of barrage complex, Boniyar in Uri power station",Unclassified,,,,Unknown,https://www.nhpcindia.com/welcome/tender,NH/UPS/PCS/C-126/NIQ-114/439 Dated 10.02.2026,Tender,,,,No,2026-09-04,2026-09-04,NEW
bc444999e2cb,NHPC,"Providing services (Two years Contract) for quality testing work of construction materials and maintenance and operation of the quality Control Testing Laboratory at Regional office, Siliguri",Unclassified,,,,Unknown,https://www.nhpcindia.com/welcome/tender,GeM Bid No.: GEM/2026/B/7219496,Tender,,,,No,2026-09-04,2026-09-04,NEW
50979efc1175,NHPC,"Hiring of R&M Services from PAFs/ Locals for Running & Maintenance of Office cum Field Hostel of 50MW Wind Power project, Jaisalmer of NHPC Ltd",Wind,50.0,,,Unknown,https://www.nhpcindia.com/welcome/tender,GEM/2026/B/7135819,Tender,,,50 MW,Yes,2026-09-04,2026-09-04,NEW
c4afc128e548,NHPC,Protection of right side river bank opposite Sapangini Colony of Parbati-III Power Station,Unclassified,,,,Unknown,https://www.nhpcindia.com/welcome/tender,NH/PPS-III/NIT/PR11925/255/1/257 Dated 10.02.2026,NIT,,,,No,2026-09-04,2026-09-04,NEW
76074e8c6ac0,NHPC,Making Dam Undersluices operational of Salal Power Station,Unclassified,,,,Unknown,https://www.nhpcindia.com/welcome/tender,2026_NHPC_897522_1,Tender,,,,No,2026-09-04,2026-09-04,NEW
8be3a4cd6c0a,NHPC,Repair & Maintenance of Surge Shaft Road of Dhauliganga Power House,Unclassified,,,,Unknown,https://www.nhpcindia.com/welcome/tender,NH/DG/CONTRACT/1080/2025-26/86,Tender,,,,No,2026-09-04,2026-09-04,NEW
59afe5e18886,NHPC,"Lot-1 Package Sawalkot HEP, UT of JK",Unclassified,,,,Unknown,https://www.nhpcindia.com/welcome/tender,2026_NHPC_896635_1,Tender,,,,No,2026-09-04,2026-09-04,NEW
3da36d4f26ca,NHPC,"Construction of Lab/Resting Shed at Phongla Health & Wellness Centre, Phongla",Unclassified,,,,Unknown,https://www.nhpcindia.com/welcome/tender,NH/Teesta-VI/P&C/NIT-42/2026/888,NIT,,,,No,2026-09-04,2026-09-04,NEW
cc3fb1cf5440,NHPC,"Restoration of Kendriya Vidyalaya, Left Bank, Balutar at Teesta-V Power Station",Unclassified,,,,Unknown,https://www.nhpcindia.com/welcome/tender,"NH/TSV/Cont/CC-366/NIT-1066/2025-26/414 Dated: 09/02/2026 ,GeM Tender ID No. 2026_NHPC_897647_1",NIT,,,,No,2026-09-04,2026-09-04,NEW
2a6e77d9467e,NHPC,"Construction of Room & Repair of CGI Sheet at Health & Wellness Centre, Kabrey, Namchi District",Unclassified,,,,Unknown,https://www.nhpcindia.com/welcome/tender,NH/Teesta-VI/P&C/NIT-40/2025/887,NIT,,,,No,2026-09-04,2026-09-04,NEW
324086b25f7e,NHPC,"Supply of All in One Desktop computer at Regional office Jammu, NHPC Ltd.",Unclassified,,,,Unknown,https://www.nhpcindia.com/welcome/tender,GEM/2026/B/7187428,Tender,,,,No,2026-09-04,2026-09-04,NEW
0a488c045ae3,NHPC,"Construction of Workshop Building of Teesta-V PS at Left Bank Colony, Balutar.",Unclassified,,,,Unknown,https://www.nhpcindia.com/welcome/tender,NH/TSV/Cont/CC-368/NIT-1067/2025-26/416 Dated: 10/02/2026 and E-Tender ID: 2026_NHPC_897828_1,NIT,,,,No,2026-09-04,2026-09-04,NEW
d4e14c95bc21,NHPC,"Construction of RCC Bunker at NHPC Residential Colony at Dawer, Gurez of Kishanganga Power Station, Bandipora, J&amp;K (PKG-570).",Unclassified,,,,Unknown,https://www.nhpcindia.com/welcome/tender,2026_NHPC_897620_1,Tender,,,,No,2026-09-04,2026-09-04,NEW
4aba68f7be88,NHPC,Supply and Demonstration of Portable DGA kit for testing transformer oil at Parbati-III PS,Unclassified,,,,Unknown,https://www.nhpcindia.com/welcome/tender,GEM/2026/B/7197933,Tender,,,,No,2026-09-04,2026-09-04,NEW
17756af5e6a7,NHPC,"Purchase of Bullet Resistance Jacket for CISF, Uri Power Station",Unclassified,,,,Unknown,https://www.nhpcindia.com/welcome/tender,GEM/2026/B/7152457 dated-07.02.2026,Tender,,,,No,2026-09-04,2026-09-04,NEW
4e6677ff1b44,NHPC,"Restoration of Hill slide with providing protection wall along the police chowki & repairing damage workshop building at BSPS, Surangani",Unclassified,,,,Unknown,https://www.nhpcindia.com/welcome/tender,NH/BSPS/CC/CW/68/2025-26/592,Tender,,,,No,2026-09-04,2026-09-04,NEW
fc751fa2adb9,NHPC,"Removal of deposited RBM near TRC on left bank of river at Powerhouse, BSPS, Surangani",Unclassified,,,,Unknown,https://www.nhpcindia.com/welcome/tender,NH/BSPS/CC/CW/70/2025-26/591,Tender,,,,No,2026-09-04,2026-09-04,NEW
30b34249481f,NHPC,Repair and Painting of Dhaulisadan Transit Camp (VIP Guest House ) Tapovan DGPS,Unclassified,,,,Unknown,https://www.nhpcindia.com/welcome/tender,NH/DG/CONTRACT/1079/2025-26/84,Tender,,,,No,2026-09-04,2026-09-04,NEW
4c19cb7d2d45,NHPC,"Transportation and Joint Inspection of 43.33 MVA, 11/220/√3 kV Single Phase M/s BHEL Make Generator Transformer (S. No. 2007316) of Salal Power Station",Unclassified,,,,Unknown,https://www.nhpcindia.com/welcome/tender,GEM/2026/B/7117844,Tender,,,,No,2026-09-04,2026-09-04,NEW
9c2393134d6b,NHPC,"Purchase of 3.5 core 300 Sqmm , Aluminium , Armoured , XLPE cable for Dam Site of Parbati-III Power Station",Unclassified,,,,Unknown,https://www.nhpcindia.com/welcome/tender,GEM/2026/B/7163288,Tender,,,,No,2026-09-04,2026-09-04,NEW
1e876c798f4e,NHPC,"Designing, Fabricating, Testing, Installing and Fixing in Position Curtain Wall with Aluminum Composite Panel Cladding with Aluminum Base Frames in Machine Bay at Dam Toe Power House of KGPS at Gurez, Bandipora, J&K (PKG-571).",Unclassified,,Jammu and Kashmir,,Unknown,https://www.nhpcindia.com/welcome/tender,2026_NHPC_897542_1,Tender,,,,No,2026-09-04,2026-09-04,NEW
09c7ba75a438,NHPC,Selection of Firms for issuance of No Objection Certificate for Removal of Deposited Sediments/Silt from the Reservoir and downstream of TLD-III Power Station,Unclassified,,,,Unknown,https://www.nhpcindia.com/welcome/tender,2026_NHPC_897383_1,Tender,,,,No,2026-09-04,2026-09-04,NEW
85b35c8f7715,NHPC,"Demolition and removal of damaged left RCC abutment along with associated PCC, stone masonry and gabion protection works of Bailey Bridgeof Parbati-H.E. Project (Stage-II)” (Package No-C-847)",Unclassified,,,,Unknown,https://www.nhpcindia.com/welcome/tender,2026_NHPC_ 897390 _1,Tender,,,,No,2026-09-04,2026-09-04,NEW
ab0bd243b7fd,NHPC,"Repair of Spillway apron and downstream protection of Dam, DGPS",Unclassified,,,,Unknown,https://www.nhpcindia.com/welcome/tender,NH/DG/CONTRACT/1081/2025-26/83 Dated:06.02.2026,Tender,,,,No,2026-09-04,2026-09-04,NEW
657680607dd4,NHPC,"Empanelment of CA/CMA Firms/LLPs for Physical verification of Stores and Property, Plant &amp;amp;amp;amp;amp;amp; Equipments (Fixed Assets) of Projects/Power Stations/Corporate Office/Regional Office/Units for three years from FY-2026-27 to 2028-29",Unclassified,,,,Unknown,https://www.nhpcindia.com/welcome/tender,NH/CCW/CCII/CO-444/ PR10025/384,Tender,,,,No,2026-09-04,2026-09-04,NEW
271216dcde6d,NHPC,"Repair work of SFT gates no. 1 &amp;amp;amp;amp;amp;amp;amp;amp;amp;amp; 2 with replacement of steel liners, sill beams and rubber seals of gates at Dam of DPS, Kishtwar",Unclassified,,,,Unknown,https://www.nhpcindia.com/welcome/tender,NH/DPS/CONT/NIT-258/2025/E160252 dated 05.02.2026,NIT,,,,No,2026-09-04,2026-09-04,NEW
9b4ab0d8ce22,NHPC,Repair and renovation of electrical wiring and fitting of Type-II quarters (3 Blocks /18 Nos. Qtrs.) Under possession of Teesta-VI HE Project at Balutar,Unclassified,,,,Unknown,https://www.nhpcindia.com/welcome/tender,NH/Teesta-VI/P&amp;amp;C/NIT-39/2026/885,NIT,,,,No,2026-09-04,2026-09-04,NEW
906cd27697be,NHPC,"Cleaning of old water storage tank, providing and placing of new water tanks &amp;amp; water proofing of the mummty roof area at various locations at Nigalpani, DGPS",Unclassified,,,,Unknown,https://www.nhpcindia.com/welcome/tender,NH/DG/CONTRACT/1076/2025-26/82,Tender,,,,Yes,2026-09-04,2026-09-04,NEW
77e00fa824e8,NHPC,Goli Road R-Wall near Duel Mor on Dam-Goli (154-A) (Restoration Work).,Unclassified,,,,Unknown,https://www.nhpcindia.com/welcome/tender,NH/CPS-1/P&C/W-1607/2025-26/492 Dated: 04/02/2026,Tender,,,,No,2026-09-04,2026-09-04,NEW
48d1b4ef1988,NHPC,"Construction of Mid-Day Meal Shed at Government Secondary School, Pamphok",Unclassified,,,,Unknown,https://www.nhpcindia.com/welcome/tender,NH/Teesta-VI/P&amp;C/NIT-41/2026/ 883,NIT,,,,No,2026-09-04,2026-09-04,NEW
96e65950a507,NHPC,"On-site cryogenic cleaning, heating & varnishing of generator of two units of Parbati-III Power Station",Unclassified,,,,Unknown,https://www.nhpcindia.com/welcome/tender,NH/PPS-III/NIT/PR11925/246/1/236 Dated: 02.02.2026,NIT,,,,No,2026-09-04,2026-09-04,NEW
c1c381303f74,NHPC,"Fabrication, supply and Erection of Steel liner in Spillway Glacis at Dam site, Dhauliganga Power Station",Unclassified,,,,Unknown,https://www.nhpcindia.com/welcome/tender,NH/DG/CONTRACT/1083/2025-26/ 81,Tender,,,,No,2026-09-04,2026-09-04,NEW
533d8fe5a6cf,NHPC,"Purchase of spare parts of installed 02 nos. L.P. Compressor, Model: E15-7.5, Make-ELGI at Power House for Parbati-III Power Station",Unclassified,,,,Unknown,https://www.nhpcindia.com/welcome/tender,GEM/2026/B/7160506,Tender,,,,No,2026-09-04,2026-09-04,NEW
2c0f9f1be9bd,NHPC,"Repair and Renovation of 4 Nos D-Type Quarter ( D-1 to D-4) at Nigalpani colony, DGPS",Unclassified,,,,Unknown,https://www.nhpcindia.com/welcome/tender,NH/DG/CONTRACT/1082/2025-26/80,Tender,,,,No,2026-09-04,2026-09-04,NEW
190d447ed497,NHPC,"Protective Ceramic coating on Spiral Casing, Stay Vanes and Top Cover of all the three Generating Units of Teesta-V Power Station.",Unclassified,,,,Unknown,https://www.nhpcindia.com/welcome/tender,NH/TSV/CONT/MC-148/NIT-1065/2025-26/395 Dated: 31/01/2026 and E-Tender ID: 2026_NHPC_896420_1,NIT,,,,No,2026-09-04,2026-09-04,NEW
81c348e97ed3,NHPC,Purchase of Sulfur Hexafluoride (SF6) Gas Analyser for 400KV GIS of Uri-II Power Station,Unclassified,,,,Unknown,https://www.nhpcindia.com/welcome/tender,GEM/2026/B/7122343,Tender,,,,No,2026-09-04,2026-09-04,NEW
ae10b57e537f,NHPC,"Oru Mor Restoration of whole sinking area at Dam office, CPS-I (Restoration Work).",Unclassified,,,,Unknown,https://www.nhpcindia.com/welcome/tender,NH/CPS-1/P&C/W-1604/2025-26/483 Dated: 31/01/2026,Tender,,,,No,2026-09-04,2026-09-04,NEW
a71582a1b777,NHPC,"Work of Supply, installation, testing and commissioning of Uniaxial type Joint Meter at Instrumentation Gallery of Concrete Dam at Salal Power Station",Unclassified,,,,Unknown,https://www.nhpcindia.com/welcome/tender,GEM/2025/B/7056322,Tender,,,,No,2026-09-04,2026-09-04,NEW
3894f3e5f0e3,NHPC,"Supply, Installation, testing, commissioning and trial run of the entire system and AMC for Establishment of two nos. Automatic Water Level Recorders (AWLR) at Uri-II Power Station.”",Unclassified,,,,Unknown,https://www.nhpcindia.com/welcome/tender,GEM/2026/B/7100889,Tender,,,,No,2026-09-04,2026-09-04,NEW
76dcc0afe14f,NHPC,"Construction of Civil structure for the installation of Lift at Administrative building, CPS-1.",Unclassified,,,,Unknown,https://www.nhpcindia.com/welcome/tender,NH/CPS-1/P&C/W-1603/2025-26/482 Dated: 30/01/2026,Tender,,,,No,2026-09-04,2026-09-04,NEW
52e3c627e90b,NHPC,Repair and Maintenance of water supply network at NHPC Complex Pasighat,Unclassified,,,,Unknown,https://www.nhpcindia.com/welcome/tender,NH/SIANGLOWER/NIT/2026/02,NIT,,,,No,2026-09-04,2026-09-04,NEW
27e9b3e877b7,NHPC,"Supply, Installation, Testing and Commissioning (SITC) of 02 Nos, 12.5 Mtr Latching Type High Mast for CISF Campus at Sallaha, Dam site of Parbati-III Power Station",Unclassified,,,,Unknown,https://www.nhpcindia.com/welcome/tender,GEM/2026/B/7100941,Tender,,,,No,2026-09-04,2026-09-04,NEW
1b3d479d1cf2,NHPC,Providing Concertina Coil Fencing at left and Right bank of Dam and its associate structure and other miscellaneous steel works at Dam of Dhauliganga Power Station,Unclassified,,,,Unknown,https://www.nhpcindia.com/welcome/tender,NH/DG/CONTRACT/1078/2025-26/79,Tender,,,,No,2026-09-04,2026-09-04,NEW
6d50d5c3e98d,NHPC,Construction of Steel water tank retaining Structure for G+1 in Siang Lower Project at Pasighat.,Unclassified,,,,Unknown,https://www.nhpcindia.com/welcome/tender,NH/SIANGLOWER/NIT/2026/01,NIT,,,,No,2026-09-04,2026-09-04,NEW
84415dc99722,NHPC,"Renovation/Beautification of Garden Lights and replacement of other Electrical cables etc. at VIP Guest House, NHPC Ltd., Regional Office, Vidyut Nagar, Siliguri, Dist.-Jalpaiguri, West Bengal.",Unclassified,,West Bengal,,Unknown,https://www.nhpcindia.com/welcome/tender,NH/RO(Slg)/PR15325/87/05 Dated: 28/01/2026,Tender,,,,No,2026-09-04,2026-09-04,NEW
fe97359f50d0,NHPC,Purchase of Battery Discharge Kit for 220V DC Battery Banks of TLD–III Power Station,Unclassified,,,,Unknown,https://www.nhpcindia.com/welcome/tender,GEM/2026/B/7139407,Tender,,,,Yes,2026-09-04,2026-09-04,NEW
4182b5d02b58,NHPC,Construction of IRBn Barrack at Rangit Colony of Rangit Power Station,Unclassified,,,,Unknown,https://www.nhpcindia.com/welcome/tender,NH-RPS-CTS011(11)/5/2024-CIVIL TS / 198,Tender,,,,No,2026-09-04,2026-09-04,NEW
0515f06fe5a6,NHPC,"Purchase of MS Plates, Angles, Channels, Round Bars, and Hexagonal Rods for Rangit Powerhouse",Unclassified,,,,Unknown,https://www.nhpcindia.com/welcome/tender,GEM/2025/B/7006811,Tender,,,,No,2026-09-04,2026-09-04,NEW
caabdc368e53,NHPC,Purchase of Electric Dredging / Desilting Pump for silt removal from HM Gates at TLD-III Power Station,Unclassified,,,,Unknown,https://www.nhpcindia.com/welcome/tender,GEM/2026/B/7136885,Tender,,,,No,2026-09-04,2026-09-04,NEW
07996399dcc9,NHPC,"Restoration of damaged boundary wall and associated works including toe wall &amp;amp;amp;amp;amp; apron for scour protection in the river bed from Spur-1 to DG Building, and base protection works between Spur-8 to Spur-10 at Tapovan Complex, DGPS",Unclassified,,,,Unknown,https://www.nhpcindia.com/welcome/tender,NH/DG/CONTRACT/1075/2025-26/78,Tender,,,,No,2026-09-04,2026-09-04,NEW
c9b34ceaf3b3,NHPC,Construction of Permanent School Building at Rangit Power Station,Unclassified,,,,Unknown,https://www.nhpcindia.com/welcome/tender,NH-RPS-CTS011(11)/3/2024-CIVIL TS/197,Tender,,,,No,2026-09-04,2026-09-04,NEW
f3477639aa91,NHPC,"Repair and renovation work of VIP Guest House at Chamera Power station 1, Khairi.",Unclassified,,,,Unknown,https://www.nhpcindia.com/welcome/tender,NH/CPS-1/P&C/W-1600/2025-26/481 Dated: 27/01/2026,Tender,,,,No,2026-09-04,2026-09-04,NEW
297c6032f6f7,NHPC,Application of surface protective hard coating on skin plate of upstream under sluice gate of CPS-1.,Unclassified,,,,Unknown,https://www.nhpcindia.com/welcome/tender,NH/CPS-1/P&C/W-1601/2025-26/479 Dated: 24/01/2026,Tender,,,,No,2026-09-04,2026-09-04,NEW
78d04c752423,NHPC,"Repair, Maintenance and Renovation of Nursery School at NHPC Colony Nigalpani, DGPS",Unclassified,,,,Unknown,https://www.nhpcindia.com/welcome/tender,NH/DG/CONTRACT/1074/2025-26/76,Tender,,,,No,2026-09-04,2026-09-04,NEW
513235bfad56,NHPC,"Restoration of Partially Damaged protection wall at various (RDs) on Manjeer- Badoh, Surangani-Powerhouse & Surangani-Valve House Road under BSPS, Surangani",Unclassified,,,,Unknown,https://www.nhpcindia.com/welcome/tender,NH/BSPS/CC/CW/57/2025-26/556,Tender,,,,No,2026-09-04,2026-09-04,NEW
07f1eaf242c4,NHPC,Providing Services for obtaining Cross Sections of Dibang River and its Tributaries,Unclassified,,,,Unknown,https://www.nhpcindia.com/welcome/tender,GEM/2025/B/6999617,Tender,,,,No,2026-09-04,2026-09-04,NEW
2c7bb044e9bf,NHPC,"Empanelment of Firms / Companies to carry out Architectural Consultancy work for office, Guest Houses and Township of NHPC Projects/Power station/Units for two years from 2026-27 to 2027-28",Unclassified,,,,Unknown,https://www.nhpcindia.com/welcome/tender,2026_NHPC_895146_1,Tender,,,,No,2026-09-04,2026-09-04,NEW
157f3b90bb14,NHPC,Restoration &amp; Construction of four steel footbridges between dam pillars damaged during floods at Bagga Dam site of Chamera-II Power Station.(E-Office- 156571).,Unclassified,,,,Unknown,https://www.nhpcindia.com/welcome/tender,NH/CPS- II/Cont./E- 156571/2025-26/15,Tender,,,,No,2026-09-04,2026-09-04,NEW
1adff4179b49,NHPC,"Restoration of damaged protection work at Nakrod-Dam Road of Baira Siul Power Station, Sarangani",Unclassified,,,,Unknown,https://www.nhpcindia.com/welcome/tender,NH/BSPS/CC/CW/54/2025-26/548,Tender,,,,No,2026-09-04,2026-09-04,NEW
f508cb8f05dd,NHPC,"Supply, Installation, Testing &amp;amp; Commissioning (SITC) of Elevator at administrative building of Chamera Power Station-1 and AMC for 03 years.",Unclassified,,,,Unknown,https://www.nhpcindia.com/welcome/tender,NH/CPS-1/P&C/W-1599/2025-26/465 Dated: 21/01/2026,Tender,,,,No,2026-09-04,2026-09-04,NEW
c58e7f737484,NHPC,Purchase of Purchase of Diwan Beds and Mattress for CISF,Unclassified,,,,Unknown,https://www.nhpcindia.com/welcome/tender,GEM/2026/B/7077518 dt-21.01.2026,Tender,,,,No,2026-09-04,2026-09-04,NEW
4598e24bd818,NHPC,Construction of Control Room and Security Office with Ancillary Facilities at Pancha Nallah diversion site of Parbati-H.E. Project (Stage-II) (Package No-C-837),Unclassified,,,,Unknown,https://www.nhpcindia.com/welcome/tender,2026_NHPC_ 894229_1,Tender,,,,No,2026-09-04,2026-09-04,NEW
fae4288ed085,NHPC,"Removal of mound of silt, logs, debris from right bank of Reservoir of TLD-IV Power Station",Unclassified,,,,Unknown,https://www.nhpcindia.com/welcome/tender,"NH/TLD-IV PS/P&C/W-943/2026/2141, Date:21/01/2026",Tender,,,,No,2026-09-04,2026-09-04,NEW
3e9fdbf8e49d,NHPC,"Water proofing treatment of A-Type, B-Type, C-Type, D1, D3 quarters, Club, Guest House, Civil complaint office &amp; Canteen building at Lower and Upper Samleu, CPS-1, Khairi.",Unclassified,,,,Unknown,https://www.nhpcindia.com/welcome/tender,NH/CPS-1/P&C/W-1596/2025-26/464 Dated: 20/01/2026,Tender,,,,No,2026-09-04,2026-09-04,NEW
9df0419e2e82,NHPC,Annual maintenance of Generating Units &amp;amp; its accessories of Teesta V PS for the financial year 2025-26.,Unclassified,,,,Unknown,https://www.nhpcindia.com/welcome/tender,NH/TSV/CONT/MC-167/NIT-1064/2025-26/388 Dated: 20/01/2026 and Tender ID No. 2026_NHPC_894804_1,NIT,,,,No,2026-09-04,2026-09-04,NEW
a357bbe2ea08,NHPC,Comprehensive AMC of 2x20KVA UPS and 20KVA lighting inverter for 2 years 4 visits per year installed at Uri II Power Station,Unclassified,,,,Unknown,https://www.nhpcindia.com/welcome/tender,GEM/2026/B/7304752,Tender,,,,No,2026-09-04,2026-09-04,NEW
8eeddbb571e9,NHPC,Hiring of Consultant for formulation of BRSR and Sustainability Report of NHPC Limited and allied services for FY 2025-26 &amp; 2026-27,Unclassified,,,,Unknown,https://www.nhpcindia.com/welcome/tender,NH/CCW/CC-II/CO-437/PR10025/263,Tender,,,,No,2026-09-04,2026-09-04,NEW
a75e23d52a75,NHPC,Running & Maintenance of Electrical Installations at Rangit Nagar Colony,Unclassified,,,,Unknown,https://www.nhpcindia.com/welcome/tender,NH-RPS-ECD012(11)/1/2025-ECD/192,Tender,,,,No,2026-09-04,2026-09-04,NEW
0064b2673f01,NHPC,"Procurement of 48,050 MT Cement (PPC-53 Grade) for Subansiri Lower HE Project",Unclassified,,,,Unknown,https://www.nhpcindia.com/welcome/tender,GEM/2026/B/7077968,Tender,,,,No,2026-09-04,2026-09-04,NEW
b6157d2775a1,NHPC,General Up-Keeping & House-Keeping of Field Hostel & Recreation Club of Rangit Power Station for the Year 2025-27,Unclassified,,,,Unknown,https://www.nhpcindia.com/welcome/tender,NH-RPS-CTS012(11)/8/2025-CIVIL TS/191,Tender,,,,No,2026-09-04,2026-09-04,NEW
716eeb38e1b0,NHPC,Between Jandarera and Simni R- Wall on TPH Road (Restoration of Damaged Retaining Walls) at CPS-1.,Unclassified,,,,Unknown,https://www.nhpcindia.com/welcome/tender,NH/CPS-1/P&C/W-1590/2025-26/461 Dated: 19/01/2026,Tender,,,,No,2026-09-04,2026-09-04,NEW
be888ba9a0f5,NHPC,"Simni Nala (Causeway with pipe culvert) on TPH Road (Providing Pipe culvert Simni Nala on Taleru–Power House Road, CPS-1).",Unclassified,,,,Unknown,https://www.nhpcindia.com/welcome/tender,NH/CPS-1/P&C/W-1595/2025-26/460 Dated: 19/01/2026,Tender,,,,No,2026-09-04,2026-09-04,NEW
cfceb171366a,NHPC,Hiring of Assurance Provider for Sustainability Report and Business Responsibility and Sustainability Report (BRSR) Core of NHPC Ltd. for FY 2025-26 and 2026-27,Unclassified,,,,Unknown,https://www.nhpcindia.com/welcome/tender,NH/CCW/CC-II/CO-436/PR10025/286,Tender,,,,No,2026-09-04,2026-09-04,NEW
699d4bc2e35e,NHPC,Purchase of Submersible Pumps and Starter Panels,Unclassified,,,,Unknown,https://www.nhpcindia.com/welcome/tender,GEM/2025/B/7021476,Tender,,,,No,2026-09-04,2026-09-04,NEW
5a1a11c467fa,NHPC,"Supply, Installation, Testing and Commissioning (SITC) of Addressable Fire Detection and Alarm (AFDA) System at Administrative Building and Project Hospital Building of Teesta-V Power Station.",Unclassified,,,,Unknown,https://www.nhpcindia.com/welcome/tender,NH/TSV/CONT/EC-171/NIT-1063/2025-26/385 Dated: 17/01/2026 and Tender ID No. 2026_NHPC_894471_1,NIT,,,,No,2026-09-04,2026-09-04,NEW
34dad86099b4,NHPC,"Restoration of damaged approach road and protection wall of Road to STP/Pump House No.2 on the right bank of the River near at BSPS, Surangani",Unclassified,,,,Unknown,https://www.nhpcindia.com/welcome/tender,NH/BSPS/CC/CW/62/2025-26/536,Tender,,,,No,2026-09-04,2026-09-04,NEW
b70d139a7fdb,NHPC,Repair along with HP-HVOF coating of 01 set Damaged Guide Vanes of 130 MW Francis Turbine at Parbati-III Power Station,Unclassified,130.0,,,Unknown,https://www.nhpcindia.com/welcome/tender,NH/PPS-III/NIT/PR11925/234/1/220 Dated: 17.01.2026,NIT,,,130 MW,Yes,2026-09-04,2026-09-04,NEW
721e950e0465,NHPC,Deputation of Service Engineer from M/s GE Vernova T&amp;amp;D India Ltd. for Inspection &amp;amp; Clearance during Re-commissioning and Post-Termination Inspection of 400 kV XLPE Cable at Transformer End – Teesta-V Power Station,Unclassified,,,,Unknown,https://www.nhpcindia.com/welcome/tender,GEM/2026/B/7113097 and NH/TSV/Cont/EC-173/NIT-1062/2025-26/375 Dated: 15/01/2026,NIT,,,,Yes,2026-09-04,2026-09-04,NEW
cbca2cca5074,NHPC,Development of Power Evacuation Infrastructure for 1200MW Jalaun Solar Park,Transmission / Evacuation,1200.0,,,Unknown,https://www.nhpcindia.com/welcome/tender,2026_NHPC_894115_1,Tender,,,1200 MW,Yes,2026-09-04,2026-09-04,NEW
9f1ebce059b6,NHPC,"Goli Road R-Wall near rain shelter on Dam - Goli Road (154A), RD +/- 0/905KM to RD +/- 0/928 KM.",Unclassified,,,,Unknown,https://www.nhpcindia.com/welcome/tender,NH/CPS-1/P&C/W-1592/2025-26/453 Dated: 15/01/2026,Tender,,,,No,2026-09-04,2026-09-04,NEW
68eec4b6bc12,NHPC,"Up-keeping services & supervision thereof for NHPC Ltd. Liaison office for 24 months Block DP-3, Sec-V, Salt Lake City Kolkata-700091",Unclassified,,,,Unknown,https://www.nhpcindia.com/welcome/tender,एनएच/आरओ(सिलीगुड़ी)/प्रा.व सं/एनआईटी-04/2025-2026/04 दिनांक : 14/01/2026,Tender,,,,No,2026-09-04,2026-09-04,NEW
d57135b09bd0,NHPC,Providing and Fixing ACP Sheet and wall paneling in administrative Building-I of Salal Power Station Jyotipuram,Unclassified,,,,Unknown,https://www.nhpcindia.com/welcome/tender,NH/SPS/PnC/NIT-214/25-26/1011-1020,NIT,,,,No,2026-09-04,2026-09-04,NEW
0e4aa1acfc99,NHPC,Electrical Installation and Wiring in Miscellaneous Repair and Painting work of Administrative office & Project Hospital Building,Unclassified,,,,Unknown,https://www.nhpcindia.com/welcome/tender,NH/BSPS/CC/CW/63/2025-26/521,Tender,,,,No,2026-09-04,2026-09-04,NEW
21851b49e695,NHPC,Replacement work of top lintel seal & side seal of spillway Radial gate of Sewa-II Dam,Unclassified,,,,Unknown,https://www.nhpcindia.com/welcome/tender,GEM/2026/B/7087676 Dated: 14-01-2026,Tender,,,,No,2026-09-04,2026-09-04,NEW
5e60b62de020,NHPC,"Construction of Pavement from Colony Road to Badminton Hall at Regional office, Siliguri",Unclassified,,,,Unknown,https://www.nhpcindia.com/welcome/tender,NH/RO(Slg)/PR15325/79/03 Dated: 13/01/2026,Tender,,,,No,2026-09-04,2026-09-04,NEW
5c4e26468b58,NHPC,Safety Audit of Uri 2 Power station for the year 2025-26,Unclassified,,,,Unknown,https://www.nhpcindia.com/welcome/tender,GEM/2026/B/7076756,Tender,,,,No,2026-09-04,2026-09-04,NEW
e00b2f10a48d,NHPC,"Repair and Painting of Multiutility building at Khairi (Bank building, post office building, store and canteen) and Permanent site office and Stores for Civil/Elect Maintenance section at Lower samleu, CPS-1, Khairi.",Unclassified,,,,Unknown,https://www.nhpcindia.com/welcome/tender,NH/CPS-1/P&C/W-1589/2025-26/ 452 Dated:13/01/2026,Tender,,,,No,2026-09-04,2026-09-04,NEW
179d9dc57eba,NHPC,Hiring of Environmental Consultant for carrying out EIA/EMP studies in respect of Pumped Storage Project Masinta 1000 MW(Odisha),Pumped Storage,1000.0,Odisha,,Unknown,https://www.nhpcindia.com/welcome/tender,GEM/2025/B/7031760,Tender,,,1000 MW,Yes,2026-09-04,2026-09-04,NEW
8af61abeb9b9,NHPC,"Repair of internal road, Drain and other misc. work at Samdong Colony of Teesta -V Power Station.",Unclassified,,,,Unknown,https://www.nhpcindia.com/welcome/tender,NH/TSV/Cont/CC-367/NIT-1061/2025-26/367 Dated: 12/01/2026 and Tender ID No. 2026_NHPC_893545_1,NIT,,,,No,2026-09-04,2026-09-04,NEW
ed64efcdd298,NHPC,Purchase of Transformer Turn ratio meter,Unclassified,,,,Unknown,https://www.nhpcindia.com/welcome/tender,GEM/2025/B/7055279,Tender,,,,No,2026-09-04,2026-09-04,NEW
85f364d0e532,NHPC,"Proposal for Supply, Installation, Testing, and Commissioning of Solar Powered Sirens with Voice Message Capability at Salal Power Station",Solar,,,,Unknown,https://www.nhpcindia.com/welcome/tender,GEM/2025/B/7056727,Tender,,,,Yes,2026-09-04,2026-09-04,NEW
fa99eb8e2d62,NHPC,Construction of IRBn Barrack at Power House of Rangit Power Station,Unclassified,,,,Unknown,https://www.nhpcindia.com/welcome/tender,NH-RPS-CTS011(11)/6/2024-CIVIL TS /179,Tender,,,,No,2026-09-04,2026-09-04,NEW
6fc1a54c36fc,NHPC,Purchase of Air Conditioners for Bachelor Accommodation/Field Hostels,Unclassified,,,,Unknown,https://www.nhpcindia.com/welcome/tender,GEM/2025/B/6991660,Tender,,,,No,2026-09-04,2026-09-04,NEW
f652fbcdd236,NHPC,Hiring of Different Type of Vehicles (13 No.) along with all necessary arrangement for its smooth operation/ running for various locations of Parbati H.E. Project (Stage-II) (Package No. C- 836),Unclassified,,,,Unknown,https://www.nhpcindia.com/welcome/tender,2026_NHPC_893451_1,Tender,,,,No,2026-09-04,2026-09-04,NEW
491e4ac2c42d,NHPC,"Lot-2 Package Civil Works of Kamala HE Project, Kamle District, Arunachal Pradesh",Unclassified,,Arunachal Pradesh,,Unknown,https://www.nhpcindia.com/welcome/tender,2025_NHPC_884444_1,Tender,,,,No,2026-09-04,2026-09-04,NEW
6372dee4fcd9,NHPC,"Supply, Installation & Commissioning of 02 Nos. Accelerograph along with all accessories for Dam Site including AMC for 04 years and Comprehensive Annual Maintenance Contract (AMC) of installed 02 nos. Gecko make Strong motion accelerograph for 05 years at Sewa-II Power Station",Unclassified,,,,Unknown,https://www.nhpcindia.com/welcome/tender,GEM/2026/B/7061294 Dated: 10-01-2026,Tender,,,,No,2026-09-04,2026-09-04,NEW
aace05e45fe2,NHPC,"Repair of Sewage Treatment Plant & Water Treatment Plant at Chamera-II Power Station, Karian, Chamba",Unclassified,,,,Unknown,https://www.nhpcindia.com/welcome/tender,NH/CPS- II/Cont./E- 149806/2025-26/12 Dated:07-01-2026,Tender,,,,No,2026-09-04,2026-09-04,NEW
4bf2e9b24efa,NHPC,Providing and placing PP rope gabions &amp; Tetrapod from RD +/-400.0 M to RD +/-530.0 M (EL+/-1155.0 to EL+/- 1164.00) at CPS-II Dam site,Unclassified,,,,Unknown,https://www.nhpcindia.com/welcome/tender,NH/CPS- II/Cont./E File-156056/2025-26/13 Dated: 10 /01 /2026,Tender,,,,No,2026-09-04,2026-09-04,NEW
a736e6980ceb,NHPC,Purchase of 1 EVD for CISF unit Uri Power Station,Unclassified,,,,Unknown,https://www.nhpcindia.com/welcome/tender,GEM/2026/B/7067990 Dated: 10-01-2026,Tender,,,,No,2026-09-04,2026-09-04,NEW
d2b9837f2552,NHPC,"Restoration of washed-away Badminton Hall at Tapovan, DGPS",Unclassified,,,,Unknown,https://www.nhpcindia.com/welcome/tender,NH/DG/CONTRACT/1077/2025-26/72,Tender,,,,No,2026-09-04,2026-09-04,NEW
32571605088a,NHPC,"Statutory testing &amp; certification of lifting tools-tackles, pressure vessels and equipment under factory act, 1948 of Power House",Unclassified,,,,Unknown,https://www.nhpcindia.com/welcome/tender,NH/TSV/Cont/MC-159/NIT-1060/2025-26/366 Dated : 10/01/2026 and GEM Bid No. GEM/2026/B/7079641,NIT,,,,No,2026-09-04,2026-09-04,NEW
a8d595210d32,NHPC,Restoration of damaged Apron & Supplying and Installation of Sill-Beam in Siul Weir of Baira Siul Power Station (BSPS),Unclassified,,,,Unknown,https://www.nhpcindia.com/welcome/tender,NH/BSPS/CC/CW/61/2025-26/504,Tender,,,,No,2026-09-04,2026-09-04,NEW
f9c0d61e12b0,NHPC,"Repairing of existing electrical grounding/earthing system of Power House, DGPS",Unclassified,,,,Unknown,https://www.nhpcindia.com/welcome/tender,NH/DG/Contract/1073/2025-26/71,Tender,,,,No,2026-09-04,2026-09-04,NEW
bb693c8333af,NHPC,"Restoration work of damage/slided portion of Adit-III approach road RD ±0.40 km,RD ±2.80km,RD ±3.50 km,RD ±3.70 km,RD ±4.60 km,±5.30 km,±5.40 km,±5.60 km and RD ±5.90 km at Sewa-II Power Station (CW-708)",Unclassified,,,,Unknown,https://www.nhpcindia.com/welcome/tender,NH/Sewa-II/Contracts/CW-708/2025-26/NIT-11/177 दिनांक /Dated: 09.01.2026,NIT,,,,No,2026-09-04,2026-09-04,NEW
e1e434763723,NHPC,"Comprehensive AMC of 17 nos. Water Purifiers (RO systems) installed at various locations in NHPC residential colony, Faridabad for a period of 02 years",Unclassified,,,,Unknown,https://www.nhpcindia.com/welcome/tender,NH/CCW/CC-IV/CO-435/PR10025/163,Tender,,,,No,2026-09-04,2026-09-04,NEW
b2de006b309b,NHPC,"Supply, installation, Testing and commissioning of 320 KVA, 440 Volt, three Phase DG Set at Barrage Complex",Unclassified,,,,Unknown,https://www.nhpcindia.com/welcome/tender,GEM/2025/B/7004512 Dated: 08-01-2026,Tender,,,,No,2026-09-04,2026-09-04,NEW
4219358e5e1e,NHPC,Cleaning of Jungle beside roadside from RD 12.0 KM to RD 24.70 KM along Loktak- Leimatak road of Loktak Project,Unclassified,,,,Unknown,https://www.nhpcindia.com/welcome/tender,NIT-1098 (O),NIT,,,,No,2026-09-04,2026-09-04,NEW
f27c3eb7683f,NHPC,Purchase of 13-meter poles for 33 kV/11 kV lines.,Unclassified,,,,Unknown,https://www.nhpcindia.com/welcome/tender,GEM/2025/B/7051216,Tender,,,,No,2026-09-04,2026-09-04,NEW
ec43a503141f,NHPC,Dhai Nala (Right Bank) Approach Road Breast Wall on TPH Road.,Unclassified,,,,Unknown,https://www.nhpcindia.com/welcome/tender,NH/CPS-1/P&C/W-1586/2025-26/445 Dated:08/01/2026,Tender,,,,No,2026-09-04,2026-09-04,NEW
179b80c0274a,NHPC,Annual Service Contract from March 2026 to February 2027 (One Year) for Siemens HIPATH 3800 Digital EPABX System installed at Administrative Block Nowpora and Uri-II Power House,Unclassified,,,,Unknown,https://www.nhpcindia.com/welcome/tender,GEM/2026/B/7101069,Tender,,,,No,2026-09-04,2026-09-04,NEW
428b3a7d6ce2,NHPC,"Clearing of Jungle (Weeds, Vegetation etc.) and road side drain from RD 4.00 KM to RD 12.00 KM along the Loktak-Leimatak Road.",Unclassified,,,,Unknown,https://www.nhpcindia.com/welcome/tender,NIT-1097 (O),NIT,,,,No,2026-09-04,2026-09-04,NEW
85977843e8fd,NHPC,Hiring of 21 (Twenty One) Nos Photocopier Machines including Full Service Maintenance Agreement for a period of 5 (Five) years,Unclassified,,,,Unknown,https://www.nhpcindia.com/welcome/tender,GEM/2025/B/7036077,Tender,,,,No,2026-09-04,2026-09-04,NEW
d15649f53590,NHPC,Temporary sealing of draft tube and PRV gates during annual maintenance of generating units of Loktak Power Station for the financial year 2025-26.,Unclassified,,,,Unknown,https://www.nhpcindia.com/welcome/tender,GEM/2026/B/7063113,Tender,,,,No,2026-09-04,2026-09-04,NEW
4504ac7b917c,NHPC,Purchase of Dewatering Gate Valve for Power House of TLD-III PS,Unclassified,,,,Unknown,https://www.nhpcindia.com/welcome/tender,GEM/2025/B/7019049,Tender,,,,No,2026-09-04,2026-09-04,NEW
8bb238d16ae3,NHPC,Hiring of 02 nos. (24+1) seater BS-VI buses for round the clock duty along with 02 nos. drivers and 02 nos. helpers for each bus for TLD-III Power Station,Round-the-Clock / CfD / Trading,,,,Unknown,https://www.nhpcindia.com/welcome/tender,GEM/2025/B/7046429,Tender,,,,No,2026-09-04,2026-09-04,NEW
c6b7d794a1bd,NHPC,"Repair &amp;amp; Painting of IRBN Barrack at Left Bank of Teesta-V Power Station, Balutar.",Unclassified,,,,Unknown,https://www.nhpcindia.com/welcome/tender,NH/TSV/Cont/CC-360/NIT-1059/2025-26/356 Dated: 05/01/2026 and Tender ID No. 2026_NHPC_892481_1,NIT,,,,No,2026-09-04,2026-09-04,NEW
d9e6445fcbf5,NHPC,Diving assistance work for cleaning of Intake Trash rack after manual removal of floating waste/Silt /RBM from the Intake forebay trash rack of Uri-II Power Station,Unclassified,,,,Unknown,https://www.nhpcindia.com/welcome/tender,GEM/2025/B/7028163,Tender,,,,No,2026-09-04,2026-09-04,NEW
2f1e11f4469e,NHPC,Cleaning/removal of trash from Head Regulator trash rack at Dam of Uri-II Power Station,Unclassified,,,,Unknown,https://www.nhpcindia.com/welcome/tender,GEM/2026/B/7067259,Tender,,,,No,2026-09-04,2026-09-04,NEW
8a13f364c9b7,NHPC,Development of Micro Hydro Power Project (2X82KW) utilizing mandatory environmental- flow at exit location of Dam site of Parbati-III through the most economical PAT (Pump As Turbine) technology.,Hydro,0.082,,,Unknown,https://www.nhpcindia.com/welcome/tender,2025_NHPC_891839,Tender,,,82 KW,Yes,2026-09-04,2026-09-04,NEW
3a06338b3de2,NHPC,"Restoration of damaged wall on right bank of river near Pump House No.2 at BSPS, Surangani",Unclassified,,,,Unknown,https://www.nhpcindia.com/welcome/tender,NH/BSPS/CC/CW/55/2025-26/480,Tender,,,,No,2026-09-04,2026-09-04,NEW
7c1f27e66597,NHPC,Construction of IRBn Barrack at Dam of Rangit Power Station,Unclassified,,,,Unknown,https://www.nhpcindia.com/welcome/tender,Construction of IRBn Barrack at Dam of Rangit Power Station,Tender,,,,No,2026-09-04,2026-09-04,NEW
34e2b98c9003,NHPC,Purchase of 06 nos. filter element for auto-backwash filter of Main Cooling Water System of Uri-II Power House,Unclassified,,,,Unknown,https://www.nhpcindia.com/welcome/tender,GEM/2025/B/6916555,Tender,,,,No,2026-09-04,2026-09-04,NEW
4847488eae99,NHPC,"Purchase of Consumable Items and Tools required for Maintenance of Power House, Uri Power Station",Unclassified,,,,Unknown,https://www.nhpcindia.com/welcome/tender,GEM/2025/B/7037182 Dated: 01-01-2026,Tender,,,,No,2026-09-04,2026-09-04,NEW
028512038b12,NHPC,"Restoration of damaged protection work at D/s of Badoh Bridge on right bank of river near RD 7700m, BSPS, Surangani",Unclassified,,,,Unknown,https://www.nhpcindia.com/welcome/tender,NH/BSPS/CC/CW/56/2025-26/459,Tender,,,,No,2026-09-04,2026-09-04,NEW
fc0cdcd5f344,NHPC,"Supply, Installation, Testing and Commissioning of 1 Nos 250 KVA DG Set at Dam Colony Sarthali of Sewa II Power Station",Unclassified,,,,Unknown,https://www.nhpcindia.com/welcome/tender,GEM/2025/B/7058115 Dated: 31-12-2025,Tender,,,,No,2026-09-04,2026-09-04,NEW
2a5a42ae7578,NHPC,Purchase of Contactless In-cylinder Transducers for Pelton Turbine of Sewa-II Power House,Unclassified,,,,Unknown,https://www.nhpcindia.com/welcome/tender,"GEM/2025/B/6985173,Dated: 31-12-2025",Tender,,,,No,2026-09-04,2026-09-04,NEW
c3c798640499,NHPC,"Internal Inspection &amp;amp; Repair of AREVA Make 13.8/(400/√3) kV, 70 MVA, Single Phase Generator Step-up Transformer at Teesta-V Power Station",Unclassified,,,,Unknown,https://www.nhpcindia.com/welcome/tender,NH/TSV/CONT/EC-172/NIT-1058/2025-26/350 Dated: 31/12/2025 and Tender ID No. 2025_NHPC_891914_1,NIT,,,,No,2026-09-04,2026-09-04,NEW
9c2dc4deadb8,NHPC,Purchase of Various Type of Gate Valve for Power House of Sewa-II Power Station,Unclassified,,,,Unknown,https://www.nhpcindia.com/welcome/tender,"GEM/2025/B/7010064,Dated: 29-12-2025",Tender,,,,No,2026-09-04,2026-09-04,NEW
e5458fd8f367,NHPC,"Repair / Replacement of Rubber Seals of HM Radial Gates of TLD-IV Power Station, Kalijhora (W.B.)",Unclassified,,,,Unknown,https://www.nhpcindia.com/welcome/tender,"NH/TLD-IV PS/P&C/W-940/2025/2124, Dated: 30/12/2025",Tender,,,,No,2026-09-04,2026-09-04,NEW
554df2189e4b,NHPC,"Repairing and Re-insulation of faulty Rotor Poles at site of Kishanganga Power Station, Bandipora, J &amp;amp; K (PKG-568).",Unclassified,,,,Unknown,https://www.nhpcindia.com/welcome/tender,GEM/2025/B/7028399,Tender,,,,Yes,2026-09-04,2026-09-04,NEW
a23798e68947,NHPC,Construction of Retaining wall at Hurla Bridge Approach Road of Parbati-H.E. Project (Stage-II) (Package No-C-838),Unclassified,,,,Unknown,https://www.nhpcindia.com/welcome/tender,2025_NHPC_ 890554 _1,Tender,,,,No,2026-09-04,2026-09-04,NEW
468ccf97e6c1,NHPC,"Manning & Operation of Fire fighting system at TLD-IV PS, Kalijhora on round the clock basis (FY 2025-26)",Round-the-Clock / CfD / Trading,,,,Unknown,https://www.nhpcindia.com/welcome/tender,GEM/2025/B/6998382 Date:29.12.2025,Tender,,,,No,2026-09-04,2026-09-04,NEW
c248450c7df4,NHPC,"Restoration of damaged protection wall of Penstock near Valve House at BSPS, Surangani",Unclassified,,,,Unknown,https://www.nhpcindia.com/welcome/tender,NH/BSPS/CC/CW/53/2025-26/456,Tender,,,,No,2026-09-04,2026-09-04,NEW
d96f39df3d62,NHPC,"Repairing and Painting of Project Hospital and Fire Control Room at Upper Samleu, CPS-1.",Unclassified,,,,Unknown,https://www.nhpcindia.com/welcome/tender,NH/CPS-1/P&C/W-1587/2025-26/427 Dated: 27/12/2025,Tender,,,,No,2026-09-04,2026-09-04,NEW
4bb178f28d32,NHPC,Geo-Membrane Lining Work during repair work of water conductor system &amp;#40;Head Race Tunnel&amp;#41; of Parbati-III Power Station during lean Period of 2025-26,Unclassified,,,,Unknown,https://www.nhpcindia.com/welcome/tender,NH/PPS-III/NIT/PR11925/224/01/187 Dated: 27-12-2025,NIT,,,,No,2026-09-04,2026-09-04,NEW
f3af79f1b96b,NHPC,"Repair &amp; renovation with internal electrification of CISF GOLGHAR canteen, Store building along with temporary shed at Rajarwani, Uri 1 Power Station.",Unclassified,,,,Unknown,https://www.nhpcindia.com/welcome/tender,NH/UPS/PCS/C-128/NIQ-111/414 Dated 24.12.2025,Tender,,,,No,2026-09-04,2026-09-04,NEW
6560ef4fb04f,NHPC,"Barrage-Boniyar Painting of barrage HM gates and cranes etc. at Uri Power Station along with lettering of coordinates/levels of reference points, stand pipes, access wells, control points and spillway gates, barriers and access platforms",Unclassified,,,,Unknown,https://www.nhpcindia.com/welcome/tender,NH/UPS/PCS/C-114R/NIQ-110/412 Dated 23.12.2025,Tender,,,,No,2026-09-04,2026-09-04,NEW
43091557bdcc,NHPC,Restoration of step drain at RD-245 in HRT-U/S road from dam axis &other; misc. work at Rangit Power Station,Unclassified,,,,Unknown,https://www.nhpcindia.com/welcome/tender,NH-RPS-DC011(11)/2/2025-DAM C /162,Tender,,,,No,2026-09-04,2026-09-04,NEW
1eb4c1d7475c,NHPC,"Providing Services for Routine Operation Works and maintaining records of Control Room, E&M Equipment installed in Turbine, Generator, Primary Cooling Floor, Secondary Cooling Floor, Drainage and Dewatering Gallery",Unclassified,,,,Unknown,https://www.nhpcindia.com/welcome/tender,GEM/2025/B/6994098 Dated: 26-12-2025,Tender,,,,No,2026-09-04,2026-09-04,NEW
4897b603912c,NHPC,"Construction of E-Type (Special) residential quarter at NHPC Colony, Kralpora, Bandipora, J &amp;amp;amp; K (PKG-567).",Unclassified,,,,Unknown,https://www.nhpcindia.com/welcome/tender,2025_NHPC_891365_1,Tender,,,,No,2026-09-04,2026-09-04,NEW
e4884eb37839,NHPC,Repair of existing damaged pipeline for water supply at Powerhouse of Rangit Power Station,Unclassified,,,,Unknown,https://www.nhpcindia.com/welcome/tender,NH-RPS-PHC/1/2024-DAM C/158,Tender,,,,No,2026-09-04,2026-09-04,NEW
daa86eed5cfa,NHPC,Dhai Nala (Left Bank) Approach Road R-Wall on TPH Road (Restoration Work of Flooding Period August-2025) at CPS-1.,Unclassified,,,,Unknown,https://www.nhpcindia.com/welcome/tender,NH/CPS-1/P&C/W-1583/2025-26/424 Dated: 24/12/2025,Tender,,,,No,2026-09-04,2026-09-04,NEW
838ecea62839,NHPC,Providing Services for Operation & Up keeping of HM equipments including Gate operation duties of Dam Control Room of TLD-IV PS,Unclassified,,,,Unknown,https://www.nhpcindia.com/welcome/tender,GEM/2025/B/6999682 Date: 24-12-2025,Tender,,,,No,2026-09-04,2026-09-04,NEW
70fb82b6e827,NHPC,Hiring of services for Routine System Maintenance works and annual maintenance works of Balance of Plant (BOP) E&M Equipment of TLD-IV Power House and switchyard excluding Generator and turbine section,Unclassified,,,,Unknown,https://www.nhpcindia.com/welcome/tender,GEM/2025/B/6935692,Tender,,,,No,2026-09-04,2026-09-04,NEW
d6eeeec95f55,NHPC,Providing Services for Routine Maintenance Work of Generator and Turbine section of 4X40 MW TLD-IV Power House including Annual Maintenance Works related to Generator and Turbine (FY 2025-2026),Unclassified,40.0,,,Unknown,https://www.nhpcindia.com/welcome/tender,GEM/2025/B/6972537,Tender,,,40 MW,Yes,2026-09-04,2026-09-04,NEW
87cc1b4ff81c,NHPC,Procurement of 02 nos. of RET670 Numerical Transformer Protection relay and 01 nos. of REG670 Numerical Generator Protection relay for Salal Power Station(6x115MW),Unclassified,115.0,,,Unknown,https://www.nhpcindia.com/welcome/tender,GEM/2025/B/7034581,Tender,,,115 MW,No,2026-09-04,2026-09-04,NEW
ee8b81c9be33,NHPC,"Purchase of different types of SLING, D SHACKLE & EYE BOLT",Unclassified,,,,Unknown,https://www.nhpcindia.com/welcome/tender,GEM/2025/B/6846520,Tender,,,,No,2026-09-04,2026-09-04,NEW
e961fe9ae74f,NHPC,Procurement of a soft starter panel for the 150 HP pump of the station drainage pit at Salal Power Station.,Unclassified,,,,Unknown,https://www.nhpcindia.com/welcome/tender,GEM/2025/B/7036473,Tender,,,,No,2026-09-04,2026-09-04,NEW
e3e41615af14,NHPC,"Uprooting of grass/bushes and cutting of branches of trees along trekking route, overhead signal cable of EWS at Polok and Kanchanjunga bridge Site of Rangit Power Station, South Sikkim",Unclassified,,Sikkim,,Unknown,https://www.nhpcindia.com/welcome/tender,NH-RPS-DC011(16)/3/2025-DAM C /157,Tender,,,,No,2026-09-04,2026-09-04,NEW
c353d029452c,NHPC,"Supply, Installation, Testing and Commissioning of Propeller Type Ventilation Fans at Transformer Gallery of NBPS, Alchi, Leh, Ladakh",Unclassified,,Ladakh,,Unknown,https://www.nhpcindia.com/welcome/tender,NBPS/CnP/2025-26/W-32/259,Tender,,,,No,2026-09-04,2026-09-04,NEW
f6616768c83b,NHPC,Cleaning of debris and silt deposited inside the penstock area of Teesta-V PS.,Unclassified,,,,Unknown,https://www.nhpcindia.com/welcome/tender,NH/TSV/Cont/CC-365/NIT-1057/2025-26/342 Dated: 23/12/2025 and Tender ID No. 2025_NHPC_891130_1,NIT,,,,No,2026-09-04,2026-09-04,NEW
1b979b7b57e3,NHPC,"Purchase of different type of Fasteners (Nuts, Bolts, Studs, washers, etc) for mechanical maintenance of Rangit Power Station",Unclassified,,,,Unknown,https://www.nhpcindia.com/welcome/tender,GEM/2025/B/6856779,Tender,,,,No,2026-09-04,2026-09-04,NEW
5aeba2173769,NHPC,"Purchase of Stainless-Steel Seamless Pipe, Elbow, Union, etc. for R&M of Powerhouse",Unclassified,,,,Unknown,https://www.nhpcindia.com/welcome/tender,GEM/2025/B/6940917,Tender,,,,No,2026-09-04,2026-09-04,NEW
c07d31ebccf4,NHPC,"Providing protection wall at left side of TRT channel outlet at CPS-1, Khairi.",Unclassified,,,,Unknown,https://www.nhpcindia.com/welcome/tender,NH/CPS-1/P&C/W-1581/2025-26/418 Dated: 23/12/2025,Tender,,,,No,2026-09-04,2026-09-04,NEW
08914a0618d1,NHPC,Impact Assessment Study of CSR Activities in view of statutory requirements,Unclassified,,,,Unknown,https://www.nhpcindia.com/welcome/tender,GEM/2025/B/6957364,Tender,,,,No,2026-09-04,2026-09-04,NEW
9dce2562f4f1,NHPC,"Up-gradation of SCADA system at Uri-I and Uri-II Power Station and Provision of Data acquisition system from SCADA system to Corporate office, Faridabad",Unclassified,,,,Unknown,https://www.nhpcindia.com/welcome/tender,GEM/2025/B/6925655,Tender,,,,No,2026-09-04,2026-09-04,NEW
ad0c5a38debe,NHPC,Purchase of Printer for Uri Power Station,Unclassified,,,,Unknown,https://www.nhpcindia.com/welcome/tender,GEM/2025/B/7011834 Dated: 22-12-2025,Tender,,,,No,2026-09-04,2026-09-04,NEW
89a99f30677e,NHPC,"Providing services for Running & Maintenance of Field Hostels and Administrative Building at Power House Complex of Teesta-VI HE Project, Pamphok, South Sikkim.",Unclassified,,Sikkim,,Unknown,https://www.nhpcindia.com/welcome/tender,GEM/2025/B/6974650,Tender,,,,No,2026-09-04,2026-09-04,NEW
cfab898bc34e,NHPC,Purchase of two nos. 3 years license for Sophos XGS2100,Unclassified,,,,Unknown,https://www.nhpcindia.com/welcome/tender,GEM/2025/B/7012388,Tender,,,,No,2026-09-04,2026-09-04,NEW
bcfd407d0365,NHPC,Construction of Protection boundary wall at Garsa office Complex and Stores Complex of Parbati-H.E. Project (Stage-II) (Package No-C-831),Unclassified,,,,Unknown,https://www.nhpcindia.com/welcome/tender,2025_NHPC_ 890832 _1,Tender,,,,No,2026-09-04,2026-09-04,NEW
a6515a01f4d9,NHPC,"Repairing of Toilets and Internal &amp;amp; External painting of VIP Guest House, Tadong, Gangtok for Teesta-V PS, Balutar- (Civil &amp;amp; Electrical works).",Unclassified,,,,Unknown,https://www.nhpcindia.com/welcome/tender,NH/TSV/Cont/CC-362/NIT-1056/2025-26/341 Dated: 22/12/2025 and Tender ID No. 2025_NHPC_890851_1,NIT,,,,No,2026-09-04,2026-09-04,NEW
14e87e294725,NHPC,Operation and maintenance of Administrative Building Guest House Executive Non Executive Field Hostels Central Store CISF Barracks Operation of DG Set Room Installation of Electrical Auxiliary Equipment Maintenance of Elec,Unclassified,,,,Unknown,https://www.nhpcindia.com/welcome/tender,GEM/2025/B/6954625,Tender,,,,No,2026-09-04,2026-09-04,NEW
1a2fa9c9f8e6,NHPC,"Renovation &amp; modernization of electrical components i.e. motor, brake assembly, control panels, power cables, cabin equipment&#039;s and associated electrical components of 50 Ton gantry Crane installed at Power house of Chamera Power Station-1.",Unclassified,,,,Unknown,https://www.nhpcindia.com/welcome/tender,NH/CPS-1/P&C/W-1501/2025-26/416 Dated:20/12/2025,Tender,,,,No,2026-09-04,2026-09-04,NEW
03c4846c15f4,NHPC,"Design, Supply, Installation, Testing and Commissioning of Carbon Dust Collection System &amp;#40;CDCS&amp;#41; for 01 No. Generator Units of Uri Power Station",Unclassified,,,,Unknown,https://www.nhpcindia.com/welcome/tender,GEM/2025/B/6968206 Dated: 20-12-2025,Tender,,,,No,2026-09-04,2026-09-04,NEW
876b2c0442f1,NHPC,"Supply, erection, installation, testing &amp; commissioning of Centralized Type Numerical based 400KV Bus Bar Protection System &amp;#40;comprising of Bus Bar Protection &amp; Bus Coupler Protection&amp;#41; at Uri Power Station",Unclassified,,,,Unknown,https://www.nhpcindia.com/welcome/tender,GEM/2025/B/6935541 Dated: 20-12-2025,Tender,,,,No,2026-09-04,2026-09-04,NEW
34e9e2ee6aa2,NHPC,Taleru Road R- Wall and Breast wall on TPH Road (Restoration Work).,Unclassified,,,,Unknown,https://www.nhpcindia.com/welcome/tender,NH/CPS-1/P&C/W-1582/2025-26/417 Dated: 20/12/2025,Tender,,,,No,2026-09-04,2026-09-04,NEW
5ddbbd426cf4,NHPC,Purchase of Various Insulation Resistance Measurement Test Kit with accessories for TLD-III PS,Unclassified,,,,Unknown,https://www.nhpcindia.com/welcome/tender,GEM/2025/B/6955412,Tender,,,,No,2026-09-04,2026-09-04,NEW
c059ce132b64,NHPC,Purchase of Filter Cartridge Element used in Oil Pressure Unit (OPU) of TLD-III PS,Unclassified,,,,Unknown,https://www.nhpcindia.com/welcome/tender,GEM/2025/B/7019296,Tender,,,,No,2026-09-04,2026-09-04,NEW
f7df20cf5c5d,NHPC,Conducting Hydrographic Survey in the reservoir of Uri-II Power Station for the year 2025-26,Unclassified,,,,Unknown,https://www.nhpcindia.com/welcome/tender,GEM/2025/B/6919473,Tender,,,,Yes,2026-09-04,2026-09-04,NEW
3c56ecffe5f3,NHPC,"Protection Work of right pier of Khairi Bridge at CPS-1, Khairi.",Unclassified,,,,Unknown,https://www.nhpcindia.com/welcome/tender,NH/CPS-1/P&C/W-1585/2025-26/415 Dated: 19/12/2025,Tender,,,,No,2026-09-04,2026-09-04,NEW
c451f1a9ee1a,NHPC,"Package-2: Construction of Boundary Wall along the river side at Left Bank of Teesta-V PS, Balutar (From RD 590.00m to RD 1129.00m, starting from the Kendriya Vidyalaya extending in front of the Central Store)",Unclassified,,,,Unknown,https://www.nhpcindia.com/welcome/tender,NH/TSV/Cont/CC-364/NIT-1055/2025-26/338 Dated: 19/12/2025 and Tender ID No. 2025_NHPC_890563_1,NIT,,,,No,2026-09-04,2026-09-04,NEW
41039908fee7,NHPC,Painting of building &amp; replacement of damaged and old GI pipe line by CPVC pipe alongwith Sanitary fitting of non-executive field hostel at Sainj township of Parbati-H.E. Project (Stage-II) (Package No-C-834),Unclassified,,,,Unknown,https://www.nhpcindia.com/welcome/tender,2025_NHPC_ 890356 _1,Tender,,,,No,2026-09-04,2026-09-04,NEW
17d086a7af8d,NHPC,"Annual Maintenance of Generator, Turbine and its Auxiliaries of 03 Units of 03x35 MW Units of Loktak Power Station for FY 2025-26.",Unclassified,35.0,,,Unknown,https://www.nhpcindia.com/welcome/tender,GEM/2025/B/7002564,Tender,,,35 MW,Yes,2026-09-04,2026-09-04,NEW
c17706ebc841,NHPC,Purchase of Alfa Laval make heat exchanger plates and gaskets for TLD-III PS,Unclassified,,,,Unknown,https://www.nhpcindia.com/welcome/tender,GEM/2025/B/6941972,Tender,,,,No,2026-09-04,2026-09-04,NEW
4a94404feec3,NHPC,"Package-1: Construction of Riverbank Boundary Wall on the Left Bank of Teesta-V Power Station, Balutar (From RD 0.00 meters to RD 590.00 meters, starting from the suspension bridge and extending in front of the Kendriya Vidyalaya)",Unclassified,,,,Unknown,https://www.nhpcindia.com/welcome/tender,NH/TSV/Cont/CC-363/NIT-1054/2025-26/334 Dated: 17/12/2025 and Tender ID No. 2025_NHPC_890265_1,NIT,,,,No,2026-09-04,2026-09-04,NEW
9eb682e8bac7,NHPC,"Hiring of services for operation of HM equipment at Powerhouse &amp; Surge shaft of Kishanganga Power Station, Bandipora, J &amp; K (PKG-566).",Unclassified,,,,Unknown,https://www.nhpcindia.com/welcome/tender,GEM/2025/B/6927596,Tender,,,,No,2026-09-04,2026-09-04,NEW
280aaa43539a,NHPC,"Repair of Floor mats at Badminton court of NHPC colony, CPS-1.",Unclassified,,,,Unknown,https://www.nhpcindia.com/welcome/tender,NH/CPS-1/P&C/W-1532/2025-26/414Dated:17/12/2025,Tender,,,,No,2026-09-04,2026-09-04,NEW
1b62832e327f,NHPC,Goli Road Breast Wall near Nepali Colony Chhana on Dam- Goli (154A) (RD +/- 4/098 Km to RD +/- 4/118.5 Km).,Unclassified,,,,Unknown,https://www.nhpcindia.com/welcome/tender,NH/CPS-1/P&C/W-1580/2025-26/413 Dated: 17/12/2025,Tender,,,,No,2026-09-04,2026-09-04,NEW
580bc98190f0,NHPC,"Cleaning of Jungle at area of zero face, Emergency gate and both side of Power Channel of Loktak Project.",Unclassified,,,,Unknown,https://www.nhpcindia.com/welcome/tender,NIT-1096 (O),NIT,,,,No,2026-09-04,2026-09-04,NEW
ff26fbb478a3,NHPC,"Construction of Store Sheds (6 Nos.) at Left Bank Side of Teesta-V PS, Balutar.",Unclassified,,,,Unknown,https://www.nhpcindia.com/welcome/tender,NH/TSV/Cont/CC-361/NIT-1053/2025-26/333 Dated: 17/12/2025 and Tender ID No. 2025_NHPC_890168_1,NIT,,,,No,2026-09-04,2026-09-04,NEW
4d5a8f5a84b1,NHPC,Purchase of EHV grade Transformer oil for Power Transformers as per IS 335,Unclassified,,,,Unknown,https://www.nhpcindia.com/welcome/tender,GEM/2025/B/6942656,Tender,,,,No,2026-09-04,2026-09-04,NEW
781f3ccfb933,NHPC,Purchase of Digital Earth Resistance clamp meter,Unclassified,,,,Unknown,https://www.nhpcindia.com/welcome/tender,GEM/2025/B/7004384 Dated: 16-12-2025,Tender,,,,No,2026-09-04,2026-09-04,NEW
6abdbb19954d,NHPC,Supply and installation of 02 Nos VHF Radio Base Station along with license for CISF-Sewa-II Power Station,Unclassified,,,,Unknown,https://www.nhpcindia.com/welcome/tender,GEM/2025/B/7004996 Dated: 16-12-2025,Tender,,,,No,2026-09-04,2026-09-04,NEW
65d7dca7f51b,NHPC,"Repair and renovation of Transit camp and misc work at Dam site, Teesta-V Power Station",Unclassified,,,,Unknown,https://www.nhpcindia.com/welcome/tender,NH/TSV/Cont/CC-354/NIT-1052/2025-26/332 Dated: 16/12/2025 and Tender ID No. 2025_NHPC_889995_1,NIT,,,,No,2026-09-04,2026-09-04,NEW
bc3fcd8763ab,NHPC,Repair of Retaining wall between Khajura and Jandarera above Jandarera Village Road at CPS-1.,Unclassified,,,,Unknown,https://www.nhpcindia.com/welcome/tender,NH/CPS-1/P&C/W-1576/2025-26/412 Dated:16/12/2025,Tender,,,,No,2026-09-04,2026-09-04,NEW
926410e2c9bf,NHPC,Up-keeping and maintenance of Executive field hostel at Nowpora Complex of Uri-II Power Station for two years.,Unclassified,,,,Unknown,https://www.nhpcindia.com/welcome/tender,GEM/2025/B/6931771,Tender,,,,No,2026-09-04,2026-09-04,NEW
79ad8956f4a6,NHPC,"Up-keeping & Maintenance and Canteen Services of Administrative Building at Nowpora Complex, Uri-II Power Station for two year.",Unclassified,,,,Unknown,https://www.nhpcindia.com/welcome/tender,GEM/2025/B/6944934,Tender,,,,No,2026-09-04,2026-09-04,NEW
89319cfd73a8,NHPC,General up Keeping of Water Supply System of Rangit Power Station for the year 2025-2027,Unclassified,,,,Unknown,https://www.nhpcindia.com/welcome/tender,NH-RPS-CTS012(11)/6/2025-CIVIL TS/149,Tender,,,,No,2026-09-04,2026-09-04,NEW
8ba35b639546,NHPC,Purchase of various LED luminaries for Leimatak colony and Loktak Power Station.,Unclassified,,,,Unknown,https://www.nhpcindia.com/welcome/tender,GEM/2025/B/6917912,Tender,,,,No,2026-09-04,2026-09-04,NEW
e1e0dfe6c7b4,NHPC,"Approach road to Adit-1 (about 300m) on TPH Road (Restoration of damaged R/Wall at Adit-1 L=21.0 Mtr near RD 3/980 to RD 4/001Km (Towards Adit-1), CPS-1.",Unclassified,,,,Unknown,https://www.nhpcindia.com/welcome/tender,NH/CPS-1/P&C/W-1577/2025-26/401 Dated: 12/12/2025,Tender,,,,No,2026-09-04,2026-09-04,NEW
d1e8f7c67e95,NHPC,Purchase of Loader cum Excavator with Bucket 3DX (Backhoe) for Uri Power Station,Unclassified,,,,Unknown,https://www.nhpcindia.com/welcome/tender,GEM/2025/B/6982202 Dated: 12-12-2025,Tender,,,,No,2026-09-04,2026-09-04,NEW
7635e104075e,NHPC,Purchase of Spares for 1 MVA DG Set of M/s Cummins India for Uri Power Station (PHEM).,Unclassified,,,,Unknown,https://www.nhpcindia.com/welcome/tender,GEM/2025/B/6945373 Dated: 11-12-2025,Tender,,,,No,2026-09-04,2026-09-04,NEW
6c6e0e279be0,NHPC,Purchase of Hand Tools for Uri Power Station,Unclassified,,,,Unknown,https://www.nhpcindia.com/welcome/tender,GEM/2025/B/6937992 Dated: 11-12-2025,Tender,,,,No,2026-09-04,2026-09-04,NEW
d581c148fef1,NHPC,"Repairing of Hydraulic Rough Terrain mobile Crane, Make Escorts, Model RT 20 of Sewa-II Power Station",Unclassified,,,,Unknown,https://www.nhpcindia.com/welcome/tender,GEM/2025/B/6993352 Dated: 12-12-2025,Tender,,,,No,2026-09-04,2026-09-04,NEW
3890f43c7d73,NHPC,Purchase of Different Type of Stationery Items for Uri Power Station,Unclassified,,,,Unknown,https://www.nhpcindia.com/welcome/tender,GEM/2025/B/6963616 Dated: 12-12-2025,Tender,,,,No,2026-09-04,2026-09-04,NEW
f0b9cf539474,NHPC,Operation and Maintenance of 02 Bulletproof Scorpios of Loktak Hydroelectric Project.,Hydro,,,,Unknown,https://www.nhpcindia.com/welcome/tender,GEM/2025/B/6966597,Tender,,,,Yes,2026-09-04,2026-09-04,NEW
efe0b1a9b186,NHPC,"Repair &amp;amp; Painting of IRBN Barrack at Left Bank of Teesta-V Power Station, Balutar.",Unclassified,,,,Unknown,https://www.nhpcindia.com/welcome/tender,NH/TSV/Cont/CC-360/NIT-1051/2025-26/329 Dated: 11/12/2025 and Tender ID No. 2025_NHPC_889402_1,NIT,,,,No,2026-09-04,2026-09-04,NEW
6634ba1f6887,NHPC,"Restoration of protection work for water supply panel at Kalikhola, TLD-IV Power Station, Kalijhora",Unclassified,,,,Unknown,https://www.nhpcindia.com/welcome/tender,"NH/TLD-IV PS/P&C/W-942/2025/2114, Dated: 11/12/2025",Tender,,,,No,2026-09-04,2026-09-04,NEW
c70e07241ff7,NHPC,Restoration of Damaged Diversion Tunnel (DT) at Baira Dam of Baira Siul Power Station,Unclassified,,,,Unknown,https://www.nhpcindia.com/welcome/tender,NH/BSPS/CC/CW/45/2025-26/392,Tender,,,,No,2026-09-04,2026-09-04,NEW
6f2d25643478,NHPC,"Regarding purchase of Honeywell make fire detection alarm devices and servicing of fire detection alarm panel installed in power house/switchyard of TLD-IV Power Station, Kalijhora (W.B.)",Unclassified,,,,Unknown,https://www.nhpcindia.com/welcome/tender,"NH/TLD-IV PS/P&C/W-941/2025/2113, Dated: 10/12/2025",Tender,,,,No,2026-09-04,2026-09-04,NEW
ebd10e937dbb,NHPC,Leveling of Ground and development of Bus stand parking at Place of dismantle F1 to F-48 Quarter of Jyotipuram Colony,Unclassified,,,,Unknown,https://www.nhpcindia.com/welcome/tender,NH/SPS/CD/NIT-113/25-26/958-967 (Tender ID 2025_NHPC_889077_1 ),NIT,,,,No,2026-09-04,2026-09-04,NEW
92136114051a,NHPC,Purchase of Network Rack for Power House of TLD-III Power Station,Unclassified,,,,Unknown,https://www.nhpcindia.com/welcome/tender,GEM/2025/B/6946420,Tender,,,,No,2026-09-04,2026-09-04,NEW
c82176746025,NHPC,"Purchase of Air Conditioner for PH Electrical Office, PH Canteen, HM Office and BCR of TLD-III Power Station",Unclassified,,,,Unknown,https://www.nhpcindia.com/welcome/tender,GEM/2025/B/6938688,Tender,,,,No,2026-09-04,2026-09-04,NEW
934cb070648d,NHPC,"Supply, Installation, Testing &amp; Commissioning of 400KVA Silent DG Set with Acoustic Enclosure &amp; AMF",Unclassified,,,,Unknown,https://www.nhpcindia.com/welcome/tender,GEM/2025/B/6914432,Tender,,,,No,2026-09-04,2026-09-04,NEW
a149910da441,NHPC,Before approaching Dhai nala (right bank) R-Wall on TPH Road (Restoration work).,Unclassified,,,,Unknown,https://www.nhpcindia.com/welcome/tender,NH/CPS-1/P&C/W-1575/2025-26/396 Dated: 09/12/2025,Tender,,,,No,2026-09-04,2026-09-04,NEW
751267876771,NHPC,Appointment of Dividend Banker for distribution of Interim Dividend for the Financial Year 2025-26,Unclassified,,,,Unknown,https://www.nhpcindia.com/welcome/tender,NH/CCW/CC-II/CO432/PR10025/315,Tender,,,,No,2026-09-04,2026-09-04,NEW
7ecef2a6ee52,NHPC,Purchase of 10 nos. Large Steel Almirah,Unclassified,,,,Unknown,https://www.nhpcindia.com/welcome/tender,GEM/2025/B/6853377,Tender,,,,No,2026-09-04,2026-09-04,NEW
72dea369254b,NHPC,Repairing of Loktak-Leimatak road from Pump House at Awang Bazar RD 4.00 Km to RD 8.00 Km of Loktak Project,Unclassified,,,,Unknown,https://www.nhpcindia.com/welcome/tender,NIT-1095 (O),NIT,,,,No,2026-09-04,2026-09-04,NEW
ec15eed10345,NHPC,Geological exploration by extension of 02 nos. existing drift of size 1.8x2.1m RDR-2 by 100m length at EL293m &amp;amp;amp;amp; RDR-3 by 150m length at EL 418m at Right Bank with 04 nos. Head room of size (5mX4mX4.5m),Unclassified,,,,Unknown,https://www.nhpcindia.com/welcome/tender,2025_NHPC_883772_1,Tender,,,,No,2026-09-04,2026-09-04,NEW
b925eeddf32b,NHPC,PURCHASE OF UNDER WATER PARTS,Unclassified,,,,Unknown,https://www.nhpcindia.com/welcome/tender,GEM/2025/B/6867499,Tender,,,,No,2026-09-04,2026-09-04,NEW
ed4a5afbb09b,NHPC,"Supply, Installation and Commissioning of 02 Nos. Hydro Static Lubrication units along with all accessories and electrical control panel",Hydro,,,,Unknown,https://www.nhpcindia.com/welcome/tender,GEM/2025/B/6954550,Tender,,,,Yes,2026-09-04,2026-09-04,NEW
b62468e7cc60,NHPC,Purchase of Basic Life Support Training Manikin (BLS Training Manikin) for TLD-III PS,Unclassified,,,,Unknown,https://www.nhpcindia.com/welcome/tender,GEM/2025/B/6943247,Tender,,,,No,2026-09-04,2026-09-04,NEW
ab673141d070,NHPC,Before Road Tunnel on TPH Road (Restoration of R-Wall near before road tunnel on TPH Road).,Unclassified,,,,Unknown,https://www.nhpcindia.com/welcome/tender,NH/CPS-1/P&C/W-1578/2025-26/393 Dated: 06/12/2025,Tender,,,,No,2026-09-04,2026-09-04,NEW
7d404d91a576,NHPC,Up keeping and maintenance of Field Hostels at Salamabad Complex of Uri-ll Power Station.,Unclassified,,,,Unknown,https://www.nhpcindia.com/welcome/tender,GEM/2025/B/6935761,Tender,,,,No,2026-09-04,2026-09-04,NEW
d40f53294aab,NHPC,Supply Installation Testing and Commissioning of Retrofitting of Emission Control Device (RECD) for in-sue 320 KVA Diesel Gen. Set,Unclassified,,,,Unknown,https://www.nhpcindia.com/welcome/tender,GEM/2025/B/6879306 Dated: 05-12-2025,Tender,,,,No,2026-09-04,2026-09-04,NEW
c8d18e35595a,NHPC,Tender for “Repair of road connecting the rock fill dam of Salal Power Station to Thanpal village”,Unclassified,,,,Unknown,https://www.nhpcindia.com/welcome/tender,NH/SPS/CD/NIT-112/2025-26/916-925,NIT,,,,No,2026-09-04,2026-09-04,NEW
c2d08a5d1e3b,NHPC,Purchase of General Consumables for Uri Power Station,Unclassified,,,,Unknown,https://www.nhpcindia.com/welcome/tender,GEM/2025/B/6935147,Tender,,,,No,2026-09-04,2026-09-04,NEW
5111a4ad0d9f,NHPC,Restoration of Damaged Boundary Wall at Various Locations of Semna Colony at DPS Kishtwar,Unclassified,,,,Unknown,https://www.nhpcindia.com/welcome/tender,NH/DPS/CONT/NIT-256/2025/E155661 dated 05.12.2025,NIT,,,,No,2026-09-04,2026-09-04,NEW
df8fd09383ee,NHPC,"Testing of Drinking water, STP water, Air Quality etc. at NHPC Office Complex, Sector-33, Faridabad.",Unclassified,,,,Unknown,https://www.nhpcindia.com/welcome/tender,NH/CCW/CC-IV/CO-429/PR10025/155,Tender,,,,No,2026-09-04,2026-09-04,NEW
d1d2c73ec0c8,NHPC,"Consultancy services for renovation and repair work of Jal Tarang Auditorium in NHPC Office Complex, Sec-33, Faridabad",Unclassified,,,,Unknown,https://www.nhpcindia.com/welcome/tender,NH/CCW/CC-IV/CO-431/PR10025/259,Tender,,,,No,2026-09-04,2026-09-04,NEW
73e3fcace798,NHPC,General up Keeping & Housekeeping of colony (Sector - C & D) of Rangit Power Station for the year 2025-2027,Unclassified,,,,Unknown,https://www.nhpcindia.com/welcome/tender,NH-RPS-CTS012/4/2025-CIVIL TS/147,Tender,,,,No,2026-09-04,2026-09-04,NEW
e95b8f592afb,NHPC,SITC of PA system with stage sound box for auditorium at Salal Power Station.,Unclassified,,,,Unknown,https://www.nhpcindia.com/welcome/tender,GEM/2025/B/6946139,Tender,,,,No,2026-09-04,2026-09-04,NEW
daa698ffe5f8,NHPC,"Calibration of Instruments available & installed at Power House & Dam Site, Sewa-II Power Station",Unclassified,,,,Unknown,https://www.nhpcindia.com/welcome/tender,GEM/2025/B/6942077 Dated: 02-12-2025,Tender,,,,No,2026-09-04,2026-09-04,NEW
dc6206f507c9,NHPC,"Repair / Replacement of Rubber Seals of HM Radial Gates of TLD-IV Power Station, Kalijhora (W.B.)",Unclassified,,,,Unknown,https://www.nhpcindia.com/welcome/tender,"NH/TLD-IV PS/P&C/W-940/2025/2101, Dated: 29/11/2025",Tender,,,,No,2026-09-04,2026-09-04,NEW
2d2803dce0b1,NHPC,"Paintings of Spillway Stoplog, Intake Stoplog and Draft Tube Gates of TLD-IV Power Station",Unclassified,,,,Unknown,https://www.nhpcindia.com/welcome/tender,"NH/TLD-IV PS/P&C/W-939/2025/2103, Dated: 02/12/2025",Tender,,,,No,2026-09-04,2026-09-04,NEW
87f33c32400e,NHPC,Purchase of complete cartridge assembly of MIV OPU pumps of generating units of Parbati-III PS,Unclassified,,,,Unknown,https://www.nhpcindia.com/welcome/tender,GEM/2025/B/6903720,Tender,,,,No,2026-09-04,2026-09-04,NEW
084cdb0fe3d0,NHPC,Establishment of Early Warning System along with Automation of Siren and PA System for Parbati-III Power Station,Unclassified,,,,Unknown,https://www.nhpcindia.com/welcome/tender,GEM/2025/B/6926246,Tender,,,,No,2026-09-04,2026-09-04,NEW
0e091be34240,NHPC,Goli Road Breast Wall near Chhana Mor on Dam- Goli (154A) (RD +- 2/660 Km to +-2/ 683 Km).,Unclassified,,,,Unknown,https://www.nhpcindia.com/welcome/tender,NH/CPS-1/P&C/W-1579/2025-26/384 Dated:02/12/2025,Tender,,,,No,2026-09-04,2026-09-04,NEW
6e53dec61e39,NHPC,Hiring of 06 MUV/SUV up to 2200 CC (Mahindra Scorpio-N Model Z-2 (Diesel) or higher vehicle) with driver for the period of 02 years for Dibang Multipurpose Project.,Unclassified,,,,Unknown,https://www.nhpcindia.com/welcome/tender,NH/DMP/PNC/NIT/2025/14 (E-Tender No.: 2025_NHPC_887504_1),NIT,,,,No,2026-09-04,2026-09-04,NEW
16a35fa9805c,NHPC,"Running & Maintenance of Guest House, Shelter accommodation of Quarter Type-A, B and Regional Training Centre (RTC) rooms for NHPC Ltd., LO Kolkata",Round-the-Clock / CfD / Trading,,,,Unknown,https://www.nhpcindia.com/welcome/tender,GeM Bid No. GEM/2025/B/6895289,Tender,,,,No,2026-09-04,2026-09-04,NEW
51374e46d781,NHPC,"Providing Technical Equipment Management Services for NHPC Ltd., LO Kolkata",Unclassified,,,,Unknown,https://www.nhpcindia.com/welcome/tender,GeM Bid No.: GEM/2025/B/6933181,Tender,,,,No,2026-09-04,2026-09-04,NEW
c09e300c83b8,NHPC,"Restoration of damaged protection work of Katarbain-Bhaledh Road at Bhaledh of Baira Siul Power Station, Surangani",Unclassified,,,,Unknown,https://www.nhpcindia.com/welcome/tender,NH/BSPS/CC/CW/46/2025-26/371,Tender,,,,No,2026-09-04,2026-09-04,NEW
034860fa6a4f,NHPC,Hiring of Mahindra Bolero Camper 2WD BS-VI and Higher Variant of Model-2025/2024/2023/2022 or latest model on 24hrs basis along with driver at Chamera Power Station-1.,Unclassified,,,,Unknown,https://www.nhpcindia.com/welcome/tender,NH/CPS-I/P&C/W-1544/2025-26/332 DATED: 13/11/2025,Tender,,,,No,2026-09-04,2026-09-04,NEW
ffe2bba457ed,NHPC,Up keeping and maintenance of VIP Guest House at Nowpora Complex of Uri-ll Power Station.Open Tender among Project Affected Families (PAFs) / Project Affected Villages near to Uri-II Power Station,Unclassified,,,,Unknown,https://www.nhpcindia.com/welcome/tender,GEM/2025/B/6918794,Tender,,,,No,2026-09-04,2026-09-04,NEW
98219249f440,NHPC,Hiring of 01 No. Mahindra Bolero Camper 2WD BS-VI Model-2023/2024/2025 or latest model or Higher Variant on 24 hrs basis along with driver at Chamera Power Station-1.,Unclassified,,,,Unknown,https://www.nhpcindia.com/welcome/tender,NH/CPS-I/P&C/W-1573/2025-26/333 DATED: 13/11/2025 (GEM/2025/B/6889115),Tender,,,,No,2026-09-04,2026-09-04,NEW
c106ab2c3cce,NHPC,Custom Bid for Services - Hiring of Divers with tools & tackles for 01 year by Chamera Power Station-1.,Unclassified,,,,Unknown,https://www.nhpcindia.com/welcome/tender,Bid Number:- GEM/2025/B/6858552 Dated:- 28-11-2025,Tender,,,,No,2026-09-04,2026-09-04,NEW
4acf60897431,NHPC,"Purchase of High Pressure Hydraulic Pump for Rangit Power House Make - ENERPAC, Model - N250019",Unclassified,,,,Unknown,https://www.nhpcindia.com/welcome/tender,GEM/2025/B/6836952,Tender,,,,No,2026-09-04,2026-09-04,NEW
7e289842bfad,NHPC,"Repair and internal painting of C-type quarters (C-1 to C-32 = 32 Nos) at CPS-1, Khairi.",Unclassified,,,,Unknown,https://www.nhpcindia.com/welcome/tender,NH/CPS-1/P&C/W-1574/2025-26/373 Dated:27/11/2025,Tender,,,,No,2026-09-04,2026-09-04,NEW
820e177988d7,NHPC,Purchase of Spares for repair of faulty OPU Screw Pump Model No. T3ST 90/42 for OPU of TLD III Power Station.,Unclassified,,,,Unknown,https://www.nhpcindia.com/welcome/tender,GEM/2025/B/6917568,Tender,,,,No,2026-09-04,2026-09-04,NEW
9c5b8bce913c,NHPC,"Hydrographic Survey of Reservoir & two EWS site, Darbal & Arwad of Sewa-II Power Station",Unclassified,,,,Unknown,https://www.nhpcindia.com/welcome/tender,GEM/2025/B/6918911 Dated: 27-11-2025,Tender,,,,Yes,2026-09-04,2026-09-04,NEW
0715dc87f217,NHPC,Restoration of damaged Dhargala Siul Road by constructing Protection wall on road side at Baira Siul Power Station Surangani,Unclassified,,,,Unknown,https://www.nhpcindia.com/welcome/tender,NH/BSPS/CC/CW/41/2025-26/366,Tender,,,,No,2026-09-04,2026-09-04,NEW
b882b0947879,NHPC,Purchase of Pressure Reducer Valve (Pilot Operated) Make: Darling Muesco (Model:FIG 115) for Shaft Seal System of Power House of TLD-III Power Station.,Unclassified,,,,Unknown,https://www.nhpcindia.com/welcome/tender,GEM/2025/B/6903737,Tender,,,,No,2026-09-04,2026-09-04,NEW
369dc290af37,NHPC,"Purchase of Inductive Type Proximity sensor , BCH make",Unclassified,,,,Unknown,https://www.nhpcindia.com/welcome/tender,GEM/2025/B/6900163,Tender,,,,No,2026-09-04,2026-09-04,NEW
d01f3b12a9c6,NHPC,Purchase of Markin Cloth for Power House of TLD-III Power Station.,Unclassified,,,,Unknown,https://www.nhpcindia.com/welcome/tender,GEM/2025/B/6895230,Tender,,,,No,2026-09-04,2026-09-04,NEW
82e1562cd611,NHPC,विभागीय उपस्कर ऐस मेक व्हील लोडर माडल AL– 170 संबंधी चार (04) टायर खरीदने हेतु अनुमोदन के संबंध में।,Unclassified,,,,Unknown,https://www.nhpcindia.com/welcome/tender,GEM/2025/B/6912261 Dated: 26-11-2025,Tender,,,,No,2026-09-04,2026-09-04,NEW
b24c9a9a5989,NHPC,"Establishment of perennial source of water supply system for NHPC Colony Kralpora, Bandipora (PKG-557).",Unclassified,,,,Unknown,https://www.nhpcindia.com/welcome/tender,2025_NHPC_887097_1,Tender,,,,No,2026-09-04,2026-09-04,NEW
d1b65f592a9e,NHPC,"Construction of parking shed at the residential colony Dawar Gurez of Kishanganga Power Station, Bandipora, J & K (PKG-560).",Unclassified,,,,Unknown,https://www.nhpcindia.com/welcome/tender,2025_NHPC_887078_1,Tender,,,,No,2026-09-04,2026-09-04,NEW
a0ffdda4f032,NHPC,Comprehensive Annual Maintenance Contract (CMAC) of Chiller Unit#II (One nos.) & Packaged ACs# II & III (Two nos.) installed in Power House for a period of Two Years.,Unclassified,,,,Unknown,https://www.nhpcindia.com/welcome/tender,NH/TSV/Cont/MC-160/NIT-1049/2025-26/311 Dated: 25/11/2025 and GEM Bid No. GEM/2025/B/6928728,NIT,,,,No,2026-09-04,2026-09-04,NEW
da05dfd4e4f8,NHPC,Purchase of various types of HTLT Cables Disc Pin Insulator LA and Flood lights for Sewa-II Dam-HM Electrical Sarthali,Unclassified,,,,Unknown,https://www.nhpcindia.com/welcome/tender,"GEM/2025/B/6884205,Dated: 25-11-2025",Tender,,,,No,2026-09-04,2026-09-04,NEW
57863a506223,NHPC,Hiring of 05 Nos. Inspection and Commercial Vehicles for the use at Uri-II Power Station,Unclassified,,,,Unknown,https://www.nhpcindia.com/welcome/tender,2025_NHPC_ 887005_1,Tender,,,,No,2026-09-04,2026-09-04,NEW
96b279636b7d,NHPC,Purchase of XEROX make Toners and Drum Cartridges for XEROX Photocopiers installed at TLD-III PS.,Unclassified,,,,Unknown,https://www.nhpcindia.com/welcome/tender,GEM/2025/B/6892138,Tender,,,,No,2026-09-04,2026-09-04,NEW
b55eb2807a36,NHPC,Purchase of SF6 Multi Analyzer With Gas Return System for Power House of TLD–III Power Station.,Unclassified,,,,Unknown,https://www.nhpcindia.com/welcome/tender,GEM/2025/B/6846469,Tender,,,,No,2026-09-04,2026-09-04,NEW
a89a4324c465,NHPC,Purchase of consumable items for Township Complex of Uri Power Station,Unclassified,,,,Unknown,https://www.nhpcindia.com/welcome/tender,GEM/2025/B/6873587 Dated: 24-11-2025,Tender,,,,No,2026-09-04,2026-09-04,NEW
364b3b2d96ae,NHPC,Purchase of Spare Parts for various models of Kent ROs.,Unclassified,,,,Unknown,https://www.nhpcindia.com/welcome/tender,GEM/2025/B/6900092,Tender,,,,No,2026-09-04,2026-09-04,NEW
08f080365b4d,NHPC,Purchase of optical splicing equipment.,Unclassified,,,,Unknown,https://www.nhpcindia.com/welcome/tender,GEM/2025/B/6901073,Tender,,,,No,2026-09-04,2026-09-04,NEW
47db83e51e51,NHPC,"Drilling of 3 nos. borewells (01 no. at Right Bank & 02 nos. at Left Bank) & Providing Water Supply System at SLP, Right Bank and Left Bank NHPC Colony.",Unclassified,,,,Unknown,https://www.nhpcindia.com/welcome/tender,NH/SLP/CONT/2025/C-16/NIT/644,NIT,,,,No,2026-09-04,2026-09-04,NEW
c941be4bf04c,NHPC,"Purchase of Seesaw for Playground (V2) (Q3) , Spring Rider (Q3), and Play Ground Merry Go Round.",Unclassified,,,,Unknown,https://www.nhpcindia.com/welcome/tender,GEM/2025/B/6921327,Tender,,,,No,2026-09-04,2026-09-04,NEW
3ef01d2dfa2e,NHPC,Repair and Maintenance of water supply network at NHPC Complex Pasighat.,Unclassified,,,,Unknown,https://www.nhpcindia.com/welcome/tender,NH/SIANGLOWER/NIT/2025/12,NIT,,,,No,2026-09-04,2026-09-04,NEW
99562fe074ea,NHPC,"River training work at right bank of Sewa River in front of Administrative building to Sr. Executive Field Hostel of Sewa -II Power Station, Mashka (Jammu and Kashmir) (CW-699)",Unclassified,,Jammu and Kashmir,,Unknown,https://www.nhpcindia.com/welcome/tender,NH/Sewa2/Cont/CW-699/NIT-10/143 Dt.24.11.2025 (Tender ID: 2025_NHPC_ 886897_1),NIT,,,,No,2026-09-04,2026-09-04,NEW
2bd8026455a1,NHPC,"Supply, Installation, Testing and Commissioning of three (03) Nos. 10 KVA, three Phase DG Set",Unclassified,,,,Unknown,https://www.nhpcindia.com/welcome/tender,GEM/2025/B/6875928 Dated: 20-11-2025,Tender,,,,No,2026-09-04,2026-09-04,NEW
b3efa8dc4c5f,NHPC,Construction of Steel water tank retaining Structure for G+1 in Siang Lower Project at Pasighat.,Unclassified,,,,Unknown,https://www.nhpcindia.com/welcome/tender,NH/SIANGLOWER/NIT/2025/11,NIT,,,,No,2026-09-04,2026-09-04,NEW
fd82b3b5876a,NHPC,R and M for smooth functioning of IT Department (including LAN and other IT System) and R&M for smooth functioning of Procurement Division.,Unclassified,,,,Unknown,https://www.nhpcindia.com/welcome/tender,GEM/2025/B/6887944,Tender,,,,No,2026-09-04,2026-09-04,NEW
45c34108ee23,NHPC,Purchase of Disc Springs for Nozzles of Sewa-II Power Station,Unclassified,,,,Unknown,https://www.nhpcindia.com/welcome/tender,"GEM/2025/B/6878560,Dated: 22-11-2025",Tender,,,,No,2026-09-04,2026-09-04,NEW
05a979524640,NHPC,Painting and Miscellaneous repair work of Old CISF Barrack along with Kitchen Inside control room in Siul Weir Complex at Baira Siul Power Station Surangani,Unclassified,,,,Unknown,https://www.nhpcindia.com/welcome/tender,NH/BSPS/CC/CW/35/2025-26/363,Tender,,,,No,2026-09-04,2026-09-04,NEW
043dd71bf808,NHPC,"Installation, Testing and commissioning of 30KL/Hour Capacity Water Filtration Plant near HRT Valve House at Bairasiul Power Station Surangani",Unclassified,,,,Unknown,https://www.nhpcindia.com/welcome/tender,NH/BSPS/CC/CW/23/2025-26/362,Tender,,,,No,2026-09-04,2026-09-04,NEW
0b226b8903a0,NHPC,"Annual Maintenance Contract (AMC) of Hydro Mechanical equipment/gates and Electric Panels installed at Baira Dam, Bhaledh Trench, Siul Weir and TRC gates, PRV gate and Draft Tube Gates at Power House Complex",Hydro,,,,Unknown,https://www.nhpcindia.com/welcome/tender,NH/BSPS/CC/HM/38/2025-26/361,Tender,,,,Yes,2026-09-04,2026-09-04,NEW
03ba2abb83f6,NHPC,Restoration of Damaged Dam Toe & Approach Road of Baira Dam at Baira Siul Power Station,Unclassified,,,,Unknown,https://www.nhpcindia.com/welcome/tender,NH/BSPS/CC/CW/44/2025-26/344,Tender,,,,No,2026-09-04,2026-09-04,NEW
210391e81dbf,NHPC,"Supply, transportation, Erection, Testing ,Commissioning of Inspection Adit gate at SFT of Bhaled weir of BSPS",Unclassified,,,,Unknown,https://www.nhpcindia.com/welcome/tender,NH/BSPS/CC/HM/43/2025-26/345,Tender,,,,No,2026-09-04,2026-09-04,NEW
48db20bae78c,NHPC,"Restoration of damaged Apron, Bhaledh Feeder Tunnel (BFT), Desilting Chamber (DB) and Silt Flushing Tunnel (SFT) in Bhaledh – Baira Siul Power Station (BSPS)",Unclassified,,,,Unknown,https://www.nhpcindia.com/welcome/tender,NH/BSPS/CC/CW/42/2025-26/341,Tender,,,,No,2026-09-04,2026-09-04,NEW
b8215baa89d8,NHPC,"Repairing of Hydraulic Rough Terrain mobile Crane, Make Escorts, Model RT 20 of Sewa-II Power Station",Unclassified,,,,Unknown,https://www.nhpcindia.com/welcome/tender,GEM/2025/B/6900978 Dated: 22-11-2025,Tender,,,,No,2026-09-04,2026-09-04,NEW
668a268a8951,NHPC,Repair works of Spillway Glacis and Replacement of Steel liner & Sill Beam of Radial Gate No # 1 at Dulhasti Power Station Kishtwar,Unclassified,,,,Unknown,https://www.nhpcindia.com/welcome/tender,NH/DPS/CONT/NIT-239/2025/E143477 dated 22.11.2025,NIT,,,,No,2026-09-04,2026-09-04,NEW
85786e8be2e8,NHPC,"Purchase of Duplex Resistance Temperature Detector (PT100), Length7500MM, Sensor length 75MM",Unclassified,,,,Unknown,https://www.nhpcindia.com/welcome/tender,GEM/2025/B/6767156,Tender,,,,No,2026-09-04,2026-09-04,NEW
99d3d205cbb0,NHPC,"Hiring of Services for Assistance in Mechanical and Store Division of Kishanganga Power Station, Bandipora, J & K (PKG-561).",Unclassified,,,,Unknown,https://www.nhpcindia.com/welcome/tender,GEM/2025/B/6856773,Tender,,,,No,2026-09-04,2026-09-04,NEW
04db781b70e4,NHPC,"Insurance Cover for 50MW Solar Power Project at Theni/ Dindigul District, Tamilnadu for one year (from 07.02.2026 to 06.02.2027)",Solar,50.0,,,Unknown,https://www.nhpcindia.com/welcome/tender,NH/CCW/CC-II/CO-430/PR16025/2,Tender,,,50 MW,Yes,2026-09-04,2026-09-04,NEW
fcad35419753,NHPC,"“Necessary Repair of boundary wall, Erection of View Cutter, barbed wire and concertina at barrage complex, Boniyar at Pringal site of Uri Power Station",Unclassified,,,,Unknown,https://www.nhpcindia.com/welcome/tender,NH/UPS/PCS/C-122/NIQ-109/389 Dated 20.11.2025,Tender,,,,No,2026-09-04,2026-09-04,NEW
349d09c2f587,NHPC,"Supply, Testing, Commissioning and Trial Run of Lifting Beam Assembly of 40 T Gantry Crane at Dam site",Unclassified,,,,Unknown,https://www.nhpcindia.com/welcome/tender,GEM/2025/B/6824764,Tender,,,,No,2026-09-04,2026-09-04,NEW
9ee6eb0d1b43,NHPC,Manufacturing and supply of Shaft Seal Drum(shaft sleeve) with HP-HVOF coating for Parbati-3 Power Station,Unclassified,,,,Unknown,https://www.nhpcindia.com/welcome/tender,GEM/2025/B/6890792,Tender,,,,No,2026-09-04,2026-09-04,NEW
c065bb484d65,NHPC,Hiring of Ten (10 Nos.) M&M Bolero Neo N4 (Diesel) or higher Vehicles for the Subansiri Lower HE Project and Empanelment of Bidders for One Year.,Unclassified,,,,Unknown,https://www.nhpcindia.com/welcome/tender,NH/SLP/CONT/2025/C-15/NIT/642,NIT,,,,No,2026-09-04,2026-09-04,NEW
717aeb42f36e,NHPC,"Protection and stabilisation work at RD 1550 to 1650, P/F ACP sheets at Mumty of Intake, Painting work of Intake Tower & Other misc. works at Dul Dam, Kishtwar",Unclassified,,,,Unknown,https://www.nhpcindia.com/welcome/tender,NH/DPS/CONT/NIT-254/2025/E155242 dated 21.11.2025,NIT,,,,No,2026-09-04,2026-09-04,NEW
6393e59ae2ce,NHPC,Supply and Installation of 02 Nos Strong Motion Accelerograph at Dam site of Uri-II Power Station,Unclassified,,,,Unknown,https://www.nhpcindia.com/welcome/tender,GEM/2025/B/6839237,Tender,,,,No,2026-09-04,2026-09-04,NEW
3f2dc9da9220,NHPC,"Hiring of Services of Drivers for Departmental Vehicle of Kishanganga Power Station, Bandipora, J & K (PKG-558).",Unclassified,,,,Unknown,https://www.nhpcindia.com/welcome/tender,GEM/2025/B/6853995,Tender,,,,No,2026-09-04,2026-09-04,NEW
06f16d4f0a8a,NHPC,Restoration of damaged Retaining Wall Near Jandreda (Right Bank of River) in Dam- Khairi Road.,Unclassified,,,,Unknown,https://www.nhpcindia.com/welcome/tender,NH/CPS-1/P&C/W-1572/2025-26/385 Dated:19/11/2025,Tender,,,,No,2026-09-04,2026-09-04,NEW
7f8059a79438,NHPC,Monthly Basis Cab & Taxi Hiring Services - SUV; 2000 km x 320 hours; Local 24*7,Unclassified,,,,Unknown,https://www.nhpcindia.com/welcome/tender,GEM/2025/B/6898629,Tender,,,,No,2026-09-04,2026-09-04,NEW
4cc3e99521a8,NHPC,"Repair & Painting of Hydro Power Training Institute (HPTI) Hostel Building at CPS-1, Khairi.",Hydro,,,,Unknown,https://www.nhpcindia.com/welcome/tender,NH/CPS-1/P&C/W-1569/2025-26/348 Dated: 17/11/2025,Tender,,,,No,2026-09-04,2026-09-04,NEW
0f4c1ca925f8,NHPC,"Repair and maintenance work in Basement Floor and Room no- 1 & 2 of VIP Guest House, Teesta-V Power Station, Balutar – (Civil & Electrical works).",Unclassified,,,,Unknown,https://www.nhpcindia.com/welcome/tender,NH/TSV/Cont/CC-359/NIT-1048/2025-26/291 Dated: 18/11/2025 and Tender ID No. 2025_NHPC_885960_1,NIT,,,,No,2026-09-04,2026-09-04,NEW
10f20f68519e,NHPC,"Repair of CISF Morcha near Dam Civil Office, Tomruchi entry gate and at CISF colony roof top at Dul Dam site DPS Kishtwar",Rooftop Solar,,,,Unknown,https://www.nhpcindia.com/welcome/tender,NH/DPS/CONT/NIT-255/2025/E155214 dated 21.11.2025,NIT,,,,No,2026-09-04,2026-09-04,NEW
6f72d23b1152,NHPC,Extension of Boulder trap above GIS building at Chamera III power station Dharwala ( E-Office No.: 141449),Unclassified,,,,Unknown,https://www.nhpcindia.com/welcome/tender,2025_NHPC_885878_1,Tender,,,,No,2026-09-04,2026-09-04,NEW
6e0692631f04,NHPC,"Supply, Installation, Testing and Commissioning of 1 Nos 250 KVA DG Set at Dam Colony Sarthali of Sewa II Power Station",Unclassified,,,,Unknown,https://www.nhpcindia.com/welcome/tender,GEM/2025/B/6898659 Dated: 18-11-2025,Tender,,,,No,2026-09-04,2026-09-04,NEW
8467b32cad02,NHPC,Purchase of Infrared Thermal Imaging Camera with accessories for Power House of TLD–III Power Station,Unclassified,,,,Unknown,https://www.nhpcindia.com/welcome/tender,GEM/2025/B/6869902,Tender,,,,No,2026-09-04,2026-09-04,NEW
4e7acbbdb33f,NHPC,Purchase of LED Lighting Fixtures for Power House at Uri Power Station (PHEM),Unclassified,,,,Unknown,https://www.nhpcindia.com/welcome/tender,GEM/2025/B/6872164 Dated: 17-11-2025,Tender,,,,No,2026-09-04,2026-09-04,NEW
a9c091d74632,NHPC,Purchase of ABB make spares for Main Electrical Distribution Panel Installed at Dam site,Unclassified,,,,Unknown,https://www.nhpcindia.com/welcome/tender,GEM/2025/B/6836130,Tender,,,,No,2026-09-04,2026-09-04,NEW
44f811b174af,NHPC,"Simani Nala (right bank R-wall restoration) on TPH Road (Restoration of damaged Retaining Wall Near Simani Nallah (Right Bank of Nala) in Dam- Khairi Road, CPS1).",Unclassified,,,,Unknown,https://www.nhpcindia.com/welcome/tender,NH/CPS-1/P&C/W-1571/2025-26/345 Dated: 17/11/2025,Tender,,,,No,2026-09-04,2026-09-04,NEW
0dd96ded11fc,NHPC,Providing and applying of 4.65 mm thick Epoxy Flooring of CPS-1 Power House.,Unclassified,,,,Unknown,https://www.nhpcindia.com/welcome/tender,NH/CPS-1/P&C/W-1568/2025-26/329 Dated: 12/11/2025,Tender,,,,No,2026-09-04,2026-09-04,NEW
890d716e5d8d,NHPC,"Installation of V-Notch at TBM adit, Valve House, Lower Pressure Shaft adit and Drainage Gallery of Kishanganga Power Station, Bandipora, J&K, (PKG-559).",Unclassified,,Jammu and Kashmir,,Unknown,https://www.nhpcindia.com/welcome/tender,2025_NHPC_885757_1,Tender,,,,No,2026-09-04,2026-09-04,NEW
4b55b17f24c7,NHPC,"Supply, retrofitting, installation, testing, and commissioning of HIPASE-P Unit protection relays (Generator & Transformer protection) and its integration with existing SCADA (250 Scala) system at Teesta Low Dam-III Power Station.",Unclassified,,,,Unknown,https://www.nhpcindia.com/welcome/tender,GEM/2025/B/6890816,Tender,,,,No,2026-09-04,2026-09-04,NEW
9c09f7ba98f7,NHPC,“(2025-26) Upgradation of existing MaxDNA SCADA system with latest version in phased manner,Unclassified,,,,Unknown,https://www.nhpcindia.com/welcome/tender,GEM/2025/B/6836637,Tender,,,,No,2026-09-04,2026-09-04,NEW
82f456ea1953,NHPC,Upgradation &amp; Refurbishment of 02 Nos. 190/30/10 MT Electric Overhead Traveling (EOT) Cranes of CPS-1.,Unclassified,,,,Unknown,https://www.nhpcindia.com/welcome/tender,NH/CPS-1/P&C/W-1543/2025-26/334 Dated: 13/11/2025,Tender,,,,No,2026-09-04,2026-09-04,NEW
2288937b1e2c,NHPC,Comprehensive Package Policy- CPM Equipment of Power Stations of NHPC for the period from 01.04.2026 to 31.03.2027,Unclassified,,,,Unknown,https://www.nhpcindia.com/welcome/tender,NH/CCW/CC-II/CO-427/PR10025/207,Tender,,,,No,2026-09-04,2026-09-04,NEW
846ee4ea1a1c,NHPC,SITC of 11 KV overhead feeder from near Kalgi to near Salamabad in Dam feeder from Power House,Unclassified,,,,Unknown,https://www.nhpcindia.com/welcome/tender,2025_NHPC_885590_1,Tender,,,,No,2026-09-04,2026-09-04,NEW
3359bf783f97,NHPC,Purchase of Hydraulic Jack and Lifting Machine for Uri Power Station,Unclassified,,,,Unknown,https://www.nhpcindia.com/welcome/tender,GEM/2025/B/6836860 Dated: 13-11-2025,Tender,,,,No,2026-09-04,2026-09-04,NEW
98aec6652454,NHPC,Purchase of Pressure Balancing pipe & Accessories for Parbati-III Power Station,Unclassified,,,,Unknown,https://www.nhpcindia.com/welcome/tender,GEM/2025/B/6838770,Tender,,,,No,2026-09-04,2026-09-04,NEW
252403a5575c,NHPC,"Exploration of high resolution satellite data of Kamala HE Project area, Arunachal Pradesh to identify structures along with comparative change analysis of maps",Unclassified,,Arunachal Pradesh,,Unknown,https://www.nhpcindia.com/welcome/tender,GEM/2025/B/6882916,Tender,,,,No,2026-09-04,2026-09-04,NEW
d9da68c27bbe,NHPC,Annual maintenance Contract (AMC) of different type of water purifier (RO) systems installed at NHPC Teesta-V Power Station for 01 year.,Unclassified,,,,Unknown,https://www.nhpcindia.com/welcome/tender,NH/TSV/Cont/CC-357/NIT-1047/2025-26/181 Dated: 12/11/2025 and GEM Bid no. GEM/2025/B/6882019,NIT,,,,No,2026-09-04,2026-09-04,NEW
583c5575eec3,NHPC,Purchase of water supply fittings and miscellaneous items for Barrage Complex and Uranbua Colony of Uri Power Station,Unclassified,,,,Unknown,https://www.nhpcindia.com/welcome/tender,GEM/2025/B/6855722 Dated: 12-11-2025,Tender,,,,No,2026-09-04,2026-09-04,NEW
93eb05e228b1,NHPC,"Sewa River protection work near power house, CPS-1.",Unclassified,,,,Unknown,https://www.nhpcindia.com/welcome/tender,NH/CPS-1/P&C/W-1563/2025-26/328 Dated: 11/11/2025,Tender,,,,No,2026-09-04,2026-09-04,NEW
5a68fc2e884b,NHPC,"Installation, Testing & Commissioning (SITC) of 03 Nos of Automatic Weather Stations for Chamera-1 Dam including 03 years Comprehensive Annual Maintenance Contract (CAMC) after 02 years of warranty period.",Unclassified,,,,Unknown,https://www.nhpcindia.com/welcome/tender,NH/CPS-1/P&C/W-1508/2025-26/326 Dated: 11/11/2025,Tender,,,,No,2026-09-04,2026-09-04,NEW
e284d2dc52a5,NHPC,Temporary Protection work at unstable dead slope near Power House of Loktak PS.,Unclassified,,,,Unknown,https://www.nhpcindia.com/welcome/tender,NIT-1094 (S),NIT,,,,No,2026-09-04,2026-09-04,NEW
ee8303fef88e,NHPC,"Repair, Painting and Replace windows of C-type Quarters at Sewa Vihar Colony of Sewa -II Power Station, Mashka (CW-702)",Unclassified,,,,Unknown,https://www.nhpcindia.com/welcome/tender,NH/Sewa-II/Contracts/CW-702/2025/NIT-09/130 Dated:10.11.2025 (Tender ID: 2025_NHPC_883762_1),NIT,,,,Yes,2026-09-04,2026-09-04,NEW
43948ba76a18,NHPC,"Protective Ceramic coating on Spiral Casing, Stay Rings and Stay Vanes of all the three Generating Units of Nimoo Bazgo Power Station",Unclassified,,,,Unknown,https://www.nhpcindia.com/welcome/tender,NBPS/C&P/2025-26/W-31/258,Tender,,,,No,2026-09-04,2026-09-04,NEW
96e679c156e0,NHPC,"Bathymetric survey of Wular lake in respect of Tulbul Navigation Lock Project, Baramulla",Unclassified,,,,Unknown,https://www.nhpcindia.com/welcome/tender,NH/UPS/PCS/C-125/NIQ-108/372 Dated 06.11.2025,Tender,,,,No,2026-09-04,2026-09-04,NEW
254d2b723f58,NHPC,"River Side Protection Work At Outer Boundary Of Switchyard Near Khairi Bridge, CPS-1.",Unclassified,,,,Unknown,https://www.nhpcindia.com/welcome/tender,NH/CPS-1/P&C/W-1570/2025-26/313 Dated: 08/11/2025,Tender,,,,No,2026-09-04,2026-09-04,NEW
087da08de52d,NHPC,"Protection work of road between Switchyard and Power House, CPS-1, Khairi.",Unclassified,,,,Unknown,https://www.nhpcindia.com/welcome/tender,NH/CPS-1/P&C/W-1567/2025-26/312 Dated: 07/11/2025,Tender,,,,No,2026-09-04,2026-09-04,NEW
ca5662217839,NHPC,Hiring of 02 nos. (24+1) seater BS-VI buses for round the clock duty along with 02 nos. drivers and 02 nos. helpers for each bus for TLD-III Power Station,Round-the-Clock / CfD / Trading,,,,Unknown,https://www.nhpcindia.com/welcome/tender,GEM/2025/B/6843711 Dated 07-11-2025,Tender,,,,No,2026-09-04,2026-09-04,NEW
e9bdea162114,NHPC,"Sewa River protection work for switchyard, CPS-1.",Unclassified,,,,Unknown,https://www.nhpcindia.com/welcome/tender,NH/CPS-1/P&C/W-1564/2025-26/309 Dated:06/11/2025,Tender,,,,No,2026-09-04,2026-09-04,NEW
3bc92e353109,NHPC,Rate Contract for purchase of Rubber Items for Generating Units of NHPC’s Power Stations,Unclassified,,,,Unknown,https://www.nhpcindia.com/welcome/tender,NH/Cont(E&M-IV)/O&M/PR10024/420/2025,Tender,,,,No,2026-09-04,2026-09-04,NEW
be040f0c7b95,NHPC,"Hiring of brand new NEXON EV 3.0 CREATIVE 45 along with 7.2KW AC Fast Charger and accessories, Mfg year 2025 or latest or any higher variantor any higher version in this segment along with a driver.",Unclassified,0.007,,,Unknown,https://www.nhpcindia.com/welcome/tender,NH/CPS-I/P&C/W-1539/2025-26/294 DATED: 24/10/2025,Tender,,,7.2 KW,No,2026-09-04,2026-09-04,NEW
f631ac5dcf5a,NHPC,"Hiring of Services of Balancing Expert for Dynamic Balancing of All Three Hydro Units of (3x180MW) Chamera Power Station-1, Khairi, Chamba (H.P).",Hydro,180.0,,,Unknown,https://www.nhpcindia.com/welcome/tender,GEM/2025/B/6850300 Dated: 04-11-2025,Tender,,,180 MW,Yes,2026-09-04,2026-09-04,NEW
1fbb4fd7ca5e,NHPC,"OruMor R-Wall at first slide on Dam Office (Restoration of damaged R/Wall in between odhumodh Road/Dam road at U-Turn, CPS-1).",Unclassified,,,,Unknown,https://www.nhpcindia.com/welcome/tender,NH/CPS-1/P&C/W-1566/2025-26/308 Dated:06/11/2025,Tender,,,,No,2026-09-04,2026-09-04,NEW
c8f77df9f676,NHPC,Construction of four Bio-medical waste pit with boundary fencing at Teesta-V PS Project Hospital.,Unclassified,,,,Unknown,https://www.nhpcindia.com/welcome/tender,NH/TSV/Cont/CC-358/NIT-1046/2025-26/273 Dated: 05/11/2025 and Tender ID No. 2025_NHPC_884262_1,NIT,,,,No,2026-09-04,2026-09-04,NEW
63cdebc67859,NHPC,"Exploratory Drilling Works of three holes of 50m depth and one hole of 100 m in Tulbul Navigation Lock Project, Baramulla, Jammu & Kashmir",Unclassified,,,,Unknown,https://www.nhpcindia.com/welcome/tender,NH/UPS/PCS/C-123R/NIQ-107/371 Dated: 03.11.2025,Tender,,,,No,2026-09-04,2026-09-04,NEW
bf824a1a4215,NHPC,Insurance coverage under Group Insurance Scheme in lieu of EDLI in NHPC Limited for a period of one year (from 01.01.26 to 31.12.26),Unclassified,,,,Unknown,https://www.nhpcindia.com/welcome/tender,NH/CCW/CC-II/CO-425/PR10025/254,Tender,,,,No,2026-09-04,2026-09-04,NEW
2944e957821a,NHPC,"Protection work on the left bank of the reservoir at the Teesta River, TLD-IV PS, Kalijhora",Unclassified,,,,Unknown,https://www.nhpcindia.com/welcome/tender,NH/TLD-IV PS/P&C/W-938/2025/2087 Dated: 03/11/2025,Tender,,,,No,2026-09-04,2026-09-04,NEW
86571e84386b,NHPC,"Restoration of damaged Slope Protection work at Dobat, DGPS",Unclassified,,,,Unknown,https://www.nhpcindia.com/welcome/tender,NH/DG/CONTRACT/1072/2025-26/60 dated:04.11.2025,Tender,,,,No,2026-09-04,2026-09-04,NEW
c1ac25c56799,NHPC,"Repair and Maintenance of CISF Barracks at Dam Site, CPS-1.",Unclassified,,,,Unknown,https://www.nhpcindia.com/welcome/tender,NH/CPS-1/P&C/W-1562/2025-26/307 Dated:03/11/2025,Tender,,,,No,2026-09-04,2026-09-04,NEW
efd089791cf5,NHPC,Purchase of Heavy Duty Mixer Grinder,Unclassified,,,,Unknown,https://www.nhpcindia.com/welcome/tender,"GEM/2025/B/6846344,Dated: 01-11-2025",Tender,,,,No,2026-09-04,2026-09-04,NEW
03e43272f977,NHPC,Purchase of Silica Gel Drying Oven,Unclassified,,,,Unknown,https://www.nhpcindia.com/welcome/tender,"GEM/2025/B/6846241,Dated 01-11-2025",Tender,,,,No,2026-09-04,2026-09-04,NEW
fe7dd124fe8c,NHPC,General Up keeping & Housekeeping of VIP Guest House & Officer's Club of Rangit Power Station for Year 2025,Unclassified,,,,Unknown,https://www.nhpcindia.com/welcome/tender,NH-RPS-CTS012/9/2024-CIVIL TS/120,Tender,,,,No,2026-09-04,2026-09-04,NEW
892a73246897,NHPC,"Design, Supply, Fabrication, Installation and commissioning of 04 nos. Triple storey (G+2) Pre-Engineered Field Hostel Building at New Apali Colony, Dibang Multipurpose Project (DMPP), Arunachal Pradesh.",Unclassified,,Arunachal Pradesh,,Unknown,https://www.nhpcindia.com/welcome/tender,NH/DMP/PNC/NIT/2025/13 Date : 27.10.2025 (E-tender- 2025_NHPC_883189_1),NIT,,,,No,2026-09-04,2026-09-04,NEW
06316cf2569c,NHPC,"Trace path cutting from Lower Bench (Pathar Camp) upto Upper bench of land acquired at New Apali, Dibang Multipurpose Project, Arunachal Pradesh.",Unclassified,,Arunachal Pradesh,,Unknown,https://www.nhpcindia.com/welcome/tender,NH/DMP/PNC/NIT/2025/12 (E-Tender 2025_NHPC_878954_1),NIT,,,,No,2026-09-04,2026-09-04,NEW
5967d6efd111,NHPC,"Construction of room for Strong Motion Accelerograph arrangement at Dam Site of Kishanganga Power Station, Gurez, Bandipora, J&K (PKG-555).",Unclassified,,Jammu and Kashmir,,Unknown,https://www.nhpcindia.com/welcome/tender,2025_NHPC_883542_1,Tender,,,,No,2026-09-04,2026-09-04,NEW
c42b7baead6f,NHPC,Grouting work of Pressure Shaft at Parbati-III Power Station during lean Period of 2025-26,Unclassified,,,,Unknown,https://www.nhpcindia.com/welcome/tender,NH/PPS-III/NIT/PR11925/160/1/126 Dated: 30.10.2025,NIT,,,,No,2026-09-04,2026-09-04,NEW
44cfa451c291,NHPC,Mega Risk Policy including Terrorism & Third Party Liability Policy for NHPC Power Stations (For one year w.e.f 01.04.2026 to 31.03.2027),Unclassified,,,,Unknown,https://www.nhpcindia.com/welcome/tender,NH/CCW/CC-II/CO-424/PR10025/206,Tender,,,,No,2026-09-04,2026-09-04,NEW
b46bdef1fc1b,NHPC,"Purchase of 2 Nos. Submersible Pump, 62 KW -(KRTK 150-401/654 )for Parbati-III Power Station",Unclassified,0.062,,,Unknown,https://www.nhpcindia.com/welcome/tender,GEM/2025/B/6814097,Tender,,,62 KW,No,2026-09-04,2026-09-04,NEW
15accc5fc45c,NHPC,Purchase of Flexible Expansion Joint for Uri Power Station,Unclassified,,,,Unknown,https://www.nhpcindia.com/welcome/tender,GEM/2025/B/6774389 Dated: 29-10-2025,Tender,,,,No,2026-09-04,2026-09-04,NEW
28b9dc4e35dd,NHPC,"Design, Supply, Installation, Testing and Commissioning of Carbon Dust Collection System (CDCS) for Generator Unit of Uri Power Station",Unclassified,,,,Unknown,https://www.nhpcindia.com/welcome/tender,GEM/2025/B/6762637 Dated: 29-10-2025,Tender,,,,No,2026-09-04,2026-09-04,NEW
f7528329480d,NHPC,Purchase of Material Handling Equipment for Uri Power Station,Unclassified,,,,Unknown,https://www.nhpcindia.com/welcome/tender,GEM/2025/B/6774568 Dated: 28-10-2025,Tender,,,,No,2026-09-04,2026-09-04,NEW
68be3f3d7578,NHPC,Sherpur Road Oru Bridge abutment Restoration of R-Wall,Unclassified,,,,Unknown,https://www.nhpcindia.com/welcome/tender,NH/CPS-1/P&C/W-1561/2025-26/303 Dated:29/10/2025,Tender,,,,No,2026-09-04,2026-09-04,NEW
908d9991a97a,NHPC,Purchase of a hydraulic torque wrench for Loktak Power Station.,Unclassified,,,,Unknown,https://www.nhpcindia.com/welcome/tender,GEM/2025/B/6777379,Tender,,,,No,2026-09-04,2026-09-04,NEW
65a29ff57a1d,NHPC,Conducting hydrographic survey (Pre-monsoon and post-monsoon) at dam of Rangit Power Station for Two years to find out reservoir elevation-area-capacity curve,Unclassified,,,,Unknown,https://www.nhpcindia.com/welcome/tender,NH-RPS-DC/9/2025-DAM C/117,Tender,,,,Yes,2026-09-04,2026-09-04,NEW
664581c1d415,NHPC,Repair work of water conductor system (Head Race Tunnel) of Parbati-III Power Station during lean Period of 2025-26,Unclassified,,,,Unknown,https://www.nhpcindia.com/welcome/tender,NH/PPS-III/NIT/PR11925/126/1/120 Dated: 28.10.2025,NIT,,,,No,2026-09-04,2026-09-04,NEW
0e58060d420c,NHPC,"Procurement of 1 No. Hydrogen Fuel Cell Electric Bus and its Comprehensive Maintenance Services for 3 Years for Chamba, Himachal Pradesh",Unclassified,,Himachal Pradesh,,Unknown,https://www.nhpcindia.com/welcome/tender,GEM/2025/B/6737196 Dated 28.10.2025,Tender,,,,Yes,2026-09-04,2026-09-04,NEW
cc1fd88cd2e4,NHPC,"Restoration of damaged River Training Work & Protection work along River Kaliganga below CISF Complex to Petrol Pump at Dobat, DGPS",Unclassified,,,,Unknown,https://www.nhpcindia.com/welcome/tender,NH/DG/CONTRACT/1065/2025-26/59,Tender,,,,No,2026-09-04,2026-09-04,NEW
2631f308c188,NHPC,"Supply, installation, testing and commissioning (SITC) of 5 nos. of Strong Motion Accelerographs to Chamera-1 Dam including 5 years Comprehensive AMC after a warrantee period of 02 years as per technical specifications.",Unclassified,,,,Unknown,https://www.nhpcindia.com/welcome/tender,NH/CPS-1/P&C/W-1531/2025-26/299 Dated: 27/10/2025,Tender,,,,No,2026-09-04,2026-09-04,NEW
69c6b9f6ee89,NHPC,"Repairing and misc. work at field hostel D1,D3 and surrounding area in CPS-1,Khairi.",Unclassified,,,,Unknown,https://www.nhpcindia.com/welcome/tender,NH/CPS-1/P&C/W-1558/2025-26/298 Dated:27/10/2025,Tender,,,,No,2026-09-04,2026-09-04,NEW
4dc7abee7618,NHPC,Dhai Nala (right bank) Approach Road R-Wall on TPH Road.,Unclassified,,,,Unknown,https://www.nhpcindia.com/welcome/tender,NH/CPS-1/P&C/W-1557/2025-26/297 Dated: 25/10/2025,Tender,,,,No,2026-09-04,2026-09-04,NEW
fad3aa1bafa6,NHPC,"Annual Maintenance of Unit#1 & Unit#2 (3x180=540MW) Hydro Generator Units of Chamera Power Station-1, Khairi, Distt. Chamba, H.P. for the year of 2025-26.",Hydro,540.0,,,Unknown,https://www.nhpcindia.com/welcome/tender,NH/CPS-1/P&C/W-1560/2025-26/296 Dated: 25/10/2025,Tender,,,540 MW,Yes,2026-09-04,2026-09-04,NEW
e956e3865cf5,NHPC,Purchase of Spares of Fire Fighting Jockey Pumps of Power House of TLD-III Power Station,Unclassified,,,,Unknown,https://www.nhpcindia.com/welcome/tender,GEM/2025/B/6803610 Dated 25-10-2025,Tender,,,,No,2026-09-04,2026-09-04,NEW
83b69fce6c76,NHPC,Purchase of Spares of KBL Make Pumps (KPD 100/40 and KPD 125/40) for Power House of TLD-III PS,Unclassified,,,,Unknown,https://www.nhpcindia.com/welcome/tender,GEM/2025/B/6806160 Dated 25-10-2025,Tender,,,,No,2026-09-04,2026-09-04,NEW
6363bc99819a,NHPC,"Protective Ceramic coating on Spiral Casing, Stay Vanes and Top Cover of all the three Generating Units of Teesta-V Power Station",Unclassified,,,,Unknown,https://www.nhpcindia.com/welcome/tender,NIT No. NH/TSV/CONT/MC-148/NIT-1045/2025-26/467 Dated : 25/10/2025 and E-Tender No. 2025_NHPC_882867_1,NIT,,,,No,2026-09-04,2026-09-04,NEW
a77b2bc1d8af,NHPC,Purchase of Electric Chain Hoists for Power House of TLD-III Power Station,Unclassified,,,,Unknown,https://www.nhpcindia.com/welcome/tender,GEM/2025/B/6763201 Dated 24-10-2025,Tender,,,,No,2026-09-04,2026-09-04,NEW
dc14a6505786,NHPC,"Empanelment of Photographers/ Videographers on Rate Contract basis for NHPC, Faridabad for two Years",Unclassified,,,,Unknown,https://www.nhpcindia.com/welcome/tender,2025_NHPC_882583_1,Tender,,,,No,2026-09-04,2026-09-04,NEW
61ab34d1833a,NHPC,Purchase of pressure plate for top cover and pressing ring for bush housing of guide vanes,Unclassified,,,,Unknown,https://www.nhpcindia.com/welcome/tender,GEM/2025/B/6789001,Tender,,,,No,2026-09-04,2026-09-04,NEW
fa8f3605f52c,NHPC,"Inspection, Repair and Testing of Circumferential and Longitudinal Welding Joints of Pressure Shaft-1 and 2 at Parbati-III Power Station",Unclassified,,,,Unknown,https://www.nhpcindia.com/welcome/tender,NH/PPS-III/NIT/PR11925/149/1/113 Dated: 18.10.2025,NIT,,,,No,2026-09-04,2026-09-04,NEW
915f9a92c4e2,NHPC,"Supply & erection of steel liner grade IS 2062-E450A/BR in central pier and spillway glacis and repairing of spillway glacis, Apron & Guide wall with HPC of Bay# 1&2 at Dam of Parbati-III Power Station",Unclassified,,,,Unknown,https://www.nhpcindia.com/welcome/tender,NH/PPS-III/NIT/PR11925/134/1/112 Dated: 18.10.2025,NIT,,,,No,2026-09-04,2026-09-04,NEW
9b89af6577bf,NHPC,Construction of tin shed for additional transformer placed at Sanjpoi store area of CPS-1.,Unclassified,,,,Unknown,https://www.nhpcindia.com/welcome/tender,NH/CPS-1/P&C/W-1556/2025-26/293 Dated: 22/10/2025,Tender,,,,No,2026-09-04,2026-09-04,NEW
c2d00034ff62,NHPC,"Supply, installation, testing, commissioning and subscription of services of Electro-Atmospheric Field Protector at switchyard of Rangit Power Station",Unclassified,,,,Unknown,https://www.nhpcindia.com/welcome/tender,GEM/2025/B/6650827,Tender,,,,No,2026-09-04,2026-09-04,NEW
a95cd0d4e838,NHPC,Purchase of tool tackles consumable items for Salal Power House,Unclassified,,,,Unknown,https://www.nhpcindia.com/welcome/tender,GEM/2025/B/6797875,Tender,,,,No,2026-09-04,2026-09-04,NEW
c47e2231e8a0,NHPC,Miscellaneous Consumables for repairing various types of electric motors of Salal Power Station,Unclassified,,,,Unknown,https://www.nhpcindia.com/welcome/tender,GEM/2025/B/6792315,Tender,,,,No,2026-09-04,2026-09-04,NEW
fcbc91137b1c,NHPC,Supply and Installation of Radar type water level sensor and Automatic Rain fall recorder and configuration & Integration with existing DataTaker Data logger DT85G,Unclassified,,,,Unknown,https://www.nhpcindia.com/welcome/tender,NH/DPS/CONT/NIT-253/2025/E153671 dated 19.11.2025,NIT,,,,No,2026-09-04,2026-09-04,NEW
fed5934d67a7,NHPC,Clearing of jungle at Dam site of Teesta-V Power Station.,Unclassified,,,,Unknown,https://www.nhpcindia.com/welcome/tender,NH/TSV/Cont/CC-356/NIT-1044/2025-26/261 Dated: 20/10/2025 and Tender ID No. 2025_NHPC_882327_1,NIT,,,,No,2026-09-04,2026-09-04,NEW
a4aaaf75a5c9,NHPC,Geo-Membrane Lining Work during repair work of water conductor system (Head Race Tunnel) of Parbati-III Power Station during lean Period of 2025-26,Unclassified,,,,Unknown,https://www.nhpcindia.com/welcome/tender,NH/PPS-III/NIT/PR11925/128/1/110 Dated: 17.10.2025,NIT,,,,No,2026-09-04,2026-09-04,NEW
b2c6d4c5b8af,NHPC,"Protection of Right side of reservoir rim by providing concrete, wire crates and repairing of Right Bank Road at Dam site of Parbati-III Power Station",Unclassified,,,,Unknown,https://www.nhpcindia.com/welcome/tender,NH/PPS-III/NIT/PR11925/147/1/108 Dated: 16.10.2025,NIT,,,,No,2026-09-04,2026-09-04,NEW
3aec481dec21,NHPC,"Dewatering of Tail Race Tunnel of Dulhasti Power Station by providing submersible pumps, DG Sets, LT switchgear/distribution board, Change over panel, crane, pipes, Power/control cables, operation/maintenance staff etc for a period of 45 days”",Unclassified,,,,Unknown,https://www.nhpcindia.com/welcome/tender,NH/DPS/CONT/NIT-252/2025/E156131 dated 18.10.2025,NIT,,,,No,2026-09-04,2026-09-04,NEW
2d6bc17dc232,NHPC,Purchase of General purpose items for the use of power house Equipment’s.,Unclassified,,,,Unknown,https://www.nhpcindia.com/welcome/tender,GEM/2025/B/6773122 Dated: 17-10-2025,Tender,,,,No,2026-09-04,2026-09-04,NEW
f34b8e57b957,NHPC,"Repair of cover sheet of porous drain in dam galleries, fencing at intake gate and boulder trap at Dam, CPS-1.",Unclassified,,,,Unknown,https://www.nhpcindia.com/welcome/tender,NH/CPS-1/P&C/W-1537/2025-26/285 Dated: 17/10/2025,Tender,,,,No,2026-09-04,2026-09-04,NEW
58a2bcb5d723,NHPC,"Repairing, Painting, and Increasing Height of Overhead Water Tanks in Pasighat Complex of Siang Lower Project at Pasighat",Unclassified,,,,Unknown,https://www.nhpcindia.com/welcome/tender,NH/SIANGLOWER/NIT/2025/10,NIT,,,,No,2026-09-04,2026-09-04,NEW
a0585d2fb8a1,NHPC,Restoration of damaged Retaining Wall at Jandrera near rain shelter in Dam-Khairi Road,Unclassified,,,,Unknown,https://www.nhpcindia.com/welcome/tender,NH/CPS-1/P&C/W-1553/2025-26/284 Dated:17/10/2025,Tender,,,,No,2026-09-04,2026-09-04,NEW
c70935400ce3,NHPC,"Restoration of Road at slide area on Power house- Surge shaft road near Baggi village, CPS-1.",Unclassified,,,,Unknown,https://www.nhpcindia.com/welcome/tender,NH/CPS-1/P&C/W-1538/2025-26/281 Dated: 16/10/2025,Tender,,,,No,2026-09-04,2026-09-04,NEW
fa8fee07338d,NHPC,"Construction of Drain along playground of Government Middle School Baggi in village Baggi in Gram Panchayat Kanged, Development Block Salooni, Distt Chamba under CSR.",Unclassified,,,,Unknown,https://www.nhpcindia.com/welcome/tender,NH/CPS-1/P&C/W-1547/2025-26/280 Dated: 16/10/2025,Tender,,,,No,2026-09-04,2026-09-04,NEW
2ca712f39482,NHPC,Construction of interlocking Paver block approach road for newly constructed G+1 prefabricated Building in Siang Lower H E Project at Pasighat,Unclassified,,,,Unknown,https://www.nhpcindia.com/welcome/tender,NH/SIANGLOWER/NIT/2025/09,NIT,,,,No,2026-09-04,2026-09-04,NEW
7937e4a74a3a,NHPC,"Construction of Septic Tank for Pre-fabricated Building (G+1) at NHPC Complex, Pasighat",Unclassified,,,,Unknown,https://www.nhpcindia.com/welcome/tender,NH/SIANGLOWER/NIT/2025/08,NIT,,,,No,2026-09-04,2026-09-04,NEW
a0d0eaa109c2,NHPC,"Repairing and Painting of Two Rooms Building in front of Barrack at NHPC (Old SSB) Complex, Pasighat",Unclassified,,,,Unknown,https://www.nhpcindia.com/welcome/tender,NH/SIANGLOWER/NIT/2025/07,NIT,,,,No,2026-09-04,2026-09-04,NEW
0c1d267b737c,NHPC,Annual Maintenance contract of CCTV Surveillance system of Uri-II Power station for FY- 2025-26,Unclassified,,,,Unknown,https://www.nhpcindia.com/welcome/tender,GEM/2025/B/6726539,Tender,,,,No,2026-09-04,2026-09-04,NEW
5d9c3e1837f2,NHPC,INPUT PINION SHAFT OF AUXILIARY HOIST GEAR BOX No 3AH650,Unclassified,,,,Unknown,https://www.nhpcindia.com/welcome/tender,GEM/2025/B/6775963,Tender,,,,No,2026-09-04,2026-09-04,NEW
f8474938b418,NHPC,Reverse Osmosis based Point of Use Water Treatment System for Drinking Purposes (V3) as per IS 16240 (Q2),Unclassified,,,,Unknown,https://www.nhpcindia.com/welcome/tender,GEM/2025/B/6738550,Tender,,,,No,2026-09-04,2026-09-04,NEW
08e30c6e0d7f,NHPC,Servicing & Troubleshooting of BHEL make maxDNA based G-40 model EHGC and HMC of 03 Generating Units of the Nimoo Bazgo Power Station.,Unclassified,,,,Unknown,https://www.nhpcindia.com/welcome/tender,NBPS/C&P/2025-26/S-11/168 Dated: 10-10-2025,Tender,,,,No,2026-09-04,2026-09-04,NEW
69e4cbf694a6,NHPC,"Repair and maintenance of drain from Canteen building to ATM and TRT Field Hostel to Helipad at CPS1, Khairi.",Unclassified,,,,Unknown,https://www.nhpcindia.com/welcome/tender,NH/CPS-1/P&C/W-1555/2025-26/270 Dated: 14/10/2025,Tender,,,,No,2026-09-04,2026-09-04,NEW
c35063f02d60,NHPC,Servicing & Troubleshooting of BHEL make maxDNA based Static Excitation System (SEE)/ DVR of 03 Generating Units of the Nimoo Bazgo Power Station.,Unclassified,,,,Unknown,https://www.nhpcindia.com/welcome/tender,NBPS/C&P/2025-26/S-13/172 Dated: 14-10-2025,Tender,,,,No,2026-09-04,2026-09-04,NEW
d9e44909cbaf,NHPC,"Providing and application of Anti Corrosion Polysulphide modified epoxy resin on MIV, Penstock and Inlet steel structure of Power House including removal of old paint, rusted metal scraps from the steel structure by Air blasting complete in all respect at Uri-II Power Station, NHPC Ltd",Unclassified,,,,Unknown,https://www.nhpcindia.com/welcome/tender,2025_NHPC_880735_1,Tender,,,,No,2026-09-04,2026-09-04,NEW
de34ffda11e6,NHPC,"Preventive Maintenance/Servicing and Testing of LT Air Circuit Breakers installed at various sites of the Nimoo Bazgo Power Station, Alchi, Leh (UT of Ladakh).",Unclassified,,Ladakh,,Unknown,https://www.nhpcindia.com/welcome/tender,NBPS/C&P/2025-26/S-12/171 Dated: 13-10-2025,Tender,,,,No,2026-09-04,2026-09-04,NEW
daab44eb420c,NHPC,De-siltation of Ungamel Channel from Khuga-Ungamel confluence point to end point of both distributary channels under Loktak Power Station.,Unclassified,,,,Unknown,https://www.nhpcindia.com/welcome/tender,NIT-1093 (O),NIT,,,,No,2026-09-04,2026-09-04,NEW
114306f8210b,NHPC,Comprehensive Repair of damaged Runner (OS-1) of Dulhasti Power Station (2025-26),Unclassified,,,,Unknown,https://www.nhpcindia.com/welcome/tender,NH/DPS/CONT/NIT-250/2025/E155879 dated 14.10.2025,NIT,,,,No,2026-09-04,2026-09-04,NEW
9ad758acdc08,NHPC,"Restoration of Damaged Retaining Wall at RD 12/514KM to RD 12/521.5 KM, RD 12/525 to RD 12/533.50KM and RD 12/535.5Km to RD 12/545Km at Dam Khairi Road",Unclassified,,,,Unknown,https://www.nhpcindia.com/welcome/tender,NH/CPS-1/P&C/W-1552/2025-26/267 Dated: 13/10/2025,Tender,,,,No,2026-09-04,2026-09-04,NEW
1b1cfa0a9b48,NHPC,Running maintenance including HRT U/s and Roads of Dam Complex for two years of Rangit Power Station,Unclassified,,,,Unknown,https://www.nhpcindia.com/welcome/tender,NH-RPS-DC011/1/2025-DAM C/106,Tender,,,,No,2026-09-04,2026-09-04,NEW
e67cab8e2471,NHPC,"Repairing of existing Type II Quarters situated at Old Colony, Loktak Project.",Unclassified,,,,Unknown,https://www.nhpcindia.com/welcome/tender,NIT-1092 (O),NIT,,,,No,2026-09-04,2026-09-04,NEW
5d820f585dbe,NHPC,"Supply, Modification and Erection of 5T EOT Crane for GIS Hall of Power-House of Dulhasti Power Station, Kishtwar",Unclassified,,,,Unknown,https://www.nhpcindia.com/welcome/tender,NH/DPS/CONT/NIT-251/2025/E150545 dated 15.10.2025,NIT,,,,No,2026-09-04,2026-09-04,NEW
8dad61c78a9e,NHPC,"Providing Services for AMC for 02 Years of Rexroth Make Hydraulic system for radial gates, Silt flushing tunnel gates and Silt Flushing Gallery Gates installed at Dam Site of Rangit Power Station",Unclassified,,,,Unknown,https://www.nhpcindia.com/welcome/tender,NH-RPS-HM013(13)/1/2025-DAM HM/105,Tender,,,,No,2026-09-04,2026-09-04,NEW
f21a54cfbaef,NHPC,Purchase of One Nos hydraulic puller for HM division for repair and maintenance of HM equipment installed at Sewa-II Dam,Unclassified,,,,Unknown,https://www.nhpcindia.com/welcome/tender,"GEM/2025/B/6778126, Dated: 13-10-2025",Tender,,,,No,2026-09-04,2026-09-04,NEW
75765d51eb06,NHPC,Bituminous Carpeting of Internal Roads of Barrage at Boniyar.,Unclassified,,,,Unknown,https://www.nhpcindia.com/welcome/tender,NH/UPS/PCS/C-121/NIQ-103/364 Dated: 10.10.2025,Tender,,,,No,2026-09-04,2026-09-04,NEW
e85474bacd2a,NHPC,Supply of 1 Set (2Nos.) of OPU pumps (3-phse Induction Motor with Screw Pumps) for governor along with DOL Starter Panel Generating Units to Salal power station,Unclassified,,,,Unknown,https://www.nhpcindia.com/welcome/tender,GEM/2025/B/6769097,Tender,,,,No,2026-09-04,2026-09-04,NEW
1a7373ff12f2,NHPC,Qualification for Procurement of 1350 Kg SF6 Gas for 400KVA GIS of CPS-I.,Unclassified,,,,Unknown,https://www.nhpcindia.com/welcome/tender,GEM/2025/B/6752424 DATED:- 08-10-2025,Tender,,,,No,2026-09-04,2026-09-04,NEW
13cc241d2a5b,NHPC,Restoration of damaged R/Wall in between Rd- ±0/980km to ±1/200km at Dam - Goli Road at CPS-1,Unclassified,,,,Unknown,https://www.nhpcindia.com/welcome/tender,NH/CPS-1/P&C/W-1551/2025-26/264 Dated: 11/10/2025,Tender,,,,No,2026-09-04,2026-09-04,NEW
de5efb638d27,NHPC,Work of arresting oil leakage from GSU Transformer HV Cable Box of UNIT#1 & #2 by application of chemical compounds,Unclassified,,,,Unknown,https://www.nhpcindia.com/welcome/tender,GEM/2025/B/6754475 Dated: 11-10-2025,Tender,,,,No,2026-09-04,2026-09-04,NEW
2d65c0da5208,NHPC,Repair and Maintenance of Dam Office at Orhu Mod of CPS-I.,Unclassified,,,,Unknown,https://www.nhpcindia.com/welcome/tender,NH/CPS-1/PnC/W-1545/2025-26/ 263 Dated 10/10/2025,Tender,,,,No,2026-09-04,2026-09-04,NEW
b818d4f7e8b6,NHPC,Purchase of spares & servicing/repair of GEM make air dryers installed for suppling compressed air to different equipment in Power House & Valve House,Unclassified,,,,Unknown,https://www.nhpcindia.com/welcome/tender,GEM/2025/B/6748974 Dated: 10-10-2025,Tender,,,,No,2026-09-04,2026-09-04,NEW
0f7c8c5c842c,NHPC,Supply of Tablet Computers for Nimoo Bazgo Power Station,Unclassified,,,,Unknown,https://www.nhpcindia.com/welcome/tender,NBPS/C&P/2025-26/P-15 Dated: 30-09-2025,Tender,,,,No,2026-09-04,2026-09-04,NEW
b24fa3634ede,NHPC,"Supply of Miscellaneous Mechanical Consumables for Power House of Nimoo Bazgo Power Station, Alchi, Leh",Unclassified,,,,Unknown,https://www.nhpcindia.com/welcome/tender,NBPS/C&P/2025-26/P-17 Dated: 25-09-2025,Tender,,,,No,2026-09-04,2026-09-04,NEW
8264a4c84448,NHPC,Servicing of CG make 145 KV SF6 Circuit Breaker and 12 KV VCBs at Nimoo Bazgo Power Station.,Unclassified,,,,Unknown,https://www.nhpcindia.com/welcome/tender,NBPS/C&P/2025-26/S-10/156 Dated: 23-09-2025,Tender,,,,No,2026-09-04,2026-09-04,NEW
a2f5c54c446c,NHPC,"Repair of departmental Excavator- 240HD, BEML Make for TLD-III PS",Unclassified,,,,Unknown,https://www.nhpcindia.com/welcome/tender,2025_NHPC_880807_1,Tender,,,,No,2026-09-04,2026-09-04,NEW
dc746732c5c6,NHPC,"Supply and Installation of 02 nos. Floor Standing / Tower Type Hot & Cold 2 Ton Capacity Air Conditioners with all accessories at CPS-1, Khairi",Unclassified,,,,Unknown,https://www.nhpcindia.com/welcome/tender,GEM/2025/B/6725966,Tender,,,,No,2026-09-04,2026-09-04,NEW
5756382c41aa,NHPC,"“Supply, Installation, Testing & Commissioning of Clean Agent Based Automatic Fire Suppression Systems for Server Room at Chamera Power Station–I”",Unclassified,,,,Unknown,https://www.nhpcindia.com/welcome/tender,GEM/2025/B/6721056,Tender,,,,No,2026-09-04,2026-09-04,NEW
5de415565dcf,NHPC,Consultancy assignment for providing post Ind AS implementation consultancy services for preparation of Ind AS compliant Financial Statements,Unclassified,,,,Unknown,https://www.nhpcindia.com/welcome/tender,GEM/2025/B/6765786,Tender,,,,No,2026-09-04,2026-09-04,NEW
dfe10549ef85,NHPC,"Construction of Store Building at NHPC Colony of Kishanganga Power Station, Kralpora, Bandipora (PKG-553).",Unclassified,,,,Unknown,https://www.nhpcindia.com/welcome/tender,2025_NHPC_880493_1,Tender,,,,No,2026-09-04,2026-09-04,NEW
e4cf9621874d,NHPC,Selection of Firms for issuance of No Objection Certificate (NOC) for Removal of Deposited Sediments from the Reservoir of Salal Power Station,Unclassified,,,,Unknown,https://www.nhpcindia.com/welcome/tender,2025_NHPC_880244_1,Tender,,,,No,2026-09-04,2026-09-04,NEW
e61b77d3af37,NHPC,AMC of Compueter and its peripherals for 02 years of Sewa-II Power Station,Unclassified,,,,Unknown,https://www.nhpcindia.com/welcome/tender,GEM/2025/B/6752569 Dated: 07-10-2025,Tender,,,,No,2026-09-04,2026-09-04,NEW
504992f385ce,NHPC,External Safety Audit of Kishanganga Power Station for FY 2025-26,Unclassified,,,,Unknown,https://www.nhpcindia.com/welcome/tender,GEM/2025/B/6750171,Tender,,,,No,2026-09-04,2026-09-04,NEW
b6be90d11f3d,NHPC,Monetization of Free Cash component (Return on Equity) of Chamera-III & Parbati-III Power Station for next ten-years in single tranche during FY 2025-2026,Unclassified,,,,Unknown,https://www.nhpcindia.com/welcome/tender,NH/CCW/CC-II/CO-422/PR10025/219,Tender,,,,No,2026-09-04,2026-09-04,NEW
83dc0e846c0a,NHPC,Hiring of consultancy services for recertification/upgradation of existing ISO/IEC 27001:2013 to ISO/IEC 27001:2022,Unclassified,,,,Unknown,https://www.nhpcindia.com/welcome/tender,NH/TSV/Cont/EC-167/NIT-1043/2025-26/240 Dated: 06/10/2025 and GeM Bid No.: GEM/2025/B/6757907,NIT,,,,No,2026-09-04,2026-09-04,NEW
5f02b9736453,NHPC,Purchase of Transformer Oil Filtration Plant along with Transformer Oil Storage Tank for Rangit Power Station,Unclassified,,,,Unknown,https://www.nhpcindia.com/welcome/tender,GEM/2025/B/6554304,Tender,,,,Yes,2026-09-04,2026-09-04,NEW
1ee659d51ee8,NHPC,"Consultancy services for a period of 3 years for assisting the Recertification / Renewal of ISMS (ISO 27001) certification at IT&C Division, NHPC Office Complex, Faridabad.",Unclassified,,,,Unknown,https://www.nhpcindia.com/welcome/tender,GEM/2025/B/6656621,Tender,,,,No,2026-09-04,2026-09-04,NEW
8a383307ca4a,NHPC,"Repair and Renovation of Project Dispensary, Sub-station building at Samdong Colony and providing rain shed above staircase at Samdong and Dikchu Transit camp of Teesta V Power Station, Sikkim.",Unclassified,,Sikkim,,Unknown,https://www.nhpcindia.com/welcome/tender,"NH/TSV/Cont/CC-355/NIT-1042/2025-26/156, Dated: 06/10/2025 and E-Tender Id: 2025_NHPC_880124_1",NIT,,,,No,2026-09-04,2026-09-04,NEW
cdbb9cb4753e,NHPC,"Protection and stabilization work of hill slope along the road leading to TBM Adit Portal, Kishanganga Power Station, Bandipora, J&K, (PKG-556).",Unclassified,,Jammu and Kashmir,,Unknown,https://www.nhpcindia.com/welcome/tender,2025_NHPC_880149_1,Tender,,,,No,2026-09-04,2026-09-04,NEW
a72be0d02978,NHPC,"Repair of Sill Beam, Side Plates, Gate Roller and Clamp Plates of Under-Sluice Gates of Dam, CPS-1.",Unclassified,,,,Unknown,https://www.nhpcindia.com/welcome/tender,NH/CPS-1/P&C/W-1534/2025-26/247 Dated: 04/10/2025,Tender,,,,No,2026-09-04,2026-09-04,NEW
8dbc9f6f4cc4,NHPC,"Refining,Retubing and Repairing of Thrust bearing oil Cooler of Chamera-I Power Station.",Unclassified,,,,Unknown,https://www.nhpcindia.com/welcome/tender,NH/CPS-1/P&C/W-1542/2025-26/245 Dated: 03/10/2025,Tender,,,,No,2026-09-04,2026-09-04,NEW
ffd7314d9c2c,NHPC,Insurance Coverage of Outstanding Multipurpose Advance under “NHPC Employees Multipurpose Advance Insurance Scheme for a period of one year from 19.11.2025 to 18.11.2026,Unclassified,,,,Unknown,https://www.nhpcindia.com/welcome/tender,GEM/2025/B/6749678,Tender,,,,No,2026-09-04,2026-09-04,NEW
0847dd1d72d2,NHPC,"Repair and renovation of Type-A Building (16 nos. 1 BHK), Teste-VI HE Project, Pamphok , South Sikkim, Sikkim",Unclassified,,Sikkim,,Unknown,https://www.nhpcindia.com/welcome/tender,NH/Teesta-VI/P&C/NIT-38/2025/828,NIT,,,,No,2026-09-04,2026-09-04,NEW
971d068d6c84,NHPC,Purchase of Limiter motor of G-40 Governor HMC Supplied by BHEL for Sewa-II Power Station.,Unclassified,,,,Unknown,https://www.nhpcindia.com/welcome/tender,GEM/2025/B/6744694 Dated: 01-10-2025,Tender,,,,No,2026-09-04,2026-09-04,NEW
a7d71c715990,NHPC,"Consultancy Services for implementation of Information Security Management System (ISMS, ISO 27001:2022) in Kishanganga Power Station, Bandipora, J & K (PKG-552).",Unclassified,,,,Unknown,https://www.nhpcindia.com/welcome/tender,GEM/2025/B/6555688,Tender,,,,No,2026-09-04,2026-09-04,NEW
4d38ef10bad9,NHPC,"Repair of damaged Retaining walls at Simani Nalla (Left Bank) on the Dam-Khairi Road near the Road Tunnel, at CPS-1.",Unclassified,,,,Unknown,https://www.nhpcindia.com/welcome/tender,NH/CPS-1/P&C/W-1548/2025-26/242 Dated: 30/09/2025,Tender,,,,No,2026-09-04,2026-09-04,NEW
49a1ab061c66,NHPC,Purchase of Various items for Break Dust collector system of 130 MW hydro generator of Parbati-III Power station,Hydro,130.0,,,Unknown,https://www.nhpcindia.com/welcome/tender,GEM/2025/B/6592902,Tender,,,130 MW,Yes,2026-09-04,2026-09-04,NEW
33c56cb11475,NHPC,Purchase of All in One PC,Unclassified,,Chandigarh,,Unknown,https://www.nhpcindia.com/welcome/tender,GEM/2025/B/6685627,Tender,,,,No,2026-09-04,2026-09-04,NEW
04329c102409,NHPC,Directors & Officers (D&O) Liability Insurance Policy for the period 23.01.2026 to 22.01.2027,Unclassified,,,,Unknown,https://www.nhpcindia.com/welcome/tender,GEM/2025/B/6740763,Tender,,,,No,2026-09-04,2026-09-04,NEW
1c45ceb1cd1b,NHPC,Supply & Installation of New 100 W Electrical Heating Plates for D-Type Quarters/Changla Field Hostel/VIP Guest House/Dam Control Room/Leh Guest House etc. at NHPC Nimoo Bazgo Power Station.,Unclassified,,,,Unknown,https://www.nhpcindia.com/welcome/tender,NBPS/C&P/2025-26/W-30/257,Tender,,,,No,2026-09-04,2026-09-04,NEW
73d6c809cc51,NHPC,"Painting and Polishing works of NHPC Bhawan in NHPC Residential Colony, Sector -41, Faridabad",Unclassified,,,,Unknown,https://www.nhpcindia.com/welcome/tender,NH/CCW/CC-IV/CO-418/PR10025/184,Tender,,,,No,2026-09-04,2026-09-04,NEW
79ba198e48f3,NHPC,"Purchase of 01 No. Crawler Dozer, Capacity - 90 HP for TLD-III Power Station.",Unclassified,,,,Unknown,https://www.nhpcindia.com/welcome/tender,GEM/2025/B/6665928,Tender,,,,No,2026-09-04,2026-09-04,NEW
37ae70264455,NHPC,"Purchase of 01 No. Tipper, Capacity– 8.5 Cum, 6 Wheel, BS-VI for TLD-III Power Station.",Unclassified,,,,Unknown,https://www.nhpcindia.com/welcome/tender,GEM/2025/B/6602951,Tender,,,,No,2026-09-04,2026-09-04,NEW
ec2c8760a54f,NHPC,Purchase of different types of Welding Electrodes for Power House,Unclassified,,,,Unknown,https://www.nhpcindia.com/welcome/tender,GEM/2025/B/6712418,Tender,,,,No,2026-09-04,2026-09-04,NEW
647fe28662dc,NHPC,"Purchase of Stator Air Cooler/ Guide Bearing Cooler/TB Cooler Gasket, Neoprene Rubber Cord, Neoprene Cup Seal, etc. for Salal Power Station",Unclassified,,,,Unknown,https://www.nhpcindia.com/welcome/tender,GEM/2025/B/6715914,Tender,,,,No,2026-09-04,2026-09-04,NEW
3dac667c776d,NHPC,Restoration of damaged Road Sides of dam reservoir Site of Rangit Power Station,Unclassified,,,,Unknown,https://www.nhpcindia.com/welcome/tender,NH-RPS-DC011(16)/4/2025-DAM C/97,Tender,,,,No,2026-09-04,2026-09-04,NEW
27db8ea3829a,NHPC,Providing and laying bituminous concrete for road of Dam complex at Rangit Power Station including correction and miscellaneous repair works,Unclassified,,,,Unknown,https://www.nhpcindia.com/welcome/tender,NH-RPS-DC011(11)/1/2025-DAM C/96,Tender,,,,No,2026-09-04,2026-09-04,NEW
3aa85e15aad2,NHPC,Supply and installation of STP of 10KLD capacity for power house of Chamera Power Station-1.,Unclassified,,,,Unknown,https://www.nhpcindia.com/welcome/tender,GEM/2025/B/6727851,Tender,,,,No,2026-09-04,2026-09-04,NEW
5270bd72deaa,NHPC,Purchase of Disc Springs for Nozzles of Sewa-II Power Station (PR-69),Unclassified,,,,Unknown,https://www.nhpcindia.com/welcome/tender,GEM/2025/B/6703128 Dated: 27-09-2025,Tender,,,,No,2026-09-04,2026-09-04,NEW
4ec3e9221e84,NHPC,Epoxy painting of underwater component of Generating Units during annual maintenance 2025-26 of Chamera-1 Power House,Unclassified,,,,Unknown,https://www.nhpcindia.com/welcome/tender,NH/CPS-1/P&C/W-1515/2025-26/232 Dated: 25/09/2025,Tender,,,,No,2026-09-04,2026-09-04,NEW
4738ba82a13c,NHPC,Replacement of pressure sand filter and activated carbon filter and connected pipe lines for water supply system of Chamera Power Station-1,Unclassified,,,,Unknown,https://www.nhpcindia.com/welcome/tender,NH/CPS-1/P&C/W-1536/2025-26/231 Dated: 25/09/2025,Tender,,,,No,2026-09-04,2026-09-04,NEW
50b990aa101e,NHPC,"Providing assistance for canteen facility at Dam Complex at Sarthali of Sewa-II Power Station, Distt. Kathua, (J&K)",Unclassified,,Jammu and Kashmir,,Unknown,https://www.nhpcindia.com/welcome/tender,GEM/2025/B/6705488 Dated: 25-09-2025,Tender,,,,No,2026-09-04,2026-09-04,NEW
73124b92e27a,NHPC,Insurance coverage under Group Term Life Insurance Policy for NHPC Employee for a period of one year,Unclassified,,,,Unknown,https://www.nhpcindia.com/welcome/tender,GEM/2025/B/6711999,Tender,,,,No,2026-09-04,2026-09-04,NEW
d36eec4ab6a9,NHPC,Operation & Maintenance work of Power House at Leimatak for 12 months.,Unclassified,,,,Unknown,https://www.nhpcindia.com/welcome/tender,NIT No.1091 (O),NIT,,,,No,2026-09-04,2026-09-04,NEW
691e64a7c392,NHPC,Construction of breast wall in forest park at Chamera III Power Station Dharwala (E-office no. 115430),Unclassified,,,,Unknown,https://www.nhpcindia.com/welcome/tender,2025_NHPC_878669_1,Tender,,,,No,2026-09-04,2026-09-04,NEW
84fa2968d14d,NHPC,"Supply, Installation, testing & Commissioning (SITC) of 02 Nos. of Automatic Rain gauges for Chamera -1 Dam including 03 years Comprehensive Annual Maintenance Contract (CAMC) after 02 years of warranty period.",Unclassified,,,,Unknown,https://www.nhpcindia.com/welcome/tender,NH/CPS-1/P&C/W-1509/2025-26/229 Date: 23/09/2025,Tender,,,,No,2026-09-04,2026-09-04,NEW
e07496790e66,NHPC,Removal of boulders from TRT outlet and its front and other repairs and miscellaneous works (E-office no 111753),Unclassified,,,,Unknown,https://www.nhpcindia.com/welcome/tender,2025_NHPC_878395 _1,Tender,,,,No,2026-09-04,2026-09-04,NEW
75a5b1546866,NHPC,Procurement of Electrical Appliances (Washing Machines),Unclassified,,,,Unknown,https://www.nhpcindia.com/welcome/tender,GEM/2025/B/6661765,Tender,,,,No,2026-09-04,2026-09-04,NEW
1171b45eefdb,NHPC,"Supply,Fabrication,Installation,Testing and commissioning of main gate of Power House,cut out cover railing and staircase railing on different floor of Power House of Parbati-H.E. Project (Stage-II) (Package No-C-803-B)",Unclassified,,,,Unknown,https://www.nhpcindia.com/welcome/tender,2025_NHPC_ 878487 _1,Tender,,,,No,2026-09-04,2026-09-04,NEW
e774402d7ab1,NHPC,Construction of temporary Dyke and dewatering to facilitate the reapair work of Spillway Glacis and other works as per requirement at TLD-IV PS Kalijhora,Unclassified,,,,Unknown,https://www.nhpcindia.com/welcome/tender,NH/TLD-IV PS/P&C/W-935/2025/2071 Dated: 20/09/2025,Tender,,,,No,2026-09-04,2026-09-04,NEW
b6331bf8102b,NHPC,Purchase of MIV Door Seals of generating units of Parbati-III PS,Unclassified,,,,Unknown,https://www.nhpcindia.com/welcome/tender,GEM/2025/B/6600291,Tender,,,,No,2026-09-04,2026-09-04,NEW
66b9f0bf7ae6,NHPC,"Design, Supply, Installation, testing and commissioning of main cooling water pump Motor set (Split casing pump motor set instead of vertical pump motor set) of Chamera-I Power Station.",Unclassified,,,,Unknown,https://www.nhpcindia.com/welcome/tender,NH/CPS-1/P&C/W-1533/2025-26/224 Dated: 19/09/2025,Tender,,,,No,2026-09-04,2026-09-04,NEW
ad935bf413bf,NHPC,"Supply, Installation, Testing and Commissioning of Automatic Water Level Recorder along with its Annual Maintenance at Parbati-III Power Station",Unclassified,,,,Unknown,https://www.nhpcindia.com/welcome/tender,NH/PPS-III/NIT/PR11924/35-87/1/87 Dated: 19.09.2025,NIT,,,,No,2026-09-04,2026-09-04,NEW
fc2f32616e9c,NHPC,Providing Services for Upkeeping of Field Hostel camp and R&M of Residential and Non Residential Building and Garden at Sainj Sallah of Parbati-III Power Station.,Unclassified,,,,Unknown,https://www.nhpcindia.com/welcome/tender,GEM/2025/B/6573853 Dated: 16-09-2025,Tender,,,,No,2026-09-04,2026-09-04,NEW
ab7833cb36f8,NHPC,"Repair of Spillway Glacis, providing sill beam for 04 nos Radial gate groove, replacement of Sill beam of Radial gate and Stoplog gate groove of 04 bays including Providing and Fixing of Steel Liner in 02 Bays of Spillway Glacis of TLD-IV PS Kalijhora",Unclassified,,,,Unknown,https://www.nhpcindia.com/welcome/tender,NH/TLD-IV PS/W-936/2025/2064 Dated: 19/09/2025,Tender,,,,No,2026-09-04,2026-09-04,NEW
d509054dca80,NHPC,"Supply, Installation, Testing and commissioning of New 225 Ton Chiller Plant for Uri Power House",Unclassified,,,,Unknown,https://www.nhpcindia.com/welcome/tender,GEM/2025/B/6625610 Dated: 19-09-2025,Tender,,,,No,2026-09-04,2026-09-04,NEW
d9a72334fd08,NHPC,Supply Installation Commissioning and Testing of 15 KVA Off grid Solar Power plant at ITI Pangin,Solar,,,,Unknown,https://www.nhpcindia.com/welcome/tender,GEM/2025/B/6689726,Tender,,,,Yes,2026-09-04,2026-09-04,NEW
a416967476c8,NHPC,Running and Maintenance of water supply system including sweeping and cleaning of colony of Teesta-V Power Station at Samdong.,Unclassified,,,,Unknown,https://www.nhpcindia.com/welcome/tender,NH/TSV/Cont/RM-213/NIT-1040/2025-26/224 Dated: 19/09/2025 and GEM/2025/B/6700885,NIT,,,,No,2026-09-04,2026-09-04,NEW
0d1efcb0dd7c,NHPC,Repair and Modification of Drain along the boundary wall at Gingle Colony,Unclassified,,,,Unknown,https://www.nhpcindia.com/welcome/tender,NH/UPS/PCS/C-119/NIQ-102/355 Dated 15.09.2025,Tender,,,,No,2026-09-04,2026-09-04,NEW
5d701b20467b,NHPC,"Exploratory Drilling for nineteen holes of 1165 m depth for Masinta Pumped Storage Project (1000 MW), Odisha",Pumped Storage,1000.0,Odisha,,Unknown,https://www.nhpcindia.com/welcome/tender,NH/PSP/Masinta/PR16925/22/01,Tender,,,1000 MW,Yes,2026-09-04,2026-09-04,NEW
6e4efc93e8a3,NHPC,"Repairing of Hydraulic Rough Terrain mobile Crane, Make Escorts, Model RT 20 of Sewa-II Power Station",Unclassified,,,,Unknown,https://www.nhpcindia.com/welcome/tender,GEM/2025/B/6668382 Dated: 18-09-2025,Tender,,,,No,2026-09-04,2026-09-04,NEW
4a6b5c2147d6,NHPC,Repairing and troubleshooting of Addressable Fire Alarm System of Administrative office of Sewa-II Power Station alongwith AMC for 04 Years,Unclassified,,,,Unknown,https://www.nhpcindia.com/welcome/tender,GEM/2025/B/6642167 Dated: 18-09-2025,Tender,,,,No,2026-09-04,2026-09-04,NEW
8b96a173fa76,NHPC,Purchase of Door/Service Seal for Butterfly Valve of Sewa-II Power Station,Unclassified,,,,Unknown,https://www.nhpcindia.com/welcome/tender,"GEM/2025/B/6694209,Dated: 17-09-2025",Tender,,,,No,2026-09-04,2026-09-04,NEW
54bf34957f51,NHPC,Construction of equipment rooms at Nihari Thach Locations (U/s of Dam) on Parbati River for installation of early Warning system/GLOF of Parbati-H.E. Project (Stage-II)” (Package No-C-821),Unclassified,,,,Unknown,https://www.nhpcindia.com/welcome/tender,2025_NHPC_ 875622 _1,Tender,,,,No,2026-09-04,2026-09-04,NEW
135691519391,NHPC,Annual Maintenance work of 3x20 MW Hydro-generating units of Rangit Power for 2025-26,Hydro,20.0,,,Unknown,https://www.nhpcindia.com/welcome/tender,NH-RPS-PH012(13)/9/2025-PH/80,Tender,,,20 MW,Yes,2026-09-04,2026-09-04,NEW
14abe28cb98c,NHPC,"Construction of Plinth protection work around Prefab Building Block-2(A) and Block-2(B) at Sawalkote HE Project, Tanger, Dist-Ramban, Jammu and Kashmir",Unclassified,,Jammu and Kashmir,,Unknown,https://www.nhpcindia.com/welcome/tender,2025_NHPC_877461_1,Tender,,,,No,2026-09-04,2026-09-04,NEW
ad4ce8fc913e,NHPC,Supply of Desktop Computer System for Uri Power Station,Unclassified,,,,Unknown,https://www.nhpcindia.com/welcome/tender,GEM/2025/B/6590166 Dated: 13-09-2025,Tender,,,,No,2026-09-04,2026-09-04,NEW
d7fae192c6c7,NHPC,"Supply, Installation, Testing & Commissioning of 400KV Shunt Reactor Protection for 02nos. 400KV Lines for Uri Power Station",Unclassified,,,,Unknown,https://www.nhpcindia.com/welcome/tender,GEM/2025/B/6669549 Dated: 12-09-2025,Tender,,,,No,2026-09-04,2026-09-04,NEW
722666661d9b,NHPC,Repair of damaged Runner (RN#6) of Teesta-V Power Station,Unclassified,,,,Unknown,https://www.nhpcindia.com/welcome/tender,NIT No. NH/TSV/CONT/MC-164/NIT-1039/2025-26/219 Dated: 15/09/2025 and E-Tender id:2025_NHPC_877515_1,NIT,,,,No,2026-09-04,2026-09-04,NEW
e27842b81027,NHPC,"Repair, Strengthening and Raising (Partly at intermittent locations) of boundary wall/fencing at NHPC Residential Colony, Sector-41, Faridabad (Haryana)",Unclassified,,Haryana,,Unknown,https://www.nhpcindia.com/welcome/tender,NH/CCW/CC-IV/CO-415/PR10025/78,Tender,,,,No,2026-09-04,2026-09-04,NEW
015cb19117a0,NHPC,"Purchase of Stainless-Steel Bolts, Nuts, Washers of different sizes of Grade SS 304 for Maintenance of Radial Gates, Stoplog Gates, HR Gates etc. at Dam of Uri-II PS",Unclassified,,,,Unknown,https://www.nhpcindia.com/welcome/tender,GEM/2025/B/6627196 Dated: 13-09-2025,Tender,,,,No,2026-09-04,2026-09-04,NEW
8f73731f7cbc,NHPC,"Replacement of complete Stator Assembly of 110 MW Hydro Generator (Unit-1) at Kishanganga Power Station, Bandipora, J & K (PKG-554).",Hydro,110.0,,,Unknown,https://www.nhpcindia.com/welcome/tender,GEM/2025/B/6678661,Tender,,,110 MW,Yes,2026-09-04,2026-09-04,NEW
b2ae5cdafb5b,NHPC,Hiring of 01 No inspection Vehicle M&M Bolero Neo or equivalent for Teesta-v power station for a period of 24 Months,Unclassified,,,,Unknown,https://www.nhpcindia.com/welcome/tender,GEM Bid No. GEM/2025/B/6638426,Tender,,,,No,2026-09-04,2026-09-04,NEW
c8aaab9c5170,NHPC,Hiring of 01 No inspection Vehicle M&M Bolero Neo or equivalent for Teesta-V power station for a period of 24 Months,Unclassified,,,,Unknown,https://www.nhpcindia.com/welcome/tender,GEM Bid No. GEM/2025/B/6638485,Tender,,,,No,2026-09-04,2026-09-04,NEW
63f0d92c2bf4,NHPC,Painting and repairing of Power House and adjacent area of Parbati-III Power Station,Unclassified,,,,Unknown,https://www.nhpcindia.com/welcome/tender,"NH/PPS-III/NIT/PR11925/46/1/80, Dated: 11/09/2025",NIT,,,,No,2026-09-04,2026-09-04,NEW
4eecb17b9927,NHPC,Purchase of HP make Printer Cartridges for Sewa-II Power Station,Unclassified,,,,Unknown,https://www.nhpcindia.com/welcome/tender,GEM/2025/B/6650232 Dated: 12-09-2025,Tender,,,,No,2026-09-04,2026-09-04,NEW
5a6ed38b4b9a,NHPC,Repair along with HP-HVOF coating of 01 set damaged Guide vanes of 130 MW Francis Turbine at Parbati-III Power Station.,Unclassified,130.0,,,Unknown,https://www.nhpcindia.com/welcome/tender,NH/PPS-III/NIT/PR11925/44/01/77 Dated: 08-09-2025,NIT,,,130 MW,Yes,2026-09-04,2026-09-04,NEW
77eafcbe877f,NHPC,"Servicing/Overhauling of EOT Cranes, Gantry Cranes as per scope of work installed at Power House, Surge Shaft & Dam of Uri-II Power Station",Unclassified,,,,Unknown,https://www.nhpcindia.com/welcome/tender,GEM/2025/B/6631678,Tender,,,,No,2026-09-04,2026-09-04,NEW
f6e42a69615e,NHPC,Calibration/Testing of various measuring Instruments/Equipments of Power House of Teesta-V Power Station,Unclassified,,,,Unknown,https://www.nhpcindia.com/welcome/tender,GEM BID NO.: GEM/2025/B/6645594,Tender,,,,No,2026-09-04,2026-09-04,NEW
12c225651513,NHPC,40 Ton Escort Crane repair,Unclassified,,,,Unknown,https://www.nhpcindia.com/welcome/tender,GEM/2025/B/6645844,Tender,,,,No,2026-09-04,2026-09-04,NEW
a1eea15c3ab0,NHPC,Procurement of Servo Positioning Controller (SPC) Module for TSLG governing system for Salal Power Station,Unclassified,,,,Unknown,https://www.nhpcindia.com/welcome/tender,GEM/2025/B/6627197,Tender,,,,No,2026-09-04,2026-09-04,NEW
eb26e1655df2,NHPC,Repair of eroded guide vanes of 100 MW Francis Hydro-turbine at Mechanical workshop Chamera-II Power Station (2025-26),Hydro,100.0,,,Unknown,https://www.nhpcindia.com/welcome/tender,NH/CPS-II /Cont./E-146705 /2025-26/10 Date:09.09.2025,Tender,,,100 MW,Yes,2026-09-04,2026-09-04,NEW
f65d8127d871,NHPC,Purchase of Microsoft Office Professional License,Unclassified,,,,Unknown,https://www.nhpcindia.com/welcome/tender,GEM/2025/B/6595089 Dated: 09-09-2025,Tender,,,,No,2026-09-04,2026-09-04,NEW
22c428c9ce6a,NHPC,Purchase of Rubber items for Loktak Power House,Unclassified,,,,Unknown,https://www.nhpcindia.com/welcome/tender,GEM/2025/B/6603822,Tender,,,,No,2026-09-04,2026-09-04,NEW
7bbdfc270fe7,NHPC,Purchase of Sulfur Hexafluoride (SF6) Gas Analyser for 400KV GIS of Uri-II Power Station,Unclassified,,,,Unknown,https://www.nhpcindia.com/welcome/tender,Purchase of Sulfur Hexafluoride (SF6) Gas Analyser for 400KV GIS of Uri-II Power Station,Tender,,,,No,2026-09-04,2026-09-04,NEW
2ab764595098,NHPC,"Construction of Vehicle Parking Shed at 1st & 2nd bench of office cum Residential complex, Sawalkote HE Project, Tanger, Dist-Ramban, J&K",Unclassified,,Jammu and Kashmir,,Unknown,https://www.nhpcindia.com/welcome/tender,2025_NHPC_876053_1,Tender,,,,No,2026-09-04,2026-09-04,NEW
954804423d1d,NHPC,Purchase of fasteners for Uri Power Station,Unclassified,,,,Unknown,https://www.nhpcindia.com/welcome/tender,GEM/2025/B/6593146 Dated: 03-09-2025,Tender,,,,No,2026-09-04,2026-09-04,NEW
8bef8c6beb73,NHPC,Rehabilitation of 69.6m span Steel Truss Bridge over the river Ravi D/S of Chamera-1 Dam.,Unclassified,,,,Unknown,https://www.nhpcindia.com/welcome/tender,NH/CPS-1/P&C/W-1525/2025-26/207 Dated:06/09/2025,Tender,,,,No,2026-09-04,2026-09-04,NEW
6ec073ee11c6,NHPC,"Purchase of Rexroth make Directional Solenoid valve, pressure switches, Logic valve cover, Vane/ Jockey pump & coil for Solenoid valves for OPU/ Power Pack Systems of Sewa-II Power Station",Unclassified,,,,Unknown,https://www.nhpcindia.com/welcome/tender,GEM/2025/B/6650056 Dated: 06-09-2025,Tender,,,,No,2026-09-04,2026-09-04,NEW
cd0dddbc7dbb,NHPC,R&M of Mechanical Installations of Rangit Powerhouse,Unclassified,,,,Unknown,https://www.nhpcindia.com/welcome/tender,NH-RPS-PH013/14/2025-PH/75,Tender,,,,No,2026-09-04,2026-09-04,NEW
1ebcbe78f1f8,NHPC,"Repair and renovation of Transit camp and misc work at Dam site, Teesta-V Power.",Unclassified,,,,Unknown,https://www.nhpcindia.com/welcome/tender,NH/TSV/Cont/CC-354/NIT-1038/2025-26/309 Dated: 05/09/2025 and Tender Id No. 2025_NHPC_876241_1,NIT,,,,No,2026-09-04,2026-09-04,NEW
81575a989d74,NHPC,Purchase of Industrial grade 2 Wire AC-DC Sensor IP67 EN IEC 60947-5-2 for Main Inlet valves,Unclassified,,,,Unknown,https://www.nhpcindia.com/welcome/tender,GEM/2025/B/6632499 Dated: 04-09-2025,Tender,,,,No,2026-09-04,2026-09-04,NEW
360a4c687a0a,NHPC,Replacement of Rubber seals (J-seal & Service seals) of Butterfly valve (BFV–Dia 2.4 Mtr.) of Sewa-II Power Station,Unclassified,,,,Unknown,https://www.nhpcindia.com/welcome/tender,GEM/2025/B/6627791 Dated: 04-09-2025,Tender,,,,No,2026-09-04,2026-09-04,NEW
b32420770103,NHPC,Upgradation and automation of measuring instruments of Barrage of Uri Power Station.,Unclassified,,,,Unknown,https://www.nhpcindia.com/welcome/tender,NH/UPS/PCS/C-115/NIQ-101/345 Dated 27.08.2025,Tender,,,,No,2026-09-04,2026-09-04,NEW
5b41d6222659,NHPC,Purchase of spares for Raw & Clean cooling water pumps for Power House Machines,Unclassified,,,,Unknown,https://www.nhpcindia.com/welcome/tender,GEM/2025/B/6615748 Dated: 03-09-2025,Tender,,,,No,2026-09-04,2026-09-04,NEW
72c0b38b69b9,NHPC,"Replacement of damage old GI pipe line and fitting by CPVC pipe of Administrative Building at SainjTownship,of Parbati-H.E. Project (Stage-II) (Package No-C-822)",Unclassified,,,,Unknown,https://www.nhpcindia.com/welcome/tender,2025_NHPC_ 875621 _1,Tender,,,,No,2026-09-04,2026-09-04,NEW
f8321239897e,NHPC,"Exploratory Drilling works of 04 Nos holes @ Right Bank (181m each) and 04 Nos holes @ Left Bank (188m each) of Kamala River at Dam Axis of Kamala HE Project, Arunachal Pradesh",Unclassified,,Arunachal Pradesh,,Unknown,https://www.nhpcindia.com/welcome/tender,2025_NHPC_875441_1,Tender,,,,No,2026-09-04,2026-09-04,NEW
1f3dde961e1b,NHPC,"Enamel painting of HM equipment like TRCM, Gantry Crane, EOT Crane, Power Pack of Radial Gates & Under-Sluice Gates, Emergency Hoist 220 MT and Epoxy painting of 8 no Radial Gates at Dam of CPS-1.",Unclassified,,,,Unknown,https://www.nhpcindia.com/welcome/tender,NH/CPS-1/P&C/W-1519/2025-26/198 Dated:30/08/2025,Tender,,,,No,2026-09-04,2026-09-04,NEW
08afba176bda,NHPC,"Purchase of Spares for Vertical Firefighting Hydrant Pump, Model: 12M – 4 Stage and Spray Pump, Model: 13H – 5 Stage for Power House of TLD-III PS",Unclassified,,,,Unknown,https://www.nhpcindia.com/welcome/tender,GEM/2025/B/6566997,Tender,,,,No,2026-09-04,2026-09-04,NEW
af4e83bd4137,NHPC,Repair & HP-HVOF Coating of 01 No. Runners of 70 MW Francis Hydro Turbine of Dhauliganga Power Station (2025-26),Hydro,70.0,,,Unknown,https://www.nhpcindia.com/welcome/tender,NH/DG/Contract/1071/2025-26/48,Tender,,,70 MW,Yes,2026-09-04,2026-09-04,NEW
dd04a1d87f06,NHPC,Servicing of Ingersoll rand make Dry Air compressor for Generator Transformer at Teesta-V Power Station.,Unclassified,,,,Unknown,https://www.nhpcindia.com/welcome/tender,NIT No. NH/TSV/Cont/EC-168/NIT-1037/2025-26/207 Dated: 01/09/2025 and GEM Bid No. GEM/2025/B/6555280,NIT,,,,No,2026-09-04,2026-09-04,NEW
e59dab41272f,NHPC,"Application of Surface Protective hard Coating on Stay Vanes, Stay Ring and Spiral Casing Surface for Two Units at Uri-II Power Station",Unclassified,,,,Unknown,https://www.nhpcindia.com/welcome/tender,GEM/2025/B/6547279,Tender,,,,No,2026-09-04,2026-09-04,NEW
88c4e0cab873,NHPC,Repairing of Loktak-Leimatak Road near Culvert at RD 6.4 KM of Loktak Power Station.,Unclassified,,,,Unknown,https://www.nhpcindia.com/welcome/tender,NIT No.-1090 (L),NIT,,,,No,2026-09-04,2026-09-04,NEW
9b18c5222865,NHPC,"Supply of 245 kV, 800-600-400/1A, 5 Core, Outdoor dead tank type oil cooled current transformer.",Unclassified,,,,Unknown,https://www.nhpcindia.com/welcome/tender,GEM/2025/B/6591693,Tender,,,,No,2026-09-04,2026-09-04,NEW
940826f209d7,NHPC,Purchase of Spares for Lubi Make Vertical Centrifugal Pump for Raw Cooling Water System,Unclassified,,,,Unknown,https://www.nhpcindia.com/welcome/tender,GEM/2025/B/6571719 Dated: 26-08-2025,Tender,,,,No,2026-09-04,2026-09-04,NEW
c9e624892838,NHPC,Providing External Assistance for Manning of Fire Station at Uri-II Power Station for 24 months,Unclassified,,,,Unknown,https://www.nhpcindia.com/welcome/tender,GEM/2025/B/6599857,Tender,,,,No,2026-09-04,2026-09-04,NEW
0656357dc194,NHPC,Providing Railing and Drainage work in Adit#3 at Uri-II Power Station,Unclassified,,,,Unknown,https://www.nhpcindia.com/welcome/tender,2025_NHPC_ 875159_1,Tender,,,,No,2026-09-04,2026-09-04,NEW
4a2f85fa9a34,NHPC,Carrying out M2 Maintenance of 420KV GIS System installed in Uri-II Power Station,Unclassified,,,,Unknown,https://www.nhpcindia.com/welcome/tender,GEM/2025/B/6528196,Tender,,,,No,2026-09-04,2026-09-04,NEW
88be6efeec6b,NHPC,"Dressing / Re-routing of Power and Control Cables in cable trays located at different Floors of Power House and CVT Areas of Kishanganga Power Station, Bandipora (PKG-549).",Unclassified,,,,Unknown,https://www.nhpcindia.com/welcome/tender,2025_NHPC_875131_1,Tender,,,,Yes,2026-09-04,2026-09-04,NEW
4275cc713aae,NHPC,सेवा-2 पावर-हाउस के Nozzle एवं deflector servomotor मे लगे Vijay Seals मेक के walker seal एवं Chevron Packing की खरीद,Unclassified,,,,Unknown,https://www.nhpcindia.com/welcome/tender,GEM/2025/B/6610633 Dated: 28-08-2025,Tender,,,,No,2026-09-04,2026-09-04,NEW
af22691983cc,NHPC,Renovation & modernization of electrical components and associated electrical components of 50 Ton gantry Crane installed at Power house of Chamera Power Station-1,Unclassified,,,,Unknown,https://www.nhpcindia.com/welcome/tender,NH/CPS-1/P&C/W-1501/2025-26/195 Dated: 28/08/2025,Tender,,,,No,2026-09-04,2026-09-04,NEW
018fbe3f35e0,NHPC,"Renovation of DG shed building and Billing/Office room of Electrical Infra Division at Executive Director Office Complex, Arunachal Pradesh (Kolaptukar).",Unclassified,,Arunachal Pradesh,,Unknown,https://www.nhpcindia.com/welcome/tender,NH/SLP/CONT/2025/C-11/NIT/594,NIT,,,,No,2026-09-04,2026-09-04,NEW
b8dc9266348e,NHPC,Purchase of 02 Set Turbine Guide Bearing (TGB) Shell for Power House of TLD-III PS,Unclassified,,,,Unknown,https://www.nhpcindia.com/welcome/tender,GEM/2025/B/6611082 Dated 26-08-2025,Tender,,,,No,2026-09-04,2026-09-04,NEW
2f4b2c8cf291,NHPC,Repair and Renovation of 18 B type quarters at NHPC Colony Nigalpani,Unclassified,,,,Unknown,https://www.nhpcindia.com/welcome/tender,NH/DG/CONTRACT/1070/2025-26/45,Tender,,,,No,2026-09-04,2026-09-04,NEW
4d299643dec2,NHPC,"Repair and restoration of road by Premix carpet, wire create gabion and concrete work in different location at Mashka - Siara (Pepri) and approach roads of Sewa-II Power Station, Mashka (CW-693)",Unclassified,,,,Unknown,https://www.nhpcindia.com/welcome/tender,NH/Sewa-II/Contracts/CW-693/2025/NIT-08/91 Dated: 27.08.2025,NIT,,,,No,2026-09-04,2026-09-04,NEW
7b51b9cb96e3,NHPC,"Supply and installation of Moisture cum Temperature Sensor Detector for TGM, Governor, MIV and BFV OPU for Power house of Sewa-II Power Station(PR-32)",Unclassified,,,,Unknown,https://www.nhpcindia.com/welcome/tender,GEM/2025/B/6559530 Dated: 26-08-2025,Tender,,,,No,2026-09-04,2026-09-04,NEW
27f5d9f1d6f0,NHPC,"Engineering Design, manufacturing, supply and retrofitting of horizontal centrifugal water pump motor set for booster cooling water system of CPS-1 Power house.",Unclassified,,,,Unknown,https://www.nhpcindia.com/welcome/tender,NH/CPS-1/P&C/W-1523/2025-26/194 Dated:26/08/2025,Tender,,,,No,2026-09-04,2026-09-04,NEW
826641050766,NHPC,"Barrage-Boniyar Painting of barrage HM gates and cranes etc. at Uri Power Station along with lettering of coordinates/levels of reference points, stand pipes, access wells, control points and spillway gates, barriers and access platforms",Unclassified,,,,Unknown,https://www.nhpcindia.com/welcome/tender,NH/UPS/PCS/C-114/NIQ-100/343 Dated 25.08.2025,Tender,,,,No,2026-09-04,2026-09-04,NEW
0cadb93dff21,NHPC,"Development of parks at Township Complex, Gingle, Uri Power Station.",Unclassified,,,,Unknown,https://www.nhpcindia.com/welcome/tender,NH/UPS/PCS/C-113/NIQ-99/341 Dated 23.08.2025,Tender,,,,No,2026-09-04,2026-09-04,NEW
ec6a7f36dd8b,NHPC,"Hiring of 01 (One) no new M&M Bolero, B6, Manufacturing year 2025, inspection vehicle for Power House(Civil) division under GM (Civil), Pamphok, Teesta-VI HEP",Unclassified,,,,Unknown,https://www.nhpcindia.com/welcome/tender,GEM/ 2025/ B/6517970,Tender,,,,No,2026-09-04,2026-09-04,NEW
a81f4f598406,NHPC,"Hiring of 01 (One) no new M&M Bolero, B6, Manufacturing year 2025, inspection vehicle for Adit-IV, HRT division under GM (Civil), Pamphok, Teesta-VI HEP",Unclassified,,,,Unknown,https://www.nhpcindia.com/welcome/tender,GEM/2025/ B/6518884,Tender,,,,No,2026-09-04,2026-09-04,NEW
f6adcef86be3,NHPC,"Repairing of CRPF SO barrack and Morcha at Jeevan Nagar, Loktak Project, Manipur.",Unclassified,,Manipur,,Unknown,https://www.nhpcindia.com/welcome/tender,NIT No.-1089 (O),NIT,,,,No,2026-09-04,2026-09-04,NEW
5756bbfad6d1,NHPC,Procurement of Deep Freezers,Unclassified,,,,Unknown,https://www.nhpcindia.com/welcome/tender,GEM/2025/B/6580159,Tender,,,,No,2026-09-04,2026-09-04,NEW
9ec2f788583c,NHPC,Procurement of Air Conditioners,Unclassified,,,,Unknown,https://www.nhpcindia.com/welcome/tender,GEM/2025/B/6581034,Tender,,,,No,2026-09-04,2026-09-04,NEW
6c9a2261e77f,NHPC,"Procurement of Geysers, Radiator Heaters & Electric Kettles",Unclassified,,,,Unknown,https://www.nhpcindia.com/welcome/tender,GEM/2025/B/6580725,Tender,,,,No,2026-09-04,2026-09-04,NEW
0dc651b6bc02,NHPC,Procurement of Refrigerators,Unclassified,,,,Unknown,https://www.nhpcindia.com/welcome/tender,GEM/2025/B/6580477,Tender,,,,No,2026-09-04,2026-09-04,NEW
b562f59ea10b,NHPC,"Extension/replacement work of stack height of DG sets (400kVa Sim Power & 380kVa Cummins make DG Set) along with replacement of Silencer and Bellows with MS support at Dam site of Chamera-II Power Station, Chamba",Unclassified,,,,Unknown,https://www.nhpcindia.com/welcome/tender,NH/CPS-II/Cont./E-147290/2025-26/08 Date: 20/08/2025,Tender,,,,No,2026-09-04,2026-09-04,NEW
e6b6d520263d,NHPC,Overhauling and Refurbishment (re-tubing and re-fining) of Stator air cooler of Chamera-1 Power Station,Unclassified,,,,Unknown,https://www.nhpcindia.com/welcome/tender,NH/CPS-1/P&C/W-1522/2025-26/186 Dated: 22/08/2025,Tender,,,,Yes,2026-09-04,2026-09-04,NEW
4c86a8c23918,NHPC,"Strengthening of metal & concrete joints of Draft Tube window and arresting of water leakages, for 6 Units of Salal Power Station",Unclassified,,,,Unknown,https://www.nhpcindia.com/welcome/tender,NH/SPS/P&C/NIT-08/25-26/512-522 Dated: 22/08/2025 (CPPP Tender ID 2025_NHPC_874284_1),NIT,,,,Yes,2026-09-04,2026-09-04,NEW
9043729e51ba,NHPC,Providing and Fixing of Shed over AC Duct and Other Misc Works at CISF Office and Switch yard at Power House Complex at Sewa -II Power Station Mashka (CW-694),Unclassified,,,,Unknown,https://www.nhpcindia.com/welcome/tender,NH/Sewa-II/Contracts/CW-694/2025/NIT-07/86 Dated: 22.08.2025 (2025_NHPC_ 874294_1),NIT,,,,No,2026-09-04,2026-09-04,NEW
919dfc4394c1,NHPC,Purchase of One Nos hydraulic puller for HM division for repair and maintenance of HM equipment installed at Sewa-II Dam,Unclassified,,,,Unknown,https://www.nhpcindia.com/welcome/tender,"GEM/2025/B/6574189, Dated: 22-08-2025",Tender,,,,No,2026-09-04,2026-09-04,NEW
54b2b8f90007,NHPC,Purchase of clamp on type Ultrasonic flow meters for BFV and MIV locations at Sewa-II Power house,Unclassified,,,,Unknown,https://www.nhpcindia.com/welcome/tender,"GEM/2025/B/6560100, Dated: 22-08-2025",Tender,,,,No,2026-09-04,2026-09-04,NEW
e648a3b42569,NHPC,Purchase of Chhabi Electricals make 220 and 48 Volt battery Charger spares,Unclassified,,,,Unknown,https://www.nhpcindia.com/welcome/tender,GEM/2025/B/6567807 Dated: 21-08-2025,Tender,,,,Yes,2026-09-04,2026-09-04,NEW
df3cc23ce647,NHPC,"Repair of Drainage / Dewatering pump and Mat Drainage pump , Make KBL , installed at power house , Chamera-III Power station, Dharwala (E- office no. 126836 )",Unclassified,,,,Unknown,https://www.nhpcindia.com/welcome/tender,2025_NHPC_874088 _1,Tender,,,,No,2026-09-04,2026-09-04,NEW
a620ae2485e4,NHPC,"Application of Surface Protective Coating on Spiral Casing, Stay Rings, Stay Vanes of Generating Unit 3 of Chamera-III Power Station ( E-Office No. 148320)",Unclassified,,,,Unknown,https://www.nhpcindia.com/welcome/tender,2025_NHPC_874045_1,Tender,,,,No,2026-09-04,2026-09-04,NEW
dbf8395e9c1a,NHPC,Deployment of DGR Security Guards/Supervisor (Ex-Servicemen) at Tld-IV Power Station (for Kalijhora & Vidyut Nagar,Unclassified,,,,Unknown,https://www.nhpcindia.com/welcome/tender,"NH/TLD-IV PS/P&C/114613/2025/2051, DATE:21.08.2025",Tender,,,,No,2026-09-04,2026-09-04,NEW
08fb3dd04f6d,NHPC,Purchase of 01 No. 75” Interactive Display Screen and other accessories for TLD-III PS,Unclassified,,,,Unknown,https://www.nhpcindia.com/welcome/tender,GEM/2025/B/6551374,Tender,,,,No,2026-09-04,2026-09-04,NEW
2301dc3cc935,NHPC,Purchase of C&S Make Air Circuit Breaker Trolley for Substation at Sector-D of TLD-III PS,Transmission / Evacuation,,,,Unknown,https://www.nhpcindia.com/welcome/tender,GEM/2025/B/6542132,Tender,,,,No,2026-09-04,2026-09-04,NEW
20362be87356,NHPC,Purchase of Spares of EOT Crane for Power House of TLD III PS,Unclassified,,,,Unknown,https://www.nhpcindia.com/welcome/tender,GEM/2025/B/6541865,Tender,,,,No,2026-09-04,2026-09-04,NEW
8f34209f14c8,NHPC,"Supply, Installation, Testing and Commissioning of 500 KVA DG Set",Unclassified,,,,Unknown,https://www.nhpcindia.com/welcome/tender,GEM/2025/B/6549959,Tender,,,,No,2026-09-04,2026-09-04,NEW
5e9e0ddf18f7,NHPC,Repairing of 2 sets (40 numbers) damaged guide Vanes for Teesta-V Power Station,Unclassified,,,,Unknown,https://www.nhpcindia.com/welcome/tender,NIT No. NH/TSV/CONT/MC-162/NIT-1036/2025-26/202 Dated: 20/08/2025 and E-tender Id:2025_NHPC_871986_1,NIT,,,,No,2026-09-04,2026-09-04,NEW
7e1bdd851997,NHPC,"Mud lifting/De- Silting from Stop Log Gate Grooves of RG# 1,2 & 3 up to Successful placement of Stop Log Units in Stop Log Grooves at Dam Site, Kharamukh ( E- Office No.: 146329)",Unclassified,,,,Unknown,https://www.nhpcindia.com/welcome/tender,2025_NHPC_ 873196_1,Tender,,,,No,2026-09-04,2026-09-04,NEW
ac80cdac7c0f,NHPC,Repair and renovation of Type-II Qtrs. (3 BLOCKS/18 Nos. Qtrs.) under possession of Teesta-VI HE Project at Balutar,Unclassified,,,,Unknown,https://www.nhpcindia.com/welcome/tender,NH/Teesta-VI/P&C/2025/814,Tender,,,,No,2026-09-04,2026-09-04,NEW
7581a2ecb191,NHPC,Purchase of Capital Spare (Runner) for Rangit Power Station,Unclassified,,,,Unknown,https://www.nhpcindia.com/welcome/tender,GEM/2025/B/6539190,Tender,,,,No,2026-09-04,2026-09-04,NEW
ef05c4536b1b,NHPC,Supply of Internal Storage Device type SSD,Unclassified,,,,Unknown,https://www.nhpcindia.com/welcome/tender,GEM/2025/B/6558620,Tender,,,,Yes,2026-09-04,2026-09-04,NEW
a76f7a2f1b6e,NHPC,"Repairing Work of Cable Trenches Cover at Dam Top and Providing stainless steel railing around Intake gate TLD-IVPS, Kalijhora",Unclassified,,,,Unknown,https://www.nhpcindia.com/welcome/tender,NH/TLD-IV PS/P&C/W-933/2025/ 2050 Date:20.08.2025,Tender,,,,No,2026-09-04,2026-09-04,NEW
140fc5309729,NHPC,HP make ink/ toner Cartridges on Rate Contract through MVC program.,Unclassified,,,,Unknown,https://www.nhpcindia.com/welcome/tender,NH/SPS/P&C/25-26/NIT-213,NIT,,,,No,2026-09-04,2026-09-04,NEW
1f136b291d73,NHPC,Procurement of Wiro binding wall calendars and Wiro binding Desk calendars,Unclassified,,,,Unknown,https://www.nhpcindia.com/welcome/tender,GEM/2025/B/6388401,Tender,,,,No,2026-09-04,2026-09-04,NEW
15ddd6a79661,NHPC,Procurement of Semi Automatic Washing Machines,Unclassified,,,,Unknown,https://www.nhpcindia.com/welcome/tender,GEM/2025/B/6485693,Tender,,,,No,2026-09-04,2026-09-04,NEW
e5772e96038e,NHPC,“Repair of exposed reinforcement with cementitious mortar in S7 pier in the penstock area including scrapping & painting of dewatering pipes from drainage gallery sump and outlet and other steel painting works at TLD-IV PS Kalijhora,Unclassified,,,,Unknown,https://www.nhpcindia.com/welcome/tender,NH/TLD-IV PS/P&C/W-934/2025/2048 Dated: 16/08/2025,Tender,,,,No,2026-09-04,2026-09-04,NEW
f597d9b8326c,NHPC,SITC of Automatic fire/smoke detection/alarm system for Sewa-II Dam control room of Sewa-II Power station,Unclassified,,,,Unknown,https://www.nhpcindia.com/welcome/tender,"GEM/2025/B/6561614, Dated: 18-08-2025",Tender,,,,No,2026-09-04,2026-09-04,NEW
762cd46f1243,NHPC,Running and maintenance of residential and office complex at Nowpora of Uri -II Power Station,Unclassified,,,,Unknown,https://www.nhpcindia.com/welcome/tender,GEM/2025/B/6579274,Tender,,,,No,2026-09-04,2026-09-04,NEW
934f8fa0e9ab,NHPC,"Engagement of Homeopathic Consultant on Part time basis for 02 (two) years"" for Corporate Office, NHPC Limited, Faridabad",Unclassified,,,,Unknown,https://www.nhpcindia.com/welcome/tender,GEM/2025/B/6537038,Tender,,,,No,2026-09-04,2026-09-04,NEW
a49221957440,NHPC,Purchase of Spares for Oil Filtration Plant of M/s CEE DEE Vacuum Equipment Pvt. Ltd. Make (4500LPH capacity) of Uri Power Station,Unclassified,,,,Unknown,https://www.nhpcindia.com/welcome/tender,GEM/2025/B/6577303 Dated: 16-08-2025,Tender,,,,No,2026-09-04,2026-09-04,NEW
d72aed6ba57a,NHPC,"Construction of Community Health Center and solar street lighting work at Jalandora village under CSR scheme, Gurez, Bandipora, J&K (PKG-550).",Solar,,Jammu and Kashmir,,Unknown,https://www.nhpcindia.com/welcome/tender,2025_NHPC_873548_1,Tender,,,,Yes,2026-09-04,2026-09-04,NEW
b33e0e05f5c6,NHPC,Annual Maintenance Contract (AMC) of 500KVA & 250KVA Greaves DG Set at Power House and Dam site of Sewa-2 Power Station for 02 Years,Unclassified,,,,Unknown,https://www.nhpcindia.com/welcome/tender,GEM/2025/B/6561777 Dated: 14-08-2025,Tender,,,,No,2026-09-04,2026-09-04,NEW
4df11caceb44,NHPC,Purchase of Spares of KBL Make Pumps (KPD 100/40 and KPD 125/40) for Power House of TLD-III PS,Unclassified,,,,Unknown,https://www.nhpcindia.com/welcome/tender,GEM/2025/B/6557961,Tender,,,,No,2026-09-04,2026-09-04,NEW
cd435b621ef2,NHPC,"Replacement of SCADA at Chamera-II Power Station as per Scope, Specifications and SOQ",Unclassified,,,,Unknown,https://www.nhpcindia.com/welcome/tender,GEM/2025/B/6457024,Tender,,,,No,2026-09-04,2026-09-04,NEW
34550f16bc1e,NHPC,"NDT (Non destructive testing) for thickness measurement at critical points of open-air- steel lined penstock and Firefighting pipeline, hydraulic testing of pressure vessels and Testing, calibration & certification of measuring equipment at Sewa-II Power Station",Unclassified,,,,Unknown,https://www.nhpcindia.com/welcome/tender,GEM/2025/B/6557617 Dated: 14-08-2025,Tender,,,,No,2026-09-04,2026-09-04,NEW
1d87124ea371,NHPC,Restoration of damaged Retaining Wall in between RD ±16/986Km to RD ±17/000Km of Bagdhar-Khari road at CPS-1.,Unclassified,,,,Unknown,https://www.nhpcindia.com/welcome/tender,NH/CPS-1/P&C/W-1518/2025-26/173 Dated: 06/08/2025,Tender,,,,No,2026-09-04,2026-09-04,NEW
eee63bc58ccc,NHPC,Purchase of Safety relief valve for Sewa-2 Power House.,Unclassified,,,,Unknown,https://www.nhpcindia.com/welcome/tender,GEM/2025/B/6562469 Dated: 13-08-2025,Tender,,,,No,2026-09-04,2026-09-04,NEW
49c2a3336dae,NHPC,"Providing parapet and crash barriers at different locations from RD 0.00KM to RD 2.070 KM at Dam Goli road, CPS-1.",Unclassified,,,,Unknown,https://www.nhpcindia.com/welcome/tender,NH/CPS-1/P&C/W-1512/2025-26/169 Dated:05/08/2025,Tender,,,,No,2026-09-04,2026-09-04,NEW
11d784e8a066,NHPC,Repair and Painting work of Internal and outer surface of Kendriya Vidyalaya CPS-1 Khairi.,Unclassified,,,,Unknown,https://www.nhpcindia.com/welcome/tender,NH/CPS-1/P&C/W-1529/2025-26/166 Dated: 01/08/2025,Tender,,,,No,2026-09-04,2026-09-04,NEW
819478633ccf,NHPC,"Repairing and Painting works of CISF office, Quarter, Barrack at switchyard & other related miscellaneous works.",Unclassified,,,,Unknown,https://www.nhpcindia.com/welcome/tender,NH/CPS-1/P&C/W-1528/2025-26/165 Dated:31/07/2025,Tender,,,,No,2026-09-04,2026-09-04,NEW
52dcde8f7cd6,NHPC,"Inspection, diagnostic testing and preventive checks of 400KV GIS at Uri Power Station",Unclassified,,,,Unknown,https://www.nhpcindia.com/welcome/tender,GEM/2025/B/6337406,Tender,,,,No,2026-09-04,2026-09-04,NEW
4e8f9eeb03f4,NHPC,"Hiring of Ambulance along with Driver for Dam Site, Gurez, Bandipora, for 2 years (PKG-547)",Unclassified,,,,Unknown,https://www.nhpcindia.com/welcome/tender,GEM/2025/B/6473778,Tender,,,,No,2026-09-04,2026-09-04,NEW
79ea05b04416,NHPC,Purchase of different fasteners for Sewa-II Power Station,Unclassified,,,,Unknown,https://www.nhpcindia.com/welcome/tender,GEM/2025/B/6524051 Dated: 05-08-2025,Tender,,,,No,2026-09-04,2026-09-04,NEW
07dbd675a34a,NHPC,Supply & Installation of Thermal Lagging insulation with aluminium cladding on cooling water pipe lines for the generators of Sewa-II Power Station.,Unclassified,,,,Unknown,https://www.nhpcindia.com/welcome/tender,GEM/2025/B/6472479 Dated: 28-07-2025,Tender,,,,No,2026-09-04,2026-09-04,NEW
1a077a002bd9,NHPC,Analysis and Measurements of various Environmental Aspects at different locations of Sewa-ll Power Station for the year 2025-2026.,Unclassified,,,,Unknown,https://www.nhpcindia.com/welcome/tender,GEM/2025/B/6497715 Dated: 05-08-2025,Tender,,,,No,2026-09-04,2026-09-04,NEW
33bf335d4513,NHPC,"Under water diving up to depth of 60.00 meter at Surge Shaft of Sewa-II Power Station for arresting water leakage upto workable limit (upto the satisfaction of EIC), inspection & removal of any unwanted material from gate grooves and sill beam of Surge Shaft gate.",Unclassified,,,,Unknown,https://www.nhpcindia.com/welcome/tender,GEM/2025/B/6525083 Dated: 09-08-2025,Tender,,,,No,2026-09-04,2026-09-04,NEW
329b68694cf9,NHPC,Purchase of Rubber Items for R&M of Rangit Power Station,Unclassified,,,,Unknown,https://www.nhpcindia.com/welcome/tender,GEM/2025/B/6478899,Tender,,,,No,2026-09-04,2026-09-04,NEW
2ba843f54cea,NHPC,Purchase of Different Types of Valves (Make: LEADER) for Powerhouse,Unclassified,,,,Unknown,https://www.nhpcindia.com/welcome/tender,GEM/2025/B/6500877,Tender,,,,No,2026-09-04,2026-09-04,NEW
e7ff14a53a92,NHPC,Purchase of Welding Electrodes for Rangit Power Station,Unclassified,,,,Unknown,https://www.nhpcindia.com/welcome/tender,GEM/2025/B/6496575,Tender,,,,No,2026-09-04,2026-09-04,NEW
c2df8d060eac,NHPC,"Preventive maintenance work including supply of spares for 01 No. 33 KV outdoor VCB (ABB Make) at KGPS Colony Kralpora, Bandipora, J&K (PKG-542).",Unclassified,,Jammu and Kashmir,,Unknown,https://www.nhpcindia.com/welcome/tender,2025_NHPC_872701_1,Tender,,,,No,2026-09-04,2026-09-04,NEW
1a41a912a255,NHPC,Purchase of Guide Vane Servo Motor (LH & RH) for 3x20 MW Hydro Generating unit of Rangit Power Station,Hydro,20.0,,,Unknown,https://www.nhpcindia.com/welcome/tender,GEM/2025/B/6481242,Tender,,,20 MW,Yes,2026-09-04,2026-09-04,NEW
ea319ab0e57e,NHPC,"Work of SITC (Supply, Installation, Testing & Commissioning) and 5 years AMC of 4 Nos. of Accelerograph for Dam site of Chamera Power Station- II, Chamba (HP).",Unclassified,,,,Unknown,https://www.nhpcindia.com/welcome/tender,NH/CPS-II/Cont./E-133813/2025-26/08 Date: 08 /08/2025,Tender,,,,No,2026-09-04,2026-09-04,NEW
97a77cf2deb1,NHPC,Providing and laying chequered tiles on footpath at Sarthali Colony of Sewa-II Power Station (CW-594),Unclassified,,,,Unknown,https://www.nhpcindia.com/welcome/tender,Location :,Tender,,,,No,2026-09-04,2026-09-04,NEW
88b8eb5d5bfc,NHPC,"Design, Manufacture, Supply, Erection, Testing and Commissioning and handing over of Archimedes screw turbines along with associated equipments in Sewa-II Power station",Unclassified,,,,Unknown,https://www.nhpcindia.com/welcome/tender,2025_NHPC_872375_1,Tender,,,,No,2026-09-04,2026-09-04,NEW
5a86c4561cc7,NHPC,"Providing services for Running and maintenance of 66/11 KV Switchyard, DG Set, Power supply network and Electrical installations of Balutar for the period of 2-Years (2025-2027).",Unclassified,,,,Unknown,https://www.nhpcindia.com/welcome/tender,NH/TSV/Cont/RM-212/NIT-1035/2025-26/187 Dated : 07/08/2025 and GEM Bid No.- GEM/2025/B/6545276,NIT,,,,No,2026-09-04,2026-09-04,NEW
dd543c8ce7b6,NHPC,Purchase of Miscellaneous Fire Fighting items for Power House of TLD-III PS,Unclassified,,,,Unknown,https://www.nhpcindia.com/welcome/tender,GEM/2025/B/6481120,Tender,,,,No,2026-09-04,2026-09-04,NEW
543ad9463be0,NHPC,"Painting of C type Building of Jyotipuram Residential Complex, Repair of 03 Nos. Quarters and Repair and Renovation of Red Building situated near new Single Executive Residence at Salal Power Station",Unclassified,,,,Unknown,https://www.nhpcindia.com/welcome/tender,NH/SPS/P&C/NIT-05/2025-26/458-467 ( Tender ID: 2025_NHPC_872351_1 ),NIT,,,,No,2026-09-04,2026-09-04,NEW
c0bbd7ea12e5,NHPC,"Supply, erection, installation, testing & commissioning of Centralized Type Numerical based 400KV Bus Bar Protection System (comprising of Bus Bar Protection & Bus Coupler Protection) at Uri Power Station",Unclassified,,,,Unknown,https://www.nhpcindia.com/welcome/tender,GEM/2025/B/6538559 Dated: 05-08-2025,Tender,,,,No,2026-09-04,2026-09-04,NEW
26e07635661c,NHPC,Hiring of one nos M&M Scorpio N Z6 or Equivalent vehicle (2200 CC Turbo Charged) for Teesta-V Power Station for a period of 24 Months,Unclassified,,,,Unknown,https://www.nhpcindia.com/welcome/tender,NIT No. H/TSV/Cont/MC-161/NIT-1034/2025-26/186 Dated : 06/08/2025 and GeM Bid No.GEM/2025/B/6519383,NIT,,,,No,2026-09-04,2026-09-04,NEW
6188349f88f9,NHPC,"Construction of walking/jogging track all-around the periphery of ground situated at BSF Headquarter near herbal park, Loktak Project.",Unclassified,,,,Unknown,https://www.nhpcindia.com/welcome/tender,NIT No.-1088 (O),NIT,,,,No,2026-09-04,2026-09-04,NEW
70ed3443fb05,NHPC,"Providing consultancy and architectural services for Interior decoration/acoustical works of Board Room, Conference Hall, Visitor’s Lounge and VIP Dining Hall at fifth floor in Neer Shakti Sadan at NHPC Office Complex, Faridabad",Unclassified,,,,Unknown,https://www.nhpcindia.com/welcome/tender,GEM/2025/B/6490155,Tender,,,,No,2026-09-04,2026-09-04,NEW
210a85c98a7b,NHPC,"Replacement of complete Stator Assembly of 110 MW Hydro Generator (Unit-1) at Kishanganga Power Station, Bandipora, J & K (PKG-544).",Hydro,110.0,,,Unknown,https://www.nhpcindia.com/welcome/tender,GEM/2025/B/6535696,Tender,,,110 MW,Yes,2026-09-04,2026-09-04,NEW
0440a5f465f1,NHPC,"Lot-3 Package: Hydro-mechanical Works for All Gates and Pressure Shaft Liners for the implementation of the 260 MW Dulhasti Stage-II HE Project, in Kishtwar District of UT of J&K, India.",Hydro,260.0,Jammu and Kashmir,,Unknown,https://www.nhpcindia.com/welcome/tender,TENDER NO. NH/CCW/CC-III /CO-406/PR-10925/83,Tender,,,260 MW,Yes,2026-09-04,2026-09-04,NEW
2fbb7a482c86,NHPC,Repair & Renovation works at Sangai Officers Club of Loktak Project.,Unclassified,,,,Unknown,https://www.nhpcindia.com/welcome/tender,NIT No.-1087 (O),NIT,,,,No,2026-09-04,2026-09-04,NEW
a29790ebc4a5,NHPC,"Providing Potted Plants on rental basis and Flower Vases at NHPC Office Complex, Sector-33, Faridabad",Unclassified,,,,Unknown,https://www.nhpcindia.com/welcome/tender,GEM/2025/B/6508217,Tender,,,,No,2026-09-04,2026-09-04,NEW
438102c19f15,NHPC,"Annual Maintenance Contract for RO Plants for Jyoti Sadan & Neer Shakti Sadan at NHPC Office Complex, Sector-33, Faridabad",Unclassified,,,,Unknown,https://www.nhpcindia.com/welcome/tender,GEM/2025/B/6503119,Tender,,,,No,2026-09-04,2026-09-04,NEW
f05749b00dab,NHPC,"Purchase of 11 KV Grade, 95 Sqmm, 3-Core HT Aerial Bunched Cable",Unclassified,,,,Unknown,https://www.nhpcindia.com/welcome/tender,GEM/2025/B/6509358 Dated:4-08-2025,Tender,,,,No,2026-09-04,2026-09-04,NEW
d77578eb3066,NHPC,"Providing Horticulture Services in NHPC Residential Complex, Sector -41, Faridabad",Unclassified,,,,Unknown,https://www.nhpcindia.com/welcome/tender,GEM/2025/B/6513913,Tender,,,,No,2026-09-04,2026-09-04,NEW
d3a1149c7656,NHPC,"Design, Supply, Erection, Testing and Commissioning of Disaster Management Pumping system for Chamera-I Power Station, Khairi (H.P.)",Unclassified,,,,Unknown,https://www.nhpcindia.com/welcome/tender,GEM/2025/B/6363194,Tender,,,,No,2026-09-04,2026-09-04,NEW
717dd17d4962,NHPC,"Repair and Renovation of Residential building at Serwani, Teesta-VI HE Project, Balutar",Unclassified,,,,Unknown,https://www.nhpcindia.com/welcome/tender,NH/Teesta-VI/P&C/2025/809,Tender,,,,No,2026-09-04,2026-09-04,NEW
ae8421a7d97e,NHPC,"Repair and Painting work of CISF Barrack, Dam Control room area, Guest House, Dam Office buildings and boundary wall of Sewa-II Power Station (CW-691)",Unclassified,,,,Unknown,https://www.nhpcindia.com/welcome/tender,NH/Sewa-II/Contracts/CW-691/2025/NIT-06/75 Dated: 03.08.2025,NIT,,,,No,2026-09-04,2026-09-04,NEW
ada2e5de3dc4,NHPC,Replacement of Stator Assembly in Two Generating Units at Chamera-1 Power Station,Unclassified,,,,Unknown,https://www.nhpcindia.com/welcome/tender,GEM/2025/B/6358870,Tender,,,,No,2026-09-04,2026-09-04,NEW
244436d4dc1c,NHPC,"Purchase of One No. 1250 kVA, 11/0.415 kV Dry-Type Station Load Transformer along with its enclosure, LV bus bars, and accessories for Uri Power Station",Unclassified,,,,Unknown,https://www.nhpcindia.com/welcome/tender,GEM/2025/B/6485672 Dated: 02-08-2025,Tender,,,,No,2026-09-04,2026-09-04,NEW
c293e4b8315e,NHPC,Purchase of furniture and fixture for guest house/executive field hostel for Township Complex of Uri Power Station,Unclassified,,,,Unknown,https://www.nhpcindia.com/welcome/tender,GEM/2025/B/6500972 Dated: 02-08-2025,Tender,,,,No,2026-09-04,2026-09-04,NEW
38478dfc1b4f,NHPC,"Supply, Installation, Testing & Commissioning of 400KV Shunt Reactor Protection for 02nos. 400KV Lines for Uri Power Station",Unclassified,,,,Unknown,https://www.nhpcindia.com/welcome/tender,GEM/2025/B/6444054 Dated: 01-08-2025,Tender,,,,No,2026-09-04,2026-09-04,NEW
08aab98abd6d,NHPC,Purchase of Shaft Seal Assembly for Uri Power Station,Unclassified,,,,Unknown,https://www.nhpcindia.com/welcome/tender,GEM/2025/B/6524228 Dated: 01-08-2025,Tender,,,,No,2026-09-04,2026-09-04,NEW
00c1fe42be56,NHPC,"Repairing Work of Cable Trenches Cover at Dam Top and Providing stainless steel railing around Intake gate TLD-IVPS, Kalijhora",Unclassified,,,,Unknown,https://www.nhpcindia.com/welcome/tender,NH/TLD-IV PS/P&C/W-933/2025/2047 Dated: 01/08/2025,Tender,,,,No,2026-09-04,2026-09-04,NEW
507b2c0e6fd0,NHPC,"Construction of accommodation for CISF personnel at Surge Shaft area, Kishanganga Power Station, Bandipora (PKG-551).",Unclassified,,,,Unknown,https://www.nhpcindia.com/welcome/tender,2025_NHPC_871625_1,Tender,,,,No,2026-09-04,2026-09-04,NEW
20cb80f9e182,NHPC,Cleaning of septic tanks in Old Colony Loktak Project.,Unclassified,,,,Unknown,https://www.nhpcindia.com/welcome/tender,NIT No.-1086 (O),NIT,,,,No,2026-09-04,2026-09-04,NEW
8b1e0ae2627b,NHPC,Purchase of Microsoft Windows Server 2025 Client Access License (CAL) License & Microsoft windows Server 2025 Standard License Software,Unclassified,,,,Unknown,https://www.nhpcindia.com/welcome/tender,"GEM/2025/B/6460470,Dated: 31-07-2025",Tender,,,,Yes,2026-09-04,2026-09-04,NEW
1c8348a48c76,NHPC,"Supply and Installation of Underground Diesel Storage Tank (2X25 KL) at DAM Site of Kishanganga Power Station, Gurez, Bandipora, J&K (PKG-543).",Unclassified,,Jammu and Kashmir,,Unknown,https://www.nhpcindia.com/welcome/tender,2025_NHPC_871529_1,Tender,,,,Yes,2026-09-04,2026-09-04,NEW
9845e3099b25,NHPC,"Repair of one number Runner (RN#4) of 3X15 MW Nimoo Bazgo Power Station, Alchi, Leh-Ladakh",Unclassified,15.0,Ladakh,,Unknown,https://www.nhpcindia.com/welcome/tender,NBPS/CnP/2025-26/W-29/256,Tender,,,15 MW,Yes,2026-09-04,2026-09-04,NEW
7d5d2a3ca0fb,NHPC,"Construction of Multipurpose Hall at NHPC Colony, Kishanganga Power Station, Kralpora, Bandipora (PKG-539).",Unclassified,,,,Unknown,https://www.nhpcindia.com/welcome/tender,2025_NHPC_871465_1,Tender,,,,No,2026-09-04,2026-09-04,NEW
93fd8e8243a6,NHPC,Purchase of Spare Cards for EPABX System,Unclassified,,,,Unknown,https://www.nhpcindia.com/welcome/tender,GEM/2025/B/6505416 31-07-2025,Tender,,,,No,2026-09-04,2026-09-04,NEW
f3ab8564c69a,NHPC,"Supply, Installation, Testing & Commissioning of Wired LAN System at Power House and Barrage of Uri Power Station",Unclassified,,,,Unknown,https://www.nhpcindia.com/welcome/tender,GEM/2025/B/6476439 Dated: 31-07-2025,Tender,,,,No,2026-09-04,2026-09-04,NEW
797ff1e2ee80,NHPC,Purchase of Spare Robel Stator Bar & its winding hardware for Unit#2 at Uri Power Station,Unclassified,,,,Unknown,https://www.nhpcindia.com/welcome/tender,GEM/2025/B/6420837 Dated: 26-07-2025,Tender,,,,Yes,2026-09-04,2026-09-04,NEW
3fd0a1bdb423,NHPC,Ceramic Coating on Spiral Casing and draft tube cone of 2 units (U01 and U06),Unclassified,,,,Unknown,https://www.nhpcindia.com/welcome/tender,NH/SPS/PnC/NIT07/25-26/429-439 (CPPP Tender ID 2025_NHPC_870662_1),Tender,,,,No,2026-09-04,2026-09-04,NEW
90f346fb0588,NHPC,Purchase of Guide Vane Link Bush for Uri Power Station,Unclassified,,,,Unknown,https://www.nhpcindia.com/welcome/tender,GEM/2025/B/6480419 Dated-29.07.2025,Tender,,,,No,2026-09-04,2026-09-04,NEW
fb5f92ef38fe,NHPC,PURCHASE OF SPARES FOR BAUER KOMPRESSOREN MAKE HP COMPRESSORS OF URI POWER STATION,Unclassified,,,,Unknown,https://www.nhpcindia.com/welcome/tender,GEM/2025/B/6482935 Dated: 29-07-2025,Tender,,,,No,2026-09-04,2026-09-04,NEW
ba2ce0a7b517,NHPC,"Hiring of 10 KL capacity Water Tanker along with Driver for Dam Site, Gurez, Bandipora for 2 years (PKG-546)",Unclassified,,,,Unknown,https://www.nhpcindia.com/welcome/tender,GEM/2025/B/6464856,Tender,,,,No,2026-09-04,2026-09-04,NEW
4f3b1dcf85d8,NHPC,Hiring of consultancy services for recertification/upgradation of existing ISO/IEC 27001:2013 to ISO/IEC 27001:2022.,Unclassified,,,,Unknown,https://www.nhpcindia.com/welcome/tender,NIT No. NH/TSV/Cont/EC-167/NIT-1033/2025-26/174 Dated : 30/07/2025 and GEM Bid No. GEM/2025/B/6493285,NIT,,,,No,2026-09-04,2026-09-04,NEW
bc9b6e3828b8,NHPC,"Lot-1 Package : Planning, Design & Engineering (PDE) works for execution of 1856 MW Sawalkote Hydro Project located near Sidhu village in Ramban District of UT of J&K, India",Hydro,1856.0,Jammu and Kashmir,,Unknown,https://www.nhpcindia.com/welcome/tender,2025_NHPC_870158_1,Tender,,,1856 MW,Yes,2026-09-04,2026-09-04,NEW
7ff983383892,NHPC,Hiring of Services for CCTV Surveillance Service with Comprehensive Maintenance Support of the deployed equipment for five (5) years,Unclassified,,,,Unknown,https://www.nhpcindia.com/welcome/tender,GEM/2025/B/6489940,Tender,,,,No,2026-09-04,2026-09-04,NEW
fce1c08947b0,NHPC,"Procurement of KSB Make Pump, (Model no- KRTK 300-505/1754 UNG 1-K) along with all accessories, for Salal Power Station",Unclassified,,,,Unknown,https://www.nhpcindia.com/welcome/tender,GEM/2025/B/6411856,Tender,,,,No,2026-09-04,2026-09-04,NEW
df16b4911df7,NHPC,Annual Maintenance of 3x130 MW Generating Units of Dulhasti Power Station for FY 2025-26 & 2026-27,Unclassified,130.0,,,Unknown,https://www.nhpcindia.com/welcome/tender,NH/DPS/CONT/NIT-248/2025/E142553 dated 29.07.2025,NIT,,,130 MW,Yes,2026-09-04,2026-09-04,NEW
5f696b3d7670,NHPC,"Request for Selection of Developers for Setting up Solar Power Plants (4x300 MW) for Jalaun Solar Power Park(1200 MW) in District Jalaun, Uttar Pradesh through Tariff Based Competitive Bidding",Solar,300.0,Uttar Pradesh,,Unknown,https://www.nhpcindia.com/welcome/tender,2025_NHPC_869566_1,RfS,,,300 MW,Yes,2026-09-04,2026-09-04,NEW
065200cf8375,NHPC,Annual and Capital Maintenance for year 2025 and 2027,Unclassified,,,,Unknown,https://www.nhpcindia.com/welcome/tender,2025_NHPC_870755_1,Tender,,,,No,2026-09-04,2026-09-04,NEW
310779a4360c,NHPC,Construction of Paver block road of NH154A from the Bagga bridge to end of View point of Dam of Chamera-II Power station (E-FILE : 143740).,Unclassified,,,,Unknown,https://www.nhpcindia.com/welcome/tender,NH/CPS- II/Cont./E- 143740/2025-26/07 dated 28/07/2025,Tender,,,,No,2026-09-04,2026-09-04,NEW
eae0f5be2886,NHPC,Painting and Renovation of 15 Nos of quarters in C1 type Bachelor Accommodation of DSB Colony at Dulhasti Power Station Kishtwar,Unclassified,,,,Unknown,https://www.nhpcindia.com/welcome/tender,NH/DPS/CONT/NIT-247/2025/E148542 dated 28.07.2025,NIT,,,,No,2026-09-04,2026-09-04,NEW
cd93a1395ed6,NHPC,"Construction of accommodation for CISF Personnel at TBM Location, Kishanganga Power Station, Bandipora (PKG-548).",Unclassified,,,,Unknown,https://www.nhpcindia.com/welcome/tender,2025_NHPC_870667_1,Tender,,,,No,2026-09-04,2026-09-04,NEW
57a35c72491a,NHPC,Installation of fire hydrant system for administrative building and stores of CPS-II and smoke detector with alarm for administrative building.. (Comp. No.:136886),Unclassified,,,,Unknown,https://www.nhpcindia.com/welcome/tender,NH/CPS-II/Cont./E-136886/2025-26/05 Date: 17/07/2025,Tender,,,,No,2026-09-04,2026-09-04,NEW
1cc46745d052,NHPC,Repair and HP-HVOF coating of 3X100 MW Francis Hydroturbine of Chamera – II Power Station.(E-FILE: 144884),Unclassified,100.0,,,Unknown,https://www.nhpcindia.com/welcome/tender,NH/CPS-II /Cont./E- 144884/2024-25/06 Date:25.07.2025,Tender,,,100 MW,Yes,2026-09-04,2026-09-04,NEW
87f6f8b5b61f,NHPC,Providing and Fixing of False Ceiling work of Administrative Building at NHPC Regional Office Chandigarh,Unclassified,,Chandigarh,,Unknown,https://www.nhpcindia.com/welcome/tender,NH/ROCHD/PNC/CW17/2025/24 Dated: 26.07.2025,Tender,,,,No,2026-09-04,2026-09-04,NEW
c8aa46d5e20b,NHPC,Providing Services for Watch and Ward of various Establishments of Siang Lower H.E. Project at Pasighat,Unclassified,,,,Unknown,https://www.nhpcindia.com/welcome/tender,NH/SIANGLOWER/NIT/2025/06,NIT,,,,No,2026-09-04,2026-09-04,NEW
fba9d001c45e,NHPC,"Upkeeping of Electrical System of CPS-1 Colony and R&M of Workshop, Transport, Store & Disposal Division.",Unclassified,,,,Unknown,https://www.nhpcindia.com/welcome/tender,NH/CPS-1/P&C/W-1527/2025-26/155 Date:24/07/2025,Tender,,,,No,2026-09-04,2026-09-04,NEW
19d677ddeb97,NHPC,"Repair & Painting works of Executive Field Hostel at Upper Samleu (Room No.1 to 12), CPS1, Khairi.",Unclassified,,,,Unknown,https://www.nhpcindia.com/welcome/tender,NH/CPS-1/P&C/W-1513/2025-26/156Dated: 25/07/2025,Tender,,,,No,2026-09-04,2026-09-04,NEW
0cb5ea20660d,NHPC,"Providing and fixing interlocking tiles and premix carpeting from NHPC Chowk (Khairi Bridge) to NHPC Transport Yard Banikhet, Tehsil Dalhousie, Distt. Chamba (H.P.)",Unclassified,,,,Unknown,https://www.nhpcindia.com/welcome/tender,NH/ROBKT/P&C/2025/CW210/15 Dtd 25.07.2025,Tender,,,,No,2026-09-04,2026-09-04,NEW
2e84ef9265bc,NHPC,"Providing and fixing interlocking tiles and premix carpeting from NHPC Chowk (Khairi Bridge) to NHPC Transport Yard Banikhet, Tehsil Dalhousie, Distt. Chamba (H.P.)",Unclassified,,,,Unknown,https://www.nhpcindia.com/welcome/tender,NH/ROBKT/P&C/2025/CW210/15 Dated 25.07.2025,Tender,,,,No,2026-09-04,2026-09-04,NEW
9ee78ba0bb31,NHPC,"Repairing of existing Drain situated at Awang Bazar to CRPF Camp, Loktak Project.",Unclassified,,,,Unknown,https://www.nhpcindia.com/welcome/tender,NIT No.-1085 (O),NIT,,,,No,2026-09-04,2026-09-04,NEW
dfa0ca65566e,NHPC,Repair of perimeter boundary wall of Power House & Dam Complex of Salal Power Station.,Unclassified,,,,Unknown,https://www.nhpcindia.com/welcome/tender,NH/SPS/CD/NIT-109/25-26/397-406 (CPPP Tender ID 2025_NHPC_869095_1 ),NIT,,,,No,2026-09-04,2026-09-04,NEW
ccbeb932b5f4,NHPC,"Construction of Foundation for 11 KV HT panel for substation and miscellaneous work at Power house complex, Rajarwani.",Transmission / Evacuation,,,,Unknown,https://www.nhpcindia.com/welcome/tender,NH/UPS/PCS/C-112/NIQ-98/327 Dated 23.07.2024,Tender,,,,No,2026-09-04,2026-09-04,NEW
08243df53b19,NHPC,Construction of retaining wall below the bus stand from joint of NH and churi bridge to river bend in downstream in front of TRT outlet at Dharwala (E-office no. 115340),Unclassified,,,,Unknown,https://www.nhpcindia.com/welcome/tender,2025_NHPC_870028_1,Tender,,,,No,2026-09-04,2026-09-04,NEW
7120f3a29a8f,NHPC,"Running & Maintenance, Upkeeping and Housekeeping of VIP Guest House, Community/Club Hall, Training Hall, Field Hostels, Transit Camp and HoP Residence at Loktak Power Station, Loktak for a period of 01 year.",Unclassified,,,,Unknown,https://www.nhpcindia.com/welcome/tender,GEM/2025/B/6382387,Tender,,,,No,2026-09-04,2026-09-04,NEW
74a3310b864e,NHPC,Printing and Supply of NHPC Achievement Book On the occasion of Golden Jubilee Year of NHPC,Unclassified,,,,Unknown,https://www.nhpcindia.com/welcome/tender,GEM/2025/B/6429550,Tender,,,,No,2026-09-04,2026-09-04,NEW
16b97275b721,NHPC,Plantation at Slide zone/ Bypass Tunnel area of Loktak Project.,Unclassified,,,,Unknown,https://www.nhpcindia.com/welcome/tender,NIT No.-1084 (O),NIT,,,,No,2026-09-04,2026-09-04,NEW
9b9b605451fe,NHPC,"Name of the service: “Providing services for Running & Maintenance of Subansiri Upper Project Office Building at Sippi Village, Arunachal Pradesh for the period of 2 years”.",Unclassified,,Arunachal Pradesh,,Unknown,https://www.nhpcindia.com/welcome/tender,GEM/2025/B/6446631 Dated: 17-07-2025,Tender,,,,No,2026-09-04,2026-09-04,NEW
a830ff11045e,NHPC,Hiring of 01 No. Pick up Van with Crew Cabin of 2600CC / Turbocharged along with driver for 02 years (Package-4).,Unclassified,,,,Unknown,https://www.nhpcindia.com/welcome/tender,GEM/2025/B/6325682,Tender,,,,No,2026-09-04,2026-09-04,NEW
ca639f87d29d,NHPC,Purchase of Magnetic float type level sensor/switches for bearing oil sump,Unclassified,,,,Unknown,https://www.nhpcindia.com/welcome/tender,"GEM/2025/B/6457482,Dated: 18-07-2025",Tender,,,,No,2026-09-04,2026-09-04,NEW
04df54e71166,NHPC,"Supply, Installation, Testing and Commissioning (SITC) of 02 Nos, 12.5 Mtr Latching Type High Mast for CISF Campus at Sallaha, Dam site of Parbati-III Power Station",Unclassified,,,,Unknown,https://www.nhpcindia.com/welcome/tender,GEM/2025/B/6383997,Tender,,,,No,2026-09-04,2026-09-04,NEW
0ed94228356e,NHPC,Purchase of IT related items.,Unclassified,,,,Unknown,https://www.nhpcindia.com/welcome/tender,GEM/2025/B/6394532,Tender,,,,No,2026-09-04,2026-09-04,NEW
d6d016bca8cc,NHPC,"Civil maintenance of Dam and Power House area, DTGH, Pothead yard, Surge Shaft and TRT Area of Uri-II Power Station",Unclassified,,,,Unknown,https://www.nhpcindia.com/welcome/tender,GEM/2025/B/6332242,Tender,,,,No,2026-09-04,2026-09-04,NEW
bcc850e67fc8,NHPC,Custom Bid for Services - Comprehensive Annual Maintenance Contract of 02 nos. Elevators of OTIS make installed at Sewa-II Power Station for 02 (Two) Years. (EW-686),Unclassified,,,,Unknown,https://www.nhpcindia.com/welcome/tender,GEM/2025/B/6444064 Dated: 17-07-2025,Tender,,,,No,2026-09-04,2026-09-04,NEW
e66aeb011d6c,NHPC,Purchase of 120 nos. cafeteria chair and 22 nos. king size bed with storage.,Unclassified,,,,Unknown,https://www.nhpcindia.com/welcome/tender,GEM/2025/B/6318858,Tender,,,,Yes,2026-09-04,2026-09-04,NEW
62cdc66ff57b,NHPC,Purchase of 30 nos. 3-seater sofas and 2 nos. 3+1+1-seater sofas.,Unclassified,,,,Unknown,https://www.nhpcindia.com/welcome/tender,GEM/2025/B/6318942,Tender,,,,No,2026-09-04,2026-09-04,NEW
7c9ad6557cab,NHPC,purchase of 60 nos. dressing table.,Unclassified,,,,Unknown,https://www.nhpcindia.com/welcome/tender,GEM/2025/B/6318621,Tender,,,,No,2026-09-04,2026-09-04,NEW
1e48f97f602d,NHPC,Purchase of 5 nos. Dining sets.,Unclassified,,,,Unknown,https://www.nhpcindia.com/welcome/tender,GEM/2025/B/6319575,Tender,,,,No,2026-09-04,2026-09-04,NEW
abba1c6db57d,NHPC,Purchase of 60 nos. centre table with glass top.,Unclassified,,,,Unknown,https://www.nhpcindia.com/welcome/tender,GEM/2025/B/6342927,Tender,,,,No,2026-09-04,2026-09-04,NEW
3a255ae2d237,NHPC,"Selection of developers for installing rooftop solar plants on buildings of various departments in UT of J&K through JAKEDA in RESCO mode, via tariff-based competitive bidding”",Rooftop Solar,,Jammu and Kashmir,,Unknown,https://www.nhpcindia.com/welcome/tender,2025_NHPC_864442_1,Tender,,,,Yes,2026-09-04,2026-09-04,NEW
ef1ac8427562,NHPC,Purchase of 17 nos.Steel Shelving Cabinets (Adjustable Type) confirming to IS 3312.,Unclassified,,,,Unknown,https://www.nhpcindia.com/welcome/tender,GEM/2025/B/6393807,Tender,,,,No,2026-09-04,2026-09-04,NEW
e107178db693,NHPC,Purchase of 21 nos. study table and 50 nos. study chair.,Unclassified,,,,Unknown,https://www.nhpcindia.com/welcome/tender,GEM/2025/B/6318729,Tender,,,,No,2026-09-04,2026-09-04,NEW
cdbf5a263aee,NHPC,Hiring of 01 No. Inspection Vehicles - MUV/SUV – 1500CC / Turbocharged along with driver for 02 years (Package-2),Unclassified,,,,Unknown,https://www.nhpcindia.com/welcome/tender,GEM/2025/B/6319153,Tender,,,,No,2026-09-04,2026-09-04,NEW
3ce53e2a43a3,NHPC,Purchase of 84 nos. Ironing Table (for Domestic use).,Unclassified,,,,Unknown,https://www.nhpcindia.com/welcome/tender,GEM/2025/B/6318811,Tender,,,,No,2026-09-04,2026-09-04,NEW
b8caef5b1d6c,NHPC,Purchase of 70 nos. foam mattress.,Unclassified,,,,Unknown,https://www.nhpcindia.com/welcome/tender,GEM/2025/B/6342844,Tender,,,,No,2026-09-04,2026-09-04,NEW
e232b8c9167a,NHPC,Purchase of 84 nos. Bed side table.,Unclassified,,,,Unknown,https://www.nhpcindia.com/welcome/tender,GEM/2025/B/6318898,Tender,,,,No,2026-09-04,2026-09-04,NEW
9c01901490bf,NHPC,Providing services for field works of Lot-6 E and M works of the Dibang Multipurpose Project for a period of 24 months,Unclassified,,,,Unknown,https://www.nhpcindia.com/welcome/tender,GEM/2025/B/6425243,Tender,,,,No,2026-09-04,2026-09-04,NEW
fd5501da03aa,NHPC,"Purchase of 1 Set of HP-HVOF coated Francis Runner along with Cone, moving labyrinths (Top & Bottom) for Generating Units of Salal Power Station",Unclassified,,,,Unknown,https://www.nhpcindia.com/welcome/tender,GEM/2025/B/6362638,Tender,,,,No,2026-09-04,2026-09-04,NEW
d2ae95b8d492,NHPC,"Civil and other miscellaneous works in Residential Office of Secretary in Ministry of Power, New Delhi for NHPC works in MOP",Unclassified,,Delhi,,Unknown,https://www.nhpcindia.com/welcome/tender,NH/CCW/CC-IV/CO-405/PR10025/121,Tender,,,,No,2026-09-04,2026-09-04,NEW
285bacab4214,NHPC,Selection of Roof Top Developer for Setting up Grid Connected Solar Roof Top Plants at Various locations on government buildings in the state of Nagaland on RESCO Mode through TBCB,Rooftop Solar,,Nagaland,,Unknown,https://www.nhpcindia.com/welcome/tender,2025_NHPC_863785_1,Tender,,,,Yes,2026-09-04,2026-09-04,NEW
80da58ad9d6c,NHPC,Hiring of 01 No. Inspection Vehicles - MUV/SUV - 1500cc / Turbocharged along with driver for 02 years (Package-1).,Unclassified,,,,Unknown,https://www.nhpcindia.com/welcome/tender,GEM/2025/B/6314136,Tender,,,,No,2026-09-04,2026-09-04,NEW
aba33aecf788,NHPC,"Lot-3: Main Dam including Coffer Dam and HM works of Dibang Multipurpose Project, Arunachal Pradesh, India",Unclassified,,Arunachal Pradesh,,Unknown,https://www.nhpcindia.com/welcome/tender,2025_NHPC_868854_1,Tender,,,,No,2026-09-04,2026-09-04,NEW
950011fe42d5,NHPC,Hiring of 01 No. Inspection Vehicles - MUV/SUV – 2200CC / Turbocharged along with driver for 02 years (Package-3).,Unclassified,,,,Unknown,https://www.nhpcindia.com/welcome/tender,GEM/2025/B/6323961,Tender,,,,No,2026-09-04,2026-09-04,NEW
b0ece8f61be9,NHPC,Running and Maintenance work for external beautification i e Garden planted area around office complex guest House and Field Hostel and Project Dam site surrounding area at TLD IV PS,Unclassified,,,,Unknown,https://www.nhpcindia.com/welcome/tender,GEM/2025/B/6358264,Tender,,,,No,2026-09-04,2026-09-04,NEW
b90c920b6d32,NHPC,Protection of Slope of Loktak-Leimatak Road Near Junction of Majuron village road.,Unclassified,,,,Unknown,https://www.nhpcindia.com/welcome/tender,NIT No.-1083 (O),NIT,,,,No,2026-09-04,2026-09-04,NEW
f346fcc0c5e8,NHPC,"Visit of OEM service engineer for health & safety checking and supervision of 125 T EOT Crane (Unique make) operation during replacement work of Unit#2 stator of Sewa-II power station, Mashka, J&K.(SC-674)",Unclassified,,Jammu and Kashmir,,Unknown,https://www.nhpcindia.com/welcome/tender,GEM/2025/B/6448658 Dated: 15-07-2025,Tender,,,,No,2026-09-04,2026-09-04,NEW
0252620e4522,NHPC,Purchase of Toner Cartridges for various printer models,Unclassified,,,,Unknown,https://www.nhpcindia.com/welcome/tender,GEM/2025/B/6405711,Tender,,,,No,2026-09-04,2026-09-04,NEW
252e3c51df0c,NHPC,"R&M and Up-keeping works of entire medical division (Loktak and Leimatak Hospital, Physiotherapy Unit at Loktak and Leimatak Hospital, Ithai Barrage and Jeevan Nagar Dispensary) of Loktak Power Station, Manipur package-2.",Unclassified,,Manipur,,Unknown,https://www.nhpcindia.com/welcome/tender,GEM/2025/B/6419264,Tender,,,,No,2026-09-04,2026-09-04,NEW
6aec1f6b4eb4,NHPC,Hiring of commercial electric vehicle for Sewa-II Power Station,Unclassified,,,,Unknown,https://www.nhpcindia.com/welcome/tender,"GEM/2025/B/6385853,Dated: 14-07-2025",Tender,,,,No,2026-09-04,2026-09-04,NEW
61601504e5ec,NHPC,"Scientific cleaning and sterilisation of water tanks at Semna, DSB and Shalimar colony of Dulhasti Power Station, Kishtwar",Unclassified,,,,Unknown,https://www.nhpcindia.com/welcome/tender,NH/DPS/CONT/NIT-245/2025/E147903 dated 15.07.2025,NIT,,,,No,2026-09-04,2026-09-04,NEW
ca8aa50cb748,NHPC,“Replacement of Steel liner & Sill Beam of Radial Gate No #4 at Dulhasti Power Station Kishtwar,Unclassified,,,,Unknown,https://www.nhpcindia.com/welcome/tender,NH/DPS/CONT/NIT-246/2025/E148667 dated 14.07.2025,NIT,,,,No,2026-09-04,2026-09-04,NEW
f2502b315e1f,NHPC,"Round the Clock Operation of E&M Plant and Machinery at Power House, Transformer Cavern, Valve House and 220 KV Switchyard of 3x110 MW Kishanganga Power Station, Bandipora, J &K (PKG-541).",Round-the-Clock / CfD / Trading,110.0,,,Unknown,https://www.nhpcindia.com/welcome/tender,GEM/2025/B/6358397,Tender,,,110 MW,Yes,2026-09-04,2026-09-04,NEW
1de64a895aed,NHPC,"Construction of Community Hall at Samthar suruk in samthar GP, in locality of Punam pariwar welfare society, Kalimpong, West Bengal by TLD-IV PS",Unclassified,,West Bengal,,Unknown,https://www.nhpcindia.com/welcome/tender,NH/TLD-IV PS/P&C/W-930/2025/2039 Date: 12/07/2025,Tender,,,,No,2026-09-04,2026-09-04,NEW
e2fe5bc0b009,NHPC,Removal of Deposited Sediments from Salal Dam Reservoir,Unclassified,,,,Unknown,https://www.nhpcindia.com/welcome/tender,2025_NHPC_868688_1,Tender,,,,No,2026-09-04,2026-09-04,NEW
317cc63d9ca2,NHPC,"Internal Electrification of CISF Frisking/ Control Room at main gate of NHPC Colony Kralpora, Bandipora, J&K (PKG-537",Unclassified,,Jammu and Kashmir,,Unknown,https://www.nhpcindia.com/welcome/tender,2025_NHPC_868624_1,Tender,,,,No,2026-09-04,2026-09-04,NEW
dd5b95174a0b,NHPC,"Lot-2a: Electro-mechanical works package (Except GSU, GIS, XLPE & Switchyard Equipment) of 260 MW (2X130MW) Dulhasti Stage-II H.E Project, Kishtwar District of UT of J&K, India",Unclassified,260.0,Jammu and Kashmir,,Unknown,https://www.nhpcindia.com/welcome/tender,2025_NHPC_866662_1,Tender,,,260 MW,Yes,2026-09-04,2026-09-04,NEW
cfb78979580a,NHPC,"Running, Maintenance & Operation of VIP Guest House, Transit Camp-I & II at Right Bank of Balutar and Executive Field Hostel at Dungdung for 02 years (FY 2025-2027).",Unclassified,,,,Unknown,https://www.nhpcindia.com/welcome/tender,NH/TSV/Cont/RM-215/NIT-1032/2025-26/144 Dated : 10/07/2025 and GEM/2025/B/6437467,NIT,,,,No,2026-09-04,2026-09-04,NEW
c98b9c663ff5,NHPC,Ultrasonictesting of Circum. and Longi. WeldingJoints of02Nos.5.23m dia.Undergr.Penstock along with repairingofallthe failureordamaged joints identifiedduring UTprocess andinternal paintingofallthesurfaces of Penstock thereafter as per sow at SalalPS,Unclassified,,,,Unknown,https://www.nhpcindia.com/welcome/tender,NH/SPS/P&C/NIT-212/25-26/342-351,NIT,,,,No,2026-09-04,2026-09-04,NEW
cf48fc39c47a,NHPC,Purchase of various fasteners for Generating Units of Salal power station.,Unclassified,,,,Unknown,https://www.nhpcindia.com/welcome/tender,GEM/2025/B/6413003,Tender,,,,No,2026-09-04,2026-09-04,NEW
a68eebf26b6b,NHPC,"Running and Maintenance of Executive, Non-Executive Field Hostels and Canteen of TLDIV Power Station Kalijhora for Financial year 2025-26",Unclassified,,,,Unknown,https://www.nhpcindia.com/welcome/tender,GEM/2025/B/6410634,Tender,,,,No,2026-09-04,2026-09-04,NEW
a9af8d2857f3,NHPC,"R & M and Up-keeping works of entire medical division Loktak and Leimatak Hospital, Physiotherapy Unit at Loktak and Leimatak Hospital, Ithai Barrage and Jeevan Nagar Dispensary of Loktak Power Station, NHPC Limited, Manipur",Unclassified,,Manipur,,Unknown,https://www.nhpcindia.com/welcome/tender,GEM/2025/B/6413109,Tender,,,,No,2026-09-04,2026-09-04,NEW
b5e9c96c388c,NHPC,Monthly Basis Cab & Taxi Hiring Services - SUV; 2000 km x 320 hours; Local 24*7,Unclassified,,,,Unknown,https://www.nhpcindia.com/welcome/tender,GEM/2025/B/6385539,Tender,,,,No,2026-09-04,2026-09-04,NEW
b92e7c7dd04d,NHPC,"वित्तीय वर्ष 2025-26 के लिए टीएलडी-IV पीएस कालीझोरा, पश्चिम बंगाल में पावर हाउस कॉम्प्लेक्स का नवीनीकरण एवं रखरखाव",Unclassified,,,,Unknown,https://www.nhpcindia.com/welcome/tender,GEM/2025/B/6415616 Dated: 09-07-202,Tender,,,,No,2026-09-04,2026-09-04,NEW
e10e9a9270e3,NHPC,Providing services for Operation and Maintenance of IT and C Division of Dibang Multipurpose Project Roing for a period of 24 months,Unclassified,,,,Unknown,https://www.nhpcindia.com/welcome/tender,GEM/2025/B/6408125,Tender,,,,No,2026-09-04,2026-09-04,NEW
b58e9b7b9dbc,NHPC,Purchase of miscellaneous consumables items,Unclassified,,,,Unknown,https://www.nhpcindia.com/welcome/tender,"GEM/2025/B/6403089,Dated: 08-07-2025",Tender,,,,No,2026-09-04,2026-09-04,NEW
820c22466faf,NHPC,"Hill slope protection and stabilization along the TBM-adit portal road, Kishanganga Power Station, Bandipora, UT of J&K, (PKG-540).",Unclassified,,Jammu and Kashmir,,Unknown,https://www.nhpcindia.com/welcome/tender,2025_NHPC_867839_1,Tender,,,,No,2026-09-04,2026-09-04,NEW
e2abf1904ce2,NHPC,“Post Monsoon Hydrographic Survey of Salal Dam Reservoir at Dhyangarh for the year 2025-26 ”.,Unclassified,,,,Unknown,https://www.nhpcindia.com/welcome/tender,NH/SPS/CD/NIT-106/25-26/323-333 (Tender ID 2025_NHPC_ 867884_1 ),NIT,,,,Yes,2026-09-04,2026-09-04,NEW
55802dbd037d,NHPC,"Cleaning, Sweeping & Up-keeping of Power House Complex and its machineries & equipments at Sewa-II Power Station, Distt.-Kathua, J&K (SC-685)",Unclassified,,Jammu and Kashmir,,Unknown,https://www.nhpcindia.com/welcome/tender,GEM/2025/B/6385499 Dated: 01-07-2025,Tender,,,,No,2026-09-04,2026-09-04,NEW
91e627df88b7,NHPC,Work of arresting oil leakage from GSU Transformer HV Cable Box of UNIT#1 & #2 by application of chemical compounds.,Unclassified,,,,Unknown,https://www.nhpcindia.com/welcome/tender,GEM/2025/B/6417475 Dated: 08-07-2025,Tender,,,,No,2026-09-04,2026-09-04,NEW
d278e1682488,NHPC,"""Painting and flooring works inside Power house and GIS & DG building in Switch Yard area at CPS-III, Dharwala. (E-office no. 97099 )”",Unclassified,,,,Unknown,https://www.nhpcindia.com/welcome/tender,2025_NHPC_ 867619_1,Tender,,,,No,2026-09-04,2026-09-04,NEW
faeba212fc20,NHPC,"LEICA AUTOMATIC TOTAL STATION TS16P1""R1000 WITH AMBERG TUNNEL SOFTWARE MAKE-LEICA, MODEL-TS16P1- R1000.",Unclassified,,,,Unknown,https://www.nhpcindia.com/welcome/tender,GEM/2025/B/6367747,Tender,,,,No,2026-09-04,2026-09-04,NEW
3a433a42a089,NHPC,Purchase of Coupler for Hydraulic Torque Wrench of Loktak Power Station.,Unclassified,,,,Unknown,https://www.nhpcindia.com/welcome/tender,GEM/2025/B/6401056,Tender,,,,No,2026-09-04,2026-09-04,NEW
b4fff4d05f47,NHPC,Painting of external surfaces of 06 Nos. Penstock as per Scope of Work at Salal Power Station.,Unclassified,,,,Unknown,https://www.nhpcindia.com/welcome/tender,NH/SPS/PnC/NIT-211/25-26/311-320,NIT,,,,No,2026-09-04,2026-09-04,NEW
956bc01724d8,NHPC,"Renovation of Auditorium including Electrification, Acoustic Treatment, Seating, Automated Stage Curtains and Carpeting at Salal Power Station, Jyotipuram.",Unclassified,,,,Unknown,https://www.nhpcindia.com/welcome/tender,NH/SPS/P&C/NIT-210/25-26/300-309,NIT,,,,No,2026-09-04,2026-09-04,NEW
8faf7defac3d,NHPC,CompleteReplacement of Old RubberSeal with NewOne including replacement of Nuts andBolts i.r.o.11 Nos. SpillwayRadialGates and 01No.Flap SpillwayRadialGates and Painting of all Hydro-Mech.Equip. as perSpecifications and Scope of Work/BOQ at Salal PS.,Hydro,,,,Unknown,https://www.nhpcindia.com/welcome/tender,NH/SPS/P&C/NIT-209/25-26/289-298,NIT,,,,No,2026-09-04,2026-09-04,NEW
644efec4e2b9,NHPC,"Hydrographical Survey of Dam reservoir, River Cross-Sections and Level Marking at G&D Sites of Dhauliganga Power Station",Unclassified,,,,Unknown,https://www.nhpcindia.com/welcome/tender,NH/DG/CONTRACT/1069/2025-26/25,Tender,,,,Yes,2026-09-04,2026-09-04,NEW
05df944237d0,NHPC,Repair & HP-HVOF coating of 02 Sets of Guide Vanes (one set comprising 20 Nos. Guide Vanes) of Dhauliganga Power Station (2025-26).,Unclassified,,,,Unknown,https://www.nhpcindia.com/welcome/tender,NH/DG/Contract/1067/2025-26/26 Dated 05/07/2025,Tender,,,,No,2026-09-04,2026-09-04,NEW
f70c4105aa96,NHPC,Supply of 132KV Current Transformer (04 Nos. ) and 132KV Potential Transformer (01 No.),Unclassified,,,,Unknown,https://www.nhpcindia.com/welcome/tender,GEM/2025/B/6376311,Tender,,,,No,2026-09-04,2026-09-04,NEW
37b83b032052,NHPC,De-siltation of Khordak Channel from Loktak Forest view point to the end of Khordak Channel.,Unclassified,,,,Unknown,https://www.nhpcindia.com/welcome/tender,NIT No. 1082 (O),NIT,,,,No,2026-09-04,2026-09-04,NEW
8100212cf6d2,NHPC,Appointment of Dividend Banker for Payment of Final Dividend for the Financial Year 2024-25,Unclassified,,,,Unknown,https://www.nhpcindia.com/welcome/tender,NH/CCW/CC-II/CO-404/PR10025/115,Tender,,,,No,2026-09-04,2026-09-04,NEW
2b72e46dc113,NHPC,"Re-Construction of 11/0.415 KV Electrical Sub-Station with HT Line, HT & LT Panels, and other associated works at Dikchu Dam Site of Teesta-V Power Station NHPC Ltd., damaged due to land slide",Unclassified,,,,Unknown,https://www.nhpcindia.com/welcome/tender,NIT No. NH/TSV/CONT/EC-163/NIT-1031/2025-26/141 Dated: 08/07/2025 and E-Tender Id:2025_NHPC_865435_1,NIT,,,,Yes,2026-09-04,2026-09-04,NEW
05cd5603086c,NHPC,Restoration of slide portion at RD ± 4.40 Km on Mashka -Pepri Road of Sewa-II Power Station Mashka (J&K) (CW-687),Unclassified,,Jammu and Kashmir,,Unknown,https://www.nhpcindia.com/welcome/tender,NH/Sewa2/Cont/CW-687/NIT-05/55 Dt.03.07.25 (Tender ID: 2025_NHPC_ 867307_1),NIT,,,,No,2026-09-04,2026-09-04,NEW
f4c617b4f381,NHPC,Comprehensive Annual Maintenance Contract (CAMC) of Chiller Unit No:2 (one no.) and Packaged ACs (2 Nos.) installed in Power House for a period of Two Years,Unclassified,,,,Unknown,https://www.nhpcindia.com/welcome/tender,NIT No. NH/TSV/Cont/MC-160/NIT-1030/2025-26/135 Dated: 03/07/2025 and GEM Bid No. GEM/2025/B/6404404,NIT,,,,No,2026-09-04,2026-09-04,NEW
d3c9d420f192,NHPC,Re-babbiting on turbine guide bearing shells for Dhauliganga power station,Unclassified,,,,Unknown,https://www.nhpcindia.com/welcome/tender,NH/DG/Contract/1068/2025-26/22 Dated 02/07/2025,Tender,,,,Yes,2026-09-04,2026-09-04,NEW
358df65320e3,NHPC,"Supply, Transportation, Installation and commissioning of 24 W solar Street light under CSR scheme of TLD-IV PS, Kalijhora",Solar,,,,Unknown,https://www.nhpcindia.com/welcome/tender,GEM/2025/B/6196209,Tender,,,,Yes,2026-09-04,2026-09-04,NEW
5b0c6c5362b8,NHPC,"Comprehensive AMC of CCTV and its Accessories installed at Shram Shakti Bhawan MoP, New Delhi, Office cum residence of MoS, MoP and Office cum residence of PS to MoS, MoP for 03 years as per scope of work",Unclassified,,Delhi,,Unknown,https://www.nhpcindia.com/welcome/tender,GEM/2025/B/6323838 Dated: 02-07-2025,Tender,,,,No,2026-09-04,2026-09-04,NEW
b178970675aa,NHPC,Routine Maintenance of Hydro Mechanical Equipments of Uri-II Power Station.,Hydro,,,,Unknown,https://www.nhpcindia.com/welcome/tender,GEM/2025/B/6353880,Tender,,,,Yes,2026-09-04,2026-09-04,NEW
bf51980634f3,NHPC,"Supply of LED Glow Sign Boards with NHPC Logo, and Brass Opening ceremony lamp for Sewa-II Power Station, Mashka",Unclassified,,,,Unknown,https://www.nhpcindia.com/welcome/tender,GEM/2025/B/6393923 Dated: 02-07-2025,Tender,,,,No,2026-09-04,2026-09-04,NEW
52a64aa78184,NHPC,Procurement of 02 nos. of Servo Positioning Controller(SPC) Module for TSLG governing system installed in Salal Power station(6x115MW)-Regarding,Unclassified,115.0,,,Unknown,https://www.nhpcindia.com/welcome/tender,GEM/2025/B/6392192,Tender,,,115 MW,No,2026-09-04,2026-09-04,NEW
51b1f0366f8a,NHPC,SPC-700 Redundant Controller with Base MB710 for Salal Power Station from M/s ABB INDIA LIMITED,Unclassified,,,,Unknown,https://www.nhpcindia.com/welcome/tender,GEM/2025/B/6390223,Tender,,,,No,2026-09-04,2026-09-04,NEW
2ca4d355a9fc,NHPC,Repair and Restoration of All Field Hostels with PVC Lining and tile work around Guest House and Exe. Field Hostel at Sewa-II Power Station Maska (J&K) (CW-683),Unclassified,,Jammu and Kashmir,,Unknown,https://www.nhpcindia.com/welcome/tender,NH/Sewa2/Cont/CW-683/NIT-04/54 Dt.02.07.25 (Tender ID: 2025_NHPC_867104_1),NIT,,,,No,2026-09-04,2026-09-04,NEW
505fdc8a5dab,NHPC,Re- routing /construction of the damaged 11KV HT line from the DG set (Dam Office) to the SFT,Unclassified,,,,Unknown,https://www.nhpcindia.com/welcome/tender,NIT No. NH/TSV/CONT/EC-166/NIT-1029/2025-26/134 Dated: 02/07/2025 and E-Tender Id: 2025_NHPC_867056_1,NIT,,,,Yes,2026-09-04,2026-09-04,NEW
c39888e91d54,NHPC,Removal of Deposited Sediments from Salal Dam Reservoir,Unclassified,,,,Unknown,https://www.nhpcindia.com/welcome/tender,2025_NHPC_866927_1,Tender,,,,No,2026-09-04,2026-09-04,NEW
8103a408e978,NHPC,"Supply and Erection of Cables, Sensors for Automatic Reservoir Monitoring and Control (ARMAC) and Commissioning of ARMAC System at Dam of Parbati HE Project (Stage-II) (Package No. C-818)",Unclassified,,,,Unknown,https://www.nhpcindia.com/welcome/tender,2025_NHPC_866628_1,Tender,,,,No,2026-09-04,2026-09-04,NEW
52bc194d9ecb,NHPC,"""Repair and HP-HVOF Coating of 20 Nos of wicket gates (01 set ) of 77 MW Francis Hydro-turbine of Chamera-III Power station (E-office no. 142370 )”",Hydro,77.0,,,Unknown,https://www.nhpcindia.com/welcome/tender,NH/CPS- III/Cont./142370/2025-26/88 Dated:30.06.2025,Tender,,,77 MW,Yes,2026-09-04,2026-09-04,NEW
0222aa20f11b,NHPC,Supply and Demonstration of Automatic Battery Discharging Test Kit at Parbati-III PS,Unclassified,,,,Unknown,https://www.nhpcindia.com/welcome/tender,GEM/2025/B/6377314,Tender,,,,Yes,2026-09-04,2026-09-04,NEW
16988a18c3f3,NHPC,testing Tender,Unclassified,,,,Unknown,https://www.nhpcindia.com/welcome/tender,testing Tender,Tender,,,,No,2026-09-04,2026-09-04,NEW
cb39ee64670f,NHPC,"Supply, Installation, Testing, Commissioning & Training of Active LED Wall along with Audio Video Equipment at 2nd & 3rd Floor Conference Hall at Jyoti Sadan (OB), NHPC Office Complex, Faridaba",Unclassified,,,,Unknown,https://www.nhpcindia.com/welcome/tender,GEM/2025/B/6208564,Tender,,,,No,2026-09-04,2026-09-04,NEW
06716970d429,NHPC,Supply and Installation of Split Air Conditioners with stabilizer,Unclassified,,,,Unknown,https://www.nhpcindia.com/welcome/tender,GEM/2025/B/6376764,Tender,,,,No,2026-09-04,2026-09-04,NEW
ff0128267ac9,NHPC,"Electrical Wiring and Lighting works of dormitory, shed and security check post at Nakrod field hostel complex at Dam site of BSPS",Unclassified,,,,Unknown,https://www.nhpcindia.com/welcome/tender,NH/BSPS/CC/CW/07/2025-26/100,Tender,,,,No,2026-09-04,2026-09-04,NEW
534f0a0e0680,NHPC,Comprehensive Maintenance for AC’s installed at Parbati-III Power Station,Unclassified,,,,Unknown,https://www.nhpcindia.com/welcome/tender,GEM/2025/B/6362824,Tender,,,,No,2026-09-04,2026-09-04,NEW
141c535b439b,NHPC,Clearing of Grass at NHPC Colony Gingle,Unclassified,,,,Unknown,https://www.nhpcindia.com/welcome/tender,NH/UPS/PCS/C-111/NIQ-97/296 Dated 13.06.2025,Tender,,,,No,2026-09-04,2026-09-04,NEW
3c981d484f2d,NHPC,Purchase of Guide Vane Servo Motor (LH & RH) for 3x20 MW Hydro Generating unit of Rangit Power Station,Hydro,20.0,,,Unknown,https://www.nhpcindia.com/welcome/tender,GEM/2025/B/6304847,Tender,,,20 MW,Yes,2026-09-04,2026-09-04,NEW
6dbe8bce1913,NHPC,Supply and installation of Moisture cum Temperature Detector,Unclassified,,,,Unknown,https://www.nhpcindia.com/welcome/tender,"GEM/2025/B/6351723,Dated: 27-06-2025",Tender,,,,No,2026-09-04,2026-09-04,NEW
3504b55d1759,NHPC,supply of Door Frame Metal Detector and hand held metal detector,Unclassified,,,,Unknown,https://www.nhpcindia.com/welcome/tender,GEM/2025/B/6246951 Dated: 12-06-2025,Tender,,,,No,2026-09-04,2026-09-04,NEW
17334ad68161,NHPC,"Purchase of Top Cover, TGB Housing & Thrust Pads for 3 X 20 MW Rangit Power Station",Unclassified,20.0,,,Unknown,https://www.nhpcindia.com/welcome/tender,GEM/2025/B/6294043,Tender,,,20 MW,Yes,2026-09-04,2026-09-04,NEW
39c5588d2f90,NHPC,Re-Construction of 11 KV Line from Guest house to Dam top at Dam Site for Teesta-V Power Station NHPC Ltd.,Unclassified,,,,Unknown,https://www.nhpcindia.com/welcome/tender,NIT No. NH/TSV/CONT/EC-165/NIT-1028/2025-26/124 Dated: 26/06/2025 and E-Tender Id. 2025_NHPC_865961_1,NIT,,,,No,2026-09-04,2026-09-04,NEW
be6732dae1a8,NHPC,Purchase of Batteries for DG sets Installed at Dam site of Parbati-III Power Station,Unclassified,,,,Unknown,https://www.nhpcindia.com/welcome/tender,GEM/2025/B/6356457,Tender,,,,No,2026-09-04,2026-09-04,NEW
6d828bef9a4a,NHPC,"Engagement of a PR agency for Strategic Communication focused on cultivating a positive public image for hydropower projects, with special emphasis on hydropower projects in Arunachal Pradesh to deal with local stakeholders of Upper Siang Multipurpose Storage Project (USMSP)",Unclassified,,Arunachal Pradesh,,Unknown,https://www.nhpcindia.com/welcome/tender,GEM/2025/B/6381602,Tender,,,,Yes,2026-09-04,2026-09-04,NEW
56c010436085,NHPC,"The work of increase in height of Hoist support structure of Crest Spillway Vertical gate at Dam of Chamera-III Power Station, Khadamukh, Chamba (HP) (E-office no. 134857)",Unclassified,,,,Unknown,https://www.nhpcindia.com/welcome/tender,NH/CPS- III/Cont./134857/2025-26/62,Tender,,,,No,2026-09-04,2026-09-04,NEW
816ccb88803d,NHPC,Repair and Painting of Valve House Building near Adit -IV and other misc works at Sewa -II Power Station Mashka (J&K) (CW-684),Unclassified,,Jammu and Kashmir,,Unknown,https://www.nhpcindia.com/welcome/tender,NH/Sewa2/Cont/CW-684/NIT-03/51 Dt.25.06.25 (Tender ID: 2025_NHPC_866143_1),NIT,,,,No,2026-09-04,2026-09-04,NEW
8f58052764a9,NHPC,Insurance coverage for outstanding House Building Advance under NHPC Employees (HBA) Group Insurance Scheme for a period of one year (14.09.2025 to 13-09-2026),Unclassified,,,,Unknown,https://www.nhpcindia.com/welcome/tender,NH/CCW/CC-II/CO-403/PR10025/92,Tender,,,,No,2026-09-04,2026-09-04,NEW
130d0faa8020,NHPC,"Design & Engineering, Manufacture, Supply, Installation, Testing and Commissioning of oil mist extractor system for generating units of Sewa-II Power Station",Unclassified,,,,Unknown,https://www.nhpcindia.com/welcome/tender,GEM/2025/B/6366297 Dated: 25-06-2025,Tender,,,,No,2026-09-04,2026-09-04,NEW
31dbf5844dff,NHPC,purchase of 03 nos. of Dinning table 6-seater for liaison office dibrugarh.,Unclassified,,,,Unknown,https://www.nhpcindia.com/welcome/tender,GEM/2025/B/6356296,Tender,,,,No,2026-09-04,2026-09-04,NEW
51581c7e3708,NHPC,Carrying out Annual Maintenance &amp;amp;amp; Repair of underwater parts of three Generating units of 3X60 MW of BSPS for FY 2025-26 and 2026-27,Unclassified,60.0,,,Unknown,https://www.nhpcindia.com/welcome/tender,NH/BSPS/CC/PH/11/2025-26/095,Tender,,,60 MW,Yes,2026-09-04,2026-09-04,NEW
d921d1df4860,NHPC,"Painting, Lettering, and Numbering of Electrical Equipment at NHPC Right Bank Colony.",Unclassified,,,,Unknown,https://www.nhpcindia.com/welcome/tender,NH/SLP/CONT/2025/C-07/NIT/541,NIT,,,,No,2026-09-04,2026-09-04,NEW
25f3855b99fc,NHPC,"Re-certification audit of ISO 9001:2015, ISO 14001:2015 & ISO 45001:2018 at Salal Power Station for a period of three years from the year 2025-26",Unclassified,,,,Unknown,https://www.nhpcindia.com/welcome/tender,GEM/2025/B/6269400,Tender,,,,No,2026-09-04,2026-09-04,NEW
f19169ed121e,NHPC,Purchase of submersible pump for Transformer oil soak Pit,Unclassified,,,,Unknown,https://www.nhpcindia.com/welcome/tender,"GEM/2025/B/6342470,Dated: 16-06-2025",Tender,,,,No,2026-09-04,2026-09-04,NEW
18ab728c75dd,NHPC,Purchase of Safety relief valve,Unclassified,,,,Unknown,https://www.nhpcindia.com/welcome/tender,"GEM/2025/B/6280851,Dated: 19-06-2025",Tender,,,,No,2026-09-04,2026-09-04,NEW
9235e678fc3c,NHPC,Purchase of single phase Auto transformer for Generator testing,Unclassified,,,,Unknown,https://www.nhpcindia.com/welcome/tender,"GEM/2025/B/6358416,Dated: 23-06-2025",Tender,,,,No,2026-09-04,2026-09-04,NEW
64ec48b85d8a,NHPC,"Construction of Community Hall at Samthar suruk in samthar GP, in locality of Punam pariwar welfare society, Kalimpong, West Bengal by TLD-IV PS",Unclassified,,West Bengal,,Unknown,https://www.nhpcindia.com/welcome/tender,NH/TLD-IV PS/P&C/W-930/2025/2029 Date: 23/06/2025,Tender,,,,No,2026-09-04,2026-09-04,NEW
58f1ebdae5ae,NHPC,Insurance coverage of outstanding Children Higher Education Advance under NHPC Employees Children Higher Education Advance Group Insurance Scheme for a period of one year from 19.09.2025 to 18.09.2026,Unclassified,,,,Unknown,https://www.nhpcindia.com/welcome/tender,NH/CCW/CC-II/CO-402/PR10025/82,Tender,,,,No,2026-09-04,2026-09-04,NEW
c3c9479e4f24,NHPC,"Providing services for Running and maintenance of 66/11 KV Switchyard, DG Set, Power supply network and Electrical installations of Balutar for the period of 2-Years (2025-2027).",Unclassified,,,,Unknown,https://www.nhpcindia.com/welcome/tender,NH/TSV/Cont/RM-212/NIT-1027/2025-26/114 Dated : 21/06/2025 & GEM Bid No. GEM/2025/B/6370620,NIT,,,,No,2026-09-04,2026-09-04,NEW
c73d7f6b27e5,NHPC,“Repair and HP-HVOF Coating of 01 No Runner of 77 MW Francis Hydro-turbine of Chamera-III Power Station (E-office no. 140221),Hydro,77.0,,,Unknown,https://www.nhpcindia.com/welcome/tender,NH/CPS- III/Cont./140221/2025-26/84,Tender,,,77 MW,Yes,2026-09-04,2026-09-04,NEW
3cf84185e213,NHPC,Hiring of Service Engineer for Annual Maintenance and Servicing (AMC) of all Rexroth make Hydraulic systems of Hydro-Mechanical Equipments installed at Dam and SFT area of Uri-II Power Station,Hydro,,,,Unknown,https://www.nhpcindia.com/welcome/tender,GEM/2025/B/6342587,Tender,,,,Yes,2026-09-04,2026-09-04,NEW
52c4718109c6,NHPC,"Restoration of 03 no. 11 KV Line from 33/11 KV Substation, Behali to Power House &amp;amp; Sapangini Township at Parbati-III Power station",Transmission / Evacuation,,,,Unknown,https://www.nhpcindia.com/welcome/tender,"NH/PPS-III/NIT/PR11923/155/1/43, Dated: 20/06/2025",NIT,,,,No,2026-09-04,2026-09-04,NEW
2f73babbfd64,NHPC,Procurement of Air Conditioner,Unclassified,,,,Unknown,https://www.nhpcindia.com/welcome/tender,GEM/2025/B/6310525,Tender,,,,No,2026-09-04,2026-09-04,NEW
46b79795b721,NHPC,Purchase of 01 No. Wave Trap for 420 KV Pothead Yard of Uri-II PS,Unclassified,,,,Unknown,https://www.nhpcindia.com/welcome/tender,GEM/2025/B/6190128,Tender,,,,No,2026-09-04,2026-09-04,NEW
8fe321f1a973,NHPC,Purchase of 02 Nos. Surge Arrestor for 420 KV Pothead Yard of Uri-II PS,Unclassified,,,,Unknown,https://www.nhpcindia.com/welcome/tender,GEM/2025/B/6189960,Tender,,,,No,2026-09-04,2026-09-04,NEW
af7d2b9f8272,NHPC,Purchase of 01 No. Capacitive Voltage Transformer for 420 KV Pothead Yard of Uri-II PS,Unclassified,,,,Unknown,https://www.nhpcindia.com/welcome/tender,GEM/2025/B/6189047,Tender,,,,No,2026-09-04,2026-09-04,NEW
e6b99597f1ba,NHPC,Purchase of Battery for 48V DC battery bank and Consumables spares for 48V /220 V DC battery bank at Uri- II Power House,Unclassified,,,,Unknown,https://www.nhpcindia.com/welcome/tender,GEM/2025/B/6295664,Tender,,,,Yes,2026-09-04,2026-09-04,NEW
669b9685316a,NHPC,Purchase of VCB Panels (ICOG) complete with relay and other accessories for 11 KV Sub Station Uri II Power Station,Unclassified,,,,Unknown,https://www.nhpcindia.com/welcome/tender,GEM/2025/B/6335611,Tender,,,,No,2026-09-04,2026-09-04,NEW
6341e3299969,NHPC,Repairing & Painting of Jorawar Hospital of Salal Power Station at Jyotipuram.,Unclassified,,,,Unknown,https://www.nhpcindia.com/welcome/tender,NH/SPS/CD/NIT-104/25-26/248-257 dt 17-06-2025 (Tender ID 2025_NHPC_ 864290_1 ),NIT,,,,No,2026-09-04,2026-09-04,NEW
53d073e191a2,NHPC,"Providing and fixing Floor Tile work in residential building of NHPC, Regional Office at Sector 42 A, Chandigarh.",Unclassified,,Chandigarh,,Unknown,https://www.nhpcindia.com/welcome/tender,NH/ROCHD/PNC/CW15/2025/06 Dated: 05.05.2025,Tender,,,,No,2026-09-04,2026-09-04,NEW
c0c79dbaed0d,NHPC,Operation and Maintenance of Sewage Treatment Plant (STP) of 5 KLD capacity for Power House of Uri-II Power Station,Unclassified,,,,Unknown,https://www.nhpcindia.com/welcome/tender,GEM/2025/B/6294039,Tender,,,,No,2026-09-04,2026-09-04,NEW
a9498df26c05,NHPC,Painting and maintenance of glass windows of Power House building at Power House Site of Parbati-H.E. Project (Stage-II) (Package No-C-817),Unclassified,,,,Unknown,https://www.nhpcindia.com/welcome/tender,2025_NHPC_ 864671 _1,Tender,,,,Yes,2026-09-04,2026-09-04,NEW
c0fe1d307de1,NHPC,Annual Maintenance Contract of ACs installed at various Locations of Teesta-V Power Station.,Unclassified,,,,Unknown,https://www.nhpcindia.com/welcome/tender,NIT No. NH/TSV/Cont/EC-164/NIT-1026/2025-26/104 Dated : 16/06/2025 and GEM Bid No. GEM/2025/B/6336031,NIT,,,,No,2026-09-04,2026-09-04,NEW
14b62e6b960e,NHPC,Cryogenic cleaning (dry ice cleaning) of stator and rotor winding of hydro generator of Salal Power,Hydro,,,,Unknown,https://www.nhpcindia.com/welcome/tender,GEM/2025/B/6304891,Tender,,,,Yes,2026-09-04,2026-09-04,NEW
ff51dba626f1,NHPC,REPAIR AND HP-HVOF COATING OF ONE NO OF RUNNER OF SALAL POWER STATION,Unclassified,,,,Unknown,https://www.nhpcindia.com/welcome/tender,NH/SPS/PnC/NIT-208/ 25-26/271-280,NIT,,,,No,2026-09-04,2026-09-04,NEW
e17d9db3fa91,NHPC,"Visit of OEM service engineer for health & safety checking and supervision of 125 T EOT Crane (Unique make) operation during replacement work of Unit#2 stator of Sewa-II power station, Mashka, J&K (SC-674)",Unclassified,,Jammu and Kashmir,,Unknown,https://www.nhpcindia.com/welcome/tender,GEM/2025/B/6335877 Dated: 14-06-2025,Tender,,,,No,2026-09-04,2026-09-04,NEW
20d17dd7c700,NHPC,"Creation of Office Chambers with Glass partitions in NHPC Office Complex, Sec-33, Faridabad",Unclassified,,,,Unknown,https://www.nhpcindia.com/welcome/tender,NH/CCW/CC-IV/CO-401/PR10025/49,Tender,,,,No,2026-09-04,2026-09-04,NEW
a4c0c5735d62,NHPC,"Works of Boundary survey &amp;amp; marking, Gates chain link fencing of PSS with compound walls and gates all around the periphery of Jalaun Solar Power Park under UMREPP in Jalaun district, U.P.",Solar,,,,Unknown,https://www.nhpcindia.com/welcome/tender,2025_NHPC_864157_1,Tender,,,,Yes,2026-09-04,2026-09-04,NEW
3bf1934ed059,NHPC,Protection work of approach road to Dam and providing and laying interlocking tiles from Dam control room to Adit-I portal of Sewa-II Power Station,Unclassified,,,,Unknown,https://www.nhpcindia.com/welcome/tender,NH/Sewa2/Cont/CW-682/NIT-02/39 Dt.11.06.25 (2025_NHPC_864204_1),NIT,,,,No,2026-09-04,2026-09-04,NEW
c4f6fd7638d4,NHPC,Running and maintenance of the Mechanical Workshop for a period of two years (2025-2027).,Unclassified,,,,Unknown,https://www.nhpcindia.com/welcome/tender,NH/TSV/Cont/RM-210/NIT-1025/2025-26/78 Dated : 10/06/2025 & GEM Bid No. GEM/2025/B/6325081,NIT,,,,No,2026-09-04,2026-09-04,NEW
92ff696a38d2,NHPC,Purchase of Hydraulic Hose Pipes for Rexroth Make Hydraulic system for radial gates and Slit flushing tunnel gates and Gasoline Engine installed at Dam Site of Parbati-III Power Station,Unclassified,,,,Unknown,https://www.nhpcindia.com/welcome/tender,GEM/2025/B/6258843,Tender,,,,No,2026-09-04,2026-09-04,NEW
837e62ea7564,NHPC,"Protective Ceramic coating on Spiral Casing, Stay Vanes and Turbine Top Cover of Generating Units of Teesta-V Power Station",Unclassified,,,,Unknown,https://www.nhpcindia.com/welcome/tender,NIT No. NH/TSV/Cont/MC-148/NIT-1024/2025-26/77 Dated: 10/06/2025 and E-Tender Id: 2025_NHPC_ 863899_1,NIT,,,,No,2026-09-04,2026-09-04,NEW
645d8db38ef3,NHPC,"Running, Maintenance &amp; Operation of Officers’ Club at Right Bank, Golghar Staff Canteen &amp; Transit Camp at Left Bank of Balutar for a period of 02 years (FY 2025-27).",Unclassified,,,,Unknown,https://www.nhpcindia.com/welcome/tender,NH/TSV/Cont/RM-216/NIT-1023/2025-26/75 Dated : 09/06/2025 &amp; GEM Bid No. GEM/2025/B/6318542,NIT,,,,No,2026-09-04,2026-09-04,NEW
24b9feaa7e46,NHPC,R&M of Electrical Installations and Fire safety of Rangit Power House,Unclassified,,,,Unknown,https://www.nhpcindia.com/welcome/tender,NH-RPS-PH013/5/2025-PH/40,Tender,,,,No,2026-09-04,2026-09-04,NEW
8e2c8f123ef9,NHPC,Replacement of Maintenance and Service Seal of MIV of Unit#2 and Service seal of MIV of Unit#1 of Generating units of Sewa-II Power Station,Unclassified,,,,Unknown,https://www.nhpcindia.com/welcome/tender,GEM/2025/B/6299666 Dated: 09-06-2025,Tender,,,,No,2026-09-04,2026-09-04,NEW
5b501b5cddcb,NHPC,"Repair and Maintenance of Internal Painting and misc. works in Power House Building at Dhyangarh, Salal Power Station",Unclassified,,,,Unknown,https://www.nhpcindia.com/welcome/tender,NH/SPS/CD/NIT-103/25-26/232-241 (2025_NHPC_862978_1 ),NIT,,,,No,2026-09-04,2026-09-04,NEW
25536f7096ca,NHPC,Lot III Electro mechanical works of 240 MW Uri I Stage II H E Project Baramulla District of UT of JK,Unclassified,240.0,,,Unknown,https://www.nhpcindia.com/welcome/tender,2025_NHPC_861342_1,Tender,,,240 MW,Yes,2026-09-04,2026-09-04,NEW
4d6012fd37c8,NHPC,Purchase of 02 sets of shaft seal assembly including coupling guard and accessories for Generating Units of Salal Power Station,Unclassified,,,,Unknown,https://www.nhpcindia.com/welcome/tender,GEM/2025/B/6233338,Tender,,,,No,2026-09-04,2026-09-04,NEW
b23b02ca0bdf,NHPC,Hiring of 06 MUV/SUV up to 1500 CC (Mahindra Bolero Model B4(Diesel) or higher vehicle) for the period of twenty-four (24) months for Dibang Multipurpose Project.,Unclassified,,,,Unknown,https://www.nhpcindia.com/welcome/tender,NH/DMP/PNC/NIT/2025/08,NIT,,,,No,2026-09-04,2026-09-04,NEW
88e0c9a190b2,NHPC,"Internal Electrification of CISF Frisking/ Control Room at main gate of NHPC Colony Kralpora, Bandipora, J&amp;amp;K (PKG-537).",Unclassified,,,,Unknown,https://www.nhpcindia.com/welcome/tender,2025_NHPC_863181_1,Tender,,,,No,2026-09-04,2026-09-04,NEW
b5aaed09001f,NHPC,"Pest Control Work at NHPC Office Complex (Jyoti Sadan & Neer Shakti Sadan), Sector-33, Faridabad",Unclassified,,,,Unknown,https://www.nhpcindia.com/welcome/tender,GEM/2025/B/6299367,Tender,,,,No,2026-09-04,2026-09-04,NEW
076ad07458fe,NHPC,Providing Security Services of Ex-Serviceman through DGR Registered Agencies at Sawalkote HE Project,Unclassified,,,,Unknown,https://www.nhpcindia.com/welcome/tender,2025_NHPC_861173_1,Tender,,,,No,2026-09-04,2026-09-04,NEW
774514fb99dd,NHPC,Purchase of mandatory spares for C&S make 415 volt ACB’s installed at LT distribution system of Power House. (PR-27),Unclassified,,,,Unknown,https://www.nhpcindia.com/welcome/tender,GEM/2025/B/6262173 Dated: 03-06-2025,Tender,,,,No,2026-09-04,2026-09-04,NEW
4c018dbbf418,NHPC,"Design, manufacturing/ fabrication, supply, transportation, erection and commissioning of Trash rack cleaning machine at dam site, Khadamukh, Chamera-III Power Station.",Unclassified,,,,Unknown,https://www.nhpcindia.com/welcome/tender,GEM/2025/B/6292452,Tender,,,,No,2026-09-04,2026-09-04,NEW
db4fbf3e681b,NHPC,Purchase of 245 kV Current Transformers for Salal Power Station,Unclassified,,,,Unknown,https://www.nhpcindia.com/welcome/tender,GEM/2025/B/6290399,Tender,,,,No,2026-09-04,2026-09-04,NEW
860e33a54de8,NHPC,"Lot-II Package : Hydro-mechanical Works for All Gates and Pressure Shaft Liners for the implementation of the 240 MW Uri-I Stage-II H.E Project, located near Boniyar, Uri villages in the Baramulla District of UT of J&amp;amp;amp;amp;K, India.",Hydro,240.0,,,Unknown,https://www.nhpcindia.com/welcome/tender,2025_NHPC_862315_1,Tender,,,240 MW,Yes,2026-09-04,2026-09-04,NEW
4baa0e140248,NHPC,Lot-I Package: Civil worksof the 260 MW Dulhasti Stage-II H.E Project,Unclassified,260.0,,,Unknown,https://www.nhpcindia.com/welcome/tender,2025_NHPC_862404_1,Tender,,,260 MW,Yes,2026-09-04,2026-09-04,NEW
64b38e21aaec,NHPC,Running & Maintenance of road and side drain from zero Point to Power House for a period of 02 years (FY 2025-27),Unclassified,,,,Unknown,https://www.nhpcindia.com/welcome/tender,NH/TSV/Cont/RM-217/NIT-1022/2025-26/72 Dated : 31/05/2025 & GEM Bid No. GEM/2025/B/6296962,NIT,,,,No,2026-09-04,2026-09-04,NEW
a48cfb1ec75b,NHPC,"Running, Maintenance &amp;amp; Operation of VIP Guest House, Transit Camp-I &amp;amp; II at Right Bank of Balutar and Executive Field Hostel at Dungdung for 02 years (FY 2025-2027)",Unclassified,,,,Unknown,https://www.nhpcindia.com/welcome/tender,NH/TSV/Cont/RM-215/NIT-1021/2025-26/68 Dated : 31/05/2025 &amp;amp; GEM Bid No. GEM/2025/B/6295000,NIT,,,,No,2026-09-04,2026-09-04,NEW
c06849ef830a,NHPC,"Running and Maintenance of office cum transit camp, canteen, up-keeping of Dam structures and access roads at Dam complex of Teesta-V Power Station.",Unclassified,,,,Unknown,https://www.nhpcindia.com/welcome/tender,NH/TSV/Cont/RM-201/ NIT-1020/2025-26/66 Dated: 30/05/2025 &amp;amp; GEM Bid No. GEM/2025/B/6291186,NIT,,,,No,2026-09-04,2026-09-04,NEW
c54c6fe519ff,NHPC,"A Direct auction for sale of 1 no. Mahindra Scorpio (Model -Scorpio 10 CRDe BS3 SLX 4WD 7SF) of NHPC Ltd.,Dibang Multipurpose Project, Roing, Lower DIbang Valley,AP",Unclassified,,,,Unknown,https://www.nhpcindia.com/welcome/tender,NH/DMP/S&amp;D/2025,Tender,,,,No,2026-09-04,2026-09-04,NEW
0618b8025496,NHPC,Providing service of Running and Maintenance of Electrical Infra Division of Dibang Multipurpose Project 2880MW),Unclassified,2880.0,,,Unknown,https://www.nhpcindia.com/welcome/tender,GEM/2025/B/6270471,Tender,,,2880 MW,No,2026-09-04,2026-09-04,NEW
54561c5f1a4b,NHPC,"Insurance Coverage for the GIS equipment under EAR, third party liability and terrorism risk for the work “Supply, Erection, Testing & Commissioning of 420 KV GIS, 400 KV Outdoor Pothead Yard, 400 KV XLPE Cables and associated accessories for Teesta V Power Station""",Unclassified,,,,Unknown,https://www.nhpcindia.com/welcome/tender,NIT No. NH/TSV/Cont/EC-158/NIT-1019/2025-26/74 Dated : 29/05/2025 and GEM Bid Id: GEM/2025/B/6288791,NIT,,,,No,2026-09-04,2026-09-04,NEW
f99b8d614054,NHPC,"Manufacturing, Supplying, installation, testing and commissioning of Indoor floor mounted with base channel, sectionalized, compartmentalized, 100% bolted (Modular) Main LT Distribution Panel and other allied items of panel complete in all respect.",Unclassified,,,,Unknown,https://www.nhpcindia.com/welcome/tender,GEM/2025/B/6249172,Tender,,,,No,2026-09-04,2026-09-04,NEW
b94a6bee15c2,NHPC,"Repairing of Loktak-Leimatak road from RD 22.000 km to RD 24.700 km, Loktak Project (Package-2).",Unclassified,,,,Unknown,https://www.nhpcindia.com/welcome/tender,NIT-1078 (O),NIT,,,,No,2026-09-04,2026-09-04,NEW
566f3ddaa52b,NHPC,Providing services for running and maintenance of Medical Division of Dibang Multipurpose Project Arunachal Pradesh for 24 months,Unclassified,,Arunachal Pradesh,,Unknown,https://www.nhpcindia.com/welcome/tender,GEM/2025/B/6247683,Tender,,,,No,2026-09-04,2026-09-04,NEW
45440d8386ab,NHPC,Purchase of Transformer Turn Ratio Meter for Sewa-II Power Station,Unclassified,,,,Unknown,https://www.nhpcindia.com/welcome/tender,GEM/2025/B/6271563 Dated: 29-05-2025,Tender,,,,No,2026-09-04,2026-09-04,NEW
abc39053f9df,NHPC,Providing services for Running and Maintenance of Land Acquisition RNR and Environment divisions of Dibang Multipurpose Project Arunachal Pradesh for 24 months,Unclassified,,Arunachal Pradesh,,Unknown,https://www.nhpcindia.com/welcome/tender,GEM/2025/B/6261537,Tender,,,,No,2026-09-04,2026-09-04,NEW
a5326ea95745,NHPC,Providing services for Running and Maintenance of DAM Complex at TLD-IV PS,Unclassified,,,,Unknown,https://www.nhpcindia.com/welcome/tender,GEM/2025/B/6149970,Tender,,,,No,2026-09-04,2026-09-04,NEW
ff4ef97113b4,NHPC,Facility Management Services in IT&C Division-TLD-IV Power Station,Unclassified,,,,Unknown,https://www.nhpcindia.com/welcome/tender,GEM/2025/B/6187016,Tender,,,,No,2026-09-04,2026-09-04,NEW
0a3bc60870f7,NHPC,"Statutory testing & certification of lifting tools-tackles, pressure vessels and equipment under factory act, 1948 of Power House",Unclassified,,,,Unknown,https://www.nhpcindia.com/welcome/tender,NIT No. NH/TSV/Cont/MC-159/NIT-1018/2025-26/71 Dated : 28/05/2025 and GEM Bid No. GEM/2025/B/6257466,NIT,,,,No,2026-09-04,2026-09-04,NEW
b1c4cac07bd5,NHPC,General up Keeping & Housekeeping of colony (Sector - C & D) of Rangit Power Station for the year 2025,Unclassified,,,,Unknown,https://www.nhpcindia.com/welcome/tender,NH-RPS-CTS012/11/2024-CIVIL TS / 32,Tender,,,,No,2026-09-04,2026-09-04,NEW
ac4db2ea262b,NHPC,REPAIRING OF FAULTY LH GUIDE VANE SERVOMOTOR,Unclassified,,,,Unknown,https://www.nhpcindia.com/welcome/tender,NH/TLD-IV PS/P&C/W-926/2025/2018 Dated: 26/05/2025,Tender,,,,No,2026-09-04,2026-09-04,NEW
c3a81f0d97fa,NHPC,"Fencing work of tail pool area of reservoir of DAM, Kishanganga Power Station, Gurez, Bandipora, J&amp;K (PKG-536).",Unclassified,,,,Unknown,https://www.nhpcindia.com/welcome/tender,2025_NHPC_861741_1,Tender,,,,No,2026-09-04,2026-09-04,NEW
23141251cb50,NHPC,"Construction of Recreation Hall at Dam site colony, Kishanganga Power Station, Gurez, Bandipora, J&amp;K (PKG-535).",Unclassified,,,,Unknown,https://www.nhpcindia.com/welcome/tender,2025_NHPC_861729_1,Tender,,,,No,2026-09-04,2026-09-04,NEW
4eb34f5a96ed,NHPC,"Annual Maintenance Contract of computers, peripherals, Server, LAN, CCTV Network and other IT items installed at Chamera Power Station-1.",Unclassified,,,,Unknown,https://www.nhpcindia.com/welcome/tender,NH/CPS-1/P&C/W-1510/2025-26/56 Date :- 22/05/2025,Tender,,,,No,2026-09-04,2026-09-04,NEW
13a7abf3911c,NHPC,Purchase of Xerox Consumables 2025,Unclassified,,,,Unknown,https://www.nhpcindia.com/welcome/tender,GEM/2025/B/6231114,Tender,,,,No,2026-09-04,2026-09-04,NEW
44294d871405,NHPC,"Supply, Installation, testing & Commissioning (SITC) of 02 Nos. of Automatic Rain gauges for Chamera -1 Dam including 03 years Comprehensive Annual Maintenance Contract (CAMC) after 02 years of warranty period.",Unclassified,,,,Unknown,https://www.nhpcindia.com/welcome/tender,NH/CPS-1/P&C/W-1509/2025-26/63 Date: 24/05/2025,Tender,,,,No,2026-09-04,2026-09-04,NEW
59e40512219a,NHPC,"Supply, Installation, Testing & Commissioning (SITC) of 03 Nos of Automatic Weather Stations for Chamera-1 Dam including 03 years Comprehensive Annual Maintenance Contract (CAMC) after 02 years of warranty period.",Unclassified,,,,Unknown,https://www.nhpcindia.com/welcome/tender,NH/CPS-1/P&C/W-1508/2025-26/62 Dated: 24/05/25,Tender,,,,No,2026-09-04,2026-09-04,NEW
f3b7fd760155,NHPC,Supply and Installation of Automatic HVWS (Fire Fighting System) in two 50 MVAr Shunt Reactors with 1.5 MVAr Neutral Reactors at CPS-1.,Unclassified,,,,Unknown,https://www.nhpcindia.com/welcome/tender,NH/CPS-1/P&C/W-1505/2025-26/61 Dated: 24/05/25,Tender,,,,No,2026-09-04,2026-09-04,NEW
2310348ac537,NHPC,Repair of Oil leakage in GSU Transformers installed at Power House of Chamera Power Station-1.,Unclassified,,,,Unknown,https://www.nhpcindia.com/welcome/tender,NH/CPS-1/P&C/W-1504/2025-26/40 Dated: 09/05/2025,Tender,,,,No,2026-09-04,2026-09-04,NEW
a9440d24af1c,NHPC,Chain Link Fencing near DTGH and along NH-1 from Pot Head Yard to Power House Entry Gate at Uri II Power Station,Unclassified,,,,Unknown,https://www.nhpcindia.com/welcome/tender,2025_NHPC_ 861528_1,Tender,,,,No,2026-09-04,2026-09-04,NEW
1ddeb9e8bddd,NHPC,"Purchase of Various types of RCCB’s (Residual Current circuit Breakers) for Dam site, Parbati-III Power Station",Unclassified,,,,Unknown,https://www.nhpcindia.com/welcome/tender,GEM/2025/B/6199122,Tender,,,,No,2026-09-04,2026-09-04,NEW
fffd39b29d69,NHPC,Paintings of Seven Radial Gates of TLD-IV Power Station,Unclassified,,,,Unknown,https://www.nhpcindia.com/welcome/tender,NH/TLD-IV PS/P&C/W-923/2025/2017 Dated: 23/05/2025,Tender,,,,No,2026-09-04,2026-09-04,NEW
ed4e3186b576,NHPC,Providing services for Running and Maintenance of Administrative office building Site Office Dispensary CISF Office etc at TLDIV Power Station Kalijhora,Unclassified,,,,Unknown,https://www.nhpcindia.com/welcome/tender,GEM/2025/B/6149880,Tender,,,,No,2026-09-04,2026-09-04,NEW
6470d878e84c,NHPC,Providing assistance in instrumentation data collection and departmental survey work of TLD-IV PS Kalijhora,Unclassified,,,,Unknown,https://www.nhpcindia.com/welcome/tender,GEM/2025/B/6175224,Tender,,,,No,2026-09-04,2026-09-04,NEW
99aa07582d7a,NHPC,"Running and Maintenance of control building & site office, removal of weeds, cleaning of drains at switchyard and water supply for CISF establishment at TLD-lV Power Station",Unclassified,,,,Unknown,https://www.nhpcindia.com/welcome/tender,GEM/2025/B/6188982,Tender,,,,No,2026-09-04,2026-09-04,NEW
b93eccb21330,NHPC,Repair of servomotor of MIV/BFV/nozzle and bypass valve of butterfly valve installed at Valve House of Parbati H.E. Project (Stage-II) (Package No. C-787A),Unclassified,,,,Unknown,https://www.nhpcindia.com/welcome/tender,2025_NHPC_860954_1,Tender,,,,No,2026-09-04,2026-09-04,NEW
1cf4c30ea918,NHPC,"Design, Manufacturing/ Fabrication, Supply, Transportation, Erection and Commissioning of One no. Trash Rack Cleaning Machine in Place of Damaged TRCM cum Gantry Crane for Teesta-V Power Station (Dam Site, Dikchu)",Unclassified,,,,Unknown,https://www.nhpcindia.com/welcome/tender,GEM/2025/B/6249477,Tender,,,,No,2026-09-04,2026-09-04,NEW
94181962fb7f,NHPC,Roof Protection work and internal &amp; external Painting of K.V School along with road repair works at KV School Gerukamukh at SLP.,Unclassified,,,,Unknown,https://www.nhpcindia.com/welcome/tender,NH/SLP/CONT/2025/C-09/NIT/504,NIT,,,,No,2026-09-04,2026-09-04,NEW
73376c69ac99,NHPC,Auction for Iron Scrap materials,Unclassified,,Sikkim,,Unknown,https://www.nhpcindia.com/welcome/tender,"MSTC/GHY/NHPC LIMITED/1/SIKKIM, EAST SIKKIM/25- 26/10401",Tender,,,,No,2026-09-04,2026-09-04,NEW
92d54cc66325,NHPC,"Monthly Basis Cab and Taxi Hiring Service - Without Fuel - SUV; Mahindra Scorpio; 2024; 0-25,000 kms; A/C; 24",Unclassified,,,,Unknown,https://www.nhpcindia.com/welcome/tender,GEM/2025/B/6179226,Tender,,,,No,2026-09-04,2026-09-04,NEW
b8be22a567bc,NHPC,"Construction of Community Hall at Lower Bara Suruk in Kalimpong Block, West Bengal by TLD-IV PS",Unclassified,,West Bengal,,Unknown,https://www.nhpcindia.com/welcome/tender,NH/TLD-IV PS/P&C/W-931/2025/2012,Tender,,,,No,2026-09-04,2026-09-04,NEW
24384c897622,NHPC,"Supply and Installation of Drainage Pumps Motor set along with pipe, valves, fitting etc. of Power House at Nimoo Bazgo PS, Alchi, Leh..”",Unclassified,,,,Unknown,https://www.nhpcindia.com/welcome/tender,NBPS/CnP/2025-26/W-28/255,Tender,,,,No,2026-09-04,2026-09-04,NEW
61ed1be86ac9,NHPC,"Drawing, design, fabrication, supply and installation of Trash Boom including anchor block at left bank and arrangement for Fastening of Floating Trash boom at Dam End TLDIV PS Kalijhora",Unclassified,,,,Unknown,https://www.nhpcindia.com/welcome/tender,GEM/2025/B/6010997,Tender,,,,No,2026-09-04,2026-09-04,NEW
5b1d7a01c41d,NHPC,"Construction of Community Hall at Samthar suruk in samthar GP, in locality of Punam pariwar welfare society, Kalimpong, West Bengal by TLD-IV PS",Unclassified,,West Bengal,,Unknown,https://www.nhpcindia.com/welcome/tender,NH/TLD-IV PS/P&C/W-930/2025/2009,Tender,,,,No,2026-09-04,2026-09-04,NEW
73b0ab92af0f,NHPC,"Construction of terrace at Mamding Toryok Higher Secondary school , Lower Mamring ,Kurseong Dist- Darjeeling",Unclassified,,,,Unknown,https://www.nhpcindia.com/welcome/tender,NH/TLD-IV PS/P&C/W-932/2025/2011,Tender,,,,No,2026-09-04,2026-09-04,NEW
98b26df5ab0e,NHPC,"Construction of terrace at Mamding Toryok Higher Secondary school , Lower Mamring ,Kurseong Dist- Darjeeling",Unclassified,,,,Unknown,https://www.nhpcindia.com/welcome/tender,NH/TLD-IV PS/P&amp;C/W-932/2025/2011,Tender,,,,No,2026-09-04,2026-09-04,NEW
c420da4d4a56,NHPC,"Establishment of perennial source of water supply system for NHPC Colony Kralpora, Bandipora (PKG-531).",Unclassified,,,,Unknown,https://www.nhpcindia.com/welcome/tender,2025_NHPC_860480_1,Tender,,,,No,2026-09-04,2026-09-04,NEW
8f8faba0d76d,NHPC,Comprehensive Repair of Damaged Runner (OP-2) of Dulhasti Power Station,Unclassified,,,,Unknown,https://www.nhpcindia.com/welcome/tender,NH/DPS/CONT/NIT-238/2025/E142739 dated 17.05.2025,NIT,,,,No,2026-09-04,2026-09-04,NEW
1a52bc58889c,NHPC,Collection and disposal of Trash Deposited in reservoir/ Intake area from time to time during flushing of Reservoir including cleaning of Trash Rack (F.Y. 2025-2026) of TLD-IV PS,Unclassified,,,,Unknown,https://www.nhpcindia.com/welcome/tender,NH/TLD-IV PS/P&amp;C/W-929/2025/2010 Dated: 14/05/2025,Tender,,,,No,2026-09-04,2026-09-04,NEW
c925e975ed9e,NHPC,NIT No. :,Unclassified,,,,Unknown,https://www.nhpcindia.com/welcome/tender,NH/TLD-IV PS/P&C/W-929/2025/2010 Dated: 14/05/2025,NIT,,,,No,2026-09-04,2026-09-04,NEW
26fc9979cf8f,NHPC,"Construction of kitchen and Store Room near MT gate and Dam Toe for CISF at Dam site of Kishanganga Power Station, Gurez, Bandipora, J&amp;amp;K (PKG-534).",Unclassified,,,,Unknown,https://www.nhpcindia.com/welcome/tender,2025_NHPC_860416_1,Tender,,,,No,2026-09-04,2026-09-04,NEW
20e9ad6a50d9,NHPC,AMC of automatic water level recorder (10 Nos AWLR) and Rain gauge including Cleaning of phumdies and grasses at AWLR area of Loktak Power Station.,Unclassified,,,,Unknown,https://www.nhpcindia.com/welcome/tender,GEM/2025/B/6167888,Tender,,,,No,2026-09-04,2026-09-04,NEW
b87b066e368b,NHPC,"Development of Parking Area with Shade in Balutar Colony, NHPC Teesta -V Power Station",Unclassified,,,,Unknown,https://www.nhpcindia.com/welcome/tender,NH/TSV/Cont/CC-353/NIT-1017/2025-26/31 Dated: 10/05/2025 &amp;amp; Tender ID No. 2025_NHPC_859665_1,NIT,,,,No,2026-09-04,2026-09-04,NEW
36a6fc5c9560,NHPC,Purchase of air receiver tank mounted portable LP compressor with trolley for Sewa-II Dam Sarthali,Unclassified,,,,Unknown,https://www.nhpcindia.com/welcome/tender,GEM/2025/B/6209691 Dated 15.05.2025,Tender,,,,No,2026-09-04,2026-09-04,NEW
ba35dd4304d3,NHPC,"Supply,Fabrication,Installation,Testing and commissioning of main gate of Power House,cut out cover railing and staircase railing on different floor of Power House of Parbati-H.E. Project (Stage-II) (Package No-C-803-A)",Unclassified,,,,Unknown,https://www.nhpcindia.com/welcome/tender,2025_NHPC_ 860153 _1,Tender,,,,No,2026-09-04,2026-09-04,NEW
a92e8c1eda1d,NHPC,Erosion control measures on Right Bank of River Subansiri by provision of RCC Jack Jetty adjacent of River Kawamari (RD 27 km to 30 km).,Unclassified,,,,Unknown,https://www.nhpcindia.com/welcome/tender,NH/SLP/CONT/2025/C-10/NIT/501,NIT,,,,No,2026-09-04,2026-09-04,NEW
b2550ea0914e,NHPC,Renovation and repair work of Type-III quarters at SLHEP Gerukamukh.,Unclassified,,,,Unknown,https://www.nhpcindia.com/welcome/tender,NH/SLP/CONT/2025/C-08/NIT/500,NIT,,,,No,2026-09-04,2026-09-04,NEW
d95ef05e1ec6,NHPC,AMC of CCTV Systems of Sewa-II Power Station for One Year (2025-26) (IT-678),Unclassified,,,,Unknown,https://www.nhpcindia.com/welcome/tender,GEM/2025/B/6200788 Dated:14-05-2025,Tender,,,,No,2026-09-04,2026-09-04,NEW
7896a15177f4,NHPC,"Providing and laying premix carpeting on internal road of Banikhet colony from Transport Yard to ED office and upto Field Hostel ( D-6 qtr) including repair of pot holes from NHPC chowk to transport yard at Banikhet, Tehsil - Dalhousie, Distt - Chamba (HP)",Unclassified,,,,Unknown,https://www.nhpcindia.com/welcome/tender,NH/ROBKT/P&amp;amp;amp;amp;amp;amp;C/2025/CW204/116 dated 14.05.2025,Tender,,,,No,2026-09-04,2026-09-04,NEW
5e18195a2e59,NHPC,Topographical survey of Reservoir area along with other locations and bathometry survey along the river Subansiri,Unclassified,,,,Unknown,https://www.nhpcindia.com/welcome/tender,GEM/2025/B/6203046,Tender,,,,No,2026-09-04,2026-09-04,NEW
25aef6232a09,NHPC,Repair and strengthening of internal road of SLP Gerukamukh.,Unclassified,,,,Unknown,https://www.nhpcindia.com/welcome/tender,NH/SLP/CONT/2025/C-05/NIT/499,NIT,,,,No,2026-09-04,2026-09-04,NEW
03e61c5308b1,NHPC,"“Repair of Footpath, plastering, painting and repairing of retaining wall and parapet in Jyotipuram Colony at Salal Power station”.",Unclassified,,,,Unknown,https://www.nhpcindia.com/welcome/tender,NH/SPS/CD/NIT-04/25-26/131-140 Dated: 14/05/2025 (CPPP Tender ID : 2025_NHPC_ 859804_2 ),NIT,,,,No,2026-09-04,2026-09-04,NEW
3fd794ffc551,NHPC,"Housekeeping work of Neer Shakti Sadan and Jal Tarang in NHPC Office Complex, Sector-33, Faridabad",Unclassified,,,,Unknown,https://www.nhpcindia.com/welcome/tender,GEM/2025/B/6204597,Tender,,,,No,2026-09-04,2026-09-04,NEW
1d7e8410a92d,NHPC,"Maintenance &amp;amp;amp;amp;amp;amp;amp;amp; Cleaning of Rain Harvesting Pits for year 2025 in NHPC office Complex, Sector-33, Faridabad",Unclassified,,,,Unknown,https://www.nhpcindia.com/welcome/tender,NH/CCW/CC-IV/CO-387/PR No PR10024/425,Tender,,,,No,2026-09-04,2026-09-04,NEW
00251dcbab6e,NHPC,"Procurement of 60,000 MT Portland Pozzolona Cement (PPC) as per Technical Specifications for Subansiri Lower HE Project",Unclassified,,,,Unknown,https://www.nhpcindia.com/welcome/tender,GEM/2025/B/6193406,Tender,,,,No,2026-09-04,2026-09-04,NEW
4591bdc3f1fe,NHPC,"Repair and maintenance of misc. work and Cleaning and filling of dumped stone under the transformer at Salal Power House, Dhyangarh",Unclassified,,,,Unknown,https://www.nhpcindia.com/welcome/tender,NH/SPS/P&amp;amp;amp;C/NIT-207/25-26/141-150,NIT,,,,No,2026-09-04,2026-09-04,NEW
2b4646e2f648,NHPC,Uri-I Stage-II (240 MW) Package-I Civil Works,Unclassified,240.0,,,Unknown,https://www.nhpcindia.com/welcome/tender,NH/CCW/CC-III/CO-389/PR10625/25,Tender,,,240 MW,Yes,2026-09-04,2026-09-04,NEW
07cf8ece5c22,NHPC,COMPLETE REFURBISHMENT OF 6 NOS PENSTOCK INTAKE GATES WITH THEIR HYDRAULIC HOISTING ARRANGEMENT OF SALAL POWER STATION,Unclassified,,,,Unknown,https://www.nhpcindia.com/welcome/tender,NH/SPS/P&amp;C/NIT-206/25-26/120-129,NIT,,,,No,2026-09-04,2026-09-04,NEW
8d2143987606,NHPC,Providing and fixing LED Glow Sign Boards with LED Lights and LED Lighting of Power House Model of Sewa-II Power Station.,Unclassified,,,,Unknown,https://www.nhpcindia.com/welcome/tender,GEM/2025/B/6190345 Dated: 13-05-2025,Tender,,,,No,2026-09-04,2026-09-04,NEW
b31616f7e342,NHPC,"Renovation of DG shed building and Billing/Office room of Electrical Infra Division at Executive Director Office Complex, Arunachal Pradesh (Kolaptukar)",Unclassified,,Arunachal Pradesh,,Unknown,https://www.nhpcindia.com/welcome/tender,NH/SLP/CONT/2025/C-11/NIT/497,NIT,,,,No,2026-09-04,2026-09-04,NEW
288b0c2afa29,NHPC,"Painting and miscellaneous repairing work of Hospital at Baira Siul Power Station, Surangani",Unclassified,,,,Unknown,https://www.nhpcindia.com/welcome/tender,NH/BSPS/CC/CW/01/2025-26/041,Tender,,,,No,2026-09-04,2026-09-04,NEW
c3204702cd8b,NHPC,"Supplying, Design & Engineering (D&E) of plug in oil coolers for Sewa-II Power Station",Unclassified,,,,Unknown,https://www.nhpcindia.com/welcome/tender,GEM/2025/B/6199628 Dated 08.05.2025,Tender,,,,No,2026-09-04,2026-09-04,NEW
d42e87d87ed8,NHPC,Procurement of Brake and Jack assembly along with spares for Salal Power Station,Unclassified,,,,Unknown,https://www.nhpcindia.com/welcome/tender,GEM/2025/B/6164343,Tender,,,,No,2026-09-04,2026-09-04,NEW
4089263e65b3,NHPC,"Providing Services for R&M of General Up keeping, Housekeeping & Canteen of Rangit Power House, Providing assistance to legship police department for operation of hooter and Siren & arrangement of awareness programme about release of water from Rangit Dam for the year 2025-27",Unclassified,,,,Unknown,https://www.nhpcindia.com/welcome/tender,GEM/2025/B/6203369,Tender,,,,No,2026-09-04,2026-09-04,NEW
1a41d06b4275,NHPC,Providing Mastic asphalt over the Dam Bridge Top and part portion of left bank approach road of CPS-1 dam,Unclassified,,,,Unknown,https://www.nhpcindia.com/welcome/tender,NH/CPS-1/P&C/W-1484/2024-25/36 Dated: 05/05/2025,Tender,,,,No,2026-09-04,2026-09-04,NEW
6ca596a73d7b,NHPC,"Supply, installation and commissioning of accelerograph at Salal Power Station",Unclassified,,,,Unknown,https://www.nhpcindia.com/welcome/tender,GEM/2025/B/6157431,Tender,,,,No,2026-09-04,2026-09-04,NEW
7c92612bb7a2,NHPC,"Supply, installation & Commissioning of LAN at Newly constructed Office Building Blocks at Munli Right Bank (Punjabi Camp Area) and Dambuk Office",Unclassified,,,,Unknown,https://www.nhpcindia.com/welcome/tender,NH/DMP/PNC/NIT/2025/07,NIT,,,,No,2026-09-04,2026-09-04,NEW
82734b430bb2,NHPC,Miscellaneous Repair and Painting Works of Administrative Office Building at BSPS Surangani,Unclassified,,,,Unknown,https://www.nhpcindia.com/welcome/tender,NH/BSPS/CC/CW/02/2025-26/035,Tender,,,,No,2026-09-04,2026-09-04,NEW
f8112dfa63ea,NHPC,"Construction of the Control Room Building for the 33/0.433 KV Substation at the Right Bank near the Dam site, Dibang Multipurpose Project, Arunachal Pradesh",Transmission / Evacuation,,Arunachal Pradesh,,Unknown,https://www.nhpcindia.com/welcome/tender,NH/DMP/PNC/NIT/2025/06,NIT,,,,No,2026-09-04,2026-09-04,NEW
34d647a23800,NHPC,"Supply & Installation of Velocity Meter Make - AIMIL for Achoora Bridge Automatic Water System of Kishanganga Power Station, Gurez, Bandipora, J&K (PKG-533).",Unclassified,,Jammu and Kashmir,,Unknown,https://www.nhpcindia.com/welcome/tender,2025_NHPC_858759_1,Tender,,,,No,2026-09-04,2026-09-04,NEW
e61914441540,NHPC,"Repair and Painting work of Internal and outer surface of Admin Building of Chamera Power Station-1, Khairi.",Unclassified,,,,Unknown,https://www.nhpcindia.com/welcome/tender,NH/CPS-1/P&C/W-1500/2025-26/30 Dated: 01/05/2025,Tender,,,,No,2026-09-04,2026-09-04,NEW
2010152ad02a,NHPC,"Engagement of DGR sponsored Private Security Agencies/ Services at Sewa-II Power Station, Mashka, District-Kathua, J&amp;K (SC-676)",Unclassified,,,,Unknown,https://www.nhpcindia.com/welcome/tender,NH/Sewa-II/Contracts/SC-676/2025/NIT-01/13 Dated 30.04.2025,NIT,,,,No,2026-09-04,2026-09-04,NEW
fa76ced6cbe5,NHPC,Providing and fixing of glow studs along Bagdhar Khairi road from RD 100m To 3100m and providing retro reflective Cautionary /warning sign boards along the road near Chamera-1 Reservoir.,Unclassified,,,,Unknown,https://www.nhpcindia.com/welcome/tender,NH/CPS-1/P&C/W-1502/2025-26/29 Dated: 30/04/2025,Tender,,,,No,2026-09-04,2026-09-04,NEW
844f28065d97,NHPC,Repair and HP-HVOF coating work of two set (48 Nos) guide vanes of Salal Power Station,Unclassified,,,,Unknown,https://www.nhpcindia.com/welcome/tender,NH/SPS/PnC/NIT-205/25-26/110-119,NIT,,,,No,2026-09-04,2026-09-04,NEW
cf2fa82f9bb1,NHPC,Recruitment to Supervisory post through CBT 2025,Unclassified,,,,Unknown,https://www.nhpcindia.com/welcome/tender,NH/CCW/CCII/CO-388/PR10024/389,Tender,,,,No,2026-09-04,2026-09-04,NEW
596001f550fd,NHPC,"Running and Maintenance work of Central store at Teesta-V Power Station, Balutar, Sikkim (2025-27)",Unclassified,,Sikkim,,Unknown,https://www.nhpcindia.com/welcome/tender,NH/TSV/Cont/RM-214/NIT-1016/2025-26/22 Dated : 29/04/2025,NIT,,,,No,2026-09-04,2026-09-04,NEW
c6e54e5ccb59,NHPC,"Supply, Installation, Configuration, Commissioning, Testing and Subscription for services of Online Transformer monitoring system.",Unclassified,,,,Unknown,https://www.nhpcindia.com/welcome/tender,GEM/2025/B/6092735,Tender,,,,No,2026-09-04,2026-09-04,NEW
576342c12cf3,NHPC,Testing/calibration of Numerical protection relays installed at Sewa-II Power house,Unclassified,,,,Unknown,https://www.nhpcindia.com/welcome/tender,GEM/2025/B/6155706 Dated : 29-04-2025,Tender,,,,No,2026-09-04,2026-09-04,NEW
3d1c6f173f2b,NHPC,"Supplying, Installation, testing and commissioning (SITC) of Generator Shaft Current Monitoring System at Sewa-II Power House",Unclassified,,,,Unknown,https://www.nhpcindia.com/welcome/tender,GEM/2025/B/6170890 Dated: 29-04-2025,Tender,,,,No,2026-09-04,2026-09-04,NEW
c2b3dc429c82,NHPC,"Repair and Strengthening of Boundaries Wall and Gates Jyotipuram Colony, Salal Power station.",Unclassified,,,,Unknown,https://www.nhpcindia.com/welcome/tender,NH/SPS/CD/NIT-102/25-26/60-69 Dated: 24/04/2025 (CPPP Tender ID 2025_NHPC_857321_1 ),NIT,,,,No,2026-09-04,2026-09-04,NEW
f48e77adde14,NHPC,“Repair & Maintenance of Bidda Store and Fire station of Salal Power Station along with boundary wall repair”,Unclassified,,,,Unknown,https://www.nhpcindia.com/welcome/tender,NH/SPS/CD/NIT-03/2025-26/81-90 dt 25/04/2025 (CPPP Tender ID 2025_NHPC_857827 ),NIT,,,,No,2026-09-04,2026-09-04,NEW
76e8a7125a6e,NHPC,Slope Protection &amp; other Miscellenous works in and around Power House Building of Parbati-H.E. Project (Stage-II)” (Package No-C-815).,Unclassified,,,,Unknown,https://www.nhpcindia.com/welcome/tender,2025_NHPC_ 857960 _1,Tender,,,,No,2026-09-04,2026-09-04,NEW
99b6b8d7912b,NHPC,"Design & Engineering, Manufacture, Supply, Installation, Testing and Commissioning of oil mist extractor system for generating units of Sewa-II Power Station",Unclassified,,,,Unknown,https://www.nhpcindia.com/welcome/tender,GEM/2025/B/6127026 Dated: 24-04-2025,Tender,,,,No,2026-09-04,2026-09-04,NEW
8d924c27fc8e,NHPC,"Supply, Installation, Testing and Commissioning of 1 Nos 500 KVA DG Set at Power House of Sewa II Power Station.",Unclassified,,,,Unknown,https://www.nhpcindia.com/welcome/tender,GEM/2025/B/6083298 Dated: 03-04-2025,Tender,,,,No,2026-09-04,2026-09-04,NEW
b9b9d9e7f60d,NHPC,Providing and Fixing Profile Sheet in Main AccessTunnel at RD 50m to 150m and 850m to 920m of Parbati-III Power Station,Unclassified,,,,Unknown,https://www.nhpcindia.com/welcome/tender,"NH/PPS-III/NIT/PR11924/183/1/15, Dated: 25/04/2025",NIT,,,,No,2026-09-04,2026-09-04,NEW
66bc84d17059,NHPC,Annual Maintenance Contract (Comprehensive) for EPABX Systems at Rangit Power Station,Unclassified,,,,Unknown,https://www.nhpcindia.com/welcome/tender,GEM/2025/B/6169777,Tender,,,,No,2026-09-04,2026-09-04,NEW
d465aa5c06e0,NHPC,Purchase of spares of Godrej make Fork lift (Model: GX300E) at Power house,Unclassified,,,,Unknown,https://www.nhpcindia.com/welcome/tender,GEM/2025/B/6136473,Tender,,,,No,2026-09-04,2026-09-04,NEW
4f2d890b773e,NHPC,"Supply, Installation of Electrical Appliances for NHPC Residential Complex, Sector-41, Faridabad as per Technical Specification (TS)",Unclassified,,,,Unknown,https://www.nhpcindia.com/welcome/tender,GEM/2025/B/6110834,Tender,,,,No,2026-09-04,2026-09-04,NEW
01e27c9d575d,NHPC,"Operation/Running maintenance of Dispensary of Rangit Power Station, NHPC Ltd for the year 2024-2025",Unclassified,,,,Unknown,https://www.nhpcindia.com/welcome/tender,GEM/2025/B/6163863,Tender,,,,No,2026-09-04,2026-09-04,NEW
7a37efa9c03c,NHPC,Repair of approach Roads to Dam and Power House of Salal Power Station,Unclassified,,,,Unknown,https://www.nhpcindia.com/welcome/tender,NH/SPS/CD/NIT-101/2025-26/70-80 dt 23-04-25 (CPPP Tender ID: 2025_NHPC_857442_1),NIT,,,,No,2026-09-04,2026-09-04,NEW
f0ada3ee7d03,NHPC,"Comprehensive Annual Maintenance Contract of Computers, IT Peripherals &amp;amp; UPS for a Period of Three (03) Years",Unclassified,,,,Unknown,https://www.nhpcindia.com/welcome/tender,GEM/2025/B/6094880,Tender,,,,No,2026-09-04,2026-09-04,NEW
a527a95f95b0,NHPC,Internal Electrification of re-constructed Control Room of 66/11KV Switchyard,Unclassified,,,,Unknown,https://www.nhpcindia.com/welcome/tender,NIT No. NH/TSV/CONT/EC-162/NIT-1015/2025-26/24 Dated: 21/04/2025 & E-Tender No. 2025_NHPC_857224_1,NIT,,,,Yes,2026-09-04,2026-09-04,NEW
ead1e04c4654,NHPC,"Repair and Renovation of Sewage Treatment Plant of Power House, Elagad of DGPS",Unclassified,,,,Unknown,https://www.nhpcindia.com/welcome/tender,NH/DG/CONTRACT/1064/2025-26/101 dated 21.04.2025,Tender,,,,No,2026-09-04,2026-09-04,NEW
df06d668d8fd,NHPC,Vertical Screw Pump &amp; Motor Assembly (Allweiler make) for OPU system of Generating Unit,Unclassified,,,,Unknown,https://www.nhpcindia.com/welcome/tender,GEM/2025/B/6132777,Tender,,,,No,2026-09-04,2026-09-04,NEW
7b1a4697d20a,NHPC,"3-POLE SF6 GAS INSULATED CIRCUIT BREAKER, COMPLETE WITH OPERATING MECHANISM AND TERMINAL CONNECTOR",Unclassified,,,,Unknown,https://www.nhpcindia.com/welcome/tender,GEM/2025/B/6103655,Tender,,,,No,2026-09-04,2026-09-04,NEW
0c4fa07bbdee,NHPC,General Up keeping & Housekeeping of VIP Guest House & Officer's Club of Rangit Power Station for Year 2025,Unclassified,,,,Unknown,https://www.nhpcindia.com/welcome/tender,NH-RPS-CTS012/9/2024-CIVIL TS/04,Tender,,,,No,2026-09-04,2026-09-04,NEW
41a0e8f29c2d,NHPC,Purchase of various types of NON PAC spare parts of installed EOT crane at Parbati- III Power Station,Unclassified,,,,Unknown,https://www.nhpcindia.com/welcome/tender,GEM/2025/B/6104657,Tender,,,,No,2026-09-04,2026-09-04,NEW
86f76d072056,NHPC,"Construction of left bank spillway extension wall up to diversion tunnel outlet at Dam site of Kishanganga Power Station at Gurez, Bandipora, J&amp;amp;K (PKG-532).",Unclassified,,,,Unknown,https://www.nhpcindia.com/welcome/tender,2025_NHPC_857121_1,Tender,,,,No,2026-09-04,2026-09-04,NEW
afec57656600,NHPC,"Tender for Domestic Competitive Bidding -Rewiring of 12C-type quarters (C-107-118) at Jyotipuram Colony of Salal Power Station, Distt. Reasi, UT of J&K",Unclassified,,Jammu and Kashmir,,Unknown,https://www.nhpcindia.com/welcome/tender,NH/SPS/CD/NIT-02/25-26/49-58 (Tender ID: 2025_NHPC_855155_1),NIT,,,,No,2026-09-04,2026-09-04,NEW
8e0fa515d936,NHPC,"Supply, Installation, testing and commissioning of Velocity Sensor at Pollak EWS Site of Rangit Power Station",Unclassified,,,,Unknown,https://www.nhpcindia.com/welcome/tender,GEM/2025/B/6068684,Tender,,,,No,2026-09-04,2026-09-04,NEW
e2e6c9997707,NHPC,"Construction of Boundary Wall along the river side at Left Bank of Teesta-V PS, Balutar.",Unclassified,,,,Unknown,https://www.nhpcindia.com/welcome/tender,NH/TSV/Cont/CC-352/NIT-1014/2025-26/15 Dated: 17/04/2025 &amp; Tender ID No. 2025_NHPC_856785_1,NIT,,,,No,2026-09-04,2026-09-04,NEW
abfe86e8270d,NHPC,Comprehensive Repair of Damaged Runner (O-2) of Dulhasti Power Station,Unclassified,,,,Unknown,https://www.nhpcindia.com/welcome/tender,NH/DPS/CONT/NIT-236/2025/E142757 dated 18.04.2025,NIT,,,,No,2026-09-04,2026-09-04,NEW
ffe317745fb9,NHPC,Providing and Laying premix carpet on internal road of township complex at Nagwain of Parbati-H.E. Project (Stage-II) (Package No-C-811),Unclassified,,,,Unknown,https://www.nhpcindia.com/welcome/tender,2025_NHPC_ 856605 _1,Tender,,,,No,2026-09-04,2026-09-04,NEW
8de6ee3f0d69,NHPC,Engagement of Homeopathic Consultant on Part time basis for Two years for Corporate Office NHPC Limited Faridabad,Unclassified,,,,Unknown,https://www.nhpcindia.com/welcome/tender,GEM/2025/B/6140266,Tender,,,,No,2026-09-04,2026-09-04,NEW
3e93a87e7148,NHPC,Providing services for Running &amp; Maintenance works of Operation and Routine Maintenance of HM components of Teesta-V Power Station for the period of 02 Years.,Unclassified,,,,Unknown,https://www.nhpcindia.com/welcome/tender,NH/TSV/Cont/RM-211/NIT-1013/2025-26/13 Dated : 15/04/2025 &amp; GEM Bid No.- GEM/2025/B/6139709,NIT,,,,No,2026-09-04,2026-09-04,NEW
332eb2f756e2,NHPC,"Providing Insurance Cover during O&M period for 50MW Wind Power Project at Jaisalmer, Rajasthan for one year w.e.f. 19.06.24 to 18.06.25",Wind,50.0,Rajasthan,,Unknown,https://www.nhpcindia.com/welcome/tender,NH/CCW/CCII/CO-385/PR60824/6,Tender,,,50 MW,Yes,2026-09-04,2026-09-04,NEW
69e6c198de5a,NHPC,"Repair of grit plaster in flats at NHPC Residential Colony Sector-41, Faridabad",Unclassified,,,,Unknown,https://www.nhpcindia.com/welcome/tender,NH/CCW/CC-IV/CO-381/PR10024/410,Tender,,,,No,2026-09-04,2026-09-04,NEW
d0d781dfcb1e,NHPC,Insurance Coverage under Group Personal Accident Insurance Scheme (GPAI) for a period of one year (From 01/06/2025 to 31/05/2026),Unclassified,,,,Unknown,https://www.nhpcindia.com/welcome/tender,NH/CCW/CC-II/CO-386/PR10024/458,Tender,,,,No,2026-09-04,2026-09-04,NEW
c3196339a7f5,NHPC,"Providing services for Running and maintenance of 66/11 KV Switchyard, DG Set, Power supply network and Electrical installations of Balutar for the period of 2-Years (2025-2027).",Unclassified,,,,Unknown,https://www.nhpcindia.com/welcome/tender,NH/TSV/Cont/RM-212/NIT-1011/2025-26/13 Dated : 09/04/2025 & GEM bid No. GEM/2025/B/6130565,NIT,,,,No,2026-09-04,2026-09-04,NEW
3b962aadab6e,NHPC,"Repairing/Rectification of a 70 MVA, 13.8 kV / (400/√3) kV Single-Phase Generator Transformer of Areva Make",Unclassified,,,,Unknown,https://www.nhpcindia.com/welcome/tender,NIT No. NH/TSV/Cont/EC-161/NIT-1012/2025-26/14 Dated: 10/04/2025 and E-Tender Id No. 2025_NHPC_856240_1,NIT,,,,No,2026-09-04,2026-09-04,NEW
63a9d8beccc2,NHPC,"Plinth protection work and GI Profile Sheet Shade Structure for utility area around Prefab building Block-1at Sawalkote HE Project, Tanger, Dist-Ramban, Jammu and Kashmir",Unclassified,,Jammu and Kashmir,,Unknown,https://www.nhpcindia.com/welcome/tender,2025_NHPC_855755_1,Tender,,,,No,2026-09-04,2026-09-04,NEW
a5e2ee80e7a2,NHPC,"Repairing, Painting, and Increasing Height of Overhead Water Tanks in Pasighat Complex of Siang Lower Project at Pasighat.",Unclassified,,,,Unknown,https://www.nhpcindia.com/welcome/tender,NH/SIANGLOWER/NIT/2025/05,NIT,,,,No,2026-09-04,2026-09-04,NEW
c4ceddce2128,NHPC,Running and Maintenance of water supply system including sweeping and cleaning of colony of Teesta-V Power Station at Samdong.,Unclassified,,,,Unknown,https://www.nhpcindia.com/welcome/tender,NH/TSV/Cont/RM-213/NIT-1010/2025-26/10 Dated: 07/04/2025 GEM Bid No.- GEM/2025/B/6118653,NIT,,,,No,2026-09-04,2026-09-04,NEW
7bacb7402e86,NHPC,Repairing and Painting of 06 Nos of Type-III Quarter and Barrack of Siang Lower Project at Pasighat Complex,Unclassified,,,,Unknown,https://www.nhpcindia.com/welcome/tender,NH/SIANGLOWER/NIT/2025/04,NIT,,,,No,2026-09-04,2026-09-04,NEW
8f450fdfbd74,NHPC,"Onsite Repair of Runner (OP-4) including Static Balancing of Dulhasti Power Station, Kishtwar",Unclassified,,,,Unknown,https://www.nhpcindia.com/welcome/tender,NH/DPS/CONT/NIT-235/2025/E141271 dated 09.04.2025,NIT,,,,No,2026-09-04,2026-09-04,NEW
350b7872b299,NHPC,"Upgradation of existing Local Area Network (LAN) setup in Admin building, Township office, hospital &amp; colony, Uri 2 PS",Unclassified,,,,Unknown,https://www.nhpcindia.com/welcome/tender,GEM/2025/B/5937315,Tender,,,,No,2026-09-04,2026-09-04,NEW
bdb296e37203,NHPC,"Construction of new permanent barrack in place of old temporary barrack at CISF Camp, Dobat of Dhauliganga Power Station",Unclassified,,,,Unknown,https://www.nhpcindia.com/welcome/tender,NH/DG/CONTRACT/1058/2025-26/90,Tender,,,,No,2026-09-04,2026-09-04,NEW
0a52091efcc9,NHPC,Construction of community hall at Village Sapangini under NHPC-CSR Scheme,Unclassified,,,,Unknown,https://www.nhpcindia.com/welcome/tender,"NH/PPS-III/NIT/PR11924/207/1/395, Dated: 04/04/2025",NIT,,,,No,2026-09-04,2026-09-04,NEW
031919f19880,NHPC,Painting of Downstream Slope of dam of Parbati-III Power Station,Unclassified,,,,Unknown,https://www.nhpcindia.com/welcome/tender,"NH/PPS-III/NIT/PR11924/134/1/390, Dated: 02/04/2025",NIT,,,,No,2026-09-04,2026-09-04,NEW
964205fd2b5b,NHPC,"Protection work on Left and Right bank of river in various reaches/RDs between downstream of Dam to Adit-I portal of Uri-II Power Station, JK",Unclassified,,,,Unknown,https://www.nhpcindia.com/welcome/tender,2025_NHPC_855499_1,Tender,,,,No,2026-09-04,2026-09-04,NEW
e80a95131cb3,NHPC,Hiring of 01 No inspection Vehicle M&M Bolero BS6 or equivalent for Teesta-V Power Station for a period of 24 Months,Unclassified,,,,Unknown,https://www.nhpcindia.com/welcome/tender,NIT No. NH/TSV/Cont/MC-158/NIT-1009/2025/03 Date: 03/04/2025 and GeM Bid No. GEM/2025/B/6108449,NIT,,,,No,2026-09-04,2026-09-04,NEW
6f52f8da08e4,NHPC,Repair of main access road from RD ±550 M to RD ±620M at Dam site of Teesta-V Power Station.,Unclassified,,,,Unknown,https://www.nhpcindia.com/welcome/tender,NH/TSV/Cont/CC-351/NIT-1007/2025-26/01 Dtd: 02.04.2025,NIT,,,,No,2026-09-04,2026-09-04,NEW
7faf8e46290f,NHPC,"Supply, installation and Commissioning of Workstation with Software (EDWARDS make) of Fire Detection and Alarm System FDAS for Power House of Teesta-V Power Station",Unclassified,,,,Unknown,https://www.nhpcindia.com/welcome/tender,NIT No. NH/TSV/CONT/EC-160/NIT-1008/2025-26/01 Dated: 02/04/2025and E-Tender No.2025_NHPC_855312_1,NIT,,,,No,2026-09-04,2026-09-04,NEW
82ad5f065d28,NHPC,"Repair of damaged fencing along Tapovan road and providing and fixing of concertina coil over boundary wall of Tapovan Complex, DGPS",Unclassified,,,,Unknown,https://www.nhpcindia.com/welcome/tender,NH/DG/CONTRACT/1063/2024-25/89 dated 01.04.2025,Tender,,,,No,2026-09-04,2026-09-04,NEW
e621ff9ac083,NHPC,Purchase of various consumables for DG sets Installed at Dam site of Parbati-III Power Station,Unclassified,,,,Unknown,https://www.nhpcindia.com/welcome/tender,GEM/2025/B/6077683,Tender,,,,No,2026-09-04,2026-09-04,NEW
969375c46ae5,NHPC,Running and maintenance of the Mechanical Workshop for a period of two years (2025-2027).,Unclassified,,,,Unknown,https://www.nhpcindia.com/welcome/tender,NH/TSV/Cont/RM-210/NIT-1006/2024-25/508 Dated : 28/03/2025,NIT,,,,No,2026-09-04,2026-09-04,NEW
d50f7c6b4333,NHPC,Establishment of Early Warning System along with Automation of Siren and PA System for Parbati-III Power Station,Unclassified,,,,Unknown,https://www.nhpcindia.com/welcome/tender,GEM/2025/B/6039073,Tender,,,,No,2026-09-04,2026-09-04,NEW
f11c58d8285f,NHPC,Purchase of clamp on type Ultrasonic flow meters for BFV and MIV locations at Sewa-II Power house,Unclassified,,,,Unknown,https://www.nhpcindia.com/welcome/tender,GEM/2025/B/6079696 Dated: 27-03-2025,Tender,,,,No,2026-09-04,2026-09-04,NEW
13949f0526d8,NHPC,"Comprehensive AMC Contract of 04 nos. Numeric Make Online UPS at NHPC Limited, Faridabad with OEM M/s Novateur Electrical & Digital Systems Private Limited on single tender basis",Unclassified,,,,Unknown,https://www.nhpcindia.com/welcome/tender,GEM/2025/B/6030825,Tender,,,,No,2026-09-04,2026-09-04,NEW
2bf652c68161,NHPC,"Restoration of De-Icing System of Spillway Radial Gates 1 and 2 and Trash Rack by way of Repairing and Servicing at Dam of Nimoo Bazgo Power Station, NHPC Limited, Alchi (Ladakh).",Unclassified,,Ladakh,,Unknown,https://www.nhpcindia.com/welcome/tender,NBPS/CnP/2024-25/W-18/254,Tender,,,,No,2026-09-04,2026-09-04,NEW
c1b602cd0571,NHPC,Selection of Solar Power Generators For Setting up of 1200 MW ISTS Connected Solar Power Projects with 600MW/2400MWh ESS on anywhere in India basis under TBCB with Green Shoe Option,Solar,1200.0,,,Unknown,https://www.nhpcindia.com/welcome/tender,2025_NHPC_849707_1,Tender,,,1200 MW,Yes,2026-09-04,2026-09-04,NEW
0c1944ac7151,NHPC,Repair of 02 nos. Mody make submersible pumps of Power House at Parbati-III Power Station,Unclassified,,,,Unknown,https://www.nhpcindia.com/welcome/tender,"NH/PPS-III/NIT/PR11924/230/01/375, Dated: 26.03.2025",NIT,,,,No,2026-09-04,2026-09-04,NEW
2a5cc9b74259,NHPC,"AMC of Rope Drum Hoists, Gantry &amp;amp; EOT Cranes of various Hydro Mechanical Components for period of two years",Hydro,,,,Unknown,https://www.nhpcindia.com/welcome/tender,GEM/2025/B/6030038,Tender,,,,Yes,2026-09-04,2026-09-04,NEW
3b45071144b9,NHPC,"Testing of different environmental parameters of DG Set, Ambient Air, STP &amp; Drinking Water Sample.",Unclassified,,,,Unknown,https://www.nhpcindia.com/welcome/tender,GEM/2025/B/6035168,Tender,,,,No,2026-09-04,2026-09-04,NEW
5079b7e21db2,NHPC,Providing Support Services for IFS ERP Solution in NHPC for 02 years,Unclassified,,,,Unknown,https://www.nhpcindia.com/welcome/tender,GEM/2025/B/5996573,Tender,,,,No,2026-09-04,2026-09-04,NEW
38fc2e1f9811,NHPC,"Reservoir Rim Treatment work at Left Bank area from RD ±3000M of Dam axis to RD ±3200M upstream of Dam axis below Naya Bazar/Food Godown at Dikchu, North Sikkim.",Unclassified,,Sikkim,,Unknown,https://www.nhpcindia.com/welcome/tender,NH/TSV/Cont/CC-347/NIT-1005/2025-25/505 Dated: 25/03/2025,NIT,,,,No,2026-09-04,2026-09-04,NEW
bfc548b255dc,NHPC,"Roof treatment by providing APP membrane to prevent seepage from roof of NHPC residential Colony at Sector -42 A, Chandigarh",Unclassified,,Chandigarh,,Unknown,https://www.nhpcindia.com/welcome/tender,NH/ROCHD/PNC/CW14/2025/80,Tender,,,,No,2026-09-04,2026-09-04,NEW
3a63c2b90d54,NHPC,Protection work of left out Quarters of Type-II (B-Type) and Type-I (A-Type) quarters from Seepage.,Unclassified,,,,Unknown,https://www.nhpcindia.com/welcome/tender,NH/SLP/CONT/2025/C-01/NIT/435,NIT,,,,No,2026-09-04,2026-09-04,NEW
5db03bf870ff,NHPC,"Taking cross-section of Chenab River and its tributaries using bathymetric survey, Lidar enabled drones, DGPS at different locations for Sawalkote HE Project, Tanger, Dist-Ramban, Jammu and Kashmir",Unclassified,,Jammu and Kashmir,,Unknown,https://www.nhpcindia.com/welcome/tender,2025_NHPC_854240_1,Tender,,,,No,2026-09-04,2026-09-04,NEW
aba8f3c2822d,NHPC,"Design, Fabrication/Manufacturing, Supply, Transportation, Erection and Commissioning of 03 Nos. of TRT gates along with electrically operated 50T capacity Rope Drum Hoist",Unclassified,,,,Unknown,https://www.nhpcindia.com/welcome/tender,NIT No. NH/TSV/CONT/MC-154/NIT-1004/2024-25/502 Dated: 24/03/2025 and E-Tender Id:2025_NHPC_854268_1,NIT,,,,No,2026-09-04,2026-09-04,NEW
f228788d23da,NHPC,"Repair, Machining, Stress relieving and HP-HVOF Coating of Runner and Guide Vanes of 60 MW Francis Turbine of Baira Siul Power Station",Unclassified,60.0,,,Unknown,https://www.nhpcindia.com/welcome/tender,NH/BSPS/CC/PH/57/2024-25/606,Tender,,,60 MW,Yes,2026-09-04,2026-09-04,NEW
5b016384a2d5,NHPC,"Development of Badminton Court at New Field Hostel of Baira Siul Power Station, Surangani",Unclassified,,,,Unknown,https://www.nhpcindia.com/welcome/tender,NH/BSPS/CC/CW/56/2024-25/602,Tender,,,,No,2026-09-04,2026-09-04,NEW
a6d652dd32b8,NHPC,"“Providing Services for Running &amp; Maintenance of Housekeeping/Up keeping of Bachelor Accommodations (Sr. Executive Field Hostel cum Guest House, Executive Field Hostel and Transit Camp) at Itanagar&quot;",Unclassified,,,,Unknown,https://www.nhpcindia.com/welcome/tender,GEM/2025/B/6064556,Tender,,,,No,2026-09-04,2026-09-04,NEW
c55a595ac1a3,NHPC,"Procurement of Office Furniture for Administrative Building, Chimri, 2880 MW DMP Roing, Arunachal Pradesh.",Unclassified,2880.0,Arunachal Pradesh,,Unknown,https://www.nhpcindia.com/welcome/tender,GEM/2025/B/6021898,Tender,,,2880 MW,No,2026-09-04,2026-09-04,NEW
5e5d2814b7ec,NHPC,"Operation & Maintenance of Fire Fighting System and Fire Alarm system installed at NHPC Office Complex, Sector-33 & NHPC Residential Complex, Sector-41, Faridabad",Unclassified,,,,Unknown,https://www.nhpcindia.com/welcome/tender,GEM/2025/B/5883643,Tender,,,,No,2026-09-04,2026-09-04,NEW
776d6140d63b,NHPC,"Providing Earthing for Electrical Installations at Office premises and Colony of Sewa-II Power Station, Mashka, Distt.- Kathua (J&K) (EW-671",Unclassified,,Jammu and Kashmir,,Unknown,https://www.nhpcindia.com/welcome/tender,NH/Sewa-II/Contracts/EW-671/2025/NIT-27/642 Dated: 19.03.2025,NIT,,,,No,2026-09-04,2026-09-04,NEW
eedd0880890d,NHPC,Replacement/Upgradation of Complete CO2 Fire Fighting System for 03 Nos. of hydro-generators of Sewa-II Power Station,Hydro,,,,Unknown,https://www.nhpcindia.com/welcome/tender,GEM/2025/B/6032743 Dated: 13-03-2025,Tender,,,,Yes,2026-09-04,2026-09-04,NEW
5c70ef2a4072,NHPC,"Supplying, Installation, testing and commissioning (SITC) of Generator Shaft Current Monitoring System at Sewa-II Power House",Unclassified,,,,Unknown,https://www.nhpcindia.com/welcome/tender,GEM/2025/B/6059500 Dated 19.03.2025,Tender,,,,No,2026-09-04,2026-09-04,NEW
220fef2cf2cf,NHPC,Purchase of Portable hydraulic oil filtration plant in complete form for Sewa-II Power station,Unclassified,,,,Unknown,https://www.nhpcindia.com/welcome/tender,"GEM/2025/B/6028895, Dated : 19-03-2025",Tender,,,,No,2026-09-04,2026-09-04,NEW
5b0c430bb40c,NHPC,SITC of Automatic firesmoke detectionalarm system for Sewa-II Dam control room of Sewa-II Power station,Unclassified,,,,Unknown,https://www.nhpcindia.com/welcome/tender,"GEM/2025/B/6030291,Dated: 17-03-2025",Tender,,,,No,2026-09-04,2026-09-04,NEW
247f6dc15fd3,NHPC,Application of surface protective hard coating on skin plate of upstream under sluice gate of Chamera Power station-1.,Unclassified,,,,Unknown,https://www.nhpcindia.com/welcome/tender,NH/CPS-1/P&C/W-1495/2024-25/942 Dated: 18/03/2025,Tender,,,,No,2026-09-04,2026-09-04,NEW
5bbc0fa68b05,NHPC,"Empanelment of firms for Rate Contract for printing of Visiting cards, Letter heads and other miscellaneous items for Ttwo years.",Unclassified,,,,Unknown,https://www.nhpcindia.com/welcome/tender,NH/Conts(E&M)-IV/CO-216/PR100241/39450/2025,Tender,,,,No,2026-09-04,2026-09-04,NEW
b57ae8ce2b75,NHPC,"Repair and Painting of OTC at Rail Head Complex, Jammu.",Unclassified,,,,Unknown,https://www.nhpcindia.com/welcome/tender,2025_NHPC_853550_1,Tender,,,,No,2026-09-04,2026-09-04,NEW
fd3cc2a91f77,NHPC,Selection of Roof Top Developer for Setting up Grid Connected Solar Roof Top Plants at Various locations on government buildings in the state of Nagaland on RESCO Mode through Tariff-Based Competitive Bidding,Rooftop Solar,,Nagaland,,Unknown,https://www.nhpcindia.com/welcome/tender,2025_NHPC_853040_1,Tender,,,,Yes,2026-09-04,2026-09-04,NEW
20a3fc3154cb,NHPC,General up keeping of Power house complex (Civil Maintenance) for the year 2025,Unclassified,,,,Unknown,https://www.nhpcindia.com/welcome/tender,GEM/2025/B/6060833;Date:-17.03.2025,Tender,,,,No,2026-09-04,2026-09-04,NEW
0a316697f821,NHPC,Conducting Hydrographic Survey in the reservoir of Uri-II Power Station for the year 2025,Unclassified,,,,Unknown,https://www.nhpcindia.com/welcome/tender,GEM/2025/B/6031101,Tender,,,,Yes,2026-09-04,2026-09-04,NEW
5105c5d07a6d,NHPC,"Strengthening &amp; thermal legging of various pipelines installed in PH of CPS-1, Khairi.",Unclassified,,,,Unknown,https://www.nhpcindia.com/welcome/tender,NH/CPS-1/P&C/W-1498/2024-25/931 Dated: 13/03/2025,Tender,,,,No,2026-09-04,2026-09-04,NEW
2de129123f18,NHPC,"Hiring of Two (02) no. of Mahindra Bolero 2WD B6 BS-VI, or equivalent for Dugar HE Project at Luj, Killar, Distt. Chamba (Package No. DHEP-23)",Unclassified,,,,Unknown,https://www.nhpcindia.com/welcome/tender,2025_NHPC_852847_1,Tender,,,,No,2026-09-04,2026-09-04,NEW
e4afca4d6ec3,NHPC,Rate Contract of Medicines for 2 years for Teesta-V Power Station.,Unclassified,,,,Unknown,https://www.nhpcindia.com/welcome/tender,NIT No-NH/TSV/RC/NIT-MS011/12/03,NIT,,,,No,2026-09-04,2026-09-04,NEW
827e0c9ee214,NHPC,"Purchase of Yuken make Solenoid Directional valve for GOV, MIV, BFV &amp; Logic cartridge for NCC panel of Power house of Sewa-II Power Station",Unclassified,,,,Unknown,https://www.nhpcindia.com/welcome/tender,GEM/2025/B/6021793 Dated 12.03.2025,Tender,,,,No,2026-09-04,2026-09-04,NEW
9eede118784e,NHPC,Protection of administrative building of Rangit Power Station by constructing boundary wall,Unclassified,,,,Unknown,https://www.nhpcindia.com/welcome/tender,NH-RPS-CTS011(12)/3/2024-CIVIL TS/ 135,Tender,,,,No,2026-09-04,2026-09-04,NEW
c83f93503162,NHPC,"Supply, Design and Fabrication of Multipurpose Fire tender having water tank capacity 5000 ltrs and foam tank capacity 600 ltrs (including supply of chassis by the contractor) with equipments/ accessories for Chamera Power Station-I.",Unclassified,,,,Unknown,https://www.nhpcindia.com/welcome/tender,GEM/2025/B/5970393,Tender,,,,No,2026-09-04,2026-09-04,NEW
8b84e6e54fe0,NHPC,Repair Maintenance and other development works of BSPS DAV School Building at Surangani,Unclassified,,,,Unknown,https://www.nhpcindia.com/welcome/tender,NH/BSPS/CC/CW/40/2024-25/595,Tender,,,,No,2026-09-04,2026-09-04,NEW
7ed0e19528d9,NHPC,Purchase of Secondary Injection Relay Test Kit for Sewa-II Power Station,Unclassified,,,,Unknown,https://www.nhpcindia.com/welcome/tender,GEM/2025/B/6027820 Dated 11.03.2025,Tender,,,,No,2026-09-04,2026-09-04,NEW
f3208b885896,NHPC,"Construction of Drain and Retaining wall for protection of 3rd Bench Access Road of Office cum Residential Complex, Sawalkote HE Project, Tanger, Dist.-Ramban, Jammu and Kashmir",Unclassified,,Jammu and Kashmir,,Unknown,https://www.nhpcindia.com/welcome/tender,2025_NHPC_852597_1,Tender,,,,No,2026-09-04,2026-09-04,NEW
130c8df45442,NHPC,"Procurement of house hold electrical items for Liaison Office Cum Transit Camp, Dibrugarh, 2880MW Dibang Multipurpose Project, Arunachal Pradesh”.",Unclassified,2880.0,Arunachal Pradesh,,Unknown,https://www.nhpcindia.com/welcome/tender,GEM/2025/B/6018445,Tender,,,2880 MW,No,2026-09-04,2026-09-04,NEW
2b959a167ce1,NHPC,"Repair and Renovation of Higher Secondary School, Saspol, Leh-under CSR Scheme funded by Nimoo Bazgo Power Station, NHPC Ltd",Unclassified,,,,Unknown,https://www.nhpcindia.com/welcome/tender,NBPS/CnP/2024-25/W-22(1)/252,Tender,,,,No,2026-09-04,2026-09-04,NEW
c5ddf8c2c9e2,NHPC,"Modernization of Plumb-Line System by Supply and Installation of Automatic Plumb line System one at EL at 1212 m and two at EL 1250 m (XY Coordinator readout Charge Coupled Device and automatic data transmission to Dam Control Room) at Dul Dam, Dulhasti Kishtwar",Unclassified,,,,Unknown,https://www.nhpcindia.com/welcome/tender,NH/DPS/CONT/NIT-234/2025/E139125 dated 12.03.2025,NIT,,,,No,2026-09-04,2026-09-04,NEW
ae20d89a0be1,NHPC,Purchase of Automatic Tan Delta and Capacitance Measurement kit for Sewa-2 Power Station,Unclassified,,,,Unknown,https://www.nhpcindia.com/welcome/tender,GEM/2025/B/6027698 Dated 10.03.2025,Tender,,,,No,2026-09-04,2026-09-04,NEW
4203e5d955d0,NHPC,Purchase of Static Contact Resistance measurement kit for Sewa-2 Power Station,Unclassified,,,,Unknown,https://www.nhpcindia.com/welcome/tender,GEM/2025/B/6025923 Dated 10.03.2025,Tender,,,,No,2026-09-04,2026-09-04,NEW
b9a1fe5999b1,NHPC,"Construction of 2 no's Store Room cum Security Watch Post and 1 no. Security Check Post at Office cum Residential Complex, Sawalkote HE Project, Tanger, Dist-Ramban, Jammu and Kashmir.",Unclassified,,Jammu and Kashmir,,Unknown,https://www.nhpcindia.com/welcome/tender,2025_NHPC_851046_1,Tender,,,,No,2026-09-04,2026-09-04,NEW
6f35a98dad13,NHPC,"Removal, Providing and Fixing tiles,kota stone,Granite and other miscellaneous works in Power House building of Parbati-H.E. Project (Stage-II) (Package No-C-810)",Unclassified,,,,Unknown,https://www.nhpcindia.com/welcome/tender,2025_NHPC_ 852540 _1,Tender,,,,No,2026-09-04,2026-09-04,NEW
9bf8b1430921,NHPC,Construction of Pothead Yard-420 KV Bus Reactor at Power House Site of Parbati-H.E. Project (Stage-II) (Package No-C-807),Unclassified,,,,Unknown,https://www.nhpcindia.com/welcome/tender,2025_NHPC_ 852007_1,Tender,,,,No,2026-09-04,2026-09-04,NEW
fbcf97360607,NHPC,Insurance Coverage of Motor Vehicle Advance under NHPC Employees (MVA) Group Insurance Scheme for a Period of One Year (24.05.2025 to 23.05.2026),Unclassified,,,,Unknown,https://www.nhpcindia.com/welcome/tender,GEM/2025/B/6028790,Tender,,,,No,2026-09-04,2026-09-04,NEW
ea4d301528d0,NHPC,Purchase of 09 No. Workstation,Unclassified,,,,Unknown,https://www.nhpcindia.com/welcome/tender,GEM/2025/B/5833197,Tender,,,,No,2026-09-04,2026-09-04,NEW
93e1a984fdce,NHPC,Bituminous Concrete Coating and miscellaneous repair works over existing Nakrod Dam Road at BSPS,Unclassified,,,,Unknown,https://www.nhpcindia.com/welcome/tender,NH/BSPS/CC/CW/54/2024-25/586,Tender,,,,No,2026-09-04,2026-09-04,NEW
6e2c38bc0059,NHPC,Purchase of D-Seal of Maintenances and Service seal of MIV and J-Seal of Butterfly valve,Unclassified,,,,Unknown,https://www.nhpcindia.com/welcome/tender,GEM/2025/B/6007296 Dated 06.03.2025,Tender,,,,No,2026-09-04,2026-09-04,NEW
187f9c3c9257,NHPC,Providing and Fixing tiled ceiling at machine hall at Power House of Parbati-H.E. Project (Stage-II) (Package No-C-808),Unclassified,,,,Unknown,https://www.nhpcindia.com/welcome/tender,2025_NHPC_ 852004 _1,Tender,,,,No,2026-09-04,2026-09-04,NEW
61d6df1c5490,NHPC,Modification work of officers club in Baira Siul Power Station Surangani,Unclassified,,,,Unknown,https://www.nhpcindia.com/welcome/tender,NH/BSPS/CC/CW/50/2024-25/584,Tender,,,,No,2026-09-04,2026-09-04,NEW
03d75d63ad81,NHPC,"Purchase of SF6 Gas Based Handling Unit (Recovery, Filling, Evacuation) for SF6 Gas Circuit Breakers at 132 kV Switchyard of Sewa-II Power House",Unclassified,,,,Unknown,https://www.nhpcindia.com/welcome/tender,GEM/2025/B/6008423 Dated 06.03.2025,Tender,,,,Yes,2026-09-04,2026-09-04,NEW
a73a88ced3dd,NHPC,Repair of Bottom Shaft of Generating U,Unclassified,,,,Unknown,https://www.nhpcindia.com/welcome/tender,NH/PPS-III/NIT/ PR11924/225/01/349,NIT,,,,No,2026-09-04,2026-09-04,NEW
50c5dfa82a00,NHPC,Annual Maintenance Contract of Air Conditioners of Sewa- II Power Station(SC-669),Unclassified,,,,Unknown,https://www.nhpcindia.com/welcome/tender,GEM/2025/B/5961580 date 05/03/2025,Tender,,,,No,2026-09-04,2026-09-04,NEW
ec95b8712211,NHPC,Painting of Hydro Mechanical equipments and structures installed at Dam &amp;amp;amp;amp;amp;amp; SFT of Uri-II Power Station,Hydro,,,,Unknown,https://www.nhpcindia.com/welcome/tender,2025_NHPC_851815_1,Tender,,,,No,2026-09-04,2026-09-04,NEW
ecfc1669d3cc,NHPC,"Construction of toilet at Govt. High School, Bazgo under CSR scheme 2024-25 by Nimoo Bazgo Power Station, Alchi.",Unclassified,,,,Unknown,https://www.nhpcindia.com/welcome/tender,NBPS/CnP/2024-25/W-27/248,Tender,,,,No,2026-09-04,2026-09-04,NEW
d199e5e3e0fe,NHPC,"Repair of Toilets &amp;amp; Misc. works at VIP Guest House of Nimoo Bazgo Power Station, Leh, Ladakh.",Unclassified,,Ladakh,,Unknown,https://www.nhpcindia.com/welcome/tender,NBPS/CnP/2024-25/W-25/246,Tender,,,,No,2026-09-04,2026-09-04,NEW
4c50c9645687,NHPC,"Construction of cross-drainage work along with Hume Pipe culvert near RD-152m (Rd-0 end of PH road) in Left Bank play ground area side of Teesta-V Power Station, Balutar",Unclassified,,,,Unknown,https://www.nhpcindia.com/welcome/tender,NIT NH/TSV/Cont/CC-346/NIT-1003/2024-25/492 Dated: 04/03/2025 and E-tender No. 2025_NHPC_851731_1,NIT,,,,No,2026-09-04,2026-09-04,NEW
af829f9a6d8d,NHPC,"Up-keeping and maintenance of office and providing services for gauge &amp; discharge, silt analysis at Dam site, KGPS, Gurez, Bandipora for 2 years (PKG-530).",Unclassified,,,,Unknown,https://www.nhpcindia.com/welcome/tender,GEM/2025/B/5981374,Tender,,,,No,2026-09-04,2026-09-04,NEW
3f47e556ca94,NHPC,Purchase of Fire Tender Type-A,Unclassified,,,,Unknown,https://www.nhpcindia.com/welcome/tender,"GEM/2025/B/6006064,Dated : 03-03-2025",Tender,,,,No,2026-09-04,2026-09-04,NEW
603cb50dc7e2,NHPC,Supply and Installation of Digital Radiography (Computerized) System.,Unclassified,,,,Unknown,https://www.nhpcindia.com/welcome/tender,GEM/2025/B/6003786,Tender,,,,No,2026-09-04,2026-09-04,NEW
cda9711892a4,NHPC,"Repairing of boundary wall of Kendriya Vidyalaya at CPS-1,Khairi.",Unclassified,,,,Unknown,https://www.nhpcindia.com/welcome/tender,NH/CPS-1/P&C/W-1497/2024-25/887 Dated: 01/03/2025,Tender,,,,No,2026-09-04,2026-09-04,NEW
2afe8b723d90,NHPC,"Maintenance and Development of Horticulture work at Nowpora/ Salamabad Complex, Uri-II Power Station",Unclassified,,,,Unknown,https://www.nhpcindia.com/welcome/tender,GEM/2025/B/5966221,Tender,,,,No,2026-09-04,2026-09-04,NEW
5c39e69a1520,NHPC,"Repairing and painting (internal) of Field Hostel D1 (1st Floor) at CPS-1, Khairi.",Unclassified,,,,Unknown,https://www.nhpcindia.com/welcome/tender,NH/CPS-1/P&C/W-1496/2024-25/886 Dated: 28/02/2025,Tender,,,,No,2026-09-04,2026-09-04,NEW
454289a123bc,NHPC,Grouting in False Plug Area and Bottom Horizontal Portion of Pressure Shaft-1 in Power House of Parbati III Power Station,Unclassified,,,,Unknown,https://www.nhpcindia.com/welcome/tender,NH/PPS-III/NIT/PR11924/226/01/343 Dated: 28/02/2025,NIT,,,,No,2026-09-04,2026-09-04,NEW
452212a6fbb8,NHPC,"R and M of Road from Dhargala to Siul Weir by providing premix carpet to existing road at BSPS Surangani, Distt- Chamba(H.P)",Unclassified,,,,Unknown,https://www.nhpcindia.com/welcome/tender,NH/BSPS/CC/CW/53/2024-25/570,Tender,,,,No,2026-09-04,2026-09-04,NEW
3bc4ed930608,NHPC,Construction of Gate of Adit-II at Salwad of Parbati-III Power Station,Unclassified,,,,Unknown,https://www.nhpcindia.com/welcome/tender,NH/PPS-III/NIT/PR11924/210/1/341 Dated: 28/02/2025,NIT,,,,No,2026-09-04,2026-09-04,NEW
45c95f727979,NHPC,"Repair of Retaining walls at RD ±9/254 KM to ±9/258, RD ±10/138 KM to ±10/144KM, and RD ± 10/189 KM to RD ± 10/197 of Bagdhar - Khairi road, CPS-1.",Unclassified,,,,Unknown,https://www.nhpcindia.com/welcome/tender,NH/CPS-1/P&C/W-1490/2024-25/879 Dated: 24/02/2025,Tender,,,,No,2026-09-04,2026-09-04,NEW
4d1d6d9ecf1a,NHPC,"EPC Work of Construction of Package-3: Solar Park Common Infrastructure of Security Buildings, Civil Works (Administrative Buildings, Canteen Building, Guest House &amp;amp;amp;amp;amp;amp;amp;amp;amp;amp; Other common facilities) of Solar Power Park for the development of 1200 MW Solar Power Park under UMPPRE at Madhogarh, District: Jalaun, Uttar Pradesh",Solar,1200.0,Uttar Pradesh,,Unknown,https://www.nhpcindia.com/welcome/tender,NH/CCW/CC-I/CO-367/BSUL /PR/JSP/2024-25/383,Tender,,,1200 MW,Yes,2026-09-04,2026-09-04,NEW
0c34c052af15,NHPC,Renovation of Power House Control Room of Chamera-1 Power Station.,Unclassified,,,,Unknown,https://www.nhpcindia.com/welcome/tender,NH/CPS-1/P&C/W-1489/2024-25/884 Dated: 27/02/2025,Tender,,,,No,2026-09-04,2026-09-04,NEW
caa7c940c42f,NHPC,"Design, Manufacturing, Supply, Erection, Testing, Commissioning of Static Digital Excitation System including Power &amp; Control Cables and All the Equipment Required for Integration of Existing SCADA System and Dismantling of old Excitation System and Associated System for all Three Units of Rangit Power Station",Unclassified,,,,Unknown,https://www.nhpcindia.com/welcome/tender,GEM/2025/B/5803408,Tender,,,,No,2026-09-04,2026-09-04,NEW
02329b983eee,NHPC,Procurement of HP make ink/toner Cartridges through GeM Portal,Unclassified,,,,Unknown,https://www.nhpcindia.com/welcome/tender,GEM/2025/B/5886840,Tender,,,,No,2026-09-04,2026-09-04,NEW
ffc891c000b8,NHPC,"Exploratory Drilling works of one hole of +/-150m depth on Left bank at EL+/-320 M to explore the area between EL 296M and EL346 M for Subansiri Upper Project (1605 MW), Arunachal Pradesh",Unclassified,1605.0,Arunachal Pradesh,,Unknown,https://www.nhpcindia.com/welcome/tender,2025_NHPC_850631_1,Tender,,,1605 MW,Yes,2026-09-04,2026-09-04,NEW
e7c98406d90f,NHPC,"Exploratory Drilling Works of one hole of 50m depth in right bank of the river at EL 415m for Subansiri Upper HE Project 1605MW, Arunachal Pradesh",Unclassified,1605.0,Arunachal Pradesh,,Unknown,https://www.nhpcindia.com/welcome/tender,2025_NHPC_850644_1,Tender,,,1605 MW,No,2026-09-04,2026-09-04,NEW
87a09980d8ec,NHPC,"Construction of Drain along playground of Government Middle School Baggi in village Baggi in Gram Panchayat Kanged, Development Block Salooni, Distt Chamba under CSR",Unclassified,,,,Unknown,https://www.nhpcindia.com/welcome/tender,NH/CPS-1/P&C/W-1473/2024-25/880 Dated: 25/02/2025,Tender,,,,No,2026-09-04,2026-09-04,NEW
fd44f5e5863a,NHPC,Restoration of damaged Retaining Wall in between RD ±13/080 Km to RD ±13/120 Km dam Khairi road at CPS-1.,Unclassified,,,,Unknown,https://www.nhpcindia.com/welcome/tender,NH/CPS-1/P&C/W-1494/2024-25/878Dated: 24/02/2025,Tender,,,,No,2026-09-04,2026-09-04,NEW
07b990fb6a55,NHPC,"Protection Work of existing tilted Breast wall near HM gate at Bhaledh, BSPS Surangani, Distt - Chamba",Unclassified,,,,Unknown,https://www.nhpcindia.com/welcome/tender,NH/BSPS/CC/CW/52/2024-25/568,Tender,,,,No,2026-09-04,2026-09-04,NEW
938f2183ab02,NHPC,Procurement of Taper roller bearings for under-sluice gates of Dam of Chamera Power Station-1.,Unclassified,,,,Unknown,https://www.nhpcindia.com/welcome/tender,GEM/2025/B/5910926 Dt: 22.02.2025,Tender,,,,No,2026-09-04,2026-09-04,NEW
3295625e86f5,NHPC,"Procurement of 11 desktop computers alongwith MS-Office for Chamera Power Station-I, Khairi.",Unclassified,,,,Unknown,https://www.nhpcindia.com/welcome/tender,GEM/2025/B/5985936 Dt: 22.02.2025,Tender,,,,No,2026-09-04,2026-09-04,NEW
7ccc8497dc0e,NHPC,"purchase of 60 Split Air Conditioner Including Green AC, Wall Mount Type.",Unclassified,,,,Unknown,https://www.nhpcindia.com/welcome/tender,GEM/2025/B/5920004,Tender,,,,No,2026-09-04,2026-09-04,NEW
633008ef0b99,NHPC,"Repair & Painting of Type- A quarters (12 Block i.e 48 qtrs., A-351 to A -398) in Lower Samleu colony at CPS-1.",Unclassified,,,,Unknown,https://www.nhpcindia.com/welcome/tender,NH/CPS-1/P&C/W-1488/2024-25/867 Dated: 22/02/2025,Tender,,,,No,2026-09-04,2026-09-04,NEW
a434b5188514,NHPC,"Hiring of One (01) no. of Mahindra Scorpio NZ4 Diesel MT4WD 7STR BS-VI, five door (2100 cc or higher) and One (01) Mahindra Bolero Camper 4WD BS VI (Double Cabin) for Dugar HE Project at Luj, Killar, Distt. Chamba (Package No. DHEP-22)",Unclassified,,,,Unknown,https://www.nhpcindia.com/welcome/tender,2025_NHPC_850528_1,Tender,,,,No,2026-09-04,2026-09-04,NEW
fe6db885b9ad,NHPC,Purchase of 20 Television (TV).,Unclassified,,,,Unknown,https://www.nhpcindia.com/welcome/tender,GEM/2025/B/5921581,Tender,,,,No,2026-09-04,2026-09-04,NEW
dee27ca60a37,NHPC,Providing assistance for shift wise Operation work of 4x60MW Generating units &amp;amp; DG sets at Uri-II power house for One year,Unclassified,60.0,,,Unknown,https://www.nhpcindia.com/welcome/tender,GEM/2025/B/5906520,Tender,,,60 MW,No,2026-09-04,2026-09-04,NEW
845e1af74743,NHPC,"Premix carpeting on existing bitumen roads from Shalimar Colony to Powerhouse and link road of Semna Colony including miscellaneous works, Dul Hasti Power Station, Kishtwar",Unclassified,,,,Unknown,https://www.nhpcindia.com/welcome/tender,NH/DPS/CONT/NIT-230/2025/E136155 dated 22.02.2025,NIT,,,,No,2026-09-04,2026-09-04,NEW
d4ba20c5a54a,NHPC,"Purchase of Distribution Transformer 630 kVA, 11/0.415 kV, 50 Hz, 3-Phase, Outdoor Type Dyn11 at Rangit Power House",Unclassified,,,,Unknown,https://www.nhpcindia.com/welcome/tender,GEM/2025/B/5895011,Tender,,,,No,2026-09-04,2026-09-04,NEW
f6af20afbf59,NHPC,"Electrification of partly constructed Administrative Building of Rangit IV HEP, at Sikkip",Unclassified,,,,Unknown,https://www.nhpcindia.com/welcome/tender,NH-R4P-Elec017/7/2024-ELECT/796,Tender,,,,No,2026-09-04,2026-09-04,NEW
0d0b9fe962b1,NHPC,"Electrification of partially constructed VIP Guest House at Sikkip, Rangit-IV HEP",Unclassified,,,,Unknown,https://www.nhpcindia.com/welcome/tender,NH-R4P-Elec017/9/2024-ELECT /2289,Tender,,,,No,2026-09-04,2026-09-04,NEW
c5289e88c3e4,NHPC,Renovation of Washrooms of Admin Office Buildings and other miscellaneous offices and Union Office Building near Post Office etc,Unclassified,,,,Unknown,https://www.nhpcindia.com/welcome/tender,NH/DPS/CONT/NIT-232/2025/E135109 dated 22.02.2025,NIT,,,,No,2026-09-04,2026-09-04,NEW
1c2d029c27d2,NHPC,"Servicing of different types of Hoist Arrangements, Gantry Cranes and EOT Crane of Hydro Mechanical Division installed at Rangit Power Station",Hydro,,,,Unknown,https://www.nhpcindia.com/welcome/tender,GEM/2025/B/5977173,Tender,,,,Yes,2026-09-04,2026-09-04,NEW
f50b41c040ac,NHPC,"Insurance of various movable and immovable properties of NHPC Office Complex, Sector-33, Faridabad, Residential Complex, Surajkund Road, Faridabad and Guest House-Delhi for the period of 2025-26",Unclassified,,Delhi,,Unknown,https://www.nhpcindia.com/welcome/tender,GEM/2025/B/5935770,Tender,,,,No,2026-09-04,2026-09-04,NEW
9b781f12626f,NHPC,"Purchase of Spares for Control Panels of Radial, SFG &amp;amp; SFT Gates of Rangit Dam",Unclassified,,,,Unknown,https://www.nhpcindia.com/welcome/tender,GEM/2025/B/5958354,Tender,,,,No,2026-09-04,2026-09-04,NEW
71945f5cffd5,NHPC,PURCHASE OF DIFFERENT TYPES OF MS MATERIAL,Unclassified,,,,Unknown,https://www.nhpcindia.com/welcome/tender,GEM/2025/B/5874298,Tender,,,,No,2026-09-04,2026-09-04,NEW
27e3ca14112c,NHPC,Procurement of MUSCO Make Pressure Valve and Pressure Reducing Valve for fire fighting pipeline installed in Power House of Chamera Power Station-1.,Unclassified,,,,Unknown,https://www.nhpcindia.com/welcome/tender,GEM/2025/B/5903561,Tender,,,,No,2026-09-04,2026-09-04,NEW
5f94c3b97b8d,NHPC,"Supply, Installation, Testing & Commissioning of Passenger Elevator and Dismantling of Old Elevator in the Power House of Teesta-V Power Station",Unclassified,,,,Unknown,https://www.nhpcindia.com/welcome/tender,NIT No. NH/TSV/Cont/EC-159/NIT-1002/2024-25/483 Dated: 19/02/2025 and E-tender id:2025_NHPC_849894 _1,NIT,,,,No,2026-09-04,2026-09-04,NEW
6902d4994985,NHPC,Restoration and completion of Balance H. M. works of Sheelagarh Diversion work of Parbati HE Project (Stage-II)” (Package No. C-806),Unclassified,,,,Unknown,https://www.nhpcindia.com/welcome/tender,2025_NHPC_849777¬_1,Tender,,,,No,2026-09-04,2026-09-04,NEW
d9d25e194240,NHPC,Creation of Security Operation Centre (SOC) near Data Centre at 2nd floor of Neer Shakti Sadan,Unclassified,,,,Unknown,https://www.nhpcindia.com/welcome/tender,2025_NHPC_849104_1,Tender,,,,No,2026-09-04,2026-09-04,NEW
39e469120d98,NHPC,"Laying of Epoxy Coating on the Floors of Powerhouse, Dulhasti Power Station",Unclassified,,,,Unknown,https://www.nhpcindia.com/welcome/tender,NH/DPS/CONT/NIT-231/2025/E133985 dated 13.02.2025,NIT,,,,No,2026-09-04,2026-09-04,NEW
79f6fb9622fc,NHPC,"Providing Security Services of Ex-Serviceman through DGR Registered Agencies at Access Road Tunnel of Sawalkote HE Project, Tanger, Dist.- Ramban (Jammu and Kashmir) for the period of 24 months.",Unclassified,,Jammu and Kashmir,,Unknown,https://www.nhpcindia.com/welcome/tender,2025_NHPC_848601_1,Tender,,,,No,2026-09-04,2026-09-04,NEW
58ae84274863,NHPC,Purchase of Miscellaneous Electrical Consumable Items,Unclassified,,,,Unknown,https://www.nhpcindia.com/welcome/tender,GEM/2025/B/5950572 Dated : 15-02-2025,Tender,,,,No,2026-09-04,2026-09-04,NEW
c2337371444d,NHPC,Purchase of Stationary for Sewa-II Power Station,Unclassified,,,,Unknown,https://www.nhpcindia.com/welcome/tender,GEM/2025/B/5946568 Dated : 15-02-2025,Tender,,,,No,2026-09-04,2026-09-04,NEW
4b2e61f4b4a5,NHPC,Purchase of 125 KVA DG Set,Unclassified,,,,Unknown,https://www.nhpcindia.com/welcome/tender,GEM/2025/B/5909709,Tender,,,,No,2026-09-04,2026-09-04,NEW
ab75d6989b6e,NHPC,"Purchase of 2 Nos Mobile/Portable DG Set(30KVA) for Dibang MPP, Roing",Unclassified,,,,Unknown,https://www.nhpcindia.com/welcome/tender,GEM/2025/B/5845435,Tender,,,,No,2026-09-04,2026-09-04,NEW
2df64677de08,NHPC,"Construction of retaining wall/wing wall at Ghat Nallah near Shiv Mandir at Right Bank, Kolaptukar, SLP, Arunachal Pradesh.",Unclassified,,Arunachal Pradesh,,Unknown,https://www.nhpcindia.com/welcome/tender,NH/SLP/CONT/2025/C-04/NIT/396,NIT,,,,No,2026-09-04,2026-09-04,NEW
2983545ed275,NHPC,"Protection work of upstream approach road from RD±420M to RD±480M (Left bank) upstream of Dam axis, Teesta-V Power Station",Unclassified,,,,Unknown,https://www.nhpcindia.com/welcome/tender,NH/TSV/Cont/CC-350/NIT-1001/2024-25/355 Dated: 15/02/2025,NIT,,,,No,2026-09-04,2026-09-04,NEW
0d632fb7ad65,NHPC,Hiring of Different Type of Vehicles (11 no.) along with all necessary arrangement for its smooth operation/ running for various locations of Parbati H.E. Project (Stage-II) (Package No. C- 790),Unclassified,,,,Unknown,https://www.nhpcindia.com/welcome/tender,2025_NHPC_846021_1,Tender,,,,No,2026-09-04,2026-09-04,NEW
88d9f8be8ab5,NHPC,"Supply, Installation, Testing and Commissioning of ABT type energy meters along with network creation for AMR (automatic meter reading) and supply of other indicating instruments for Power House of Parbati H.E. Project Stage-II. (Package No. C-800)",Unclassified,,,,Unknown,https://www.nhpcindia.com/welcome/tender,2025_NHPC_849419_1,Tender,,,,Yes,2026-09-04,2026-09-04,NEW
7b4403ebfb48,NHPC,"Repairing of Two nos Main drainage Pumps, 160KW, make - Kirloskar of Uri II Power House",Unclassified,0.16,,,Unknown,https://www.nhpcindia.com/welcome/tender,2025_NHPC_849388_1,Tender,,,160 KW,No,2026-09-04,2026-09-04,NEW
d2ac0d1e26ab,NHPC,"Construction of 06 Nos Toilet Near Manjushiri Statue at Tia village under CSR scheme 2024-25 by Nimoo Bazgo Power Station, Alchi, Leh.&amp;amp;quot;",Unclassified,,,,Unknown,https://www.nhpcindia.com/welcome/tender,NBPS/CnP/2024-25/W-26/247,Tender,,,,No,2026-09-04,2026-09-04,NEW
96aeedb1b365,NHPC,"Internal &amp;amp;amp;amp;amp;amp;amp;amp;amp; External distempering/ painting and repair of plaster in flats at NHPC Residential Colony, Sector-41, Faridabad for 2 years",Unclassified,,,,Unknown,https://www.nhpcindia.com/welcome/tender,2025_NHPC_847299_1,Tender,,,,No,2026-09-04,2026-09-04,NEW
803948584ef5,NHPC,Custom Bid for Services - Non Comprehensive Annual Maintenance Contract AMC of Trane make Chillers RTAC200 installed at Power House,Unclassified,,,,Unknown,https://www.nhpcindia.com/welcome/tender,GEM/2025/B/5931196 Dated: 14-02-2025,Tender,,,,No,2026-09-04,2026-09-04,NEW
20b15b38ae5a,NHPC,Selection of Roof Top Developer for Setting up Grid Connected Solar Roof Top Plants at Various locations on government buildings in the state of Haryana on RESCO Mode through Tariff-Based Competitive Bidding,Rooftop Solar,,Haryana,,Unknown,https://www.nhpcindia.com/welcome/tender,2025_NHPC_848036_1,Tender,,,,Yes,2026-09-04,2026-09-04,NEW
aa2f8d6147c9,NHPC,Selection of BESS Developers for setting up of 500MW / 1000MWh InSTS connected standalone BESS in the state of Andhra Pradesh under TBCB with VGF support (NHPC-Tranche-II-BESS) (2024-25),Energy Storage (BESS),500.0,Andhra Pradesh,,Unknown,https://www.nhpcindia.com/welcome/tender,2025_NHPC_849236_1,Tender,,,500 MW,Yes,2026-09-04,2026-09-04,NEW
77175682d0a2,NHPC,"Operation &amp; maintenance of sewage treatment plant (STP), collection of hydro meteorological data/Instrumentation data for Teesta-V.",Hydro,,,,Unknown,https://www.nhpcindia.com/welcome/tender,NH/TSV/Cont/RM-202/NIT-1000/2024-25/475 Dated : 14/02/2025,NIT,,,,Yes,2026-09-04,2026-09-04,NEW
7b52fdcf6f40,NHPC,"Repairing and Construction of additional septic tank, drain and plinth protection at CISF Barrack SLP Gerukamukh.",Unclassified,,,,Unknown,https://www.nhpcindia.com/welcome/tender,NH/SLP/CONT/2025/C-02/NIT/395,NIT,,,,No,2026-09-04,2026-09-04,NEW
78029a1c5bd2,NHPC,Procurement of 1350 Kg SF6 Gas for 400KVA GIS of CPS-1.,Unclassified,,,,Unknown,https://www.nhpcindia.com/welcome/tender,GEM/2025/B/5918543 Dated: 14-02-2025,Tender,,,,No,2026-09-04,2026-09-04,NEW
dbe050648298,NHPC,"Operation &amp; maintenance of sewage treatment plant (STP), collection of hydro meteorological data/Instrumentation data for Teesta-V.",Hydro,,,,Unknown,https://www.nhpcindia.com/welcome/tender,NH/TSV/Cont/RM-202/NIT-1000/2024-25/472 Dated: 13/02/2025,NIT,,,,Yes,2026-09-04,2026-09-04,NEW
f3cf4f6649a4,NHPC,Selection of Roof Top Developer for Setting up Grid Connected Solar Roof Top Plants at Various locations on government buildings in the state of Manipur on RESCO Mode through Tariff-Based Competitive Bidding,Rooftop Solar,,Manipur,,Unknown,https://www.nhpcindia.com/welcome/tender,2025_NHPC_846705_1,Tender,,,,Yes,2026-09-04,2026-09-04,NEW
177682498c1f,NHPC,Purchase of Pt100 duplex RTD for Sewa2 Power House,Unclassified,,,,Unknown,https://www.nhpcindia.com/welcome/tender,"GEM/2025/B/5914041, Dated: 12-02-2025",Tender,,,,No,2026-09-04,2026-09-04,NEW
a6c2ada7c061,NHPC,Purchase of Wireless Access Point,Unclassified,,,,Unknown,https://www.nhpcindia.com/welcome/tender,"GEM/2025/B/5896839,Dated: 12-02-2025",Tender,,,,No,2026-09-04,2026-09-04,NEW
6b03e2098cc8,NHPC,"Providing assistance in R&amp;M of VIP Guest House including 40 KVA DG Set at Tadong, Gangtok for Teesta-V PS for period of 2 years",Unclassified,,,,Unknown,https://www.nhpcindia.com/welcome/tender,NH/TSV/Cont/RM-208/NIT-999/2024-25/350 Dated: 11/02/2025,NIT,,,,No,2026-09-04,2026-09-04,NEW
6de7df91ee84,NHPC,"Repairing, Painting of Field Hostel and Modification of Dormitory Shed and Other Structure located at Nakrod, BSPS",Unclassified,,,,Unknown,https://www.nhpcindia.com/welcome/tender,NH/BSPS/CC/CW/51/2024-25/541,Tender,,,,No,2026-09-04,2026-09-04,NEW
e056c21f3d1b,NHPC,"Maintenance and up keeping of Roads connecting to Power House and removal of rubbish material from adjoining area at left bank area & Maintenance, Up Keeping of Left Bank Colony Area, Teesta- V Power Station, Balutar for a period of 02 years (2025-27)",Unclassified,,,,Unknown,https://www.nhpcindia.com/welcome/tender,NH/TSV/Cont/RM-207/NIT-998/2024-25/460,NIT,,,,No,2026-09-04,2026-09-04,NEW
59caa9e31afe,NHPC,"Testing of 42 Nos Alstom Make (presently GE) Micom relays installed at Power House and Switchyard of Kishanganga Power station. Bandipora, J&amp;K (PKG-521).",Unclassified,,,,Unknown,https://www.nhpcindia.com/welcome/tender,GEM/2025/B/5900314,Tender,,,,No,2026-09-04,2026-09-04,NEW
6aab515c0117,NHPC,Cleaning and Maintenance of Nowpora Complex of Uri-II Power Station,Unclassified,,,,Unknown,https://www.nhpcindia.com/welcome/tender,GEM/2025/B/5911367,Tender,,,,No,2026-09-04,2026-09-04,NEW
d0b67d7c398d,NHPC,"Repair of TGB Oil slinger cover of Unit #2 (Pelton turbine) for Kishanganga Power Station(3X110MW), Bandipora, J &amp;amp; K (PKG-529).",Unclassified,110.0,,,Unknown,https://www.nhpcindia.com/welcome/tender,GEM/2025/B/5920552,Tender,,,110 MW,No,2026-09-04,2026-09-04,NEW
55a838e53c2a,NHPC,Running and maintenance of Solid waste treatment plant and collection of waste daily from different location Balutar and bi-weekly from Samdong colony along with its treatment for FY 2025-27,Unclassified,,,,Unknown,https://www.nhpcindia.com/welcome/tender,NH/TSV/Cont/RM-209/NIT-997/2024-25/346 Dated: 10/02/2025,NIT,,,,No,2026-09-04,2026-09-04,NEW
ff83322778f3,NHPC,Purchase of Spares for EOT cranes installed at Power House Parbati-III Power Station,Unclassified,,,,Unknown,https://www.nhpcindia.com/welcome/tender,GEM/2025/B/5884838,Tender,,,,No,2026-09-04,2026-09-04,NEW
72e93ff21b00,NHPC,"Purchase of Curtain Pipe, Sider and mounting bracket (Q4)",Unclassified,,,,Unknown,https://www.nhpcindia.com/welcome/tender,GEM/2024/B/5730520,Tender,,,,No,2026-09-04,2026-09-04,NEW
8c0dfe6e9684,NHPC,Purchase of Decorative Mats - Mat Door Coir (Q3),Unclassified,,,,Unknown,https://www.nhpcindia.com/welcome/tender,GEM/2024/B/5730222,Tender,,,,No,2026-09-04,2026-09-04,NEW
eec22e633536,NHPC,Purchase of Door Curtains (V2) (Q3),Unclassified,,,,Unknown,https://www.nhpcindia.com/welcome/tender,GEM/2024/B/5730146,Tender,,,,No,2026-09-04,2026-09-04,NEW
3d35a7b61978,NHPC,Purchase of HYDRAULICALLY REGULATED DOOR CLOSERS (Q3),Unclassified,,,,Unknown,https://www.nhpcindia.com/welcome/tender,GEM/2024/B/5729632,Tender,,,,No,2026-09-04,2026-09-04,NEW
67385a6553fa,NHPC,CCTV CAMERA SUPPLY AND INSTALLATION,Unclassified,,,,Unknown,https://www.nhpcindia.com/welcome/tender,GEM/2025/B/5908238,Tender,,,,No,2026-09-04,2026-09-04,NEW
4d834745220f,NHPC,"Providing Pipe culvert at Dhaee Nala on Taleru-Power House Road, CPS-1.",Unclassified,,,,Unknown,https://www.nhpcindia.com/welcome/tender,NH/CPS-1/P&C/W-1491/2024-25/842 Dated: 07/02/2025,Tender,,,,No,2026-09-04,2026-09-04,NEW
48136dfbdf31,NHPC,Hiring of 01 No inspection Vehicle M and M Bolero BS6 or equivalent for Teesta-V Power Station for a period of 24 Months,Unclassified,,,,Unknown,https://www.nhpcindia.com/welcome/tender,NIT No. NH/TSV/Cont/MC-158/NIT-996/2025/453 Dated: 07/02/2025 and GEM Bid No. GEM/2025/B/5924407,NIT,,,,No,2026-09-04,2026-09-04,NEW
2b9ed1b7bf32,NHPC,Hiring of 01 No M and M Bolero Pickup or equivalent for Teesta-v power station for a period of 24 Months,Unclassified,,,,Unknown,https://www.nhpcindia.com/welcome/tender,NIT No. NH/TSV/Cont/MC-157/NIT-995/2025/452 Dated: 07/02/2025 and GEM Bid No. GEM/2025/B/5924211,NIT,,,,No,2026-09-04,2026-09-04,NEW
ee73e70ab5c1,NHPC,"Renovation of Toilets of Block -I of Regional office , Jammu",Unclassified,,,,Unknown,https://www.nhpcindia.com/welcome/tender,2025_NHPC_847700_1,Tender,,,,No,2026-09-04,2026-09-04,NEW
3bbe2fa9e3ae,NHPC,"Procurement of Misc type of Electrical, Furniture & Furnishing items for CPS-1, Khairi",Unclassified,,,,Unknown,https://www.nhpcindia.com/welcome/tender,GEM/2025/B/5885681 Dated: 05-02-2025,Tender,,,,No,2026-09-04,2026-09-04,NEW
8be9a51ba0a5,NHPC,"Supply,Fabrication,Installation,Testing and commissioning of main gate of Power House,cut out cover railing and staircase railing on different floor of Power House of Parbati-H.E. Project (Stage-II) (Package No-C-803)",Unclassified,,,,Unknown,https://www.nhpcindia.com/welcome/tender,2025_NHPC_ 848098 _1,Tender,,,,No,2026-09-04,2026-09-04,NEW
3b59bb02631c,NHPC,Wired/Wireless 40 Mbps Point to point P2P Connection (LAN) Between Ithai Barrage and Loktak Admin Office.,Unclassified,,,,Unknown,https://www.nhpcindia.com/welcome/tender,GEM/2025/B/5871383,Tender,,,,No,2026-09-04,2026-09-04,NEW
13df30704d47,NHPC,"Purchase of Spare ABB Make ACB 800 Amp, MODEL:-SACE PR121/P EMAX EIN 08,4 Pole, 415 V AC,50 HZ for dam site of Parbati-III Power Station",Unclassified,,,,Unknown,https://www.nhpcindia.com/welcome/tender,GEM/2025/B/5893236,Tender,,,,No,2026-09-04,2026-09-04,NEW
b1805f38c9aa,NHPC,"All in One PC (Q2) , Line Interactive UPS with AVR (V2) (Q2) , Multifunction Machines MFM (Q2)",Unclassified,,,,Unknown,https://www.nhpcindia.com/welcome/tender,GEM/2025/B/5837192,Tender,,,,No,2026-09-04,2026-09-04,NEW
1b6b2532ab95,NHPC,ISAT PHONE DOCKING STATION with Inmarsat SMA/TNC Cable kit 50 Meters and Availability of RJ11 port,Unclassified,,,,Unknown,https://www.nhpcindia.com/welcome/tender,GEM/2025/B/5913253,Tender,,,,No,2026-09-04,2026-09-04,NEW
d9477ca3934a,NHPC,"Supply, Transportation, Dismantling, Installation, Testing and Commissioning of Fire Fighting Pipelines of Baira Siul Power Station",Unclassified,,,,Unknown,https://www.nhpcindia.com/welcome/tender,NH/BSPS/CC/PH/48/2024-25/535,Tender,,,,No,2026-09-04,2026-09-04,NEW
b27c9253e728,NHPC,Rewiring of 12 C-type quarters (C-107-118) at Jyotipuram Colony,Unclassified,,,,Unknown,https://www.nhpcindia.com/welcome/tender,"NH/SPS/CD/NIT19/24-25/1266-76, Date: 05.02.2025 (2025_NHPC_847668_1)",Tender,,,,No,2026-09-04,2026-09-04,NEW
6f37214be576,NHPC,"Repair/Restoration work of 2.0 Ton Air Conditioner Units installed in Power House, Ravi Retreat and Gym of CPS-I.",Unclassified,,,,Unknown,https://www.nhpcindia.com/welcome/tender,NH/CPS-1/P&C/W-1493/2024-25/839 Dated: 03/02/2025,Tender,,,,No,2026-09-04,2026-09-04,NEW
2dd777e0b878,NHPC,Purchase of spares of Godrej make Fork lift (Model: GX300E) at Power house,Unclassified,,,,Unknown,https://www.nhpcindia.com/welcome/tender,GEM/2025/B/5872486,Tender,,,,No,2026-09-04,2026-09-04,NEW
2504c5e5aa27,NHPC,Implementation of Automatic Generation Control (AGC) System at Subansiri Lower HE Project (8 x 250 MW) and Parbati HE Project (Stage-II) (4 x 200 MW) of NHPC Limited,Unclassified,250.0,,,Unknown,https://www.nhpcindia.com/welcome/tender,GEM/2025/B/5884423,Tender,,,250 MW,Yes,2026-09-04,2026-09-04,NEW
708f051dabb0,NHPC,"Hiring of MUV/ SUV of engine capacity of 2200 cc (Turbo Charged) viz. M &amp; M Scorpio BS-VI or equivalent along with Driver for General Pool Duty, KGPS, Bandipora (No.5) for 2 years (PKG-528).",Unclassified,,,,Unknown,https://www.nhpcindia.com/welcome/tender,GEM/2025/B/5873778,Tender,,,,No,2026-09-04,2026-09-04,NEW
575330a206b1,NHPC,"Hiring of MUV/ SUV of engine capacity of 2200 cc (Turbo Charged) viz. M &amp; M Scorpio BS-VI or equivalent along with Driver for General Pool Duty, KGPS, Bandipora (No.4) for 2 years (PKG-527).",Unclassified,,,,Unknown,https://www.nhpcindia.com/welcome/tender,GEM/2025/B/5873576,Tender,,,,No,2026-09-04,2026-09-04,NEW
21878f611a88,NHPC,"Hiring of MUV/SUV Engine capacity 2700cc (Turbo Charged) viz. Innova Crysta (BS-VI) or equivalent along with Driver for NHPC Colony, Bandipora for 2 years (PKG-523).",Unclassified,,,,Unknown,https://www.nhpcindia.com/welcome/tender,GEM/2025/B/5869694,Tender,,,,No,2026-09-04,2026-09-04,NEW
211f3261ceb7,NHPC,"Insurance of the work “Supply, Erection, Testing and Commissioning of 420 KV GIS, 400 KV Outdoor Pothead Yard, 400 KV XLPE Cables and associated accessories for Teesta V Power station”",Unclassified,,,,Unknown,https://www.nhpcindia.com/welcome/tender,NIT No. NH/TSV/Cont/EC-158/NIT-994/2024-25/449 Dated: 04/02/2025 and E-tender no. 2025_NHPC_847485_1,NIT,,,,No,2026-09-04,2026-09-04,NEW
22cf351a5c6a,NHPC,Hiring of two nos multi utility vehicle (bolero camper or equivalent) for two years for Sewa-II Power Station,Unclassified,,,,Unknown,https://www.nhpcindia.com/welcome/tender,"GEM/2025/B/5884766,Dated: 03-02-2025",Tender,,,,No,2026-09-04,2026-09-04,NEW
65fb8de90d4e,NHPC,Hiring of one no. of Bus for Sewa-II Power Station,Unclassified,,,,Unknown,https://www.nhpcindia.com/welcome/tender,"GEM/2025/B/5801385,Dated: 30-01-2025",Tender,,,,No,2026-09-04,2026-09-04,NEW
091f390c8aee,NHPC,"Construction of internal (WBM) Road interconnecting to various building and upto main entry gate/exit gate at Chimiri colony, DMP, Arunachal Pradesh",Unclassified,,Arunachal Pradesh,,Unknown,https://www.nhpcindia.com/welcome/tender,2025_NHPC_847276_1,Tender,,,,No,2026-09-04,2026-09-04,NEW
59f103cdc5e4,NHPC,"Providing work assistance in collection, analysis &amp; recording of Hydro Metrological data and Dam Instrumentation data at Dam site of Teesta-V Power Station",Hydro,,,,Unknown,https://www.nhpcindia.com/welcome/tender,NIT No: NH/TSV/Cont/RM-206/NIT-993/2024-25/337 Dated: 01/02/2025 GeM Bid No: GEM/2025/B/5898823,NIT,,,,Yes,2026-09-04,2026-09-04,NEW
df3980bacea9,NHPC,"Hiring of MUV/ SUV of engine capacity of 2200 cc (Turbo Charged) viz. M & M Scorpio BS-VI or equivalent along with Driver for General Pool Duty, KGPS, Bandipora (No.1) for 2 years (PKG-524).",Unclassified,,,,Unknown,https://www.nhpcindia.com/welcome/tender,GEM/2025/B/5872273,Tender,,,,No,2026-09-04,2026-09-04,NEW
ff06567f4e39,NHPC,"Hiring of MUV/ SUV of engine capacity of 2200 cc (Turbo Charged) viz. M & M Scorpio BS-VI or equivalent along with Driver for General Pool Duty, KGPS, Bandipora (No.3) for 2 years (PKG-526).",Unclassified,,,,Unknown,https://www.nhpcindia.com/welcome/tender,GEM/2025/B/5872816,Tender,,,,No,2026-09-04,2026-09-04,NEW
60b0a3423c88,NHPC,"Hiring of MUV/ SUV of engine capacity of 2200 cc (Turbo Charged) viz. M & M Scorpio BS-VI or equivalent along with Driver for General Pool Duty, KGPS, Bandipora (No.2) for 2 years (PKG-525).",Unclassified,,,,Unknown,https://www.nhpcindia.com/welcome/tender,GEM/2025/B/5872620,Tender,,,,No,2026-09-04,2026-09-04,NEW
20bfcdf54057,NHPC,"Roof Treatment of Administrative Building at SLP, Gerukamukh",Unclassified,,,,Unknown,https://www.nhpcindia.com/welcome/tender,NH/SLP/CONT/2024/C-25/NIT/383,NIT,,,,No,2026-09-04,2026-09-04,NEW
c2b1110f984c,NHPC,"Construction of two rooms at Govt High School, Tappar, Distt - Chamba.",Unclassified,,,,Unknown,https://www.nhpcindia.com/welcome/tender,NH/RO BKT/PnC/2025/CW-205/99 Dated 31.01.2025,Tender,,,,No,2026-09-04,2026-09-04,NEW
efd54f0788a7,NHPC,Purchase of OFR Heaters for Field hostels of Parbati-III Power Station,Unclassified,,,,Unknown,https://www.nhpcindia.com/welcome/tender,GEM/2025/B/5790047,Tender,,,,No,2026-09-04,2026-09-04,NEW
18d984a94151,NHPC,Toner Cartridges / Ink Cartridges / Consumables for Printers (Q2),Unclassified,,,,Unknown,https://www.nhpcindia.com/welcome/tender,GEM/2025/B/5862573 Dated:31-01-2025,Tender,,,,No,2026-09-04,2026-09-04,NEW
4a6dd3b8132a,NHPC,Toner Cartridges / Ink Cartridges / Consumables for Printers (Q2),Unclassified,,,,Unknown,https://www.nhpcindia.com/welcome/tender,GEM/2025/B/5876179 dated:31-1-2025,Tender,,,,No,2026-09-04,2026-09-04,NEW
869ee15a560e,NHPC,"PVC panelling, and other misc. tiles work of administrative building-II at Jyotipuram, Salal Power Station",Unclassified,,,,Unknown,https://www.nhpcindia.com/welcome/tender,NH/SPS/CD/NIT-17/24-25/1248-1258 dt 30/01/2025 (Tender ID 2025_NHPC_ 846891_1 ),NIT,,,,No,2026-09-04,2026-09-04,NEW
0e2192f1b368,NHPC,Providing services for Running and maintenance of Electrical installation and power supply network of Dam site &amp;amp; Samdong Colony of Teesta-V Power station for the period of 2-Years,Unclassified,,,,Unknown,https://www.nhpcindia.com/welcome/tender,NIT No. NH/TSV/Cont/RM-205/NIT-992/2024-25/336 Dated : 31/01/2025and GEM Bid No. GEM/2025/B/5895449,NIT,,,,No,2026-09-04,2026-09-04,NEW
8af4b93d5c17,NHPC,Construction of diesel generator set shed (for newly installed DG sets) and Diesel storage shed at Barrage of Uri Power Station,Unclassified,,,,Unknown,https://www.nhpcindia.com/welcome/tender,NH/UPS/PCS/C-107/NIQ-92/271 Dated 31.01.2025,Tender,,,,No,2026-09-04,2026-09-04,NEW
d8b79d85c910,NHPC,Repairing and Painting of 06 Nos of Type-III Quarter and Barrack of Siang Lower Project at Pasighat Complex,Unclassified,,,,Unknown,https://www.nhpcindia.com/welcome/tender,NH/SIANGLOWER/NIT/2025/03,NIT,,,,No,2026-09-04,2026-09-04,NEW
d8db89f0de71,NHPC,Repairing and Maintenance of Executive Field Hostel of Siang Lower H.E Project at Pasighat,Unclassified,,,,Unknown,https://www.nhpcindia.com/welcome/tender,NH/SIANGLOWER/NIT/2025/01,NIT,,,,No,2026-09-04,2026-09-04,NEW
83cb63dbbf64,NHPC,Repairing and Maintenance of Transit Camp of Siang Lower HE Project at Pasighat,Unclassified,,,,Unknown,https://www.nhpcindia.com/welcome/tender,NH/SIANGLOWER/NIT/2025/02,NIT,,,,No,2026-09-04,2026-09-04,NEW
09b6833cc6c3,NHPC,Purchase of Electrical Items,Unclassified,,,,Unknown,https://www.nhpcindia.com/welcome/tender,GEM/2025/B/5866192,Tender,,,,No,2026-09-04,2026-09-04,NEW
963d68507587,NHPC,Purchase of PVC Copper Cable Single Core and Multi Core Circular Sheathed Cord with Flexible Conductor (V2) as per IS 694 (Q2),Unclassified,,,,Unknown,https://www.nhpcindia.com/welcome/tender,GEM/2025/B/5856393,Tender,,,,No,2026-09-04,2026-09-04,NEW
f45e749b5e62,NHPC,Purchase of LED Lamps,Unclassified,,,,Unknown,https://www.nhpcindia.com/welcome/tender,GEM/2025/B/5856418,Tender,,,,No,2026-09-04,2026-09-04,NEW
c74aac8fa443,NHPC,"Fabrication, Supply and Erection of modified Spillway Radial gate Sill Beams, Supply &amp; erection of Steel liner grade IS 2062-E450A/BR #1 to 4 and repairing of Spillway Glacis with HPC of bay# 1 ,2&amp; 4 at Dam of Chamera-II Power Station(E-FILE: 120202)",Unclassified,,,,Unknown,https://www.nhpcindia.com/welcome/tender,NH/CPS- II/Cont./E-120202/2024-25/29,Tender,,,,No,2026-09-04,2026-09-04,NEW
4cc9afdbce43,NHPC,HM Works for Repair/ Restoration of Pressure Shafts of Parbati HE Project (Stage-II) (Package No. C-799),Unclassified,,,,Unknown,https://www.nhpcindia.com/welcome/tender,2025_NHPC_846676_1,Tender,,,,No,2026-09-04,2026-09-04,NEW
4874d840c93e,NHPC,"Supplying and installation of 1 KLD sewage treatment plant for Alchi Residential Colony of NBPS, Alchi.",Unclassified,,,,Unknown,https://www.nhpcindia.com/welcome/tender,NBPS/C&amp;amp;P/2024-25/W-24/244 Dated: 30-01-2025,Tender,,,,No,2026-09-04,2026-09-04,NEW
41f09058c202,NHPC,"Operation of Cafeteria, Canteen and snacks at various Locations of NHPC Headquarters Complex, Sector-33, Faridabad for 02 Years",Unclassified,,,,Unknown,https://www.nhpcindia.com/welcome/tender,GEM/2025/B/5795113,Tender,,,,No,2026-09-04,2026-09-04,NEW
941209f0d46e,NHPC,Implementation of Rooftop Solar Projects on Government Buildings of allocated Central Ministries in RESCO Mode on Tariff-Based Competitive Bidding under PM Surya Ghar Muft Bijli Yojana (PMSG-MBY),Rooftop Solar,,,,Unknown,https://www.nhpcindia.com/welcome/tender,2025_NHPC_845421_1,Tender,,,,Yes,2026-09-04,2026-09-04,NEW
9ed685e277c3,NHPC,"Repairing, Renovation and Painting work of Dam Complex Rangit Power station",Unclassified,,,,Unknown,https://www.nhpcindia.com/welcome/tender,NH-RPS-DC011(16)/1/2024-DAM C/187 Date: 27/01/2025,Tender,,,,No,2026-09-04,2026-09-04,NEW
70d1eb84d131,NHPC,"Construction of 15 meter height elevated steel staging and installation of 20,000 ltr water storage capacity PVC Tank with GI Pipe &amp;amp;amp;amp;amp;amp;amp;amp; fitting at 3rd bench of office cum Residential complex, Sawalkote HE Project",Unclassified,,,,Unknown,https://www.nhpcindia.com/welcome/tender,2025_NHPC_845756_1,Tender,,,,Yes,2026-09-04,2026-09-04,NEW
b1487268802a,NHPC,Reservoir Rim Treatment work near Zang village from RD ±1150M of Dam axis to RD ±1600M &amp; RD ±615M of Dam axis to RD ±625M upstream of Dam axis of Teesta-V Power Station.,Unclassified,,,,Unknown,https://www.nhpcindia.com/welcome/tender,NH/TSV/Cont/CC-349/NIT-991/2024-25/443 Dated: 27/01/2025,NIT,,,,No,2026-09-04,2026-09-04,NEW
72dcecac6158,NHPC,"Reservoir Rim Treatment Work at Dikchu, East Sikkim from RD ±2000M to RD ±2250M and RD ±2300M to RD ±2400M upstream of Teesta-V Power Station Dam Axis.",Unclassified,,Sikkim,,Unknown,https://www.nhpcindia.com/welcome/tender,NH/TSV/Cont/CC-348/NIT-990/2024-25/441 Dated: 27/01/2025,NIT,,,,No,2026-09-04,2026-09-04,NEW
5d32256b8ea3,NHPC,Purchase of Double Acting Hydraulic Hand Pump with 02 nos Hydraulic Hose Make VANKOS MODEL HP-2 A/P + RDCV (04 Nos) For Radial Gates Installed at Dam Site of Parbati-III Power Station,Unclassified,,,,Unknown,https://www.nhpcindia.com/welcome/tender,GEM/2025/B/5826454,Tender,,,,No,2026-09-04,2026-09-04,NEW
19432aa060c1,NHPC,Repair of defective modules of Static Excitation System &amp;amp;#40;SEE&amp;amp;#41; of Nimoo Bazgo Power Station,Unclassified,,,,Unknown,https://www.nhpcindia.com/welcome/tender,NBPS/C&amp;amp;P/2024-25/W-23/243 Dated: 25/01/2025,Tender,,,,No,2026-09-04,2026-09-04,NEW
740b85450bfd,NHPC,"Supply, Installation &amp; Commissioning of Portable gasoline engine driven hydraulic power pack for radial gates for Uri-II PS",Unclassified,,,,Unknown,https://www.nhpcindia.com/welcome/tender,GEM/2025/B/5815704,Tender,,,,No,2026-09-04,2026-09-04,NEW
210f99897646,NHPC,Purchase of 08 nos. Washing Machine 10-12 KG,Unclassified,,,,Unknown,https://www.nhpcindia.com/welcome/tender,GEM/2025/B/5833989,Tender,,,,No,2026-09-04,2026-09-04,NEW
d242ea072329,NHPC,Purchase of 50 nos. Refrigerator 190-220 L.,Unclassified,,,,Unknown,https://www.nhpcindia.com/welcome/tender,GEM/2025/B/5831793,Tender,,,,No,2026-09-04,2026-09-04,NEW
3d8f0f823f91,NHPC,Hiring of One (01) no. Mahindra Scorpio N Model Z2 (Diesel) or higher and Two (02) nos. Mahindra Camper Model 4WD (Diesel) with Driver and with fuel (reimbursable) for two years,Unclassified,,,,Unknown,https://www.nhpcindia.com/welcome/tender,GEM/2024/B/5767160,Tender,,,,No,2026-09-04,2026-09-04,NEW
7af723ddc49e,NHPC,"Pest Control Management & Termite Treatment for Subansiri Lower Project, Gerukamukh.",Unclassified,,,,Unknown,https://www.nhpcindia.com/welcome/tender,NH/SLP/CONT/2024/C-25/NIT/371,NIT,,,,No,2026-09-04,2026-09-04,NEW
20e0cbb409f8,NHPC,"Selection of Roof Top Developer for Setting up Solar Roof Top Plants at Various Departments of Law, Justice & Parliamentary Affairs, Jal Shakti, Irrigation & Flood Control, Forest, Ecology & Environment and Home in State of J&K through JAKEDA in RESCO Mode on Tariff-Based Competitive Bidding",Rooftop Solar,,Jammu and Kashmir,,Unknown,https://www.nhpcindia.com/welcome/tender,2025_NHPC_842440_1,Tender,,,,Yes,2026-09-04,2026-09-04,NEW
7083b17eea8f,NHPC,Purchase of 3.5 KVA Inverter (V2) (Q2),Unclassified,,,,Unknown,https://www.nhpcindia.com/welcome/tender,GEM/2025/B/5848709,Tender,,,,No,2026-09-04,2026-09-04,NEW
28fcb3bcdfa2,NHPC,Procurement of Stationary Lead Acid Batteries (with Tubular Positive Plates) in Monobloc Containers as per IS 13369 (Q3),Unclassified,,,,Unknown,https://www.nhpcindia.com/welcome/tender,GEM/2025/B/5848685,Tender,,,,No,2026-09-04,2026-09-04,NEW
1e78dbc85b5c,NHPC,Selection of Roof Top Developer for Setting up Grid Connected Solar Roof Top Plants at Various locations on government buildings in the state of Sikkim on RESCO Mode through Tariff-Based Competitive Bidding,Rooftop Solar,,Sikkim,,Unknown,https://www.nhpcindia.com/welcome/tender,2025_NHPC_843297_1,Tender,,,,Yes,2026-09-04,2026-09-04,NEW
43f6cccae59b,NHPC,"Supply and installation of necessary equipment for updating the fire and safety system installed in Regional Office, Chandigarh",Unclassified,,Chandigarh,,Unknown,https://www.nhpcindia.com/welcome/tender,NH/ROCHD/PNC/CW13/2025/62,Tender,,,,No,2026-09-04,2026-09-04,NEW
c16f7f5587bf,NHPC,"Shifting of pumps, motors, panels and construction of pump foundations for installation of New pump and change ofsuction lines, delivery lines,Gate valves and NRVs of existing pipeline andOther repair works at differentPumpingStations of Jyotipuram",Unclassified,,,,Unknown,https://www.nhpcindia.com/welcome/tender,NH/SPS/CD/NIT-14/24-25/1141-1151 (CPPP Tender ID 2025_NHPC_ 843180_1 ),NIT,,,,No,2026-09-04,2026-09-04,NEW
4b12cf0b579f,NHPC,Painting and other miscellaneous Work of administrative building-I (Finance/CISF) of Salal Power Station Jyotipuram,Unclassified,,,,Unknown,https://www.nhpcindia.com/welcome/tender,"NH/SPS/CD/NIT-15/24-25/1174-84, (2025_NHPC_ 844094_1), Dated: 11/01/2025",NIT,,,,No,2026-09-04,2026-09-04,NEW
bd0d19c80153,NHPC,"Inspection, Load Testing and Non-destructive Testing of 70 R Single Span Class AA, double lane cantilever Bridge over Subansiri River for Subansiri Lower HE Project, NHPC Ltd",Unclassified,,,,Unknown,https://www.nhpcindia.com/welcome/tender,NH/SLP/CONT/2024/C-41/NIT/369,NIT,,,,No,2026-09-04,2026-09-04,NEW
6ba147968631,NHPC,Optical Mini Prism Targets.,Unclassified,,,,Unknown,https://www.nhpcindia.com/welcome/tender,GEM/2025/B/5819139,Tender,,,,No,2026-09-04,2026-09-04,NEW
717173d102a2,NHPC,Construction of steel structure near MAT Portal for protection against shooting stones at Parbati-III Power Station,Unclassified,,,,Unknown,https://www.nhpcindia.com/welcome/tender,"/PPS-III/NIT/PR11924/182/1/306, Dated: 21/01/2025",NIT,,,,No,2026-09-04,2026-09-04,NEW
5c0b68344e6d,NHPC,"Up-keeping and maintenance of residential building/ mess at Residential Complex at Dawar, Gurez, Bandipora for 2 years (PKG-522).",Unclassified,,,,Unknown,https://www.nhpcindia.com/welcome/tender,GEM/2025/B/5850386,Tender,,,,No,2026-09-04,2026-09-04,NEW
c24b7f026e70,NHPC,Repair and painting work of damaged Type-I (P) quarters along with misc. works of Rangit Power Station,Unclassified,,,,Unknown,https://www.nhpcindia.com/welcome/tender,NH-RPS-CTS/5/2024-CIVIL TS /184,Tender,,,,No,2026-09-04,2026-09-04,NEW
8211c03e3fa8,NHPC,"Providing and fixing sign boards, retro reflective overhead signage boards and 3D Acrylic LED letter boards at parbati-III power station",Unclassified,,,,Unknown,https://www.nhpcindia.com/welcome/tender,NH/PPS-III/NIT/PR11924/50-74/1/304 Dated: 20.01.2025,NIT,,,,No,2026-09-04,2026-09-04,NEW
9efc9963558a,NHPC,"Procurement of 02 nos. Basic Life Support Ambulances (Type-C) for Distt.Upper Subansiri, Arunachal Pradesh under CSR &SD;",Unclassified,,Arunachal Pradesh,,Unknown,https://www.nhpcindia.com/welcome/tender,GEM/2025/B/5840456,Tender,,,,No,2026-09-04,2026-09-04,NEW
53983026f432,NHPC,"Laying footpath of residential ground, painting and Tiling works of quarters for newly joined officers and Supervisors at backside of project workshop of Rangit Power Station.",Unclassified,,,,Unknown,https://www.nhpcindia.com/welcome/tender,NH-RPS-CTS/6/2024-CIVIL TS/183,Tender,,,,No,2026-09-04,2026-09-04,NEW
a10da0add502,NHPC,SITC and Integration of new system with current CCTV Surveillance System,Unclassified,,,,Unknown,https://www.nhpcindia.com/welcome/tender,GEM/2025/B/5798145,Tender,,,,No,2026-09-04,2026-09-04,NEW
d33505e0bb38,NHPC,"Exploratory drifting work of LDR-1 extension of 82 m (52+15+15) m length (1.8 M X 2.1M) size at Left bank of Kamala River at Kamala HE Project, Tamen, Arunachal Pradesh",Unclassified,,Arunachal Pradesh,,Unknown,https://www.nhpcindia.com/welcome/tender,2025_NHPC_845190_1,Tender,,,,No,2026-09-04,2026-09-04,NEW
ec5dcd707d55,NHPC,"Supply and Installation of 02 nos. Floor Standing / Tower Type Hot & Cold 2T Air Conditioners with all accessories at CPS- 1, Khairi.",Unclassified,,,,Unknown,https://www.nhpcindia.com/welcome/tender,GEM/2025/B/5833893 Dt: 20.01.2025,Tender,,,,No,2026-09-04,2026-09-04,NEW
02efda07a372,NHPC,"Protection work of road approaching Market, above Mandir road and Car Parking of residential area near Type-III Qrt of Rangit power station",Unclassified,,,,Unknown,https://www.nhpcindia.com/welcome/tender,NH-RPS-CTS012(11)/28/2024-CIVIL TS/ 182,Tender,,,,No,2026-09-04,2026-09-04,NEW
34506a3a61a7,NHPC,Restoration of damaged retaining/breast wall and drains at Dam area of Rangit Power Station,Unclassified,,,,Unknown,https://www.nhpcindia.com/welcome/tender,NH-RPS-CTS011(12)/10/2024-CIVIL TS/181 Date: 20/01/2025,Tender,,,,No,2026-09-04,2026-09-04,NEW
9dde428355da,NHPC,"Procurement of Water Supply Fittings for Water Supply Maintenance of CPS-1, Khairi.",Unclassified,,,,Unknown,https://www.nhpcindia.com/welcome/tender,GEM/2025/B/5829681 Dt: 19.01.2025,Tender,,,,No,2026-09-04,2026-09-04,NEW
01611719f492,NHPC,"Foam Mattress (V2) (Q2) , Sheeting, Tickings and Bedsheets (V2) as per IS 175 (Q3)",Unclassified,,,,Unknown,https://www.nhpcindia.com/welcome/tender,GEM/2024/B/5711883,Tender,,,,No,2026-09-04,2026-09-04,NEW
030ccd820493,NHPC,Rotational Moulded Polyethylene Water Storage Tanks as per IS 12701 (Q3),Unclassified,,,,Unknown,https://www.nhpcindia.com/welcome/tender,GEM/2024/B/5708461,Tender,,,,Yes,2026-09-04,2026-09-04,NEW
ffbb057aafdf,NHPC,Selection of BESS Developers for setting up of 125MW / 500MWh InSTS connected standalone BESS in the state of Kerala under TBCB with VGF support (NHPC-Tranche-I-BESS) (2024-25),Energy Storage (BESS),125.0,Kerala,,Unknown,https://www.nhpcindia.com/welcome/tender,2025_NHPC_844873_1,Tender,,,125 MW,Yes,2026-09-04,2026-09-04,NEW
d152cc402e17,NHPC,Repair & Painting; of Office Building at Dul Dam DPS- Kishtwar,Unclassified,,,,Unknown,https://www.nhpcindia.com/welcome/tender,NH/DPS/CONT/NIT-227/2025/E131936 dated 17.01.2025,NIT,,,,No,2026-09-04,2026-09-04,NEW
503daaa64990,NHPC,"Painting of Pothead Yard, CISF Building, Rest Room, STP, CISF Check Post, and Boundary Wall along the River at Powerhouse of Dulhasti Power Station, Kishtwar",Unclassified,,,,Unknown,https://www.nhpcindia.com/welcome/tender,NH/DPS/CONT/NIT-228/2025/E133590 dated 17.01.2025,NIT,,,,No,2026-09-04,2026-09-04,NEW
264766e5979b,NHPC,"Design, Manufacturing and replacement of HV and LV Windings of 48.33MVA, 11/400/√3 KV, single phase Generator transformer of Unit #2 R-Phase (S.No.217620-02) and repair as per scope of work”",Unclassified,,,,Unknown,https://www.nhpcindia.com/welcome/tender,NH/DPS/CONT/NIT-229/2025/E129998 dated 17.01.2025,NIT,,,,Yes,2026-09-04,2026-09-04,NEW
b549ecf1e9ff,NHPC,Purchase of Vacuum Breaking valve from BHEL,Unclassified,,,,Unknown,https://www.nhpcindia.com/welcome/tender,GEM/2025/B/5790479,Tender,,,,No,2026-09-04,2026-09-04,NEW
df13663146a6,NHPC,Purchase of DUPLEX FILTER ASSEMBLY (Model No. DFDK W/HC 160 QLF 100 D1. x/ L220),Unclassified,,,,Unknown,https://www.nhpcindia.com/welcome/tender,GEM/2025/B/5789303,Tender,,,,No,2026-09-04,2026-09-04,NEW
82208959c797,NHPC,Purchase of EHV grade Transformer oil for Power Transformers,Unclassified,,,,Unknown,https://www.nhpcindia.com/welcome/tender,"GEM/2025/B/5823556,Dated : 15-01-2025",Tender,,,,No,2026-09-04,2026-09-04,NEW
27e6386ceb30,NHPC,Hiring of 01 No M&M Bolero Camper or equivalent for Teesta-V Power Station for a period of 24 Months,Unclassified,,,,Unknown,https://www.nhpcindia.com/welcome/tender,NIT No. NH/TSV/Cont/MC-156/NIT-989/2025/311 Dated : 15/01/2025 and GeM Bid No.GEM/2025/B/5823621,NIT,,,,No,2026-09-04,2026-09-04,NEW
1137744efeb7,NHPC,"Servicing of Two (02) Nos. 150/20/10T EOT Crane installed at Power House and One (01) No. 75/10 Ton EOT Crane installed at Valve House of Kishanganga Power Station, Bandipora, J &amp; K (PKG-520).",Unclassified,,,,Unknown,https://www.nhpcindia.com/welcome/tender,GEM/2025/B/5777202 Dated:14.01.2025,Tender,,,,No,2026-09-04,2026-09-04,NEW
cdac848747ff,NHPC,Hiring of 06 MUV/SUV up to 2200 CC (Mahindra Scorpio-N Model Z-2 (Diesel) or higher vehicle) with driver for the period of 02 years for Dibang Multipurpose Project,Unclassified,,,,Unknown,https://www.nhpcindia.com/welcome/tender,NH/DMP/PNC/NIT/2025/03,NIT,,,,No,2026-09-04,2026-09-04,NEW
6ef16385a291,NHPC,Hiring of 06 MUV/SUV up to 1500 CC (Mahindra Bolero Model B4(Diesel) or higher vehicle) for the period of twenty-four (24) months for Dibang Multipurpose Project.,Unclassified,,,,Unknown,https://www.nhpcindia.com/welcome/tender,NH/DMP/PNC/NIT/2025/04,NIT,,,,No,2026-09-04,2026-09-04,NEW
3f87c3368d8f,NHPC,"Construction of sewerage system & water supply arrangement for Portable container (Accommodation, Canteen and office) at New Apali (Pattar camp), DMP, Arunachal Pradesh.",Unclassified,,Arunachal Pradesh,,Unknown,https://www.nhpcindia.com/welcome/tender,NH/DMP/PNC/NIT/2025/02,NIT,,,,No,2026-09-04,2026-09-04,NEW
dfbc5b1c5510,NHPC,"Onsite upgradation Software of Biometric machines installed at Chamera Power Station-I, Khairi.",Unclassified,,,,Unknown,https://www.nhpcindia.com/welcome/tender,GEM/2025/B/5811809 Dt: 14.01.2025,Tender,,,,No,2026-09-04,2026-09-04,NEW
52542b38f781,NHPC,Construction of Atal Tinkering Lab for DAV BSPS School at Surangani,Unclassified,,,,Unknown,https://www.nhpcindia.com/welcome/tender,NH/BSPS/CC/CW/49/2024-25/472,Tender,,,,No,2026-09-04,2026-09-04,NEW
c4022433ec46,NHPC,Modification work of officers club in Baira Siul Power Station Surangani,Unclassified,,,,Unknown,https://www.nhpcindia.com/welcome/tender,NH/BSPS/CC/CW/50/2024-25/470,Tender,,,,No,2026-09-04,2026-09-04,NEW
7d430aeffe3c,NHPC,"Providing Services for Running &amp; Maintenance of Housekeeping/Upkeeping works of Office Complex at Regional Office, Itanagar",Unclassified,,,,Unknown,https://www.nhpcindia.com/welcome/tender,GEM/2025/B/5779888,Tender,,,,No,2026-09-04,2026-09-04,NEW
0a0e1e4007ab,NHPC,"Procurement of Hydrogen Fuel Cell Electric Buses (3 Nos.) and its Comprehensive Maintenance Services for 3 Years for Leh, UT of Ladakh (2Nos.) & Chamba, Himachal Pradesh (1 No.)",Unclassified,,Himachal Pradesh,,Unknown,https://www.nhpcindia.com/welcome/tender,GEM/2025/B/5793707,Tender,,,,Yes,2026-09-04,2026-09-04,NEW
214e9c0765d0,NHPC,Comprehensive Annual Maintenance Contract (CAMC) for 1 Year of 01 No. RIEGL VZ 2000i-Long Range Terrestrial Laser Scanner for Project Investigation Division of Corporate office.,Unclassified,,,,Unknown,https://www.nhpcindia.com/welcome/tender,GEM/2024/B/5745264,Tender,,,,No,2026-09-04,2026-09-04,NEW
ad2072b9bdd7,NHPC,Replacement of pipeline along with header of submersible pumps installed at Draft tube plug end in Power House of CPS-1.,Unclassified,,,,Unknown,https://www.nhpcindia.com/welcome/tender,NH/CPS-1/P&C/W-1483/2024-25/718 Dated: 11/01/2025,Tender,,,,No,2026-09-04,2026-09-04,NEW
6629cda456e0,NHPC,"Purchase of Furniture for Guest House, Transit Camp, Field Hostel of Parbati-III Power Station",Unclassified,,,,Unknown,https://www.nhpcindia.com/welcome/tender,GEM/2025/B/5777559,Tender,,,,No,2026-09-04,2026-09-04,NEW
d8f54c62f4f1,NHPC,Repair and Re-commissioning of 05 nos. STP including supply of consumables and spares and two year annual maintenance contract (AMC) of 05 nos. STP at different locations (Mashka and Sarthali) of Sewa-II Power Station (CW-668)”,Unclassified,,,,Unknown,https://www.nhpcindia.com/welcome/tender,NH/Sewa-II/Contracts/CW-668/2024/NIT-26/600 Dated: 09.01.2025,NIT,,,,Yes,2026-09-04,2026-09-04,NEW
12dd295cf8d0,NHPC,"Supply, Installation, Testing and Commissioning of Circulating Cooling Water Pumps (Horizontal Split Casing Centrifugal Pump) at Power House of Parbati H.E. Project (Stage-II) (Package No. C-797)",Unclassified,,,,Unknown,https://www.nhpcindia.com/welcome/tender,2025_NHPC_ 842792_1,Tender,,,,No,2026-09-04,2026-09-04,NEW
60abaa0a41bf,NHPC,"Supply, Testing and Demonstration of working of Skid Mounted Diesel Engine Driven Fire Fighting Pump of minimum Capacity of 2280 LPM for Power House of CPS-I.",Unclassified,,,,Unknown,https://www.nhpcindia.com/welcome/tender,GEM/2025/B/5769364 Dt: 09.01.2025,Tender,,,,No,2026-09-04,2026-09-04,NEW
98731cb343cb,NHPC,"Operation and maintenance of 350 KLD STP Plant &amp;amp;amp;amp;amp;amp; Compost Machine at NHPC Residential Colony, Sector-41, Faridabad",Unclassified,,,,Unknown,https://www.nhpcindia.com/welcome/tender,GEM/2024/B/5753659,Tender,,,,No,2026-09-04,2026-09-04,NEW
9ad07c51e519,NHPC,Up-keeping & Maintenance of Hydro-mechanical Equipments of Uri-2 Power Station,Hydro,,,,Unknown,https://www.nhpcindia.com/welcome/tender,GEM/2024/B/5755907,Tender,,,,Yes,2026-09-04,2026-09-04,NEW
423efcf3de47,NHPC,"Supply, installation, testing and commissioning of total 171 Nos. 20W Solar Street Lights with all accessories.",Solar,,,,Unknown,https://www.nhpcindia.com/welcome/tender,GEM/2025/B/5772589,Tender,,,,Yes,2026-09-04,2026-09-04,NEW
5328a45cba01,NHPC,"Restoration of 30KWP Rooftop Solar Power Plant of Admin office building of CPS-1, Khairi",Rooftop Solar,0.03,,,Unknown,https://www.nhpcindia.com/welcome/tender,NH/CPS-1/P&C/W-1482/2024-25/712 Dated: 07/01/2025,Tender,,,30 KWP,Yes,2026-09-04,2026-09-04,NEW
2d54c3704a59,NHPC,Repair and renovation of Passenger shed at Gingle,Unclassified,,,,Unknown,https://www.nhpcindia.com/welcome/tender,NH/UPS/PCS/C-105/NIQ-90/250 Dated 06.01.2025,Tender,,,,No,2026-09-04,2026-09-04,NEW
5e27927cc719,NHPC,"Renovation of School building of Government Secondary School, Bizari, Lower Dibang valley, Arunachal Pradesh.",Unclassified,,Arunachal Pradesh,,Unknown,https://www.nhpcindia.com/welcome/tender,NH/DMP/PNC/NIT/2024/01 dtd 06.01.2024,NIT,,,,No,2026-09-04,2026-09-04,NEW
205abb581cab,NHPC,"Purchase of Survey Instruments (02 Nos. Electronic Total station along with its accessories) for Dibang Multipurpose Project (2880MW), Arunachal Pradesh",Unclassified,2880.0,Arunachal Pradesh,,Unknown,https://www.nhpcindia.com/welcome/tender,GEM/2024/B/5761857,Tender,,,2880 MW,No,2026-09-04,2026-09-04,NEW
273db3d8c886,NHPC,Procurement of Repeater and walkie talkie Motorola make for project site of Dibang Multipurpose Project,Unclassified,,,,Unknown,https://www.nhpcindia.com/welcome/tender,GEM/2024/B/5754430,Tender,,,,No,2026-09-04,2026-09-04,NEW
482ad10fe239,NHPC,"Procurement of CCTV system for CSR, Parbati- III Power station",Unclassified,,,,Unknown,https://www.nhpcindia.com/welcome/tender,GEM/2024/B/5743397,Tender,,,,No,2026-09-04,2026-09-04,NEW
fc7e6bce4467,NHPC,"EPC Work of Construction of Package-2: Basic infrastructure of Roads and Street illumination of 600MW(Phase-l) Solar Power Park for the development of 1200 MW Solar Power Park under UMPPRE at Gram Samooh: Mai, Tehsil: Madhogarh, District: Jalaun, Uttar Pradesh",Solar,600.0,Uttar Pradesh,,Unknown,https://www.nhpcindia.com/welcome/tender,NH/CCW/CC-I/CO-357/BSUL/PR/JSP/2024-25/379,Tender,,,600 MW,Yes,2026-09-04,2026-09-04,NEW
9ab47d0013b1,NHPC,"Repair and Renovation of Higher Secondary School, Saspol, Leh-under CSR Scheme funded by Nimoo Bazgo Power Station, NHPC Ltd",Unclassified,,,,Unknown,https://www.nhpcindia.com/welcome/tender,NBPS/C&amp;amp;P/2024-25/W-22/241,Tender,,,,No,2026-09-04,2026-09-04,NEW
36b5255c9743,NHPC,River bank protection/ erosion control measures on the left bank of River Subansiri downstream of village Geriki 1 (RD 27 km - 28 km),Unclassified,,,,Unknown,https://www.nhpcindia.com/welcome/tender,NH/SLP/CONT/2024/C-40/NIT/337,NIT,,,,No,2026-09-04,2026-09-04,NEW
c46c22318d2c,NHPC,Construction of Classrooms and upgradation of Computer room at Govt. High School at Bazgo under CSR scheme 2024-25,Unclassified,,,,Unknown,https://www.nhpcindia.com/welcome/tender,NBPS/CnP/2024-25/W-21/240,Tender,,,,No,2026-09-04,2026-09-04,NEW
2a4d1a83f700,NHPC,E.O.I. FOR EMPANELMENT OF ARBITRATOR (PANEL-A),Unclassified,,,,Unknown,https://www.nhpcindia.com/welcome/tender,NH/Arb Cell/09/2025/156,Tender,,,,No,2026-09-04,2026-09-04,NEW
732263026445,NHPC,"Application of Surface Protective hard Coating on Stay Vanes, Stay Ring and Spiral Casing Surface for One Unit at Uri-II Power Station",Unclassified,,,,Unknown,https://www.nhpcindia.com/welcome/tender,GEM/2024/B/5737240,Tender,,,,No,2026-09-04,2026-09-04,NEW
bd308a7f3281,NHPC,Repair and Renovation of Log Boom installed at Dam area of Uri-II Power Station,Unclassified,,,,Unknown,https://www.nhpcindia.com/welcome/tender,GEM/2024/B/5722749,Tender,,,,No,2026-09-04,2026-09-04,NEW
da580ea91f71,NHPC,"Re-babbitting of retrieved bearing pads of Turbine guide bearing, Lower guide bearing, Upper guide bearing and Thrust bearing of 3X170MW Teesta-V Power Station",Unclassified,170.0,,,Unknown,https://www.nhpcindia.com/welcome/tender,NIT No. NH/TSV/CONT/MC-153/NIT-988/2024-25/296 Dated: 02/01/2025 and E-Tender No. 2025_NHPC_842423_1,NIT,,,170 MW,Yes,2026-09-04,2026-09-04,NEW
80d517a5abd9,NHPC,Providing Mastic asphalt over the Dam Bridge Top and part portion of left bank approach road of CPS-1 dam.,Unclassified,,,,Unknown,https://www.nhpcindia.com/welcome/tender,NH/CPS-1/P&C/W-1484/2024-25/668 Dated:01/01/2025,Tender,,,,No,2026-09-04,2026-09-04,NEW
4aaea9de31b3,NHPC,"Supply, fabrication and installation of ventilation duct in Draft Tube Plug end tunnel of Power House of Chamera Power Station-1.",Unclassified,,,,Unknown,https://www.nhpcindia.com/welcome/tender,NH/CPS-1/P&C/W-1486/2024-25/666 Dated: 31/12/2024,Tender,,,,No,2026-09-04,2026-09-04,NEW
1e57e48e5eaa,NHPC,"Running and Maintenance of Administrative Building at Teesta-V Power Station, Balutar , FY 2024-26",Unclassified,,,,Unknown,https://www.nhpcindia.com/welcome/tender,NH/TSV/Cont/RM-195/NIT-987/2024-25/287 Dated : 30/12/2024,NIT,,,,No,2026-09-04,2026-09-04,NEW
11fb625229fb,NHPC,"Supply, Transportation, Dismantling, Installation, Testing and Commissioning of Fire Fighting Pipelines of Baira Siul Power Station",Unclassified,,,,Unknown,https://www.nhpcindia.com/welcome/tender,NH/BSPS/CC/PH/48/2024-25/443,Tender,,,,No,2026-09-04,2026-09-04,NEW
163cf9adc2bd,NHPC,Purchase of Online UPS & Battery System,Unclassified,,,,Unknown,https://www.nhpcindia.com/welcome/tender,GEM/2024/B/5748808,Tender,,,,No,2026-09-04,2026-09-04,NEW
708f4fa6e758,NHPC,Purchase of CCTV Camera System,Unclassified,,,,Unknown,https://www.nhpcindia.com/welcome/tender,GEM/2024/B/5737077,Tender,,,,No,2026-09-04,2026-09-04,NEW
503b96b809fd,NHPC,Hiring of 01 No M and M Bolero Camper or equivalent for Teesta-V Power Station for a period of 24 Months,Unclassified,,,,Unknown,https://www.nhpcindia.com/welcome/tender,NIT No. NH/TSV/Cont/MC-155/NIT-986/2024/248 Dated : 27/12/2024 and GEM Bid No. GEM/2024/B/5755815,NIT,,,,No,2026-09-04,2026-09-04,NEW
8ca72fa72e7e,NHPC,"Purchase of cartridges and toner for Canon, EPSON printer and Canon Plotter for 01 year.",Unclassified,,,,Unknown,https://www.nhpcindia.com/welcome/tender,GEM/2024/B/5694460,Tender,,,,No,2026-09-04,2026-09-04,NEW
2044a8e4f03e,NHPC,Development of Rooftop Solar Power Projects on Buildings of NHPC Limited in Zone-IV (North East Power Stations) under PM Surya Ghar: Muft Bijli Yojana,Rooftop Solar,,,,Unknown,https://www.nhpcindia.com/welcome/tender,2024_NHPC_838781_1,Tender,,,,Yes,2026-09-04,2026-09-04,NEW
122e6dd7e897,NHPC,"Purchase of 06 Nos SPHERICAL ROLLER BEARINGS 24134 W33C3 for Dam Site, Parbati-III Power Station",Unclassified,,,,Unknown,https://www.nhpcindia.com/welcome/tender,GEM/2024/B/5697363,Tender,,,,No,2026-09-04,2026-09-04,NEW
b8a3e00a4577,NHPC,"24-30 HP Submersible Dewatering Pump as per scope of supply &amp; Technical Specifications, for Salal PS",Unclassified,,,,Unknown,https://www.nhpcindia.com/welcome/tender,GEM/2024/B/5700182,Tender,,,,No,2026-09-04,2026-09-04,NEW
a75ec5ecf725,NHPC,"Providing and fixing ACP sheet in administrative building 2 at Salal Power Station, Jyotipuram",Unclassified,,,,Unknown,https://www.nhpcindia.com/welcome/tender,2024_NHPC_ 841170_1,Tender,,,,No,2026-09-04,2026-09-04,NEW
00ac487038cd,NHPC,Impact Assessment Study of CSR Activities in view of statutory requirements,Unclassified,,,,Unknown,https://www.nhpcindia.com/welcome/tender,GEM/2024/B/5693324,Tender,,,,No,2026-09-04,2026-09-04,NEW
2e4aea2f3983,NHPC,Repair work of painting in Residential buildings and guest house of Nimoo Bazgo Power Station Alchi Leh,Unclassified,,,,Unknown,https://www.nhpcindia.com/welcome/tender,NBPS/CnP/2024-25/W-10/239,Tender,,,,No,2026-09-04,2026-09-04,NEW
3477bc4ffc7c,NHPC,"Purchase of DC LVDT FOR GUIDE VANE FEEDBACK, 24V DC, and 151.5 MM STROKE LENGTH",Unclassified,,,,Unknown,https://www.nhpcindia.com/welcome/tender,GEM/2024/B/5707284,Tender,,,,No,2026-09-04,2026-09-04,NEW
167a4c1055d8,NHPC,Routine Maintenance of 4X60 MW Hydro-Generating Equipments and Auxiliaries of Uri-II Power Station,Hydro,60.0,,,Unknown,https://www.nhpcindia.com/welcome/tender,GEM/2024/B/5738127,Tender,,,60 MW,Yes,2026-09-04,2026-09-04,NEW
f03af0d55431,NHPC,Cleaning and sweeping works of Uri-II Power House for 2025-26,Unclassified,,,,Unknown,https://www.nhpcindia.com/welcome/tender,GEM/2024/B/5665115,Tender,,,,No,2026-09-04,2026-09-04,NEW
302790453288,NHPC,Supply of Spare Parts for Fire Detection and Alarm System Make Notifier and Inspection Rectification of Fire Fighting Water Sprinkler System installed at NBPS Alchi Leh,Unclassified,,,,Unknown,https://www.nhpcindia.com/welcome/tender,NBPS/CnP/2024-25/W-15/238,Tender,,,,No,2026-09-04,2026-09-04,NEW
dfe53f670f91,NHPC,Repair and Renovation of temporary shed of IRBn barrack at Rangit Power Station,Unclassified,,,,Unknown,https://www.nhpcindia.com/welcome/tender,NH-RPS-PHC011(11)/1/2024-DAM C/ 156,Tender,,,,No,2026-09-04,2026-09-04,NEW
a6087a2c5a30,NHPC,Purchase of Current transformer (CT) for Sewa-II Dam-HM (PR-69),Unclassified,,,,Unknown,https://www.nhpcindia.com/welcome/tender,GEM/2024/B/5708436 Dated: 18-12-2024,Tender,,,,No,2026-09-04,2026-09-04,NEW
6a41dab31877,NHPC,Purchase of fabricated guide shoe bracket of stop log gate for Sewa-II Dam-HM,Unclassified,,,,Unknown,https://www.nhpcindia.com/welcome/tender,GEM/2024/B/5656169 Dated: 16-12-2024,Tender,,,,No,2026-09-04,2026-09-04,NEW
d02c87ae8e20,NHPC,Repair Maintenance and other development works of BSPS DAV School Building at Surangani,Unclassified,,,,Unknown,https://www.nhpcindia.com/welcome/tender,NH/BSPS/CC/CW/40/2024-25/430,Tender,,,,No,2026-09-04,2026-09-04,NEW
fa6f7915b6ee,NHPC,"Repair & Maintenance of KV Building at Chamera II Power Station, Karian, Chamba, (H.P.)",Unclassified,,,,Unknown,https://www.nhpcindia.com/welcome/tender,E-File No. 126016/2024-25/25,Tender,,,,No,2026-09-04,2026-09-04,NEW
60a12dd032dc,NHPC,"Patch repairing of existing damaged road surface of Manjeer to Badoh, Switchyard and Some Colony Road at BSPS, Surangani",Unclassified,,,,Unknown,https://www.nhpcindia.com/welcome/tender,NH/BSPS/CC/CW/47/2024-25/428,Tender,,,,No,2026-09-04,2026-09-04,NEW
1f8a9cb81fb0,NHPC,Electric Heat Tracing and Insulation of Domestic Water Supply Distribution System to maintain the temperature of water in flow condition in Leh Guest House of NHPC Ltd,Unclassified,,,,Unknown,https://www.nhpcindia.com/welcome/tender,NBPS/CnP/2024-25/W-20/237,Tender,,,,No,2026-09-04,2026-09-04,NEW
4f67995ecd68,NHPC,Appointment of Dividend Banker for distribution of Interim Dividend for the Financial Year 2024-25,Unclassified,,,,Unknown,https://www.nhpcindia.com/welcome/tender,NH/CCW/CC-II/ CO-356/PR10024/292,Tender,,,,No,2026-09-04,2026-09-04,NEW
0d80237a8c41,NHPC,"Construction of Cremation at Kundlu, Post-Diyola, The-Churah, Distt-Chamba(H.P)",Unclassified,,,,Unknown,https://www.nhpcindia.com/welcome/tender,NH/BSPS/CC/CW/46/2024-25/420,Tender,,,,No,2026-09-04,2026-09-04,NEW
cb815a5c575b,NHPC,Procurement of Various types of Steel Wire Rope Slings for under-sluice gates installed at dam of CPS-I.,Unclassified,,,,Unknown,https://www.nhpcindia.com/welcome/tender,GEM/2024/B/5698270 Dt: 17.12.24,Tender,,,,No,2026-09-04,2026-09-04,NEW
d8b29669779a,NHPC,Selection of Hybrid Power Developers For Supply of 1200MW (1.2 GW) ISTS (Inter State Transmission System) Connected Wind-Solar Hybrid Power Projects,Wind-Solar Hybrid,1200.0,,,Unknown,https://www.nhpcindia.com/welcome/tender,2024_NHPC_835426_1,Tender,,,1200 MW,Yes,2026-09-04,2026-09-04,NEW
01afabc9103d,NHPC,"Levelling/ development of Sports Ground in Village Panted (Thana Plassi Panchayat), Kathua. (CSR-664)”",Unclassified,,,,Unknown,https://www.nhpcindia.com/welcome/tender,NH/Sewa-II/Contracts/CSR-664/2024/NIT-25/568 Dated: 17.12.2024,NIT,,,,No,2026-09-04,2026-09-04,NEW
2ca985b5af82,NHPC,"Repair and Painting of car parking shed in parking area near office building at Vidyut Nagar Colony, Regional Office-Siliguri",Unclassified,,,,Unknown,https://www.nhpcindia.com/welcome/tender,NH/RO(Slg)/PR15324/60/10 दिनांक : 17/12/2024,Tender,,,,No,2026-09-04,2026-09-04,NEW
bc4a22654352,NHPC,"Procurement of Hand Dryer NHPC Limited, Faridabad",Unclassified,,,,Unknown,https://www.nhpcindia.com/welcome/tender,GEM/2024/B/5653076,Tender,,,,No,2026-09-04,2026-09-04,NEW
ef4fac9186f2,NHPC,Diving assistance work for cleaning of Intake Trash rack after manual removal of floating waste/Silt/RBM from the Intake forebay trash rack of Uri-II Power Station,Unclassified,,,,Unknown,https://www.nhpcindia.com/welcome/tender,GEM/2024/B/5685086,Tender,,,,No,2026-09-04,2026-09-04,NEW
5814f15ec407,NHPC,"Restoration of De-Icing System of Spillway Radial Gates 1 and 2 and Trash Rack by way of Repairing and Servicing at Dam of Nimoo Bazgo Power Station, NHPC Limited, Alchi ,Ladakh.",Unclassified,,Ladakh,,Unknown,https://www.nhpcindia.com/welcome/tender,NBPS/CnP/2024-25/W-18/236 Dated: 16-12-2024,Tender,,,,No,2026-09-04,2026-09-04,NEW
e15f6e5d7d2d,NHPC,Watch and ward of various instruments and components of TRT outlet area of Salal Power Station for a period of two years,Unclassified,,,,Unknown,https://www.nhpcindia.com/welcome/tender,"NH/SPS/CD/NIT-11/24-25/1098-1108, Date: 28/12/2024 (2024_NHPC_ 839771_1)",NIT,,,,No,2026-09-04,2026-09-04,NEW
9357491f6042,NHPC,"Supply of 400 KV 1Core 2500 Sqmm XLPE cable Supply Outdoor Termination kit, Supply of 1 No. 400kV GIS Termination kit suitable for 1C 2500 sqmm Cable, Dismantling and removal of old cable and installation of new cable.",Unclassified,,,,Unknown,https://www.nhpcindia.com/welcome/tender,GEM/2024/B/5654963,Tender,,,,No,2026-09-04,2026-09-04,NEW
f8a5f63a574a,NHPC,Scientific Cleaning of water storage tanks related to water supply at Salal Power Station,Unclassified,,,,Unknown,https://www.nhpcindia.com/welcome/tender,"NH/SPS/CD/NIT-12/2024-25/959-968, Dated: 14/12/2024 (2024_NHPC_ 839772_1)",NIT,,,,Yes,2026-09-04,2026-09-04,NEW
b47807bd4fd1,NHPC,"Supply, Installation, Testing and Commissioning of Addressable Fire alarm Control Panel with smoke and heat detector at Admin Building#1&amp;amp;amp;amp;2, Zorawar Hospital &amp;amp;amp;amp; Telephone Exchange Room of Salal Power Station",Unclassified,,,,Unknown,https://www.nhpcindia.com/welcome/tender,"NH/SPS/CD/NIT-106/2024-25/936-945, Dated: 14/12/2024 (2024_NHPC_839770_1)",NIT,,,,No,2026-09-04,2026-09-04,NEW
418dc25241a0,NHPC,Providing protection work near Dachi Bridge of Uri-II Power Station,Unclassified,,,,Unknown,https://www.nhpcindia.com/welcome/tender,2024_NHPC_839832_1,Tender,,,,No,2026-09-04,2026-09-04,NEW
82d8b54eeb4d,NHPC,"Vibration analysis and dynamic balancing of all three hydro-generating units of Kishanganga Power Station, Bandipora, J&amp;K (PKG-519).",Hydro,,,,Unknown,https://www.nhpcindia.com/welcome/tender,2024_NHPC_839766_1,Tender,,,,Yes,2026-09-04,2026-09-04,NEW
ad1bb7662114,NHPC,Capacitance and Tan Delta testing kit,Unclassified,,,,Unknown,https://www.nhpcindia.com/welcome/tender,GEM/2024/B/5591912,Tender,,,,No,2026-09-04,2026-09-04,NEW
f76005cfb738,NHPC,17 Desktop Computres with MS-OFFICE,Unclassified,,,,Unknown,https://www.nhpcindia.com/welcome/tender,GEM/2024/B/5676319 Dt: 12.12.24,Tender,,,,No,2026-09-04,2026-09-04,NEW
d50acba181e8,NHPC,"Procurement, Manufacturing, Supply, Erection, Testing and Commissioning of new expansion joint at AB-10 anchor block etc. complete in all respect at Sewa-II Power Station, Mashka, DIstt.-Kathua(J&amp;amp;K) (MW-665)",Unclassified,,,,Unknown,https://www.nhpcindia.com/welcome/tender,NH/Sewa-II/Contracts/MW-665/2024/NIT-24/566 Dated: 14.12.2024,NIT,,,,Yes,2026-09-04,2026-09-04,NEW
3fae35520311,NHPC,"Supply, Installation, Testing and Commissioning of Automatic Water Level Recorder System AWLR, Non-Contact Radar or RF type, Velocity Sensor and AWS for Early Warning system EWS in the upstream of Dam site of Teesta-V Power Station, Sikkim",Unclassified,,Sikkim,,Unknown,https://www.nhpcindia.com/welcome/tender,NIT No. NH/TSV/Cont/EC-154/NIT-985/2024-25/374 Dated: 13/12/2024 and E-Tender No. 2024_NHPC_839752_1,NIT,,,,No,2026-09-04,2026-09-04,NEW
4efd769f9f71,NHPC,"Painting the face of the dam in the downstream direction of Parbati-H.E. Project (Stage-II), (Package No-C-796)",Unclassified,,,,Unknown,https://www.nhpcindia.com/welcome/tender,NH/PP-II/P&amp;amp;amp;amp;C/Pkg. No. C-796/2024/225,Tender,,,,No,2026-09-04,2026-09-04,NEW
05b383269d9f,NHPC,"Painting and repair work of New Executive Field Hostel at Jyotipuram, Salal Power Station",Unclassified,,,,Unknown,https://www.nhpcindia.com/welcome/tender,NH/SPS/CD/NIT-105/2024-25/924-933 Dated: 11/12/2024,NIT,,,,No,2026-09-04,2026-09-04,NEW
d46f3ab5736c,NHPC,Procurement of AC for Salal Power Station,Unclassified,,,,Unknown,https://www.nhpcindia.com/welcome/tender,GEM/2024/B/5659581,Tender,,,,No,2026-09-04,2026-09-04,NEW
177a1aa50b08,NHPC,ISAT Phone Docking Unit Along with Magnetic Base Outdoor / Vehicular Antenna (Q2),Unclassified,,,,Unknown,https://www.nhpcindia.com/welcome/tender,GEM/2024/B/5690725,Tender,,,,No,2026-09-04,2026-09-04,NEW
165dcbbb0d79,NHPC,"Re-certification of ISO 9001:2015, ISO 14001:2015 & ISO 45001:2018 (Latest Edition) for 03 Years, Regional Office, NHPC Limited, Banikhet.",Unclassified,,,,Unknown,https://www.nhpcindia.com/welcome/tender,GEM/2024/B/5686648 DATED 10.12.2024,Tender,,,,Yes,2026-09-04,2026-09-04,NEW
ec9505ec2e2e,NHPC,"Refurbishment/repair/replacement of components of Spillway Radial Gates (1, 2 3) for its max opening as per design (Up to 12m) including fabrication, installation, painting, testing and commissioning",Unclassified,,,,Unknown,https://www.nhpcindia.com/welcome/tender,NH-RPS-DC011(12)/10/2024-DAM C/147 Date: 12/12/2024,Tender,,,,No,2026-09-04,2026-09-04,NEW
208fdcbd8b33,NHPC,Purchase of Spares for 2 Nos. SF6 Gas Handling Service carts of DILO Make and Servicing thereof,Unclassified,,,,Unknown,https://www.nhpcindia.com/welcome/tender,GEM/2024/B/5667779,Tender,,,,No,2026-09-04,2026-09-04,NEW
2ee7d7e4c91f,NHPC,"Design, Manufacture, Supply, Erection, Testing & Commissioning and handing over of Archimedes screw turbines along with associated equipments in Sewa-II Power station",Unclassified,,,,Unknown,https://www.nhpcindia.com/welcome/tender,2024_NHPC_ 838664_1,Tender,,,,No,2026-09-04,2026-09-04,NEW
0c09b376822a,NHPC,Purchase of spare control cards for battery chargers installed at Parbati-III Power station,Unclassified,,,,Unknown,https://www.nhpcindia.com/welcome/tender,GEM/2024/B/5676331,Tender,,,,Yes,2026-09-04,2026-09-04,NEW
47d47fd0a74e,NHPC,"Cleaning of jungle (bushes), removal of deposited soil and providing re-Connection of water supply pipe line from main storage water tank to Field Hostel, Type-C and administrative building at Pamphok, Teesta-VI H E Project, Sikkim",Unclassified,,Sikkim,,Unknown,https://www.nhpcindia.com/welcome/tender,LTHPL/TSVI/PnC/NIT-34/2024/483,NIT,,,,Yes,2026-09-04,2026-09-04,NEW
5a02fe84f0dc,NHPC,"Package-1, Works of Boundary survey &amp;amp;amp;amp; marking, Gates chain link fencing of PSS with compound walls and gates all around the periphery of the 600MW (phase-I) Solar power park at Gram Samooh Mai",Solar,600.0,,,Unknown,https://www.nhpcindia.com/welcome/tender,2024_NHPC_838967_1,Tender,,,600 MW,Yes,2026-09-04,2026-09-04,NEW
156a99f181ba,NHPC,"Reservoir Rim Treatment work at Left Bank area from RD ±3000M of Dam axis to RD ±3200M upstream of Dam axis below Naya Bazar/Food Godown at Dikchu, North Sikkim",Unclassified,,Sikkim,,Unknown,https://www.nhpcindia.com/welcome/tender,NH/TSV/Cont/CC-347/NIT-983/2024-25/262 Dated: 11/12/2024,NIT,,,,No,2026-09-04,2026-09-04,NEW
30a0e5ea5146,NHPC,"Providing and laying premix carpeting on internal road of Banikhet colony from Transport Yard to ED office and upto Field Hostel ( D-6 qtr) including repair of pot holes from NHPC chowk to transport yard at Banikhet, Tehsil - Dalhousie, Distt - Chamba (HP)",Unclassified,,,,Unknown,https://www.nhpcindia.com/welcome/tender,NH/ROBKT/P&C/2024/CW204/89 dated 10.12.2024,Tender,,,,No,2026-09-04,2026-09-04,NEW
a470b383352e,NHPC,Purchase of Radiator &amp; it's items For 500 KVA DG Set installed at Admn Building,Unclassified,,,,Unknown,https://www.nhpcindia.com/welcome/tender,GEM/2024/B/5586321,Tender,,,,No,2026-09-04,2026-09-04,NEW
637077187b14,NHPC,"Providing and fixing Split Bamboo fencing around main office complex of Dibang Multipurpose Project, NHPC Ltd, Roing, Lower Dibang Valley, Arunachal Pradesh",Unclassified,,Arunachal Pradesh,,Unknown,https://www.nhpcindia.com/welcome/tender,NH/DMP/PNC/NIT/2024/10,NIT,,,,No,2026-09-04,2026-09-04,NEW
4ecb04ea82a2,NHPC,"Supply and Installation of balance instrumentation work in DAM of Kishanganga Power Station, Bandipora, J&amp;K (PKG-518).",Unclassified,,,,Unknown,https://www.nhpcindia.com/welcome/tender,2024_NHPC_838856_1,Tender,,,,No,2026-09-04,2026-09-04,NEW
ef1305d527ca,NHPC,"Construction of cross-drainage work along with Hume Pipe culvert near RD-152m (Rd-0 end of PH road) in Left Bank play ground area side of Teesta-V Power Station, Balutar",Unclassified,,,,Unknown,https://www.nhpcindia.com/welcome/tender,NH/TSV/Cont/CC-346/NIT-982/2024-25/261 Dated: 09/12/2024,NIT,,,,No,2026-09-04,2026-09-04,NEW
fe598a663c06,NHPC,Purchase of Horizontal Heat Detector,Unclassified,,,,Unknown,https://www.nhpcindia.com/welcome/tender,GEM/2024/B/5598160,Tender,,,,No,2026-09-04,2026-09-04,NEW
634806ee0fe4,NHPC,"Repair / Re-insulation of overhang portion of 40 Nos. Stator bars and 13 Nos. Jumpers of 110MW Hydro Generator installed at Kishanganga Power Station, Bandipora, J&amp;K (PKG-510).",Hydro,110.0,,,Unknown,https://www.nhpcindia.com/welcome/tender,2024_NHPC_838613_1,Tender,,,110 MW,Yes,2026-09-04,2026-09-04,NEW
e5ac7b272f3f,NHPC,"Construction of internal road along with footpaths side drains / khul etc. at NHPC Colony, Kralpora, Bandipora (PKG-507).",Unclassified,,,,Unknown,https://www.nhpcindia.com/welcome/tender,2024_NHPC_838607_1,Tender,,,,No,2026-09-04,2026-09-04,NEW
b2f143996093,NHPC,"Construction of Steel Truss fabrication at Govt. Sr. Secondary School, Makha on top of the academic building for organizing various programme and other activities during rainy season and scorching heat of summer, East Sikkim",Unclassified,,Sikkim,,Unknown,https://www.nhpcindia.com/welcome/tender,NH/TSV/Cont/CC-345/NIT-981/2024-25/258 Dated: 07/12/2024,NIT,,,,No,2026-09-04,2026-09-04,NEW
5e3c926b2361,NHPC,Purchase of Milliamp Process Clamp Meter for Power House,Unclassified,,,,Unknown,https://www.nhpcindia.com/welcome/tender,GEM/2024/B/5561347,Tender,,,,No,2026-09-04,2026-09-04,NEW
679af87fc859,NHPC,Replacement of old centralized ductable AC system of Regional Office Chandigarh with new VRV/VRF air conditioner system &amp;amp;#40;Hot and Cold&amp;amp;#41;,Unclassified,,Chandigarh,,Unknown,https://www.nhpcindia.com/welcome/tender,NH/ROCHD/PNC/CW12/2024/60,Tender,,,,No,2026-09-04,2026-09-04,NEW
129ca3b38bb5,NHPC,Servicing/Overhauling of EOT Cranes as per scope of work installed at Power House and Dam/Surge Shaft of Uri-2 Power Station,Unclassified,,,,Unknown,https://www.nhpcindia.com/welcome/tender,GEM/2024/B/ 5670896,Tender,,,,No,2026-09-04,2026-09-04,NEW
046ba0a2d08b,NHPC,"Providing Rain shelter at Dhaar crossing on NHPC road in the Gram Panchayat Nagali, Development Block Bhattiyat, Tehsil Dalhousie, Distt. Chamba under CSR activities, CPS-1.",Unclassified,,,,Unknown,https://www.nhpcindia.com/welcome/tender,NH/CPS-1/P&C/W-1485/2024-25/608 Dated: 06/12/2024,Tender,,,,No,2026-09-04,2026-09-04,NEW
c5f53c7f93ee,NHPC,"Providing services of DG sets with operating staff and without POL at Dawar and Dam site, Gurez of Kishanganga Power Station for 24 months (PKG-512)",Unclassified,,,,Unknown,https://www.nhpcindia.com/welcome/tender,GEM/2024/B/5526049,Tender,,,,No,2026-09-04,2026-09-04,NEW
c432ec581e6d,NHPC,"Hiring of 3MT capacity Mini Truck (BS-VI) or equivalent along with Driver for Dam Site, KGPS, Gurez, Bandipora for 2 years (PKG-516).",Unclassified,,,,Unknown,https://www.nhpcindia.com/welcome/tender,GEM/2024/B/5608448,Tender,,,,No,2026-09-04,2026-09-04,NEW
35c2ed117c7b,NHPC,"Providing Services for Operation, &amp; Monitoring of Generating Units of Power House, GIS and Associated Systems for the period of two (2) years",Unclassified,,,,Unknown,https://www.nhpcindia.com/welcome/tender,NH/TSV/Cont/RM-203/NIT-980/2024-25/257 Dated: 05/12/2024,NIT,,,,No,2026-09-04,2026-09-04,NEW
758ce1a2f905,NHPC,"Hiring of 10 KL capacity Water Tanker along with Driver for Dam Site, Gurez, Bandipora for 2 years (PKG-517).",Unclassified,,,,Unknown,https://www.nhpcindia.com/welcome/tender,GEM/2024/B/5648076,Tender,,,,No,2026-09-04,2026-09-04,NEW
96c39401e100,NHPC,"Insurance Cover for 50MW Solar Power Project at Theni/ Dindigul District, Tamilnadu for one year (from 07.02.2025 to 06.02.2026)",Solar,50.0,,,Unknown,https://www.nhpcindia.com/welcome/tender,NH/CCW/CC-II/CO-353/PR16024/6,Tender,,,50 MW,Yes,2026-09-04,2026-09-04,NEW
b405cc7ad3a6,NHPC,Mega Risk Policy including Terrorism &amp;amp; Third Party Liability Policy for NHPC Power Stations (For one year w.e.f 01.04.2025 to 31.03.2026),Unclassified,,,,Unknown,https://www.nhpcindia.com/welcome/tender,NH/CCW/CC-II/CO-354/PR10024/240,Tender,,,,No,2026-09-04,2026-09-04,NEW
71b393906bcc,NHPC,External Safety Audit of Kishanganga Power Station for the FY 2024-25.,Unclassified,,,,Unknown,https://www.nhpcindia.com/welcome/tender,GEM/2024/B/5642453,Tender,,,,No,2026-09-04,2026-09-04,NEW
0bbd500251a3,NHPC,Up-keeping and maintenance of Executive field hostel at Nowpora Complex of Uri-II Power Station,Unclassified,,,,Unknown,https://www.nhpcindia.com/welcome/tender,GEM/2024/B/5649997,Tender,,,,No,2026-09-04,2026-09-04,NEW
43982dd9601b,NHPC,Running &amp; Maintenance of Workshop/Transport and Store at Uri-II Power Station” for the period of 01 year,Unclassified,,,,Unknown,https://www.nhpcindia.com/welcome/tender,GEM/2024/B/5662949,Tender,,,,No,2026-09-04,2026-09-04,NEW
27c82d0540e2,NHPC,"Supply, Erection, testing and commissioning of Centralized Greasing and lubricating System for all six turbines of Salal Power Station",Unclassified,,,,Unknown,https://www.nhpcindia.com/welcome/tender,2024_NHPC_ 836952_1,Tender,,,,No,2026-09-04,2026-09-04,NEW
c3eacd64e565,NHPC,"Repair and restoration of road by Premix carpet, Cement Concrete interlocking paver block, and wire create gabion and concrete work in different location at Mashka - Siara (Pepri) road of Sewa- II Power Station Mashka (J&K) (CW-661)",Unclassified,,Jammu and Kashmir,,Unknown,https://www.nhpcindia.com/welcome/tender,NH/Sewa-II/Contracts/CW-661/2024/NIT-23/557 Dated: 04.12.2024,NIT,,,,No,2026-09-04,2026-09-04,NEW
2779bc0a0c46,NHPC,"Lot-3: Main Dam including Coffer Dam of Dibang Multipurpose Project”, Arunachal Pradesh, India",Unclassified,,Arunachal Pradesh,,Unknown,https://www.nhpcindia.com/welcome/tender,2024_NHPC_807459_2,Tender,,,,No,2026-09-04,2026-09-04,NEW
0f31bfc63167,NHPC,Re-tubing and Repairing of Thrust bearing oil Cooler of Chamera-1 Power Station,Unclassified,,,,Unknown,https://www.nhpcindia.com/welcome/tender,NH/CPS-1/P&C/W-1445/2024-25/598 Dated: 27/11/2024,Tender,,,,Yes,2026-09-04,2026-09-04,NEW
904dc07cfcf4,NHPC,"Providing and Fixing Single Sided Thrie W Metal Beam Crash Barrier at different locations on L/S Road of Baira Dam Reservoir, Baira Siul Power Station",Unclassified,,,,Unknown,https://www.nhpcindia.com/welcome/tender,NH/BSPS/CC/CW/45/2024-25/401,Tender,,,,No,2026-09-04,2026-09-04,NEW
5dd63a381d9c,NHPC,Repair of servomotor of MIV/BFV/nozzle and bypass valve of butterfly valve installed at Valve House of Parbati H.E. Project (Stage-II) (Package No. C-787),Unclassified,,,,Unknown,https://www.nhpcindia.com/welcome/tender,2024_NHPC_837532_1,Tender,,,,No,2026-09-04,2026-09-04,NEW
322bf88e6cef,NHPC,"Providing and fixing SS 304 gates at Ganga Sadan and NHPC Bhawan entrance, NHPC Residential Complex, Sec-41, Faridabad",Unclassified,,,,Unknown,https://www.nhpcindia.com/welcome/tender,2024_NHPC_837423_1,Tender,,,,No,2026-09-04,2026-09-04,NEW
562351699ae4,NHPC,"Supply, Transportation, Erection and Commissioning of 03 Nos. of gates along with electricity operated 35T capacity Rope Drum Hoist.",Unclassified,,,,Unknown,https://www.nhpcindia.com/welcome/tender,NIT No. NH/TSV/Cont/MC-154-338/NIT-979/2024-25/352 Dated: 29/11/2024 and E-Tender No. 2024_NHPC_837103_1,NIT,,,,No,2026-09-04,2026-09-04,NEW
4cb60b86556c,NHPC,"Running and Maintenance of Water Supply System at Left bank and Right bank colony, Balutar (FY 2025-27)",Unclassified,,,,Unknown,https://www.nhpcindia.com/welcome/tender,NIT No. NH/TSV/Cont/RM-199/NIT-978/2024-25/242 Dated: 28/11/2024 and GEM Bid No. GEM/2024/B/5660513,NIT,,,,No,2026-09-04,2026-09-04,NEW
b6331dea357d,NHPC,"Restoration work of existing road from Sheelagarh Bailey Bridge to Hurla Nallah of Parbati-H.E. Project (Stage-II), (Package No-C-793)",Unclassified,,,,Unknown,https://www.nhpcindia.com/welcome/tender,2024_NHPC_ 836779_1,Tender,,,,No,2026-09-04,2026-09-04,NEW
0992987414b5,NHPC,Providing protection work near Dachi Bridge of Uri-II Power Station,Unclassified,,,,Unknown,https://www.nhpcindia.com/welcome/tender,2024_NHPC_836801_1,Tender,,,,No,2026-09-04,2026-09-04,NEW
fa51a42e2493,NHPC,"Digitalization of HR policy, IR wages office file and Records of NHPC Ltd. Office Complex, Sector-33, Faridabad",Unclassified,,,,Unknown,https://www.nhpcindia.com/welcome/tender,GEM/2024/B/5652299,Tender,,,,No,2026-09-04,2026-09-04,NEW
a9ed1a415377,NHPC,"Supplying, Erection, Testing and Commissioning of Electrical and Mechanical works and construction of Civil works for 90 KLD sewage treatment plant (STP) for NHPC Teesta V Right Bank Colony, Balutar",Unclassified,,,,Unknown,https://www.nhpcindia.com/welcome/tender,NIT No. NH/TSV/Cont/CC-323/NIT-977/2024-25/351 Dated: 27/11/2024 and E-Tender No. 2024_NHPC_836732_1,NIT,,,,No,2026-09-04,2026-09-04,NEW
a33e8bd7ba8f,NHPC,Construction work of check dam on left bank nallah at upstream of Uri-II Dam,Unclassified,,,,Unknown,https://www.nhpcindia.com/welcome/tender,2024_NHPC_836744_1,Tender,,,,No,2026-09-04,2026-09-04,NEW
d733beb315f7,NHPC,Supply and erection of “W” beam metal crash barrier on Bagdhar-Khairi road between RD 0/470 to 15/300 km at CPS-1.,Unclassified,,,,Unknown,https://www.nhpcindia.com/welcome/tender,NH/CPS-1/P&C/W-1468/2024-25/595 Dated: 26/11/2024,Tender,,,,No,2026-09-04,2026-09-04,NEW
c94c52ec84c1,NHPC,"Service, repair and maintenance contract of Package/Ductable ACs installed at Power House &amp;amp;amp;amp;amp; Colony of Chamera-I Power Station",Unclassified,,,,Unknown,https://www.nhpcindia.com/welcome/tender,NH/CPS-1/P&C/W-1447/2024-25/588 Dated:25/11/2024,Tender,,,,No,2026-09-04,2026-09-04,NEW
bcab99c95ddd,NHPC,Purchase of Stator Coils (TOSHIBA make) for 189 MVA Hydro Generator of Teesta-V Power Station .,Hydro,,,,Unknown,https://www.nhpcindia.com/welcome/tender,GEM/2024/B/5502670,Tender,,,,Yes,2026-09-04,2026-09-04,NEW
c2b43c58d27c,NHPC,"Replacement of Rotating Labyrinths, any repairs required there off and HP-HVOF Coating of Francis Runner of 60 MW Hydro-Generator of Uri-II Power station for FY 2024-25.",Hydro,60.0,,,Unknown,https://www.nhpcindia.com/welcome/tender,2024_NHPC_836477_1,Tender,,,60 MW,Yes,2026-09-04,2026-09-04,NEW
9942667a5def,NHPC,"Hiring of 3MT capacity Mini Truck (BS-VI) or equivalent along with Driver for NHPC Colony, Bandipora for 2 years (PKG-515).",Unclassified,,,,Unknown,https://www.nhpcindia.com/welcome/tender,GEM/2024/B/5604657,Tender,,,,No,2026-09-04,2026-09-04,NEW
0aef9bb343e7,NHPC,"Hiring of 10MT capacity Truck (BS-VI) or equivalent along with Driver for NHPC Colony, Bandipora for 2 years (PKG-514).",Unclassified,,,,Unknown,https://www.nhpcindia.com/welcome/tender,GEM/2024/B/5596672,Tender,,,,No,2026-09-04,2026-09-04,NEW
1015a57573dc,NHPC,Hiring of 01 No inspection Vehicle M&amp;M Bolero B6 or equivalent for Teesta-V Power Station for a period of 24 Months,Unclassified,,,,Unknown,https://www.nhpcindia.com/welcome/tender,NIT No. NH/TSV/Cont/MC-152/NIT-976/2024/239 Dated : 25/11/2024 and GEM Bid No. GEM/2024/B/5644715,NIT,,,,No,2026-09-04,2026-09-04,NEW
c36bac3dfaed,NHPC,"Hiring of 18-21 Seater Tempo Traveller or equivalent along with Driver for NHPC Colony, Bandipora for 2 years (PKG-513).",Unclassified,,,,Unknown,https://www.nhpcindia.com/welcome/tender,GEM/2024/B/5593271,Tender,,,,No,2026-09-04,2026-09-04,NEW
ce90d31fa850,NHPC,"Pre-Commissioning/ Commissioning/ Post-Commissioning activities of Unit #1, 2, 3 &amp; Unit#4 and its Accessories of Power House of Parbati H.E. Project, Stage-II (4 X 200 MW; Pelton Turbines) (Package No. C-791).",Unclassified,200.0,,,Unknown,https://www.nhpcindia.com/welcome/tender,2024_NHPC_835735_1,Tender,,,200 MW,Yes,2026-09-04,2026-09-04,NEW
6715ebeb284c,NHPC,"Supply, Installation, Testing and Commissioning of Fire Detection and alarm System&#40;FDAS&#41; at Administrative Building, Baira Siul Power Station",Unclassified,,,,Unknown,https://www.nhpcindia.com/welcome/tender,NH/BSPS/CC/FS/41/2024-25/386,Tender,,,,No,2026-09-04,2026-09-04,NEW
9e2b3a595797,NHPC,Monthly Basis Cab &amp; Taxi Hiring Services - SUV; 2000 km x 320 hours; Local 24*7,Unclassified,,,,Unknown,https://www.nhpcindia.com/welcome/tender,GEM/2024/B/5596000,Tender,,,,No,2026-09-04,2026-09-04,NEW
a42a9976748d,NHPC,"Repair of Diversion Tunnel(DT) by Concreting, Supplying & Erection of Steel Liner(Plate) at Baira Dam BSPS",Unclassified,,,,Unknown,https://www.nhpcindia.com/welcome/tender,NH/BSPS/CC/CW/44/2024-25/383,Tender,,,,No,2026-09-04,2026-09-04,NEW
77733b4b5317,NHPC,Renovation and addition / alteration for Sub Station of Uri-II P.S. Located at Salamabad,Unclassified,,,,Unknown,https://www.nhpcindia.com/welcome/tender,2024_NHPC_836186_1,Tender,,,,No,2026-09-04,2026-09-04,NEW
4b0360e33575,NHPC,Comprehensive Package Policy- CPM Equipment of Power Stations of NHPC for the period from 01.04.2025 to 31.03.2026,Unclassified,,,,Unknown,https://www.nhpcindia.com/welcome/tender,NH/CCW/CC-II/CO-350/PR10024/241,Tender,,,,No,2026-09-04,2026-09-04,NEW
7a2aa7cda6bf,NHPC,"Providing fencing work for Surge Shaft area, Kishanganga Power Station, Bandipora, J&amp;K, (PKG-511).",Unclassified,,,,Unknown,https://www.nhpcindia.com/welcome/tender,2024_NHPC_835881_1,Tender,,,,No,2026-09-04,2026-09-04,NEW
1bfeea27633f,NHPC,"Painting and miscellaneous repair work of PA 1-42, PB 1-18 & PB 109-116 quarters (including converted PA-Field Hostel) at Regional office, Banikhet (HP)",Unclassified,,,,Unknown,https://www.nhpcindia.com/welcome/tender,NH/RO BKT/P&C/2024/CW-203/87 Dated 20.11.2024,Tender,,,,No,2026-09-04,2026-09-04,NEW
a0e0653a09be,NHPC,"Execution of street lighting of main road in colony of Kishanganga Power Station, Bandipora, J&amp;K (PKG-508).",Unclassified,,,,Unknown,https://www.nhpcindia.com/welcome/tender,2024_NHPC_835817_1,Tender,,,,No,2026-09-04,2026-09-04,NEW
6d412563472b,NHPC,Plastering and painting of boundary wall of power house complex and stone pitching on hill side beside approach road to Power house of Sewa-II PS (CW-662),Unclassified,,,,Unknown,https://www.nhpcindia.com/welcome/tender,NH/Sewa-II/Contracts/CW-662/2024/NIT-22/535 Dated: 20.11.2024,NIT,,,,No,2026-09-04,2026-09-04,NEW
41c76d311d13,NHPC,Procurement of Spare Server and PNI800 (Plant Network Interface Module) for SCADA system manufactured and installed by M/s ABB in Generating Unit of Salal Power Station.,Unclassified,,,,Unknown,https://www.nhpcindia.com/welcome/tender,GEM/2024/B/5606909,Tender,,,,No,2026-09-04,2026-09-04,NEW
07716893f258,NHPC,Foundation work for prefabricated G+1 staff accommodation building,Unclassified,,,,Unknown,https://www.nhpcindia.com/welcome/tender,NH/SIANGLOWER/NIT/2024/04,NIT,,,,No,2026-09-04,2026-09-04,NEW
ef7b15216054,NHPC,"Protection of Bridge Abutment at 500RD Jiwa Nallah Road of Parbati-H.E. Project (Stage-II), (Package No-C-789)",Unclassified,,,,Unknown,https://www.nhpcindia.com/welcome/tender,2024_NHPC_ 835519 _1,Tender,,,,No,2026-09-04,2026-09-04,NEW
41accedd5406,NHPC,Hiring of 01 No inspection Vehicle M&M Bolero B6 or equivalent for IRBn of Teesta-v power station for a period of 24 Months,Unclassified,,,,Unknown,https://www.nhpcindia.com/welcome/tender,NIT No. NH/TSV/Cont/MC-151/NIT-975/2024/227 Date: 19/11/2024 and GEM Bid No. GEM/2024/B/5625112,NIT,,,,No,2026-09-04,2026-09-04,NEW
23290ff3a662,NHPC,Hiring of 01 No inspection Vehicle M&M Scorpio or equivalent for Teesta-v power station for a period of 24 Months,Unclassified,,,,Unknown,https://www.nhpcindia.com/welcome/tender,NIT No. NH/TSV/Cont/MC-150/NIT-974/2024/226 Date: 19/11/2024and GEM Bid No. GEM/2024/B/5624762,NIT,,,,No,2026-09-04,2026-09-04,NEW
a644c805d2de,NHPC,Purchase of Earth Tester and Leakage Current Clamp Meter for Power House,Unclassified,,,,Unknown,https://www.nhpcindia.com/welcome/tender,GEM/2024/B/5527449,Tender,,,,No,2026-09-04,2026-09-04,NEW
f224565df5d8,NHPC,Purchase of Calibration bath for calibration of DTT and RTD,Unclassified,,,,Unknown,https://www.nhpcindia.com/welcome/tender,GEM/2024/B/5531436,Tender,,,,No,2026-09-04,2026-09-04,NEW
c534f9a60864,NHPC,"Construction of approach road from village Baggi to Government Secondary School Baggi in Gram Panchayat Kangad and upgradation of playground GMS Baggi, Development Block Salooni, Distt. Chamba under CSR.",Unclassified,,,,Unknown,https://www.nhpcindia.com/welcome/tender,NH/CPS-1/P&C/W-1474/2024-25/587 Dated:18/11/2024,Tender,,,,No,2026-09-04,2026-09-04,NEW
0e47304cb470,NHPC,"Construction of Drain along playground of Government Middle School Baggi in village Baggi in Gram Panchayat Kanged, Development Block Salooni, Distt Chamba under CSR",Unclassified,,,,Unknown,https://www.nhpcindia.com/welcome/tender,NH/CPS-1/P&C/W-1473/2024-25/586 Dated: 16/11/2024,Tender,,,,No,2026-09-04,2026-09-04,NEW
a88c53eedbda,NHPC,"Repairing of toilets and other miscellaneous work of residential buildings-C,D &amp; E type blocks at Township Complex, Nagwain of Parbati-H.E. Project (Stage-II), (Package No-C-788)",Unclassified,,,,Unknown,https://www.nhpcindia.com/welcome/tender,2024_NHPC_ 835192_1,Tender,,,,No,2026-09-04,2026-09-04,NEW
b31c63d841c8,NHPC,"RRT Work for Package-5 (VZ 15) of Rangit-IV HE Project, Sikkip.",Unclassified,,,,Unknown,https://www.nhpcindia.com/welcome/tender,NH-R4P-CD011/21/2024-CIVIL/1770,Tender,,,,No,2026-09-04,2026-09-04,NEW
7b8a01b05e84,NHPC,River training/protection works at riverbank (Right Bank of Rangit River) of Reshi Bazar.,Unclassified,,,,Unknown,https://www.nhpcindia.com/welcome/tender,NH-R4P-CD011/25/2024-CIVIL/1771,Tender,,,,No,2026-09-04,2026-09-04,NEW
4bfe8499228f,NHPC,Deputation of Service Engineer for replace damaged pole of SF6 Circuit Breaker of 145 kV Bus coupler Circuit Breakers of SIEMENS make,Unclassified,,,,Unknown,https://www.nhpcindia.com/welcome/tender,NH-RPS-PH013/5/2024-PH/113,Tender,,,,No,2026-09-04,2026-09-04,NEW
997299a07105,NHPC,"Re-construction of 11 by 0.415 KV Electrical Sub-station along with HT line, HT and LT Panels, and other associated works, at Dikchu Dam site of Teesta-V Power Station NHPC Ltd, damaged due to land slide",Unclassified,,,,Unknown,https://www.nhpcindia.com/welcome/tender,NIT No. NH/TSV/CONT/EC-129/NIT- 973/2024-25/332 Dated: 15/11/2024 & E-Tender id: 2024_NHPC_834734_1,NIT,,,,Yes,2026-09-04,2026-09-04,NEW
df2ba5e998c1,NHPC,"Renovation of office space at 2nd Floor (Left wing) of Administrative Building of Teesta V Power Station, Balutar, Sikkim.",Unclassified,,Sikkim,,Unknown,https://www.nhpcindia.com/welcome/tender,LTHPL/TSVI/P&amp;amp;C/NIT-33/2024/474,NIT,,,,No,2026-09-04,2026-09-04,NEW
50dd71dd1d33,NHPC,"Construction of Retaining wall in U/S and D/S of Permanent Steel Bridge (70R) at Right Bank of River Teesta in Teesta-VI H E Project, Pamphok, Sikkim",Unclassified,,Sikkim,,Unknown,https://www.nhpcindia.com/welcome/tender,LTHPL/TSVI/P&amp;amp;C/NIT-33/2024/473,NIT,,,,No,2026-09-04,2026-09-04,NEW
b685d76a21e1,NHPC,"Re-babbitting of retrieved bearing pads of Turbine guide bearing, Lower guide bearing, Upper guide bearing & Thrust bearing of 3X170MW Teesta-V Power Station",Unclassified,170.0,,,Unknown,https://www.nhpcindia.com/welcome/tender,RFP- NIT No. NH/TSV/Cont/MC-153/NIT-972/2024-25/328 Dated: 14/11/2024 & E-Tender No. 2024_NHPC_ 835017 _1,RfP,,,170 MW,Yes,2026-09-04,2026-09-04,NEW
6015ca649b6b,NHPC,"Drilling of 01 No Bore well, installation of casing pipe &amp; submersible pumps along with connecting to water pipe line at Left bank for Power House , Teesta-V Power Station",Unclassified,,,,Unknown,https://www.nhpcindia.com/welcome/tender,NH/TSV/Cont/CC-344/NIT-971/2024-25/328 Dated: 14/11/2024,NIT,,,,No,2026-09-04,2026-09-04,NEW
263af59d0ead,NHPC,"Internal Repair & painting works of 4 Nos Type-III quarters, 6 Nos Type –II old quarters, 5 Nos Type –II New quarters and Type-III/2C quarter at Vidyut Nagar colony, Regional Office-Siliguri",Unclassified,,,,Unknown,https://www.nhpcindia.com/welcome/tender,NH/RO(Slg)/PR15324/96/09 दिनांक : 13/11/2024,Tender,,,,No,2026-09-04,2026-09-04,NEW
042150934d94,NHPC,Providing assistance for IT &amp; Communication related works at Power House and Dam site of Teesta-V Power Station,Unclassified,,,,Unknown,https://www.nhpcindia.com/welcome/tender,NH/TSV/Cont/RM-190/NIT-970/2024-25/319 Dated: 13/11/2024,NIT,,,,No,2026-09-04,2026-09-04,NEW
611913b9664c,NHPC,"Drilling of 03 Nos. Bore wells, installation of casing pipe &amp; submersible pumps along with connecting to water pipe line at Balutar colony , Teesta-V Power Station",Unclassified,,,,Unknown,https://www.nhpcindia.com/welcome/tender,NH/TSV/Cont/CC-343/NIT-969/2024-25/318 Dated: 13/11/2024,NIT,,,,No,2026-09-04,2026-09-04,NEW
d777ac07b70f,NHPC,"Construction of toilet block at camp office in official residence of Minister of State of Power, Ministry of Power at 1 - Lodhi Estate, New Delhi",Unclassified,,Delhi,,Unknown,https://www.nhpcindia.com/welcome/tender,2024_NHPC_834596_1,Tender,,,,No,2026-09-04,2026-09-04,NEW
a5db70887934,NHPC,"Restoration of damaged Crate Wall in between Rd- ±0/495km to ±0/501km at Sherpur Road near Dam site, Chamera Power Station-1.",Unclassified,,,,Unknown,https://www.nhpcindia.com/welcome/tender,NH/CPS-1/P&C/W-1477/2024-25/581 Dated: 11/11/2024,Tender,,,,No,2026-09-04,2026-09-04,NEW
ae0c38ae2600,NHPC,"Running and Maintenance of office cum transit camp, canteen, up-keeping of Dam structures and access roads at Dam complex of Teesta-V Power Station",Unclassified,,,,Unknown,https://www.nhpcindia.com/welcome/tender,NH/TSV/Cont/RM-201/NIT-968/2024-25/307 Dated: 12/11/2024,NIT,,,,No,2026-09-04,2026-09-04,NEW
38717f6d96fe,NHPC,"Purchase of 3 Nos. Submersible Pump, 48 KW for drainage sump-6/Transformer cavern drainage sump of Power House of Parbati-III Power Station",Unclassified,0.048,,,Unknown,https://www.nhpcindia.com/welcome/tender,GEM/2024/B/5518121,Tender,,,48 KW,No,2026-09-04,2026-09-04,NEW
5fddb2cf8372,NHPC,"Undertaking In-situ &amp;amp;amp; Lab Soil Testing for West Seti H.E. Project, Sudur Paschim Province, Nepal",Unclassified,,,,Unknown,https://www.nhpcindia.com/welcome/tender,2024_NHPC_834208_1,Tender,,,,No,2026-09-04,2026-09-04,NEW
a4182854c9d9,NHPC,"Annual Maintenance and repair work for residential buildings of NHPC Colony, Jyotipuram",Unclassified,,,,Unknown,https://www.nhpcindia.com/welcome/tender,NH/SPS/CD/NIT-203/2024-25/792-802,NIT,,,,No,2026-09-04,2026-09-04,NEW
859d8ce6983d,NHPC,Painting and renovation of 15 Nos of quarters in C1 type Bachelor Accommodation of DSB Colony at Dulhasti Power Station,Unclassified,,,,Unknown,https://www.nhpcindia.com/welcome/tender,NH/DPS/CONT/NIT-226/2024/E130047 dated 09.11.2024,NIT,,,,No,2026-09-04,2026-09-04,NEW
e9895874905e,NHPC,"Construction of toilet at Lord Buddha Park in Tibetan Refugee Handicraft Centre, Middle Bakrota, Dalhousie, Distt-Chamba",Unclassified,,,,Unknown,https://www.nhpcindia.com/welcome/tender,NIT NO. - NH/RO BKT/P&C/2024/CW-202/85 Dated 08.11.2024,NIT,,,,No,2026-09-04,2026-09-04,NEW
25fec902644d,NHPC,"Providing services for Running & Maintenance of Subansiri Upper Project office building at Sippi village, Arunachal Pradesh",Unclassified,,Arunachal Pradesh,,Unknown,https://www.nhpcindia.com/welcome/tender,GEM/2024/B/5573526 dtd. 08-11-2024,Tender,,,,No,2026-09-04,2026-09-04,NEW
9c8fb98c7da1,NHPC,General Up Keeping of Water Supply System Rangit Power Station for Year 2024-25,Unclassified,,,,Unknown,https://www.nhpcindia.com/welcome/tender,NH-RPS-CTS012/7/2024-CIVIL TS/108,Tender,,,,No,2026-09-04,2026-09-04,NEW
f4f98281d64d,NHPC,"Repair and maintenance of misc. civil related works for NHPC Office Complex, Sector-33, Faridabad and NHPC Residential Colony, Sector-41, Faridabad",Unclassified,,,,Unknown,https://www.nhpcindia.com/welcome/tender,2024_NHPC_829767_1,Tender,,,,No,2026-09-04,2026-09-04,NEW
2841d4d039ae,NHPC,Hiring of Consultancy Services of a Practicing Company Secretary for the services related to Incorporation of Joint Venture Company between NHPC and APGENCO,Unclassified,,,,Unknown,https://www.nhpcindia.com/welcome/tender,GEM/2024/B/ /5580689,Tender,,,,No,2026-09-04,2026-09-04,NEW
f02caa31efc8,NHPC,Repair of two numbers of retrieved Servomotors of MIV of Teesta-V Power Station,Unclassified,,,,Unknown,https://www.nhpcindia.com/welcome/tender,NIT No. NH/TSV/CONT/MC-149/NIT-967/2024-25/305 Dated: 07/11/2024 and E-Tender id. 2024_NHPC_834036_1,NIT,,,,No,2026-09-04,2026-09-04,NEW
4f4833a0fbf6,NHPC,"Providing pest control service in the office building of Regional Office, Chandigarh.",Unclassified,,Chandigarh,,Unknown,https://www.nhpcindia.com/welcome/tender,GEM/2024/B/5556498,Tender,,,,No,2026-09-04,2026-09-04,NEW
d2fe97952a84,NHPC,"Restoration of damaged boundary wall near Nursery School &amp;amp;amp; Villa A1-81 and Chain Link Fencing at KV School, DSB and Semna Colony at DPS, Kishtwar",Unclassified,,,,Unknown,https://www.nhpcindia.com/welcome/tender,NH/DPS/CONT/NIT-224/2024/E126202 dated 06.11.2024,NIT,,,,No,2026-09-04,2026-09-04,NEW
a4b80ad955db,NHPC,Painting of side walls stilling basin including piers of dam at Rangit Power station,Unclassified,,,,Unknown,https://www.nhpcindia.com/welcome/tender,NH-RPS-DC011(16)/6/2024-DAM C/107,Tender,,,,No,2026-09-04,2026-09-04,NEW
bf1c919d7a25,NHPC,"Third Party Protection Audit for 16 nos. of Power Stations at NHPC as per Scope of Work including Travel, Lodging & Boarding Charges",Unclassified,,,,Unknown,https://www.nhpcindia.com/welcome/tender,GEM/2024/B/5428739,Tender,,,,No,2026-09-04,2026-09-04,NEW
acfab52c6170,NHPC,"Renovation of Villa A3-78, DSB Colony at DPS Kishtwar",Unclassified,,,,Unknown,https://www.nhpcindia.com/welcome/tender,NH/DPS/CONT/NIT-220/2024/E126329 dated 02.11.2024,NIT,,,,No,2026-09-04,2026-09-04,NEW
48570087e6ec,NHPC,"“Repair of Dam Spillway Bucket No’s 4 using High Performance Concrete and Repair of side walls of Dam Spillway No’s 3 &amp;amp;amp;amp;amp; 4 using Epoxy Mortar at Dul Dam, DPS, Kishtwa",Unclassified,,,,Unknown,https://www.nhpcindia.com/welcome/tender,NH/DPS/CONT/NIT-222/2024/E127906 dated 31.10.2024,NIT,,,,No,2026-09-04,2026-09-04,NEW
9b1c38e34f4d,NHPC,"Repairing of damaged fencing of Auditorium at Left Bank of Teesta-V Power Station, Balutar",Unclassified,,,,Unknown,https://www.nhpcindia.com/welcome/tender,NH/TSV/Cont/CC-342/NIT-966/2024-25/292 Dated: 30/10/2024,NIT,,,,No,2026-09-04,2026-09-04,NEW
64946d444e49,NHPC,"RFP for Protective Ceramic coating on Spiral Casing, Stay Vanes and Turbine Top Cover of Generating Units of Teesta-V Power Station",Unclassified,,,,Unknown,https://www.nhpcindia.com/welcome/tender,NIT No. NH/TSV/Cont/MC-148/NIT-965/2024-25/289 Dated: 30/10/2024 and E-Tender id 2024_NHPC_833160 _1,RfP,,,,No,2026-09-04,2026-09-04,NEW
e7bf0f3d1eaa,NHPC,"Modernization of Plumb-Line System by Supply and Installation of Automatic Plumb line System at EL 1212m and 1220m (XY Coordinator readout Charge Coupled Device and automatic data transmission to Dam Control Room) at Dul Dam, Dulhasti Power Station, Kishtwar",Unclassified,,,,Unknown,https://www.nhpcindia.com/welcome/tender,NH/DPS/CONT/NIT-223/2024/E124118 dated 30.10.2024,NIT,,,,No,2026-09-04,2026-09-04,NEW
a2c5e54dafd3,NHPC,"Repairing of Retaining Walls at various locations from Zero Point to Lal Tanki (water tank) at Teesta-V Power Station, Balutar",Unclassified,,,,Unknown,https://www.nhpcindia.com/welcome/tender,NH/TSV/Cont/CC-341/NIT-964/2024-25/288 Dated: 30/10/2024,NIT,,,,No,2026-09-04,2026-09-04,NEW
ff556db77902,NHPC,Comprehensive Annual Maintenance Contract for Matrix make EPABX Communication Servers installed at Teesta-V Power Station,Unclassified,,,,Unknown,https://www.nhpcindia.com/welcome/tender,NIT No. NH/TSV/Cont/EC-155/NIT-963/2024-25/192 Dated : 29/10/2024 &amp; GEM Bid: GEM/2024/B/5559268,NIT,,,,No,2026-09-04,2026-09-04,NEW
e009e9e64c43,NHPC,"Providing epoxy flooring on turbine floor, Service bay &amp;amp; entrance area of power house, parbati-III power station",Unclassified,,,,Unknown,https://www.nhpcindia.com/welcome/tender,NH/PPS-III/NIT/PR11924/86/1/228 Dated: 28/10/2024,NIT,,,,No,2026-09-04,2026-09-04,NEW
7d82e245a8cc,NHPC,"External Safety Audit for the year 2024-25 in Teesta-V Power Station, NHPC Ltd.",Unclassified,,,,Unknown,https://www.nhpcindia.com/welcome/tender,NIT No. NH/TSV/Cont/EC-157 /NIT-962/2024-25/191 Dated : 28/10/2024 &amp; GEM/2024/B/5555086,NIT,,,,No,2026-09-04,2026-09-04,NEW
02fef509ff05,NHPC,Treatment of minor erosion on Left bank of dam just downstream of stilling basin by way of M25A40 at Sewa-II Power Station (CW-647),Unclassified,,,,Unknown,https://www.nhpcindia.com/welcome/tender,NH/Sewa-II/Contracts/CW-647/2024/NIT-21/532 Dated: 28.10.2024,NIT,,,,No,2026-09-04,2026-09-04,NEW
e50fd25cd462,NHPC,Purchase of Miscellaneous General Consumables for Sewa-II Power Station,Unclassified,,,,Unknown,https://www.nhpcindia.com/welcome/tender,GEM/2024/B/5542831 Dated: 28-10-2024,Tender,,,,No,2026-09-04,2026-09-04,NEW
24cab9c1f9d6,NHPC,Purchase of various types of Hydromechanical gate rubber seals,Unclassified,,,,Unknown,https://www.nhpcindia.com/welcome/tender,"GEM/2024/B/5546207, Dated: 28-10-2024",Tender,,,,Yes,2026-09-04,2026-09-04,NEW
1eabc6be63d6,NHPC,Extension of SCADA/ARMAC system to Dam Colony for remote operation of spillway gates of Sewa-II Dam,Unclassified,,,,Unknown,https://www.nhpcindia.com/welcome/tender,GeM Bid No.GEM/2024/B/5533276 Dated 25-10-2024,Tender,,,,No,2026-09-04,2026-09-04,NEW
d22de18bcf6f,NHPC,"Construction of OPD Complex in Sub-District Hospital, Bani, Kathua J&amp;amp;K under CSR-SD (CSR-660)",Unclassified,,,,Unknown,https://www.nhpcindia.com/welcome/tender,NH/Sewa-II/Contracts/CSR-660/2024/NIT-20/513 Dated: 24.10.2024,NIT,,,,No,2026-09-04,2026-09-04,NEW
b871a22ff086,NHPC,Protection and stabilization work along the road in Dam Area from Rd 5253 to Rd 5315 &amp;amp;amp;amp;amp;amp;amp;amp; repair of RCC retaining outlet channel wall of SFT at Dul Dam DPS- Kishtwar,Unclassified,,,,Unknown,https://www.nhpcindia.com/welcome/tender,NH/DPS/CONT/NIT-219/2024/E127256 dated 26.10.2024,NIT,,,,No,2026-09-04,2026-09-04,NEW
0f3b19fe3e5b,NHPC,Protection work on left bank of Sewa river in front of Power House of CPS-1.,Unclassified,,,,Unknown,https://www.nhpcindia.com/welcome/tender,NH/CPS-1/P&C/W-1456/2024-25/562 Dated: 25/10/2024,Tender,,,,No,2026-09-04,2026-09-04,NEW
a0b2f4b24e9d,NHPC,Repairing of CISF Barrack at Dam site of Chamera-1 Power Station,Unclassified,,,,Unknown,https://www.nhpcindia.com/welcome/tender,NH/CPS-1/P&C/W-1470/2024-25/561 Dated: 25/10/2024,Tender,,,,No,2026-09-04,2026-09-04,NEW
94ffe13c2fcb,NHPC,Engagement of consultant for Review & Testing of the operating efficiency of existing Internal Financial Control system of NHPC Ltd for the FY 2024-2025,Unclassified,,,,Unknown,https://www.nhpcindia.com/welcome/tender,GEM/2024/B/5545545,Tender,,,,No,2026-09-04,2026-09-04,NEW
1ac37fc61807,NHPC,"Treatment of Joint and waterproofing crystalline coating to check the seepage water in Dam Gallery surface of Pulga Dam, Barshaini of Parbati-H.E. Project (Stage-II) (Package No-C-781)",Unclassified,,,,Unknown,https://www.nhpcindia.com/welcome/tender,2024_NHPC_ 832448 _1,Tender,,,,No,2026-09-04,2026-09-04,NEW
1bb07809b575,NHPC,"Construction of Two Morchas for CISF near Power House, CPS-1 KHairi",Unclassified,,,,Unknown,https://www.nhpcindia.com/welcome/tender,NH/CPS-1/P&C/W-1471/2024-25/560 Dated: 24/10/2024,Tender,,,,No,2026-09-04,2026-09-04,NEW
dac0bbe23bfa,NHPC,"Construction of DG room and providing Paver blocks around around the intake area of Dam at Barshaini of Parbati-H.E. Project (Stage-II), (Package No-C-782)",Unclassified,,,,Unknown,https://www.nhpcindia.com/welcome/tender,2024_NHPC_ 832273 _1,Tender,,,,No,2026-09-04,2026-09-04,NEW
271113874c83,NHPC,Running & Maintenance of 02 Nos. Bullet Proof Scorpio of Loktak HE Project for a period of 01 (one) year.,Unclassified,,,,Unknown,https://www.nhpcindia.com/welcome/tender,NIT-1052 (L),NIT,,,,No,2026-09-04,2026-09-04,NEW
ffad413fc53a,NHPC,Miscellaneous Repair and Maintenance Work of VIP Guest House and HOP Residence at BSPS Surangani,Unclassified,,,,Unknown,https://www.nhpcindia.com/welcome/tender,NH/BSPS/CC/CW/35/2024-25/329,Tender,,,,No,2026-09-04,2026-09-04,NEW
daa1f937acd9,NHPC,"Strengthening of Dumping site number DS-7 near Adit-IV of Parbati-H.E. Project (Stage-II), (Package No-C-786)",Unclassified,,,,Unknown,https://www.nhpcindia.com/welcome/tender,2024_NHPC_ 831981 _1,Tender,,,,No,2026-09-04,2026-09-04,NEW
8c01576c2b46,NHPC,"Development of basic amenities at Jalandora village under CSR Scheme of NHPC Limited, Kishanganga Power Station, Bandipora, J&K (PKG-509).",Unclassified,,Jammu and Kashmir,,Unknown,https://www.nhpcindia.com/welcome/tender,2024_NHPC_832056_1,Tender,,,,No,2026-09-04,2026-09-04,NEW
5c4255d16d24,NHPC,"Operation &amp;amp;amp;amp; maintenance of sewage treatment plant (STP), collection of hydro meteorological data/Instrumentation data for Teesta-V PS",Hydro,,,,Unknown,https://www.nhpcindia.com/welcome/tender,NH/TSV/Cont/RM-202/NIT-961/2024-25/267 Dated: 22/10/2024,NIT,,,,Yes,2026-09-04,2026-09-04,NEW
ed570cc13910,NHPC,"Purchase of Runner Assembly, Francis Turbine for Chamera-III Power Station",Unclassified,,,,Unknown,https://www.nhpcindia.com/welcome/tender,GEM/2024/B/5434772 dtd. 19.10.2024,Tender,,,,No,2026-09-04,2026-09-04,NEW
1b1340e929e7,NHPC,"Annual Maintenance Contract of 3X500 KVA and 1X200 KVA Cummins make DG sets installed at Power House,Dam site and Samdong",Unclassified,,,,Unknown,https://www.nhpcindia.com/welcome/tender,NIT No. NH/TSV/Cont/EC-156/NIT-960/2024-25/181 Dated : 21/10/2024 and Gem Bid No. GEM/2024/B/5530251,NIT,,,,No,2026-09-04,2026-09-04,NEW
1cf009ef92e7,NHPC,"Repair / Re-insulation of overhang portion of 40 Nos. Stator bars and 13 Nos. Jumpers of 110MW Hydro Generator installed at Kishanganga Power Station, Bandipora, J&amp;amp;amp;K (PKG-510).",Hydro,110.0,,,Unknown,https://www.nhpcindia.com/welcome/tender,2024_NHPC_831722_1,Tender,,,110 MW,Yes,2026-09-04,2026-09-04,NEW
9d9ba9d9d1e2,NHPC,"Restoration of Pancha Trench Weir,Pancha Intake Structure,Manihar Outfall,Manihar to Hurla Road and Channelization of Pancha Nallah of Parbati-H.E. Project (Stage-II) , (Package No-C-783)",Unclassified,,,,Unknown,https://www.nhpcindia.com/welcome/tender,2024_NHPC_ 831781 _1,Tender,,,,No,2026-09-04,2026-09-04,NEW
8e3985c1aa4a,NHPC,"Construction of VIP Guest House (existing partially constructed Class-I Type Building) at Rangit-IV H.E. Project, JPCL, Sikkip, Soreng District, SIkkim",Unclassified,,Sikkim,,Unknown,https://www.nhpcindia.com/welcome/tender,NH-R4P-CD011/3/2023-CIVIL/1630,Tender,,,,No,2026-09-04,2026-09-04,NEW
0afb7ad19724,NHPC,"Providing and Laying Bore Well and Water Supply System at Field Hostel Nakrod, BSPS",Unclassified,,,,Unknown,https://www.nhpcindia.com/welcome/tender,"NH/BSPS/CC/CW/34/2024-25/318,",Tender,,,,No,2026-09-04,2026-09-04,NEW
ebf1e8e01ff0,NHPC,"Repairing of Cavity in Apron area, downstream of end sill at EL +1151.00 of Dam by way of M25A40 at Sewa-II Power Station (CW-642)",Unclassified,,,,Unknown,https://www.nhpcindia.com/welcome/tender,NH/Sewa-II/Contracts/CW-642/2024/NIT-19/508 Dated: 18.10.2024,NIT,,,,No,2026-09-04,2026-09-04,NEW
f821339ba1c3,NHPC,"Drilling of two no. Boreholes, supply and installation of MS pipe, submersible pumps in complete for tapping of underground water for supply to Chimiri Colony, Dibang Multipurpose Project, Arunachal Pradesh",Unclassified,,Arunachal Pradesh,,Unknown,https://www.nhpcindia.com/welcome/tender,NH/DMP/PNC/NIT/2024/8,NIT,,,,No,2026-09-04,2026-09-04,NEW
d08e20b73d67,NHPC,Restoration of shed and duty room for STP in sapangini colony of Parbati-III Power station,Unclassified,,,,Unknown,https://www.nhpcindia.com/welcome/tender,"NH/PPS-III/NIT/PR11924/65/1/218, Dated: 18/10/2024",NIT,,,,No,2026-09-04,2026-09-04,NEW
fc684fb1fb08,NHPC,"Renovation of Permanent Field Hostel (PFH) at NHPC Colony Kishanganga Power Station, Kralpora, Bandipora, J and K (PKG-506).",Unclassified,,,,Unknown,https://www.nhpcindia.com/welcome/tender,2024_NHPC_831301_1,Tender,,,,No,2026-09-04,2026-09-04,NEW
c73ef28924c8,NHPC,Purchase of printer cartridges and drums and toner for photocopier machines.,Unclassified,,Chandigarh,,Unknown,https://www.nhpcindia.com/welcome/tender,GEM/2024/B/5502171,Tender,,,,No,2026-09-04,2026-09-04,NEW
e19b55f3c0b9,NHPC,Supply of on Line Vibration Monitoring and Analysing System with All Accessories for all Six Units,Unclassified,,,,Unknown,https://www.nhpcindia.com/welcome/tender,GEM/2024/B/5428122,Tender,,,,No,2026-09-04,2026-09-04,NEW
7b9c1d49369a,NHPC,tender17102024,Unclassified,,,,Unknown,https://www.nhpcindia.com/welcome/tender,tender17102024,Tender,,,,No,2026-09-04,2026-09-04,NEW
67439ce8ebcf,NHPC,"Exploratory Drilling Works of one hole of 50m depth in plunge pool area at Right Bank of river for Subansiri Upper Project 1605MW, Arunachal Pradesh",Unclassified,1605.0,Arunachal Pradesh,,Unknown,https://www.nhpcindia.com/welcome/tender,2024_NHPC_830369_1,Tender,,,1605 MW,No,2026-09-04,2026-09-04,NEW
aed1f30f2a30,NHPC,"Geological exploration by Extension of 01 no. of already Existing Drift (RDR6), drift size 1.8x2.1m Rectangular section by another 130 M on Right Bank of River Subansiri at Power House Site of Subansiri Upper Project” in Arunachal Pradesh",Unclassified,,Arunachal Pradesh,,Unknown,https://www.nhpcindia.com/welcome/tender,2024_NHPC_831115_1,Tender,,,,No,2026-09-04,2026-09-04,NEW
04646da6c1d9,NHPC,Purchase of HP12A Toner,Unclassified,,,,Unknown,https://www.nhpcindia.com/welcome/tender,GEM/2024/B/5404386,Tender,,,,No,2026-09-04,2026-09-04,NEW
4d2ad8561d74,NHPC,"Construction of 03 nos. additional classrooms in Govt. High School Barmota, Bani (J&K) under CSR-SD scheme (CSR-659)”",Unclassified,,Jammu and Kashmir,,Unknown,https://www.nhpcindia.com/welcome/tender,NH/Sewa-II/Contracts/CSR-659/2024/NIT-18/506 Dated: 16.10.2024,NIT,,,,No,2026-09-04,2026-09-04,NEW
08db6966d770,NHPC,Repair of CRPF barrack/building at Lamdan and repair of CRPF officer’s mess kitchen at Old Colony Loktak.,Unclassified,,,,Unknown,https://www.nhpcindia.com/welcome/tender,NIT-1051 (L),NIT,,,,No,2026-09-04,2026-09-04,NEW
b85c197f9aca,NHPC,"Clearing of Jungle (Weeds, Vegetation etc.) along the Loktak-Leimatak road between RD 12.00 Km to RD 24.70 Km.",Unclassified,,,,Unknown,https://www.nhpcindia.com/welcome/tender,NIT-1050 (L),NIT,,,,No,2026-09-04,2026-09-04,NEW
96c71ca46631,NHPC,"Strengthening of Dumping site number DS-11 at left Bank of Sainj River of Parbati-H.E. Project (Stage-II), (Package No-C-785)",Unclassified,,,,Unknown,https://www.nhpcindia.com/welcome/tender,2024_NHPC_ 830976 _1,Tender,,,,No,2026-09-04,2026-09-04,NEW
ad3872d9dac2,NHPC,"Construction of a Pucca Footpath (Tiles) at Ward No. 8 Mashka, near NHPC Sewa-II Power Project (Approx 100mtr from the Switchyard (CSR-658)”",Unclassified,,,,Unknown,https://www.nhpcindia.com/welcome/tender,NH/Sewa-II/Contracts/CSR-658/2024/NIT-17/503 Dated: 16.10.2024,NIT,,,,Yes,2026-09-04,2026-09-04,NEW
39538bc56589,NHPC,"Cleaning and disinfecting of water storage tanks for water supply system of township and others locations of CPS-II, Karian, Chamba (E-FILE-127784)",Unclassified,,,,Unknown,https://www.nhpcindia.com/welcome/tender,E-FILE-127784/2024-25/23,Tender,,,,Yes,2026-09-04,2026-09-04,NEW
4a95abbb0fbe,NHPC,Construction of access road and platform at switchyard for attending any fault in 400KV line in Parbati-III Power Station,Unclassified,,,,Unknown,https://www.nhpcindia.com/welcome/tender,NH/PPS-III/NIT/PR11924/76/1/213,NIT,,,,No,2026-09-04,2026-09-04,NEW
9d5862a35ccf,NHPC,Hiring an e-SUV (Electric Vehicle) at Regional Office Chandigarh,Unclassified,,Chandigarh,,Unknown,https://www.nhpcindia.com/welcome/tender,GEM/2024/B/5429684,Tender,,,,No,2026-09-04,2026-09-04,NEW
113338014793,NHPC,Construction of Boundary wall and leveling of Ground at newly constructed Common Facility Centre (CFC) at Vill. Hutt. Extension of Mela Ground at Mashka (J&K) (CSR-657),Unclassified,,Jammu and Kashmir,,Unknown,https://www.nhpcindia.com/welcome/tender,NH/Sewa-II/Contracts/CSR-657/2024/NIT-15/500 Dated: 12.10.2024,NIT,,,,No,2026-09-04,2026-09-04,NEW
a8666119069d,NHPC,"Roof protection and painting of CISF barrack at SLP, Gerukamukh.",Unclassified,,,,Unknown,https://www.nhpcindia.com/welcome/tender,NH/SLP/CONT/2024/C-24/NIT/234,NIT,,,,No,2026-09-04,2026-09-04,NEW
8b6350d05d9a,NHPC,Purchase of furniture for 30 room guest house under construction on the right bank of 2880 MW Dibang Multipurpose Project site 2,Unclassified,2880.0,,,Unknown,https://www.nhpcindia.com/welcome/tender,GEM/2024/B/5378544,Tender,,,2880 MW,No,2026-09-04,2026-09-04,NEW
76cd84c5b6c0,NHPC,Purchase of furniture for 30 room guest house under construction on the right bank of 2880 MW Dibang Multipurpose Project site 1,Unclassified,2880.0,,,Unknown,https://www.nhpcindia.com/welcome/tender,GEM/2024/B/5373471,Tender,,,2880 MW,No,2026-09-04,2026-09-04,NEW
2318a4eadcd8,NHPC,"Annual Maintenance of Hydro Mechanical equipment/gates installed at Baira Dam, Bhaledh Trench, Siul Weir and TRC gates, PRV gate at Power House Complex",Hydro,,,,Unknown,https://www.nhpcindia.com/welcome/tender,NH/BSPS/CC/HM/33/2024-25/296,Tender,,,,Yes,2026-09-04,2026-09-04,NEW
6263933aff6f,NHPC,"Reconstruction of Footpath near RD 2720m of Valve House Road to Surge Shaft at BSPS, Surangani",Unclassified,,,,Unknown,https://www.nhpcindia.com/welcome/tender,NH/BSPS/CC/CW/32/2024-25/294,Tender,,,,No,2026-09-04,2026-09-04,NEW
73b63da7b8f4,NHPC,Repairing of internal bituminous road from NHPC mor/ Zero Point to Power House Gate (Rd-0.00 to Rd-1750m) at Teesta- V Power Station,Unclassified,,,,Unknown,https://www.nhpcindia.com/welcome/tender,NH/TSV/Cont/CC-340/NIT-958/2024-25/250 Dated: 09/10/2024,NIT,,,,No,2026-09-04,2026-09-04,NEW
a2fa403999dd,NHPC,"Protection of Local Houses of Villagers and their cultivation land along river by providing concrete wall cum crate work at Surangani and Shar Village, Distt-Chamba",Unclassified,,,,Unknown,https://www.nhpcindia.com/welcome/tender,NH/BSPS/CC/CW/31/2024-25/292,Tender,,,,No,2026-09-04,2026-09-04,NEW
b2eb908d1140,NHPC,"Supply, installation, commissioning with testing of 415V AC Distribution Panel consisting of one incoming circuit breaker and 02 nos. DG set circuit breakers/MCCBs with improvement in design and drawing at Dam of Dulhasti Power Station",Unclassified,,,,Unknown,https://www.nhpcindia.com/welcome/tender,NH/DPS/CONT/NIT-217/2024/E126107 dated 09.10.2024,NIT,,,,No,2026-09-04,2026-09-04,NEW
a9c456d244f8,NHPC,Purchase of shaft seal lower wearing ring (movable ring) for Francis Turbine,Unclassified,,,,Unknown,https://www.nhpcindia.com/welcome/tender,GEM/2024/B/5448939,Tender,,,,No,2026-09-04,2026-09-04,NEW
6f23b19fec2a,NHPC,"Design, Supply and installation of temporary pre-fabricated shed (Super-Structure) for Kendriya Vidyalaya at Left Bank side of Teesta-V PS, Balutar, Sikkim",Unclassified,,Sikkim,,Unknown,https://www.nhpcindia.com/welcome/tender,NH/TSV/Cont/CC-339/NIT-957/2024-25/246 Dated: 08/10/2024,NIT,,,,No,2026-09-04,2026-09-04,NEW
00b49622b677,NHPC,Selection of Solar Power Generators For Setting up of 1200 MW ISTS Connected Solar Power Projects on anywhere in India basis under TBCB with Green Shoe Option (NH PC-Tranche-IX-Solar (2024-25)),Solar,1200.0,,,Unknown,https://www.nhpcindia.com/welcome/tender,2024_NHPC_825552_1,Tender,,,1200 MW,Yes,2026-09-04,2026-09-04,NEW
379df33e02c9,NHPC,Development of Rooftop Solar Power Projects on Buildings of NHPC Limited at the various locations under PM Surya Ghar: Muft Bijli Yojana,Rooftop Solar,,,,Unknown,https://www.nhpcindia.com/welcome/tender,NH/CCW/CC-I/CO-339/PR16924/11 dt. 17.09.2024,Tender,,,,Yes,2026-09-04,2026-09-04,NEW
7510d6cdddc5,NHPC,Repair of Stilling Basin along with submerged part of spillway glacis at dam of Rangit Power Station,Unclassified,,,,Unknown,https://www.nhpcindia.com/welcome/tender,NH-RPS-DC011(12)/6/2024-DAM C/101,Tender,,,,No,2026-09-04,2026-09-04,NEW
2dd31c2b18dd,NHPC,"Annual Maintenance Contract (AMC) for Computer and other Peripheral of Sewa-II Power Station, Mashka, J&K for 01 year (SC-656)",Unclassified,,Jammu and Kashmir,,Unknown,https://www.nhpcindia.com/welcome/tender,GEM/2024/B/5464291 Dated 07.10.2024,Tender,,,,No,2026-09-04,2026-09-04,NEW
edfd96d0e40a,NHPC,Procurement of Automatic Wire Rope Lubrication System equipped with Pneumatic Operated Grease Pump for Chamera-I Power Station.,Unclassified,,,,Unknown,https://www.nhpcindia.com/welcome/tender,GEM/2024/B/5445974,Tender,,,,No,2026-09-04,2026-09-04,NEW
5bf4c3d315e6,NHPC,"Construction of accommodation for security personnel at TBM location, Kishanganga Power Station, Bandipora, J&K (PKG-505).",Unclassified,,Jammu and Kashmir,,Unknown,https://www.nhpcindia.com/welcome/tender,2024_NHPC_829443_1,Tender,,,,No,2026-09-04,2026-09-04,NEW
7b87811d3d75,NHPC,"Providing security fencing work for TBM and Valve House Area, Kishanganga Power Station, Bandipora, J&K (PKG-503).",Unclassified,,Jammu and Kashmir,,Unknown,https://www.nhpcindia.com/welcome/tender,2024_NHPC_829438_1,Tender,,,,No,2026-09-04,2026-09-04,NEW
a81cb16dce10,NHPC,"Construction of concrete pavement near CVT portal to CISF barrack at Power House area of Kishanganga Power Station Bandipora, J&K (PKG-499)",Unclassified,,Jammu and Kashmir,,Unknown,https://www.nhpcindia.com/welcome/tender,2024_NHPC_829430_1,Tender,,,,No,2026-09-04,2026-09-04,NEW
8bec796a630b,NHPC,"Construction of accommodation for security personnel at Surge Shaft area, Kishanganga Power Station, Bandipora, J&K (PKG-504)",Unclassified,,Jammu and Kashmir,,Unknown,https://www.nhpcindia.com/welcome/tender,2024_NHPC_829428_1,Tender,,,,No,2026-09-04,2026-09-04,NEW
e2de26378a41,NHPC,Procurement of Field Circuit Breaker of Lenoir Elec Make for Excitation System installed in Phase II of Salal Power House from M/s Micronova Impex Pvt. Ltd.,Unclassified,,,,Unknown,https://www.nhpcindia.com/welcome/tender,GEM/2024/B/5446371,Tender,,,,No,2026-09-04,2026-09-04,NEW
61052fd89a48,NHPC,printing of various essential works registers for related to CISF unit NHPC Seva-II Power Station the year 2024,Unclassified,,,,Unknown,https://www.nhpcindia.com/welcome/tender,GEM/2024/B/5428508 Dated: 03-10-2024,Tender,,,,No,2026-09-04,2026-09-04,NEW
3df7759da7c5,NHPC,Purchase of spare parts for electrical Vertical turbine pumps installed at Fire Fighting pumping station at Sewa-II Power House,Unclassified,,,,Unknown,https://www.nhpcindia.com/welcome/tender,GEM/2024/B/5422508 Dated: 28-09-2024,Tender,,,,No,2026-09-04,2026-09-04,NEW
bb2432fafa11,NHPC,"Supply, fixing/assembling / testing and on site re-tubing of Generator Plug in oil coolers for combined bearing (thrust and upper guide) of Sewa-II Power Station.",Unclassified,,,,Unknown,https://www.nhpcindia.com/welcome/tender,GEM/2024/B/5418139 Dated: 28-09-2024,Tender,,,,Yes,2026-09-04,2026-09-04,NEW
0df336e86b93,NHPC,"Drilling of two no. Boreholes, supply and installation of MS pipe, submersible pumps in complete for tapping of underground water for supply to Chimiri Colony,Dibang Multipurpose Project, Arunachal Pradesh",Unclassified,,Arunachal Pradesh,,Unknown,https://www.nhpcindia.com/welcome/tender,NH/DMP/PNC/NIT/2024/7,NIT,,,,No,2026-09-04,2026-09-04,NEW
81e4021ea1f2,NHPC,Supply of Laundry Type Washing Machines / Drying Machines,Unclassified,,,,Unknown,https://www.nhpcindia.com/welcome/tender,GEM/2024/B/5421744,Tender,,,,No,2026-09-04,2026-09-04,NEW
873ede083a05,NHPC,Supply and Installation of Air Conditioners at CPS-I,Unclassified,,,,Unknown,https://www.nhpcindia.com/welcome/tender,GEM/2024/B/5368519,Tender,,,,No,2026-09-04,2026-09-04,NEW
c909fe19ed3f,NHPC,Supply of TSLG-AUXILIARY DIGITAL TACHOMETER (ADT) NEYRPIC TSLG ADT.,Unclassified,,,,Unknown,https://www.nhpcindia.com/welcome/tender,GEM/2024/B/5334921,Tender,,,,No,2026-09-04,2026-09-04,NEW
cfd9cd667ffa,NHPC,"Construction of Deep Burial Pits and safe pits for sharp wastes for Project Hospital, Kom-Keirap, Loktak Power Station.",Unclassified,,,,Unknown,https://www.nhpcindia.com/welcome/tender,NIT-1049 (O),NIT,,,,No,2026-09-04,2026-09-04,NEW
605a2ea3187f,NHPC,Repair and painting of Existing Watch Tower and other miscellaneous work at Power House Complex of Sewa-II Power Station.(CW-655),Unclassified,,,,Unknown,https://www.nhpcindia.com/welcome/tender,NH/Sewa-II/Contracts/CW-655/2024/NIT-14/470 Dated:30.09.2024,NIT,,,,No,2026-09-04,2026-09-04,NEW
c4134e68f2f6,NHPC,"Cleaning & sweeping of Non-Executive Field Hostels and manpower for assistance in Township store at NHPC colony, Kralpora, Bandipora for 2 years (PKG-502).",Unclassified,,,,Unknown,https://www.nhpcindia.com/welcome/tender,GEM/2024/B/5418446,Tender,,,,No,2026-09-04,2026-09-04,NEW
7163e60da2de,NHPC,"Restoration work of Dumping Site DS-6 near Adit-3 of Parbati-H.E. Project (Stage-II), (Package No-C-779)",Unclassified,,,,Unknown,https://www.nhpcindia.com/welcome/tender,2024_NHPC_ 828169 _1,Tender,,,,No,2026-09-04,2026-09-04,NEW
941c9622f49b,NHPC,"Supply, Installation and AMC of Automatic Water Level Recorder (AWLR) and Velocity Sensor for EWS for Gauge and Flow meter site at Jiwa,Hurla,Manihar,Pancha and Jigrai Nallah along with TRC of Parbati-II H.E.Project (Pkg. No-C-765A)",Unclassified,,,,Unknown,https://www.nhpcindia.com/welcome/tender,2024_NHPC_827968_1,Tender,,,,No,2026-09-04,2026-09-04,NEW
4810e3178db7,NHPC,"Restoration / Repair of damaged CGI shed building of DG Room & Control room, Left bank NHPC Teesta V power station , Balutar",Unclassified,,,,Unknown,https://www.nhpcindia.com/welcome/tender,NH/TSV/Cont/CC-326/NIT-956/2024-25/214 Dated: 26/09/2024,NIT,,,,No,2026-09-04,2026-09-04,NEW
68bbb590dab4,NHPC,Repair and renovation of Type-III Qtrs under possession of Teesta-VI HE Project at Balutar,Unclassified,,,,Unknown,https://www.nhpcindia.com/welcome/tender,LTHPL/TSVI/PnC/NIT-33/2024/468,NIT,,,,No,2026-09-04,2026-09-04,NEW
fe11144de922,NHPC,Purchase of Rubber items for annual maintenance of FY 2024-25 for power house,Unclassified,,,,Unknown,https://www.nhpcindia.com/welcome/tender,GEM/2024/B/5382559,Tender,,,,No,2026-09-04,2026-09-04,NEW
d6bb95fbb7fc,NHPC,Insurance coverage under Group Insurance Scheme in lieu of EDLI in NHPC Limited for a period of one year (from 01.01.25 to 31.12.25),Unclassified,,,,Unknown,https://www.nhpcindia.com/welcome/tender,NH/CCW/CC-II/CO-341/PR10024/189,Tender,,,,No,2026-09-04,2026-09-04,NEW
52a043f9419b,NHPC,Running and Maintenance of Executive & Non-Executive Field Hostels and Canteen Services at Samdong Colony,Unclassified,,,,Unknown,https://www.nhpcindia.com/welcome/tender,NH/TSV/Cont/RM-200/NIT-955/2024-25/206 Dated : 24/09/2024,NIT,,,,No,2026-09-04,2026-09-04,NEW
bee1e0c15c9e,NHPC,"Strengthening and surfacing of Dam Goli Road, CPS-1.",Unclassified,,,,Unknown,https://www.nhpcindia.com/welcome/tender,NH/CPS-1/P&C/W-1464/2024-25/527 Dated:23/09/2024 (2024_NHPC_827398_1),Tender,,,,No,2026-09-04,2026-09-04,NEW
06de28e92da5,NHPC,"Civil works and providing grill fencing in Government Secondary School, Bardang (East Sikkim)",Unclassified,,Sikkim,,Unknown,https://www.nhpcindia.com/welcome/tender,NH/TSV/Cont/CC-334/NIT-954/2024-25/205 Dated: 24/09/2024,NIT,,,,No,2026-09-04,2026-09-04,NEW
3514d01b803d,NHPC,"Clearing of Jungle (Weeds, Vegetation etc.) at Slide Zone Area of Loktak Power Station.",Unclassified,,,,Unknown,https://www.nhpcindia.com/welcome/tender,NIT-1048 (L),NIT,,,,No,2026-09-04,2026-09-04,NEW
8dac1c52b984,NHPC,Construction of approach road from main gate of ITI Kishtwar to Office and different trades Workshops,Unclassified,,,,Unknown,https://www.nhpcindia.com/welcome/tender,NH/DPS/CONT/NIT-215/2024/E127445 dated 24.09.2024,NIT,,,,No,2026-09-04,2026-09-04,NEW
c34e4f8b2bfe,NHPC,Repair & Painting of CISF Colony at Tomruchi Dul Dam DPS- Kishtwar,Unclassified,,,,Unknown,https://www.nhpcindia.com/welcome/tender,NH/DPS/CONT/NIT-214/2024/E126005 dated 23.09.2024,NIT,,,,No,2026-09-04,2026-09-04,NEW
fae4d1833dd4,NHPC,Installation of optical fibre based Network for CCTV Camera System at Loktak and Leimatak.,Unclassified,,,,Unknown,https://www.nhpcindia.com/welcome/tender,NIT-1047 (O),NIT,,,,No,2026-09-04,2026-09-04,NEW
e458d53a6774,NHPC,"Construction of foundation platform (sub-structure) for temporary pre-fabricated shed for Kendriya Vidyalaya at Left Bank side of Teesta-V PS, Balutar, Sikkim",Unclassified,,Sikkim,,Unknown,https://www.nhpcindia.com/welcome/tender,NH/TSV/Cont/CC-338/NIT-953/2024-25/199 Dated: 21/09/2024,NIT,,,,No,2026-09-04,2026-09-04,NEW
df5e908a915c,NHPC,"Supplying and laying of industrial tiles in machine hall & Service bay at Power House of Chamera-II Power Station, Chamba (HP).",Unclassified,,,,Unknown,https://www.nhpcindia.com/welcome/tender,GEM/2024/B/5380491,Tender,,,,No,2026-09-04,2026-09-04,NEW
2b7eb5d12a23,NHPC,Fitting (installation and commissioning) of M.S. Anti-Jet Seal Assembly for M.S. Lintel Beam of Spillway Radial Gates at Dam of Uri-II Power Station,Unclassified,,,,Unknown,https://www.nhpcindia.com/welcome/tender,2024_NHPC_824835_1,Tender,,,,No,2026-09-04,2026-09-04,NEW
929bdfafc0df,NHPC,Selection of Solar Power Generators For Setting up of 1.2 GW ISTS Connected Solar Power Projects with 600MW/1200MWh (ESS) on anywhere in India basis under TTBCB with Green Shoe Option (NHPC-Tranche-VIII-Solar with Storage (2024-25)),Solar + Storage,600.0,,,Unknown,https://www.nhpcindia.com/welcome/tender,2024_NHPC_821806_1,Tender,,,600 MW,Yes,2026-09-04,2026-09-04,NEW
002763145b19,NHPC,Reservoir Rim Treatment work near Dikchu from RD ±2000M of Dam axis to RD ±2250M upstream of Dam axis & RD± 2300M to RD± 2400M of Teesta-V Power Station.,Unclassified,,,,Unknown,https://www.nhpcindia.com/welcome/tender,NH/TSV/Cont/CC-336/NIT-952/2024-25/197 Dated: 20/09/2024,NIT,,,,No,2026-09-04,2026-09-04,NEW
9b1f13780016,NHPC,Purchase of 1 Nos DG Set (50KVA) for SUBANSIRI UPPER PROJECT,Unclassified,,,,Unknown,https://www.nhpcindia.com/welcome/tender,GEM/2024/B/5400400,Tender,,,,No,2026-09-04,2026-09-04,NEW
78257d75f7bd,NHPC,Insurance Coverage of Outstanding Multipurpose Advance under “NHPC Employees Multipurpose Advance Insurance Scheme for a period of one year from 19.11.2024 to 18.11.2025,Unclassified,,,,Unknown,https://www.nhpcindia.com/welcome/tender,GEM/2024/B/5412774,Tender,,,,No,2026-09-04,2026-09-04,NEW
4577ea484141,NHPC,"Construction of Public Toilets for Boys and Girls at GSSS Kohal, Distt- Chamba, H.P under CSR",Unclassified,,,,Unknown,https://www.nhpcindia.com/welcome/tender,NH/BSPS/CC/CW/30/2024-25/250,Tender,,,,No,2026-09-04,2026-09-04,NEW
25778c695d14,NHPC,"Supply, Installation & Commissioning of Portable gasoline engine driven hydraulic power pack for radial gates for Uri-II PS",Unclassified,,,,Unknown,https://www.nhpcindia.com/welcome/tender,GEM/2024/B/5354549,Tender,,,,No,2026-09-04,2026-09-04,NEW
2e1821e616e9,NHPC,"Providing and Laying of good Earth over disposed muck at dumping site,Jhuni of Parbati-H.E. Project (Stage-II), (Package No-C-777)",Unclassified,,,,Unknown,https://www.nhpcindia.com/welcome/tender,2024_NHPC_ 826724 _1,Tender,,,,No,2026-09-04,2026-09-04,NEW
23f20467ac3b,NHPC,"Painting of ribs at Adit-3, LHPS, Surge Shaft Bottom & Surge Shaft Top Adits of Sewa-II Power Station (CW-645)”",Unclassified,,,,Unknown,https://www.nhpcindia.com/welcome/tender,NH/Sewa-II/Contracts/CW-645/2024/NIT-13/468 Dated:19.09.2024,NIT,,,,No,2026-09-04,2026-09-04,NEW
745d0f0aeeb7,NHPC,Appointment of a Credit Rating Agency for 3 years (i.e. from FY 2024-25 to 2026-27) for public /private placement of fresh issue of Secured/Un-secured Bonds/Term Loans by NHPC Limited in one or more tranches,Unclassified,,,,Unknown,https://www.nhpcindia.com/welcome/tender,NH/CCW/CC-II/CO-336/PR10024/158,Tender,,,,No,2026-09-04,2026-09-04,NEW
43e2c104d82c,NHPC,"RRT Work for Package-1 (VZ1&3) of Rangit-IV HE Project, Sikkip.",Unclassified,,,,Unknown,https://www.nhpcindia.com/welcome/tender,NH-R4P-CD011/10/2024-CIVIL/1334,Tender,,,,No,2026-09-04,2026-09-04,NEW
1304782171ab,NHPC,"RRT Work for Package-4 (VZ 11 and 12) of Rangit-IV HE Project, Sikkip.",Unclassified,,,,Unknown,https://www.nhpcindia.com/welcome/tender,NH-R4P-CD011/13/2024-C/1337,Tender,,,,No,2026-09-04,2026-09-04,NEW
6552da281f14,NHPC,Purchase of Batteries to DG Sets and Elevator installed at Dam Complex in CPS-1.,Unclassified,,,,Unknown,https://www.nhpcindia.com/welcome/tender,GEM/2024/B/5403447,Tender,,,,No,2026-09-04,2026-09-04,NEW
e1e4756e1cb3,NHPC,Restoration of existing damaged PWD road at left bank from Behali to Power House at Parbati-III Power Station,Unclassified,,,,Unknown,https://www.nhpcindia.com/welcome/tender,NH/PPS-III/NIT/PR11924/06/1/192 Dated: 17/09/2024,NIT,,,,No,2026-09-04,2026-09-04,NEW
5716dc63ec21,NHPC,Annual Maintenance of generating units and its components for the year 2024-25 and 2025-26 at Parbati-III Power Station,Unclassified,,,,Unknown,https://www.nhpcindia.com/welcome/tender,NH/PPS-III/NIT/PR11924/98/1/193 Dated: 17/09/2024,NIT,,,,No,2026-09-04,2026-09-04,NEW
31879adf3fd7,NHPC,Servicing and repair of M/s Kirlsokar make DG set (02 nos- 500kVA and 01-no. 250kVA) installed at Sewa-II Power Station (SC-646),Unclassified,,,,Unknown,https://www.nhpcindia.com/welcome/tender,GEM/2024/B/5288638 Dated 17.09.2024,Tender,,,,No,2026-09-04,2026-09-04,NEW
60c8e57a680d,NHPC,"Exploratory drifting work of RDR-2 extension of 55m (40+15)m length (1.8 M X 2.1M) size at Right bank of Kamala river at Kamala HE Project, Tamen, Arunachal Pradesh",Unclassified,,Arunachal Pradesh,,Unknown,https://www.nhpcindia.com/welcome/tender,2024_NHPC_826331_1,Tender,,,,No,2026-09-04,2026-09-04,NEW
b4b247c6e8c4,NHPC,"Exploratory drilling, driving and reaming of Nx size drill holes with Diamond core drilling machine using Double /Triple Tube core barrel at Dam, PH and TRT area of Seti River-6 HE Project, District-Doti/Achham, Sudur Paschim Province, Nepal",Unclassified,,,,Unknown,https://www.nhpcindia.com/welcome/tender,NHPC_SR-06/2024_RETENDER,Tender,,,,No,2026-09-04,2026-09-04,NEW
0faff2e1fc87,NHPC,"RRT Work for Package -3 (VZ 8,9 & 10) for Rangit-IV HE Project, Sikkip.",Unclassified,,,,Unknown,https://www.nhpcindia.com/welcome/tender,NH-R4P-CD011/12/2024-CIVIL/1336,Tender,,,,No,2026-09-04,2026-09-04,NEW
0c653dc5737a,NHPC,"RRT Work for Package-2 (VZ 2and 7) of Rangit-IV HE Project, Sikkip",Unclassified,,,,Unknown,https://www.nhpcindia.com/welcome/tender,NH-R4P-CD011/11/2024-C/1335,Tender,,,,No,2026-09-04,2026-09-04,NEW
5357e1a28800,NHPC,"Repairing, Erection, Testing and Commissioning of 2X5 MVA 66/11 KV Transformer for Teesta-V Power Station",Unclassified,,,,Unknown,https://www.nhpcindia.com/welcome/tender,NIT No. NH/TSV/CONT/EC-152/NIT-951/2024-25/128 Dated: 17/09/2024 & E-Tender No. 2024_NHPC_826347_1,NIT,,,,No,2026-09-04,2026-09-04,NEW
8f0017bc88df,NHPC,"Providing services like preparation & catering of food in Executive Field Hostels & Transit Camp at NHPC Colony, Kralpora, Bandipora for 24 months (PKG-501)",Unclassified,,,,Unknown,https://www.nhpcindia.com/welcome/tender,GEM/2024/B/5308375,Tender,,,,No,2026-09-04,2026-09-04,NEW
7b062299e82c,NHPC,AMC for Two DG sets of 1000KVA installed in Switchyard & one DG set of 500KVA installed in Dam complex in CPS1,Unclassified,,,,Unknown,https://www.nhpcindia.com/welcome/tender,GEM/2024/B/5369044,Tender,,,,No,2026-09-04,2026-09-04,NEW
355d78c8473c,NHPC,"Restoration and rehabilitation work for dumping site DS-1,DS-2 and DS-3 near Pulga Dam, Barshaini of Parbati-H.E. Project (Stage-II), (Package No-C-775",Unclassified,,,,Unknown,https://www.nhpcindia.com/welcome/tender,2024_NHPC_ 826281 _1,Tender,,,,No,2026-09-04,2026-09-04,NEW
31bcb0ccde9a,NHPC,"Supply, installation and commissioning of 65 nos. 30 Watt solar street light complete and accessories for making functional 30 nos. existing non-functional solar street lights of KGPS colony, Bandipora (PKG-498).",Solar,,,,Unknown,https://www.nhpcindia.com/welcome/tender,2024_NHPC_826286_1,Tender,,,,Yes,2026-09-04,2026-09-04,NEW
ec677e3b35e7,NHPC,"Laying of power cables between LT feeder panels of temporary and permanent buildings in residential colony of Kishanganga Power Station, Bandipora, J&K (PKG-494)",Unclassified,,Jammu and Kashmir,,Unknown,https://www.nhpcindia.com/welcome/tender,2024_NHPC_826235_1,Tender,,,,No,2026-09-04,2026-09-04,NEW
8f354220c240,NHPC,Purchase of carbon brushes for generator rotor slip ring of Chamera-II Power Station.,Unclassified,,,,Unknown,https://www.nhpcindia.com/welcome/tender,GEM/2024/B/5333085,Tender,,,,No,2026-09-04,2026-09-04,NEW
779e874ac016,NHPC,"purchase of CCTV cameras, NVR and WiFi access points for Chamera-II Power Station",Unclassified,,,,Unknown,https://www.nhpcindia.com/welcome/tender,GEM/2024/B/5331055,Tender,,,,No,2026-09-04,2026-09-04,NEW
50cae3a4b940,NHPC,"Exploratory drifting work of LDR-1 extension of 82 m (52+15+15) m length (1.8 M X 2.1M) size at Left bank of Kamala River at Kamala HE Project, Tamen, Arunachal Pradesh",Unclassified,,Arunachal Pradesh,,Unknown,https://www.nhpcindia.com/welcome/tender,2024_NHPC_825960_1,Tender,,,,No,2026-09-04,2026-09-04,NEW
9a61d3743b6c,NHPC,"River bank protection/ erosion control measures on the Left bank of River Subansiri adjacent to Na-ali (RD 60.10km to RD 61.00km) 900m, Beyond 30km",Unclassified,,,,Unknown,https://www.nhpcindia.com/welcome/tender,NH/SLP/CONT/2024/C-30/NIT/216,NIT,,,,No,2026-09-04,2026-09-04,NEW
573a5b75b9a1,NHPC,"River bank protection/ erosion control measures on the Left bank of River Subansiri adjacent to Pub-telahi GP Aserakota, Gualbari near 27° 7'0.44""N, 94° 11'44.37""E (900m),Beyond 30km ” between RD 55.32km to 56.22 km",Unclassified,,,,Unknown,https://www.nhpcindia.com/welcome/tender,NH/SLP/CONT/2024/C-27/NIT/215,NIT,,,,No,2026-09-04,2026-09-04,NEW
d3624530c3b0,NHPC,Annual Maintenance Contract of water coolers/ purifiers installed at CPS-1.,Unclassified,,,,Unknown,https://www.nhpcindia.com/welcome/tender,NH/CPS-1/P&C/W-1450/2024-25/503 Dated: 13/09/2024 (2024_NHPC_826052_1),Tender,,,,No,2026-09-04,2026-09-04,NEW
3865bb9c67a9,NHPC,"Construction of shed for protection of Diesel Tank at Chamera-II Power Station, Karian, Chamba",Unclassified,,,,Unknown,https://www.nhpcindia.com/welcome/tender,2024_NHPC_825929_1,Tender,,,,No,2026-09-04,2026-09-04,NEW
ec32feb8a566,NHPC,"Supply, Erection & Fixing of Pre-fabricated (Super-Structure) temporary structure for Kendriya Vidyalaya (single story) at Teesta-V Power Station, Balutar, Singtam, Distt- Gangtok, Sikkim",Unclassified,,Sikkim,,Unknown,https://www.nhpcindia.com/welcome/tender,NH/TSV/Cont/CC-337/NIT-950/2024-25/193 Dated: 13/09/2024,NIT,,,,No,2026-09-04,2026-09-04,NEW
cae7af82aace,NHPC,Raising of Height of existing Protection Wall on hill slope of Power House Building at BSPS,Unclassified,,,,Unknown,https://www.nhpcindia.com/welcome/tender,NH/BSPS/CC/CW/29/2024-25/243,Tender,,,,No,2026-09-04,2026-09-04,NEW
6b586866b932,NHPC,Supply and installation of Low pressure air dryer of 550 CFM along with Suitable Line Filters and associated accessories such as Pipes & fittings for installation for Chamera-I Power Station,Unclassified,,,,Unknown,https://www.nhpcindia.com/welcome/tender,GEM/2024/B/5362532,Tender,,,,No,2026-09-04,2026-09-04,NEW
d21b25de48c6,NHPC,Purchase of Portable Vertical Boring Machine for Head cover and Pivot ring for Power House of Parbati-III Power Station,Unclassified,,,,Unknown,https://www.nhpcindia.com/welcome/tender,GEM/2024/B/5358227,Tender,,,,No,2026-09-04,2026-09-04,NEW
d857b0fab82a,NHPC,"Construction of Fire Station near Switch yard of Kishanganga Power station, Bandipora, J&K (PKG-491)",Unclassified,,Jammu and Kashmir,,Unknown,https://www.nhpcindia.com/welcome/tender,2024_NHPC_825862_1,Tender,,,,No,2026-09-04,2026-09-04,NEW
e50e4fa7f3d3,NHPC,Purchase of Miscellaneous Items,Unclassified,,,,Unknown,https://www.nhpcindia.com/welcome/tender,GEM/2024/B/5360214 Dated: 11-09-2024,Tender,,,,No,2026-09-04,2026-09-04,NEW
2d5dd78f45f1,NHPC,Purchase of General Miscellaneous Items,Unclassified,,,,Unknown,https://www.nhpcindia.com/welcome/tender,GEM/2024/B/5369458 Dated: 11-09-2024,Tender,,,,No,2026-09-04,2026-09-04,NEW
6e345d66dd34,NHPC,Renovation of Type-II (S-2) Quarter as Field Hostel Mess at Leimatak.,Unclassified,,,,Unknown,https://www.nhpcindia.com/welcome/tender,NIT-1046 (O),NIT,,,,No,2026-09-04,2026-09-04,NEW
1d0a2153a8e2,NHPC,"Construction of Public Toilet in Sundla Market, Distt- Chamba under CSR",Unclassified,,,,Unknown,https://www.nhpcindia.com/welcome/tender,NH/BSPS/CC/CW/28/2024-25/238,Tender,,,,No,2026-09-04,2026-09-04,NEW
1b0e133c02c2,NHPC,"Supply, Installation, Testing and Commissioning of Desktop Computers with 5 years warranty at NHPC Limited, Sector -33, Faridabad (Haryana)",Unclassified,,Haryana,,Unknown,https://www.nhpcindia.com/welcome/tender,GEM/2024/B/5296662,Tender,,,,No,2026-09-04,2026-09-04,NEW
135e5dfeed47,NHPC,Reservoir Rim Treatment work near Phidang area from RD ±3200M of Dam axis to RD ±3800M upstream of Dam axis of Teesta-V Power Station,Unclassified,,,,Unknown,https://www.nhpcindia.com/welcome/tender,NH/TSV/Cont/CC-335/NIT-949/2024-25/191 Dated: 12/09/2024,NIT,,,,No,2026-09-04,2026-09-04,NEW
6b7ac7dd914e,NHPC,"Erosion control measures on the Left bank of River Subansiri by provision of RCC Jack Jetty adjacent of village Lathiakola, Bhimpara G.P. (1) 27°15’17.30”N, 94°13’5.38”E (2) 27°13’41.49”N, 94°12’57.09”E beyond 30Km (1200M",Unclassified,,,,Unknown,https://www.nhpcindia.com/welcome/tender,NH/SLP/CONT/2024/C-29/NIT/211,NIT,,,,No,2026-09-04,2026-09-04,NEW
3484201d4528,NHPC,Erosion control measures on the Right bank of River Subansiri by provision of RCC Jack Jetty adjacent to village Sagolikata (RD 39.40KM to 40.10KM) Beyond 30km (700m,Unclassified,,,,Unknown,https://www.nhpcindia.com/welcome/tender,NH/SLP/CONT/2024/C-28/NIT/212,NIT,,,,No,2026-09-04,2026-09-04,NEW
1b10e41172e0,NHPC,Restoration of damaged/washed out portion of boundary/retaining wall along the river including electrical works at sapangini of Parbati III Power Station,Unclassified,,,,Unknown,https://www.nhpcindia.com/welcome/tender,"NH/PPS-III/NIT/PR11923/280/2/183, Dated: 11/09/2024",NIT,,,,No,2026-09-04,2026-09-04,NEW
2088168c4a21,NHPC,Purchase of spares for two nos. of 150/20/10 Ton EOT Crane installed at Power House & one no. 75/10 Ton EOT Crane installed at Valve House of Kishanganga Power Station,Unclassified,,,,Unknown,https://www.nhpcindia.com/welcome/tender,GEM/2024/B/5313844,Tender,,,,No,2026-09-04,2026-09-04,NEW
84b486478b03,NHPC,"Round the Clock Operation of E&M Plant and Machinery at Power House, Transformer Cavern, Valve House and 220 KV Switchyard of 3x110 MW Kishanganga Power Station, Bandipora, J &K (PKG-497)",Round-the-Clock / CfD / Trading,110.0,,,Unknown,https://www.nhpcindia.com/welcome/tender,GEM/2024/B/5258295,Tender,,,110 MW,Yes,2026-09-04,2026-09-04,NEW
1a2e98b82774,NHPC,Annual Maintenance Contract (AMC) for 02 years of 220Volt DC & 48 Volt DC Battery Chargers of Sewa-II Power Station (SC-648),Unclassified,,,,Unknown,https://www.nhpcindia.com/welcome/tender,GEM/2024/B/5354865 Dated 11.09.2024,Tender,,,,Yes,2026-09-04,2026-09-04,NEW
3be15a4c6b82,NHPC,"“Procurement of Medical Equipment for Anini District Hospital of Dibang Valley District, Arunachal Pradesh under CSR&SD; 2023-24”",Unclassified,,Arunachal Pradesh,,Unknown,https://www.nhpcindia.com/welcome/tender,GEM/2024/B/5362665,Tender,,,,No,2026-09-04,2026-09-04,NEW
2565360490e1,NHPC,"Purchase of Insert Socket of various sizes for Hydraulic Torque Wrench, Model HTW-40S for Power House of Parbati-III Power Station",Unclassified,,,,Unknown,https://www.nhpcindia.com/welcome/tender,GEM/2024/B/5359432,Tender,,,,No,2026-09-04,2026-09-04,NEW
6b9fb4b51c2f,NHPC,Providing services for the testing of cable anchors for residual stress and re-stressing the same to required level (to 420 Kg/sq.cm pressure) complete in all respect.,Unclassified,,,,Unknown,https://www.nhpcindia.com/welcome/tender,NH/CPS-1/P&C/W-1462/2024-25/483 Dated:09/09/2024 (GEM/2024/B/5376538),Tender,,,,Yes,2026-09-04,2026-09-04,NEW
028a85cc25ba,NHPC,SITC of 11KV Vacuum Circuit Breaker alongwith panel and accessories,Unclassified,,,,Unknown,https://www.nhpcindia.com/welcome/tender,GEM/2024/B/5281063,Tender,,,,No,2026-09-04,2026-09-04,NEW
ca319004beff,NHPC,"Exploratory drifting work of LDR-3 extension-2 (Downstream surge cavern) 361 m length (1.8 M X 2.1M) size at Left bank of Kamala river at Kamala HE Project, Tamen, Arunachal Pradesh",Unclassified,,Arunachal Pradesh,,Unknown,https://www.nhpcindia.com/welcome/tender,2024_NHPC_825365_1,Tender,,,,No,2026-09-04,2026-09-04,NEW
2ca229dff0f6,NHPC,"Painting and other Miscellaneous repair works at Dam body of Baira Dam, BSPS",Unclassified,,,,Unknown,https://www.nhpcindia.com/welcome/tender,NH/BSPS/CC/CW/22/2024-25/234,Tender,,,,No,2026-09-04,2026-09-04,NEW
b25227a7542f,NHPC,"Premix Carpeting and allied Protection Works of Power House Roads and painting and re-writing of sign/welcome boards of all roads at BSPS, Surangani",Unclassified,,,,Unknown,https://www.nhpcindia.com/welcome/tender,NH/BSPS/CC/CW/27/2024-25/232,Tender,,,,No,2026-09-04,2026-09-04,NEW
69f1476d5163,NHPC,Purchase of Safety Relief Valves- Spring Loaded,Unclassified,,,,Unknown,https://www.nhpcindia.com/welcome/tender,GEM/2024/B/5351929 Dated 04.09.2024,Tender,,,,No,2026-09-04,2026-09-04,NEW
192181c0f576,NHPC,R & M of Downstream Concrete Apron at Siul Weir by providing HPC(M-65) & Concrete M-25 at BSPS Surangani,Unclassified,,,,Unknown,https://www.nhpcindia.com/welcome/tender,NH/BSPS/CC/CW/26/2024-25/230,Tender,,,,No,2026-09-04,2026-09-04,NEW
5908287f100e,NHPC,Purchase of Tyres,Unclassified,,,,Unknown,https://www.nhpcindia.com/welcome/tender,"GEM/2024/B/5368287, Dated 09.09.2024",Tender,,,,No,2026-09-04,2026-09-04,NEW
8d580ec7a94d,NHPC,"Additional Geological Exploratory Drilling of 05 Nos. holes (DDH-48,49,50,51,52) at Kamala HE Project, Tamen, Arunachal Pradesh",Unclassified,,Arunachal Pradesh,,Unknown,https://www.nhpcindia.com/welcome/tender,2024_NHPC_824995_1,Tender,,,,No,2026-09-04,2026-09-04,NEW
de79caffc06c,NHPC,"Erosion control measures on the Left bank of River Subansiri by providing RCC Jack Jetty adjacent to village Muroliya (RD66.55KM to 67.55KM), Beyond 30KM(1000m)",Unclassified,,,,Unknown,https://www.nhpcindia.com/welcome/tender,NH/SLP/CONT/2024/C-18/NIT/145,NIT,,,,No,2026-09-04,2026-09-04,NEW
004a82ea0d00,NHPC,Purchase of U- cup seals of shaft seal system of Francis Turbine of Uri-II Power House,Unclassified,,,,Unknown,https://www.nhpcindia.com/welcome/tender,GEM/2024/B/5299015,Tender,,,,No,2026-09-04,2026-09-04,NEW
59c2a556af66,NHPC,"Erosion control measures on the Left bank of River Subansiri by providing RCC Jack Jetty adjacent to village Nahorani (RD43.20KM to 44.20KM), Beyond 30KM(1000m)",Unclassified,,,,Unknown,https://www.nhpcindia.com/welcome/tender,NH/SLP/CONT/2024/C-16/NIT/144,NIT,,,,No,2026-09-04,2026-09-04,NEW
834b7a2309f0,NHPC,"Providing and Fixing of Aluminium/Glass Cabins and partition work at Machine hall floor,Generator floor,Turbine floor and GIS floor of Parbati-H.E. Project (Stage-II), (Package No-C-772)",Unclassified,,,,Unknown,https://www.nhpcindia.com/welcome/tender,2024_NHPC_ 824822 _1,Tender,,,,No,2026-09-04,2026-09-04,NEW
f4dc3766007f,NHPC,"Replacement of Maintenance and Service Seal of MIV of 01 nos Generating Unit of Sewa-II Power Station, Mashka, Distt.-Kathua (J&K) (MW-649)",Unclassified,,Jammu and Kashmir,,Unknown,https://www.nhpcindia.com/welcome/tender,NH/Sewa-II/Contracts/MW-649/2024/NIT-12/452 Dated: 07.09.2024,NIT,,,,Yes,2026-09-04,2026-09-04,NEW
eff69519362e,NHPC,"Repair, Maintenance and panting work of temporary D-Type quarters from D1 to D4 of Chamera-II Power Station, Karian, Chamba(H.P)",Unclassified,,,,Unknown,https://www.nhpcindia.com/welcome/tender,2024_NHPC_824626_1,Tender,,,,No,2026-09-04,2026-09-04,NEW
04ff7091d1cb,NHPC,Repair along with HP-HVOF coating of Runner (1 Nos.) and Guidevane set (2 sets) for 3X100 MW Francis hydro turbines of Chamera-II Power Station.,Hydro,100.0,,,Unknown,https://www.nhpcindia.com/welcome/tender,2024_NHPC_ 824245_1,Tender,,,100 MW,Yes,2026-09-04,2026-09-04,NEW
776b9be0bf3e,NHPC,"Minor repair of guide vanes through welding, grinding and machining of parbati III power station, Behali",Unclassified,,,,Unknown,https://www.nhpcindia.com/welcome/tender,NH/PPS-III/NIT/PR11924/81/1/179 Dated: 05-09-2024,NIT,,,,No,2026-09-04,2026-09-04,NEW
bbc5ca52f2a6,NHPC,Internal repairing and painting of the Administrative Building and other miscellaneous work at Regional Office-Siliguri,Unclassified,,,,Unknown,https://www.nhpcindia.com/welcome/tender,NH/RO(Slg)/PR15324/66/07 दिनांक : 05/09/2024,Tender,,,,No,2026-09-04,2026-09-04,NEW
4fb38a8839bc,NHPC,Annual Maintenance Contract of Xerox make Photocopiers installed at Sewa-II Power Station (SC-653),Unclassified,,,,Unknown,https://www.nhpcindia.com/welcome/tender,GEM/2024/B/5352363 Dated 05.09.2024,Tender,,,,No,2026-09-04,2026-09-04,NEW
038b4db4d83f,NHPC,Hiring of Services for Watch & Ward of Office & Various Project Establishment of Dibang Multipurpose Project at Roing and Project Sites for 12 months under DGR sponsored Security Agency,Unclassified,,,,Unknown,https://www.nhpcindia.com/welcome/tender,NH/DMP/PNC/NIT/2024/6,NIT,,,,No,2026-09-04,2026-09-04,NEW
bc325c8693ee,NHPC,Erection of new Rubber seals after removal of old damaged seals of 03 nos. Spillway Radial gates at Dam of Parbati HE Project (Stage-II)” (Package No. C-773).,Unclassified,,,,Unknown,https://www.nhpcindia.com/welcome/tender,2024_NHPC_824348_1,Tender,,,,No,2026-09-04,2026-09-04,NEW
bf9ac71b975d,NHPC,"Dewatering of surface penstock at two (02) locations during replacement of expansion joint at Sewa-II Power Station, Mashka, Distt.-Kathua (J&K) (MW-652)",Unclassified,,Jammu and Kashmir,,Unknown,https://www.nhpcindia.com/welcome/tender,NH/Sewa-II/Contracts/MW-652/2024/NIT-11/447 Dated: 04.09.2024,NIT,,,,Yes,2026-09-04,2026-09-04,NEW
edbf433c525a,NHPC,Providing services for Routine Electrical Maintenance work of Electro- mechanical systems of Teesta-V Power House excluding Annual /Capital Maintenance works of Units and associated system for smooth running of (3 x170 )MW generating units and Associated,Unclassified,,,,Unknown,https://www.nhpcindia.com/welcome/tender,NH/TSV/Cont/RM-191/NIT-948/2024-25/179 Dated: 03/09/2024,NIT,,,,Yes,2026-09-04,2026-09-04,NEW
d3c84c2f4efb,NHPC,"Repairing of Loktak-Leimatak road from Jeevan Nagar to Power House Colony at Leimatak, Loktak Project.",Unclassified,,,,Unknown,https://www.nhpcindia.com/welcome/tender,NIT-1045 (O),NIT,,,,No,2026-09-04,2026-09-04,NEW
c6ce2174171d,NHPC,"Supply, Installation and AMC of Automatic Water Level Recorder(AWLR) and Velocity Sensor for Early Warning System (AWS) for Gauge and Flow meter site at Jiwa,Hurla,Manihar,Pancha and Jigrai Nallah along with TRC of PHEP-II,Pkg.No.-C-765",Unclassified,,,,Unknown,https://www.nhpcindia.com/welcome/tender,2024_NHPC_824132_1,Tender,,,,No,2026-09-04,2026-09-04,NEW
8fc04092f373,NHPC,"Repairing of Loktak-Leimatak road from Tiddim Gate to Pump House at Awang Bazar and road from Tiddim Gate to Bamboo Trash Rack, Loktak Project.",Unclassified,,,,Unknown,https://www.nhpcindia.com/welcome/tender,NIT-1044 (O),NIT,,,,No,2026-09-04,2026-09-04,NEW
758e3f053fef,NHPC,Providing and Fixing Aluminium Composite Panelling and Wooden Panelling along with Flooring & False Ceiling in designated area of Power House of Parbati HE Project (Stage-II) (Package No. C-770).,Unclassified,,,,Unknown,https://www.nhpcindia.com/welcome/tender,2024_NHPC_823693_1,Tender,,,,No,2026-09-04,2026-09-04,NEW
7da909b2281f,NHPC,"Repairing of damaged spillway and invert of Intake Tunnel at Jiwa Nallah Trench Weir site of Parbati-H.E. Project (Stage-II), (Package No-C-774)",Unclassified,,,,Unknown,https://www.nhpcindia.com/welcome/tender,NH/PP-II/P&C/Pkg. No. C-774/2024/10856,Tender,,,,No,2026-09-04,2026-09-04,NEW
2302be06eb6e,NHPC,Restoration of main water supply line from natural sources to water tank with related protection work and footpath at Sewa-II Power Station (CW-651),Unclassified,,,,Unknown,https://www.nhpcindia.com/welcome/tender,NH/Sewa-II/Contracts/CW-651/2024/NIT-10/440 Dated: 02.09.2024,NIT,,,,No,2026-09-04,2026-09-04,NEW
baf398d2ff1f,NHPC,Cleaning and maintenance of Nowpora complex for Uri-II Power Station,Unclassified,,,,Unknown,https://www.nhpcindia.com/welcome/tender,GEM/2024/B/5335888,Tender,,,,No,2026-09-04,2026-09-04,NEW
c74dc54a56e8,NHPC,"Construction of View cutter between Main Gate to Jama Maszid due to Securities concern at barrage complex area, Boniyar of Uri Power Station",Unclassified,,,,Unknown,https://www.nhpcindia.com/welcome/tender,NH/UPS/PCS/C-92/NIQ-82/194 Dated 02.09.2024,Tender,,,,No,2026-09-04,2026-09-04,NEW
25c15d8c610f,NHPC,"Ceramic coating on spiral case, stay vanes and stay ring of U # 2 & U# 3 of Dulhasti Power Station",Unclassified,,,,Unknown,https://www.nhpcindia.com/welcome/tender,NH/DPS/CONT/NIT-213/2024/E125911 dated 30.08.2024,NIT,,,,No,2026-09-04,2026-09-04,NEW
c2ab996bcf05,NHPC,Restoration of Damaged Protection/Retaining Wall due to heavy rains at Wireless colony and near Guest House of BSPS,Unclassified,,,,Unknown,https://www.nhpcindia.com/welcome/tender,NH/BSPS/CC/CW/23/2024-25/222,Tender,,,,No,2026-09-04,2026-09-04,NEW
2b48b1916312,NHPC,Reservoir Rim Treatment work near Zang village from RD ±1150M of Dam axis to RD ±1600M & RD ±615M of Dam axis to RD ±625M upstream of Dam axis of Teesta-V Power Station,Unclassified,,,,Unknown,https://www.nhpcindia.com/welcome/tender,NH/TSV/Cont/CC-333/NIT-947/2024-25/164 Dated: 30/08/2024,NIT,,,,No,2026-09-04,2026-09-04,NEW
5a5f6968be09,NHPC,"Hiring of services for Transportation and Lab Testing of Sediment Samples & reporting of data for West Seti H. E. Project, Sudur Paschim Province, Nepal. (WS-10)",Unclassified,,,,Unknown,https://www.nhpcindia.com/welcome/tender,NHPC_WS-10/2024,Tender,,,,No,2026-09-04,2026-09-04,NEW
82ba5ef5992b,NHPC,"Round the Clock Maintenance of E&M Plant and Machinery at Power House, Transformer Cavern, Valve House and Switchyard of 3x110 MW Kishanganga Power Station, Bandipora, J &K (PKG-493).",Round-the-Clock / CfD / Trading,110.0,,,Unknown,https://www.nhpcindia.com/welcome/tender,GEM/2024/B/5208466,Tender,,,110 MW,Yes,2026-09-04,2026-09-04,NEW
db5abdfd51ed,NHPC,Shaft Seal lower wearing ring,Unclassified,,,,Unknown,https://www.nhpcindia.com/welcome/tender,GEM/2024/B/5232232,Tender,,,,No,2026-09-04,2026-09-04,NEW
a012d9cfd72d,NHPC,"“Hiring of Expert from GEPIL for Repair/ Modification /Tuning/ maintenance /Upgradation works of Generator/ Turbine/ MIV/ Governing System/ SCADA/ Excitation System for Year 2025 on requirement basis at Power House, Uri-II Power Station",Unclassified,,,,Unknown,https://www.nhpcindia.com/welcome/tender,GEM/2023/B/5294886,Tender,,,,No,2026-09-04,2026-09-04,NEW
989a4d0ac00f,NHPC,Condition monitoring test on HV Equipment at NHPC Uri-II Power Station,Unclassified,,,,Unknown,https://www.nhpcindia.com/welcome/tender,GEM/2024/B/5213722,Tender,,,,No,2026-09-04,2026-09-04,NEW
7d50b69a618f,NHPC,Procurement/laying/installation/hardware And Splicing Of New ADSS 24 Optical Fiber Cable,Unclassified,,,,Unknown,https://www.nhpcindia.com/welcome/tender,GEM/2024/B/5102784,Tender,,,,No,2026-09-04,2026-09-04,NEW
90215ed0d570,NHPC,"Pest Control Management & Termite Treatment for Subansiri Lower Project, Gerukamukh",Unclassified,,,,Unknown,https://www.nhpcindia.com/welcome/tender,NH/SLP/CONT/2024/C-25/NIT/139,NIT,,,,No,2026-09-04,2026-09-04,NEW
406f9314de80,NHPC,"Roof Treatment of Administrative Building at SLP, Gerukamukh",Unclassified,,,,Unknown,https://www.nhpcindia.com/welcome/tender,NH/SLP/CONT/2024/C-21/NIT/138,NIT,,,,No,2026-09-04,2026-09-04,NEW
f7a653d6568d,NHPC,Running and Maintenance of Project Dispensary Samdong for the period of 2-Years,Unclassified,,,,Unknown,https://www.nhpcindia.com/welcome/tender,NH/TSV/Cont/RM-198/NIT-946/2024-25/163 Dated: 29/08/2024,NIT,,,,No,2026-09-04,2026-09-04,NEW
0ef147b50786,NHPC,Running and Maintenance of Project Hospital at Balutar for the period of 2-Years,Unclassified,,,,Unknown,https://www.nhpcindia.com/welcome/tender,NH/TSV/Cont/RM-196/NIT-945/2024-25/162 Dated: 28/08/2024,NIT,,,,No,2026-09-04,2026-09-04,NEW
730ae510212c,NHPC,"Supply, Installation, Testing and Commissioning of GLOF (Glacier lake Outburst Flood) warning system at Gurez of Kishanganga Power Station, Bandipora, J&K (PKG-496)",Unclassified,,Jammu and Kashmir,,Unknown,https://www.nhpcindia.com/welcome/tender,2024_NHPC_823175_1,Tender,,,,No,2026-09-04,2026-09-04,NEW
839d5606aaa1,NHPC,"Fabrication, Supply and Erection of 03 nos. modified Spillway Radial Gate Sill Beams at Dam of Parbati-H.E. Project (Stage-II), (Package No-C-767)",Unclassified,,,,Unknown,https://www.nhpcindia.com/welcome/tender,NH/PP-II/P&C/Pkg. No. C-767/2024/10847,Tender,,,,No,2026-09-04,2026-09-04,NEW
99ce28dfbba8,NHPC,"Repairing of damaged protection wall behind Aeon cafeteria at CPS -1,Khairi.",Unclassified,,,,Unknown,https://www.nhpcindia.com/welcome/tender,NH/CPS-1/P&C/W-1463/2024-25/427 Dated: 28/08/2024 (2024_NHPC_823149_1),Tender,,,,No,2026-09-04,2026-09-04,NEW
4ae0860158cb,NHPC,"Procurement of Differential Global Positioning System (DGPS) for Subansiri Upper HEP, Arunachal Pradesh",Unclassified,,Arunachal Pradesh,,Unknown,https://www.nhpcindia.com/welcome/tender,GEM/2024/B/5302404,Tender,,,,No,2026-09-04,2026-09-04,NEW
f0f08bd519ec,NHPC,"Repair and Maintenance of road from NH-1A to Surge Shaft and NH-1A to DTGH of Uri-II Power Station, JK",Unclassified,,,,Unknown,https://www.nhpcindia.com/welcome/tender,2024_NHPC_823073_1,Tender,,,,No,2026-09-04,2026-09-04,NEW
e7fcd241e12a,NHPC,"Repair of Damaged Drainage & Dewatering Submersible Pumps of AQUA make of Dulhasti Power House, DPS, Kishtwar",Unclassified,,,,Unknown,https://www.nhpcindia.com/welcome/tender,NH/DPS/CONT/NIT-204/2024/E122707dated 28.08.2024,NIT,,,,No,2026-09-04,2026-09-04,NEW
3ca9da893313,NHPC,"Purchase of welding consumable items for turbine section, pipe & pumping section, auxiliary section, Generator section and workshop section dhyangarh etc of Salal Power House",Unclassified,,,,Unknown,https://www.nhpcindia.com/welcome/tender,GEM/2024/B/5313116,Tender,,,,No,2026-09-04,2026-09-04,NEW
beb8c5ec5ed4,NHPC,"Repair of Damaged Drainage & Dewatering Submersible Pumps of Sulzer Make of Dulhasti Power House, DPS, Kishtwar",Unclassified,,,,Unknown,https://www.nhpcindia.com/welcome/tender,NH/DPS/CONT/NIT-203/2024/E122665 dated 28.08.2024,NIT,,,,No,2026-09-04,2026-09-04,NEW
c4b0cbbb9b43,NHPC,"Repair and maintenance work including painting of footpaths along Colony Road, NHPC, Vidyut Nagar, Siliguri",Unclassified,,,,Unknown,https://www.nhpcindia.com/welcome/tender,NH/RO(Slg)/PR15324/58/06 दिनांक :27/08/2024,Tender,,,,No,2026-09-04,2026-09-04,NEW
7215e9582984,NHPC,Repair and Painting of car parking shed in parking area near office building at Vidyut Nagar Colony,Unclassified,,,,Unknown,https://www.nhpcindia.com/welcome/tender,NH/RO(Slg)/PR15324/60/05 दिनांक : 27/08/2024,Tender,,,,No,2026-09-04,2026-09-04,NEW
06ea695884bc,NHPC,"Repair & Maintenance of Water Proofing Treatment of roof for 13 Nos. B- Type Quarters, C-17 to C-40 & D-01 to D-44 at Jyotipuram Colony in Salal Power Station",Unclassified,,,,Unknown,https://www.nhpcindia.com/welcome/tender,NH/SPS/CD/NIT-201/2024-25/466-475,NIT,,,,No,2026-09-04,2026-09-04,NEW
d37e80d7692a,NHPC,Casting of tetra pods and other repair works at TRT outlet site of Salal Power Station,Unclassified,,,,Unknown,https://www.nhpcindia.com/welcome/tender,NH/SPS/CD/NIT-202/2024-25/492-501,NIT,,,,No,2026-09-04,2026-09-04,NEW
5d994e2a8c44,NHPC,"Hiring of manpower for operation, maintenance & up keeping of Kishanganga Dam Toe Power House, Gurez, Bandipora, J & K (PKG-495).",Unclassified,,,,Unknown,https://www.nhpcindia.com/welcome/tender,GEM/2024/B/5217359,Tender,,,,No,2026-09-04,2026-09-04,NEW
76e4f15ef0e6,NHPC,"Providing assistance to Running and Maintenance of Mashka- Siara road i/c Adit-iv & Surge shaft road, internal roads of colony at Sewa-II Power Station Mashka (J&K) for a period of 02 years (SC-650)",Unclassified,,Jammu and Kashmir,,Unknown,https://www.nhpcindia.com/welcome/tender,GEM/2024/B/5312731 Dated 24.08.2024,Tender,,,,No,2026-09-04,2026-09-04,NEW
54b1e30a1722,NHPC,"Supply, Installation, testing and commissioning of main cooling water pump Motor set (Split casing pump motor set instead of vertical pump motor set) of Chamera-I Power Station.",Unclassified,,,,Unknown,https://www.nhpcindia.com/welcome/tender,NH/CPS-1/P&C/W-1422/2024-25/405 Dated:- 19/08/2024 (2024_NHPC_821866_1),Tender,,,,No,2026-09-04,2026-09-04,NEW
ae18dda17f47,NHPC,"Construction of one educational block building for Army Goodwill School at Army Brigade Area, Gurez, Bandipora, J&K (PKG-484).",Unclassified,,Jammu and Kashmir,,Unknown,https://www.nhpcindia.com/welcome/tender,2024_NHPC_822618_1,Tender,,,,No,2026-09-04,2026-09-04,NEW
0271dc86e476,NHPC,Purchase of spare TR10 Actuator and MDV for Salal Power Station,Unclassified,,,,Unknown,https://www.nhpcindia.com/welcome/tender,GEM/2024/B/5288158,Tender,,,,No,2026-09-04,2026-09-04,NEW
d7e581743778,NHPC,Procurement of Spare Server and PNI800 (Plant Network Interface Module) for SCADA system manufactured and installed by M/s ABB in the generating unit of Salal Power Station.,Unclassified,,,,Unknown,https://www.nhpcindia.com/welcome/tender,GEM/2024/B/5289634,Tender,,,,No,2026-09-04,2026-09-04,NEW
61310c19129b,NHPC,Exploratory Drilling Works of one hole of 165m depth at Left Bank of river near Dam Axis to establish grouting requirement by carrying out groutability testing for Subansiri Upper Project (1605MW),Unclassified,1605.0,,,Unknown,https://www.nhpcindia.com/welcome/tender,2024_NHPC_822125_1,Tender,,,1605 MW,No,2026-09-04,2026-09-04,NEW
36426e0691fd,NHPC,"“Providing Services for Running & Maintenance of Housekeeping/Upkeeping of Bachelor Accommodations (Sr. Executive Field Hostel cum Guest House, Executive Field Hostel and Transit Camp) at Itanagar.",Unclassified,,,,Unknown,https://www.nhpcindia.com/welcome/tender,GEM/2024/B/5274136,Tender,,,,No,2026-09-04,2026-09-04,NEW
26721cd8f660,NHPC,Monetization of Free Cash component (Return on Equity) of Dulhasti Power Station for next eight-year in single tranche during FY 2024-2025,Unclassified,,,,Unknown,https://www.nhpcindia.com/welcome/tender,NH/CCW/CC-II/CO335/PR10024/177,Tender,,,,No,2026-09-04,2026-09-04,NEW
5601b5050c79,NHPC,"Supply Installation and Annual maintenance of LED Display board at Nagwain, Parbati HE Project (Stage-II)” (Package No. C-741A).",Unclassified,,,,Unknown,https://www.nhpcindia.com/welcome/tender,NH/PP-II/P&C/Pkg. No. C-741A/2024,Tender,,,,No,2026-09-04,2026-09-04,NEW
3d7a06dec071,NHPC,"Repair/Renovation of Intake and Pump House situated near Power House, Loktak Power Station, Leimatak, Manipur of Loktak Project, Manipur.",Unclassified,,Manipur,,Unknown,https://www.nhpcindia.com/welcome/tender,NIT-1043 (O),NIT,,,,No,2026-09-04,2026-09-04,NEW
775b7d08dc90,NHPC,Construction of STP Sheds and other allied works of Power House near TRC area at BSPS Surangani,Unclassified,,,,Unknown,https://www.nhpcindia.com/welcome/tender,NH/BSPS/CC/CW/14/2024-25/208,Tender,,,,No,2026-09-04,2026-09-04,NEW
1d4ba442a19b,NHPC,"Bush Cutting on hill slopes at Surge Shaft, Valve House, Switch Yard, Power House area and other area at BSPS, Surangani",Unclassified,,,,Unknown,https://www.nhpcindia.com/welcome/tender,NH/BSPS/CC/CW/24/2024-25/206,Tender,,,,No,2026-09-04,2026-09-04,NEW
4489149d841a,NHPC,Insurance coverage of outstanding Children Higher Education Advance under NHPC Employees Children Higher Education Advance Group Insurance Scheme” for a period of one year from 19.09.2024 to 18.09.2025,Unclassified,,,,Unknown,https://www.nhpcindia.com/welcome/tender,NH/CCW/CC-II/CO-333/PR10024/134,Tender,,,,No,2026-09-04,2026-09-04,NEW
96348046505f,NHPC,Insurance coverage for outstanding House Building Advance under NHPC Employees (HBA) Group Insurance Scheme for a period of one year (14-09-2024 to 13-09-2025),Unclassified,,,,Unknown,https://www.nhpcindia.com/welcome/tender,GEM/2024/B/5307969,Tender,,,,No,2026-09-04,2026-09-04,NEW
f1132fd97a81,NHPC,"Exploratory drilling, driving & reaming of Nx size drill holes with Diamond core drilling machine using Double Tube/Triple Tube core barrel at Underground Powerhouse Location of West Seti H.E. Project, District-Doti, Sudur Paschim Province, Nepal",Unclassified,,,,Unknown,https://www.nhpcindia.com/welcome/tender,NHPC_WS-09/2024,Tender,,,,No,2026-09-04,2026-09-04,NEW
07b983ae441d,NHPC,"Repair and maintenance of CISF accommodation at K.T. Camp, Sewa-II Power Station (CW-644)",Unclassified,,,,Unknown,https://www.nhpcindia.com/welcome/tender,NH/Sewa-II/Contracts/CW-644/2024/NIT-09/416 Dated: 19.08.2024,NIT,,,,No,2026-09-04,2026-09-04,NEW
cb944567c65e,NHPC,Repair of Sill beam and side plates of Under Sluice Gates of DAM CPS-1.,Unclassified,,,,Unknown,https://www.nhpcindia.com/welcome/tender,NH/CPS-1/P&C/W-1459/2024-25/402 Dated: 17/08/2024,Tender,,,,No,2026-09-04,2026-09-04,NEW
4b08c1c4e548,NHPC,Procurement of multifunction printers for Subansiri Upper Project.,Unclassified,,,,Unknown,https://www.nhpcindia.com/welcome/tender,GEM/2024/B/5106652,Tender,,,,No,2026-09-04,2026-09-04,NEW
1d13be0c8f41,NHPC,Painting and other Miscellaneous repair works of CISF Barack/Mess at Baira Dam of BSPS,Unclassified,,,,Unknown,https://www.nhpcindia.com/welcome/tender,NH/BSPS/CC/CW/17/2024-25/199,Tender,,,,No,2026-09-04,2026-09-04,NEW
bccf251717d6,NHPC,"Hiring of Architectural Consultancy Services for the development of office, Guest Houses and Township of NHPC Regional Office Cum Residential Complex at Hollongi Airport Project Development Area, Kokola, under Balijan Circle, Papum Pare, Arunachal Pradesh",Unclassified,,Arunachal Pradesh,,Unknown,https://www.nhpcindia.com/welcome/tender,GEM/2024/B/5144189,Tender,,,,No,2026-09-04,2026-09-04,NEW
a6ce5e9c36b5,NHPC,"Protection work of boundary wall by gabion structure at Garsa office complex of Parbati-H.E. Project (Stage-II), (Package No-C-766)",Unclassified,,,,Unknown,https://www.nhpcindia.com/welcome/tender,NH/PP-II/P&C/Pkg. No. C-766/2024/10834,Tender,,,,No,2026-09-04,2026-09-04,NEW
e8afdbded82c,NHPC,Painting and minor repairing of tiles of different areas of Dulhasti Power House,Unclassified,,,,Unknown,https://www.nhpcindia.com/welcome/tender,NH/DPS/CONT/NIT-206/2024/E121034 dated 16.08.2024,NIT,,,,No,2026-09-04,2026-09-04,NEW
d685bc412f2d,NHPC,"Renovation of electrical work of Bursar Guest House in DSB Colony of Dulhasti Power Station at DPS, Kishtwar",Unclassified,,,,Unknown,https://www.nhpcindia.com/welcome/tender,NH/DPS/CONT/NIT-210/2024/E121660 dated 14.08.2024,NIT,,,,No,2026-09-04,2026-09-04,NEW
cec8f294eef2,NHPC,Purchase of Cartridge and Toner for Canon Photocopiers / Printers for Parbati III PS,Unclassified,,,,Unknown,https://www.nhpcindia.com/welcome/tender,GEM/2024/B/5191709,Tender,,,,No,2026-09-04,2026-09-04,NEW
b285efeba412,NHPC,Rate Contract of Medicines for 2 years for Teesta-V Power Station,Unclassified,,,,Unknown,https://www.nhpcindia.com/welcome/tender,NIT No. NH/TSV/RC/NIT-MS011/12/40 Dated: 13-08-2024 & Tender Id: 2024_NHPC_821169_1,NIT,,,,No,2026-09-04,2026-09-04,NEW
d44c82be3765,NHPC,"Clearing of Jungle on the Downstream face of Rock-fill Dam and V-notch area at Dhyangarh, Salal Power station for the year 2024-2025",Unclassified,,,,Unknown,https://www.nhpcindia.com/welcome/tender,NH/SPS/CD/NIT-10/2024-25/447-457(Tender ID 2024_NHPC_820865_1),NIT,,,,No,2026-09-04,2026-09-04,NEW
e7e90fbeee22,NHPC,"Repair, Development and other Misc. works in the surrounding areas of D-Type Field Hostel, B-Type Bachelor accommodation of Salal Power Station”.",Unclassified,,,,Unknown,https://www.nhpcindia.com/welcome/tender,NH/SPS/CD/NIT-08/2024-25/436-446 (Tender ID 2024_NHPC_820797),NIT,,,,No,2026-09-04,2026-09-04,NEW
3770ad2ccbc0,NHPC,Repairing of 02 Nos Multistage case booster pump WL 100/4 and 02 Nos 3 (Three) Phase induction motor 170 HP (125 KW) at Shalimar Pumping Station at DPS Kishtwar,Unclassified,0.125,,,Unknown,https://www.nhpcindia.com/welcome/tender,NH/DPS/CONT/NIT-205/2024/E112876 dated 13.08.2024,NIT,,,125 KW,No,2026-09-04,2026-09-04,NEW
2b36de6a897b,NHPC,Annual Maintenance Work of two Units of Sewa-II Power House (3X40MW) for the period of 02 years i.e. for FY 2024-25 & 2025-26 (EW-643),Unclassified,40.0,,,Unknown,https://www.nhpcindia.com/welcome/tender,NH/Sewa-II/Contracts/EW-643/2024/NIT-08/414 Dated: 12.08.2024,NIT,,,40 MW,No,2026-09-04,2026-09-04,NEW
2e22c7351ae0,NHPC,Replacement of old centralized ductable AC system of Regional Office Chandigarh with new VRV/VRF air conditioner (hot & Cold),Unclassified,,Chandigarh,,Unknown,https://www.nhpcindia.com/welcome/tender,GEM/2024/B/5141556,Tender,,,,No,2026-09-04,2026-09-04,NEW
728407f368dd,NHPC,"Repair & maintenance of existing Old water supply GI PIPE Line at Balutar colony Right bank, NHPC Teesta-V Power Station",Unclassified,,,,Unknown,https://www.nhpcindia.com/welcome/tender,NH/TSV/Cont/CC-324/NIT-944/2024-25/145 Dated: 12/08/2024,NIT,,,,No,2026-09-04,2026-09-04,NEW
d7882538da10,NHPC,Dry ice Cryogenic cleaning of Stator & painting on Stator,Unclassified,,,,Unknown,https://www.nhpcindia.com/welcome/tender,NIT No. NH/TSV/Cont/EC-151/NIT-943/2024-25/144 Dated: 10/08/2024 & E-Tender id: 2024_NHPC_820913_1,NIT,,,,No,2026-09-04,2026-09-04,NEW
45d9bdcaf1cd,NHPC,AMC of MC-Monitoring make vibration monitoring system installed at Power House of Chamera Power Station-1.,Unclassified,,,,Unknown,https://www.nhpcindia.com/welcome/tender,GEM/2024/B/5268779,Tender,,,,No,2026-09-04,2026-09-04,NEW
a59362cc8d57,NHPC,Purchase of (01) Autodesk Civil 3D 2025 Commercial New Single-user ELD 3-Year Subscription.,Unclassified,,,,Unknown,https://www.nhpcindia.com/welcome/tender,GEM/2024/B/5200172,Tender,,,,No,2026-09-04,2026-09-04,NEW
812d7dc55f38,NHPC,M4 Maintenance of Unit Bays of 400 KV GIS of Chamera-II Power Station1.,Unclassified,,,,Unknown,https://www.nhpcindia.com/welcome/tender,GEM/2024/B/5108720,Tender,,,,No,2026-09-04,2026-09-04,NEW
f13e05c4cd6a,NHPC,"Channelizing of river bed by silt removal/Dredging ahead of TRC in the downstream at TLD-III PS, Rambi",Unclassified,,,,Unknown,https://www.nhpcindia.com/welcome/tender,2024_NHPC_820467_1,Tender,,,,No,2026-09-04,2026-09-04,NEW
03fada4dae4f,NHPC,Restoration of damaged/wash out portion-Suite no: 3 & balcony portion of Room No 1 & 2 of VIP Guest House at Sapangni colony of Parbati-III Power Station,Unclassified,,,,Unknown,https://www.nhpcindia.com/welcome/tender,NH/PPS-III/NIT/PR11924/09/1/157 dated 08/08/2024,NIT,,,,No,2026-09-04,2026-09-04,NEW
687e8540d44b,NHPC,Providing assistance in Operation and Maintenance of Gauge & Discharge site at Sarthali of Sewa-II Power Station for a period of 02 years (SC-631),Unclassified,,,,Unknown,https://www.nhpcindia.com/welcome/tender,GEM/2024/B/5250000 Dated 08.08.2024,Tender,,,,No,2026-09-04,2026-09-04,NEW
a2625c5be80e,NHPC,"Replacement of Old damaged pipeline of Left Bank Colony at Teesta-V Power Station, Balutar",Unclassified,,,,Unknown,https://www.nhpcindia.com/welcome/tender,NH/TSV/Cont/CC-332/NIT-942/2024-25/138 Dated: 07/08/2024,NIT,,,,No,2026-09-04,2026-09-04,NEW
afbdee8d2306,NHPC,"Protection and Fencing of NHPC Land Located in Revenue Villages of Hillerpernia, Mohura and Parampillan",Unclassified,,,,Unknown,https://www.nhpcindia.com/welcome/tender,NH/UPS/PCS/C-102/NIQ-88/184 Dated: 25.07.2024,Tender,,,,No,2026-09-04,2026-09-04,NEW
a797ec75163d,NHPC,Modification and repair work of main entrance gate of Gingal Complex and CISF C-Barracks,Unclassified,,,,Unknown,https://www.nhpcindia.com/welcome/tender,NH/UPS/PCS/C-99/NIQ-87/179 Dated 15.07.2024,Tender,,,,No,2026-09-04,2026-09-04,NEW
4a20d62b6be2,NHPC,Cleaning of water storage tanks at various locations of Sewa-II Power Station (For 02 years) (SC-637),Unclassified,,,,Unknown,https://www.nhpcindia.com/welcome/tender,GEM/2024/B/5249654 Dated 06.08.2024,Tender,,,,Yes,2026-09-04,2026-09-04,NEW
cc94fb955c02,NHPC,"Construction of Footpath between view point to DGR Morcha at Barrage Complex Area, Boniyar of Uri Power Station",Unclassified,,,,Unknown,https://www.nhpcindia.com/welcome/tender,NH/UPS/PCS/C-95/NIQ-85/187 Dated 01.08.2024,Tender,,,,No,2026-09-04,2026-09-04,NEW
9b83bba28254,NHPC,Repair work of Damaged Boniyar Nallah Culvert of Barrage at Uri Power Station,Unclassified,,,,Unknown,https://www.nhpcindia.com/welcome/tender,NH/UPS/PCS/C-94/NIQ-84/182 Dated 18.07.2024,Tender,,,,No,2026-09-04,2026-09-04,NEW
78bbf367ba3b,NHPC,Comprehensive Annual Maintenance Contract for Matrix make EPABX Communication Servers installed at Teesta-V Power Station,Unclassified,,,,Unknown,https://www.nhpcindia.com/welcome/tender,NIT No. NH/TSV/Cont/EC-155/NIT-941/2024-25/99 Dated : 06/08/2024 & GEM Bid No. GEM/2024/B/5255592,NIT,,,,No,2026-09-04,2026-09-04,NEW
6cc52c62405c,NHPC,"Hiring of 01 No. of Innova GX 7S or higher version and 01 No. Mahindra Scorpio classic S-11, BS-6 or higher version for a period of 02(Two) years with driver but without fuel for deployment at Kamala HE Project, Boasimla, Distt. Kamle, Arunachal Pradesh",Unclassified,,Arunachal Pradesh,,Unknown,https://www.nhpcindia.com/welcome/tender,GEM/2024/B/5222227,Tender,,,,No,2026-09-04,2026-09-04,NEW
a83728b0ca61,NHPC,"The work of filling the cavity by laying stones in the downstream of gate number 01 to 06 of the spillway of Uri Power Station, Barrage",Unclassified,,,,Unknown,https://www.nhpcindia.com/welcome/tender,NH/UPS/PCS/C-93/NIQ-83/188 Dated 05.08.2024,Tender,,,,No,2026-09-04,2026-09-04,NEW
621939dca67f,NHPC,Demarcation and Protection of NHPC Land (Khadinyar Site Fencing),Unclassified,,,,Unknown,https://www.nhpcindia.com/welcome/tender,NH/UPS/PCS/C-91/NIQ-81/172 Dated: 15.06.2024,Tender,,,,No,2026-09-04,2026-09-04,NEW
741543a10d9e,NHPC,Purchase of various type of fasteners for TG units at Parbati III power Station,Unclassified,,,,Unknown,https://www.nhpcindia.com/welcome/tender,GEM/2024/B/5142098,Tender,,,,No,2026-09-04,2026-09-04,NEW
58006fbf1593,NHPC,"Repair and maintenance of 33 KV, 11 KV , LT network at Semna, Shalimar, Dul and Power House including Cleaning of Panel Rooms, substations of 132/33 kV, 33/11 kV, 11/0.415 kV at Semna, Shalimar & Hasti and related misc. works of DPS Kishtwar for a period of Two year",Unclassified,,,,Unknown,https://www.nhpcindia.com/welcome/tender,NH/DPS/CONT/NIT-208/2024/E121200 dated- 05.08.2024,NIT,,,,No,2026-09-04,2026-09-04,NEW
ee4b353fa223,NHPC,"General upkeeping and R&M of Transit camp Batote for a Period of 02 years (2024-25) & (2025-26) in Dulhasti Power Station, Kishtwar",Unclassified,,,,Unknown,https://www.nhpcindia.com/welcome/tender,NH/DPS/CONT/NIT-207/2024/E121867 dated- 05.08.2024,NIT,,,,No,2026-09-04,2026-09-04,NEW
1193d872b444,NHPC,Cleaning of debris and silt deposited inside the spiral casing and Penstock Area (MIV upstream upto 20 Mtr) of Teesta V Power Station,Unclassified,,,,Unknown,https://www.nhpcindia.com/welcome/tender,NH/TSV/Cont/CC-331/NIT-940/2024-25/132 Dated: 05/08/2024,NIT,,,,No,2026-09-04,2026-09-04,NEW
5681242f5e2c,NHPC,"Hiring of Mahindra Bolero BS-VI (O) or equivalent along with Driver for Dam Toe Power House, KGPS, Gurez, Bandipora for 2 years (PKG-488).",Unclassified,,,,Unknown,https://www.nhpcindia.com/welcome/tender,GEM/2024/B/5076080,Tender,,,,No,2026-09-04,2026-09-04,NEW
90e2320c1b34,NHPC,"Hiring of Mahindra Bolero BS-VI (O) or equivalent along with Driver for Power House, KGPS, Bandipora for 2 years (PKG-489).",Unclassified,,,,Unknown,https://www.nhpcindia.com/welcome/tender,GEM/2024/B/5078494,Tender,,,,No,2026-09-04,2026-09-04,NEW
d781160a8ed9,NHPC,"Hiring of Mahindra Bolero BS-VI (O) or equivalent along with Driver for CISF Unit, KGPS, Bandipora for 2 years (PKG-490)",Unclassified,,,,Unknown,https://www.nhpcindia.com/welcome/tender,GEM/2024/B/5078833,Tender,,,,No,2026-09-04,2026-09-04,NEW
fe3fc76be196,NHPC,Hiring of Three (03) nos. Mahindra Bolero model B4 (Diesel) or higher with driver and with fuel (reimbursable) for two years”- regarding,Unclassified,,,,Unknown,https://www.nhpcindia.com/welcome/tender,GEM/2024/B/5106180,Tender,,,,No,2026-09-04,2026-09-04,NEW
f71d24af8fe3,NHPC,Procurement of Hand GPS,Unclassified,,,,Unknown,https://www.nhpcindia.com/welcome/tender,GEM/2024/B/5213826,Tender,,,,No,2026-09-04,2026-09-04,NEW
f6ad8b4e5551,NHPC,Application of Surface Protective Hard Coating on Spiral Casing and DT Cone of three Generating units of BSPS,Unclassified,,,,Unknown,https://www.nhpcindia.com/welcome/tender,NH/BSPS/CC/PH/20/2024-25/180,Tender,,,,No,2026-09-04,2026-09-04,NEW
fc0e3027f619,NHPC,"Annual Maintenance of Two Nos. Hydro-generating units (Pelton Turbine) of 3X110 MW Kishanganga Power Station, Bandipora, J&K (PKG-492).",Hydro,110.0,Jammu and Kashmir,,Unknown,https://www.nhpcindia.com/welcome/tender,GEM/2024/B/5196393 Dated: 02.08.2024,Tender,,,110 MW,Yes,2026-09-04,2026-09-04,NEW
3f1bb04e031f,NHPC,"Repair and painting of Executive field hostel (inside), D-Type, D-Special and repair of damaged road in front of D-Type at Sapangni, Parbati-III Power Station",Unclassified,,,,Unknown,https://www.nhpcindia.com/welcome/tender,NH/PPS-III/NIT/PR11924/08/1/148 Dated: 02/08/2024,NIT,,,,No,2026-09-04,2026-09-04,NEW
4f545701366e,NHPC,"Supply, Installation, testing and commissioning of RECD as per CPCB norms on 2000/750 KVA Diesel Generating Set installed at NHPC Office Complex, Sector-33 & NHPC Residential Complex, Sector-41, Faridabad",Unclassified,,,,Unknown,https://www.nhpcindia.com/welcome/tender,GEM/2024/B/5024327,Tender,,,,No,2026-09-04,2026-09-04,NEW
bdd6482bbe7b,NHPC,"Running and Maintenance of Water Supply System at Left bank and Right bank colony, Balutar (FY 2024-26)",Unclassified,,,,Unknown,https://www.nhpcindia.com/welcome/tender,NH/TSV/Cont/RM-199/NIT-939/2024-25/129 Dated: 01/08/2024,NIT,,,,No,2026-09-04,2026-09-04,NEW
c2c98a136180,NHPC,"Up-keeping and Maintenance of Dam Control Room, Dam body open area, Concrete road, Galleries etc. in Dam Complex of Uri-II Power Station",Unclassified,,,,Unknown,https://www.nhpcindia.com/welcome/tender,GEM/2024/B/5197766,Tender,,,,No,2026-09-04,2026-09-04,NEW
6ed76f09ff52,NHPC,Internal electrification of temporary residential and office establishments at Right Bank Munli Camp.,Unclassified,,,,Unknown,https://www.nhpcindia.com/welcome/tender,NH/DMP/PNC/NIT/2024/5,NIT,,,,No,2026-09-04,2026-09-04,NEW
5017d0c6c9b5,NHPC,"Cleaning of jungle (bushes), removal of deposited soil and providing re-Connection of water supply pipe line from main storage water tank to Field Hostel, Type-C and administrative building at Pamphok, Teesta-VI H E Project, Sikkim.",Unclassified,,Sikkim,,Unknown,https://www.nhpcindia.com/welcome/tender,LTHPL/TSVI/PNC/NIT-34/2024/454,NIT,,,,Yes,2026-09-04,2026-09-04,NEW
f53a533e7b0f,NHPC,"Repairing of Cavity in Apron area, downstream of end sill at EL +1151.00 of Dam by way of HPC M25A40 at Sewa-II Power Station (CW-642)",Unclassified,,,,Unknown,https://www.nhpcindia.com/welcome/tender,NH/Sewa-II/Contracts/CW-642/2024/NIT-07/405 Dated: 30.07.2024,NIT,,,,No,2026-09-04,2026-09-04,NEW
ba8a754ee931,NHPC,Selection of Wind Power Developers for Supply of 600MW power from ISTS connected Wind Power Projects on anywhere in India basis under Tariff Based Competitive Bidding (TBCB) (NHPC-Tranche-VII-WIND (2024-25),Wind,600.0,,,Unknown,https://www.nhpcindia.com/welcome/tender,2024_NHPC_816303_1,Tender,,,600 MW,Yes,2026-09-04,2026-09-04,NEW
c9a33cbe6a47,NHPC,"General upkeeping and R & M of Guest House/Field Hostel including miscellaneous work for 02 years (2024-25) & (2025-26) in Dulhasti Power Station, Kishtwar.",Unclassified,,,,Unknown,https://www.nhpcindia.com/welcome/tender,NH/DPS/CONT/NIT-193/2024/E115374 dated- 30.07.2024,NIT,,,,No,2026-09-04,2026-09-04,NEW
16427bea9b68,NHPC,"Repairing and painting works of External & Internal Boundary wall at Vidyut Nagar Colony, Regional Office-Siliguri",Unclassified,,,,Unknown,https://www.nhpcindia.com/welcome/tender,NH/RO(Slg)/PR15324/27/04 दिनांक : 30/07/2024,Tender,,,,No,2026-09-04,2026-09-04,NEW
85db5f7451f7,NHPC,Providing and Fixing False Ceiling at Control Room and Conference Hall Ceiling & Epoxy Flooring at Service Bay and surrounding floor at Power House.,Unclassified,,,,Unknown,https://www.nhpcindia.com/welcome/tender,NH/SPS/CD/NIT-09/2024-25/366-375 Dated:29/07/2024 (Tender ID:2024_NHPC_ 818798_1),NIT,,,,No,2026-09-04,2026-09-04,NEW
7366d3091ded,NHPC,"Running and Maintenance of Administrative Building at Teesta-V Power Station, Balutar , FY 2024-26",Unclassified,,,,Unknown,https://www.nhpcindia.com/welcome/tender,NH/TSV/Cont/RM-195/NIT-938/2024-25/127 Dated: 29/07/2024,NIT,,,,No,2026-09-04,2026-09-04,NEW
201aedd48adb,NHPC,"Supply of TILT METER (WIRELESS) , MPBX (WIRELESS) , V-NOTCH , CRACK METER (WIRELESS) , DATA LOGGER , PRISM SURVEY TARGET , Installation Charge (including drilling charge)",Unclassified,,,,Unknown,https://www.nhpcindia.com/welcome/tender,GEM/2024/B/5013758,Tender,,,,No,2026-09-04,2026-09-04,NEW
7c2f40c01948,NHPC,SITC and Integration of new system with current CCTV Surveillance System as a single system,Unclassified,,,,Unknown,https://www.nhpcindia.com/welcome/tender,GEM/2024/B/5112662,Tender,,,,No,2026-09-04,2026-09-04,NEW
548b528f786e,NHPC,"Painting, wall panelling and other Misc. work of Salal Sadan Guest House at Salal Power Station",Unclassified,,,,Unknown,https://www.nhpcindia.com/welcome/tender,:NH/SPS/CD/NIT-07/2024-25/298-307 Dated: 22/07/2024 (2024_NHPC_ 817695_1),NIT,,,,No,2026-09-04,2026-09-04,NEW
c05ceeb62e0f,NHPC,"Running and Maintenance of Nursery, Children cum Herbal Park and other Gardens in residential area and office building at Teesta-V Power Station for 02 years",Unclassified,,,,Unknown,https://www.nhpcindia.com/welcome/tender,NH/TSV/Cont/RM-197/NIT-937/2024-25/122 Dated: 27/07/2024,NIT,,,,No,2026-09-04,2026-09-04,NEW
3969e45ec21e,NHPC,"Repair & Restoration of PPM room, Renovation of Dam control Room building by providing aluminium partition wall and false ceiling in Lift room & open space of ground floor, repair of toilets and other miscellaneous works at Dhyangarh of Salal Power Station",Unclassified,,,,Unknown,https://www.nhpcindia.com/welcome/tender,NH/SPS/CD/NIT-06/2024-25/270-280 Date 17/07/2024 (2024_NHPC_816906_1 ),NIT,,,,No,2026-09-04,2026-09-04,NEW
00529ca4dc2e,NHPC,"Maintenance and up-keeping of Right bank area Balutar, Teesta V Power Station for 02 years , FY 2024-26.",Unclassified,,,,Unknown,https://www.nhpcindia.com/welcome/tender,NH/TSV/Cont/RM-194/NIT-936/2024-25/121 Dated: 27/07/2024,NIT,,,,No,2026-09-04,2026-09-04,NEW
d28a27bfab4f,NHPC,NDT (Non-destructive testing) for thickness measurement at critical points of open-air- steel lined penstock and Firefighting pipeline by ultrasonic thickness measurement gauge at Sewa-II Power Station (SC-641),Unclassified,,,,Unknown,https://www.nhpcindia.com/welcome/tender,GEM/2024/B/5172324 Dated 26.07.2024,Tender,,,,No,2026-09-04,2026-09-04,NEW
99f82a3127e3,NHPC,Up-keeping and Maintenance of VIP Guest House at Nowpora Complex of Uri-ll Power Station,Unclassified,,,,Unknown,https://www.nhpcindia.com/welcome/tender,GEM/2024/B/5192754,Tender,,,,No,2026-09-04,2026-09-04,NEW
14d7535ee1d9,NHPC,"""Major Repair of 625 meter existing log boom installed in dam Reservoir as per scope of work for Salal Power Station ”.",Unclassified,,,,Unknown,https://www.nhpcindia.com/welcome/tender,NH/SPS/CD/NIT-101/2024-25/285-295 Dated: 20/07/2024 (Tender ID 2024_NHPC_ 817411_1 ),NIT,,,,No,2026-09-04,2026-09-04,NEW
d07443aca4ef,NHPC,"Non-Comprehensive Maintenance Contract for CATERPILLAR Make 2000 KVA DG Sets installed at NHPC Limited, Corporate Office Premises, Sector-33, Faridabad",Unclassified,,,,Unknown,https://www.nhpcindia.com/welcome/tender,GEM/2024/B/5161590,Tender,,,,No,2026-09-04,2026-09-04,NEW
2221f31c4ea5,NHPC,"Repair of damaged/eroded portions of Spillway glacis, spillway, divide wall, training wall spillway buckets and silt excluder gallery with epoxy mortar, cementitious mortar and HPC of concrete dam of Salal Power Station.",Unclassified,,,,Unknown,https://www.nhpcindia.com/welcome/tender,NH/SPS/CD/NIT-05/2024-25/356-365 Dtd:25/07/2024 (Tender ID 2024_NHPC_818098_1 ),NIT,,,,No,2026-09-04,2026-09-04,NEW
cd1cb5e91329,NHPC,"Procurement of Occupancy Sensor (Motion Sensor) for Corporate Office Complex, NHPC Limited, Sector-33, Faridabad",Unclassified,,,,Unknown,https://www.nhpcindia.com/welcome/tender,GEM/2024/B/5167964,Tender,,,,No,2026-09-04,2026-09-04,NEW
1d38112351a4,NHPC,Recertification of QMS certification as per IS ISO 9001 2015 EMS as per IS ISO 14001 2015 and OHSMS as per IS ISO 45001 2018 for three 03 years and surveillance audit for 02 years of Sewa2 Power Station SC638,Unclassified,,,,Unknown,https://www.nhpcindia.com/welcome/tender,GEM/2024/B/5309827 Dated 21.08.2024,Tender,,,,No,2026-09-04,2026-09-04,NEW
a0cf2ba52f21,NHPC,Hiring of 01 No. Ambulance (2100-2600 CC /Turbo Charged) along with driver for Loktak HE Project for 02 Years (Package-8).,Unclassified,,,,Unknown,https://www.nhpcindia.com/welcome/tender,GEM/2024/B/5010793,Tender,,,,No,2026-09-04,2026-09-04,NEW
ed23264399f3,NHPC,R and M of Water Supply Arrangements at Loktak FY 2024-25.,Unclassified,,,,Unknown,https://www.nhpcindia.com/welcome/tender,GEM/2024/B/4987781,Tender,,,,No,2026-09-04,2026-09-04,NEW
8c18c3c10e54,NHPC,"Miscellaneous Repair and Renovation Works of Multipurpose Stage and Adjoining Area at Chhinj Ground, BSPS, Surangani",Unclassified,,,,Unknown,https://www.nhpcindia.com/welcome/tender,NH/BSPS/CC/CW/15/2024-25/164,Tender,,,,No,2026-09-04,2026-09-04,NEW
784c285ff67b,NHPC,"Lot 3 Main Dam including Coffer Dam of Dibang Multipurpose Project Arunachal Pradesh, India",Unclassified,,Arunachal Pradesh,,Unknown,https://www.nhpcindia.com/welcome/tender,2024_NHPC_807459_1,Tender,,,,No,2026-09-04,2026-09-04,NEW
341a0777859f,NHPC,"Purchase of Curtains for Guest House-II, Community Centre and Staff Club, NHPC Residential Complex, Sec-41, Faridabad.",Unclassified,,,,Unknown,https://www.nhpcindia.com/welcome/tender,GEM/2024/B/5126556,Tender,,,,No,2026-09-04,2026-09-04,NEW
e1546b67387c,NHPC,"Protection of Left bank road of Intake Adit facing river and slope protection of Right bank at entrance of CFRD at Dam Site Gurez of KGPS, Bandipora (PKG-483).",Unclassified,,,,Unknown,https://www.nhpcindia.com/welcome/tender,2024_NHPC_817586_1,Tender,,,,No,2026-09-04,2026-09-04,NEW
9331d8b647f4,NHPC,Repair and strengthening of boundaries’ at workshop and Quality Assurance department premises situated at Dhyangarh,Unclassified,,,,Unknown,https://www.nhpcindia.com/welcome/tender,NH/SPS/CD/NIT-102/2024-25/345-355 Dtd 24/07/2024 (Tender ID 2024_NHPC_817999_1),NIT,,,,No,2026-09-04,2026-09-04,NEW
0dc7900e7d35,NHPC,"Repair and Restoration of tile work near VIP Guest House and Sr. Executive Field Hostel at Sewa-II Power Station, Mashka (J&K) (CW-635)",Unclassified,,Jammu and Kashmir,,Unknown,https://www.nhpcindia.com/welcome/tender,NH/Sewa-II/Contracts/CW-635/2024/NIT-06/398 Dated: 22.07.2024,NIT,,,,No,2026-09-04,2026-09-04,NEW
c3f5a0cff61d,NHPC,Purchase of two set Facing Plate for Top Cover and Pivot Ring with HP-HVOF coated for Parbati-III Power Station,Unclassified,,,,Unknown,https://www.nhpcindia.com/welcome/tender,GEM/2024/B/5110924,Tender,,,,No,2026-09-04,2026-09-04,NEW
b108825b1a8b,NHPC,"Upgradation of 04 no’s work stations of SCADA (Windows 7 Professional to Windows 10 with software to be provided by OEM) installed at Power House Control Room of Kishanganga Power Station,Bandipora",Unclassified,,,,Unknown,https://www.nhpcindia.com/welcome/tender,GEM/2024/B/4981105,Tender,,,,Yes,2026-09-04,2026-09-04,NEW
8bbdd940d3fb,NHPC,Repair/Restoration of damages caused due to joint opening in Bottom Horizontal Pressure Shaft of Power House of Parbati HE Project (Stage-II) (Package No. C-764).,Unclassified,,,,Unknown,https://www.nhpcindia.com/welcome/tender,2024_NHPC_816904_1,Tender,,,,No,2026-09-04,2026-09-04,NEW
cf803974a72b,NHPC,Repair of two numbers of Servomotors of Teesta-V Power Station,Unclassified,,,,Unknown,https://www.nhpcindia.com/welcome/tender,NIT No. NH/TSV/CONT/MC-138/NIT-935/2024-25/114 Dated : 17/07/2024 & E-Tender No. 2024_NHPC_816953_1,NIT,,,,No,2026-09-04,2026-09-04,NEW
ecd537af4dea,NHPC,"Supply, Installation, Testing & Commissioning of Automatic Water Level Recorder System (AWLR), (Non-Contact Radar/RF type), Velocity Sensor and AWS for Early Warning system (EWS) in the upstream of Dam site of Teesta-V Power Station, Sikkim",Unclassified,,Sikkim,,Unknown,https://www.nhpcindia.com/welcome/tender,NIT No. NH/TSV/CONT/EC-154/NIT-934/2024-25/113 Dated : 17/07/2024 & 2024_NHPC_816944_1,NIT,,,,No,2026-09-04,2026-09-04,NEW
613d89b27f37,NHPC,Purchase of Office Suite Software,Unclassified,,,,Unknown,https://www.nhpcindia.com/welcome/tender,"GEM/2024/B/5163581, Dated 17.07.2024",Tender,,,,No,2026-09-04,2026-09-04,NEW
fcb24e964e27,NHPC,Custom Bid for Services - Procurement of services of Technical Assistance in GIS RS Centre under Environment and Diversity Management Division at NHPC Office Complex Faridabad for 24 months,Unclassified,,,,Unknown,https://www.nhpcindia.com/welcome/tender,GEM/2024/B/5166640,Tender,,,,No,2026-09-04,2026-09-04,NEW
80c153704451,NHPC,"Providing manpower for assistance, cleaning and sweeping of Project Hospital at NHPC colony, Kralpora Bandipora for 2 years (PKG-487).",Unclassified,,,,Unknown,https://www.nhpcindia.com/welcome/tender,GEM/2024/B/5063312,Tender,,,,No,2026-09-04,2026-09-04,NEW
b9d8956fa336,NHPC,Hiring of 01 No inspection Vehicle M&M Bolero B6/M&M Xylo or equivalent for 24 months for Teesta-V Power Station,Unclassified,,,,Unknown,https://www.nhpcindia.com/welcome/tender,NIT No. NH/TSV/Cont/MC-140/NIT-933/2024/112 Dated : 16/07/2024 & GeM Bid No. GEM/2024/B/ 5168748,NIT,,,,No,2026-09-04,2026-09-04,NEW
1b62fa552f11,NHPC,Providing cement concrete pavement on old approach road and construction of drain from Salal dam main road to Sai-Lanjan village via High School- RD 1400 to RD 1750 mtr”,Unclassified,,,,Unknown,https://www.nhpcindia.com/welcome/tender,NH/SPS/CD/NIT-03/2024-25/251-260 (CPPP Tender ID 2024_NHPC_816511_1 ),NIT,,,,No,2026-09-04,2026-09-04,NEW
b7a19191ccf7,NHPC,"Protective Ceramic Coating on Spiral Casing, Stay Vanes and Turbine Top Cover of 3 nos Generating Units (Unit-1, 2,3) of Teesta-V Power Station",Unclassified,,,,Unknown,https://www.nhpcindia.com/welcome/tender,NIT No. NH/TSV/Cont/MC-148/NIT-932/2024-25/110 Dated: 16/07/2024 & E-Tender No. 2024_NHPC_816702_1,NIT,,,,No,2026-09-04,2026-09-04,NEW
9724b538720b,NHPC,Repairing of CPU for Vibration Monitoring System VMS 500 installed at Teesta-V Power Station,Unclassified,,,,Unknown,https://www.nhpcindia.com/welcome/tender,NIT No. NH/TSV/Cont/EC-153/NIT-931/2024-25/108 Dated: 15/07/2024 & GeM Bid No. GEM/2024/B/5163849,NIT,,,,No,2026-09-04,2026-09-04,NEW
c93b17c2fcff,NHPC,"Repair and maintenance of Project Hospital & Incinerator room (Helipad) at NHPC Teesta-V Power station, Balutar",Unclassified,,,,Unknown,https://www.nhpcindia.com/welcome/tender,NH/TSV/Cont/CC-321/NIT-930/2024-25/103 Dated: 13/07/2024,NIT,,,,No,2026-09-04,2026-09-04,NEW
d56dd12b1ccf,NHPC,Purchase of Foam Mattress for 30 room guest house under construction on the right bank of 2880 MW Dibang Multipurpose Project site.,Unclassified,2880.0,,,Unknown,https://www.nhpcindia.com/welcome/tender,GEM/2024/B/5091483,Tender,,,2880 MW,No,2026-09-04,2026-09-04,NEW
e6b40e9ac848,NHPC,Purchase of furniture for 30 room guest house under construction on the right bank of 2880 MW Dibang Multipurpose Project site,Unclassified,2880.0,,,Unknown,https://www.nhpcindia.com/welcome/tender,GEM/2024/B/5090904,Tender,,,2880 MW,No,2026-09-04,2026-09-04,NEW
bbf0fef08ed6,NHPC,Providing assistance for IT & Communication related works at Power House and Dam site of Teesta-V Power Station,Unclassified,,,,Unknown,https://www.nhpcindia.com/welcome/tender,NH/TSV/Cont/RM-190/NIT-929/2024-25/102 Dated: 12/07/2024,NIT,,,,No,2026-09-04,2026-09-04,NEW
f0845e8be825,NHPC,Repair Work of Main Road of Jyotipuram Residential Complex,Unclassified,,,,Unknown,https://www.nhpcindia.com/welcome/tender,NH/SPS/CD/NIT-04/2024-25/241-250 (Tender ID 2024_NHPC_816225_1 ),NIT,,,,No,2026-09-04,2026-09-04,NEW
299457428829,NHPC,Hiring the Services of Tax Consultant for handling Tax Compliance’s matter on TDS on Dividend to be paid during FY 2024-25 & 2025-26 and other matters relating thereto. Approval for Draft Tender Document and call of Tender.,Unclassified,,,,Unknown,https://www.nhpcindia.com/welcome/tender,GEM/2024/B/5150497,Tender,,,,No,2026-09-04,2026-09-04,NEW
0e08944cff07,NHPC,"Repairing and painting of 02 nos Security Barrack & 02 nos Parking shed at Regional Office, Vidyut Nagar, Siliguri",Unclassified,,,,Unknown,https://www.nhpcindia.com/welcome/tender,NH/RO(Slg)/PR15324/31/03 दिनांक : 09/07/2024,Tender,,,,No,2026-09-04,2026-09-04,NEW
4115a6506a52,NHPC,“Water proofing Roof Treatment of Power House at Dhyangarh of Salal Power Station,Unclassified,,,,Unknown,https://www.nhpcindia.com/welcome/tender,NH/SPS/CD/NIT-01/2024-25/227-236 Dated: 06/07/2024 (CPPP Tender ID: 2024_NHPC_815323_2),NIT,,,,No,2026-09-04,2026-09-04,NEW
cc0776e1f1bf,NHPC,Establishment of Early Warning System along with Automation of Siren and PA System for Parbati-III Power Station,Unclassified,,,,Unknown,https://www.nhpcindia.com/welcome/tender,NH/PPS-III/NIT/PR11923/293/1/134 Dated: 06/07/2024,NIT,,,,No,2026-09-04,2026-09-04,NEW
571fe1f7e4de,NHPC,"Construction of RCC inverted L type section Cantilever Wall cum drain at 3rd Bench of Office cum Residential Complex, Sawalkote HE Project, Tanger, Ramban (J&K)",Unclassified,,Jammu and Kashmir,,Unknown,https://www.nhpcindia.com/welcome/tender,2024_NHPC_815047_1,Tender,,,,No,2026-09-04,2026-09-04,NEW
7c3bd3f0296a,NHPC,Drainage and Protection Work and Part Realignment at Major Landslide portion of Project Access Road at RD ±2200 of Sawalkote HE Project,Unclassified,,,,Unknown,https://www.nhpcindia.com/welcome/tender,2024_NHPC_815036_1,Tender,,,,No,2026-09-04,2026-09-04,NEW
802b0a78385e,NHPC,"Repairing, Erection, Testing and Commissioning of 2X5 MVA 66/11 KV Transformer for Teesta-V Power Station",Unclassified,,,,Unknown,https://www.nhpcindia.com/welcome/tender,NIT No. NH/TSV/CONT/EC-152/NIT-927/2024-25/94 Dated: 04/07/2024 & E-Tender No. 2024_NHPC_814881_1,NIT,,,,No,2026-09-04,2026-09-04,NEW
c326a358ca34,NHPC,"Supply, Installation, testing and Commissioning of Portable container for Workstation.",Unclassified,,,,Unknown,https://www.nhpcindia.com/welcome/tender,GEM/2024/B/5083951,Tender,,,,No,2026-09-04,2026-09-04,NEW
3a5143974d5f,NHPC,"Supply, Installation, testing and Commissioning of Portable container for canteen.",Unclassified,,,,Unknown,https://www.nhpcindia.com/welcome/tender,GEM/2024/B/5084161,Tender,,,,No,2026-09-04,2026-09-04,NEW
2234eccbeeb5,NHPC,Internal electrification of temporary residential and office establishments at Right Bank Munli Camp,Unclassified,,,,Unknown,https://www.nhpcindia.com/welcome/tender,2024_NHPC_814595_1,Tender,,,,No,2026-09-04,2026-09-04,NEW
c1f419454729,NHPC,"Renovation, Repairing and Painting of Type-II quarter at Samdong Colony, Teesta-V",Unclassified,,,,Unknown,https://www.nhpcindia.com/welcome/tender,NIT No. NH/TSV/Cont/CC-327/NIT-926/2024-25/61 Dated: 03/07/2024 & E-Tender No. 2024_NHPC_814757_1,NIT,,,,No,2026-09-04,2026-09-04,NEW
54d6032abb47,NHPC,"Replacement of concrete tiles in the lawn footpath in front of FH,GH,HR office and Kalamanch along with installation of automatic sliding doors in the guest house of Township Complex at Nagwain, PHEP (Stage-II), (Pkg. No-C-758)",Unclassified,,,,Unknown,https://www.nhpcindia.com/welcome/tender,NH/PP-II/P&C/Pkg. No. C-758/2024/10744,Tender,,,,No,2026-09-04,2026-09-04,NEW
857848f1152c,NHPC,"Hiring of Architectural Consultancy work for Planning, Designing and Estimating work of construction of Kendriya Vidyalaya ( A-1 Type ) at Teesta-V PS, Balutar, Sikkim.",Unclassified,,Sikkim,,Unknown,https://www.nhpcindia.com/welcome/tender,NIT No. NH/TSV/Cont/CC-329/NIT-924/2024-25/57 Dated: 03/07/2024 & GEM Bid No. GEM/2024/B/5117991,NIT,,,,No,2026-09-04,2026-09-04,NEW
319666c5e203,NHPC,Annual Maintenance of Generating Units & its accessories for the year 2024-25,Unclassified,,,,Unknown,https://www.nhpcindia.com/welcome/tender,NIT No. NH/TSV/Cont/MC-147/NIT-925/2024-25/58 Dated: 03/07/2024 & E-tender No. 2024_NHPC_814692_1,NIT,,,,No,2026-09-04,2026-09-04,NEW
8b67b4a3c229,NHPC,Appointment of Dividend Banker for Payment of Final Dividend for the Financial Year 2023-24,Unclassified,,,,Unknown,https://www.nhpcindia.com/welcome/tender,NH/CCW/CC-II/CO-324/PR10024/92,Tender,,,,No,2026-09-04,2026-09-04,NEW
c4495083d38d,NHPC,"Providing and Fixing of Stainless Steel Railing at Dam top and structural steel railing with maintaining the slope of ramp for Dam mess at Barshaini, Parbati-H.E. Project (Stage-II), (Package No-C-756)”.",Unclassified,,,,Unknown,https://www.nhpcindia.com/welcome/tender,NH/PP-II/P&C/Pkg. No. C-756/2024/10735,Tender,,,,No,2026-09-04,2026-09-04,NEW
df0846914c06,NHPC,Hiring of six (06 No.) M&M Bolero Neo for the Subansiri Lower HE Project and empanelment of bidders for one year.,Unclassified,,,,Unknown,https://www.nhpcindia.com/welcome/tender,NH/SLP/CONT/2024/C-01/NIT/120,NIT,,,,No,2026-09-04,2026-09-04,NEW
38bc027a948e,NHPC,Repair and Renovation of 1st Floor of existing building of Kendriya Vidyalaya.,Unclassified,,,,Unknown,https://www.nhpcindia.com/welcome/tender,NIT No. NH/TSV/Cont/CC-328/NIT-923/2024-25/89 Dated: 29/06/2024 & E-Tender No.2024_NHPC_814219_1,NIT,,,,No,2026-09-04,2026-09-04,NEW
64aea619f492,NHPC,"Restoration of damaged boundary wall along with river protection/training work at Sainj Township of Parbati H.E. Project (Stage-II), (Package No-C-745A)",Unclassified,,,,Unknown,https://www.nhpcindia.com/welcome/tender,NH/PP-II/P&C/Pkg. No. C-745A/2024/10720,Tender,,,,No,2026-09-04,2026-09-04,NEW
fd711938bfcf,NHPC,"SUPPLY, ERECTION, TESTING AND COMMISSIONING OF HYDRAULIC TRASH RACK CLEANING MACHINE FOR SALAL POWER STATION (690 MW)",Unclassified,690.0,,,Unknown,https://www.nhpcindia.com/welcome/tender,GEM/2024/B/5103359,Tender,,,690 MW,Yes,2026-09-04,2026-09-04,NEW
b18a8a06b32b,NHPC,Repair of Thrust Bearing Mirror Disc of 60 MW Francis Turbine of Baira Siul Power Station,Unclassified,60.0,,,Unknown,https://www.nhpcindia.com/welcome/tender,NH/BSPS/CC/PH/13/2024-25/142,Tender,,,60 MW,Yes,2026-09-04,2026-09-04,NEW
c8f53b303f1d,NHPC,Re-tubing and Repairing of Thrust bearing oil Cooler of Chamera-1 Power Station.,Unclassified,,,,Unknown,https://www.nhpcindia.com/welcome/tender,NH/CPS-1/P&C/W-1445/2024-25/268 Dated:- 28/06/2024,Tender,,,,Yes,2026-09-04,2026-09-04,NEW
98dfe946113f,NHPC,Selection of RE Power Developers For Supply of 1200MW Firm & Dispatchable power (Assured Peak Power Supply) from ISTS connected Renewable Energy Power Projects coupled with Energy Storage System (ESS) on ‘anywhere in India’ basis under TBCB with “GREENSHOE OPTION,Energy Storage (BESS),1200.0,,,Unknown,https://www.nhpcindia.com/welcome/tender,2024_NHPC_813414 _1,Tender,,,1200 MW,Yes,2026-09-04,2026-09-04,NEW
3b40e3fede89,NHPC,"Maintenance & Cleaning of Rain Harvesting Pits for year 2024 in NHPC office Complex, Sector-33, Faridabad, Haryana",Unclassified,,Haryana,,Unknown,https://www.nhpcindia.com/welcome/tender,NH/CCW/CC-II/CO-326/PR10023/507,Tender,,,,No,2026-09-04,2026-09-04,NEW
8e974c4d3d64,NHPC,"Restoration / Repair of damaged CGI shed building of DG Room & Control room, Left bank NHPC Teesta V power station , Balutar",Unclassified,,,,Unknown,https://www.nhpcindia.com/welcome/tender,NH/TSV/Cont/CC-326/NIT-922/2024-25/84 Dated: 27/06/2024,NIT,,,,No,2026-09-04,2026-09-04,NEW
6c37739193e5,NHPC,"Topographical Survey of Project area for Kamala Hydroelectric Project (1800 MW), Arunachal Pradesh",Hydro,1800.0,Arunachal Pradesh,,Unknown,https://www.nhpcindia.com/welcome/tender,GEM/2024/B/5095388,Tender,,,1800 MW,Yes,2026-09-04,2026-09-04,NEW
fbc439c576c1,NHPC,"Supply and Fixing of 800 Amp LT Distribution Panel (Outdoor) at Powerhouse area, Pamphok.",Unclassified,,,,Unknown,https://www.nhpcindia.com/welcome/tender,LTHPL/TSVI/P&C/NIT-32/2024/437,NIT,,,,No,2026-09-04,2026-09-04,NEW
68ae71000449,NHPC,"Restoration of protection work damaged due to Flash Flood at Manikaran colony of Dam Complex, Parbati-H.E. Project (Stage-II), (Package No-C-755)",Unclassified,,,,Unknown,https://www.nhpcindia.com/welcome/tender,NH/PP-II/P&C/Pkg. No. C-755/2024/10713,Tender,,,,No,2026-09-04,2026-09-04,NEW
b60fc66c044b,NHPC,Providing services for Routine Mechanical Maintenance Work of Teesta-V Power House Excluding Annual / Capital Maintenance Works for Smooth Running of 3x170 MW Generating Units and Associated System for the period of two (2) years,Unclassified,170.0,,,Unknown,https://www.nhpcindia.com/welcome/tender,NH/TSV/Cont/RM-192/NIT-921/2024-25/83 Dated: 26/06/2024,NIT,,,170 MW,Yes,2026-09-04,2026-09-04,NEW
1d074aa6b1c6,NHPC,"Providing and laying cement concrete, protection wall and cross drainage work of Katarbain-Bhaledh road at BSPS,Surangani,Chamba",Unclassified,,,,Unknown,https://www.nhpcindia.com/welcome/tender,NH/BSPS/CC/CW/10/2024-25/132,Tender,,,,No,2026-09-04,2026-09-04,NEW
a32388081606,NHPC,"Repair of Damaged retaining walls From RD ± 5.800 KM to RD ± 5.820 KM and RD ±3.500 KM to ±RD 3.517 KM at Dam to Goli Road, CPS-1.",Unclassified,,,,Unknown,https://www.nhpcindia.com/welcome/tender,NH/CPS-1/P&C/W-1453/2024-25/223 Dated:- 18/06/2024,Tender,,,,No,2026-09-04,2026-09-04,NEW
14d90965c760,NHPC,Retubing and Repairing of Stator Air Cooler of Chamera-1 Power Station.,Unclassified,,,,Unknown,https://www.nhpcindia.com/welcome/tender,NH/CPS-1/P&C/W-1446/2024-25/224 Dated:- 08/06/2024,Tender,,,,No,2026-09-04,2026-09-04,NEW
bb09f618e05a,NHPC,"Drilling of two no. Boreholes, supply & installation of MS pipe, submersible pumps in complete for tapping of underground water for supply to Chimiri Colony, Dibang Multipurpose Project, Arunachal Pradesh",Unclassified,,Arunachal Pradesh,,Unknown,https://www.nhpcindia.com/welcome/tender,2024_NHPC_808719_1,Tender,,,,No,2026-09-04,2026-09-04,NEW
c0a8788305e9,NHPC,"Package-6, Modification of Diversion Tunnel into Tunnel Spillway Arrangement - Civil & HM Works (Tunnel Spillway, Adit to GOC, GOC Gate Shaft, Inlet Bell Mouth, Outlet Concrete Dyke and Energy Dissipation Arrangement) for Teesta-V Power Station, Sikkim",Unclassified,,Sikkim,,Unknown,https://www.nhpcindia.com/welcome/tender,2024_NHPC_812702_1,Tender,,,,Yes,2026-09-04,2026-09-04,NEW
ef1d92f9d89b,NHPC,"Re-tubing of old and used Generator coolers (07 nos. stator air coolers, 04 nos. LGB coolers and 08 nos. UGB coolers).",Unclassified,,,,Unknown,https://www.nhpcindia.com/welcome/tender,NH-RPS-PH012(13)/5/2023-PH/34,Tender,,,,Yes,2026-09-04,2026-09-04,NEW
78582da25600,NHPC,"Repair and Maintenance of Manikaran office/buildings and internal road at Dam Complex and Manikaran Colony , Parbati-H.E. Project (Stage-II), (Package No-C-751).",Unclassified,,,,Unknown,https://www.nhpcindia.com/welcome/tender,NH/PP-II/P&C/Pkg. No. C-751/2024/10703,Tender,,,,No,2026-09-04,2026-09-04,NEW
0fe550c668f0,NHPC,"Hiring of services for Testing of Sediment Samples & reporting of data for Seti River-6 H. E. Project, Sudur Paschim Province, Nepal (SR-05)",Unclassified,,,,Unknown,https://www.nhpcindia.com/welcome/tender,NHPC_SR-05/2024,Tender,,,,No,2026-09-04,2026-09-04,NEW
c85a68e48f81,NHPC,Dry ice Cryogenic cleaning of Stator & painting on Stator,Unclassified,,,,Unknown,https://www.nhpcindia.com/welcome/tender,NIT No. NH/TSV/Cont/EC-151/NIT-918/2024-25/69 Dated: 13/06/2024 & E-Tender No. 2024_NHPC_811770_1,NIT,,,,No,2026-09-04,2026-09-04,NEW
d47e38535da4,NHPC,NH/CCW/CC-II/CO-315/PR10023/536,Unclassified,,,,Unknown,https://www.nhpcindia.com/welcome/tender,NH/CCW/CC-II/CO-315/PR10023/536,Tender,,,,No,2026-09-04,2026-09-04,NEW
1ef6163b5e2a,NHPC,"Construction of retaining structures for development of third bench of Office cum Residential complex of Sawalkote HE Project, Tanger",Unclassified,,,,Unknown,https://www.nhpcindia.com/welcome/tender,2024_NHPC_811242_1,Tender,,,,No,2026-09-04,2026-09-04,NEW
54d8a0779349,NHPC,Annual Maintenance Contract of water coolers/ purifiers installed at CPS-1.,Unclassified,,,,Unknown,https://www.nhpcindia.com/welcome/tender,NH/CPS-1/P&C/W-1450/2024-25/196 Dated:- 12/06/2024,Tender,,,,No,2026-09-04,2026-09-04,NEW
4dd120f4ef2d,NHPC,"Providing services for Running & Maintenance of Land Acquisition, R&R and Environment divisions of Dibang Multipurpose Project, Arunachal Pradesh for 12months",Unclassified,,Arunachal Pradesh,,Unknown,https://www.nhpcindia.com/welcome/tender,GEM/2024/B/5006300,Tender,,,,No,2026-09-04,2026-09-04,NEW
3185ff39659c,NHPC,Invitation of Applications for Empanelment of Insurance Consultants,Unclassified,,,,Unknown,https://www.nhpcindia.com/welcome/tender,2024_NHPC_809491_1,Tender,,,,No,2026-09-04,2026-09-04,NEW
c1844cec0ea9,NHPC,Reservoir Rim Treatment near Dikchu Bazar area from RD ±2.15 KM of Dam axis to RD ±2.20 KM upstream of Dam axis at Dam site of Teesta-V Power Station,Unclassified,,,,Unknown,https://www.nhpcindia.com/welcome/tender,NH/TSV/Cont/CC-325/NIT-917/2024-25/60 Dated: 10/06/2024,NIT,,,,No,2026-09-04,2026-09-04,NEW
daf28f7edb9d,NHPC,"Scan of top to access the depth & penetration of surface cracks existing at the top surface of Dul Dam, in Year (2023-24) DPS, Kishtwar",Unclassified,,,,Unknown,https://www.nhpcindia.com/welcome/tender,NH/DPS/CONT/NIT-200/2024/E100883 dated 10.06.2024,NIT,,,,No,2026-09-04,2026-09-04,NEW
1d5345d0a499,NHPC,Providing assistance for Running & Maintenance of main administrative office at Mangan for Teesta -IV HE Project,Unclassified,,,,Unknown,https://www.nhpcindia.com/welcome/tender,NH/TSV/Cont/RM-187/NIT-916/2024-25/58 Dated: 08/06/2024,NIT,,,,No,2026-09-04,2026-09-04,NEW
dcf3d2d25aa5,NHPC,Providing protection work for stabilization of hill slope in MAT and DTGH area of Power House at Uri-II Power Station,Unclassified,,,,Unknown,https://www.nhpcindia.com/welcome/tender,2024_NHPC_810786_1,Tender,,,,No,2026-09-04,2026-09-04,NEW
2035fc11ddff,NHPC,"Engagement of DGR sponsored Private Security Agencies/ Services at Sewa-II Power Station, Mashka, District-Kathua, J&K (SC-630)",Unclassified,,Jammu and Kashmir,,Unknown,https://www.nhpcindia.com/welcome/tender,NH/Sewa-II/Contracts/SC-630/2024/NIT-05/361 Dated 07.06.2024,NIT,,,,No,2026-09-04,2026-09-04,NEW
d2e182e5c64d,NHPC,"Restoration work of damage slided portion of Adit-III approach road between Road RD ±0.00 km - RD ±6.00 km and protection work of approach road to Adit-I portal including Stair work from dam top to stilling basin at Sewa-II Power Station, J&K(CW-616)",Unclassified,,Jammu and Kashmir,,Unknown,https://www.nhpcindia.com/welcome/tender,NH/Sewa-II/Contracts/CW-616/2024/NIT-04/360 Dated: 06.06.2024,NIT,,,,No,2026-09-04,2026-09-04,NEW
b970790def29,NHPC,Toe protection work at right bank of D/s of Ithai Barrage.,Unclassified,,,,Unknown,https://www.nhpcindia.com/welcome/tender,NIT-1042 (O),NIT,,,,No,2026-09-04,2026-09-04,NEW
4599afc4dd62,NHPC,"Repairing of internal roads, sewerage line and round abouts of Nowpora Colony, Uri-II Power Station",Unclassified,,,,Unknown,https://www.nhpcindia.com/welcome/tender,2024_NHPC_810297_1,Tender,,,,No,2026-09-04,2026-09-04,NEW
11bfb5d2c139,NHPC,Annual/Capital Maintenance of 4 X 60MW Hydro-Generating Units of Uri-II Power Station as per scope of work for period of two successive maintenance year i.e. 2024-25 and 2025-26,Hydro,60.0,,,Unknown,https://www.nhpcindia.com/welcome/tender,GEM/2024/B/4946744,Tender,,,60 MW,Yes,2026-09-04,2026-09-04,NEW
c3b4e678000f,NHPC,Upgradation and refurbishment of EOT cranes of Uri Power Station,Unclassified,,,,Unknown,https://www.nhpcindia.com/welcome/tender,NH/Conts(E&M-III)/URI-1/PR10623/307/2024,Tender,,,,No,2026-09-04,2026-09-04,NEW
7f0e13af8a8d,NHPC,Restoration of damaged Parapet from Tamruchi RD 2700 to RD 4400 along the road side of Dul Dam at DPS Kishtwar,Unclassified,,,,Unknown,https://www.nhpcindia.com/welcome/tender,NH/DPS/CONT/NIT-199/2024/E120587 dated 03.06.2024,NIT,,,,No,2026-09-04,2026-09-04,NEW
3a028dbddeeb,NHPC,"Restoration of the damaged Railing and approach path to C-Gallery, Chain Link fencing from intake to Dam Top, Culvert at RD 2776, Toilet at Dam Top, and other Miscellaneous repair Works at Dul Dam DPS- Kishtwar",Unclassified,,,,Unknown,https://www.nhpcindia.com/welcome/tender,NH/DPS/CONT/NIT-198/2024/E120051 dated 01.06.2024,NIT,,,,No,2026-09-04,2026-09-04,NEW
e7f38cdaea96,NHPC,"Repair of CRPF barrack/building at Lamdan and repair of CRPF officer’s mess kitchen at Old Colony Loktak of Loktak Project, Manipur.",Unclassified,,Manipur,,Unknown,https://www.nhpcindia.com/welcome/tender,NIT-1041 (O),NIT,,,,No,2026-09-04,2026-09-04,NEW
922bf2d72cf9,NHPC,Selection of Solar Power Generators For Setting up of 1200 MW (1.2 GW) ISTS Connected Solar Power Projects on anywhere in India basis under TBCB,Solar,1200.0,,,Unknown,https://www.nhpcindia.com/welcome/tender,2024_NHPC_809331_1,Tender,,,1200 MW,Yes,2026-09-04,2026-09-04,NEW
fd7585f7aff1,NHPC,Deputation of skilled manpower for repair of 50 MVAr Shunt Reactor at 400KV Switchyard Complex of Chamera-1 Power station,Unclassified,,,,Unknown,https://www.nhpcindia.com/welcome/tender,NH/CPS-1/P&C/W-1442/2024-25/150 Dated:- 29/05/2024,Tender,,,,No,2026-09-04,2026-09-04,NEW
cf1b71e3529d,NHPC,"Repairing, overhauling and replacement of filter media in both old and new filtration plants installed in the colony of Regional Office, Siliguri",Unclassified,,,,Unknown,https://www.nhpcindia.com/welcome/tender,NH/RO(Slg)/PR15323/178/01,Tender,,,,No,2026-09-04,2026-09-04,NEW
dd89158bfd55,NHPC,"Exploratory drilling, driving and reaming of Nx size drill holes with Diamond core drilling machine using Double Tube/Triple Tube core barrel at Dam, PH and TRT of SR-6 HE Project, Distt.-Doti/Achham, Sudur Paschim Province, Nepal (SR-06)",Unclassified,,,,Unknown,https://www.nhpcindia.com/welcome/tender,NHPC_SR-06/2024,Tender,,,,No,2026-09-04,2026-09-04,NEW
4ccfd541416b,NHPC,Providing and laying boulder apron in wire crates at Cheko Nallah along Permanent boundary wall of NHPC Chimri colony land,Unclassified,,,,Unknown,https://www.nhpcindia.com/welcome/tender,2024_NHPC_808060_1,Tender,,,,No,2026-09-04,2026-09-04,NEW
6e51143655c0,NHPC,"Repair of One set Damaged Bottom Ring & Minor repairing, Machining & HP-HVOF Coating of 2 Sets (48Nos) Guide vanes of Dulhasti Power station, Kishtwar",Unclassified,,,,Unknown,https://www.nhpcindia.com/welcome/tender,NH/DPS/CONT/NIT-197/2024/E118512 dated 27.05.2024,NIT,,,,No,2026-09-04,2026-09-04,NEW
3bc02b37d844,NHPC,"Restoration of retaining wall on road from Power House to CISF Barrack at RD 1/172 Km to 1/196 km near CISF Ground, CPS-1.",Unclassified,,,,Unknown,https://www.nhpcindia.com/welcome/tender,NH/CPS-1/P&C/W-1448/2024-25/144 Dated: 23/05/2024,Tender,,,,No,2026-09-04,2026-09-04,NEW
e6c59179401a,NHPC,"Construction of 06 blocks (each block consisting of 04 No. rooms) of temporary building at Munli right bank, New Apali and at various places, Dibang Multipurpose Project, Arunachal Pradesh",Unclassified,,Arunachal Pradesh,,Unknown,https://www.nhpcindia.com/welcome/tender,2024_NHPC_808042_1,Tender,,,,No,2026-09-04,2026-09-04,NEW
acacbb271134,NHPC,"Providing power supply for various buildings and installation of street lights at Chimri Colony, 2880 MW Dibang Multipurpose Project",Unclassified,2880.0,,,Unknown,https://www.nhpcindia.com/welcome/tender,2024_NHPC_804298_1,Tender,,,2880 MW,No,2026-09-04,2026-09-04,NEW
46f3ccf82938,NHPC,Hiring of External Agency/ Consultant for preparation of DPR for 1800 MW Savitri Pump Storage Project,Unclassified,1800.0,,,Unknown,https://www.nhpcindia.com/welcome/tender,NH/CCW/CC-II/CO-318/PR16923/52,Tender,,,1800 MW,Yes,2026-09-04,2026-09-04,NEW
b241f14a5b42,NHPC,"Repair and Painting Work of Plan House, Control Room and Old Barrack at Siul Complex, BSPS, Surangani",Unclassified,,,,Unknown,https://www.nhpcindia.com/welcome/tender,NH/BSPS/CC/CW/05/2024-25/90,Tender,,,,No,2026-09-04,2026-09-04,NEW
20e8360bf8e8,NHPC,"Design & Engineering, Manufacturing, Supply, Erection, Testing & Commissioning of 10 Ton EOT (Electric Overhead Travelling) crane at E&M Store of Parbati HE Project Stage-II.)”(Package-C-752)",Unclassified,,,,Unknown,https://www.nhpcindia.com/welcome/tender,NH/PP-II/P&C/Pkg. No. C-752 /2024,Tender,,,,No,2026-09-04,2026-09-04,NEW
f9248646859b,NHPC,"Supply, Installation, Testing and commissioning of 02 nos. 800 Amps Air Circuit Breaker (ACB) including accessories and Restoration of automation system of WBSEDCL I/C and DG AMF panel of O&M Unit-II Office, Kolkata",Unclassified,,,,Unknown,https://www.nhpcindia.com/welcome/tender,NH/RO(Slg)/ PR15323/44 दिनांक : 18/05/2024,Tender,,,,No,2026-09-04,2026-09-04,NEW
7417f80eaed2,NHPC,"EPC Contract for Design, Engineering, Supply, Construction, Erection, Testing, and Commissioning of 200 MW Grid connected Solar PV Power Project in GSECL’s RE Solar Park at Khavda (Stage-3), Gujarat with Comprehensive O & M for five years.",Solar,200.0,Gujarat,,Unknown,https://www.nhpcindia.com/welcome/tender,2024_NHPC_805733_1,Tender,,,200 MW,Yes,2026-09-04,2026-09-04,NEW
aedd26e94666,NHPC,"Providing footpath along internal road from main gate to Line Division Office at Old Colony of Loktak Project, Manipur.",Unclassified,,Manipur,,Unknown,https://www.nhpcindia.com/welcome/tender,NIT-1040 (O),NIT,,,,No,2026-09-04,2026-09-04,NEW
ab6b8014f069,NHPC,Purchase of LT distribution panels for providing power supply at Pathar camp site colony,Unclassified,,,,Unknown,https://www.nhpcindia.com/welcome/tender,GEM/2024/B/4935721,Tender,,,,No,2026-09-04,2026-09-04,NEW
0b0210d476f3,NHPC,"Painting and Repairing Work of Valve House, Cable Trench at Switchyard, New DG Building and Switchyard Control Room at Baira Siul Power Station",Unclassified,,,,Unknown,https://www.nhpcindia.com/welcome/tender,NH/BSPS/CC/CW/04/2024-25/81,Tender,,,,No,2026-09-04,2026-09-04,NEW
90949ccec852,NHPC,"Repair & maintenance of existing Old water supply GI PIPE Line at Balutar colony Right bank, NHPC Teesta-V Power Station",Unclassified,,,,Unknown,https://www.nhpcindia.com/welcome/tender,NH/TSV/Cont/CC-324/NIT-915/2024-25/40 Dated: 15/05/2024,NIT,,,,No,2026-09-04,2026-09-04,NEW
6e0a7181d3b1,NHPC,"Supplying, Erection, Testing and Commissioning of Electrical & Mechanical works and construction of Civil works for 90 KLD sewage treatment plant (STP) for NHPC Teesta V Right Bank Colony, Balutar",Unclassified,,,,Unknown,https://www.nhpcindia.com/welcome/tender,NH/TSV/Cont/CC-323/NIT-914/2024-25/39 Dated: 15/05/2024,NIT,,,,No,2026-09-04,2026-09-04,NEW
f32994c70b28,NHPC,"Supply, installation, Testing and commissioning of Horizontal centrifugal axially split case pump with suitable motor & frame and Starter cum control panel with mandatory spares and Pipeline with accessories & Bus bar chamber with Main switch & Power cable for HVAC system of Teesta V Power Station",Unclassified,,,,Unknown,https://www.nhpcindia.com/welcome/tender,NIT No. NH/TSV/CONT/MC-146/NIT-913/2024-25/38 Dated: 14/05/2024 & E-Tender No. 2024_NHPC_807176_1,NIT,,,,No,2026-09-04,2026-09-04,NEW
207da8da0756,NHPC,"Purchase of Split AC with accessories for office building at Roing, office building and HOP residence at Chimri colony on GeM Portal",Unclassified,,,,Unknown,https://www.nhpcindia.com/welcome/tender,GEM/2024/B/4909940,Tender,,,,No,2026-09-04,2026-09-04,NEW
67c2a0c4f7dd,NHPC,"Repair & painting of Nursery School building at CPS-1, Khairi.",Unclassified,,,,Unknown,https://www.nhpcindia.com/welcome/tender,NH/CPS-1/P&C/W-1449/2024-25/79 Dated:-10/05/2024,Tender,,,,No,2026-09-04,2026-09-04,NEW
ade084c9bad9,NHPC,"Repair of Drains, Tiles, Flooring etc. of Field Hostel-1 to Field Hostel -4, Old B-type and Old C-Type Buildings in Township of Kishanganga Power Station, Bandipora, J&K (PKG-482).",Unclassified,,Jammu and Kashmir,,Unknown,https://www.nhpcindia.com/welcome/tender,2024_NHPC_806820_1,Tender,,,,No,2026-09-04,2026-09-04,NEW
ea321b93f07a,NHPC,"Replacement of cover plate of Cable Channel and Repair at Switch Yard area of Sewa-II Power Station Mashka,(JK) (CW-618)",Unclassified,,,,Unknown,https://www.nhpcindia.com/welcome/tender,NH/Sewa-II/Contracts/CW-618/2024/NIT-03/339 Dated: 09.05.2024,NIT,,,,No,2026-09-04,2026-09-04,NEW
ca80dff53b86,NHPC,"Providing protection work near power intake of Uri-II Power Station, JK",Unclassified,,,,Unknown,https://www.nhpcindia.com/welcome/tender,2024_NHPC_806710_1,Tender,,,,No,2026-09-04,2026-09-04,NEW
bcbc33b5de24,NHPC,"Providing Running and Maintenance Services in Various Field Hostels at Dibang Multipurpose Project, Roing, Arunachal Pradesh",Unclassified,,Arunachal Pradesh,,Unknown,https://www.nhpcindia.com/welcome/tender,GEM/2024/B/4847738,Tender,,,,No,2026-09-04,2026-09-04,NEW
6d6e501e174e,NHPC,Overhauling and Servicing along with supply of consumable spares for H.P. & L.P. Compressors of Teesta-V Power Station,Unclassified,,,,Unknown,https://www.nhpcindia.com/welcome/tender,NIT No. NH/TSV/Cont/MC-145/NIT-912/2024-25/34 Dated : 08/05/2024 & GEM Bid No. GEM/2024/B/4924329,NIT,,,,No,2026-09-04,2026-09-04,NEW
62bb1d877a5e,NHPC,"Repair, Maintenance, Flushing & Revival of Twin Tube Piezometer(TTP) at Baira Dam",Unclassified,,,,Unknown,https://www.nhpcindia.com/welcome/tender,NH/BSPS/CC/CW/01/2024-25/75,Tender,,,,No,2026-09-04,2026-09-04,NEW
5885257d0ea3,NHPC,Consultancy Services for Preparation of Pre-Feasibility Reports (PFR) for two pumped storage projects in Maharashtra (Kalu PSP) and Tripura (Longthrai PSP,Pumped Storage,,Maharashtra,,Unknown,https://www.nhpcindia.com/welcome/tender,GEM/2024/B/4916736,Tender,,,,Yes,2026-09-04,2026-09-04,NEW
0008212917d6,NHPC,"Supply, Installation and Annual maintenance of LED Display board at Nagwain,Parbati HE Project (Stage-II)” (Package No. C-741).",Unclassified,,,,Unknown,https://www.nhpcindia.com/welcome/tender,NH/PP-II/P&C/Pkg. No. C-741/2024/10592,Tender,,,,No,2026-09-04,2026-09-04,NEW
469e14adceaf,NHPC,Supply and Installation of anti-corrosive coating and Thermal lagging of cooling water pipe line at Uri-II Power House,Unclassified,,,,Unknown,https://www.nhpcindia.com/welcome/tender,2024_NHPC_805274_1,Tender,,,,No,2026-09-04,2026-09-04,NEW
64a776f56a0e,NHPC,Painting of Hydro Mechanical equipments and structures installed at Dam & SFT of Uri-II Power Station,Hydro,,,,Unknown,https://www.nhpcindia.com/welcome/tender,2024_NHPC_805275_1,Tender,,,,No,2026-09-04,2026-09-04,NEW
3b9745a1fc1f,NHPC,"Providing services for operation and maintenance of electrical equipment of Dibang Multipurpose Project and wiring of the proposed accommodation, for a period of 12 months",Unclassified,,,,Unknown,https://www.nhpcindia.com/welcome/tender,GEM/2024/B/4892947,Tender,,,,No,2026-09-04,2026-09-04,NEW
0bc466d98990,NHPC,Providing service of Running and Maintenance of IT&C Division of Dibang Multipurpose Project (2880MW).,Unclassified,2880.0,,,Unknown,https://www.nhpcindia.com/welcome/tender,GEM/2024/B/4811763,Tender,,,2880 MW,No,2026-09-04,2026-09-04,NEW
bf10e0e5aa54,NHPC,"Repair of Jigrai Trench Weir surface at Jigrai Nallah site of Parbati H.E. Project (Stage-II), (Package No-C-749)”.",Unclassified,,,,Unknown,https://www.nhpcindia.com/welcome/tender,NH/PP-II/P&C/Pkg. No. C-749/2024/10587,Tender,,,,No,2026-09-04,2026-09-04,NEW
401bb96816bc,NHPC,"Service, repair and maintenance contract of Package/DuctableACs installed at Power House & Colony of Chamera-I Power Station.",Unclassified,,,,Unknown,https://www.nhpcindia.com/welcome/tender,NH/CPS-1/P&C/W-1447/2024-25/23 Dated :03/05/2024,Tender,,,,No,2026-09-04,2026-09-04,NEW
6b8a85d7fe6f,NHPC,"Protection of Left bank road of Intake Adit facing river and slope protection of Right bank at entrance of CFRD at Dam Site Gurez of KGPS, Bandipora (PKG-483).",Unclassified,,,,Unknown,https://www.nhpcindia.com/welcome/tender,2024_NHPC_806048_1,Tender,,,,No,2026-09-04,2026-09-04,NEW
a335a9e1f684,NHPC,"Providing Running & Maintenance services for Liaison office cum Transit camp, Dibrugarh of Dibang Multipurpose Project, Roing, Arunachal Pradesh for a period of 24 months",Unclassified,,Arunachal Pradesh,,Unknown,https://www.nhpcindia.com/welcome/tender,GEM/2024/B/4812553,Tender,,,,No,2026-09-04,2026-09-04,NEW
71680ec8043d,NHPC,"Supply, Installation and commissioning of MS Effluent Water Digital Flow Meters for Sewage Treatment Plants at Dulhasti Power Station, Kishtwar",Unclassified,,,,Unknown,https://www.nhpcindia.com/welcome/tender,NH/DPS/Cont/NIT-195/2024/E115348 dated 01.05.2024,NIT,,,,No,2026-09-04,2026-09-04,NEW
6aabba9b04ca,NHPC,Purchase of Rebound hammer (schmidt’s hammer) for 2880MW Dibang Multipurpose Project,Unclassified,2880.0,,,Unknown,https://www.nhpcindia.com/welcome/tender,GEM/2024/B/4863819,Tender,,,2880 MW,No,2026-09-04,2026-09-04,NEW
27397acc91c9,NHPC,"Supply, Installation, Testing and commissioning of 500 KVA silent Diesel Generator set as per detailed technical specification",Unclassified,,,,Unknown,https://www.nhpcindia.com/welcome/tender,GEM/2024/B/4815102,Tender,,,,No,2026-09-04,2026-09-04,NEW
cb42b1b91ce6,NHPC,"Supply, Installation, Testing and commissioning of 250 KVA silent Diesel Generator sets as per detailed technical specification",Unclassified,,,,Unknown,https://www.nhpcindia.com/welcome/tender,GEM/2024/B/4815075,Tender,,,,No,2026-09-04,2026-09-04,NEW
a26b476e11dd,NHPC,Carrying out Annual Maintenance and Repair of underwater parts of three Generating Units of 3X60 MW of BSPS,Unclassified,60.0,,,Unknown,https://www.nhpcindia.com/welcome/tender,NH/BSPS/CC/PH/03/2024-25/66,Tender,,,60 MW,Yes,2026-09-04,2026-09-04,NEW
d34b98f828c5,NHPC,"Replacement of Wooden Flooring of Badminton Court of Community Hall/Multipurpose Hall at Nagwain Township of Parbati-H.E. Project (Stage-II), (Package No-C-748)”.",Unclassified,,,,Unknown,https://www.nhpcindia.com/welcome/tender,NH/PP-II/P&C/Pkg.No.C-748/2024/10558,Tender,,,,No,2026-09-04,2026-09-04,NEW
d7070528fbae,NHPC,"Painting of temporary and permanent KVS building at Sainj, Parbati-H.E. Project (Stage-II), (Package No-C-750).”",Unclassified,,,,Unknown,https://www.nhpcindia.com/welcome/tender,NH/PP-II/P&C/Pkg.No.C-750/2024/10549,Tender,,,,No,2026-09-04,2026-09-04,NEW
e7b4da5e978d,NHPC,Hiring of Services for providing Cooking services and assistance in cleaning in NHPC transit camp,Unclassified,,,,Unknown,https://www.nhpcindia.com/welcome/tender,NH/LO-KTM/01,Tender,,,,No,2026-09-04,2026-09-04,NEW
6fb587b68e96,NHPC,"Repairing of CRPF barrack at Power House Colony, Leimatak.",Unclassified,,,,Unknown,https://www.nhpcindia.com/welcome/tender,NIT-1039 (O),NIT,,,,No,2026-09-04,2026-09-04,NEW
c47a42f54668,NHPC,"Providing Security Services of Ex-Serviceman through DGR Registered Agencies at Regional Office, Chandigarh",Unclassified,,Chandigarh,,Unknown,https://www.nhpcindia.com/welcome/tender,NH/RO-CHD/PNC/2024/16,Tender,,,,No,2026-09-04,2026-09-04,NEW
3973570c80ba,NHPC,"Housekeeping of Jyoti Sadan at NHPC Office Complex, Sector-33, Faridabad",Unclassified,,,,Unknown,https://www.nhpcindia.com/welcome/tender,GEM/2024/B/4880100,Tender,,,,No,2026-09-04,2026-09-04,NEW
89223806f9a3,NHPC,Purchase of Godrej furniture under PAC,Unclassified,,,,Unknown,https://www.nhpcindia.com/welcome/tender,GEM/2024/B/4858307,Tender,,,,No,2026-09-04,2026-09-04,NEW
4849041cc409,NHPC,"Onsite Repair of Runner (OS1) of Dulhasti Power Station, Kishtwar",Unclassified,,,,Unknown,https://www.nhpcindia.com/welcome/tender,NH/DPS/Cont/NIT-194/2024/E118364 dated 24.04.2024,NIT,,,,No,2026-09-04,2026-09-04,NEW
3e79d6be0bb8,NHPC,Repairing of Water Supply System in Old Colony & New Colony of Loktak Project.,Unclassified,,,,Unknown,https://www.nhpcindia.com/welcome/tender,NIT-1038 (O),NIT,,,,No,2026-09-04,2026-09-04,NEW
60425d303c0a,NHPC,"Repairing of 4th row of Bamboo Trash Rack at Power Channel, Loktak Project, Manipur.",Unclassified,,Manipur,,Unknown,https://www.nhpcindia.com/welcome/tender,NIT-1037 (O),NIT,,,,No,2026-09-04,2026-09-04,NEW
491e90c9c688,NHPC,"Architecture works of office room at Power House of Kishanganga PS by providing and fixing wooden wall lining, khatam bandi in ceiling, laminated wooden flooring etc. (PKG-478).",Unclassified,,,,Unknown,https://www.nhpcindia.com/welcome/tender,2024_NHPC_804328_1,Tender,,,,No,2026-09-04,2026-09-04,NEW
927517825f76,NHPC,"Construction of High Raised Watch Tower near Pump House at TRC area of Sewa-II Power Station, Mashka, J&K(CW-620)",Unclassified,,Jammu and Kashmir,,Unknown,https://www.nhpcindia.com/welcome/tender,NH/Sewa-II/Contracts/CW-620/2024/NIT-02/309 Dated 18.04.2024,NIT,,,,No,2026-09-04,2026-09-04,NEW
ef6e93741702,NHPC,"Restoration of Damaged Left Bank Sainj Suind Road between RD 567 (U/s) to RD 1284 (D/s) and boundary wall of CISF Camp, Sallah of Parbati-III Power Station",Unclassified,,,,Unknown,https://www.nhpcindia.com/welcome/tender,NH/PPS-III/NIT/PR11923/281/1/27 Dated: 17/04/2024,NIT,,,,No,2026-09-04,2026-09-04,NEW
1c8ff91df3b5,NHPC,"Supply, installation, testing and commissioning of license free Walkie Talkie sets (Make: Skyfone , Model :S-111) including charger, battery, clip etc. & spare battery for license free Walkie Talkie sets of Make: Skyfone , Model :S-111",Unclassified,,,,Unknown,https://www.nhpcindia.com/welcome/tender,GEM/2024/B/4823850,Tender,,,,Yes,2026-09-04,2026-09-04,NEW
9da251b07c38,NHPC,"“Repair, Painting and Renovation of 4th & 5th Block and other Misc. Work at KV School DPS, Kishtwar",Unclassified,,,,Unknown,https://www.nhpcindia.com/welcome/tender,NH/DPS/CONT/NIT-180/2024/E105356 dated 17.04.2024,NIT,,,,No,2026-09-04,2026-09-04,NEW
bcb5aabe9eea,NHPC,"Renovation of Bursar Guest House (Quarter No. 97,98,99,100&101;) in Semna Colony of Dulhasti Power Station, Kishtwar",Unclassified,,,,Unknown,https://www.nhpcindia.com/welcome/tender,NH/DPS/CONT/NIT-178/2024/E109457 dated 16.04.2024,NIT,,,,No,2026-09-04,2026-09-04,NEW
d25961d77122,NHPC,"Providing Earthing for Electrical Installations at Office premises and Colony of Sewa-II Power Station, Mashka, Distt.-Kathua(JK) (EW-617)",Unclassified,,,,Unknown,https://www.nhpcindia.com/welcome/tender,NH/Sewa-II/Contracts/EW-617/2024/NIT-01/308 Dated 13 .04.2024,NIT,,,,No,2026-09-04,2026-09-04,NEW
8735e66d7574,NHPC,"Providing and Fixing of Awning at Portico of Administrative office and PFH at NHPC colony Kralpora, Bandipora (PKG-475).",Unclassified,,,,Unknown,https://www.nhpcindia.com/welcome/tender,2024_NHPC_803890_1,Tender,,,,No,2026-09-04,2026-09-04,NEW
f0a4f1982710,NHPC,"Landscaping work at NHPC Colony Kralpora, Bandipora, J and K by providing play equipment and garden benches (PKG-479)”.",Unclassified,,,,Unknown,https://www.nhpcindia.com/welcome/tender,2024_NHPC_803877_1,Tender,,,,No,2026-09-04,2026-09-04,NEW
26a19d4a4d37,NHPC,"Providing and laying GI pipe line for water supply scheme RD 450 to 810 and miscellaneous work such as road concreting, drain works etc. at Shalimar colony, DPS, Kishtwar",Unclassified,,,,Unknown,https://www.nhpcindia.com/welcome/tender,NH/DPS/CONT/NIT-179/2024/E112309 dated 13.04.2024,NIT,,,,No,2026-09-04,2026-09-04,NEW
4243f5a25dc3,NHPC,"Providing Insurance Cover during O&M period for 50MW Wind Power Project at Jaisalmer, Rajasthan for one year w.e.f. 19.06.24 to 18.06.25",Wind,50.0,Rajasthan,,Unknown,https://www.nhpcindia.com/welcome/tender,GEM/2024/B/4856537,Tender,,,50 MW,Yes,2026-09-04,2026-09-04,NEW
644f28252c09,NHPC,"Supply and Laying of 12 Core Optical Fiber Cable from Admin block via 132 KV switchyard Semna colony to Hunjala Dul Dam area at DPS, Kishtwar",Unclassified,,,,Unknown,https://www.nhpcindia.com/welcome/tender,NH/DPS/CONT/NIT-183/2024/ E114442 dated 11.04.2024,NIT,,,,No,2026-09-04,2026-09-04,NEW
8886f889af12,NHPC,"Lot- 5B Package for Hydro-Mechanical Works for Intake and Draft Tube Gates & Hoists of Dibang Multipurpose Project, 2880 MW , located in Lower Dibang Valley District in the State of Arunachal Pradesh, India",Hydro,2880.0,Arunachal Pradesh,,Unknown,https://www.nhpcindia.com/welcome/tender,2024_NHPC_803559_1,Tender,,,2880 MW,Yes,2026-09-04,2026-09-04,NEW
f35e872bbc34,NHPC,"Package 5 - Civil works for Repair and Restoration work in HRT from Adit-3 downstream to Adit-5, Surge Shaft, Tail Race Tunnel area etc. of Teesta-V Power Station, Sikkim.",Unclassified,,Sikkim,,Unknown,https://www.nhpcindia.com/welcome/tender,2024_NHPC_803570_1,Tender,,,,No,2026-09-04,2026-09-04,NEW
6451dc60f574,NHPC,"Repair and renovation of Dam control room, Power pack room and Gate chamber of KGPS Dam site Gurez, Bandipora, J & K (PKG-481)",Unclassified,,,,Unknown,https://www.nhpcindia.com/welcome/tender,2024_NHPC_803622_1,Tender,,,,No,2026-09-04,2026-09-04,NEW
00b3753a5f1a,NHPC,Protection work for strengthening basement/footing of lattice pole structures of NHPC 11KV Balutar-Dikchu Transmission line of Teesta-V Power Station,Transmission / Evacuation,,,,Unknown,https://www.nhpcindia.com/welcome/tender,NH/TSV/Cont/CC-322/NIT-911/2024-25/06 Dated: 09/04/2024,NIT,,,,No,2026-09-04,2026-09-04,NEW
8df0eddf41b9,NHPC,Repairing of 02 Nos Multistage case booster pump WL 100/4 and 02 Nos 3 (Three) Phase induction motor 170 HP (125 KW) at Shalimar Pumping Station at DPS Kishtwar,Unclassified,0.125,,,Unknown,https://www.nhpcindia.com/welcome/tender,NH/DPS/CONT/NIT-184/2024/E112876 dated 09.04.2024,NIT,,,125 KW,No,2026-09-04,2026-09-04,NEW
ff16a4b6d684,NHPC,Hydrographic Survey upto 32.50 km downstream of Dul Dam in Chenab river for Dam Break Analysis / Flood Routing and preparation of Inundation Map (for EAP),Unclassified,,,,Unknown,https://www.nhpcindia.com/welcome/tender,NH/DPS/CONT/NIT-182/2024/E113767 dated 06.04.2024,NIT,,,,Yes,2026-09-04,2026-09-04,NEW
473a0fe18d7a,NHPC,"Hydrographic Survey of Dul Dam Reservoir & Cross Section for EWS at DPS, Kishtwar for year 2024 and year 2025",Unclassified,,,,Unknown,https://www.nhpcindia.com/welcome/tender,NH/DPS/CONT/NIT-181/2024/E111134 dated 05.04.2024,NIT,,,,Yes,2026-09-04,2026-09-04,NEW
7d2eb8e34026,NHPC,"Modification/Refurbishment with design & engineering of three Monorail Hoists with supply of different components and installation & commissioning for making the hoists fully functional at Dam site of Dulhasti Power Station, NHPC Ltd., Kishtwar (J&K)",Unclassified,,Jammu and Kashmir,,Unknown,https://www.nhpcindia.com/welcome/tender,NH/DPS/CONT/NIT-188/2024/E112711 dated 05.04.2024,NIT,,,,No,2026-09-04,2026-09-04,NEW
7cb8fc25bd9f,NHPC,Creation of CRECHE/ DAY CARE CENTRE facility at Uri-II Power Station-Repair & Painting work of some portion of Nursery School building at Nowpora complex thereof,Unclassified,,,,Unknown,https://www.nhpcindia.com/welcome/tender,2024_NHPC_802742_1,Tender,,,,No,2026-09-04,2026-09-04,NEW
35868ad872e8,NHPC,Insurance Coverage under Group Personal Accident Insurance Scheme (GPAI) for a period of one year (From 01/06/2024 to 31/05/2025),Unclassified,,,,Unknown,https://www.nhpcindia.com/welcome/tender,GEM/2024/B/4829938,Tender,,,,No,2026-09-04,2026-09-04,NEW
63cd51e94929,NHPC,Overhauling and Servicing along with supply of consumable spares for H.P. & L.P. Compressors of Teesta-V Power Station,Unclassified,,,,Unknown,https://www.nhpcindia.com/welcome/tender,NIT No. NH/TSV/Cont/MC-145/NIT-909/2023-24/900 Dated : 30/03/2024 & E-Tender No. GEM/2024/B/4827200,NIT,,,,No,2026-09-04,2026-09-04,NEW
be0f75623f23,NHPC,"Development and landscaping of park at NHPC residential colony Dawar Gurez, of Kishanganga Power Station, Jammu and Kashmir (PKG-480).",Unclassified,,Jammu and Kashmir,,Unknown,https://www.nhpcindia.com/welcome/tender,2024_NHPC_802309_1,Tender,,,,No,2026-09-04,2026-09-04,NEW
225e2a81fd44,NHPC,Upgradation of SCADA System at Teesta-V Power Station: Ensuring Efficiency and Security,Unclassified,,,,Unknown,https://www.nhpcindia.com/welcome/tender,NIT No. NH/TSV/Cont/EC-150/NIT-908/2023-24/969 Dated : 27/03/2024 & -E-Tender id: 2024_NHPC_ 802327_1,NIT,,,,No,2026-09-04,2026-09-04,NEW
b757ded319ab,NHPC,Complete restoration of Chiller Unit # 01 of HVAC system at PH,Unclassified,,,,Unknown,https://www.nhpcindia.com/welcome/tender,NIT No. NH/TSV/Cont/MC-115/NIT-907/2023-24/967 Dated: 23/03/2024 & E-Tender No. 2024_NHPC_ 802157 _1,NIT,,,,No,2026-09-04,2026-09-04,NEW
c71ed221fcba,NHPC,"Supply, Installation, Testing and Commissioning of Fire Fighting and Protection System of Oil Pumping Units of MIV and Governor installed in Power House of Sewa-II Power Station, Mashka, Distt.-Kathua (JK) (MW-609)",Unclassified,,,,Unknown,https://www.nhpcindia.com/welcome/tender,NH/Sewa-II/Contracts/MW-609/2023/NIT-25/296 Dated 21.03.2024,NIT,,,,Yes,2026-09-04,2026-09-04,NEW
841792f8b307,NHPC,Insurance Coverage of Motor Vehicle Advance under NHPC Employees (MVA) Group Insurance Scheme for a Period of One Year (24.05.2024 to 23.05.2025),Unclassified,,,,Unknown,https://www.nhpcindia.com/welcome/tender,GEM/2024/B/4786101,Tender,,,,No,2026-09-04,2026-09-04,NEW
6e33aa990641,NHPC,"Repairing of Guest House and Area development around Guest house at Ithai Colony, Loktak Power Station.",Unclassified,,,,Unknown,https://www.nhpcindia.com/welcome/tender,NIT-1036 (O),NIT,,,,No,2026-09-04,2026-09-04,NEW
e02f78422988,NHPC,"Cleaning of Hurla and Pancha Trench weir, intake structure , collection chamber, Silt Flushing tunnel, gate grooves, Approch Tunnel, Feeder Tunnel and other associated structure of Parbati-H.E. Project, (Stage-II), (Package No-C-747)",Unclassified,,,,Unknown,https://www.nhpcindia.com/welcome/tender,NH/PP-II/P&C/Pkg. No. C-747/2024/10479,Tender,,,,No,2026-09-04,2026-09-04,NEW
fa2fbeb6a06c,NHPC,"Repair of existing Civil site office and Civil Site Store at Old Colony, Loktak Project.",Unclassified,,,,Unknown,https://www.nhpcindia.com/welcome/tender,NIT-1035 (O),NIT,,,,No,2026-09-04,2026-09-04,NEW
f426e95e18e4,NHPC,"Repair, Machining, Stress Relieving and HP-HVOF Coating of Runner and Guide Vanes of 60 MW Francis Turbine of Baira Siul Power Station",Unclassified,60.0,,,Unknown,https://www.nhpcindia.com/welcome/tender,NH/BSPS/CC/PH/71/2023-24/618,Tender,,,60 MW,Yes,2026-09-04,2026-09-04,NEW
436d78435b33,NHPC,"Waterproofing treatment of Vertical Expansion Joints at Power House Building,BSPS,Surangani",Unclassified,,,,Unknown,https://www.nhpcindia.com/welcome/tender,NH/BSPS/CC/CW/70/2023-24/615,Tender,,,,No,2026-09-04,2026-09-04,NEW
fe60d44d9fc7,NHPC,"Renovation of Boundary wall at Dawar Gurez of Kishanganga Power Station, J & K (PKG-476).",Unclassified,,,,Unknown,https://www.nhpcindia.com/welcome/tender,2024_NHPC_801576_1,Tender,,,,No,2026-09-04,2026-09-04,NEW
08e8446bd709,NHPC,Upgradation of Feedback system of Main Inlet Valve (MIV) and Brake Jet Valve (BJV) at Power House of Parbati HE Project (Stage-II)”(Package-C-743).,Unclassified,,,,Unknown,https://www.nhpcindia.com/welcome/tender,NH/PP-II/P&C/Pkg. No. C-743/2024/10474,Tender,,,,No,2026-09-04,2026-09-04,NEW
3017d25716af,NHPC,Repair of two numbers of Servomotors of Teesta-V Power Station,Unclassified,,,,Unknown,https://www.nhpcindia.com/welcome/tender,NH/TSV/Cont/MC-138/NIT-906/2023-24/957 Dated: 18/03/2024 & E-Tender Id: 2024_NHPC_ 801444_1,NIT,,,,No,2026-09-04,2026-09-04,NEW
1f18ada152ec,NHPC,Selection of RE Power Developers For Supply of 1200MW ‘Firm & Dispatchable’ power from ISTS connected (TBCB) - Tranche-II,Unclassified,1200.0,,,Unknown,https://www.nhpcindia.com/welcome/tender,2024_NHPC_800202_1,Tender,,,1200 MW,Yes,2026-09-04,2026-09-04,NEW
5f7aee44d4f1,NHPC,"Construction of 120ft Bailey Bridge over Khordak Channel near Khordak Regulator, Loktak Project on EPC basis.",Unclassified,,,,Unknown,https://www.nhpcindia.com/welcome/tender,NIT-1034 (O),NIT,,,,No,2026-09-04,2026-09-04,NEW
ab36c4d2d8d9,NHPC,"Removal of grass/ rank vegetation around Diesel Power House at Bidda workshop in NHPC Township, Dhyangarh & Jyotipuram.",Unclassified,,,,Unknown,https://www.nhpcindia.com/welcome/tender,NH/SPS/CD/NIT-17/2023-24/1142-51 Dated:14/03/2024 (2024_NHPC_800377_1),NIT,,,,No,2026-09-04,2026-09-04,NEW
48834486b616,NHPC,"Modification of Trench Weirs at Bhaledh including Design, manufacturing, supply and erection of modified trash rack along with necessary civil work at Bhaledh trench weir apron to increase the water carrying capacity and state of art for preventing of washing out of the trash rack placed over Bhaledh trench weir of Baira Siul Power Station",Unclassified,,,,Unknown,https://www.nhpcindia.com/welcome/tender,NH/BSPS/CC/CW/69/2023-24/601,Tender,,,,No,2026-09-04,2026-09-04,NEW
92e06a432cb4,NHPC,"Repair and maintenance of SBI Bank and Post Office Building at Commercial Complex, Gerukamukh",Unclassified,,,,Unknown,https://www.nhpcindia.com/welcome/tender,NH/SLP/CONT/2024/C-02/NIT/969,NIT,,,,No,2026-09-04,2026-09-04,NEW
d0c24d86dda6,NHPC,"Construction of Toilet, Rain Shelter at Bihali, Larji and Development of Play ground in School at Tipridhar under NHPC-CSR Scheme",Unclassified,,,,Unknown,https://www.nhpcindia.com/welcome/tender,"NH/PPS-III/NIT/ PR11923/251/1/451, Dated: 14/03/2024",NIT,,,,No,2026-09-04,2026-09-04,NEW
0cc81f59c732,NHPC,Hiring of 01 No inspection Vehicle M&M Bolero BS6 or equivalent for 24 months for Teesta-V Power Station,Unclassified,,,,Unknown,https://www.nhpcindia.com/welcome/tender,NIT No. NH/TSV/Cont/MC-142/NIT-904/2024/953 Dated : 14/03/2024 and GEM Bid No. GEM/2024/B/4777858,NIT,,,,No,2026-09-04,2026-09-04,NEW
37d2a1dcc015,NHPC,Hiring of 01 No inspection Vehicle M&M Bolero B6/M&M Xylo or equivalent for 24 months for Teesta-V Power Station,Unclassified,,,,Unknown,https://www.nhpcindia.com/welcome/tender,NIT No. NH/TSV/Cont/MC-140/NIT-903/2024/952 Dated : 13/03/2024 & GEM Bid No. GEM/2024/B/4776584,NIT,,,,No,2026-09-04,2026-09-04,NEW
bc12485b722e,NHPC,Hiring of a Toyota Innova (Crysta)2.4 GX or equivalent for 24 months for Teesta-V Power Station,Unclassified,,,,Unknown,https://www.nhpcindia.com/welcome/tender,NIT NH/TSV/Cont/MC-141/NIT-902/2024/951 Dated : 13/03/2024 & GEM Bid No. GEM/2024/B/4776165,NIT,,,,No,2026-09-04,2026-09-04,NEW
c7743518591d,NHPC,"Development of Area between Administrative Building and Community Hall and Near Permanent B-Type Quarters at KGPS Colony, Bandipora (PKG-463).",Unclassified,,,,Unknown,https://www.nhpcindia.com/welcome/tender,2024_NHPC_800328_1,Tender,,,,No,2026-09-04,2026-09-04,NEW
96669f53b639,NHPC,Providing assistance for IT & Communication related works at Power House and Dam site of Teesta-V Power Station,Unclassified,,,,Unknown,https://www.nhpcindia.com/welcome/tender,NH/TSV/Cont/RM-190/NIT-901/2023-24/887 Dated: 12/03/2024,NIT,,,,No,2026-09-04,2026-09-04,NEW
78d45321f10b,NHPC,"Repairs and servicing of Ashok Leyland Make Tractor Trailer-JK14B-7967, Model-4921 ((2024_NHPC_799846_1))",Unclassified,,,,Unknown,https://www.nhpcindia.com/welcome/tender,NH/SPS/CD/NIT-19/2023-24/1131-39 (2024_NHPC_799846_1),NIT,,,,No,2026-09-04,2026-09-04,NEW
61b82bfebe6a,NHPC,Restoration of damaged/washed out portion of foot track and M S Pipe railing along river sapangini colony of Parbati III Power Station,Unclassified,,,,Unknown,https://www.nhpcindia.com/welcome/tender,"NH/PPS-III/NIT/ PR11923/257/1/448,Dated: 12/03/2024",NIT,,,,No,2026-09-04,2026-09-04,NEW
2789d551b28f,NHPC,"Providing and fixing the supporting frame over runner inspection platform and covering plate on runner removal hatch cover of three generating units of Power House, Kishanganga Power Station (PKG-471).",Unclassified,,,,Unknown,https://www.nhpcindia.com/welcome/tender,2024_NHPC_800079_1,Tender,,,,No,2026-09-04,2026-09-04,NEW
ff51d646cd5b,NHPC,"Repairing work of Perimeter Wall near the NHPC Colony Main Gate at Karalpora, Bandipora, J & K (Pkg-470).",Unclassified,,,,Unknown,https://www.nhpcindia.com/welcome/tender,2024_NHPC_795738_1,Tender,,,,No,2026-09-04,2026-09-04,NEW
960aa55c1e19,NHPC,Restoration of damaged/washed out portion of boundary/retaining wall along the river including electrical works at sapangini of Parbati III Power Station,Unclassified,,,,Unknown,https://www.nhpcindia.com/welcome/tender,"NH/PPS-III/NIT/ PR11923/280/1/445, Dated: 11/03/2024",NIT,,,,No,2026-09-04,2026-09-04,NEW
e7f1c5209c5e,NHPC,"Repair work of 11 KV HT line of Panch and construction of new 11 KV line of Hurla site of Parbati H.E. Project (Stage-II), (Package No-C-746)",Unclassified,,,,Unknown,https://www.nhpcindia.com/welcome/tender,NH/PP-II/P&C/Pkg. No. C-746/2024/10458,Tender,,,,No,2026-09-04,2026-09-04,NEW
762204dd86bf,NHPC,"Replacement of raised flooring panels of Control Room of Sewa -II Power Station, Mashka, J&K (CW-600)",Unclassified,,Jammu and Kashmir,,Unknown,https://www.nhpcindia.com/welcome/tender,NH/Sewa-II/Contracts/CW-600/2023/NIT-24/280 Dated 07.03.2024,NIT,,,,No,2026-09-04,2026-09-04,NEW
240e8760e5a3,NHPC,"Renovation work in Power House sub store, near Switchyard of Kishanganga Power Station, Bandipora, J&K (PKG-469).",Unclassified,,Jammu and Kashmir,,Unknown,https://www.nhpcindia.com/welcome/tender,2024_NHPC_799264_1,Tender,,,,No,2026-09-04,2026-09-04,NEW
ed53aeb96ac6,NHPC,"Repair and maintenance of Project Hospital & Incinerator room (Helipad) at NHPC Teesta-V Power station, Balutar",Unclassified,,,,Unknown,https://www.nhpcindia.com/welcome/tender,NH/TSV/Cont/CC-321/NIT-899/2023-24/881 Dated: 07/03/2024,NIT,,,,No,2026-09-04,2026-09-04,NEW
c6ff043f47f1,NHPC,"Restoration protection work of Dumping Site-3, Tareda, Parbati-III Power Station",Unclassified,,,,Unknown,https://www.nhpcindia.com/welcome/tender,NH/PPS-III/NIT/PR11923/248/1/439 Dated: 07/03/2024,NIT,,,,No,2026-09-04,2026-09-04,NEW
778a3fced5df,NHPC,External Painting of Salal Power House & surroundings and Providing and Fixing ACP sheets in front of Service bay and entrance of Power House Building (Tender ID 2024_NHPC_798990_1),Unclassified,,,,Unknown,https://www.nhpcindia.com/welcome/tender,NH/SPS/CD/NIT-23/2023-24/1096-05 (Tender ID 2024_NHPC_798990_1),NIT,,,,No,2026-09-04,2026-09-04,NEW
6d1fc9f7bb28,NHPC,Hiring of Five (05) nos. Mahindra Bolero model B4 (Diesel) or higher with driver and with fuel (reimbursable) for two years,Unclassified,,,,Unknown,https://www.nhpcindia.com/welcome/tender,GEM/2024/B/4615657,Tender,,,,No,2026-09-04,2026-09-04,NEW
92d4647d3d84,NHPC,"Protection work for Boundary wall at Power House area, KGPS, Bandipora, J&K (Pkg-474)",Unclassified,,Jammu and Kashmir,,Unknown,https://www.nhpcindia.com/welcome/tender,2024_NHPC_799261_1,Tender,,,,No,2026-09-04,2026-09-04,NEW
204965b1b0fe,NHPC,"Providing and fixing Grab bar in toilets at NHPC Office, Sec-33, Faridabad",Unclassified,,,,Unknown,https://www.nhpcindia.com/welcome/tender,GEM/2024/B/4744279,Tender,,,,No,2026-09-04,2026-09-04,NEW
af354712cbcf,NHPC,Repainting of various components installed at Switchyard Complex of CPS-1.,Unclassified,,,,Unknown,https://www.nhpcindia.com/welcome/tender,NH/CPS-1/P&C/W-1432/2023-24/1507 Dated: 06/03/2024,Tender,,,,No,2026-09-04,2026-09-04,NEW
5082aadff55d,NHPC,"Channelization of Seepage in Transformer Cavern, MAT Portal, MIV floor, Platform on GIS floor crane beam of Power House Parbati-III Power Station, Behali",Unclassified,,,,Unknown,https://www.nhpcindia.com/welcome/tender,NH/PPS-III/NIT/PR11923/210/1/435 Dated: 06/03/2024,NIT,,,,No,2026-09-04,2026-09-04,NEW
04b865091100,NHPC,"Restoration of damaged boundary wall along with river protection/training work at Sainj Township of Parbati H.E. Project (Stage-II), (Package No-C-745)",Unclassified,,,,Unknown,https://www.nhpcindia.com/welcome/tender,NH/PP-II/P&C/Pkg. No. C-745/2024/10445,Tender,,,,No,2026-09-04,2026-09-04,NEW
22c927cccedc,NHPC,"Repair of Right bank Executive Field Hostel (With Kitchen) & internal electrification of Executive Field Hostel and kitchen of Auditorium, Teesta -V Power Station at Balutar",Unclassified,,,,Unknown,https://www.nhpcindia.com/welcome/tender,NH/TSV/Cont/CC-300/NIT-898/2023-24/874 Dated: 05/03/2024,NIT,,,,No,2026-09-04,2026-09-04,NEW
6a94b48674f2,NHPC,Safety Railing for newly constructed A-type and B-type quarters for CISF at Nowpora Complex of Uri-II Power Station,Unclassified,,,,Unknown,https://www.nhpcindia.com/welcome/tender,2024_NHPC_798882_1,Tender,,,,No,2026-09-04,2026-09-04,NEW
ac949af3603b,NHPC,"Design, supply, erection and commissioning of mono rail for lifting arrangement of Drainage and Dewatering system",Unclassified,,,,Unknown,https://www.nhpcindia.com/welcome/tender,NH/PPS-III/NIT/PR11923/151/1/432 Dated: 05/03/2024,NIT,,,,No,2026-09-04,2026-09-04,NEW
5f8a69d2a0f0,NHPC,"""River bank protection/ erosion control measures on the Right bank of River Subansiri adjacent to Kokatitup, D/s of 1 Nos Sumdiri (RD 49.45KM to 50.35KM) (900m), beyond 30KM)""",Unclassified,,,,Unknown,https://www.nhpcindia.com/welcome/tender,NH/SLP/CONT/23-C-52/24/NIT/938,NIT,,,,No,2026-09-04,2026-09-04,NEW
ca589a98435b,NHPC,"Repair and Maintenance of road from NH-1A to Surge Shaft and NH-1A to DTGH of Uri-II Power Station, JK",Unclassified,,,,Unknown,https://www.nhpcindia.com/welcome/tender,2024_NHPC_798728_1,Tender,,,,No,2026-09-04,2026-09-04,NEW
6bd1dbf155f3,NHPC,"Repairing of road side drains along the power channel and other areas at dam complex of Uri-II Power Station, JK",Unclassified,,,,Unknown,https://www.nhpcindia.com/welcome/tender,2024_NHPC_798751_1,Tender,,,,No,2026-09-04,2026-09-04,NEW
951654d98d2a,NHPC,"Comprehensive Maintenance including supply of spares, installation, testing and commissioning of 40 Ton and 10 Ton EOT crane installed in Turbine Floor and GIS Hall respectively at Power House of Parbati HE Project (Stage-II)”(Package-C-740).",Unclassified,,,,Unknown,https://www.nhpcindia.com/welcome/tender,NH/PP-II/P&C/Pkg. No. C-740 /2024/10429,Tender,,,,No,2026-09-04,2026-09-04,NEW
cb7019ac007c,NHPC,"Drilling of 30 m Holes of 45mm in Drainage Gallery, Power House, PPS-III Behali",Unclassified,,,,Unknown,https://www.nhpcindia.com/welcome/tender,"NH/PPS-III/NIT/PR11923/236/1/430,Dated: 04/03/2024",NIT,,,,No,2026-09-04,2026-09-04,NEW
df4046d9f847,NHPC,"Procurement, Manufacturing, Supply, Erection, Testing and Commissioning of new expansion joint at AB-10 anchor block etc. complete in all respect at Sewa-II Power Station, Mashka, Distt.-Kathua (JK) (MW-599)",Unclassified,,,,Unknown,https://www.nhpcindia.com/welcome/tender,NH/Sewa-II/Contracts/MW-599/2024/NIT-23/277 Dtd. 02.03.2024,NIT,,,,Yes,2026-09-04,2026-09-04,NEW
476288b5972f,NHPC,"Drilling of 02 Bore wells and installation of casing and submersible pumps along with connecting to water Supply tank/pipe line at Balutar colony Right bank, Teesta-V Power Station",Unclassified,,,,Unknown,https://www.nhpcindia.com/welcome/tender,NH/TSV/Cont/CC-320/NIT-897/2023-24/871 Dated: 02/03/2024,NIT,,,,No,2026-09-04,2026-09-04,NEW
98dc5c37289d,NHPC,"Hiring of Services for providing assistance in Field Hostel mess & assistance in Office Works for West Seti Project, Sudur Paschim Province, Nepal (Package WS-08).",Unclassified,,,,Unknown,https://www.nhpcindia.com/welcome/tender,NHPC_WS-08/2024,Tender,,,,No,2026-09-04,2026-09-04,NEW
10b4c1bbb1c5,NHPC,Providing and Fixing Profile Sheet at MAT Portal and near Machine Hall of Parbati-III Power Station,Unclassified,,,,Unknown,https://www.nhpcindia.com/welcome/tender,NH/PPS-III/NIT/PR11923/252/1/ 422 Dated: 01/03/2024,NIT,,,,No,2026-09-04,2026-09-04,NEW
579616c42291,NHPC,Repairing and painting of exterior portion of VIP Guest House and its Boundary Wall at Regional office-Siliguri,Unclassified,,,,Unknown,https://www.nhpcindia.com/welcome/tender,"NH/RO(Slg)/ PR15323/159/70 Dated, 01.03.2024",Tender,,,,No,2026-09-04,2026-09-04,NEW
3028d58f6e4b,NHPC,"Plinth Protection, drain repair, external repair and painting works of Type-Zero, Type-I, Type-IA, Type -II (old), Type-II (New) and Type-III, F/H at Regional Office, Vidyut Nagar, Siliguri",Unclassified,,,,Unknown,https://www.nhpcindia.com/welcome/tender,NH/RO(Slg)/ PR15323/110/69 Dated 01.03.2024,Tender,,,,No,2026-09-04,2026-09-04,NEW
f0b1ec7cde9c,NHPC,"Hiring of Services for collection of G&D data and Sedimentation Samples at Dam & Power House Site and providing assistance during Geophysical Studies, Survey work and site visits of West Seti H. E. Project, Sudur Paschim Pradesh, Nepal (Package WS-07)",Unclassified,,,,Unknown,https://www.nhpcindia.com/welcome/tender,NHPC_WS-07/2024,Tender,,,,No,2026-09-04,2026-09-04,NEW
2cc7cd9d6f96,NHPC,"Hiring of Services for collection of G&D data and Sedimentation Samples at Dam & Power House Site and providing assistance during Geophysical Studies, Survey work and site visits of Seti River-6 H. E. Project, Sudur Paschim Pradesh, Nepal (Package SR-04)",Unclassified,,,,Unknown,https://www.nhpcindia.com/welcome/tender,NHPC_SR-04/2024,Tender,,,,No,2026-09-04,2026-09-04,NEW
8f0b957ec011,NHPC,"Hiring of Mahindra Bolero Camper 4WD BS VI (Double Cabin) for Dugar HE Project at Luj, Killar, Distt. Chamba (Package No. DHEP-17)",Unclassified,,,,Unknown,https://www.nhpcindia.com/welcome/tender,NH/PP-II/P&C/Pkg. No. DHEP-17/2024/10415,Tender,,,,No,2026-09-04,2026-09-04,NEW
fb2944a0a318,NHPC,"Painting of VIP Guest house at Sector-35, Renovation of stair case with Stainless steel railing, tile flooring, Construction of Temporary sheds, Collapsible door at Sector-43, Chandigarh",Unclassified,,Chandigarh,,Unknown,https://www.nhpcindia.com/welcome/tender,NH/ROCHD/PNC/CW10/2024/08,Tender,,,,No,2026-09-04,2026-09-04,NEW
914180d42d8a,NHPC,Internal Wiring of a Plan House Cum Office Building and Canteen(Under Construction) at Baira Dam,Unclassified,,,,Unknown,https://www.nhpcindia.com/welcome/tender,NH/BSPS/CC/RMU/66/2023-24/569,Tender,,,,No,2026-09-04,2026-09-04,NEW
07a38baa03ed,NHPC,"Statutory test of Lifting Tools-tackles, air vessels and equipment under Factory Act, 1948 of power House",Unclassified,,,,Unknown,https://www.nhpcindia.com/welcome/tender,NIT No. NH/TSV/Cont/MC-139/NIT-896/2023-24/914 Dated : 27/02/2024 & GEM Bid No. GEM/2024/B/4699120,NIT,,,,No,2026-09-04,2026-09-04,NEW
02fc229a5e47,NHPC,"Insurance of various movable and immovable properties of NHPC Office Complex, Sector-33, Faridabad, Residential Complex, Surajkund Road, Faridabad and Guest House-Delhi for the period of 2024-25.",Unclassified,,Delhi,,Unknown,https://www.nhpcindia.com/welcome/tender,GEM/2024/B/4694905,Tender,,,,No,2026-09-04,2026-09-04,NEW
eb591d6556c2,NHPC,Hydrographic survey of Salal Dam reservoir at Dhyangarh for year 2024-25,Unclassified,,,,Unknown,https://www.nhpcindia.com/welcome/tender,NH/SPS/CD/NIT-27/2023-24/1043-53 dt 24-02-2024 (Tender ID 2024_NHPC_797413_1 ),NIT,,,,Yes,2026-09-04,2026-09-04,NEW
6cc339332f87,NHPC,"Painting and Miscellaneous Repair Works of Central Store at Baira Siul Power Station,Surangani",Unclassified,,,,Unknown,https://www.nhpcindia.com/welcome/tender,NH/BSPS/CC/CW/63/2023-24/556,Tender,,,,No,2026-09-04,2026-09-04,NEW
68fe3cf4a618,NHPC,Hiring of a M&M Bolero Camper or equivalent for Teesta-V Power Station for a period of 24 months,Unclassified,,,,Unknown,https://www.nhpcindia.com/welcome/tender,NIT No. NH/TSV/Cont/MC-143/NIT-895/2024/912 Dated : 24/02/2024 & GEM Bid No. GEM/2024/B/4689737,NIT,,,,No,2026-09-04,2026-09-04,NEW
41f1acf85864,NHPC,Purchase of cartridge and toner for HP printers.,Unclassified,,,,Unknown,https://www.nhpcindia.com/welcome/tender,GEM/2024/B/4640608,Tender,,,,No,2026-09-04,2026-09-04,NEW
288fe5518bd4,NHPC,“Purchase of 01 no. Ultra Sound Machine”,Unclassified,,,,Unknown,https://www.nhpcindia.com/welcome/tender,GEM/2024/B/4560002,Tender,,,,No,2026-09-04,2026-09-04,NEW
047def774751,NHPC,Providing assistance for Running & Maintenance of main administrative office at Mangan for Teesta -IV HE Project.,Unclassified,,,,Unknown,https://www.nhpcindia.com/welcome/tender,NH/TSV/Cont/RM-187/NIT-894/2023-24/861 Dated: 21/02/2024,NIT,,,,No,2026-09-04,2026-09-04,NEW
63d24da4c657,NHPC,Providing assistance for Running & Maintenance of Field Hostel at Samdong for Teesta -IV HE Project,Unclassified,,,,Unknown,https://www.nhpcindia.com/welcome/tender,NH/TSV/Cont/RM-188/NIT-893/2023-24/857 Dated: 20/02/2024,NIT,,,,No,2026-09-04,2026-09-04,NEW
0a383d3a197e,NHPC,"Stabilization of hill slope side of penstock u/s of AB # 8 at Sewa -II Power Station, Mashka, J&K (CW-611)",Unclassified,,Jammu and Kashmir,,Unknown,https://www.nhpcindia.com/welcome/tender,NH/Sewa-II/Contracts/CW-611/2024/NIT-22/258 Dated 19.02.2024,NIT,,,,No,2026-09-04,2026-09-04,NEW
5898fbb4cc63,NHPC,River bank protection/ erosion control measures on the Right bank of River Subansiri adjacent to village Haridash goan (Beyond 30km),Unclassified,,,,Unknown,https://www.nhpcindia.com/welcome/tender,NH/SLP/CONT/23C51/2024/NIT/914,NIT,,,,No,2026-09-04,2026-09-04,NEW
ad54536f2836,NHPC,"Supply, Erection and Testing of 11 KV inter-connection line from NHPC Left bank colony to NHPC Right bank colony at Teesta-V Power Station, Balutar",Unclassified,,,,Unknown,https://www.nhpcindia.com/welcome/tender,NH/TSV/Cont/EC-149/NIT-891/2023-24/852 Dated : 15/02/2024,NIT,,,,No,2026-09-04,2026-09-04,NEW
9b11b4d3ec90,NHPC,"Package-4, Civil Works for cleaning, repair and restoration work of HRT (Adit-1 to Adit-3) of Teesta-V Power Station, Sikkim",Unclassified,,Sikkim,,Unknown,https://www.nhpcindia.com/welcome/tender,2024_NHPC_795456_1,Tender,,,,No,2026-09-04,2026-09-04,NEW
fb17253709a6,NHPC,Annual Maintenance Contract for 03 nos. 500 KVA DG set & 01 no. 200 KVA Cummins make DG set,Unclassified,,,,Unknown,https://www.nhpcindia.com/welcome/tender,NH/TSV/Cont/EC-136/NIT-890/2023-24/850 Dated : 14/02/2024,NIT,,,,No,2026-09-04,2026-09-04,NEW
39d358604030,NHPC,“Providing assistance services for hydro meteorological work of Dibang Multipurpose Project at various G&D sites and rain gauge stations”,Hydro,,,,Unknown,https://www.nhpcindia.com/welcome/tender,GEM/2024/B/4531978,Tender,,,,Yes,2026-09-04,2026-09-04,NEW
265482b52443,NHPC,"Renovation, Repairing and Painting of Type-II (12 Nos) quarter at Samdong Colony, Teesta-V",Unclassified,,,,Unknown,https://www.nhpcindia.com/welcome/tender,NH/TSV/Cont/CC-303/NIT-889/2023-24/848 Dated: 12/02/2024,NIT,,,,No,2026-09-04,2026-09-04,NEW
41d951c423c6,NHPC,"Internal Wiring of Balika Ashram(Under Construction)at Chilli, Tehsil-Churah, Distt- Chamba(H.P)",Unclassified,,,,Unknown,https://www.nhpcindia.com/welcome/tender,NH/BSPS/CC/EW/59/2023-24/536,Tender,,,,No,2026-09-04,2026-09-04,NEW
fed60641d248,NHPC,"Repair of SFT Outlet and its surrounding area at Bhaledh,BSPS,Surangani",Unclassified,,,,Unknown,https://www.nhpcindia.com/welcome/tender,NH/BSPS/CC/CW/62/2023-24/534,Tender,,,,No,2026-09-04,2026-09-04,NEW
38c84713accd,NHPC,"Restoration of Damaged / Washout portion of Drain, Sewage Line & Internal Road along the river at Sapangni Colony, Parbati-III Power Station",Unclassified,,,,Unknown,https://www.nhpcindia.com/welcome/tender,NH/PPS-III/NIT/PR11923/240/1/385 Dated: 08/02/2024,NIT,,,,No,2026-09-04,2026-09-04,NEW
fd355766bad3,NHPC,"Rate Contract for Purchase of Medicines for Project Hospital Subansiri Lower H.E, Project Gerukamukh for 1 year",Unclassified,,,,Unknown,https://www.nhpcindia.com/welcome/tender,NH/SLP/PROC/2024/P-61/NIT/881 दिनांक: 07.02.2024,NIT,,,,No,2026-09-04,2026-09-04,NEW
4553577b513e,NHPC,"“ Supply, Installation, testing and Commissioning of Portable container for offices, accommodations and canteen use purpose”.",Unclassified,,,,Unknown,https://www.nhpcindia.com/welcome/tender,GEM/2024/B/4520706,Tender,,,,No,2026-09-04,2026-09-04,NEW
9daf8385793e,NHPC,Construction of cladding work by way of Aluminium Composite Panel (ACP) in approach gallery of Power House at Uri-II Power Station,Unclassified,,,,Unknown,https://www.nhpcindia.com/welcome/tender,2024_NHPC_794432_1,Tender,,,,No,2026-09-04,2026-09-04,NEW
0184d0a2cec6,NHPC,"“ Manufacturing, Supplying, Installation, Testing and commissioning of customized Main LT Distribution Panel with 2000A current capacity Copper bus bar and as per detailed technical specification.",Unclassified,,,,Unknown,https://www.nhpcindia.com/welcome/tender,GEM/2024/B/4501060,Tender,,,,No,2026-09-04,2026-09-04,NEW
cbb5d561e353,NHPC,Restoration Work of Potable Water Supply Line from Pump Station to Pothead Yard of Parbati-III Power Station,Unclassified,,,,Unknown,https://www.nhpcindia.com/welcome/tender,"NH/PPS-III/NIT/ PR11923/217/1/383,Dated: 07/02/2024",NIT,,,,No,2026-09-04,2026-09-04,NEW
01d49b9405c6,NHPC,"“ Supply, installation, testing and commissioning of license free Walkie Talkie sets (Make: Skyfone , Model :S-111) including charger, battery, clip etc. & spare battery for license free Walkie Talkie sets of Make: Skyfone , Model :S-111”,",Unclassified,,,,Unknown,https://www.nhpcindia.com/welcome/tender,GEM/2024/B/4545138,Tender,,,,Yes,2026-09-04,2026-09-04,NEW
dda409aa0bb7,NHPC,"Wide publicity of achievements of Ministry of Power, Government of India through hoardings in the State of Sikkim",Unclassified,,Sikkim,,Unknown,https://www.nhpcindia.com/welcome/tender,NH/TSV/Cont/CC-318/NIT-888/2023-24/838 Dated: 07/02/2024,NIT,,,,No,2026-09-04,2026-09-04,NEW
d55633924791,NHPC,Balance Work of “Construction of Oil Sump Tank under RMU works of Baira Siul Power Station,Unclassified,,,,Unknown,https://www.nhpcindia.com/welcome/tender,NH/BSPS/CC/RMU/56/2023-24/524,Tender,,,,No,2026-09-04,2026-09-04,NEW
596622c4287e,NHPC,"Modification of Trench Weirs at Bhaledh including Design, manufacturing, supply and erection of modified trash rack along with necessary civil work at Bhaledh trench weir apron to increase the water carrying capacity and state of art for preventing of washing out of the trash rack placed over Bhaledh trench weir of Baira Siul Power Station",Unclassified,,,,Unknown,https://www.nhpcindia.com/welcome/tender,NH/BSPS/CC/CW/61/2023-24/523,Tender,,,,No,2026-09-04,2026-09-04,NEW
e51e0380ad49,NHPC,"Purchase of 2 Nos DG Set (30KVA) for Dibang MPP, Roing",Unclassified,,,,Unknown,https://www.nhpcindia.com/welcome/tender,GEM/2024/B/4529566,Tender,,,,No,2026-09-04,2026-09-04,NEW
e9f0665db7dd,NHPC,Supply & Installation of Portable Security Guard Cabins at construction sites of Major works of Dibang Multipurpose Project & at Chimiri Colony,Unclassified,,,,Unknown,https://www.nhpcindia.com/welcome/tender,GEM/2024/B/4532630,Tender,,,,No,2026-09-04,2026-09-04,NEW
af32599d3013,NHPC,एनएचपीसी निगम मुख्यालय में 300 नग क्लास- III डिजिटल हस्ताक्षर सर्टिफिकेट (DSC) की आपूर्ति के लिए तीन वर्षों की दर अनुबंध,Unclassified,,,,Unknown,https://www.nhpcindia.com/welcome/tender,NH/Conts(E&M-III)/CO-128/PR10023/357/2024,Tender,,,,No,2026-09-04,2026-09-04,NEW
ab64576fdf34,NHPC,Repairing of Steel Bridge over Siul Nallah to Drop Shaft at Siul Weir Complex of BSPS,Unclassified,,,,Unknown,https://www.nhpcindia.com/welcome/tender,NH/BSPS/CC/RMU/56/2023-24/518,Tender,,,,No,2026-09-04,2026-09-04,NEW
afe0c07f69ff,NHPC,Additional Rock Protection in Poor Reach of Adit to Pressure Shaft and Adit to MIV Hall,Unclassified,,,,Unknown,https://www.nhpcindia.com/welcome/tender,2024_NHPC_793568_1,Tender,,,,No,2026-09-04,2026-09-04,NEW
ec978ca721a5,NHPC,onstruction of new boundary and beautification of front area of the non-Executive field hostel of Regional Office-Siliguri,Unclassified,,,,Unknown,https://www.nhpcindia.com/welcome/tender,NH/RO(Slg)/ PR15323/128/34 Dated 30.01.2024,Tender,,,,No,2026-09-04,2026-09-04,NEW
21430dc5e07e,NHPC,"Repairing of road from NH-1A to Dachi bridge of Uri-II Power Station, JK",Unclassified,,,,Unknown,https://www.nhpcindia.com/welcome/tender,2024_NHPC_792961_1,Tender,,,,No,2026-09-04,2026-09-04,NEW
32ef02cfec89,NHPC,Supply of 1200MW power from ISTS connected Wind Power Projects under Tariff Based Competitive Bidding (TBCB),Wind,1200.0,,,Unknown,https://www.nhpcindia.com/welcome/tender,2024_NHPC_ 789236_1,Tender,,,1200 MW,Yes,2026-09-04,2026-09-04,NEW
6c82dad8461f,NHPC,Hiring of Different Type of Vehicles (15 no.) along with all necessary arrangement for its smooth operation/ running for various locations of Parbati H.E. Project (Stage-II) (Package No. C- 738)”.,Unclassified,,,,Unknown,https://www.nhpcindia.com/welcome/tender,NH/PP-II/P&C/Pkg. No. C-738/2024/10327,Tender,,,,No,2026-09-04,2026-09-04,NEW
a00f8640c844,NHPC,"Construction of temporary rooms for starting Kendriya Vidyalaya in Children's Park at Left Bank of Teesta-V Power Station, Balutar",Unclassified,,,,Unknown,https://www.nhpcindia.com/welcome/tender,NH/TSV/Cont/CC-319/NIT-887/2023-24/829 Dated:30/01/2024,NIT,,,,No,2026-09-04,2026-09-04,NEW
5239e9c35790,NHPC,Repair and maintenance work of Dam Spillway Glacis no. 3 of Uri-Il Power Station,Unclassified,,,,Unknown,https://www.nhpcindia.com/welcome/tender,2024_NHPC_792467_1,Tender,,,,No,2026-09-04,2026-09-04,NEW
8e29b5c2aa52,NHPC,"Repairing of CRPF Type-II Quarters (Nos. 18, 22, 25, 26, 27 & 28) Near Guest House at Old Colony Loktak.",Unclassified,,,,Unknown,https://www.nhpcindia.com/welcome/tender,NIT No. 1033 (Open),NIT,,,,No,2026-09-04,2026-09-04,NEW
f0d8d6119742,NHPC,"Supply, Installation, Testing and Commissioning of Fire Fighting and Protection System of Oil Pumping Units of MIV and Governor installed in Power House of Sewa-II Power Station, Mashka, Distt.-Kathua (J&K) (MW-609)",Unclassified,,Jammu and Kashmir,,Unknown,https://www.nhpcindia.com/welcome/tender,NH/Sewa-II/Contracts/MW-609/2023/NIT-21/239 Dated 25.01.2024,NIT,,,,Yes,2026-09-04,2026-09-04,NEW
022fd1cc99d0,NHPC,Mural art work for Salal Power Station and power house photo at wall in front of Admin II building Salal Power Station,Unclassified,,,,Unknown,https://www.nhpcindia.com/welcome/tender,NH/SPS/CD/NIT-18/2023-24/920-929 (2024_NHPC_791529_1 ),NIT,,,,No,2026-09-04,2026-09-04,NEW
b1e9bb1b1944,NHPC,"Clearing of grass/jungle grown over the silt deposited in the right bank of the reservoir area near to Rock-fill dam at Dhyangarh, Salal Power Station",Unclassified,,,,Unknown,https://www.nhpcindia.com/welcome/tender,NH/SPS/CD/NIT-20/2023-24/898-908 (2024_NHPC_791078_1),NIT,,,,No,2026-09-04,2026-09-04,NEW
2f090e422def,NHPC,"Re-Wiring of Admin Building-II (GM Office) at Salal Power Station, Jyotipuram",Unclassified,,,,Unknown,https://www.nhpcindia.com/welcome/tender,NH/SPS/CD/NIT-21/2023-24/909-919 (Tender ID 2024_NHPC_791247_1),NIT,,,,Yes,2026-09-04,2026-09-04,NEW
7bf1681f701b,NHPC,"Construction of wire Crates for slope protection of damaged G E Store land on the right bank of river bank towards Kanan Khola at Teesta-VI H E Project Pamphok, South Sikkim, Sikkim",Unclassified,,Sikkim,,Unknown,https://www.nhpcindia.com/welcome/tender,LTHPL/TSVI/P&C/NIT-29/2024/409,NIT,,,,No,2026-09-04,2026-09-04,NEW
657ad7e75753,NHPC,"Restoration of Damages Caused due to Heavy Rainfall at Power House Site of Parbati HE Project (Stage-II), Sainj, Kullu, (H.P) (Package No. C-734A)”.",Unclassified,,,,Unknown,https://www.nhpcindia.com/welcome/tender,NH/PP-II/P&C/Pkg. No. C-734A/2024/10315,Tender,,,,No,2026-09-04,2026-09-04,NEW
973f98d8eb95,NHPC,"Comprehensive AMC of Window/ Split/ Cassette Type Air Conditioners & Water Coolers in NHPC Residential Complex, Sector-41, Faridabad for Two Years.",Unclassified,,,,Unknown,https://www.nhpcindia.com/welcome/tender,2024_NHPC_791388_1,Tender,,,,Yes,2026-09-04,2026-09-04,NEW
b6719f5f7e4d,NHPC,"Renovation of Toilet in Admin Building, Behali of Parbati-III Power Station",Unclassified,,,,Unknown,https://www.nhpcindia.com/welcome/tender,NH/PPS-III/NIT/PR11923/222/1/359 Dated: 20/01/2024,NIT,,,,No,2026-09-04,2026-09-04,NEW
cd34f57eaa43,NHPC,"Providing Running and Maintenance Services in Various Field Hostels at Dibang Multipurpose Project, Roing, Arunachal Pradesh",Unclassified,,Arunachal Pradesh,,Unknown,https://www.nhpcindia.com/welcome/tender,GEM/2023/B/4373554 Dated : 19-01-2024,Tender,,,,No,2026-09-04,2026-09-04,NEW
0ba6fc23503a,NHPC,"Package-3, Civil works for Repair and Restoration of Concrete Dam & Appurtenant Structure, Power Intake, Desilting Chambers, Branch HRT, GOC, Gate Shafts and Part HRT etc. upto Adit 1 of Teesta-V Power Station, Sikkim",Unclassified,,Sikkim,,Unknown,https://www.nhpcindia.com/welcome/tender,2024_NHPC_791240_1,Tender,,,,No,2026-09-04,2026-09-04,NEW
d4fd8ee7feaf,NHPC,Providing Consultancy Services for undertaking EIA studies for West Seti H E Project along with Initial Environmental Examination for its Transmission Line including preparation and approval of EIA study report from IBN/MOFE/Govt. of Nepal,Transmission / Evacuation,,,,Unknown,https://www.nhpcindia.com/welcome/tender,NHPC_WS-06/2024,Tender,,,,No,2026-09-04,2026-09-04,NEW
e43c1eb8634b,NHPC,Hiring of Services for undertaking Reservoir Area Survey and River Cross-Section Survey of Seti River and its tributaries /nallahs in the reservoir area for West Seti HE Project.,Unclassified,,,,Unknown,https://www.nhpcindia.com/welcome/tender,NHPC_WS-05/2024,Tender,,,,No,2026-09-04,2026-09-04,NEW
7a6e514015da,NHPC,Restoration of damaged protection work of road to Silt flushing Tunnel of Parbati-III Power Station,Unclassified,,,,Unknown,https://www.nhpcindia.com/welcome/tender,"NH/PPS-III/NIT/ PR11923/237/1/352, Dated: 18/01/2024.",NIT,,,,No,2026-09-04,2026-09-04,NEW
ff0074150374,NHPC,"Engineering, Procurement & Construction (EPC) Contract for Setting up of Pilot Project for Green Hydrogen based Mobility Station at District- Chamba, Himachal Pradesh along with Comprehensive O&M of 03 Years",Green Hydrogen / Derivatives,,Himachal Pradesh,,Unknown,https://www.nhpcindia.com/welcome/tender,2023_NHPC_775293_1,Tender,,,,Yes,2026-09-04,2026-09-04,NEW
eddfaafd9249,NHPC,Restoration of damaged/wash out of protection work along the river at Sapangni colony of Parbati-III Power Station,Unclassified,,,,Unknown,https://www.nhpcindia.com/welcome/tender,NH/PPS-III/NIT/PR11923/188/1/345 Dated: 17/01/2024,NIT,,,,No,2026-09-04,2026-09-04,NEW
a6876fa6c197,NHPC,Hiring of Three (03) nos. Mahindra Scorpio N Model Z2 (Diesel) or higher with driver and with fuel for two years,Unclassified,,,,Unknown,https://www.nhpcindia.com/welcome/tender,GEM/2024/B/4442089 dtd 17.01.2024,Tender,,,,No,2026-09-04,2026-09-04,NEW
0d310009e94d,NHPC,Borrowing of Rupee Term Loan (RTL) up to Rs. 1500 Crore from Banks/ Financial Institutions,Unclassified,,,,Unknown,https://www.nhpcindia.com/welcome/tender,NHPC_2024_790185_1,Tender,,,,No,2026-09-04,2026-09-04,NEW
d914ee200505,NHPC,"Providing Running & Maintenance services for Liaison office cum Transit camp, Dibrugarh of Dibang Multipurpose Project, Roing, Arunachal Pradesh for a period of 24 months",Unclassified,,Arunachal Pradesh,,Unknown,https://www.nhpcindia.com/welcome/tender,GEM/2023/B/4338713 Dated : 12-01-2024,Tender,,,,No,2026-09-04,2026-09-04,NEW
c945e9538dda,NHPC,"The work of upkeeping the existing Office Complex and adjoining areas, the mandays are required to maintain and running of system at Dibang Multipurpose Project, Roing, Arunachal Pradesh",Unclassified,,Arunachal Pradesh,,Unknown,https://www.nhpcindia.com/welcome/tender,GEM/2023/B/4232379 Dated: 12-01-2024,Tender,,,,No,2026-09-04,2026-09-04,NEW
0f46927da16e,NHPC,"Repairing of Loktak-Leimatak road from Tiddim Gate to Pump House at Awang Bazar and road from Tiddim Gate to Bamboo Trash Rack, Loktak Project.",Unclassified,,,,Unknown,https://www.nhpcindia.com/welcome/tender,NIT-1032 (O),NIT,,,,No,2026-09-04,2026-09-04,NEW
75b2ae85a8e9,NHPC,"To provide services for operation and maintenance of electrical equipment of Dibang Multipurpose Project and wiring of the proposed accommodation, for a period of 12 months .",Unclassified,,,,Unknown,https://www.nhpcindia.com/welcome/tender,GEM/2023/B/4262482,Tender,,,,No,2026-09-04,2026-09-04,NEW
af4cd18c3329,NHPC,Repair work of damaged road on left bank at dam site Kharamukh Chamera –III Power Station. . (Pkg. No. DIII-04)”,Unclassified,,,,Unknown,https://www.nhpcindia.com/welcome/tender,2024_NHPC_ 789711_1,Tender,,,,No,2026-09-04,2026-09-04,NEW
dba925ea4371,NHPC,"Repair of Spillway glacis of gate No. 02 of Chamera-III Power station, Dam at Kharamukh. (Pkg. No. DIII-03)",Unclassified,,,,Unknown,https://www.nhpcindia.com/welcome/tender,2024_NHPC_ 789795 _1,Tender,,,,No,2026-09-04,2026-09-04,NEW
db7bf34ac5a4,NHPC,Repairing of Main and MIV drainage pumps of Power House at Uri-II Power Station,Unclassified,,,,Unknown,https://www.nhpcindia.com/welcome/tender,2024_NHPC_790404_1,Tender,,,,No,2026-09-04,2026-09-04,NEW
762c9d6455c7,NHPC,Repair works of Horizontal Portion of Pressure Shaft at Adit -VI of Chamera-III Power Station (Pkg. No. DIII-05),Unclassified,,,,Unknown,https://www.nhpcindia.com/welcome/tender,2024_NHPC_ 790179 _1,Tender,,,,No,2026-09-04,2026-09-04,NEW
c492f1567eb8,NHPC,"Repairing of 5th row of Bamboo Trash Rack and cleaning of water Hyacinth Phumdies, Aquatic Weeds between 4th row and 5th row of Bamboo Trash Rack at Power Channel, Loktak Project, Manipur.",Unclassified,,Manipur,,Unknown,https://www.nhpcindia.com/welcome/tender,NH-LPS-HOP013(12)/2/2023-CD-IandIII/1031,Tender,,,,No,2026-09-04,2026-09-04,NEW
02b040c9e93e,NHPC,"Construction of Toilet block at the Camp Office of Hon’ble Minister of State for Power & H.I. at 1301, Sector-28 , Faridabad, Haryana",Unclassified,,Haryana,,Unknown,https://www.nhpcindia.com/welcome/tender,2024_NHPC_789867_1,Tender,,,,No,2026-09-04,2026-09-04,NEW
6dcd07846abc,NHPC,Appointment of International Credit Rating Agency for issuing credit rating for NHPC’s International Borrowing Program for 3 years (i.e. from 3rd Feb. 2024 to 2nd Feb. 2027),Unclassified,,,,Unknown,https://www.nhpcindia.com/welcome/tender,2024_NHPC_741360_1,Tender,,,,No,2026-09-04,2026-09-04,NEW
0247997a74fa,NHPC,"Supply, Erection, Testing and Commissioning of LED High Mast Lighting System at Dibang MPP",Unclassified,,,,Unknown,https://www.nhpcindia.com/welcome/tender,GEM/2023/B/4364653 dtd 11.01.2024,Tender,,,,No,2026-09-04,2026-09-04,NEW
e4abce2d7727,NHPC,Supply of one (1) Set of By-pass Valve for MIV for Teesta- V Power Station,Unclassified,,,,Unknown,https://www.nhpcindia.com/welcome/tender,NIT No. NH/TSV/Proc/NIT-PHMM011/11/2024/2210 Dated: 11.01.2024 & E-Tender No. 2024_NHPC_789868 _1,NIT,,,,No,2026-09-04,2026-09-04,NEW
9e7a2579f37e,NHPC,Facility Management Service- R&M of office & field hostel 2024-2026 (2 years),Solar,,Tamil Nadu,,Unknown,https://www.nhpcindia.com/welcome/tender,GEM/2023/B/4366848,Tender,,,,Yes,2026-09-04,2026-09-04,NEW
0c6c25406f0c,NHPC,Hiring of 01 No Toyota Innova (Crysta) 2.4 GX or equivalent vehicle for Teesta-IV HE Project,Unclassified,,,,Unknown,https://www.nhpcindia.com/welcome/tender,NH/TS-IV/Cont/MC-1/NIT-886/2023-24/801 Dated : 10/01/2024,NIT,,,,No,2026-09-04,2026-09-04,NEW
23b4e9ae5c6c,NHPC,"Hiring of Services for Two Years in day to day assistance (such as Attendant, Photocopier, Dak carrier and other misc. works in the NHPC Office, Sec-33, Faridabad for office work",Unclassified,,,,Unknown,https://www.nhpcindia.com/welcome/tender,GEM/2024/B/4464044,Tender,,,,No,2026-09-04,2026-09-04,NEW
81c8e3b84bf8,NHPC,Expression of Interest (EOI) From Any Indian/Global Company FOR “Empanelment with NHPC Ltd regarding the Development of Offshore Wind Power Projects in India”,Wind,,,,Unknown,https://www.nhpcindia.com/welcome/tender,2024_NHPC_788618_2,EOI,,,,Yes,2026-09-04,2026-09-04,NEW
e36487d5252b,NHPC,Restoration of Sheelagarh Manihar road near Sheelagarh Bailley Bridge of Parbati HE Project (Stage-II) (Package No. C-737),Unclassified,,,,Unknown,https://www.nhpcindia.com/welcome/tender,NH/PP-II/P&C/Pkg. No. C-737/2024/10282,Tender,,,,No,2026-09-04,2026-09-04,NEW
9266241dab4a,NHPC,Restoration of damaged/wash out portion of protection work of dumping site DS-1 along the river at Sallah of Parbati-III Power Station,Unclassified,,,,Unknown,https://www.nhpcindia.com/welcome/tender,NH/PPS-III/NIT/PR11923/232/1/335 Dated: 08/01/2024,NIT,,,,No,2026-09-04,2026-09-04,NEW
6353451f017f,NHPC,"Providing Security Services at NHPC Residential Colony, Surajkund Road, Faridabad by DGR Sponsored Security Agency for 02 years",Unclassified,,,,Unknown,https://www.nhpcindia.com/welcome/tender,2023_NHPC_784373_1,Tender,,,,No,2026-09-04,2026-09-04,NEW
9f7708cc8b89,NHPC,Protection of Plunge Pool area by providing Concrete Block & Wire Crates at Dam Site of Parbati-III Power Station,Unclassified,,,,Unknown,https://www.nhpcindia.com/welcome/tender,NH/PPS-III/NIT/PR11923/228/1/325 Dated: 04/01/2024,NIT,,,,No,2026-09-04,2026-09-04,NEW
1d601ac8fbf0,NHPC,Renovation of common toilets of Administrative building of Uri-II Power Station at Nowpora,Unclassified,,,,Unknown,https://www.nhpcindia.com/welcome/tender,2024_NHPC_788860_1,Tender,,,,No,2026-09-04,2026-09-04,NEW
2f510fa8451a,NHPC,"Hiring of R&M Services for Running and Maintenance of Office Cum Field Hostel of 50 MW Wind Power Project , Jaisalmer of NHPC Ltd.",Wind,50.0,,,Unknown,https://www.nhpcindia.com/welcome/tender,NH/WPPJ/2023/124 dated 29.12.2023,Tender,,,50 MW,Yes,2026-09-04,2026-09-04,NEW
caa38e759f30,NHPC,Monetization of Free Cash component (Return on Equity) of Kishanganga Power Station for next eight-year in single tranche during FY 2023-2024,Unclassified,,,,Unknown,https://www.nhpcindia.com/welcome/tender,2024_NHPC_788646_1,Tender,,,,No,2026-09-04,2026-09-04,NEW
ab71659c4c5c,NHPC,"Re-construction of 11/0.415 KV Electrical Sub-station along with HT line, HT & LT Panels, and other associated works, at Dikchu Dam site of Teesta-V Power Station NHPC Ltd, damaged due to land slide",Unclassified,,,,Unknown,https://www.nhpcindia.com/welcome/tender,NH/TSV/Cont/EC-129/NIT-885/2023-24/785 Dated : 04/01/2024,NIT,,,,Yes,2026-09-04,2026-09-04,NEW
ac94829dbd7c,NHPC,Removal of slided muck from Adit -II of Parbati-III Power Station at Salwad,Unclassified,,,,Unknown,https://www.nhpcindia.com/welcome/tender,NH/PPS-III/NIT/PR11923/187/1/320 Dated:03/01/2024,NIT,,,,No,2026-09-04,2026-09-04,NEW
6eabe1ab53b7,NHPC,"Testing of several parameters of Drinking water as per IS :10500: 2012, Stack Emissions and Noise Level of DG Sets, Noise level in Power House and other locations, Effluent from Sewerage Treatment Plants (STP) and Stack Emission of Incinerator at Teesta-V",Unclassified,,,,Unknown,https://www.nhpcindia.com/welcome/tender,NH/TSV/Cont/CC-315/NIT-884/2023-24/783 Dated: 03/01/2024,NIT,,,,No,2026-09-04,2026-09-04,NEW
fb54d951a5ca,NHPC,"Supply, Installation, testing and commissioning of main cooling water pump Motor set (Split casing pump motor set instead of vertical pump motor set) of Chamera-I Power Station.",Unclassified,,,,Unknown,https://www.nhpcindia.com/welcome/tender,NH/CPS-1/P&C/W-1422/2023-24/1202 Dated 02/01/2024,Tender,,,,No,2026-09-04,2026-09-04,NEW
67d71dd1d5a2,NHPC,"Supply, Installation, Testing and Commissioning of PA system at Dam & Power House of Chamera-I Power Station.",Unclassified,,,,Unknown,https://www.nhpcindia.com/welcome/tender,NH/CPS-1/P&C/W-1409/2023-24/1201 Dated: 02/01/2024,Tender,,,,No,2026-09-04,2026-09-04,NEW
efd60dd962ad,NHPC,"Wide publicity of achievements of Ministry of Power, Government of India through hoardings in the State of Sikkim",Unclassified,,Sikkim,,Unknown,https://www.nhpcindia.com/welcome/tender,NH/TSV/Cont/CC-318/NIT-882/2023-24/776 Dated:01/01/2024,NIT,,,,No,2026-09-04,2026-09-04,NEW
9f6b4cd9c82e,NHPC,"Repair and Renovation of Saraswati Vidhya Niketan at Samdong, Sikkim",Unclassified,,Sikkim,,Unknown,https://www.nhpcindia.com/welcome/tender,NH/TSV/Cont/CC-316/NIT-883/2023-24/781 Dated: 02/01/2024,NIT,,,,No,2026-09-04,2026-09-04,NEW
c02dda34e619,NHPC,Selection of Wind Power Developers For Supply of 1300MW power from ISTS connected Wind Power Projects under Tariff Based Competitive Bidding (TBCB),Wind,1300.0,,,Unknown,https://www.nhpcindia.com/welcome/tender,2023_NHPC_786564_1,Tender,,,1300 MW,Yes,2026-09-04,2026-09-04,NEW
0e26a60e6616,NHPC,Repair of damaged 30 (Thirty) stator bars of 110MW Hydro generator installed at Kishanganga Power Station (PKG-462).,Hydro,110.0,,,Unknown,https://www.nhpcindia.com/welcome/tender,2023_NHPC_788147_1,Tender,,,110 MW,Yes,2026-09-04,2026-09-04,NEW
23a0ef4748d4,NHPC,Protection work of approach road to Adit-II portal of Sewa-II Power Station(CW-602),Unclassified,,,,Unknown,https://www.nhpcindia.com/welcome/tender,NH/Sewa-II/Contracts/CW-602/2023/NIT-20/207 Dated 30.12.2023,NIT,,,,No,2026-09-04,2026-09-04,NEW
45aead237a82,NHPC,"Supply, erection, testing and commissioning of 11 kV overhead line with Aerial bunched cables from Y-Junction to Dam Intake of NHPC Subansiri Lower Hydroelectric Project, Dollungmukh, Arunachal Pradesh",Hydro,,Arunachal Pradesh,,Unknown,https://www.nhpcindia.com/welcome/tender,NH/SLP/CONT/2023/C-15/NIT/786 दिनांक : 29/12/2023,NIT,,,,Yes,2026-09-04,2026-09-04,NEW
f342140fac36,NHPC,Repair of steel liner in spillway Glacis at D/S of radial gate No #3 of Dul Dam at DPS Kishtwar,Unclassified,,,,Unknown,https://www.nhpcindia.com/welcome/tender,NH/DPS/CONT/NIT-167/2023/E109118 dated 02.01.2024,NIT,,,,No,2026-09-04,2026-09-04,NEW
ead0695bb1d0,NHPC,"Wide publicity of achievements of Ministry of Power, Government of India through Selfie points in the State of Sikkim",Unclassified,,Sikkim,,Unknown,https://www.nhpcindia.com/welcome/tender,NH/TSV/Cont/CC-317/NIT-881/2023-24/775 Dated:30/12/2023,NIT,,,,No,2026-09-04,2026-09-04,NEW
ae7f362b3eaf,NHPC,Rectification (Using NDT techniques and Welding) of water leakage from concrete near to Spiral casing manhole of Unit-1 of CPS-1.,Unclassified,,,,Unknown,https://www.nhpcindia.com/welcome/tender,NH/CPS-1/P&C/W-1431/2023-24/1192 Dated:-28/12/2023,Tender,,,,No,2026-09-04,2026-09-04,NEW
1838ef2797a2,NHPC,Repair & maintenance of Dhyangarh Zero band Talwara road by repair of potholes and patches with bituminous surface at Salal Power Station,Unclassified,,,,Unknown,https://www.nhpcindia.com/welcome/tender,NH/SPS/CD/NIT-16/2023-24/804-813 dt 27-12-2023 ( Tender ID 2023_NHPC_787547_1 ),NIT,,,,No,2026-09-04,2026-09-04,NEW
c8abf0e0e2e8,NHPC,Appointment of Dividend Banker for distribution of Interim Dividend for the Financial Year 2023-24,Unclassified,,,,Unknown,https://www.nhpcindia.com/welcome/tender,2023_NHPC_787010_1,Tender,,,,No,2026-09-04,2026-09-04,NEW
075e4c59ab73,NHPC,"Repair, Maintenance of HM equipments installed at Siul Weir, Bhaled Weir and Power House Complex of BSPS",Unclassified,,,,Unknown,https://www.nhpcindia.com/welcome/tender,NH/BSPS/CC/RMU/50/2023-24/436,Tender,,,,No,2026-09-04,2026-09-04,NEW
fd96936c08c7,NHPC,"Repairing of 4 nos A-Type Qtrs. (21 to 24) at Uri-II Power Station, Nowpora Complex",Unclassified,,,,Unknown,https://www.nhpcindia.com/welcome/tender,2023_NHPC_787231_1,Tender,,,,No,2026-09-04,2026-09-04,NEW
51feb719d932,NHPC,"Ceramic Coating on spiral casing, stay vanes and stay ring of Unit # 1 of Dulhasti Power Station",Unclassified,,,,Unknown,https://www.nhpcindia.com/welcome/tender,NH/DPS/CONT/NIT-166/2023/E104909 dated 26.12.2023,NIT,,,,No,2026-09-04,2026-09-04,NEW
193ad7471831,NHPC,"Renovation of Hospital Building in Semna Colony at Dulhasti Power Station, Kishtwar",Unclassified,,,,Unknown,https://www.nhpcindia.com/welcome/tender,NH/DPS/CONT/NIT-165/2023/E102070 dated 23.12.2023,NIT,,,,No,2026-09-04,2026-09-04,NEW
d016c9ded8d4,NHPC,Restoration of ARMAC System installed at Dam of Parbati-III Power Station,Unclassified,,,,Unknown,https://www.nhpcindia.com/welcome/tender,NH/PPS-III/NIT/PR11922/471/1/305 Dated: 22/12/2023,NIT,,,,No,2026-09-04,2026-09-04,NEW
136d81e83426,NHPC,"Construction of Garbage collecting Pit at Chenab Nagar, Dulhasti Power Station Kishtwar",Unclassified,,,,Unknown,https://www.nhpcindia.com/welcome/tender,NH/DPS/CONT/NIT-164/2023/E104911 dated 22.12.2023,NIT,,,,No,2026-09-04,2026-09-04,NEW
48b1c4cacca1,NHPC,Renovation of Dulhasti Bhawan and Chenab Bhavan at DPS Kishtwar,Unclassified,,,,Unknown,https://www.nhpcindia.com/welcome/tender,NH/DPS/CONT/NIT-162/2023/E100720 dated 22.12.2023,NIT,,,,No,2026-09-04,2026-09-04,NEW
511b2ccdfb41,NHPC,Protection work of left pier of Khairi bridge foundation.,Unclassified,,,,Unknown,https://www.nhpcindia.com/welcome/tender,NH/CPS-1/P&C/W-1420/2023-24/1186 Dated:-21/12/2023,Tender,,,,No,2026-09-04,2026-09-04,NEW
cd47ca69bd89,NHPC,Providing and applying Antifungal Coating in Power House of Parbati-III Power Station,Unclassified,,,,Unknown,https://www.nhpcindia.com/welcome/tender,NH/PPS-III/NIT/PR11922/465/3/302 Dated: 21/12/2023,NIT,,,,No,2026-09-04,2026-09-04,NEW
aae0de4d8787,NHPC,Construction of Foundation for Integrated TRT Outlet Gate Hoist at Chamera Power Station-I.,Unclassified,,,,Unknown,https://www.nhpcindia.com/welcome/tender,NH/CPS-1/P&C/W-1419/2023-24/1187 Dated:-21/12/2023,Tender,,,,No,2026-09-04,2026-09-04,NEW
d4fb7b797646,NHPC,Construction of Overhead water tank along-with Borewell for Fire Station at Salamabad of Uri-II Power Station,Unclassified,,,,Unknown,https://www.nhpcindia.com/welcome/tender,2023_NHPC_786614_1,Tender,,,,No,2026-09-04,2026-09-04,NEW
3373bd53eb0c,NHPC,"Restoration of Damages around E&M Stores due to Heavy Rainfall at Power House Site of Parbati HE Project (Stage-II), Sainj, Kullu, (H.P) (Package No. C-735).",Unclassified,,,,Unknown,https://www.nhpcindia.com/welcome/tender,NH/PP-II/P&C/Pkg. No. C-735/2023/10255,Tender,,,,No,2026-09-04,2026-09-04,NEW
e8a36e7a2579,NHPC,Repair and renovation of 132 KV substation building and other buildings of Dulhasti Power Station Kishtwar,Transmission / Evacuation,,,,Unknown,https://www.nhpcindia.com/welcome/tender,NH/DPS/CONT/NIT-163/2023/E104002 dated 21.12.2023,NIT,,,,No,2026-09-04,2026-09-04,NEW
c159fd6a1e37,NHPC,"Restoration of Damages Caused due to Heavy Rainfall at Power House Site of Parbati HE Project (Stage-II), Sainj, Kullu, (H.P) (Package No. C-734)”.",Unclassified,,,,Unknown,https://www.nhpcindia.com/welcome/tender,NH/PP-II/P&C/Pkg. No. C-734/2023/10252,Tender,,,,No,2026-09-04,2026-09-04,NEW
af3cd1a36c88,NHPC,"Construction of School Building (Rooms, Kitchen and Toilets, Boundary Wall etc.) at Govt. Primary School, Khalihalta (Ward No.13, Roop Nagar, Reasi) under CSR Scheme.",Unclassified,,,,Unknown,https://www.nhpcindia.com/welcome/tender,NH/SPS/CD/NIT-15/2023-24/743-52 Dated:19/12/2023 (2023_NHPC_786144_1),NIT,,,,No,2026-09-04,2026-09-04,NEW
b1489d9e5e43,NHPC,"Exploratory Drifting at Underground Powerhouse of Seti River-6 H. E. Project, District: Doti/Achham, Sudur Paschim Province, Nepal (Package SR-03)",Unclassified,,,,Unknown,https://www.nhpcindia.com/welcome/tender,NHPC_SR-03/2023,Tender,,,,No,2026-09-04,2026-09-04,NEW
de985e4aeb81,NHPC,"Exploratory Drifting at Left and Right Abutment of Dam of Seti River-6 H. E. Project, District: Doti/ Achham, Sudur Paschim Province, Nepal (Package SR-02)",Unclassified,,,,Unknown,https://www.nhpcindia.com/welcome/tender,NHPC_SR-02/2023,Tender,,,,No,2026-09-04,2026-09-04,NEW
3ae4afce7d4a,NHPC,"Exploratory drilling, driving, reaming of Nx size drill holes with Diamond core drilling machine using Double Tube Triple Tube core barrel",Unclassified,,,,Unknown,https://www.nhpcindia.com/welcome/tender,NHPC_SR-01/2023,Tender,,,,No,2026-09-04,2026-09-04,NEW
b908284efe00,NHPC,"Procurement, Manufacturing, Supply, Erection, Testing and Commissioning of new expansion joint at AB-10 anchor block etc complete in all respect at Sewa-II Power Station, Mashka, Distt.-Kathua (J&K) (MW-599)",Unclassified,,Jammu and Kashmir,,Unknown,https://www.nhpcindia.com/welcome/tender,NH/Sewa-II/Contracts/MW-599/2023/NIT-19/202 Dated 18.12.2023,NIT,,,,Yes,2026-09-04,2026-09-04,NEW
60734b983656,NHPC,"Repair of oil pipe line, pressure testing, condenser coil cleaning and SITC of DYNA View display of Trane make Chillers (RTAC-200) installed at Sewa-II Power House (MW-603)",Unclassified,,,,Unknown,https://www.nhpcindia.com/welcome/tender,NH/Sewa-II/Contracts/MW-603/2023/NIT-18/201 Dated 18.12.2023,NIT,,,,Yes,2026-09-04,2026-09-04,NEW
466ffe4418ea,NHPC,"External Repairing and Painting at Teesta Bhawan, Vidyut Nagar",Unclassified,,,,Unknown,https://www.nhpcindia.com/welcome/tender,NH/RO(Slg)/ PR15323/59/7946 Dated 11.12.2023,Tender,,,,No,2026-09-04,2026-09-04,NEW
c330249b5445,NHPC,"Plinth Protection, drain repair, external repair and painting works of Type-Zero, Type-I, Type-IA, Type -II (old), Type-II (New) & Type-III, F/H at Regional Office, Vidyut Nagar, Siliguri",Unclassified,,,,Unknown,https://www.nhpcindia.com/welcome/tender,NH/RO(Slg)/ PR15323/110/7955 Dated 16.12.2023,Tender,,,,No,2026-09-04,2026-09-04,NEW
8a42cc448c68,NHPC,"Refurbishment and Replacement of Pipe Lines, Valves, NRVs, Pumps and other accessories of Old Fire Fighting System",Unclassified,,,,Unknown,https://www.nhpcindia.com/welcome/tender,NH/BSPS/CC/RMU/49/2023-24/410,Tender,,,,No,2026-09-04,2026-09-04,NEW
b8e3c3c037fb,NHPC,"Providing Security Services at NHPC Office Complex, Faridabad by DGR Sponsored Security Agency",Unclassified,,,,Unknown,https://www.nhpcindia.com/welcome/tender,2023_NHPC_785112_1,Tender,,,,No,2026-09-04,2026-09-04,NEW
7c8aa176099b,NHPC,"Repair of 02 No. Aqua make, 150 HP Submersible Pump at Parbati-III Power Station",Unclassified,,,,Unknown,https://www.nhpcindia.com/welcome/tender,NH/PPS-III/NIT/PR11923/121/1/286 Dated: 13/12/2023,NIT,,,,No,2026-09-04,2026-09-04,NEW
b02984822337,NHPC,Calling service engineer (OEM) of HMC for servicing/inspection during Annual Maintenance of Generating units of 3x110 MW Kishanganga Power station(PKG-452).,Unclassified,110.0,,,Unknown,https://www.nhpcindia.com/welcome/tender,2023_NHPC_784946_1,Tender,,,110 MW,Yes,2026-09-04,2026-09-04,NEW
b25a95480f20,NHPC,Replacement of False ceiling in Control room and VIP room of Power House of Parbati H.E. Project (Stage-II) (Package No. C-730)”,Unclassified,,,,Unknown,https://www.nhpcindia.com/welcome/tender,NH/PP-II/P&C/Pkg. No. C-730/2023/10235,Tender,,,,No,2026-09-04,2026-09-04,NEW
7fbb0f69def0,NHPC,"Repair & painting of Spectator gallery , Rangmanch & Basketball court in Kendriya Vidyalaya at Chamera Power Station-I.",Unclassified,,,,Unknown,https://www.nhpcindia.com/welcome/tender,2023_NHPC_784637_1,Tender,,,,No,2026-09-04,2026-09-04,NEW
be306dca36a5,NHPC,"Scan of top to access the depth & penetration of surface cracks existing at the top surface of Dul Dam, in Year (2023-24) DPS, Kishtwar",Unclassified,,,,Unknown,https://www.nhpcindia.com/welcome/tender,NH/DPS/CONT/NIT-160/2023/E100883 dated 09.12.2023,NIT,,,,No,2026-09-04,2026-09-04,NEW
06a95a927e6f,NHPC,"(A) Construction of (a) Security Post near Adit-I, APS Top & right bank of Dam (b) Construction of rain shelter at Dam site (B) Electrification of Security Posts near Adit I, APS Top & Right bank of Dam, Teesta-V Power Station",Unclassified,,,,Unknown,https://www.nhpcindia.com/welcome/tender,NH/TSV/Cont/CC-314/NIT-879/2023-24/743 Dated: 08/12/2023,NIT,,,,No,2026-09-04,2026-09-04,NEW
560cfad6f98a,NHPC,Repair with HP-HVOF coating of damaged runners OP-2 & OP-3 of Dulhasti Power Station,Unclassified,,,,Unknown,https://www.nhpcindia.com/welcome/tender,NH/DPS/CONT/NIT-159/2023/E101593 dated 08.12.2023,NIT,,,,No,2026-09-04,2026-09-04,NEW
a9a650624ac9,NHPC,"Repairing of damaged approach road of Bhaledh Apron at BSPS Surangani, Chamba",Unclassified,,,,Unknown,https://www.nhpcindia.com/welcome/tender,NH/BSPS/CC/CW/46/2023-24/382,Tender,,,,No,2026-09-04,2026-09-04,NEW
08f1651da98a,NHPC,"Minor repairing and painting of External portion of Administrative building with compound wall and other miscellaneous work at Regional office, Siliguri",Unclassified,,,,Unknown,https://www.nhpcindia.com/welcome/tender,NH/RO(Slg)/ PR15323/89/7947 Dated 07.12.2023,Tender,,,,No,2026-09-04,2026-09-04,NEW
6db4d9b83d88,NHPC,"Exploratory Drilling Works (40 nos. holes @4 m each) at Right Bank drift and Left Bank Drift of Dibang Multipurpose Project, Arunachal Pradesh",Unclassified,,Arunachal Pradesh,,Unknown,https://www.nhpcindia.com/welcome/tender,NH/DMP/PNC/NIT/2023/06 dtd. 07.12.2023(E-tender no.2023_NHPC_784054_1),NIT,,,,No,2026-09-04,2026-09-04,NEW
005283948e17,NHPC,"Repairing and Maintenance by Providing Protection Wall of Nakrod-Dam Road at Bairadam, BSPS",Unclassified,,,,Unknown,https://www.nhpcindia.com/welcome/tender,NH/BSPS/CC/CW/45/2023-24/380,Tender,,,,No,2026-09-04,2026-09-04,NEW
530cf68e7684,NHPC,"Maintenance and Strengthening of colony boundary wall and Kachhariyan Pump Station at Salal Power Station, Jyotipuram.",Unclassified,,,,Unknown,https://www.nhpcindia.com/welcome/tender,NH/SPS/CD/NIT-10/2023-24/728-37 Dated:05/12/2023 (2023_NHPC_ 783828_1),NIT,,,,No,2026-09-04,2026-09-04,NEW
bd1c107a1ca4,NHPC,"Replacement of raised flooring panels of Control Room of Sewa -II Power Station, Mashka, J&K (CW-600)",Unclassified,,Jammu and Kashmir,,Unknown,https://www.nhpcindia.com/welcome/tender,NH/Sewa-II/Contracts/CW-600/2023/NIT-17/188 Dated 04.12.2023,NIT,,,,No,2026-09-04,2026-09-04,NEW
92d7f1a094fc,NHPC,"Providing and laying of Cement Concrete in the invert of Crown Construction Adit at Power House of KGPS, Bandipora (Pkg-456).",Unclassified,,,,Unknown,https://www.nhpcindia.com/welcome/tender,2023_NHPC_783766_1,Tender,,,,No,2026-09-04,2026-09-04,NEW
2515d567461c,NHPC,"Scientific cleaning and sterilisation of water tanks at Semna, DSB and Shalimar colony of Dulhasti Power Station, Kishtwar",Unclassified,,,,Unknown,https://www.nhpcindia.com/welcome/tender,NH/DPS/CONT/NIT-158/2023/E99717 dated 04.12.2023,NIT,,,,No,2026-09-04,2026-09-04,NEW
a9bdbe1b8b1a,NHPC,Repair of two numbers of Servomotors of Teesta-V Power Station,Unclassified,,,,Unknown,https://www.nhpcindia.com/welcome/tender,NIT No. NH/TSV/Cont/MC-138/NIT-878/2023-24/818 Dated: 02/12/2023 & E-Tender id:2023_NHPC_ 783535_1,NIT,,,,No,2026-09-04,2026-09-04,NEW
8e03fcd9ea69,NHPC,"Internal Electrification of Control room building with frisking facility and all weather shed at CISF barrier at Power House KGPS, Bandipora, J&K (Pkg-453)",Unclassified,,Jammu and Kashmir,,Unknown,https://www.nhpcindia.com/welcome/tender,2023_NHPC_783329_1,Tender,,,,No,2026-09-04,2026-09-04,NEW
69106ca7f3ee,NHPC,"Replacement of Rubber Seals of radial gates 1,2 & 3 of Dam at Kharamukh, Chamera-III Power Station, Dharwala Distt. Chamba, H.P., (Package No. HM-04)”",Unclassified,,,,Unknown,https://www.nhpcindia.com/welcome/tender,2023_NHPC_ 783251 _1,Tender,,,,No,2026-09-04,2026-09-04,NEW
facf2a8089f4,NHPC,"Hiring of two (02) Toyota Innova Crysta with drivers for Subansiri Lower Project, Gerukamukh with empanelment of bidders for one year",Unclassified,,,,Unknown,https://www.nhpcindia.com/welcome/tender,NH/SLP/CONT/2023/C-31/NIT/743,NIT,,,,No,2026-09-04,2026-09-04,NEW
bbad2b49976f,NHPC,"Hiring of Five (05) nos. of Mahindra Scorpio, Model Classic-S (Diesel) or higher with driver for Subansiri Lower HE Project",Unclassified,,,,Unknown,https://www.nhpcindia.com/welcome/tender,NH/SLP/CONT/2023/C-27/NIT/744,NIT,,,,No,2026-09-04,2026-09-04,NEW
863f6cc848f9,NHPC,"Repair, Maintenance and Painting work of Type-II Qtrs & Boundary Walls in Lower Colony at Baira Siul Power Station",Unclassified,,,,Unknown,https://www.nhpcindia.com/welcome/tender,NH/BSPS/CC/CW/43/2023-24/372,Tender,,,,No,2026-09-04,2026-09-04,NEW
674f677fa6cd,NHPC,"Water Proofing of Roof and Repair of Bank Building at Baira Siul Power Station, Surangani",Unclassified,,,,Unknown,https://www.nhpcindia.com/welcome/tender,NH/BSPS/CC/CW/44/2023-24/370,Tender,,,,No,2026-09-04,2026-09-04,NEW
25df83a51e14,NHPC,Water proofing Roof Treatment of Power House at Dhyangarh.,Unclassified,,,,Unknown,https://www.nhpcindia.com/welcome/tender,NH/SPS/CD/NIT-14/23-24/679-88 Dated: 29/11/2023 (2023_NHPC_782997_1),NIT,,,,No,2026-09-04,2026-09-04,NEW
9a5c741aab7c,NHPC,"Construction of footpath and chain link fencing around IDCS building, Lum village",Unclassified,,,,Unknown,https://www.nhpcindia.com/welcome/tender,NH/TSV/Cont/CC-313/NIT-877/2023-24/730 Dated: 29/11/2023,NIT,,,,No,2026-09-04,2026-09-04,NEW
de51b0f4e6fc,NHPC,"Construction of Community Hall at Balmiki Mohalla, Ward No.2, Nai Basti, Reasi Village, District- Reasi under CSR Scheme",Unclassified,,,,Unknown,https://www.nhpcindia.com/welcome/tender,NH/SPS/P&C/NIT-13/2023-24/668-77 Dated: 28/11/2023 (2023_NHPC_781765_1),NIT,,,,No,2026-09-04,2026-09-04,NEW
680b292f4cfc,NHPC,Repair of road from NHPC Mor (zero point) to Power House Teesta-V Power Station,Unclassified,,,,Unknown,https://www.nhpcindia.com/welcome/tender,NH/TSV/Cont/CC-312/NIT-876/2023-24/729 Dated: 29/11/2023,NIT,,,,No,2026-09-04,2026-09-04,NEW
919a8c10240b,NHPC,"Replacement of Rotating Labyrinths, any repairs required there off and HP-HVOF Coating of Francis Runner of 60 MW Hydro-Generator of Uri-II Power station for FY 2023-24",Hydro,60.0,,,Unknown,https://www.nhpcindia.com/welcome/tender,2023_NHPC_781604_1,Tender,,,60 MW,Yes,2026-09-04,2026-09-04,NEW
51b8adcdc4e3,NHPC,Providing assistance for shift wise Operation work of 4X60MW Generating units & DG sets of Uri-II power house.,Unclassified,60.0,,,Unknown,https://www.nhpcindia.com/welcome/tender,GEM/2023/B/4172220,Tender,,,60 MW,No,2026-09-04,2026-09-04,NEW
b7b1d781d5f6,NHPC,"Widening of stairs of CISF Watch Tower located in Township area at Kishanganga Power Station, Bandipora, J&K (Pkg-451)",Unclassified,,Jammu and Kashmir,,Unknown,https://www.nhpcindia.com/welcome/tender,2023_NHPC_781819_1,Tender,,,,No,2026-09-04,2026-09-04,NEW
cfd694541aa5,NHPC,"Painting of Temporary office, Old CISF Barrack, FH-1, FH-2, FH-3, FH-4, Old B-Type Quarters and Old C-Type Quarters of Kishanganga Power Station at Bandipora, J&K (Pkg-450)”.",Unclassified,,Jammu and Kashmir,,Unknown,https://www.nhpcindia.com/welcome/tender,2023_NHPC_781710_1,Tender,,,,No,2026-09-04,2026-09-04,NEW
101e5e1ab098,NHPC,Construction of mid day meal facility for Senior Secondary school at Dikch,Unclassified,,,,Unknown,https://www.nhpcindia.com/welcome/tender,NIT No. NH/TSV/Cont/CC-311/NIT-874/2023-24/804 Dated: 18/11/2023 & E-Tender No.2023_NHPC_781695_1,NIT,,,,No,2026-09-04,2026-09-04,NEW
d2aa98d93a88,NHPC,Hiring of 1 nos. of Mahindra Bolero model B4 (diesel) or higher & 1 nos. of Mahindra camper 4WD or higher with driver for 24 months,Unclassified,,,,Unknown,https://www.nhpcindia.com/welcome/tender,GEM/2023/B/4167248 Dated: 13-11-2023,Tender,,,,No,2026-09-04,2026-09-04,NEW
5f382c75035b,NHPC,Hiring of 2 nos. of Mahindra Bolero model B4 (diesel) or higher with driver for 24 months,Unclassified,,,,Unknown,https://www.nhpcindia.com/welcome/tender,GEM/2023/B/4161891 Dated: 13-11-2023,Tender,,,,No,2026-09-04,2026-09-04,NEW
6ce3f92a91e1,NHPC,"Restoration of Civil works for dam, Desilting Chamber, Silt Flushing Tunnel and Part HRT (up to Adit I of HRT) of Teesta-V Power Station, Sikkim",Unclassified,,Sikkim,,Unknown,https://www.nhpcindia.com/welcome/tender,NH/CCW/CC-IV/CO279/PR11123/202,Tender,,,,No,2026-09-04,2026-09-04,NEW
1cb9ca96770f,NHPC,"Repair and Painting of Administrative Office, HR & Finance Office, Electrical Infra Office, Multipurpose shed and Development of surrounding area of Admin Building of Sewa -II Power Station at Mashka ( J&K) (CW-598)",Unclassified,,Jammu and Kashmir,,Unknown,https://www.nhpcindia.com/welcome/tender,NH/Sewa-II/Contracts/CW-598/2023/NIT-16/165 Dated 11.11.2023,NIT,,,,No,2026-09-04,2026-09-04,NEW
d61bfb008566,NHPC,"Renovation, beautification and misc works at the Government Primary School Pheedang, North Sikkim",Unclassified,,Sikkim,,Unknown,https://www.nhpcindia.com/welcome/tender,NIT No. NH/TSV/Cont/CC-310/NIT-874/2023-24/799 Dated: 11/11/2023 & E-Tender No. 2023_NHPC_ 780745_1,NIT,,,,No,2026-09-04,2026-09-04,NEW
25b2222370c1,NHPC,"Cleaning of Drainage Sump at Pump Gallery Floor and disposal of materials obtained from sump to outside of Power House within a lead of 3.0 Km, KGPS, Karalpora, Bandipora (Pkg-449).",Unclassified,,,,Unknown,https://www.nhpcindia.com/welcome/tender,2023_NHPC_780711_1,Tender,,,,No,2026-09-04,2026-09-04,NEW
ab70fe1090da,NHPC,TENDER DOCUMENT FOR RESTORATION OF DAMAGED HM COMPONENTS AT TEESTA-V POWER STATION LOCATED IN EAST SIKKIM DISTRICT IN THE STATE OF SIKKIM,Unclassified,,Sikkim,,Unknown,https://www.nhpcindia.com/welcome/tender,2023_NHPC_780358_1,Tender,,,,No,2026-09-04,2026-09-04,NEW
f74774b14e82,NHPC,"Providing of Security Services at NHPC Guest House, Khel Gaon, Delhi by DGR sponsored Security Agency for Two Years",Unclassified,,Delhi,,Unknown,https://www.nhpcindia.com/welcome/tender,NH/CCW/CC-II/CO-277/PR10023/197,Tender,,,,No,2026-09-04,2026-09-04,NEW
2fd1a070459a,NHPC,"Providing and fixing GI profile sheet in the wall and ceiling of Transformer Cavern at Powerhouse, KGPS. (PKG-444)",Unclassified,,,,Unknown,https://www.nhpcindia.com/welcome/tender,2023_NHPC_780255_1,Tender,,,,No,2026-09-04,2026-09-04,NEW
621b52947ddd,NHPC,"Repair of damages in Spillway of Jiwa Nallah Trench Weir Site of Parbati H.E. Project (Stage-II), Package No-C-721",Unclassified,,,,Unknown,https://www.nhpcindia.com/welcome/tender,NH/PP-II/P&C/Pkg. No. C-721/2023/10174,Tender,,,,No,2026-09-04,2026-09-04,NEW
fec03712d042,NHPC,"Application of protective coating on spiral casing, stay ring and stay vanes of turbine, Chamera- III Power Station, Dharwala (Pkg. No. PH-03)",Unclassified,,,,Unknown,https://www.nhpcindia.com/welcome/tender,2023_NHPC_ 780026 _1,Tender,,,,No,2026-09-04,2026-09-04,NEW
d5c769318c3a,NHPC,"Re-drilling and washing of drainage holes in drainage gallery of power house, CPS-1.",Unclassified,,,,Unknown,https://www.nhpcindia.com/welcome/tender,2023_NHPC_779974_1,Tender,,,,Yes,2026-09-04,2026-09-04,NEW
61e4666868e3,NHPC,Repairing of 2 sets (40 numbers) damaged guide vanes for Teesta-V Power Station for F.Y 2023-24,Unclassified,,,,Unknown,https://www.nhpcindia.com/welcome/tender,NIT No. NH/TSV/Cont/MC-137/NIT-873/2023-24/793 Dated: 07/11/2023 & E-Tender No. 2023_NHPC_ 780010_1,NIT,,,,No,2026-09-04,2026-09-04,NEW
4ac80a2ffade,NHPC,"Construction of Toilet for Security Staff of Indian Reserve Battalion (IRBn) near Power House entrance of Teesta-V Power Station, Balutar, East Sikkim",Unclassified,,Sikkim,,Unknown,https://www.nhpcindia.com/welcome/tender,NH/TSV/Cont/CC-309/NIT-872/2023-24/701 Dated: 07/11/2023,NIT,,,,No,2026-09-04,2026-09-04,NEW
fa733c5c5225,NHPC,"Restoration of damaged drain and wall in between Valve House and Power House, BSPS, Surangani",Unclassified,,,,Unknown,https://www.nhpcindia.com/welcome/tender,NH/BSPS/CC/CW/40/2023-24/308,Tender,,,,No,2026-09-04,2026-09-04,NEW
53b15f8036c8,NHPC,For Selection of Hybrid Power Developers For Supply of 1500MW power from ISTS connected Wind-Solar Hybrid Power Projects system on ‘anywhere in India’ basis under Tariff Based Competitive Bidding (TBCB),Wind-Solar Hybrid,1500.0,,,Unknown,https://www.nhpcindia.com/welcome/tender,2023_NHPC_778283_1,Tender,,,1500 MW,Yes,2026-09-04,2026-09-04,NEW
ebf253cc399d,NHPC,Providing detachable new stainless steel structure for safety purpose at old RCC railing at dam railing structure & painting work on RCC railing & adjoining surrounding structures at Dhyangarh for Salal Power Station,Unclassified,,,,Unknown,https://www.nhpcindia.com/welcome/tender,NH/SPS/CD/NIT-12/2023-24/596-605 (Tender ID 2023_NHPC_ 779562_1 ),NIT,,,,No,2026-09-04,2026-09-04,NEW
3ca66b087754,NHPC,"Package-I : Construction of Civil works of Diversion tunnels, HM works of Diversion tunnels, Road Tunnel, Temporary and Permanent Roads, 2 no. Temporary Bridges, upstream and downstream Coffer Dams, Dam & Spillway, Plunge pool, Main & Auxiliary Intakes, Pressure tunnels/Shafts (Main & Auxiliary), Underground Power House, Busducts/tunnels, Underground Transformer Cavern, Draft tube tunnels, Cable tunnel, Ventilation tunnel, Downstream Surge Chamber, Pothead Yard, Tail race tunnels for Main & Auxiliary plant & other associated adits/structures for 500MW Dugar Hydro Electric Project Located at Luj village in Chamba district of Himachal Pradesh India.",Hydro,500.0,Himachal Pradesh,,Unknown,https://www.nhpcindia.com/welcome/tender,2023_NHPC_775644_1,Tender,,,500 MW,Yes,2026-09-04,2026-09-04,NEW
d7ec8acce55c,NHPC,Construction of cladding work by way of Aluminium Composite Panel (ACP) in approach gallery of Power House at Uri-II Power Station,Unclassified,,,,Unknown,https://www.nhpcindia.com/welcome/tender,2023_NHPC_779358_1,Tender,,,,No,2026-09-04,2026-09-04,NEW
e5dd2e9701ca,NHPC,"Supply and Installation of spares for 01 No. Battery Charger rating 220 SP10 FCBC, HBL make for Teesta-V Power Station",Unclassified,,,,Unknown,https://www.nhpcindia.com/welcome/tender,NH/TSV/Cont/EC-146/NIT-871/2023-24/698 Dated: 03/11/2023,NIT,,,,Yes,2026-09-04,2026-09-04,NEW
7490023e09ce,NHPC,Development of Basketball Court in Nowpora Colony of Uri-II Power Station.,Unclassified,,,,Unknown,https://www.nhpcindia.com/welcome/tender,2023_NHPC_779234_1,Tender,,,,No,2026-09-04,2026-09-04,NEW
32e8a576d772,NHPC,Restoration of 75 Ton EOT (Electrically Operated Travelling) crane installed at Valve House of Parbati H.E. Project (Stage-II) (Package No. C-726),Unclassified,,,,Unknown,https://www.nhpcindia.com/welcome/tender,2023_NHPC_ 779110_1,Tender,,,,No,2026-09-04,2026-09-04,NEW
878a6955af59,NHPC,Diving assistance work for cleaning of Intake Trash rack after manual removal of floating waste/Silt / RBM from the Intake forebay trash rack of Uri-II Power Station,Unclassified,,,,Unknown,https://www.nhpcindia.com/welcome/tender,GEM/2023/B/4089366,Tender,,,,No,2026-09-04,2026-09-04,NEW
68ac259dd170,NHPC,Retrieval of stuck Emergency gate of Diversion Tunnel at Dam site of BSPS,Unclassified,,,,Unknown,https://www.nhpcindia.com/welcome/tender,NH/BSPS/CC/HM/39/2023-24/295,Tender,,,,No,2026-09-04,2026-09-04,NEW
38534d8c60ea,NHPC,"Modification in Diversion Tunnel Service Gate for passing E-Flow, Surangani, Baira Siul Power Station",Unclassified,,,,Unknown,https://www.nhpcindia.com/welcome/tender,NH/BSPS/CC/RMU/38/2023-24/289,Tender,,,,No,2026-09-04,2026-09-04,NEW
1ee8049cf4c9,NHPC,"Restoration of Damaged Protection Work at D/S of Badoh Bridge on right bank of river near RD-7700m,BSPS,Surangani",Unclassified,,,,Unknown,https://www.nhpcindia.com/welcome/tender,NH/BSPS/CC/CW/36/2023-24/287,Tender,,,,No,2026-09-04,2026-09-04,NEW
d703462cb155,NHPC,"Fabrication, Supply and Erection of modified Spillway Stop Log & Radial gate Sill Beams, Supply & erection of Steel liner grade IS 2062-E450A/BR and repairing of Spillway Glacis & Apron with HPC of bay# 1 & 2 at Dam of Parbati-III Power Station",Unclassified,,,,Unknown,https://www.nhpcindia.com/welcome/tender,NH/PPS-III/NIT/PR11923/169/1/ 235 Dated: 28/10/2023,NIT,,,,No,2026-09-04,2026-09-04,NEW
0f1ff9ba8c89,NHPC,"Design, Supply, Transportation, Installation, Testing and Commissioning of Early Warning System for Baira Siul Power Station",Unclassified,,,,Unknown,https://www.nhpcindia.com/welcome/tender,NH/BSPS/CC/IT/33/2023-24/285,Tender,,,,No,2026-09-04,2026-09-04,NEW
5e85ee88b508,NHPC,Directors & Officers (D&O) Liability Insurance Policy for the period 23.01.2024 to 22.01.2025.,Unclassified,,,,Unknown,https://www.nhpcindia.com/welcome/tender,GEM/2023/B/4098521,Tender,,,,No,2026-09-04,2026-09-04,NEW
7311cbc47444,NHPC,"Supply and fixing of Stainless Steel railing for all four Units installed at Power House of Parbati H.E.Project, Stage-II” (Package No. C-724)",Unclassified,,,,Unknown,https://www.nhpcindia.com/welcome/tender,NH/PP-II/P&C/Pkg. No. C-724/2023/10142,Tender,,,,No,2026-09-04,2026-09-04,NEW
8eb16370b612,NHPC,"Renovation of Forest Rest House, Jhuni at Parbati HE Project Stage-II”(Package No. C-703-A)",Unclassified,,,,Unknown,https://www.nhpcindia.com/welcome/tender,NH/PP-II/P&C/Pkg. No.C-703-A/2023/10139,Tender,,,,No,2026-09-04,2026-09-04,NEW
939401b5b58b,NHPC,"Up-keeping & Maintenance and Canteen Services of Administrative Building at Nowpora Complex, Uri-II Power Station",Unclassified,,,,Unknown,https://www.nhpcindia.com/welcome/tender,GEM/2023/B/4074137,Tender,,,,No,2026-09-04,2026-09-04,NEW
24b5ae6d5c0c,NHPC,Reservoir Rim Treatment of left bank of Sainj river RD 440 to 550m (110m) at Dam of Parbati-III Power Station,Unclassified,,,,Unknown,https://www.nhpcindia.com/welcome/tender,NH/PPS-III/NIT/PR11923/156/1/227 Dated:19/10/2023,NIT,,,,No,2026-09-04,2026-09-04,NEW
14df29ece7b3,NHPC,"Upgradation of playground located at Government Middle School (GMS), Kandai Under annual works of CSR for the FY 2023-24 of Chamera-I Power Station.",Unclassified,,,,Unknown,https://www.nhpcindia.com/welcome/tender,2023_NHPC_777394_1,Tender,,,,No,2026-09-04,2026-09-04,NEW
1e6a06433099,NHPC,Cleaning of phumdies and grasses at five locations where AWLR is installed.,Unclassified,,,,Unknown,https://www.nhpcindia.com/welcome/tender,NH-LPS-HOP012(12)/4/2023-CD I and III/1030,Tender,,,,No,2026-09-04,2026-09-04,NEW
c78c1031c4f5,NHPC,Conducting Post monsoon Hydrographic survey in the reservoir of Uri-II Power Station,Unclassified,,,,Unknown,https://www.nhpcindia.com/welcome/tender,GEM/2023/B/4099214,Tender,,,,Yes,2026-09-04,2026-09-04,NEW
07650bc68fe7,NHPC,Annual Maintenance Contract 2023-2024 & 2024-2025 for execution of work of Underwater Parts Repair and other works in Turbine Generator set including Dynamic Balancing of the Machines of Two Units of Dulhasti Power House,Unclassified,,,,Unknown,https://www.nhpcindia.com/welcome/tender,NH/DPS/CONT/NIT-156/2023/E97490 dated 19.10.2023,NIT,,,,No,2026-09-04,2026-09-04,NEW
da5b37f2bfec,NHPC,"Establishing Radio Access Network(RAN)System between Baira Dam and Admin Block, Surangani, Baira Siul Power Station",Unclassified,,,,Unknown,https://www.nhpcindia.com/welcome/tender,NH/BSPS/CC/PH/32/2023-24/259,Tender,,,,No,2026-09-04,2026-09-04,NEW
84dfc7a89d6a,NHPC,"Restoration of Damage /Eroded Portion of Dam Toe of Baira Dam, Nakrod, BSPS",Unclassified,,,,Unknown,https://www.nhpcindia.com/welcome/tender,NH/BSPS/CC/CW/34/2023-24/255,Tender,,,,No,2026-09-04,2026-09-04,NEW
53de3174cdc4,NHPC,Construction of mid day meal facility for Secondary school at Lower Samdong,Unclassified,,,,Unknown,https://www.nhpcindia.com/welcome/tender,NH/TSV/Cont/CC-308/NIT-870/2023-24/686 Dated: 17/10/2023,NIT,,,,No,2026-09-04,2026-09-04,NEW
193ce938a66e,NHPC,"Repair of Diversion Tunnel(DT) invert at Baira Dam, Nakrod of BSPS",Unclassified,,,,Unknown,https://www.nhpcindia.com/welcome/tender,NH/BSPS/CC/CW/28/2023-24/251,Tender,,,,No,2026-09-04,2026-09-04,NEW
0c214db0e244,NHPC,Dismantling and re-erection of temporary kitchen of CISF at KGPS colony (PKG-447),Unclassified,,,,Unknown,https://www.nhpcindia.com/welcome/tender,2023_NHPC_776698_1,Tender,,,,No,2026-09-04,2026-09-04,NEW
8c6b8071f077,NHPC,Mega Risk Policy including Terrorism & Third Party Liability Policy for NHPC Power Stations (For one year w.e.f. 30.10.2023 to 29.10.2024),Unclassified,,,,Unknown,https://www.nhpcindia.com/welcome/tender,GEM/2023/B/4093294,Tender,,,,No,2026-09-04,2026-09-04,NEW
00fb4e6e8f6f,NHPC,"Restoration of Damaged Protection Work at D/S and U/S of Outlet TRC on right bank at Power House, BSPS, Surangani",Unclassified,,,,Unknown,https://www.nhpcindia.com/welcome/tender,NH/BSPS/CC/CW/31/2023-24/249,Tender,,,,No,2026-09-04,2026-09-04,NEW
65909672acf8,NHPC,"Repair & Maintenance of Kendriya Vidyalaya, Jyotipuram, Salal Power Station, UT of Jammu & Kashmir",Unclassified,,,,Unknown,https://www.nhpcindia.com/welcome/tender,NH/SPS/CD/NIT-11/2023-24/416-425 (Tender ID 2023_NHPC_ 773471_1 ),NIT,,,,No,2026-09-04,2026-09-04,NEW
cb71aff17949,NHPC,"Mud lifting / De-silting from stop log Gate Grooves of RG #1 & RG #2 up to successful placement of Stop log Units in stop log Gate grooves at Dam site, Kharamukh.(Package No. HM-03)”.",Unclassified,,,,Unknown,https://www.nhpcindia.com/welcome/tender,2023_NHPC_ 775928 _1,Tender,,,,No,2026-09-04,2026-09-04,NEW
017a0d57f881,NHPC,Estimate for “SITC of 11 KV overhead Stand by Feeder from Power house (near SFT) to Salamabad Substation of Uri-II Power Station,Transmission / Evacuation,,,,Unknown,https://www.nhpcindia.com/welcome/tender,2023_NHPC_775931_1,Tender,,,,No,2026-09-04,2026-09-04,NEW
000013d07276,NHPC,Maintenance of external water supply line and plumbing work in Bandi residential colony of Uri-II power station,Unclassified,,,,Unknown,https://www.nhpcindia.com/welcome/tender,GEM/2023/B/4019672,Tender,,,,No,2026-09-04,2026-09-04,NEW
4f2aefc47216,NHPC,"Painting of CGI sheet roofing of Type-I & Type-II quarters, Dispensary and Offices at Sarthali Colony of Sewa-II Power Station (CW-593)Painting of CGI sheet roofing of Type-I & Type-II quarters, Dispensary and Offices at Sarthali Colony of Sewa-II Power Station (CW-593)",Unclassified,,,,Unknown,https://www.nhpcindia.com/welcome/tender,NH/Sewa-II/Contracts/CW-593/2023/NIT-14/134 Dated 07.10.2023,NIT,,,,No,2026-09-04,2026-09-04,NEW
27af1087145d,NHPC,"Supply, erection, testing and commissioning of 11 kV overhead line with Aerial bunched cables from Y-Junction to Dam Intake of NHPC Subansiri Lower Hydroelectric Project, Dollungmukh, Arunachal Pradesh",Hydro,,Arunachal Pradesh,,Unknown,https://www.nhpcindia.com/welcome/tender,NH/SLP/CONT/2023/C-15/NIT/639,NIT,,,,Yes,2026-09-04,2026-09-04,NEW
589e4742a735,NHPC,"River bank protection/ erosion control measures on the Right bank of River Subansiri adjacent to Ghancharai (U/S of WRD works) (RD55.625KM to 56.125KM) (500m), Beyond 30KM",Unclassified,,,,Unknown,https://www.nhpcindia.com/welcome/tender,NH/SLP/CONT/2023/C-42/NIT/638 दिनांक: 30/09/2023,NIT,,,,No,2026-09-04,2026-09-04,NEW
2094d462adbf,NHPC,Comprehensive Biennial maintenance Contract of Fire Alarm & Detection (FDA) System of Uri-II Power House,Unclassified,,,,Unknown,https://www.nhpcindia.com/welcome/tender,GEM/2023/B/4045734,Tender,,,,No,2026-09-04,2026-09-04,NEW
c1d9da22045b,NHPC,"Engineering Procurement and Construction (EPC) contract for development of 40 MW Capacity Solar Power Project and associated 220 KV Transmission line for connectivity at 220 KV OPTCL Transmission System through LILO Provision along with comprehensive O&M for 05 (Five) years at at Village-Landeihil, Tehsil-Jaganath Prasad, Distt-Ganjam, Odisha",Transmission / Evacuation,40.0,Odisha,,Unknown,https://www.nhpcindia.com/welcome/tender,NH/CCW/CC-III/CO-266/PR16623/2,Tender,,,40 MW,Yes,2026-09-04,2026-09-04,NEW
44f4f1b23fce,NHPC,"Sliding Zone treatment and restoration of road between at RD 3420 to 3495 m and providing boulder filled crate on slided portion of road from RD 3300 to 3314 m and RD 4000 m to 4050 m at Katarbain - Bhaledh Road, BSPS Surangani",Unclassified,,,,Unknown,https://www.nhpcindia.com/welcome/tender,NH/BSPS/CC/CW/30/2023-24/221,Tender,,,,No,2026-09-04,2026-09-04,NEW
16144909869f,NHPC,Insurance coverage under Group Insurance Scheme in lieu of EDLI in NHPC Limited for a period of one year (from 01.01.24 to 31.12.24,Unclassified,,,,Unknown,https://www.nhpcindia.com/welcome/tender,NH/CCW/CC-II/CO-272/PR10023/210,Tender,,,,No,2026-09-04,2026-09-04,NEW
87bc3f4fdd4d,NHPC,Running & Maintenance of Canteen at Uri-II Power House for the period of 02 years.,Unclassified,,,,Unknown,https://www.nhpcindia.com/welcome/tender,GEM/2023/B/3908090,Tender,,,,No,2026-09-04,2026-09-04,NEW
5589805aada6,NHPC,"Construction of one Female ward and one Tuberculosis ward at Sub District Hospital, BANI (J&K) (CSR-597)”",Unclassified,,Jammu and Kashmir,,Unknown,https://www.nhpcindia.com/welcome/tender,NH/Sewa-II/Contracts/CSR-597/2023/NIT-13/132 Dated 03.10.2023,NIT,,,,No,2026-09-04,2026-09-04,NEW
9095cc62ba24,NHPC,"Renewal/Recertification of Integrated Management System (ISO, QMS 9001:2015, EMS 14001:2015 & OH&S 45001:2018) License of RO Chandigarh",Unclassified,,Chandigarh,,Unknown,https://www.nhpcindia.com/welcome/tender,NH/ROCHD/PNC/IMS/2023/133 Dated:30.09.2023,Tender,,,,No,2026-09-04,2026-09-04,NEW
0d06658b82c7,NHPC,Routine Maintenance of 4X60 MW Hydro Generating Equipment and Auxiliaries of Uri-2 Power Station for 12 Months,Hydro,60.0,,,Unknown,https://www.nhpcindia.com/welcome/tender,GEM/2023/B/3895352,Tender,,,60 MW,Yes,2026-09-04,2026-09-04,NEW
dd24e3de2320,NHPC,"River side protection work for approach road to pump no. 2 & STP at BSPS, Surangani",Unclassified,,,,Unknown,https://www.nhpcindia.com/welcome/tender,NH/BSPS/CC/CW/29/2023-24/216,Tender,,,,No,2026-09-04,2026-09-04,NEW
03338e929db2,NHPC,"Providing and fixing in position curtain wall with Aluminium Composite Panel Cladding with Aluminium Base Frames and Flooring in Emergency Gallery at Power House of KGPS, Bandipora (PKG-433).",Unclassified,,,,Unknown,https://www.nhpcindia.com/welcome/tender,2023_NHPC_774236_1,Tender,,,,No,2026-09-04,2026-09-04,NEW
01fc18bb1ed6,NHPC,Maintenance Service Contract For Computers and Peripherals including Local Area Network (LAN),Unclassified,,,,Unknown,https://www.nhpcindia.com/welcome/tender,GEM/2023/B/3837823,Tender,,,,No,2026-09-04,2026-09-04,NEW
3387efdb3612,NHPC,“Protection work of Hydraulic cylinders of Radial Gate #03 against shooting stones at Dam site (Package No. DIII-01)”.,Unclassified,,,,Unknown,https://www.nhpcindia.com/welcome/tender,2023_NHPC_ 773966 _1,Tender,,,,No,2026-09-04,2026-09-04,NEW
af62d2a79f98,NHPC,"River bank protection/ erosion control measures on the Right bank of River Subansiri downstream to Sonowal gaon, beyond 30KM (RD 36.13KM to 37.13KM (1000m",Unclassified,,,,Unknown,https://www.nhpcindia.com/welcome/tender,NH/SLP/CONT/2023/C-41/NIT/635,NIT,,,,No,2026-09-04,2026-09-04,NEW
bf68b9e436fc,NHPC,River bank protection/ erosion control measures on the Right bank of River Subansiri Downstream to Ghancharai (27°6’23.26” N &94;°9’14.87” E) between RD 56.70KM to 57.70KM beyond 30KM (1000m,Unclassified,,,,Unknown,https://www.nhpcindia.com/welcome/tender,NH/SLP/CONT/2023/C-40/NIT/634,NIT,,,,No,2026-09-04,2026-09-04,NEW
6d9d5c71a512,NHPC,Painting of Two nos. of 150/20/10 Ton EOT Crane installed at Power House of Kishanganga Power Station (PKG-445).,Unclassified,,,,Unknown,https://www.nhpcindia.com/welcome/tender,2023_NHPC_773974_1,Tender,,,,No,2026-09-04,2026-09-04,NEW
2c6c6efaf8a3,NHPC,"Carrying out various Geo-technical investigation/Test including site preparation, drilling holes, collection of samples, laboratory testing, In situ testing/ investigation at different locations for Sawalkote HE Project, Tanger, Dist. Ramban.",Unclassified,,,,Unknown,https://www.nhpcindia.com/welcome/tender,2023_NHPC_773934_1,Tender,,,,No,2026-09-04,2026-09-04,NEW
7fb0f0a1c565,NHPC,"Clearing of Jungle (Weeds, Vegetation, etc.) and road side drain from Bamboo Trash Rack to RD 12.000 Km along the Loktak-Leimatak Road.",Unclassified,,,,Unknown,https://www.nhpcindia.com/welcome/tender,NH-LPS-HOP012(22)/53/2023-CD I and III/1029,Tender,,,,No,2026-09-04,2026-09-04,NEW
bacba1abb74a,NHPC,Complete restoration of Chiller Unit # 01 of HVAC system at PH,Unclassified,,,,Unknown,https://www.nhpcindia.com/welcome/tender,NIT No. NH/TSV/Cont/MC-115/NIT-869/2023-24/757 Dated: 27/09/2023 & E-Tender id:2023_NHPC_773686_1,NIT,,,,No,2026-09-04,2026-09-04,NEW
872f29e10532,NHPC,"Internal Inspection of one no. AREVA make, 13.8/(400/√3) kV, 70 MVA, Single Phase Generator Step-up Transformer of Teesta-V Power Station.",Unclassified,,,,Unknown,https://www.nhpcindia.com/welcome/tender,NH/TSV/CONT./EC-145/NIT-868/2023-24/665 Dated: 27/09/2023,NIT,,,,No,2026-09-04,2026-09-04,NEW
1c9f0abb2bc3,NHPC,River bank protection/ erosion control measures on the Right bank of River Subansiri adjacent to Mahaijan Alengri (RD 42.75KM to 43.65KM beyond 30KM (900m,Unclassified,,,,Unknown,https://www.nhpcindia.com/welcome/tender,NH/SLP/CONT/2023/C-39/NIT/633,NIT,,,,No,2026-09-04,2026-09-04,NEW
ba324572b178,NHPC,River bank protection/ erosion control measures on the Right bank of River Subansiri adjacent to Hekrajan goan between RD 23.3Km to 23.5km and 23.7km to 24.4km (beyond 30 km.,Unclassified,,,,Unknown,https://www.nhpcindia.com/welcome/tender,NH/SLP/CONT/2023/C-38/NIT/630,NIT,,,,No,2026-09-04,2026-09-04,NEW
6cf5b4bf7418,NHPC,"Renovation/complete replacement of motor brake assembly, control panel, power cable, cabin equipments and related electrical equipments of 50 Ton capacity draft tube gantry crane installed in Chamera Power Station-I",Unclassified,,,,Unknown,https://www.nhpcindia.com/welcome/tender,2023_NHPC_773195_2,Tender,,,,No,2026-09-04,2026-09-04,NEW
47d31a07a710,NHPC,Tiling work of Site mess & Unit line area of CISF at Sarthali Colony of Sewa-II Power Station (CW-591),Unclassified,,,,Unknown,https://www.nhpcindia.com/welcome/tender,NH/Sewa-II/Contracts/CW-591/2023/NIT-12/118 dated 21.09.2023,NIT,,,,No,2026-09-04,2026-09-04,NEW
507f695d78e3,NHPC,"River bank protection/ erosion control measures on the Left bank of River Subansiri adjacent to Kaliani, Gunasuti GP (RD41.65KM to 42.55KM (900m) beyond 30KM",Unclassified,,,,Unknown,https://www.nhpcindia.com/welcome/tender,NH/SLP/CONT/2023/C-37/NIT/622,NIT,,,,No,2026-09-04,2026-09-04,NEW
a9d7f10bd1ee,NHPC,River bank protection/ erosion control measures on the Left bank of River Subansiri adjacent to Balibheta goan in Gunasuti GP (RD44.70 KM to 45.60KM (900m) beyond 30KM’,Unclassified,,,,Unknown,https://www.nhpcindia.com/welcome/tender,NH/SLP/CONT/2023/C-36/NIT/620,NIT,,,,No,2026-09-04,2026-09-04,NEW
97b4cc52ad6c,NHPC,"River bank protection/ erosion control measures on the Right bank of River Subansiri adjacent to Gaghor Kalaknowa (RD 48.55 KM to RD 49.45Km) 900m, Beyond 30KM",Unclassified,,,,Unknown,https://www.nhpcindia.com/welcome/tender,NH/SLP/CONT/2023/C-35/NIT/610,NIT,,,,No,2026-09-04,2026-09-04,NEW
4d82c26e400d,NHPC,"Supply, Erection, Testing and Commissioning of Street Light along road from Volvo Point to NHPC main gate(CISF check gate) and in between Field Hostels-I&II;, NHPC Colony, Subansiri Lower Hydroelectric Project, Gerukamukh, Assam",Hydro,,Assam,,Unknown,https://www.nhpcindia.com/welcome/tender,NH/SLP/CONT/2023/C-32/NIT/609,NIT,,,,Yes,2026-09-04,2026-09-04,NEW
3f88cc867b63,NHPC,Insurance Coverage of Outstanding Multipurpose Advance under “NHPC Employees Multipurpose Advance Insurance Scheme for a period of one year from 19.11.2023 to 18.11.2024” on Open Tender Basis.,Unclassified,,,,Unknown,https://www.nhpcindia.com/welcome/tender,GEM/2023/B/3984625,Tender,,,,No,2026-09-04,2026-09-04,NEW
0a9181af3c68,NHPC,"Checking, Testing and Refilling of Carbon Dioxide (CO2) Cylinders fitted in the Carbon Dioxide (CO2) Fire Protection System for 4 nos. of Unit Generators (220 MVA) in Power House of Parbati HE Project, Stage-II (Package No. C-718).",Unclassified,,,,Unknown,https://www.nhpcindia.com/welcome/tender,2023_NHPC_772395_1,Tender,,,,No,2026-09-04,2026-09-04,NEW
af2375e0d682,NHPC,"Construction/Renovation of Cremation shed & Pathways at Dul Village, Kishtwar",Unclassified,,,,Unknown,https://www.nhpcindia.com/welcome/tender,NH/DPS/CONT/NIT-153/2023/E95104 Dated 16.09.2023,NIT,,,,No,2026-09-04,2026-09-04,NEW
6c80cac78597,NHPC,"Cleaning and Disinfection of Storage Water Tanks for Water Supply and Distribution System of Township at BSPS, Surangani for a period of Two Years",Unclassified,,,,Unknown,https://www.nhpcindia.com/welcome/tender,NH/BSPS/CC/CW/23/2023-24/194,Tender,,,,Yes,2026-09-04,2026-09-04,NEW
722a1c3d173a,NHPC,"Miscellaneous Repair, Maintenance and Painting work of Type-III, Type-IV and Type-V Residential Buildings, Boundary Wall and Other Infrastructure of Jaddu Colony at Baira Siul power Station, Surangani",Unclassified,,,,Unknown,https://www.nhpcindia.com/welcome/tender,NH/BSPS/CC/CW/27/2023-24/195,Tender,,,,No,2026-09-04,2026-09-04,NEW
7000fe4b0253,NHPC,Repair and painting of residential B Type quarters 30 Blocks Qtr no 101 to 220 and C Type 3 Blocks Qtr no 21 to 32 at Lower Samleu CPS 1,Unclassified,,,,Unknown,https://www.nhpcindia.com/welcome/tender,2023_NHPC_771769_2,Tender,,,,No,2026-09-04,2026-09-04,NEW
24ad089cf0b2,NHPC,Engagement of consultant for Survey and Investigation and preparation of Evaluation report of Potential Floating Solar Capacities on the selected Reservoirs/water Bodies in the State of Maharashtra,Floating Solar,,Maharashtra,,Unknown,https://www.nhpcindia.com/welcome/tender,GEM/2023/B/3961229,Tender,,,,Yes,2026-09-04,2026-09-04,NEW
813dfc811019,NHPC,"Design, Engineering, refurbishment/repair/replacement of components of Spillway equipment’s gate and hoist and restoration of Radial Gate for its max opening as per design including fabrication, assembly, installation, erection, painting testing and commissioning and Design Engineering, refurbishment/repair/replacement for storage arrangements, movement and toeing of Stop Log gates up to Gantry Crane",Unclassified,,,,Unknown,https://www.nhpcindia.com/welcome/tender,NH/BSPS/CC/RMU/25/2023-24/189,Tender,,,,No,2026-09-04,2026-09-04,NEW
eb0fc6dc7473,NHPC,"Painting of D/S face of Dam EL-1246.50 to EL- 1270.00M, U/S Face of dam EL-1266.50 to 1270.00 Parapet at Dam Top and repair & Painting of damaged parapet along the road side of dam DPS, Kishtwar",Unclassified,,,,Unknown,https://www.nhpcindia.com/welcome/tender,NH/DPS/CONT/NIT-154/2023/E93701 dated 14.09.2023,NIT,,,,No,2026-09-04,2026-09-04,NEW
6b63d14d9f53,NHPC,"Construction of Langer Hall in Gurudwara Sahib Premises at Kishtwar, J&K-182204",Unclassified,,Jammu and Kashmir,,Unknown,https://www.nhpcindia.com/welcome/tender,NH/DPS/CONT/NIT-155/2023/E98521 dated 15.09.2023,NIT,,,,No,2026-09-04,2026-09-04,NEW
acfd7f1a59ac,NHPC,Special maintenance and repair works of water supply and sanitary system of Dawar Colony located at Dam Site Gurez of KGPS (PKG-439).,Unclassified,,,,Unknown,https://www.nhpcindia.com/welcome/tender,2023_NHPC_771438_1,Tender,,,,No,2026-09-04,2026-09-04,NEW
7460af5c46b5,NHPC,Appointment of Transaction Advisor for Finalization of Model for Monetization through Securitization of free cash flow of one or more power station (s) in single tranche & execution thereof,Unclassified,,,,Unknown,https://www.nhpcindia.com/welcome/tender,GEM/2023/B/3952686,Tender,,,,No,2026-09-04,2026-09-04,NEW
1104ad1d469c,NHPC,"Repair and painting of Type-A quarters and repair, renovation and painting of electrical panel room in Sewa Vihar Colony at Mashka, Distt.-Kathua, J&K (CW-595)",Unclassified,,Jammu and Kashmir,,Unknown,https://www.nhpcindia.com/welcome/tender,NH/Sewa-II/Contracts/CW-595/2023/NIT-11/109 Dated: 13.09.2023,NIT,,,,No,2026-09-04,2026-09-04,NEW
a7170b5639e6,NHPC,"Construction of 2 Nos. Shed for storage of lubricants and boundary wall at Power House Complex of Sewa-II Power Station, Mashka, Distt.-Kathua (J&K) (CW-596)",Unclassified,,Jammu and Kashmir,,Unknown,https://www.nhpcindia.com/welcome/tender,NH/Sewa-II/Contracts/CW-596/2023/NIT-10/108 Dated 13.09.2023,NIT,,,,Yes,2026-09-04,2026-09-04,NEW
324148935cc5,NHPC,“Modernization/alteration of HOP office and creation of Visitor room along with HOP Sectt. at Administrative Building-II of Salal Power Station”,Unclassified,,,,Unknown,https://www.nhpcindia.com/welcome/tender,NH/SPS/CD/NIT-09/2023-24/393-402 (Tender ID : 2023_NHPC_771138_1 ),NIT,,,,No,2026-09-04,2026-09-04,NEW
ec6715dfd660,NHPC,Modernisation of Plumb-line system by Supply and Installation of Automatic Plumb-line System (XY Coordinator readout Charge Coupled Device and Automatic Data Transmission to Control Room) for Salal Power Station.,Unclassified,,,,Unknown,https://www.nhpcindia.com/welcome/tender,NH/SPS/P&C/NIT-07 /2023-24/333-42 (Tender ID:-2023_NHPC_769265_1),NIT,,,,No,2026-09-04,2026-09-04,NEW
bfe2ebccb277,NHPC,"Supply, Installation, Testing & Commissioning of E-Flow measuring & monitoring system in 2 Nos. Radial Gates at Salal Power Station.",Unclassified,,,,Unknown,https://www.nhpcindia.com/welcome/tender,NH/SPS/P&C/NIT-10/2023-24/368-377 (Tender ID:-2023_NHPC_770356_1),NIT,,,,No,2026-09-04,2026-09-04,NEW
ee66feb1423f,NHPC,Repairing of Pirngad Steel Bridge Over Siul Nallah to Drop Shaft at Siul Weir Complex of BSPS,Unclassified,,,,Unknown,https://www.nhpcindia.com/welcome/tender,NH/BSPS/CC/RMU/24/2023-24/181,Tender,,,,No,2026-09-04,2026-09-04,NEW
94c043438948,NHPC,"Clearing of Jungle (Weeds, Vegetation, etc.) and road side drain along the Loktak-Leimatak road between RD 12.000 Km to RD 24.70 Km and old road",Unclassified,,,,Unknown,https://www.nhpcindia.com/welcome/tender,NH-LPS-HOP012(17)/2/2023-CD I and III/1028,Tender,,,,No,2026-09-04,2026-09-04,NEW
04683fd58421,NHPC,Hiring of 01 No inspection Vehicle M&M Bolero/M&M Xylo or equivalent for Pool duty,Unclassified,,,,Unknown,https://www.nhpcindia.com/welcome/tender,NH/TSV/Cont/MC-136/NIT-867/2023-24/642 Dated : 06/09/2023,NIT,,,,No,2026-09-04,2026-09-04,NEW
c056fe3800eb,NHPC,Repair of Lift located at Salal Dam Top of Salal Power Station.,Unclassified,,,,Unknown,https://www.nhpcindia.com/welcome/tender,NH/SPS/P&C/NIT-104/2023-24/357-67 (Tender ID No.2023_ NHPC_770154_1),NIT,,,,No,2026-09-04,2026-09-04,NEW
0334901d4b27,NHPC,"Renovation, Repairing and Painting of Type-II (12 Nos) quarter at Samdong Colony, Teesta-V",Unclassified,,,,Unknown,https://www.nhpcindia.com/welcome/tender,NH/TSV/Cont/CC-303/NIT-866/2023-24/641 Dated: 05/09/2023,NIT,,,,No,2026-09-04,2026-09-04,NEW
9cc9e8051688,NHPC,Installation of Canopy over Intake Gate Platforms and Gantry at Dam site of Teesta-V Power station.,Unclassified,,,,Unknown,https://www.nhpcindia.com/welcome/tender,NH/TSV/Cont/CC-307/NIT-865/2023-24/743 Dated: 04/09/2023 & E-Tender Id:2023_NHPC_ 770024 _1,NIT,,,,No,2026-09-04,2026-09-04,NEW
010401b38577,NHPC,Purchase of 01 no.Ultrasound Scanning Machine (Q3),Unclassified,,,,Unknown,https://www.nhpcindia.com/welcome/tender,GEM/2023/B/3883393 Dated 04.09.2023,Tender,,,,No,2026-09-04,2026-09-04,NEW
563852e50a70,NHPC,Protection work for strengthening of basement/footing of lattice pole 11KV Transmission line of Teesta-V Power Station,Transmission / Evacuation,,,,Unknown,https://www.nhpcindia.com/welcome/tender,NH/TSV/Cont/CC-290/NIT-864/2023-24/640 Dated : 04/09/2023,NIT,,,,No,2026-09-04,2026-09-04,NEW
cfb53d1c988f,NHPC,"Repair, replacement of lower moving labyrinth, static balancing and HP-HVOF coating of one number Runner of 130 MW Francis Turbine of Parbati-3 Power Station",Unclassified,130.0,,,Unknown,https://www.nhpcindia.com/welcome/tender,NH/PPS-III/NIT/PR11923/116/1/175 Dated: 02/09/2023,NIT,,,130 MW,Yes,2026-09-04,2026-09-04,NEW
184320083d53,NHPC,"Exploratory Drifting at Left Abutment and Right Abutment of Dam of West Seti H. E. Project, District Doti, Sudur Paschim Province, Nepal (Package WS-04)",Unclassified,,,,Unknown,https://www.nhpcindia.com/welcome/tender,NHPC_WS-04/2023,Tender,,,,No,2026-09-04,2026-09-04,NEW
3442ac01773c,NHPC,"Exploratory drilling, driving, reaming of Nx size drill holes with Diamond core drilling machine using Double Tube/Triple Tube core barrel at Power Intake, HRT, Surface Power House, MAT, TRT Areas of West Seti HE Project, Nepal (WS-03)",Unclassified,,,,Unknown,https://www.nhpcindia.com/welcome/tender,NHPC_WS-03/2023,Tender,,,,No,2026-09-04,2026-09-04,NEW
2b6d72e753f3,NHPC,"Exploratory drilling, driving and reaming of Nx size drill holes with Diamond core drilling machine using Double Tube/Triple Tube core barrel at Dam Site Area of West Seti HE Project, District Doti/ Dadeldhura, Sudur Paschim Province, Nepal (WS-01)",Unclassified,,,,Unknown,https://www.nhpcindia.com/welcome/tender,NHPC_WS-01/2023,Tender,,,,No,2026-09-04,2026-09-04,NEW
1e0c4967d9e5,NHPC,Painting Work of 20 Nos. Gen transformers at Salal Power Station,Unclassified,,,,Unknown,https://www.nhpcindia.com/welcome/tender,NH/SPS/CD/NIT-08/2023-24/281-300 (Tender ID 2023_NHPC_768254_1),NIT,,,,No,2026-09-04,2026-09-04,NEW
ec8d1703ff69,NHPC,Calling of Service Engineer for Servicing/Overhauling and repairing of 03 nos. ELC-50C & 3 nos. LVDH-50 Machines of HM Works at Dam Site,Unclassified,,,,Unknown,https://www.nhpcindia.com/welcome/tender,NH/TSV/Cont/MC-134/NIT-863/2023-24/751 Dated : 26/08/2023,NIT,,,,No,2026-09-04,2026-09-04,NEW
4067d1327614,NHPC,Scientific Cleaning of Water Storage Tanks related to water supply at Jyotipuram,Unclassified,,,,Unknown,https://www.nhpcindia.com/welcome/tender,NH/SPS/CD/NIT-08/2023-24/311-320,NIT,,,,Yes,2026-09-04,2026-09-04,NEW
014a2de2040b,NHPC,Regarding repairs of 03 nos of Escorts make mobile cranes of Salal Power Station,Unclassified,,,,Unknown,https://www.nhpcindia.com/welcome/tender,NH/SPS/CD/NIT-07/2023-24/301-310,NIT,,,,No,2026-09-04,2026-09-04,NEW
aabde7334792,NHPC,Comprehensive Package Policy- CPM Equipment of Power Stations of NHPC for the period from 30.10.2023 to 29.10.2024,Unclassified,,,,Unknown,https://www.nhpcindia.com/welcome/tender,GEM/2023/B/3873459,Tender,,,,No,2026-09-04,2026-09-04,NEW
bfe08af757f7,NHPC,"Exploratory Drifting at Underground Powerhouse Location of West Seti HE Project, District Doti, Sudur Paschim Province, Nepal (Package-WS-02)",Unclassified,,,,Unknown,https://www.nhpcindia.com/welcome/tender,NHPC_WS-02/2023,Tender,,,,No,2026-09-04,2026-09-04,NEW
8613973a282a,NHPC,"Internal Electrification of Sr. Secondary School, Legship, West Sikkim",Unclassified,,Sikkim,,Unknown,https://www.nhpcindia.com/welcome/tender,NH-RPS-ECD014(14)/4/2023-ECD/149,Tender,,,,No,2026-09-04,2026-09-04,NEW
6fa458d7019f,NHPC,"Improvement of Mela Ground at Mashka for creation of sports infrastructure for the promotion of culture of sports and engagement of local youths at Sewa-II Power Station, Mashka (J&K) (CSR-590)",Unclassified,,Jammu and Kashmir,,Unknown,https://www.nhpcindia.com/welcome/tender,NH/Sewa-II/Contracts/CSR-590/2023/NIT-09/97 Dated 21.08.2023,NIT,,,,No,2026-09-04,2026-09-04,NEW
6c4b8dc9bb03,NHPC,Annual maintenance of Generating Units & its accessories for the year 2023-24,Unclassified,,,,Unknown,https://www.nhpcindia.com/welcome/tender,NH/TSV/Cont/MC-135/NIT-862/2023-24/629 Dated: 19/08/2023,NIT,,,,No,2026-09-04,2026-09-04,NEW
08c1a8e01977,NHPC,Supply Installation Testing and Commissioning of PINTLE TYPE TAKE UP in place of CRD cable reeling drum and accessories of Gantry crane at Power House and TRCM cum Gantry crane at Dam of Rangit Power Station,Unclassified,,,,Unknown,https://www.nhpcindia.com/welcome/tender,NH-RPS-HM012(13)/2/2022-DAM HM/144,Tender,,,,No,2026-09-04,2026-09-04,NEW
3e3a31634258,NHPC,"Painting and other miscellaneous work of Badminton Hall of Salal Power Station, Jyotipuram",Unclassified,,,,Unknown,https://www.nhpcindia.com/welcome/tender,NH/SPS/CD/NIT-06/2023-24/244-254,NIT,,,,No,2026-09-04,2026-09-04,NEW
de8c411fde52,NHPC,Running & Maintenance of Workshop/Transport and Store at Uri-II Power Station for the period of 01 year,Unclassified,,,,Unknown,https://www.nhpcindia.com/welcome/tender,GEM/2023/B/3840266,Tender,,,,No,2026-09-04,2026-09-04,NEW
214ec97453ba,NHPC,Providing cement concrete pavement and drain on old approach road to Sai lanjan village via high school from Salal dam under CSR Activities by Salal Power Station,Unclassified,,,,Unknown,https://www.nhpcindia.com/welcome/tender,NH/SPS/P&C/NIT-03/2023-24/261-70,NIT,,,,No,2026-09-04,2026-09-04,NEW
c620359d551d,NHPC,Alteration in one shed of central store of Sewa-II Power Station to store transformer oil barrel (CW-587),Unclassified,,,,Unknown,https://www.nhpcindia.com/welcome/tender,NH/Sewa-II/Contracts/CW-587/2023/NIT-07/93 Dated: 11.08.2023,NIT,,,,No,2026-09-04,2026-09-04,NEW
92fab24fa78f,NHPC,"Annual maintenance of units, its ancillaries, transformer & switchgear with levelling/centering, alignment & dynamic balancing of two nos. of Hydro-generating units at 3X40 MW Sewa-II Power Station (MW-588)",Hydro,40.0,,,Unknown,https://www.nhpcindia.com/welcome/tender,NH/Sewa-II/Contracts/MW-588/2023/NIT-08/94 Dated: 14.08.2023,NIT,,,40 MW,Yes,2026-09-04,2026-09-04,NEW
e15cc39ebf0d,NHPC,"Repairing, painting and devlopment of recreation center and its surrounding areas of Rangit Power Station",Unclassified,,,,Unknown,https://www.nhpcindia.com/welcome/tender,NH-RPS-CTS011(11)/1/2023-CIVIL TS/138,Tender,,,,No,2026-09-04,2026-09-04,NEW
726db89c2de9,NHPC,Comprehensive Annual Maintenance Contract for Fire Detection & Alarm System for Two Years,Unclassified,,,,Unknown,https://www.nhpcindia.com/welcome/tender,NH/TSV/Cont/EC-144/NIT-860/2023-24/623 Dated : 12/08/2023,NIT,,,,No,2026-09-04,2026-09-04,NEW
bb4b544d9dd4,NHPC,"Construction of separate toilet for Primary students (Separately for boys & girls) of Kendriya Vidyalaya, Balutar, District - Gangtok, Sikkim",Unclassified,,Sikkim,,Unknown,https://www.nhpcindia.com/welcome/tender,NH/TSV/Cont/CC-306/NIT-861/2023-24/624 Dated: 12/08/2023,NIT,,,,No,2026-09-04,2026-09-04,NEW
69784d2b1c73,NHPC,"“Repair and HP-HVOF Coating of 20 Nos. Wicket Gates (01 Set) of 77 MW Francis Hydro- Turbine of Chamera-III Power Station, Dharwala Distt. Chamba, H.P., (Pkg. No. PH-01)”",Hydro,77.0,,,Unknown,https://www.nhpcindia.com/welcome/tender,2023_NHPC_766536_1,Tender,,,77 MW,Yes,2026-09-04,2026-09-04,NEW
86e44d93912e,NHPC,Vibration analysis and dynamic balancing of hydro-generating units of Kishanganga Power Station (PKG-437).,Hydro,,,,Unknown,https://www.nhpcindia.com/welcome/tender,2023_NHPC_766479_,Tender,,,,Yes,2026-09-04,2026-09-04,NEW
cc00ba3544c4,NHPC,"Construction of Plan House, Office and Canteen at Baira Dam of BSPS",Unclassified,,,,Unknown,https://www.nhpcindia.com/welcome/tender,NH/BSPS/CC/RMU/18/2023-24/137,Tender,,,,No,2026-09-04,2026-09-04,NEW
a0fc820cdbce,NHPC,Calibration of Miscellaneous Hospital Equipment,Unclassified,,,,Unknown,https://www.nhpcindia.com/welcome/tender,NH/TSV/Cont/EC-125/NIT-858/2023/715 Dated :09/08/2023,NIT,,,,No,2026-09-04,2026-09-04,NEW
89ab21872f12,NHPC,Comprehensive repair damaged Runners (RN-4) along with LML of Teesta-V Power Station,Unclassified,,,,Unknown,https://www.nhpcindia.com/welcome/tender,NH/TSV/Cont/MC-133/NIT-859/2023-24/622 Dated: 10/08/2023,NIT,,,,No,2026-09-04,2026-09-04,NEW
ed5ae6d6fb3f,NHPC,"Annual Maintenance and repair work for residential buildings of NHPC Colony of Salal Power Station, Jyotipuram",Unclassified,,,,Unknown,https://www.nhpcindia.com/welcome/tender,NH/SPS/CD/NIT-05/23-24/234-243,NIT,,,,No,2026-09-04,2026-09-04,NEW
601ada371d13,NHPC,"Exploratory core Drilling, Driving and Reaming of drill holes with lowering of casing of suitable sizes with Water Percolation Test and Cement grouting at Dam Axis Left Bank of Sawalkote HE Project",Unclassified,,,,Unknown,https://www.nhpcindia.com/welcome/tender,2023_NHPC_765091_1,Tender,,,,No,2026-09-04,2026-09-04,NEW
f54545cc468b,NHPC,Taking cross-section of Chenab River at different locations for Sawalkote HE Project,Unclassified,,,,Unknown,https://www.nhpcindia.com/welcome/tender,2023_NHPC_764341_1,Tender,,,,No,2026-09-04,2026-09-04,NEW
09793bd18077,NHPC,"Repair and Refurbishment of 20’’ Butterfly Valve of MIV Bypass line in Power House of Chamera Power Station-1, Khairi",Unclassified,,,,Unknown,https://www.nhpcindia.com/welcome/tender,2023_NHPC_762138_1,Tender,,,,No,2026-09-04,2026-09-04,NEW
ce27acd2f44c,NHPC,"Laying of gravel in Potheadyard area of switchyard of CPS-1, Khairi.",Unclassified,,,,Unknown,https://www.nhpcindia.com/welcome/tender,2023_NHPC_765388_1,Tender,,,,No,2026-09-04,2026-09-04,NEW
21f543ed4b3f,NHPC,"Repair along with HP-HVOF coating of 20 nos. Damaged Guide Vanes (including To & Fro transportation) of 130 MW Francis Turbine, Parbati-III Power Station”.",Unclassified,130.0,,,Unknown,https://www.nhpcindia.com/welcome/tender,NH/PPS-III/NIT/PR11923/62/1/149 Dated: 08/08/2023,NIT,,,130 MW,Yes,2026-09-04,2026-09-04,NEW
87f807878f85,NHPC,Construction and laying of Pre-cast Cement Concrete Blocks for repair of TRT Apron at Teesta-V Power Station Balutar,Unclassified,,,,Unknown,https://www.nhpcindia.com/welcome/tender,NH/TSV/Cont/CC-304/NIT-857/2023-24/617 Dated: 08/08/2023,NIT,,,,No,2026-09-04,2026-09-04,NEW
747beec50427,NHPC,Annual Maintenance of 2 Nos. Hydro-generating Units (Pelton Turbine) of 3x110 MW Kishanganga Power Station (PKG-438).,Hydro,110.0,,,Unknown,https://www.nhpcindia.com/welcome/tender,2023_NHPC_765899_1,Tender,,,110 MW,Yes,2026-09-04,2026-09-04,NEW
682a217278d7,NHPC,"Fixing of steel ladders, Footpath Bridge and railing on the inaccessible areas of Piers of Teesta-V Dam",Unclassified,,,,Unknown,https://www.nhpcindia.com/welcome/tender,NH/TSV/Cont/CC-305/NIT-856/2023-24/616 Dated: 08/08/2023,NIT,,,,No,2026-09-04,2026-09-04,NEW
9f80491b5c32,NHPC,Installation of Street Lights for Dam Illumination of Uri-II Power Station,Unclassified,,,,Unknown,https://www.nhpcindia.com/welcome/tender,2023_NHPC_764570_1,Tender,,,,No,2026-09-04,2026-09-04,NEW
282e0f51f2bb,NHPC,External Illumination of Power House area (From NH to entrance gate of Draft Tube Gate Hall) of Uri-II Power Station,Unclassified,,,,Unknown,https://www.nhpcindia.com/welcome/tender,2023_NHPC_764567_1,Tender,,,,No,2026-09-04,2026-09-04,NEW
52c8026a2448,NHPC,Erection of 11 KV Standby Feeder from Salamabad to Nowpora through 11 KV HT AB cable of Uri 2 Power Station,Unclassified,,,,Unknown,https://www.nhpcindia.com/welcome/tender,2022_NHPC_764342_1,Tender,,,,No,2026-09-04,2026-09-04,NEW
5ca85048cd49,NHPC,"Repair of side drain of By-pass road of Dulhasti Power Station, Kishtwar",Unclassified,,,,Unknown,https://www.nhpcindia.com/welcome/tender,NH/DPS/CONT/NIT-151/2023/E96444 dated 05.08.2023,NIT,,,,No,2026-09-04,2026-09-04,NEW
69ac31fcdfa9,NHPC,Providing and applying Antifungal Coating in Power House Pārbati-III Power Station,Unclassified,,,,Unknown,https://www.nhpcindia.com/welcome/tender,NH/PPS-III/NIT/PR11922/465/2/144,NIT,,,,No,2026-09-04,2026-09-04,NEW
3a257fbc5a06,NHPC,"Premix Carpeting and Misc. Repair Works of Road from Chenab Nagar Sector-I to Kendriya Vidyalaya Gate-1, Misc. Link Road in Sector-I and part of the Road located in DSB Colony at DPS, Kishtwar",Unclassified,,,,Unknown,https://www.nhpcindia.com/welcome/tender,NH/DPS/CONT/NIT-150/2023/E64700 dated 04.08.2023,NIT,,,,No,2026-09-04,2026-09-04,NEW
2dc5e3c54644,NHPC,"Construction of Concrete Step for Protection of Slope along CISF Barrack at Dam Site, KGPS, Gurez (PKG-436).",Unclassified,,,,Unknown,https://www.nhpcindia.com/welcome/tender,2023_NHPC_765055_1,Tender,,,,No,2026-09-04,2026-09-04,NEW
3531300c9148,NHPC,"Hiring of Two (02) nos. Mahindra Scorpio Model Classic S Diesel or higher/ equivalent with driver for Dibang Multi-Purpose Project, Roing.",Unclassified,,,,Unknown,https://www.nhpcindia.com/welcome/tender,GEM/2023/B/3676657 dated 26.07.2023,Tender,,,,No,2026-09-04,2026-09-04,NEW
263c6ac28cd1,NHPC,Appointment of one International Credit Rating Agency for a period of 02 years i.e. from 03.02.2024 to 02.02.2026,Unclassified,,,,Unknown,https://www.nhpcindia.com/welcome/tender,GeM/2023/3764939,Tender,,,,No,2026-09-04,2026-09-04,NEW
3bb358de3831,NHPC,Central Record Keping Agencies“ (CRA) for implementation of National System (NPS Tire-I)-Corporate Model in NHPC Limited,Unclassified,,,,Unknown,https://www.nhpcindia.com/welcome/tender,NH/Conts(E&M)-IV/CO-34/PR10023/59/2023/112,Tender,,,,No,2026-09-04,2026-09-04,NEW
f9def2a40025,NHPC,Carrying out Annual Maintenance and Repair of underwater parts of three Generating Units of 3X60 MW of BSPS,Unclassified,60.0,,,Unknown,https://www.nhpcindia.com/welcome/tender,NH/BSPS/CC/PH/16/2023-24/127,Tender,,,60 MW,Yes,2026-09-04,2026-09-04,NEW
aeb3cf826e70,NHPC,Test Tender-02,Unclassified,,,,Unknown,https://www.nhpcindia.com/welcome/tender,Nepal-02,Tender,,,,No,2026-09-04,2026-09-04,NEW
ca0fa585d819,NHPC,"Repairing of Fencing and Toilet at Chinj Ground, BSPS,Surangani",Unclassified,,,,Unknown,https://www.nhpcindia.com/welcome/tender,NH/BSPS/CC/CW/17/2023-24/123,Tender,,,,No,2026-09-04,2026-09-04,NEW
4712b66f2f8b,NHPC,Test Tender,Unclassified,,,,Unknown,https://www.nhpcindia.com/welcome/tender,Nepal-01,Tender,,,,No,2026-09-04,2026-09-04,NEW
d23eeb910746,NHPC,"Construction of concrete retaining wall from MT Gate to towards the D/S of Dam of KGPS, Gurez (PKG-431)",Unclassified,,,,Unknown,https://www.nhpcindia.com/welcome/tender,2023_NHPC_764109_1,Tender,,,,No,2026-09-04,2026-09-04,NEW
11f39d74fbfc,NHPC,Installation of Underground Diesel Storage Tank at DAM Site of Kishanganga Power Station (PKG-435).,Unclassified,,,,Unknown,https://www.nhpcindia.com/welcome/tender,2023_NHPC_763642_1,Tender,,,,Yes,2026-09-04,2026-09-04,NEW
16c9649202bc,NHPC,Periodic Inspection /Testing / Servicing of 2X225 Ton Capacity EOT Cranes Installed at Teesta-V Power Station,Unclassified,,,,Unknown,https://www.nhpcindia.com/welcome/tender,NH/TSV/Cont/EC-141/NIT-855/2023-24/707 Dated: 26/07/2023,NIT,,,,No,2026-09-04,2026-09-04,NEW
464ee433920c,NHPC,Borrowing of Rs 2000 Crore through Term Loan from the scheduled private/public sector banks and financial institutions,Unclassified,,,,Unknown,https://www.nhpcindia.com/welcome/tender,NH/CCW/CC-II/CO262/PR10023/145,Tender,,,,No,2026-09-04,2026-09-04,NEW
8ea9b60ca80f,NHPC,"Erection of Maintenance Platform of SFT gate Hydraulic Cylinders at GOC SFT, Dam site, Kharamukh, Chamera-III Power Station, Dharwala Distt. Chamba, H.P., (Package No. HM- 02)",Unclassified,,,,Unknown,https://www.nhpcindia.com/welcome/tender,2023_NHPC_ 763257 _1,Tender,,,,No,2026-09-04,2026-09-04,NEW
0423bf9e1546,NHPC,"Hiring of two (02) Toyota Innova Crysta with drivers for Subansiri Lower Project, Gerukamukh with empanelment of bidders for one year.",Unclassified,,,,Unknown,https://www.nhpcindia.com/welcome/tender,NH/SLP/CONT/2023/C-31/NIT/574,NIT,,,,No,2026-09-04,2026-09-04,NEW
6ea5a597bced,NHPC,Construction of Aluminium Cabin and Partition of Office at Power House in Uri-II Power Station,Unclassified,,,,Unknown,https://www.nhpcindia.com/welcome/tender,2023_NHPC_763223_1,Tender,,,,No,2026-09-04,2026-09-04,NEW
c47d9511e240,NHPC,"Re-babbitting of Thrust bearing pads, TGB, LGB & UGB pads (1 Set each) of Parbati-III Power Station",Unclassified,,,,Unknown,https://www.nhpcindia.com/welcome/tender,NH/PPS-III/NIT/PR11923/67/1/126 Dated: 22/07/2023,NIT,,,,Yes,2026-09-04,2026-09-04,NEW
17eba805e346,NHPC,"Fencing of land acquired by Uri-II Power Station, NHPC at various locations with R.C.C. posts and barbed wire",Unclassified,,,,Unknown,https://www.nhpcindia.com/welcome/tender,2023_NHPC_762769_1,Tender,,,,No,2026-09-04,2026-09-04,NEW
7c9bfd9c084f,NHPC,Rate Contract of Medicines for 2 years for Teesta-V Power Station,Unclassified,,,,Unknown,https://www.nhpcindia.com/welcome/tender,NH/TSV/RC/NIT-MS011/6/2043 dated 20-07-2023,NIT,,,,No,2026-09-04,2026-09-04,NEW
1b530bb2a501,NHPC,"Providing boundary wall at CRPF Camp situated near Valve House, Jiwan Nagar, Loktak Power Station.",Unclassified,,,,Unknown,https://www.nhpcindia.com/welcome/tender,NIT-1027 (O),NIT,,,,No,2026-09-04,2026-09-04,NEW
60f27d4e7d05,NHPC,"Construction of Security Check Post Cum Temporary site office at Chimri colony, Dibang Multipurpose Project, Roing Arunachal Pradesh",Unclassified,,Arunachal Pradesh,,Unknown,https://www.nhpcindia.com/welcome/tender,NH/DMP/PNC/NIT/2023/05 dtd 22.07.2023 (E Tender No.2023_NHPC_762364_1),NIT,,,,No,2026-09-04,2026-09-04,NEW
a25373038a30,NHPC,"Setting up of 200 MW Solar PV Power Project in 600 MW in Solar park (Stage-I) of Gujrat State Electricity Corporation Ltd (GSECL) at khavda, Gujrat",Solar,200.0,,,Unknown,https://www.nhpcindia.com/welcome/tender,2023_NHPC_760763_1,Tender,,,200 MW,Yes,2026-09-04,2026-09-04,NEW
5c28443917a1,NHPC,"Design, Supply ,Fabrication, installation and commissioning of double storey Pre-Fabricated NHPC Administrative Building at Chimri, Dibang Multipurpose Project, Arunachal Pradesh of Area 1047.00",Unclassified,,Arunachal Pradesh,,Unknown,https://www.nhpcindia.com/welcome/tender,NH/DMP/PNC/NIT/2023/04 dtd 18.07.2023 (E Tender No.2023_NHPC_761602_1),NIT,,,,No,2026-09-04,2026-09-04,NEW
8d481b57abef,NHPC,"Design, Supply, Fabrication, installation and commissioning of double storey Pre-Fabricated Field Hostel at Chimri, Dibang Multipurpose Project, Arunachal Pradesh of Area 1345 Sqm (G+1)",Unclassified,,Arunachal Pradesh,,Unknown,https://www.nhpcindia.com/welcome/tender,NH/DMP/PNC/NIT/2023/03 dtd 14.07.2023 (E tender No.2023_NHPC_761530_1),NIT,,,,No,2026-09-04,2026-09-04,NEW
ee032b96a435,NHPC,Appointment of Dividend Banker for distribution of Final Dividend for the Financial Year 2022-23,Unclassified,,,,Unknown,https://www.nhpcindia.com/welcome/tender,NH/CCW/CC-II/CO259/PR10023/117,Tender,,,,No,2026-09-04,2026-09-04,NEW
15f404b79064,NHPC,Hiring of 03 nos. of TATA NEXON EV PRIME (Model-XZ +LUX) or higher model with Driver and empanelment of the bidders for one year for Subansiri Lower HE Project.,Unclassified,,,,Unknown,https://www.nhpcindia.com/welcome/tender,NH/SLP/CONT/2023/C-17/NIT/566,NIT,,,,No,2026-09-04,2026-09-04,NEW
456290d1064d,NHPC,"Design, Supply, Erection, Testing & Commissioning of Sewage Treatment Plant (STP) - 10KLD (based on SBR Technology) at Dam Complex of Pārbati HE Project Stage-II”. (Package No. C-709)",Unclassified,,,,Unknown,https://www.nhpcindia.com/welcome/tender,NH/PP-II/P&C/Pkg. No. C-709/2023/9921,Tender,,,,No,2026-09-04,2026-09-04,NEW
56786a5757cc,NHPC,"Repair of road from Power House of Parbati-II to Parbati-III Dam road (Junction of Parbati-II and Parbati-III Dam Road) of Parbati HE Project, Stage-II. (Package No. C-716)",Unclassified,,,,Unknown,https://www.nhpcindia.com/welcome/tender,NH/PP-II/P&C/Pkg. No. C-716/2023/9911,Tender,,,,No,2026-09-04,2026-09-04,NEW
d5bcb20f9b0c,NHPC,"Supply, Installation, Testing & Commissioning of Automatic Water Level Recorder System (AWLR), (Non-Contact Radar / RF type) for Early warning system in the upstream of Dam site of Teesta-V Power station, Sikkim",Unclassified,,Sikkim,,Unknown,https://www.nhpcindia.com/welcome/tender,NH/TSV/Cont/EC-133/NIT-854/2023-24/695 Dated :14/07/2023,NIT,,,,No,2026-09-04,2026-09-04,NEW
84a4ade372af,NHPC,"Supply, Installation and Commissioning of Ducted Split Air Conditioning Units for GIS Relay Room of Teesta-V Power Station",Unclassified,,,,Unknown,https://www.nhpcindia.com/welcome/tender,NH/TSV/Cont/EC-142/NIT-853/2023-24/693 Dated: 12/07/2023,NIT,,,,No,2026-09-04,2026-09-04,NEW
c5d1aa05aa43,NHPC,Insurance coverage for outstanding House Building Advance under NHPC Employees (HBA) Group Insurance Scheme for a period of one year (14-09-2023 to 13-09-2024),Unclassified,,,,Unknown,https://www.nhpcindia.com/welcome/tender,NH/CCW/CC-II/CO-261/PR10023/107,Tender,,,,No,2026-09-04,2026-09-04,NEW
d555ed5705a4,NHPC,Repair and renovation of toilet/bathroom at Salal Power House at Dhyangarh,Unclassified,,,,Unknown,https://www.nhpcindia.com/welcome/tender,NH/SPS/CD/NIT-04/2023-24/176-186,NIT,,,,No,2026-09-04,2026-09-04,NEW
2d0c59de8bbe,NHPC,"Supply, Erection, Testing & Commissioning of 02 Nos. TRCM for Subansiri Lower HE Project (2000 MW).",Unclassified,2000.0,,,Unknown,https://www.nhpcindia.com/welcome/tender,NH/CC-IV/CO-260/PR11521/260,Tender,,,2000 MW,Yes,2026-09-04,2026-09-04,NEW
0fb4ac451557,NHPC,"Hiring of Five (05) nos. of Mahindra Scorpio, Model Classic-S (Diesel) or higher with driver for Subansiri Lower HE Project.",Unclassified,,,,Unknown,https://www.nhpcindia.com/welcome/tender,NH/SLP/CONT/2023/C-27/NIT/559,NIT,,,,No,2026-09-04,2026-09-04,NEW
9c8257f9be3c,NHPC,"Repairing of damage portion of Katarbain-Bhaledh Road at RD 3410 to 3460 m of BSPS, Surangani, Distt-Chamba(H.P)",Unclassified,,,,Unknown,https://www.nhpcindia.com/welcome/tender,NH/BSPS/CC/CW/11/2023-24/98,Tender,,,,No,2026-09-04,2026-09-04,NEW
74768fce9488,NHPC,Providing and fixing thermal insulation in ceiling of Executive Field Hostel of Uri-II Power Station,Unclassified,,,,Unknown,https://www.nhpcindia.com/welcome/tender,2023_NHPC_760979_1,Tender,,,,No,2026-09-04,2026-09-04,NEW
e87579ceafa2,NHPC,Hiring of 03 nos. of TATA NEXON EV MAX (Model-XZ +LUX) or or higher model with Driver and empanelment of the bidders for one year for Subansiri Lower HE Project.,Unclassified,,,,Unknown,https://www.nhpcindia.com/welcome/tender,NH/SLP/CONT/2023/C-10/NIT/558,NIT,,,,No,2026-09-04,2026-09-04,NEW
2664cc53d3de,NHPC,Repairing of Boundary Wall from Main Gate to Filter Plant via Patel Bazaar and KV at Old Colony Loktak.,Unclassified,,,,Unknown,https://www.nhpcindia.com/welcome/tender,2023_NHPC_760974_1,Tender,,,,No,2026-09-04,2026-09-04,NEW
69b9e61f9f2e,NHPC,"Repairing of Type-II Qtrs. (C) Blocks at Leimatak colony, Loktak Power Station",Unclassified,,,,Unknown,https://www.nhpcindia.com/welcome/tender,NH-LPS-HOP012(22)/10/2023-CD-I and III/1025,Tender,,,,No,2026-09-04,2026-09-04,NEW
7c5627a15730,NHPC,Re-babbitting & Machining of 08 No.UGB (Upper Guide Bearing) Pad of Sewa-II Power Station (MW-579),Unclassified,,,,Unknown,https://www.nhpcindia.com/welcome/tender,NH/Sewa-II/Contracts/MW-579/2023/NIT-06/59,NIT,,,,Yes,2026-09-04,2026-09-04,NEW
7c1572d9e601,NHPC,"Engagement of DGR sponsored Private Security Agencies/ Services at Sewa-II Power Station, Mashka, District-Kathua, J&K (SC-578)",Unclassified,,Jammu and Kashmir,,Unknown,https://www.nhpcindia.com/welcome/tender,NH/Sewa-II/Contracts/SC-578/2023/NIT-05/57 Date 03.07.2023,NIT,,,,No,2026-09-04,2026-09-04,NEW
273c2e008dba,NHPC,Grass Cutting/Jungle clearing at Barrage complex and Uranbua Colony of Uri Power Station,Unclassified,,,,Unknown,https://www.nhpcindia.com/welcome/tender,NH/UPS/PCS/C-58/NIQ-53/27 Dated 01.07.2023,Tender,,,,No,2026-09-04,2026-09-04,NEW
10c78d6ee3e2,NHPC,"Repairing of Dam Site Road From Salamabad Complex Entry Gate to Dam Control Room of Uri-II Power Station, Uri,J&K",Unclassified,,Jammu and Kashmir,,Unknown,https://www.nhpcindia.com/welcome/tender,2023_NHPC_760039_1,Tender,,,,No,2026-09-04,2026-09-04,NEW
251aa9b2b73b,NHPC,Repair of MIV Servomotor of Sewa-II Power Station (MW-582),Unclassified,,,,Unknown,https://www.nhpcindia.com/welcome/tender,एनएच/सेवा-II/संविदा/MW-582/2023/एनआईटी-04/54 दिनांक 29 जून 2023,Tender,,,,Yes,2026-09-04,2026-09-04,NEW
e221406989db,NHPC,Repair of Sill beam and side plates of Under Sluice Gates of DAM CPS-1.,Unclassified,,,,Unknown,https://www.nhpcindia.com/welcome/tender,2023_NHPC_759988_1,Tender,,,,No,2026-09-04,2026-09-04,NEW
a29a7828efa5,NHPC,"Repair of 2 No. of 250KLD STP established at Lower & Upper Samleu and installation of a New Bio Reactor of 40KLD Capacity at CPS-1, Khairi.",Unclassified,,,,Unknown,https://www.nhpcindia.com/welcome/tender,2023_NHPC_759973_1,Tender,,,,No,2026-09-04,2026-09-04,NEW
630e7dd38182,NHPC,Lot-5C Hydromechanical works Package for Pressure Shaft Steel Liners of Dibang Multipurpose Project,Unclassified,,,,Unknown,https://www.nhpcindia.com/welcome/tender,2023_NHPC_734424_1,Tender,,,,Yes,2026-09-04,2026-09-04,NEW
252326360cbe,NHPC,"Repair, renovation and painting of VIP Guest House and Activity Centre (Mess) of Uri Power Station , Gingle",Unclassified,,,,Unknown,https://www.nhpcindia.com/welcome/tender,NH/UPS/PCS/C-55/NIQ-50/22,Tender,,,,No,2026-09-04,2026-09-04,NEW
e09d33af1826,NHPC,"Repairing of 1010 KVA, 11 KV Alternator of DG#1 installed at Pothead Yard, Parbati-III Power Station",Unclassified,,,,Unknown,https://www.nhpcindia.com/welcome/tender,NH/PPS-III/NIT/PR11923/63/1/108 Dated: 23/06/2023,NIT,,,,No,2026-09-04,2026-09-04,NEW
f4b86d3e8576,NHPC,"Replacement of damage old GI pipe line and fitting by CPVC pipe of Permanent C-Type & D-Type Field hostel at Sainj Township, PHEP-II. (Package No. C-708).",Unclassified,,,,Unknown,https://www.nhpcindia.com/welcome/tender,NH/PP-II/P&C/Pkg. No. C-708/2023/9866,Tender,,,,No,2026-09-04,2026-09-04,NEW
7fa9616d3e32,NHPC,"Repair of Jigrai Trench Weir surface at Jigrai Nallah Site of Parbati H.E. Project (Stage-II),” (Package No. C-713)",Unclassified,,,,Unknown,https://www.nhpcindia.com/welcome/tender,NH/PP-II/P&C/Pkg. No. C-713/2023/9862,Tender,,,,No,2026-09-04,2026-09-04,NEW
218f03b4722a,NHPC,Hiring of 01 No. Innova Crysta GX(7S)/GX(8S) or higher model for Parbati H. E. Project (Stage-II) (Package No. C- 714)”.,Unclassified,,,,Unknown,https://www.nhpcindia.com/welcome/tender,NH/PP-II/P&C/Pkg. No. C-714/2023/9847,Tender,,,,No,2026-09-04,2026-09-04,NEW
dcb98156fad5,NHPC,"Repairing of toilets and other miscellaneous works of residential building - C, D & E type Blocks at township complex, Nagwain PHEP-II”. (Package No. C-707).",Unclassified,,,,Unknown,https://www.nhpcindia.com/welcome/tender,NH/PP-II/P&C/Pkg. No. C-707/2023/9830,Tender,,,,No,2026-09-04,2026-09-04,NEW
8550e21bd82d,NHPC,Cleaning and disinfection of RCC and PVC water tanks at NHPC Gingl,Unclassified,,,,Unknown,https://www.nhpcindia.com/welcome/tender,NH/UPS/PCS/C-56/ NIQ-51/23 Dated.24.06.2023,Tender,,,,No,2026-09-04,2026-09-04,NEW
9f1df751baa0,NHPC,"Repair of 2.5 MVA, 11/0.433 KV, 3 Phase Dry Type CG Make Station Service Transformer Sr. No. DT2031/04 of URI-II Power House",Unclassified,,,,Unknown,https://www.nhpcindia.com/welcome/tender,2023_NHPC_758528_1,Tender,,,,No,2026-09-04,2026-09-04,NEW
95d91f7b634b,NHPC,Construction of Plain Cement Concrete (PCC) Road for newly constructed A&B type qtrs. for use of CISF personnel in Nowpora Complex of Uri –II Power Station,Unclassified,,,,Unknown,https://www.nhpcindia.com/welcome/tender,2023_NHPC_758455_1,Tender,,,,No,2026-09-04,2026-09-04,NEW
fb2bf4662f0a,NHPC,Proposal for Selection of “POINT OF PRESENCE” (POP) For implementation of National Pension System (NPS Tire–I) -Corporate Model in NHPC Limited,Unclassified,,,,Unknown,https://www.nhpcindia.com/welcome/tender,2023_NHPC_758087_1,Tender,,,,No,2026-09-04,2026-09-04,NEW
167b05308366,NHPC,Clearing of Grass at NHPC Colony Gingle (2023-24),Unclassified,,,,Unknown,https://www.nhpcindia.com/welcome/tender,NH/UPS/PCS/C-60/NIQ-55/19 Dated 17.06.2023,Tender,,,,No,2026-09-04,2026-09-04,NEW
8025c01cce3b,NHPC,Annual Maintenance Contract (AMC) of 60 KLD Capacity Sewage Treatment Plant (STP) installed at NHPC Colony Gingle of Uri Power Station,Unclassified,,,,Unknown,https://www.nhpcindia.com/welcome/tender,NH/UPS/PCS/C-67/NIQ-58/18 Dated 15.06.2023,Tender,,,,No,2026-09-04,2026-09-04,NEW
e799f5100d70,NHPC,Repair of spillway side abutments at Dam Complex of Sewa-II Power Station (CW-570),Unclassified,,,,Unknown,https://www.nhpcindia.com/welcome/tender,NH/Sewa-II/Contracts/CW-570/2023/NIT-02/27 Dtd. 02.06.23,NIT,,,,No,2026-09-04,2026-09-04,NEW
b7764310a5d2,NHPC,"Design, supply, erection, testing, commissioning and Modification / up gradation in existing TRT Gate for integration of gate segments alongwith new rope drum hoisting arrangement to cater any emergency requirement of quick closure of TRT gate of CPS-1.",Unclassified,,,,Unknown,https://www.nhpcindia.com/welcome/tender,NH/CPS-1/P&C/W-1386/2023-24/289 Dated:12/06/2023,Tender,,,,No,2026-09-04,2026-09-04,NEW
f5facdcd2c10,NHPC,Repair Maintenance and Painting of Non-Executive Field Hostel and Guest House Building at Sewa-II Power Station Maska (J&K).(CW-580),Unclassified,,Jammu and Kashmir,,Unknown,https://www.nhpcindia.com/welcome/tender,NH/Sewa-II/Contracts/CW-580/2023/NIT-03/37,NIT,,,,No,2026-09-04,2026-09-04,NEW
42e75383e556,NHPC,Protection work in front of Adit-IV at Uri-II Power Station,Unclassified,,,,Unknown,https://www.nhpcindia.com/welcome/tender,2023_NHPC_756986_1,Tender,,,,No,2026-09-04,2026-09-04,NEW
17b9aad51b27,NHPC,Providing and applying Antifungal Coating in Power House Pārbati-III Power Station,Unclassified,,,,Unknown,https://www.nhpcindia.com/welcome/tender,NH/PPS-III/NIT/PR11922/465/1/82,NIT,,,,No,2026-09-04,2026-09-04,NEW
29b07b30aecc,NHPC,"Repair of damaged Bottom Ring and one set of Wicket Gate Upper Housing of Dulhasti Power Station, Kishtwar",Unclassified,,,,Unknown,https://www.nhpcindia.com/welcome/tender,NH/DPS/CONT/NIT-139/2023/E92556 dated 08.06.2023,NIT,,,,No,2026-09-04,2026-09-04,NEW
788aac866ad3,NHPC,"EPC Contract for Setting up of Pilot Project for Green Hydrogen based Mobility Station at Kargil, UT of Ladakh",Green Hydrogen / Derivatives,,Ladakh,,Unknown,https://www.nhpcindia.com/welcome/tender,2023_NHPC_755417_1,Tender,,,,Yes,2026-09-04,2026-09-04,NEW
6b9f71b733c0,NHPC,Development of Sallah Area of CISF by levelling and providing Drain & Path etc. of Parbati-III Power Station,Unclassified,,,,Unknown,https://www.nhpcindia.com/welcome/tender,NH/PPS-III/NIT/PR11923/46/1/79,NIT,,,,No,2026-09-04,2026-09-04,NEW
3193c57a8159,NHPC,"Repair and painting of Executive field hostel (inside) and repair of damaged road in front of D-type at Sapangni, Parbati-III Power Station",Unclassified,,,,Unknown,https://www.nhpcindia.com/welcome/tender,NH/PPS-III/NIT/PR11923/46/1/72,NIT,,,,No,2026-09-04,2026-09-04,NEW
9eb3efa16dac,NHPC,Repairing/Providing hill side drain between RD:16.092 Km to RD:16.2290 Km along Loktak-Leimatak Road.,Unclassified,,,,Unknown,https://www.nhpcindia.com/welcome/tender,NH-LPS-HOP012(22)/17/2023-CD I and III/1024,Tender,,,,No,2026-09-04,2026-09-04,NEW
9fd78f624f71,NHPC,"Minor repairing, Machining & HP-HVOF Coating of 1 Set(24 Nos) Guide vanes of Dulhasti Power Station, Kishtwar",Unclassified,,,,Unknown,https://www.nhpcindia.com/welcome/tender,NH/DPS/CONT/NIT-138/2023/E90978 dated 02.06.2023,NIT,,,,No,2026-09-04,2026-09-04,NEW
1f89d3a32d02,NHPC,"Cleaning of logs, boulders and large quantity of silt accumulated in front of Trash Rack/ Intake structure of Teesta-V Power Station",Unclassified,,,,Unknown,https://www.nhpcindia.com/welcome/tender,NH/TSV/Cont/MC-132/NIT-852/2023-24/625 Dated: 31.05.2023,NIT,,,,No,2026-09-04,2026-09-04,NEW
7b95080db862,NHPC,Providing breast wall from RD 17.229 KM to RD 17.264 KM along bypass road of Loktak- Leimatak Road,Unclassified,,,,Unknown,https://www.nhpcindia.com/welcome/tender,NH-LPS-HOP012(22)/11/2023-CD I and III/1023,Tender,,,,No,2026-09-04,2026-09-04,NEW
86b839d1fbf9,NHPC,"Repairing of road side RR drain at old road, in between RD 330.0m to 500.00m and RD 812.00m to RD 860.00m at Loktak-Leimatak road.",Unclassified,,,,Unknown,https://www.nhpcindia.com/welcome/tender,NH-LPS-HOP012(22)/14/2023-CD I and III/1022,Tender,,,,No,2026-09-04,2026-09-04,NEW
24bb803bd068,NHPC,"Shifting of pumps, motors, panels and construction of pump foundations for installation of New pump and change of suction lines and delivery lines interfacing with existing pipeline and at Dugala, Salal Power Station, UT of J&K",Unclassified,,Jammu and Kashmir,,Unknown,https://www.nhpcindia.com/welcome/tender,NH/SPS/PnC/NIT202/23-24/120-29,Tender,,,,No,2026-09-04,2026-09-04,NEW
bf33ac70ccbe,NHPC,Routine Maintenance of Hydro Mechanical Equipments of Uri-II Power Station,Hydro,,,,Unknown,https://www.nhpcindia.com/welcome/tender,GEM/2023/B/3466410,Tender,,,,Yes,2026-09-04,2026-09-04,NEW
339ecdc9eeda,NHPC,Providing assistance for Running and Maintenance of Main Administrative Office at Tingchim for Teesta-IV H.E. Project,Unclassified,,,,Unknown,https://www.nhpcindia.com/welcome/tender,NH/TSV/Cont/RM-178/NIT-851/2023-24/584,NIT,,,,No,2026-09-04,2026-09-04,NEW
5f668f808729,NHPC,NH/DPS/CONT/NIT-137/2023/E90494 dated 24.05.2023,Unclassified,,,,Unknown,https://www.nhpcindia.com/welcome/tender,NH/DPS/CONT/NIT-137/2023/E90494 dated 24.05.2023,NIT,,,,No,2026-09-04,2026-09-04,NEW
991d814599e3,NHPC,"Exploratory drilling, driving and reaming of drill holes for lowering of casing of Px/Hx/Nx size for ± 280 m length of SFT area of Dulhasti-II HE Project Kishtwar",Unclassified,,,,Unknown,https://www.nhpcindia.com/welcome/tender,NH/DPS/CONT/NIT-136/2023/E88640 date 24.05.2023,NIT,,,,No,2026-09-04,2026-09-04,NEW
56f3a8408f6f,NHPC,"Construction of 01 No. Security hut and toilet behind LT Panel at Pulga Dam, Barshaini of Parbati-H.E. Project, Stage-II” (Package No. C-693)",Unclassified,,,,Unknown,https://www.nhpcindia.com/welcome/tender,NH/PP-II/P&C/Pkg. No. C-693/2023/9761,Tender,,,,No,2026-09-04,2026-09-04,NEW
3eb060622fb5,NHPC,"Repairing of IRB Barrack, CRPF Morcha, HOP Residence and Internal Boundary Walls at Old Colony Loktak",Unclassified,,,,Unknown,https://www.nhpcindia.com/welcome/tender,NH-LPS-HOP012(22)/13/2023-CD-I and III/1021,Tender,,,,No,2026-09-04,2026-09-04,NEW
cc2716ee0962,NHPC,"Repair and renovation of toilets in Administrative Office Building at Gingle, Uri Power Station",Unclassified,,,,Unknown,https://www.nhpcindia.com/welcome/tender,NH/UPS/PCS/C-61/NIQ-56/10,Tender,,,,No,2026-09-04,2026-09-04,NEW
5924f7e1ca28,NHPC,"Providing and Fixing Aluminium Coated Panel for Dam Control Room Building at Dawar, Gurez of KGPS (PKG-430)",Unclassified,,,,Unknown,https://www.nhpcindia.com/welcome/tender,2023_NHPC_755279_1,Tender,,,,No,2026-09-04,2026-09-04,NEW
3c02cd17d0b6,NHPC,"Internal Electrification work of CISF Barrack at DAM Site of Kishanganga Power Station, Gurez, Bandipora. (PKG-429)",Unclassified,,,,Unknown,https://www.nhpcindia.com/welcome/tender,2023_NHPC_755249_1,Tender,,,,No,2026-09-04,2026-09-04,NEW
2bb9d82a07a1,NHPC,"Supply, erection, testing and commissioning of 11 kV overhead line with Aerial bunched cables from Y-Junction to Dam Intake of NHPC Subansiri Lower Hydroelectric Project, Dollungmukh, Arunachal Pradesh.",Hydro,,Arunachal Pradesh,,Unknown,https://www.nhpcindia.com/welcome/tender,NH/SLP/CONT/2023/C-15/NIT/529,NIT,,,,Yes,2026-09-04,2026-09-04,NEW
53c99002459b,NHPC,"Repair/Renovation of Pump House situated near Power House, Loktak Power Station, Leimatak",Unclassified,,,,Unknown,https://www.nhpcindia.com/welcome/tender,NH-LPS-HOP012(22)/09/2023-CD-I and III/1020,Tender,,,,No,2026-09-04,2026-09-04,NEW
b84b8dca2d01,NHPC,"Dismantling of Tilted CC wall and hill protection work at Bhaledh Trench Weir of BSPS, Surangani ,Distt- Chamba",Unclassified,,,,Unknown,https://www.nhpcindia.com/welcome/tender,NH/BSPS/CC/CW/04/2023-24/32,Tender,,,,No,2026-09-04,2026-09-04,NEW
ee90cb14f023,NHPC,"Repair of Spillway Glacis/Bucket S-1, S-2 & S-3 & protection work in downstream side, left bank by concrete cladding wall at Pulga Dam, Barshaini of PHEP-II”. (Package No. C-705).",Unclassified,,,,Unknown,https://www.nhpcindia.com/welcome/tender,NH/PP-II/P&C/Pkg. No. C-705/2023/9713,Tender,,,,No,2026-09-04,2026-09-04,NEW
141ec07f9bb8,NHPC,Restoration of damaged Retaining Walls at RD-2/120 Km to RD-2/140 km at surge shaft (Baggi) Road,Unclassified,,,,Unknown,https://www.nhpcindia.com/welcome/tender,NH/CPS-1/PnC/W-1393/2023-24/93 Dated 04/05/2023,Tender,,,,No,2026-09-04,2026-09-04,NEW
c9084eec7c1c,NHPC,"Construction of Security Check Post Cum Temporary site office at Chimri colony, Dibang Multipurpose Project, Roing Arunachal Pradesh",Unclassified,,Arunachal Pradesh,,Unknown,https://www.nhpcindia.com/welcome/tender,NH/DMP/PNC/NIT/2023/02 dtd 27.04.2023 (E- Tender No.2023_NHPC_750598_1),NIT,,,,No,2026-09-04,2026-09-04,NEW
305c4c0c8ca9,NHPC,"Exploratory Drifts Work of 120 m length and size 1.8 m (W) X 2.1 m (H) of rectangular section (01 No. drift of 40 m length at Dam Toe area and 01 No. drift of 80 m length at Plunge Pool area) at Left Bank for Dibang Multipurpose Project, Arunachal Pradesh",Unclassified,,Arunachal Pradesh,,Unknown,https://www.nhpcindia.com/welcome/tender,NH/DMP/PNC/NIT/2024/01 dtd.08.04.2023,NIT,,,,No,2026-09-04,2026-09-04,NEW
e0c9fe6e8b3f,NHPC,Restoration of damaged Retaining Walls at RD-2/120 Km to RD-2/140 km at surge shaft (Baggi) Road,Unclassified,,,,Unknown,https://www.nhpcindia.com/welcome/tender,NH/CPS-1/PnC/W-1393/2023-24/93,Tender,,,,No,2026-09-04,2026-09-04,NEW
91ea1b2d3a56,NHPC,"Supply, erection/installation and commissioning of Submersible pumps (two nos.) for drainage system of power house of Chamera-I Power Station",Unclassified,,,,Unknown,https://www.nhpcindia.com/welcome/tender,NH/CPS-1/PnC/W-1350/2023-24/80 DATE 27/04/2023,Tender,,,,No,2026-09-04,2026-09-04,NEW
b8727bfe956b,NHPC,NH/SPS/CD/NIT-01/2023-24/85-94 dtd 10/05/23,Unclassified,,,,Unknown,https://www.nhpcindia.com/welcome/tender,NH/SPS/CD/NIT-01/2023-24/85-94,NIT,,,,No,2026-09-04,2026-09-04,NEW
49f214abea0e,NHPC,"Repair and Painting of Dam Control Room, Parapet Wall and Cover of Cable Trench of Dam of Parbati-III",Unclassified,,,,Unknown,https://www.nhpcindia.com/welcome/tender,NH/PPS-III/NIT/PR11922/460/1/38,NIT,,,,No,2026-09-04,2026-09-04,NEW
75cf7329787f,NHPC,Repair of roof and painting of Officers club at Sapangni,Unclassified,,,,Unknown,https://www.nhpcindia.com/welcome/tender,NH/PPS-III/NIT/PR11922/464/1/27,NIT,,,,No,2026-09-04,2026-09-04,NEW
7a017c2fd58b,NHPC,"Miscellaneous Repair works in Pot head Yard area and fire fighting water tank area, Parbati-III Power Station",Unclassified,,,,Unknown,https://www.nhpcindia.com/welcome/tender,NH/PPS-III/NIT/PR11922/459/1/21,NIT,,,,No,2026-09-04,2026-09-04,NEW
3d4af518c9f5,NHPC,Providing protection work and strengthening the existing channelization work of Seepage at Sapangini,Unclassified,,,,Unknown,https://www.nhpcindia.com/welcome/tender,NH/PPS-III/NIT/PR11922/457/1/33,NIT,,,,No,2026-09-04,2026-09-04,NEW
1d674048b8f5,NHPC,Providing and laying shotcrete work with rock anchor bolt in upstream of Penstock near AB#8 at Sewa-II Power Station Mashka (J&K) (CW-534),Unclassified,,Jammu and Kashmir,,Unknown,https://www.nhpcindia.com/welcome/tender,NH/Sewa-II/Contracts/CW-534/2023/NIT-01/10 Dt. 10.05.2023,NIT,,,,No,2026-09-04,2026-09-04,NEW
25714441e867,NHPC,"AMC of Eleven (11) number RO installed at various locations in NHPC Residential colony, Faridabad for a period of Two years.",Unclassified,,,,Unknown,https://www.nhpcindia.com/welcome/tender,GEM/2023/B/3436141,Tender,,,,No,2026-09-04,2026-09-04,NEW
e311d9d4b580,NHPC,GEM/2023/B/3417959,Unclassified,,,,Unknown,https://www.nhpcindia.com/welcome/tender,GEM/2023/B/3417959,Tender,,,,No,2026-09-04,2026-09-04,NEW
4dbd001edd35,NHPC,"Renovation of Kitchen, Toilet, Dining Hall and painting of Auditorium at Left Bank Teesta-V Power Station, Balutar",Unclassified,,,,Unknown,https://www.nhpcindia.com/welcome/tender,NH/TSV/Cont/CC-302/NIT-835/2023-24/540,NIT,,,,No,2026-09-04,2026-09-04,NEW
22efac10aa52,NHPC,"Maintenance & Cleaning of Rain Harvesting Pits for year 2023 in NHPC office Complex, Sector-33, Faridabad",Unclassified,,,,Unknown,https://www.nhpcindia.com/welcome/tender,2023_NHPC_748185_1,Tender,,,,No,2026-09-04,2026-09-04,NEW
da0c48762f5a,NHPC,"Engineering Procurement and Construction (EPC) contract for development of 50 MW Floating Solar Power Project and associated transmission system for Grid Connectivity along with Comprehensive O&M for 05 (Five) years at West Kallada, District-Kollam, in the state of Kerala",Floating Solar,50.0,Kerala,,Unknown,https://www.nhpcindia.com/welcome/tender,2023_NHPC_748125_1,Tender,,,50 MW,Yes,2026-09-04,2026-09-04,NEW
ea5c9a00d4b6,NHPC,"EPC Contract for development of 300 MW Capacity Floating Solar Power Project and associated 220 KV transmission line for connectivity at 400 KV Grid substation alongwith Comprehensive O and M for 05 years at Rengali Reservoir Angul, Odisha",Transmission / Evacuation,300.0,Odisha,,Unknown,https://www.nhpcindia.com/welcome/tender,2023_NHPC_747374_1,Tender,,,300 MW,Yes,2026-09-04,2026-09-04,NEW
f05677fb19a4,NHPC,"Providing Insurance Cover during O&M period for 50MW Wind Power Project at Jaisalmer, Rajasthan for one year w.e.f. 19.06.23 to 18.06.24",Wind,50.0,Rajasthan,,Unknown,https://www.nhpcindia.com/welcome/tender,GEM/2023/B/3335527,Tender,,,50 MW,Yes,2026-09-04,2026-09-04,NEW
53e20d0db6de,NHPC,"Refilling and associated works for Fire Extinguishers installed at NHPC Office Complex Sector-33 & NHPC Residential Colony, Sector-41, Faridabad for a period of two years",Unclassified,,,,Unknown,https://www.nhpcindia.com/welcome/tender,GEM/2023/B/3350204,Tender,,,,No,2026-09-04,2026-09-04,NEW
c012c75fee6f,NHPC,"Repairing of Filter Plant Pump Shed at Loktak Colony, Loktak Power Station",Unclassified,,,,Unknown,https://www.nhpcindia.com/welcome/tender,NH-LPS-HOP012(22)/7/2023-CD-I and III/1016,Tender,,,,No,2026-09-04,2026-09-04,NEW
e1a958537823,NHPC,"Construction of Plan House, Office and Canteen at Baira Dam of BSPS",Unclassified,,,,Unknown,https://www.nhpcindia.com/welcome/tender,NH/BSPS/CC/RMU/46/2022-23/354,Tender,,,,No,2026-09-04,2026-09-04,NEW
6860e2d27c47,NHPC,"Design & Engineering through international consultant (RCC Dam), Construction Planning and Construction Monitoring for Dibang Multi Purpose Project",Unclassified,,,,Unknown,https://www.nhpcindia.com/welcome/tender,2022_NHPC_728007_1,Tender,,,,No,2026-09-04,2026-09-04,NEW
37e243934523,NHPC,"Re-construction of 11/0.415 KV Electrical Sub-station along with HT line, HT & LT Panels, and other associated works, at Dikchu Dam site of Teesta-V Power Station NHPC Ltd, damaged due to land slide",Unclassified,,,,Unknown,https://www.nhpcindia.com/welcome/tender,NH/TSV/Cont/EC-129/NIT-795,NIT,,,,Yes,2026-09-04,2026-09-04,NEW
bc377c5950fe,NHPC,"Turnkey execution of 1856 MW Sawalkot Hydro Electric Project located at Ramban /Udhampur district in the Union Territory of Jammu & Kashmir, India",Hydro,1856.0,,,Unknown,https://www.nhpcindia.com/welcome/tender,2022_NHPC_675668_1,Tender,,,1856 MW,Yes,2026-09-04,2026-09-04,NEW
04b732c4af46,NHPC,Providing and Fixing welded steel Main Gate at ED office Right Bank Kolaptukar Subansiri Lower,Unclassified,,,,Unknown,https://www.nhpcindia.com/welcome/tender,NH/SLP/CONT/2022/C-29/NIT/278,NIT,,,,No,2026-09-04,2026-09-04,NEW
a6c60e9600b1,NHPC,"Design & Engineering through international consultant (RCC Dam), Construction Planning and Construction Monitoring for Dibang Multi Purpose Project",Unclassified,,,,Unknown,https://www.nhpcindia.com/welcome/tender,2023_NHPC_728007_1,Tender,,,,No,2026-09-04,2026-09-04,NEW
0accb6815d77,NHPC,Lot-5C Hydromechanical works Package for Pressure Shaft Steel Liners of Dibang Multipurpose Project,Unclassified,,,,Unknown,https://www.nhpcindia.com/welcome/tender,Test11111,Tender,,,,Yes,2026-09-04,2026-09-04,NEW
a5db339ea6b0,NHPC,Repairing of water Supply drain and Slope Protection work near Awang Pump House at Loktak.,Unclassified,,,,Unknown,https://www.nhpcindia.com/welcome/tender,NH-LPS-HOP012(22)/60/2022-CD-I and III/1000,Tender,,,,No,2026-09-04,2026-09-04,NEW
f528640c99d7,NHPC,Restoration of damaged Retaining Walls and Breast Walls at Bagdhar Khairi Road.,Unclassified,,,,Unknown,https://www.nhpcindia.com/welcome/tender,NH/CPS1/PnC/W1375/2022-23/880,Tender,,,,No,2026-09-04,2026-09-04,NEW
f27c7a60c9ea,NHPC,"Supply, Installation, Testing, Commissioning and Annual Maintenance of Early Warning System (EWS) at Dugar HE Project” (Package No. DHEP-10).",Unclassified,,,,Unknown,https://www.nhpcindia.com/welcome/tender,NH/PP-II/P&C/Pkg. No. DHEP-10/2022/9141,Tender,,,,No,2026-09-04,2026-09-04,NEW
