Authority,Project Name,Technology,Capacity MW,State,Status,Tender Ref No,Tender Type,Tender Publication Date,Pre Bid Meeting Date,Bid Submission End Date (Online),Bid Submission End Date (Offline),Bid Open Date,Winner Announcement Date,Winner,Tariff,Award URL,Source URL,Bids Received,Award Status,Award Source,Award Headline,Is Renewable,Capacity Raw,Quality Grade,Freshness,First Seen,Last Checked,Last Verified,Details Fetched,AI Checked,TenderKey,Notes
NTPC,"SOLAR THERMAL INTEGRATION , NCPS, DADRI",Solar,,,Closed,40036408,Tender,2015-03-31,,2015-05-05,,2015-05-28,,,,,https://ntpctender.ntpc.co.in/NITDetails/NITs/13831,,Under Evaluation,,,Yes,,,,2026-09-12,2026-09-12,,yes,,T-4bf8059edc23,
NTPC,"DEVELOPMENT OF 450 KW ROOFTOP SOLAR PV PROJECT ON THE PLANT BUILDINGS OF VINDHYACHAL SUPER THERMAL POWER PROJECT, STAGE-V",Rooftop Solar,0.45,,Closed,40037788,Tender,2015-04-24,,2015-05-29,,2015-07-09,,,,,https://ntpctender.ntpc.co.in/NITDetails/NITs/13954,,Under Evaluation,,,Yes,450 KW,,,2026-09-12,2026-09-12,,yes,,T-6a261a371003,
NTPC,DEVELOPMENT OF 250 MW (5 BLOCKS OF 50MW EACH) SOLAR PV POWER PROJECT IN MADHYA PRADESH,Solar,250.0,Madhya Pradesh,Closed,40039276,Tender,2015-05-24,,2015-06-01,,2015-06-30,,,,,https://ntpctender.ntpc.co.in/NITDetails/NITs/14141,,Under Evaluation,,,Yes,250 MW,,,2026-09-12,2026-09-12,,yes,,T-14b219a5ac11,
NTPC,DEVELOPMENT OF 260 MW ( 4 BLOCKS OF 65 MW EACH) SOLAR PV POWER PROJECT IN RAJASTHAN,Solar,260.0,Rajasthan,Closed,40039295,Tender,2015-05-24,,2015-06-30,,2015-08-06,,,,,https://ntpctender.ntpc.co.in/NITDetails/NITs/14142,,Under Evaluation,,,Yes,260 MW,,,2026-09-12,2026-09-12,,yes,,T-7c9a4ab50607,
NTPC,"Selection of Solar Power Developers for Setting up Solar PV Power Projects at Gani-Sakunala Solar Park in Kurnool District of Andhra Pradesh under National Solar Mission (NSM) Phase-II, Batch-II, Tranche-I",Solar,,Andhra Pradesh,Closed,NTPC/2015-16/NSM/TI/AP/02,Tender,2015-05-21,,2015-07-10,,2015-08-12,,,,,https://ntpctender.ntpc.co.in/NITDetails/NITs/14114,,Under Evaluation,,,Yes,,,,2026-09-12,2026-09-12,,yes,,T-48923bc95e19,
NTPC,Selection of Solar Power Developers for setting up Solar PV Power Projects at Ghani Solar Park in Andhra Pradesh under National Solar Mission (NSM),Solar,,Andhra Pradesh,Closed,NTPC/2015-16/NSM/TI/AP/01,Tender,2015-04-29,,2015-07-10,,2015-07-31,,,,,https://ntpctender.ntpc.co.in/NITDetails/NITs/13984,,Under Evaluation,,,Yes,,,,2026-09-12,2026-09-12,,yes,,T-4228e6f7f92b,
NTPC,"Selection of Solar Power Developers for Setting up Solar PV Power Projects at Bhadla Phase II Solar Park in Jodhpur District of Rajasthan under National Solar Mission (NSM) Phase-II, Batch-II, Tranche-I",Solar,,Rajasthan,Closed,NTPC/2015-16/NSM/TI/RAJ/03,Tender,2015-05-21,,2015-07-17,,2015-08-20,,,,,https://ntpctender.ntpc.co.in/NITDetails/NITs/14115,,Under Evaluation,,,Yes,,,,2026-09-12,2026-09-12,,yes,,T-9f38e8aace6d,
NTPC,Selection of Solar Power Developers in the State of Rajasthan for total capacity of 130 MW (10MW x 13 Projects) under Open Category vide RfS No. NTPC/2015-16/NSM/TI/NSP-RAJ/05,Solar,130.0,Rajasthan,Closed,NTPC/2015-16/NSM/TI/NSP-RAJ/05,RfS,2015-07-03,,2015-08-05,,2015-09-09,,,,,https://ntpctender.ntpc.co.in/NITDetails/NITs/15357,,Under Evaluation,,,Yes,130 MW,,,2026-09-12,2026-09-12,,yes,,T-d8fe1d193335,
NTPC,Selection of Solar Power Developers in the State of Rajasthan for total capacity of 100 MW (10MW x 10 Projects) under DCR Category vide RfS No. NTPC/2015-16/NSM/TI/NSP-RAJ/04,Solar,100.0,Rajasthan,Closed,NTPC/2015-16/NSM/TI/NSP-RAJ/04,RfS,2015-07-03,,2015-08-05,,2015-09-07,,,,,https://ntpctender.ntpc.co.in/NITDetails/NITs/14364,,Under Evaluation,,,Yes,100 MW,,,2026-09-12,2026-09-12,,yes,,T-8572ea4e6c43,
NTPC,EXPRESSION OF INTEREST FOR PREPARATION OF DPR FOR DEVELOPMENT OF WIND POWER PROJECTS AT NTPC STATIONS IN INDIA,Wind,,,Closed,RE-CS-0000-003-9,EOI,2015-07-07,,2015-08-07,,,,,,,https://ntpctender.ntpc.co.in/NITDetails/NITs/14386,,Under Evaluation,,,Yes,,,,2026-09-12,2026-09-12,,yes,,T-78309f3b63b6,
NTPC,H T CABLES PACKAGE FOR SOLAR PV POWER PROJECT PHASE-I (250MW) IN ANANTAPUR,Solar,250.0,,Closed,40042422,Tender,2015-07-18,,2015-08-17,,2015-08-27,,,,,https://ntpctender.ntpc.co.in/NITDetails/NITs/14456,,Under Evaluation,,,Yes,250 MW,,,2026-09-12,2026-09-12,,yes,,T-b94f3b4c0308,
NTPC,"Selection of Solar Power Developers for Setting up Solar PV Power Projects (10MW x 10 Projects) in Uttar Pradesh under National Solar Mission (NSM) Phase-II, Batch-II, Tranche-I",Solar,10.0,Uttar Pradesh,Closed,NTPC/2015-16/NSM/TI/NSP-UP/06,Tender,2015-08-12,,2015-09-17,,2015-10-14,,,,,https://ntpctender.ntpc.co.in/NITDetails/NITs/14616,,Under Evaluation,,,Yes,10 MW,,,2026-09-12,2026-09-12,,yes,,T-04e665a127c0,
NTPC,DEVELOPMENT OF 750 MW( 6x125 MW EACH ) Solar PHOTOVOLTAIC POWER PROJECT (PHASE-II) AT ANANTPUR IN ANDHRA PRADESH INDIA,Solar,750.0,Andhra Pradesh,Closed,RE-CS-5712-004-9(R),Tender,2015-08-21,,2015-09-28,,2015-10-29,,,,,https://ntpctender.ntpc.co.in/NITDetails/NITs/14630,,Under Evaluation,,,Yes,750 MW,,,2026-09-12,2026-09-12,,yes,,T-51bcbee78be9,
NTPC,Selection of Solar Power Developers for setting up Solar PV Projects in the State of Telangana for total capacity of 350MW (10MW x 35 Projects) under OPEN Category Non solar park vide RfS No. NTPC/2015-16/NSM/TI/TEL/11,Solar,350.0,Telangana,Closed,NTPC/2015-16/NSM/TI/TEL/11,RfS,2015-10-09,,2016-01-15,,2016-02-02,,,,,https://ntpctender.ntpc.co.in/NITDetails/NITs/15355,,Under Evaluation,,,Yes,350 MW,,,2026-09-12,2026-09-12,,yes,,T-62813dc9a0ca,
NTPC,Selection of Solar Power Developers for setting up Solar PV Projects in the State of Telangana for total capacity of 50MW (10MW x 5 Projects) under DCR Category Non solar park vide RfS No. NTPC/2015-16/NSM/TI/TEL/10,Solar,50.0,Telangana,Closed,NTPC/2015-16/NSM/TI/TEL/10,RfS,2015-10-09,,2016-01-15,,2016-02-01,,,,,https://ntpctender.ntpc.co.in/NITDetails/NITs/14901,,Under Evaluation,,,Yes,50 MW,,,2026-09-12,2026-09-12,,yes,,T-c1c9a767d938,
NTPC,DEVELOPMENT OF 250 MW SOLAR PV PROJECT(S) AT PAVAGADA SOLAR PARK IN KARNATAKA,Solar,250.0,Karnataka,Closed,40051096,Tender,2016-01-25,,2016-03-03,,2016-04-01,,,,,https://ntpctender.ntpc.co.in/NITDetails/NITs/15514,,Under Evaluation,,,Yes,250 MW,,,2026-09-12,2026-09-12,,yes,,T-11b4e8d84ec1,
NTPC,DEVELOPMENT OF 750 MW (6X125 MW EACH) SOLAR PHOTOVOLTAIC POWER PROJECT AT PAVAGADA SOLAR PARK IN KARNATAKA,Solar,750.0,Karnataka,Closed,NTPC-2016-TN000001,Tender,2016-01-25,,2016-03-04,,2016-04-06,,,,,https://ntpctender.ntpc.co.in/NITDetails/NITs/15494,,Under Evaluation,,,Yes,750 MW,,,2026-09-12,2026-09-12,,yes,,T-5253bb106eb9,
NTPC,"Selection of Solar Power Developers for Setting up one Solar PV Power Project of 250MW capacity under OPEN category in Kadapa Ultra Mega Solar Park in Kadapa District of Andhra Pradesh under National Solar Mission (NSM) Phase-II, Batch-II, Tranche-I",Solar,250.0,Andhra Pradesh,Closed,NTPC/2015-16/NSM/TI/AP/12,Tender,2016-03-22,,2016-04-29,,2016-05-30,,,,,https://ntpctender.ntpc.co.in/NITDetails/NITs/15815,,Under Evaluation,,,Yes,250 MW,,,2026-09-12,2026-09-12,,yes,,T-cf8e9e17fdc8,
NTPC,Development of 50MW Solar PV Power Project at Salem in Tamil Nadu,Solar,50.0,Tamil Nadu,Closed,40054805,Tender,2016-04-01,,2016-05-06,,2016-06-03,,,,,https://ntpctender.ntpc.co.in/NITDetails/NITs/15866,,Under Evaluation,,,Yes,50 MW,,,2026-09-12,2026-09-12,,yes,,T-15daded0fe3c,
NTPC,Development of 625 MW (5 Blocks of 125 MW each) Ananthapuramu Solar PV Project(s) At Ananthapuramu Ultra Mega Solar Park in Andhra-Pradesh India,Solar,625.0,,Closed,40056786,Tender,2016-05-19,,2016-06-17,,2016-07-07,,,,,https://ntpctender.ntpc.co.in/NITDetails/NITs/16157,,Under Evaluation,,,Yes,625 MW,,,2026-09-12,2026-09-12,,yes,,T-b303d7a1b2a2,
NTPC,Selection of Solar Power Developers for setting up Grid-Connected Solar PV Power Projects of 100 MW (50 MW x 02 Projects) capacityin Pavagada Solar Park in Tumkur District of Karnataka under DCR Category,Solar,100.0,Karnataka,Closed,NTPC/2015-16/NSM/TI/KAR/08(R),Tender,2016-06-16,,2016-07-07,,2016-07-29,,,,,https://ntpctender.ntpc.co.in/NITDetails/NITs/16253,,Under Evaluation,,,Yes,100 MW,,,2026-09-12,2026-09-12,,yes,,T-0029e937e68a,
NTPC,"DETAILED INVITATION FOR BIDS (IFB) FOR 18 MW SOLAR PHOTO VOLTAIC PROJECT AT CHIDIYATAPU, A&N ISLANDS",Solar,18.0,Andaman and Nicobar,Closed,40058676,Tender,2016-06-29,,2016-07-27,,2016-08-24,,,,,https://ntpctender.ntpc.co.in/NITDetails/NITs/16294,,Under Evaluation,,,Yes,18 MW,,,2026-09-12,2026-09-12,,yes,,T-83c891841a55,
NTPC,100MW (2X50MW) WIND ENERGY PROJECT(S) IN GUJARAT,Wind,100.0,Gujarat,Closed,40063151,Tender,2016-09-24,,2016-10-08,,2016-10-25,,,,,https://ntpctender.ntpc.co.in/NITDetails/NITs/16745,,Under Evaluation,,,Yes,100 MW,,,2026-09-12,2026-09-12,,yes,,T-1f1d044d99d5,
NTPC,"8 MW SOLAR PV PROJECT AT CHIDIYATAPU, A&N ISLANDS",Solar,8.0,Andaman and Nicobar,Closed,40063930,Tender,2016-10-08,,2016-11-04,,2016-12-09,,,,,https://ntpctender.ntpc.co.in/NITDetails/NITs/16828,,Under Evaluation,,,Yes,8 MW,,,2026-09-12,2026-09-12,,yes,,T-849810880e37,
NTPC,"Selection of Solar Power Developers for Setting up one Solar PV Power Project of 250 MW capacity under OPEN category in Kadapa Ultra Mega Solar Park in Kadapa District of Andhra Pradesh under National Solar Mission (NSM) Phase-II, Batch-II, Tranche-I",Solar,250.0,Andhra Pradesh,Closed,NTPC/2015-16/NSM/TI/AP/12(R),Tender,2016-10-27,,2016-11-17,,2016-12-09,,,,,https://ntpctender.ntpc.co.in/NITDetails/NITs/16930,,Under Evaluation,,,Yes,250 MW,,,2026-09-12,2026-09-12,,yes,,T-028c77ab317f,
NTPC,"17 MW SOLAR PV PROJECT AT MANGLUTAN IN SOUTH ANDAMAN, A&N ISLANDS",Solar,17.0,Andaman and Nicobar,Closed,40063952,Tender,2016-10-20,,2016-11-17,,2016-12-22,,,,,https://ntpctender.ntpc.co.in/NITDetails/NITs/16850,,Under Evaluation,,,Yes,17 MW,,,2026-09-12,2026-09-12,,yes,,T-b62e3230a51a,
NTPC,DEVELOPMENT OF 250 MW (5 BLOCKS OF 50 MW EACH) SOLAR PHOTO VOLTAIC POWER PROJECT(S) AT PAVAGADA SOLAR PARK IN KARNATAKA,Solar,250.0,Karnataka,Closed,40062422,Tender,2016-09-29,,2017-04-10,,2017-04-25,,,,,https://ntpctender.ntpc.co.in/NITDetails/NITs/16768,,Under Evaluation,,,Yes,250 MW,,,2026-09-12,2026-09-12,,yes,,T-3347736b306a,
NTPC,Development of 750 MW (6X125 MW each) Solar PV Project at PAVAGADA in Karnataka,Solar,750.0,Karnataka,Closed,RE-CS-5725-004-2(R),Tender,2017-03-16,,2017-04-20,,2017-05-19,,,,,https://ntpctender.ntpc.co.in/NITDetails/NITs/17461,,Under Evaluation,,,Yes,750 MW,,,2026-09-12,2026-09-12,,yes,,T-3c8d2f1c74de,
NTPC,DEVELOPMENT OF 1500 KW ROOFTOP SOLAR PV PROJECT FOR KUDGI STPP-I (3 X 800 MW),Rooftop Solar,800.0,,Closed,40071746,Tender,2017-03-20,,2017-04-21,,2017-05-25,,,,,https://ntpctender.ntpc.co.in/NITDetails/NITs/17487,,Under Evaluation,,,Yes,800 MW,,,2026-09-12,2026-09-12,,yes,,T-87dbce87bc84,
NTPC,TRANSMISSION SYSTEM PACKAGE FOR MANGLUTAN & CHIDIYATAPU SPV PROJECTS IN SOUTH ANDAMAN,Solar,,,Closed,40073288,Tender,2017-05-03,,2017-05-30,,2017-06-28,,,,,https://ntpctender.ntpc.co.in/NITDetails/NITs/17621,,Under Evaluation,,,Yes,,,,2026-09-12,2026-09-12,,yes,,T-9763e79d5bc6,
NTPC,"BATTERY ENERGY STORAGE SYSTEM FOR 17 MW SOLAR PV PROJECT AT MANGLUTAN IN SOUTH ANDAMAN, A&N ISLANDS",Solar + Storage,17.0,Andaman and Nicobar,Closed,40073898,Tender,2017-05-05,,2017-06-02,,2017-07-03,,,,,https://ntpctender.ntpc.co.in/NITDetails/NITs/17629,,Under Evaluation,,,Yes,17 MW,,,2026-09-12,2026-09-12,,yes,,T-92df50d942c4,
NTPC,Battery Energy Storage System for 8 MW Solar PV Project at Chidiyatapu in A&N Islands,Solar + Storage,8.0,Andaman and Nicobar,Closed,40073998,Tender,2017-05-09,,2017-06-09,,2017-07-07,,,,,https://ntpctender.ntpc.co.in/NITDetails/NITs/17643,,Under Evaluation,,,Yes,8 MW,,,2026-09-12,2026-09-12,,yes,,T-945af299e1ef,
NTPC,"250MW (5X50MW) WIND ENERGY PROJECT(S) IN THE STATES OF GUJARAT, ANDHRA PRADESH, KARNATAKA AND MADHYA PRADESH",Wind,250.0,Andhra Pradesh,Closed,40076474,Tender,2017-06-16,,2017-07-07,,2017-08-04,,,,,https://ntpctender.ntpc.co.in/NITDetails/NITs/17789,,Under Evaluation,,,Yes,250 MW,,,2026-09-12,2026-09-12,,yes,,T-a20adbdabbc4,
NTPC,Development of 22MW (1 X 22MW) Solar PV Project at Auraiya in Uttar Pradesh,Solar,22.0,Uttar Pradesh,Closed,40079404,Tender,2017-08-09,,2017-09-08,,2017-10-11,,,,,https://ntpctender.ntpc.co.in/NITDetails/NITs/17929,,Under Evaluation,,,Yes,22 MW,,,2026-09-12,2026-09-12,,yes,,T-4b07191432ef,
NTPC,"DEVELOPMENT OF 86 MW KAWAS-GANDHAR (65 MW AT KAWAS AND 21 MW AT GANDHAR) SOLAR PHOTO VOLTAIC PROJECT(S) IN GUJARAT, INDIA",Solar,86.0,Gujarat,Closed,40079403,Tender,2017-08-09,,2017-09-08,,2017-10-10,,,,,https://ntpctender.ntpc.co.in/NITDetails/NITs/17927,,Under Evaluation,,,Yes,86 MW,,,2026-09-12,2026-09-12,,yes,,T-917ecf03e16f,
NTPC,Selection of Solar Power Developers for 250 MW Grid-connected Solar PV Power plant Under DCR Category,Solar,250.0,,Closed,RE-CS-0000-BOO-1,Tender,2017-07-31,,2017-09-08,,2017-09-19,,,,,https://ntpctender.ntpc.co.in/NITDetails/NITs/17889,,Under Evaluation,,,Yes,250 MW,,,2026-09-12,2026-09-12,,yes,,T-bdad7ad70c85,
NTPC,Module Package of Anta Solar Project in Rajasthan,Solar,,Rajasthan,Closed,RE-CS-5730-004(M)-9,Tender,2017-08-09,,2017-09-11,,2017-10-11,,,,,https://ntpctender.ntpc.co.in/NITDetails/NITs/17928,,Under Evaluation,,,Yes,,,,2026-09-12,2026-09-12,,yes,,T-2557080491d4,
NTPC,DEVELOPMENT OF 35 MW SIMHADRI- RAMAGUNDAM ( 20 MW AT SIMHADRI POWER PROJECT IN ANDHRA PRADESH AND 15 MW AT RAMAGUNDAM POWER PROJECT IN TELANGANA) SOLAR PHOTO VOLTAIC PROJECT,Solar,35.0,Andhra Pradesh,Closed,40079505,Tender,2017-08-19,,2017-09-15,,2017-10-12,,,,,https://ntpctender.ntpc.co.in/NITDetails/NITs/17977,,Under Evaluation,,,Yes,35 MW,,,2026-09-12,2026-09-12,,yes,,T-097decb75e33,
NTPC,Balance of System Package of Anta Solar Power Project,Solar,,,Closed,RE-CS-5730-004(BOS)-9,Tender,2017-09-07,,2017-10-05,,2017-11-07,,,,,https://ntpctender.ntpc.co.in/NITDetails/NITs/18043,,Under Evaluation,,,Yes,,,,2026-09-12,2026-09-12,,yes,,T-c135333e6d56,
NTPC,"Development of 225 MW Solar PV Power Project at Bilhaur, Uttar Pradesh",Solar,225.0,Uttar Pradesh,Closed,40080869,Tender,2017-09-19,,2017-10-24,,2017-11-24,,,,,https://ntpctender.ntpc.co.in/NITDetails/NITs/18104,,Under Evaluation,,,Yes,225 MW,,,2026-09-12,2026-09-12,,yes,,T-393760614a19,
NTPC,Development of 15 MW Ground Mounted Solar PV Project at NTPC Kayamkulam in Kerala,Solar,15.0,Kerala,Closed,40080727,Tender,2017-10-04,,2017-11-03,,2017-12-05,,,,,https://ntpctender.ntpc.co.in/NITDetails/NITs/18134,,Under Evaluation,,,Yes,15 MW,,,2026-09-12,2026-09-12,,yes,,T-2cdf4bb4ca56,
NTPC,NIT For Selection of Solar Power Developers for 3X250 MW Grid-connected Solar PV Power Plants to be set up in Ananthapuramu Ultra Mega Solar Park in State of Andhra Pradesh,Solar,250.0,Andhra Pradesh,Closed,RE-CS-0000-BOO-2,NIT,2018-03-09,,2018-03-26,,2018-04-13,,,,,https://ntpctender.ntpc.co.in/NITDetails/NITs/18705,,Under Evaluation,,,Yes,250 MW,,,2026-09-12,2026-09-12,,yes,,T-ed03dd1e13ae,
NTPC,"IFB FOR Battery Energy Storage System (BESS) atExisting NTPC 5 MW Solar PV Plant at Garacharma, Port Blair, A&N Island",Solar + Storage,5.0,,Closed,40087125,Tender,2018-03-10,,2018-04-14,,2018-07-05,,,,,https://ntpctender.ntpc.co.in/NITDetails/NITs/18717,,Under Evaluation,,,Yes,5 MW,,,2026-09-12,2026-09-12,,yes,,T-54ac242e41d9,
NTPC,IFB FOR TRANSMISSION SYSTEM PACKAGE FOR MANGLUTAN & CHIDIYATAPU SOLAR POWER PROJECT(S) IN SOUTH ANDAMAN,Solar,,,Closed,40087137,Tender,2018-03-17,,2018-04-23,,2018-05-22,,,,,https://ntpctender.ntpc.co.in/NITDetails/NITs/18728,,Under Evaluation,,,Yes,,,,2026-09-12,2026-09-12,,yes,,T-656b03c1fed8,
NTPC,INVITATION FOR EXPRESSION OF INTEREST (EOI) FROM RENEWABLE ENERGY DEVELOPERS REGARDING GRID CONNECTIVITY THROUGH NTPC GENERATING SWITCHYARD,Unclassified,,,Closed,RE-CS-0000-EOI-2018/1,EOI,2018-05-18,,2018-06-01,,,,,,,https://ntpctender.ntpc.co.in/NITDetails/NITs/18902,,Under Evaluation,,,Yes,,,,2026-09-12,2026-09-12,,yes,,T-c015bbf3a17f,
NTPC,NIT For Selection of Solar Power Developers for 2000 MW Grid-connected Solar PV Power Plants to be set up anywhere in India.,Solar,2000.0,,Closed,RE-CS-0000-BOO-3,NIT,2018-03-09,,2018-06-25,,2018-07-06,,,,,https://ntpctender.ntpc.co.in/NITDetails/NITs/18706,,Under Evaluation,,,Yes,2000 MW,,,2026-09-12,2026-09-12,,yes,,T-80096b52963a,
NTPC,IFB FOR Development of 22 MW Floating Solar PV Project At RGCCPP Kayamkulam in Kerala.,Floating Solar,22.0,Kerala,Closed,RE-CS-5742-004-9,Tender,2018-06-25,,2018-07-23,,2018-08-21,,,,,https://ntpctender.ntpc.co.in/NITDetails/NITs/19053,,Under Evaluation,,,Yes,22 MW,,,2026-09-12,2026-09-12,,yes,,T-6991de043c9f,
NTPC,Selection of Developers for Setting up of 2000 MW ISTS Connected Wind Power Projects,Wind,2000.0,,Closed,CC/RE-CS-0000-BOO(W)-1,Tender,2018-03-13,,2018-07-30,,2018-08-07,,,,,https://ntpctender.ntpc.co.in/NITDetails/NITs/18716,,Under Evaluation,,,Yes,2000 MW,,,2026-09-12,2026-09-12,,yes,,T-1990e7256edf,
NTPC,DETAILED INVITATION FOR BIDS (IFB) FOR DEVELOPMENT OF 15MW SOLAR PV PROJECT AT RAMAGUNDAM IN TELANGANA,Solar,15.0,Telangana,Closed,RE-CS-5737-004-9(R),Tender,2018-06-11,,2018-08-25,,2018-09-05,,,,,https://ntpctender.ntpc.co.in/NITDetails/NITs/18994,,Under Evaluation,,,Yes,15 MW,,,2026-09-12,2026-09-12,,yes,,T-9dca080fd6b4,
NTPC,"IFB FOR DEVELOPMENT OF 65 MW KAWAS SOLAR PHOTO VOLTAIC PROJECT IN GUJARAT, INDIA.",Solar,65.0,Gujarat,Closed,RE-CS-5732-004(R)-9,Tender,2018-05-28,,2018-08-27,,2018-09-07,,,,,https://ntpctender.ntpc.co.in/NITDetails/NITs/18935,,Under Evaluation,,,Yes,65 MW,,,2026-09-12,2026-09-12,,yes,,T-b2c375eb88a2,
NTPC,IFB FOR DEVELOPMENT OF 22 MW SOLAR PV PROJECT AT AURAIYA IN UTTAR PRADESH,Solar,22.0,Uttar Pradesh,Closed,RE-CS-5733-004(R)-9,Tender,2018-05-28,,2018-08-27,,2018-08-31,,,,,https://ntpctender.ntpc.co.in/NITDetails/NITs/18934,,Under Evaluation,,,Yes,22 MW,,,2026-09-12,2026-09-12,,yes,,T-16e43183316d,
NTPC,IFB For Development of 15 MW Ground Mounted Solar PV Project at NTPC Kayamkulam in Kerala,Solar,15.0,Kerala,Closed,RE-CS-5739-004(R)-9,Tender,2018-05-28,,2018-08-27,,2018-09-05,,,,,https://ntpctender.ntpc.co.in/NITDetails/NITs/18933,,Under Evaluation,,,Yes,15 MW,,,2026-09-12,2026-09-12,,yes,,T-195f62d62309,
NTPC,NOTICE INVING APPLICATIONS (NIA) FOR ENLISTMENT OF DOMESTIC EPC BIDDERS FOR DEVELOPMENT OF SOLAR POWER PROJECT OF NTPC,Solar,,,Closed,40087722,Tender,2018-08-14,,2018-08-29,,2018-08-31,,,,,https://ntpctender.ntpc.co.in/NITDetails/NITs/19241,,Under Evaluation,,,Yes,,,,2026-09-12,2026-09-12,,yes,,T-c148d889e323,
NTPC,"NIT FOR DEVELOPMENT OF 20 MW (EARLIER 21 MW) SOLAR PV PROJECT AT GANDHAR IN GUJARAT, INDIA",Solar,20.0,Gujarat,Closed,RE-CS-5734-004-9(R),NIT,2018-06-11,,2018-08-31,,2018-09-11,,,,,https://ntpctender.ntpc.co.in/NITDetails/NITs/18995,,Under Evaluation,,,Yes,20 MW,,,2026-09-12,2026-09-12,,yes,,T-f03ee7fd3b8f,
NTPC,"IFB For Development of 17 MW Solar PV Plant alongwith Battery Energy Storage System (BESS) at Manglutan, South Andaman, A&N Island",Solar + Storage,17.0,,Closed,RE-CS-5728-004-9,Tender,2018-03-10,,2018-09-04,,2018-09-13,,,,,https://ntpctender.ntpc.co.in/NITDetails/NITs/18719,,Under Evaluation,,,Yes,17 MW,,,2026-09-12,2026-09-12,,yes,,T-2babca240d46,
NTPC,NOTICE INVING APPLICATIONS (NIA) FOR ENLISTMENT OF DOMESTIC BIDDERS FOR CIVIL WORKS PACKAGE OF SOLAR POWER PROJECT OF NTPC,Solar,,,Closed,40087726,Tender,2018-08-21,,2018-09-05,,2018-09-07,,,,,https://ntpctender.ntpc.co.in/NITDetails/NITs/19255,,Under Evaluation,,,Yes,,,,2026-09-12,2026-09-12,,yes,,T-238da3aa4b84,
NTPC,"IFB For Development of 8 MW Solar PV Plant along with Battery Energy Storage System (BESS) at Chidiyatapu, South Andaman, A&N Island",Solar + Storage,8.0,,Closed,RE-CS-5727-004-9,Tender,2018-03-10,,2018-09-06,,2018-09-20,,,,,https://ntpctender.ntpc.co.in/NITDetails/NITs/18718,,Under Evaluation,,,Yes,8 MW,,,2026-09-12,2026-09-12,,yes,,T-55d983c18087,
NTPC,NOTICE INVITING APPLICATIONS (NIA) FOR ENLISTMENT OF BIDDERS FOR BALANCE OF SYSTEM (BOS) PACKAGE OF SOLAR PV PROJECT OF NTPC LTD,Solar,,,Closed,40087728,Tender,2018-08-24,,2018-09-07,,2018-09-11,,,,,https://ntpctender.ntpc.co.in/NITDetails/NITs/19272,,Under Evaluation,,,Yes,,,,2026-09-12,2026-09-12,,yes,,T-a7c60fdb3365,
NTPC,NOTICE INVITING APPLICATIONS (NIA) FOR ENLISTMENT OF DOMESTIC BIDDERS / VENDORS FOR SWITCHYARD PACKAGE FOR SOLAR POWER PROJECTS SOLAR PV POWER PROJECT OF NTPC LTD.,Solar,,,Closed,40087717,Tender,2018-09-01,,2018-09-15,,2018-09-17,,,,,https://ntpctender.ntpc.co.in/NITDetails/NITs/19299,,Under Evaluation,,,Yes,,,,2026-09-12,2026-09-12,,yes,,T-8d88def241a4,
NTPC,NOTICE INVING APPLICATIONS (NIA) FOR ENLISTMENT OF DOMESTIC EPC BIDDERS /CONTRACTORS / AGENCIES /DEVELOPERS FOR DEVELOPMENT OF SOLAR POWER PROJECT OF NTPC LTD,Solar,,,Closed,RE-CS-0000-004(e-BoS)-9,Tender,2018-08-21,,2018-09-15,,2018-09-17,,,,,https://ntpctender.ntpc.co.in/NITDetails/NITs/19259,,Under Evaluation,,,Yes,,,,2026-09-12,2026-09-12,,yes,,T-d46321d6af9f,
NTPC,NOTICE INVING APPLICATIONS (NIA) FOR ENLISTMENT OF VENDOR OF INVERTER- INVERTER TRANSFORMER PACKAGE FOR DEVELOPMENT FOR SOLAR POWER PROJECTS OF NTPC LTD.,Solar,,,Closed,RE-CS-0000-004(Inv/Inv tran)-9,Tender,2018-08-21,,2018-09-15,,2018-09-17,,,,,https://ntpctender.ntpc.co.in/NITDetails/NITs/19257,,Under Evaluation,,,Yes,,,,2026-09-12,2026-09-12,,yes,,T-49682c406ffb,
NTPC,NOTICE INVING APPLICATIONS (NIA) FOR ENLISTMENT OF BIDDERS / VENDORS FOR SPV MODUE PACKAGE FOR SOLAR PV POWER PROJECT OF NTPC LTD.,Solar,,,Closed,40087724,Tender,2018-08-21,,2018-09-21,,2018-09-24,,,,,https://ntpctender.ntpc.co.in/NITDetails/NITs/19258,,Under Evaluation,,,Yes,,,,2026-09-12,2026-09-12,,yes,,T-61c251a6f2db,
NTPC,INVITATION FOR BIDS (IFB) FOR MODULE PACKAGE OF ANTA SOLAR PROJECT IN RAJASTHAN,Solar,,Rajasthan,Closed,NTPC-2018-TN000013,Tender,2018-08-24,,2018-10-10,,2018-10-24,,,,,https://ntpctender.ntpc.co.in/NITDetails/NITs/19275,,Under Evaluation,,,Yes,,,,2026-09-12,2026-09-12,,yes,,T-dd76905bfbe7,
NTPC,IFB FOR SETTING UP BATTERY CHARGING AND SWAPPING STATION FOR 50 NUMBER OF E-RICKSHAW IN FARIDABAD PILOT PROJECT,Unclassified,,,Closed,40087785,Tender,2018-09-18,,2018-10-29,,2018-11-09,,,,,https://ntpctender.ntpc.co.in/NITDetails/NITs/19464,,Under Evaluation,,,Yes,,,,2026-09-12,2026-09-12,,yes,,T-6b68779fd969,
NTPC,"IFB FOR DEVELOPMENT OF WIND SOLAR HYBRID POWER PLANT AT NTPC KUDGI, KARNATAKA",Wind-Solar Hybrid,,Karnataka,Closed,40087791,Tender,2018-10-10,,2018-11-05,,2018-11-21,,,,,https://ntpctender.ntpc.co.in/NITDetails/NITs/19537,,Under Evaluation,,,Yes,,,,2026-09-12,2026-09-12,,yes,,T-c32777cc9b40,
NTPC,IFB FOR Development of 70 MW Floating Solar PV Project At Rajiv Gandhi Combined Cycle Power Project Kayamkulam in Kerala,Floating Solar,70.0,Kerala,Closed,RE-CS-5743-004-9,Tender,2018-10-15,,2018-12-15,,2018-12-27,,,,,https://ntpctender.ntpc.co.in/NITDetails/NITs/19560,,Under Evaluation,,,Yes,70 MW,,,2026-09-12,2026-09-12,,yes,,T-c490075c3d6b,
NTPC,IFB For Development of 20 MW Floater Solar Power Project at the Reservoir of NTPC Auraiya Gas Power Plant at Dibiyapur in Auraiya district of Uttar Pradesh,Solar,20.0,Uttar Pradesh,Closed,RE-CS-5745-004-9,Tender,2018-12-17,,2019-01-10,,2019-01-25,,,,,https://ntpctender.ntpc.co.in/NITDetails/NITs/19883,,Under Evaluation,,,Yes,20 MW,,,2026-09-12,2026-09-12,,yes,,T-969a2d3dc78e,
NTPC,IFB For Development of 100 MW Floating Solar PV Project at NTPC Ramagundam in Telangana,Floating Solar,100.0,Telangana,Closed,RE-CS-5747-004-9,Tender,2018-12-18,,2019-01-10,,2019-01-30,,,,,https://ntpctender.ntpc.co.in/NITDetails/NITs/19869,,Under Evaluation,,,Yes,100 MW,,,2026-09-12,2026-09-12,,yes,,T-2f139ac31969,
NTPC,IFB For Development of 25 MW Floating Solar PV Project at NTPC Simhadri in Andhra Pradesh,Floating Solar,25.0,Andhra Pradesh,Closed,RE-CS-5746-004-9,Tender,2018-12-17,,2019-01-11,,2019-01-23,,,,,https://ntpctender.ntpc.co.in/NITDetails/NITs/19866,,Under Evaluation,,,Yes,25 MW,,,2026-09-12,2026-09-12,,yes,,T-368d413fa6dc,
NTPC,IFB For Implementation of Renewable Package for Smart Township Initiative in Solapur and Khargone,Unclassified,,,Closed,RE-CS-9571/9578-004S-9,Tender,2018-12-17,,2019-01-14,,2019-01-24,,,,,https://ntpctender.ntpc.co.in/NITDetails/NITs/19862,,Under Evaluation,,,Yes,,,,2026-09-12,2026-09-12,,yes,,T-584cbf3ee183,
NTPC,IFB FOR Purchase of Power from existing Solar PV Power Plants and Wind Power Plants upto Cumulative Capacity of 1000 MW,Solar,1000.0,,Closed,RE-CS-0000-POP-1,Tender,2018-11-27,,2019-01-22,,2019-02-07,,,,,https://ntpctender.ntpc.co.in/NITDetails/NITs/19798,,Under Evaluation,,,Yes,1000 MW,,,2026-09-12,2026-09-12,,yes,,T-8302af7c3e94,
NTPC,IFB For Development of Charging Infrastructure Package with Bharat EV Chargers (DC & AC),Unclassified,,,Closed,RE-CS-EV-BHA-BD,Tender,2019-01-19,,2019-02-08,,2019-02-15,,,,,https://ntpctender.ntpc.co.in/NITDetails/NITs/19985,,Under Evaluation,,,Yes,,,,2026-09-12,2026-09-12,,yes,,T-3e9697b6f68c,
NTPC,"IFB FOR Development of 20 MW Floating Solar Power Project at NTPC Anta Gas Power Station, Anta, Rajasthan",Floating Solar,20.0,Rajasthan,Closed,RE-CS-5744-004-9,Tender,2019-01-11,,2019-02-17,,2019-03-05,,,,,https://ntpctender.ntpc.co.in/NITDetails/NITs/19952,,Under Evaluation,,,Yes,20 MW,,,2026-09-12,2026-09-12,,yes,,T-479b57f66124,
NTPC,NIA FOR ENLISTMENT OF EPC BIDDERS FOR DEVELOPMENT OF SOLAR POWER PROJECT OF NTPC,Solar,,,Closed,RE-CS-0000-004-9(F/GM),Tender,2019-02-08,,2019-02-25,,2019-02-28,,,,,https://ntpctender.ntpc.co.in/NITDetails/NITs/20129,,Under Evaluation,,,Yes,,,,2026-09-12,2026-09-12,,yes,,T-2101b59ee562,
NTPC,NIA FOR ENLISTMENT OF BIDDERS / VENDORS FOR WIND ENERGY PROJECTS ANYWHERE IN INDIA OF NTPC LTD,Wind,,,Closed,RE-CS-0000-003(Wind)-9,Tender,2019-02-12,,2019-02-27,,2019-02-27,,,,,https://ntpctender.ntpc.co.in/NITDetails/NITs/20140,,Under Evaluation,,,Yes,,,,2026-09-12,2026-09-12,,yes,,T-457532b964df,
NTPC,NOTICE INVING APPLICATIONS (NIA) FOR ENLISTMENT OF VENDOR FOR INVERTER- INVERTER TRANSFORMER PACKAGE FOR DEVELOPMENT OF SOLAR POWER PROJECTS FOR NTPC.,Solar,,,Closed,RE-CS-0000-004(Inv/Inv tran-2)-9,Tender,2019-02-20,,2019-03-08,,2019-03-08,,,,,https://ntpctender.ntpc.co.in/NITDetails/NITs/20156,,Under Evaluation,,,Yes,,,,2026-09-12,2026-09-12,,yes,,T-0f62492c9168,
NTPC,IFB FOR Development of 15 MW Floating Solar PV Project at NTPC Koldam HEPP,Floating Solar,15.0,,Closed,RE-CS-5748-004-9,Tender,2019-01-17,,2019-07-10,,2019-07-24,,,,,https://ntpctender.ntpc.co.in/NITDetails/NITs/19972,,Under Evaluation,,,Yes,15 MW,,,2026-09-12,2026-09-12,,yes,,T-857817a5383f,
NTPC,INVITATION FOR BIDS (IFB) FOR DEVELOPMENT OF GRID CONNECTED SOLAR PV PROJECT(S) (UPTO 1000MW CAPACITY) UNDER CPSU SCHEME PHASE-II (TRANCHE-I),Solar,1000.0,,Closed,NTPC-2019-TN000003,Tender,2019-06-11,,2019-07-16,,2019-07-25,,,,,https://ntpctender.ntpc.co.in/NITDetails/NITs/20594,,Under Evaluation,,,Yes,1000 MW,,,2026-09-12,2026-09-12,,yes,,T-d8ea428e3ff7,
NTPC,NOTICE INVING APPLICATIONS (NIA) FOR ENLISTMENT OF EPC VENDORS FOR FLOATING / GROUND MOUNTED SOLAR PV PROJECTS FROM 10 MW (INCLUDING) CAPACITY TO BELOW 50 MW CAPACITY,Solar,10.0,,Closed,RE-CS-0000-004 (F/GM<50)-9,Tender,2019-07-05,,2019-07-19,,2019-07-24,,,,,https://ntpctender.ntpc.co.in/NITDetails/NITs/20653,,Under Evaluation,,,Yes,10 MW,,,2026-09-12,2026-09-12,,yes,,T-62ad57afbfe7,
NTPC,NIA FOR ENLISTMENT OF VENDORS FOR CONDUCTING GEOTECHNICAL INVESTIGATIONS FOR RENEWABLE ENERGY (RE) PROJECTS,Unclassified,,,Closed,RE-CS-0000-004(Geotech)-9,Tender,2019-07-10,,2019-07-24,,2019-07-27,,,,,https://ntpctender.ntpc.co.in/NITDetails/NITs/20661,,Under Evaluation,,,Yes,,,,2026-09-12,2026-09-12,,yes,,T-a8a786f33f90,
NTPC,NIA FOR ENLISTMENT OF TECHNICAL CONSULTANT FOR EPC VENDORS FOR GROUND MOUNTED FLOATING & ROOFTOP SOLAR PV PROJECTS,Rooftop Solar,,,Closed,RE-CS-0000-004(TC)-9,Tender,2019-07-10,,2019-07-25,,2019-07-30,,,,,https://ntpctender.ntpc.co.in/NITDetails/NITs/20664,,Under Evaluation,,,Yes,,,,2026-09-12,2026-09-12,,yes,,T-cecd03cd6e21,
NTPC,NOTICE INVING APPLICATIONS (NIA) FOR ENLISTMENT OF VENDORS FOR DEVELOPMENT OF CHARGING INFRASTRUCTURE WITH BHARAT EV CHARGERS (DC & AC).,Unclassified,,,Closed,RE-CS-0000-ENL-EV-CHRG (BHARAT),Tender,2019-07-19,,2019-07-31,,2019-08-02,,,,,https://ntpctender.ntpc.co.in/NITDetails/NITs/20691,,Under Evaluation,,,Yes,,,,2026-09-12,2026-09-12,,yes,,T-ec86c7e879a9,
NTPC,NIA FOR ENLISTMENT OF VENDORS FOR DEVELOPMENT OF CHARGING INFRASTRUCTURE WITH EV CHARGERS (FAST CHARGERS),Unclassified,,,Closed,RE-CS-0000-ENL-EV-CHRG (FAST CHARGERS),Tender,2019-07-23,,2019-08-13,,2019-08-16,,,,,https://ntpctender.ntpc.co.in/NITDetails/NITs/20702,,Under Evaluation,,,Yes,,,,2026-09-12,2026-09-12,,yes,,T-a453da117a52,
NTPC,INVITATION FOR BIDS (IFB) FOR SELECTION OF SOLAR POWER DEVELOPERS FOR 1200 MW GRID CONNECTED SOLAR PHOTO VOLTAIC PROJECTS UNDER OPEN CATEGORY,Solar,1200.0,,Closed,RE-CS-0000-BOO-4,Tender,2018-11-10,,2019-08-13,,2019-08-20,,,,,https://ntpctender.ntpc.co.in/NITDetails/NITs/19741,,Under Evaluation,,,Yes,1200 MW,,,2026-09-12,2026-09-12,,yes,,T-6a5bc0145ac2,
NTPC,INVITATION FOR BIDS (IFB) FOR DEVELOPMENT OF 20 MW SOLAR PV PROJECT AT NTPC- RIHAND,Solar,20.0,,Closed,RE-CS-5757-004-9,Tender,2019-07-19,,2019-08-14,,2019-08-28,,,,,https://ntpctender.ntpc.co.in/NITDetails/NITs/20693,,Under Evaluation,,,Yes,20 MW,,,2026-09-12,2026-09-12,,yes,,T-871db59593ca,
NTPC,IFB For Development of 20 MW Floater Solar Power Project at the Reservoir of NTPC Auraiya Gas Power Plant at Dibiyapur in Auraiya district of Uttar Pradesh,Solar,20.0,Uttar Pradesh,Closed,RE-CS-5745-004-9(R),Tender,2019-08-02,,2019-08-20,,2019-09-06,,,,,https://ntpctender.ntpc.co.in/NITDetails/NITs/20745,,Under Evaluation,,,Yes,20 MW,,,2026-09-12,2026-09-12,,yes,,T-05e72429a309,
NTPC,INVITATION FOR BIDS (IFB) FOR SELECTION OF SOLAR POWER DEVELOPERS FOR SETTING UP 1200 MW ISTS CONNECTED SOLAR PV POWER PROJECTS ANYWHERE IN INDIA,Solar,1200.0,,Closed,RE-CS-0000-BOO-5,Tender,2019-08-10,,2019-09-02,,2019-09-02,,,,,https://ntpctender.ntpc.co.in/NITDetails/NITs/20769,,Under Evaluation,,,Yes,1200 MW,,,2026-09-12,2026-09-12,,yes,,T-1e86f19373c0,
NTPC,IFB For Purchase of Power from existing Solar PV Power Plants and Wind Power Plants upto Cumulative Capacity of 100 MW,Solar,100.0,,Closed,RE-CS-0000-POP-2,Tender,2019-08-21,,2019-09-04,,2019-09-12,,,,,https://ntpctender.ntpc.co.in/NITDetails/NITs/20801,,Under Evaluation,,,Yes,100 MW,,,2026-09-12,2026-09-12,,yes,,T-bebe9e3dd6ab,
NTPC,IFB For Request for Selection of End Users (Government Entities / CPSUs / State PSUs) for Supply of Power from 1000 MW Grid Connected Solar PV Power Projects under DCR Category as per CPSU Scheme Phase II.,Solar,1000.0,,Closed,RE-CS-0000-CPSU-1,RfS,2019-06-05,,2019-09-05,,2019-09-06,,,,,https://ntpctender.ntpc.co.in/NITDetails/NITs/20581,,Under Evaluation,,,Yes,1000 MW,,,2026-09-12,2026-09-12,,yes,,T-934aef4f77f1,
NTPC,INVITATION FOR BIDS (IFB) FOR SELECTION OF WIND POWER DEVELOPERS FOR SETTING UP 1200 MW ISTS- CONNECTED WIND POWER PROJECTS ANYWHERE IN INDIA,Wind,1200.0,,Closed,NTPC-2019-TN0000013,Tender,2019-08-23,,2019-09-16,,2019-09-16,,,,,https://ntpctender.ntpc.co.in/NITDetails/NITs/20808,,Under Evaluation,,,Yes,1200 MW,,,2026-09-12,2026-09-12,,yes,,T-95def88bd9bd,
NTPC,NIA FOR ENLISTMENT OF VENDORS FOR CONDUCTING TOPOGRAPHICAL SURVEYS FOR RENEWABLE ENERGY (RE) PROJECTS,Unclassified,,,Closed,RE-CS-0000-004(Topography)-9,Tender,2019-09-19,,2019-10-03,,2019-10-04,,,,,https://ntpctender.ntpc.co.in/NITDetails/NITs/20911,,Under Evaluation,,,Yes,,,,2026-09-12,2026-09-12,,yes,,T-adf4fd2c4c96,
NTPC,NOTICE INVING APPLICATIONS (NIA) FOR ENLISTMENT OF BIDDERS FOR BALANCE OF SYSTEM (BOS) PACKAGE OF SOLAR PV PROJECT OF NTPC LTD,Solar,,,Closed,NTPC/EOC/9900186363,Tender,2019-09-17,,2019-10-10,,2019-10-11,,,,,https://ntpctender.ntpc.co.in/NITDetails/NITs/20903,,Under Evaluation,,,Yes,,,,2026-09-12,2026-09-12,,yes,,T-d7d6d0683231,
NTPC,IFB FOR BALANCE OF SYSTEM PACKAGE FOR ANTA SOLAR POWER PROJECT IN RAJASTHAN,Solar,,Rajasthan,Closed,RE-CS-5730-004(BOS)-9(R2),Tender,2019-10-21,,2019-11-04,,2019-11-22,,,,,https://ntpctender.ntpc.co.in/NITDetails/NITs/20992,,Under Evaluation,,,Yes,,,,2026-09-12,2026-09-12,,yes,,T-496003e6037b,
NTPC,INVITATION FOR BIDS (IFB) FOR DEVELOPMENT OF GRID CONNECTED SOLAR PV PROJECT(S) (UPTO 1000MW CAPACITY) UNDER DBDT SCHEME,Solar,1000.0,,Closed,RE-CS-5756-004-9,Tender,2019-10-15,,2019-11-20,,2019-12-04,,,,,https://ntpctender.ntpc.co.in/NITDetails/NITs/20970,,Under Evaluation,,,Yes,1000 MW,,,2026-09-12,2026-09-12,,yes,,T-53f7c46ff920,
NTPC,IFB For Purchase of Power from Distribution Licensee or Power Trader or Power Generator from existing Solar Power Plants of Cumulative Capacity upto 100 MW for a period of Two months,Solar,100.0,,Closed,RE-CS-0000-POP-3,Tender,2019-12-03,,2019-12-19,,2019-12-27,,,,,https://ntpctender.ntpc.co.in/NITDetails/NITs/21140,,Under Evaluation,,,Yes,100 MW,,,2026-09-12,2026-09-12,,yes,,T-25830e4ec543,
NTPC,INVITATION FOR BIDS (IFB) FOR DEVELOPMENT OF GRID CONNECTED SOLAR PV PROJECT(S) (UPTO 500MW CAPACITY) UNDER EPC PACKAGE WITH LAND & CONNECTIVITY IN MAHARASHTRA,Solar,500.0,Maharashtra,Closed,RE-CS-5761-004-9,Tender,2019-12-04,,2019-12-21,,2020-01-02,,,,,https://ntpctender.ntpc.co.in/NITDetails/NITs/21142,,Under Evaluation,,,Yes,500 MW,,,2026-09-12,2026-09-12,,yes,,T-110f999350f3,
NTPC,IFB FOR DEVELOPMENT OF GRID CONNECTED SOLAR PV PROJECT(S) (UPTO 923 MW CAPACITY) UNDER CPSU SCHEME PHASE-II (TRANCHE-II),Solar,923.0,,Closed,RE-CS-5759-004-9,Tender,2019-12-03,,2020-01-19,,2020-01-27,,,,,https://ntpctender.ntpc.co.in/NITDetails/NITs/21141,,Under Evaluation,,,Yes,923 MW,,,2026-09-12,2026-09-12,,yes,,T-68938593bd6b,
NTPC,"APPOINTMENT OF CONSULTANT FOR RENEWAL OF CREDITING PERIOD WITH UNFCCC FOR CDM BENEFIT OF NTPC’S 5 MW SOLAR PV PROJECT(S) EACH AT PORT BLAIR (A&N), NTPC DADRI & NTPC FARIDABAD",Solar,5.0,,Closed,NTPC/EOC/Test,Tender,2021-11-01,,2020-03-05,,2021-11-30,,,,,https://ntpctender.ntpc.co.in/NITDetails/NITs/23699,,Under Evaluation,,,Yes,5 MW,,,2026-09-12,2026-09-12,,yes,,T-8bc00ab8c7af,
NTPC,"IFB FOR APPOINTMENT OF CONSULTANT FOR RENEWAL OF CREDITING PERIOD WITH UNFCCC FOR CDM BENEFIT OF NTPC’S 5 MW SOLAR PV PROJECT(S) EACH AT PORT BLAIR (A&N), NTPC DADRI & NTPC FARIDABAD",Solar,5.0,,Closed,NTPC/EOC/9900193770,Tender,2020-01-27,,2020-03-05,,2020-03-06,,,,,https://ntpctender.ntpc.co.in/NITDetails/NITs/21292,,Under Evaluation,,,Yes,5 MW,,,2026-09-12,2026-09-12,,yes,,T-aab95852d28f,
NTPC,NIA For Empanelment of Consultants for Carrying out Third Party Quality Inspection and Testing of Solar PV Modules,Solar,,,Closed,RE-CS-0000-004-9,Tender,2020-03-13,,2020-04-21,,2020-04-22,,,,,https://ntpctender.ntpc.co.in/NITDetails/NITs/21451,,Under Evaluation,,,Yes,,,,2026-09-12,2026-09-12,,yes,,T-bce85a16eebc,
NTPC,INVITATION FOR BIDS (IFB) FOR DEVELOPMENT OF ISTS CONNECTED WIND ENERGY PROJECT(S) UPTO CAPACITY OF 600 MW ANYWHERE IN INDIA,Wind,600.0,,Closed,RE-CS-5913-003-9,Tender,2020-02-28,,2020-05-07,,2020-05-25,,,,,https://ntpctender.ntpc.co.in/NITDetails/NITs/21399,,Under Evaluation,,,Yes,600 MW,,,2026-09-12,2026-09-12,,yes,,T-f7e5c1496f90,
NTPC,SCADA AND WMS PACKAGE FOR SOLAPUR SOLAR PV PROJECT IN MAHARASHTRA,Solar,,Maharashtra,Closed,RE-CS-5749-004(SW)-9,Tender,2020-04-15,,2020-05-25,,2020-06-11,,,,,https://ntpctender.ntpc.co.in/NITDetails/NITs/21549,,Under Evaluation,,,Yes,,,,2026-09-12,2026-09-12,,yes,,T-3ba4f1f66a56,
NTPC,INSTALLATION & COMMISSIONING PACKAGE OF SOLAPUR SOLAR PV PROJECT AT SOLAPUR IN MAHARASHTRA.,Solar,,Maharashtra,Closed,RE-CS-5749-004(I&C)-9,Tender,2020-04-21,,2020-05-28,,2020-06-18,,,,,https://ntpctender.ntpc.co.in/NITDetails/NITs/21569,,Under Evaluation,,,Yes,,,,2026-09-12,2026-09-12,,yes,,T-12fd6cdd65b4,
SECI,"Request for Selection (RFS) for setting up of 04 MW Floating Solar Power Plant with 02 MW/01 MWh BESS at Kalpong Dam, Diglipur, North Andaman & Nicobar",Solar + Storage,4.0,,Closed,SECI/C&P/SPD/RfS/A&N/4MW/012020,RfS,2020-01-13,,2020-05-29,2020-06-02,2020-06-03,,,,,https://www.seci.co.in/tender-details/YWE,,Under Evaluation,,,Yes,04 MW,,,2026-09-12,2026-09-12,,yes,,T-f3fea2a5581e,
SECI,"Request for Selection (RFS) for setting up of 04 MW Floating Solar Power Plant with 02 MW/01 MWh BESS at Kalpong Dam, Diglipur, North Andaman & Nicobar",Solar + Storage,4.0,,Closed,SECI/C&P/SPD/RfS/A&N/4MW/012020,On Line with e-Reverse Auction,2020-01-13,1970-01-01,2020-05-29,2020-06-02,2020-06-03,,,,,https://www.seci.co.in/tender-details/YWE,,Under Evaluation,,,Yes,04 MW,,,,,,yes,,f3fea2a5581e,
NTPC,"MODULE PACKAGE OF SOLAPUR SOLAR PV PROJECT, SOLAPUR IN MAHARASTRA.",Solar,,,Closed,RE-CS-5749-004(M)-9(R),Tender,2020-05-14,,2020-06-08,,2020-06-25,,,,,https://ntpctender.ntpc.co.in/NITDetails/NITs/21676,,Under Evaluation,,,Yes,,,,2026-09-12,2026-09-12,,yes,,T-ab0abe5d8760,
NTPC,IFB FOR SELECTION OF SOLAR POWER DEVELOPERS FOR SETTING UP 1200 MW ISTS CONNECTED SOLAR PV POWER PROJECTS ANYWHERE IN INDIA,Solar,1200.0,,Closed,RE-CS-0000-BOO-6,Tender,2020-02-18,,2020-06-22,,2020-07-16,,,,,https://ntpctender.ntpc.co.in/NITDetails/NITs/21370,,Under Evaluation,,,Yes,1200 MW,,,2026-09-12,2026-09-12,,yes,,T-8df1f96ff222,
SECI,RfS for 2000 MW ISTS-connected Solar PV Power Projects in India (ISTS-IX),Solar,2000.0,,Closed,SECI/C&P/SPD/ISTS-IX/RfS/2000MW/032020,RfS,2020-03-20,2020-05-20,2020-06-22,2020-06-23,2020-06-23,,,,,https://www.seci.co.in/tender-details/Zg,,Under Evaluation,,,Yes,2000 MW,,,2026-09-12,2026-09-12,,yes,,T-cd9f5c9e69c5,
SECI,RfS for 2000 MW ISTS-connected Solar PV Power Projects in India (ISTS-IX),Solar,2000.0,,Closed,SECI/C&P/SPD/ISTS-IX/RfS/2000MW/032020,On Line with e-Reverse Auction,2020-03-20,2020-05-20,2020-06-22,2020-06-23,2020-06-23,,,,,https://www.seci.co.in/tender-details/Zg,,Under Evaluation,,,Yes,2000 MW,,,,,,yes,,cd9f5c9e69c5,
SECI,TENDER DOCUMENT FOR 34 MW (AC) GROUND BASED SOLAR PV POWER PLANT FOR DIFFERENT PACKAGES AT SCCL TELANGANA STATE,Solar,34.0,Telangana,Closed,SECI/C&P/NIT/2020/SCCL32,NIT,2020-03-17,,2020-06-26,2020-06-26,2020-06-26,,,,,https://www.seci.co.in/tender-details/ZA,,Under Evaluation,,,Yes,34 MW,,,2026-09-12,2026-09-12,,yes,,T-4b6721edc0f4,
SECI,TENDER DOCUMENT FOR 34 MW (AC) GROUND BASED SOLAR PV POWER PLANT FOR DIFFERENT PACKAGES AT SCCL TELANGANA STATE,Solar,34.0,Telangana,Closed,SECI/C&P/NIT/2020/SCCL32,On Line with e-Reverse Auction,2020-03-17,1970-01-01,2020-06-26,2020-06-26,2020-06-26,,,,,https://www.seci.co.in/tender-details/ZA,,Under Evaluation,,,Yes,34 MW,,,,,,yes,,4b6721edc0f4,
NTPC,IFB FOR DEVELOPMENT OF 735 (3X245) MW BALANCE OF SYSTEM PACKAGE OF NOKH SOLAR PARK PROJECT AT DISTRICT JAISALMER IN RAJASTHAN,Solar,,Rajasthan,Closed,RE-CS-5741-004(BOS)-9,Tender,2020-03-23,,2020-06-29,,2020-07-16,,,,,https://ntpctender.ntpc.co.in/NITDetails/NITs/21486,,Under Evaluation,,,Yes,,,,2026-09-12,2026-09-12,,yes,,T-9188cc4f4920,
NTPC,IFB for Solar-Inverter Package of 23 MW Solapur Solar PV Project.,Solar,23.0,,Closed,RE-CS-5749-004(SI)-9,Tender,2020-03-06,,2020-07-10,,2020-07-17,,,,,https://ntpctender.ntpc.co.in/NITDetails/NITs/21429,,Under Evaluation,,,Yes,23 MW,,,2026-09-12,2026-09-12,,yes,,T-ade2f540060c,
SECI,Tender for 15 MW (AC) Floating Solar PV Power Plant for different sites at SCCL Telangana State,Floating Solar,15.0,Telangana,Closed,SECI/C&P/NIT/2020/SCCL15,NIT,2020-04-04,2020-04-04,2020-07-10,2020-07-10,2020-07-10,,,,,https://www.seci.co.in/tender-details/Yg,,Under Evaluation,,,Yes,15 MW,,,2026-09-12,2026-09-12,,yes,,T-8ad78e85def2,
SECI,Tender for 15 MW (AC) Floating Solar PV Power Plant for different sites at SCCL Telangana State,Floating Solar,15.0,Telangana,Closed,SECI/C&P/NIT/2020/SCCL15,On Line with e-Reverse Auction,2020-04-04,2020-04-04,2020-07-10,2020-07-10,2020-07-10,,,,,https://www.seci.co.in/tender-details/Yg,,Under Evaluation,,,Yes,15 MW,,,,,,yes,,8ad78e85def2,
NTPC,IFB For Inverter-Transformer Package of Solapur Solar PV Project at Solapur in Maharashtra,Solar,,Maharashtra,Closed,RE-CS-5749-004(IT)-9,Tender,2020-03-27,,2020-07-16,,2020-08-10,,,,,https://ntpctender.ntpc.co.in/NITDetails/NITs/21495,,Under Evaluation,,,Yes,,,,2026-09-12,2026-09-12,,yes,,T-0de1d58f9e40,
NTPC,IFB For Module Mounting Structure for 23 MW solar PV Project at NTPC-Solapur,Solar,23.0,,Closed,RE-CS-5749-004(MMS)-9,Tender,2020-03-13,,2020-07-20,,2020-08-03,,,,,https://ntpctender.ntpc.co.in/NITDetails/NITs/21450,,Under Evaluation,,,Yes,23 MW,,,2026-09-12,2026-09-12,,yes,,T-e7225b131637,
NTPC,Enlistment of Vendors for Bulk Solar PV Module Procurement.,Solar,,,Closed,RE-CS-0000-004(M)-9,Tender,2020-06-25,,2020-07-23,,2020-08-18,,,,,https://ntpctender.ntpc.co.in/NITDetails/NITs/21857,,Under Evaluation,,,Yes,,,,2026-09-12,2026-09-12,,yes,,T-7ecff29c687e,
NTPC,HT Switchgear Package of Solapur Solar PV Project at Solapur in Maharashtra.,Solar,,Maharashtra,Closed,RE-CS-5749-004(HT)-9,Tender,2020-05-12,,2020-07-25,,2020-08-18,,,,,https://ntpctender.ntpc.co.in/NITDetails/NITs/21671,,Under Evaluation,,,Yes,,,,2026-09-12,2026-09-12,,yes,,T-cdf290804afd,
SECI,RfS for 2000 MW ISTS-connected Wind Power Projects in India (Tranche-IX),Wind,2000.0,,Closed,SECI/C&P/WPD/2000MW/T9/RfS/032020,RfS,2020-03-20,2020-04-30,2020-07-28,2020-07-30,2020-07-31,,,,,https://www.seci.co.in/tender-details/ZQ,,Under Evaluation,,,Yes,2000 MW,,,2026-09-12,2026-09-12,,yes,,T-2ff6bbf36dbb,
SECI,RfS for 2000 MW ISTS-connected Wind Power Projects in India (Tranche-IX),Wind,2000.0,,Closed,SECI/C&P/WPD/2000MW/T9/RfS/032020,On Line with e-Reverse Auction,2020-03-20,2020-04-30,2020-07-28,2020-07-30,2020-07-31,,,,,https://www.seci.co.in/tender-details/ZQ,,Under Evaluation,,,Yes,2000 MW,,,,,,yes,,2ff6bbf36dbb,
NTPC,IFB FOR Power Cable Supply Package of Solapur Solar PV Project at Solapur in Maharashtra,Solar,,Maharashtra,Closed,RE-CS-5749-004(PCS)-9,Tender,2020-03-13,,2020-08-07,,2020-08-21,,,,,https://ntpctender.ntpc.co.in/NITDetails/NITs/21449,,Under Evaluation,,,Yes,,,,2026-09-12,2026-09-12,,yes,,T-37508d2d99cf,
SECI,"Selection of Solar Power Developers for Setting up of 10 MW Grid Connected Solar PV Power Project to be installed at Bagru, Jaipur District, Rajasthan under Competitive Bidding",Solar,10.0,Rajasthan,Closed,SECI/C&P/SPD/RfS/10MW SPV/BK-RJ/062020,RfS,2020-06-11,2020-06-22,2020-08-07,2020-08-07,2020-08-07,,,,,https://www.seci.co.in/tender-details/YWY,,Under Evaluation,,,Yes,10 MW,,,2026-09-12,2026-09-12,,yes,,T-124ce37a4a1f,
SECI,"Selection of Solar Power Developers for Setting up of 10 MW Grid Connected Solar PV Power Project to be installed at Bagru, Jaipur District, Rajasthan under Competitive Bidding",Solar,10.0,Rajasthan,Closed,SECI/C&P/SPD/RfS/10MW SPV/BK-RJ/062020,On Line with e-Reverse Auction,2020-06-11,2020-06-22,2020-08-07,2020-08-07,2020-08-07,,,,,https://www.seci.co.in/tender-details/YWY,,Under Evaluation,,,Yes,10 MW,,,,,,yes,,124ce37a4a1f,
NTPC,EPC WITH LAND FOR DEVELOPMENT OF SOLAR PV PROJECTS(Up to 1070 MW) IN RAJASTHAN.,Solar,1070.0,Rajasthan,Closed,RE-CS-5764-004-9,Tender,2020-08-15,,2020-08-31,,2020-09-17,,,,,https://ntpctender.ntpc.co.in/NITDetails/NITs/22217,,Under Evaluation,,,Yes,1070 MW,,,2026-09-12,2026-09-12,,yes,,T-a5253de27e74,
SECI,Tender for 5 MW (AC) grid connected ground based Solar PV Power Plant including 10 years plant O&M at V. O. Chidambarana,Solar,5.0,,Closed,SECI/C&P/NIT/2020/VOCPT5,NIT,2020-07-07,2020-07-20,2020-09-04,2020-09-04,2020-09-04,,,,,https://www.seci.co.in/tender-details/YWU,,Under Evaluation,,,Yes,5 MW,,,2026-09-12,2026-09-12,,yes,,T-7116dca98c98,
SECI,Tender for 5 MW (AC) grid connected ground based Solar PV Power Plant including 10 years plant O&M at V. O. Chidambarana,Solar,5.0,,Closed,SECI/C&P/NIT/2020/VOCPT5,On Line with e-Reverse Auction,2020-07-07,2020-07-20,2020-09-04,2020-09-04,2020-09-04,,,,,https://www.seci.co.in/tender-details/YWU,,Under Evaluation,,,Yes,5 MW,,,,,,yes,,7116dca98c98,
NTPC,"Promoters / Lenders, Authorized Financial Intermediaries of the Power Generation Companies, Independent Power Producers / Developers for Offering Their Operational Solar Based Power Assets Located in India for Possible Acquisition by NTPC.",Solar,,,Closed,RE-CS-ASSET-004-01,Tender,2020-07-24,,2020-09-14,,2020-10-20,,,,,https://ntpctender.ntpc.co.in/NITDetails/NITs/22048,,Under Evaluation,,,Yes,,,,2026-09-12,2026-09-12,,yes,,T-5d7333e9de1a,
NTPC,ENLISTMENT OF EPC VENDORS FOR FLOATING / GROUND MOUNTED SOLAR PV PROJECTS.,Solar,,,Closed,RE-CS-0000-004(F/GM-II)-9,Tender,2020-09-01,,2020-09-16,,2020-09-17,,,,,https://ntpctender.ntpc.co.in/NITDetails/NITs/22267,,Under Evaluation,,,Yes,,,,2026-09-12,2026-09-12,,yes,,T-4604d909cb67,
SECI,"SUPPLY AND INSTALLATION OF AUDIO VISUAL (AV) EQUIPMENTS AT CORPORATE OFFICE COMPLEX OF SOLAR ENERGY CORPORATION OF INDIA LIMITED (SECI) AT NBCC BUILDING, KIDWAI NAGAR (EAST), NEW DELHI",Solar,,Delhi,Closed,SECI/C&P/NIT/AV EQUIP/082020,On Line with e-Reverse Auction,2020-08-10,2020-08-20,2020-09-25,2020-09-25,2020-09-25,,,,,https://www.seci.co.in/tender-details/YWs,,Under Evaluation,,,Yes,,,,,,,yes,,3306e54faad5,
SECI,Request for Selection (RfS) for setting up of 14 MW Solar Power Plants with 42 MWh BESS (7 MW / 21 MWh each at Leh and Kargil) under PMDP,Solar + Storage,14.0,,Closed,SECI/C&P/RfS/PMDP/LK/2020,RfS,2020-01-31,2020-02-17,2020-09-30,2020-09-30,2020-09-30,,,,,https://www.seci.co.in/tender-details/YWM,,Under Evaluation,,,Yes,14 MW,,,2026-09-12,2026-09-12,,yes,,T-eecb36ab7aa0,
SECI,Request for Selection (RfS) for setting up of 14 MW Solar Power Plants with 42 MWh BESS (7 MW / 21 MWh each at Leh and Kargil) under PMDP,Solar + Storage,14.0,,Closed,SECI/C&P/RfS/PMDP/LK/2020,On Line with e-Reverse Auction,2020-01-31,2020-02-17,2020-09-30,2020-09-30,2020-09-30,,,,,https://www.seci.co.in/tender-details/YWM,,Under Evaluation,,,Yes,14 MW,,,,,,yes,,eecb36ab7aa0,
NTPC,MODULE PACKAGE FOR SOLAPUR SOLAR PV PROJECT AT SOLAPUR IN MAHARASTRA.,Solar,,,Closed,RE-CS-5749-004(M)-9(R2),Tender,2020-09-23,,2020-10-09,,2020-10-27,,,,,https://ntpctender.ntpc.co.in/NITDetails/NITs/22330,,Under Evaluation,,,Yes,,,,2026-09-12,2026-09-12,,yes,,T-662deba544cb,
SECI,RfS for Setting up of 1070 MW Grid-Connected Solar PV Power projects in Rajasthan (Tranche-III),Solar,1070.0,Rajasthan,Closed,SECI/C&P/SPD/RfS/RJ-III/072020,RfS,2020-07-16,2020-07-31,2020-10-28,2020-11-02,2020-11-03,,,,,https://www.seci.co.in/tender-details/YWo,,Under Evaluation,,,Yes,1070 MW,,,2026-09-12,2026-09-12,,yes,,T-998e9b3ae144,
SECI,RfS for Setting up of 1070 MW Grid-Connected Solar PV Power projects in Rajasthan (Tranche-III),Solar,1070.0,Rajasthan,Closed,SECI/C&P/SPD/RfS/RJ-III/072020,On Line with e-Reverse Auction,2020-07-16,2020-07-31,2020-10-28,2020-11-02,2020-11-03,,,,,https://www.seci.co.in/tender-details/YWo,,Under Evaluation,,,Yes,1070 MW,,,,,,yes,,998e9b3ae144,
SECI,"Expression of Interest (EOI) for Renewable Energy (RE) based Solutions/ System/ Technology for meeting energy requirements in remote areas (HAA) of Himalayas, India",Unclassified,,,Closed,SECI/SD/EOI/20-21,EOI,2020-09-25,2020-10-05,2020-11-06,2020-11-06,2020-11-09,,,,,https://www.seci.co.in/tender-details/YmA,,Under Evaluation,,,Yes,,,,2026-09-12,2026-09-12,,yes,,T-c83fc5dffc01,
SECI,"Expression of Interest (EOI) for Renewable Energy (RE) based Solutions/ System/ Technology for meeting energy requirements in remote areas (HAA) of Himalayas, India",Unclassified,,,Closed,SECI/SD/EOI/20-21,On Line,2020-09-25,2020-10-05,2020-11-06,2020-11-06,2020-11-09,,,,,https://www.seci.co.in/tender-details/YmA,,Under Evaluation,,,Yes,,,,,,,yes,,c83fc5dffc01,
NTPC,EPC PACKAGE WITH LAND FOR DEVELOPMENT OF ISTS GRID CONNECTED SOLAR PV PROJECTS UP TO 600 MW CAPACITY.,Solar,600.0,,Closed,RE-CS-5762-004-9,Tender,2020-05-26,,2020-11-25,,2020-12-03,,,,,https://ntpctender.ntpc.co.in/NITDetails/NITs/21727,,Under Evaluation,,,Yes,600 MW,,,2026-09-12,2026-09-12,,yes,,T-a034c4a2aee2,
NTPC,ENLISTMENT OF BIDDERS FOR BALANCE OF SYSTEM (BOS) PACKAGE OF SOLAR PV PROJECT OF NTPC LTD.,Solar,,,Closed,NTPC/EOC/9900211460,Tender,2020-11-05,,2020-12-02,,2020-12-03,,,,,https://ntpctender.ntpc.co.in/NITDetails/NITs/22471,,Under Evaluation,,,Yes,,,,2026-09-12,2026-09-12,,yes,,T-8be381527adb,
SECI,RfS for 1200 MW ISTS-connected Wind-Solar Hybrid Power Projects in India (Tranche-III),Wind-Solar Hybrid,1200.0,,Closed,SECI/C&P/HPD/T3/1200MW/RfS/012020,RfS,2020-01-14,2020-01-28,2020-12-07,2020-12-09,2020-12-10,,,,,https://www.seci.co.in/tender-details/YQ,,Under Evaluation,,,Yes,1200 MW,,,2026-09-12,2026-09-12,,yes,,T-566fd0283239,
SECI,RfS for 1200 MW ISTS-connected Wind-Solar Hybrid Power Projects in India (Tranche-III),Wind-Solar Hybrid,1200.0,,Closed,SECI/C&P/HPD/T3/1200MW/RfS/012020,On Line with e-Reverse Auction,2020-01-14,2020-01-28,2020-12-07,2020-12-09,2020-12-10,,,,,https://www.seci.co.in/tender-details/YQ,,Under Evaluation,,,Yes,1200 MW,,,,,,yes,,566fd0283239,
NTPC,Power Cable Supply Package of Solapur Solar PV Project at Solapur in Maharashtra.,Solar,,Maharashtra,Closed,RE-CS-5749-004(PCS)-9(R),Tender,2020-10-16,,2020-12-22,,2020-12-29,,,,,https://ntpctender.ntpc.co.in/NITDetails/NITs/22405,,Under Evaluation,,,Yes,,,,2026-09-12,2026-09-12,,yes,,T-2ae50554818c,
SECI,"Limited tender for Supply of Plex Earth Professional & AutoCAD® Software at Solar Energy Corporation of India Limited, New Delhi",Solar,,Delhi,Closed,SECI/C&P/SOFT/2020,Off Line,2020-12-17,1970-01-01,2020-12-24,2020-12-24,2020-12-28,,,,,https://www.seci.co.in/tender-details/YmY,,Under Evaluation,,,Yes,,,,,,,yes,,7a955b8b64ee,
SECI,"Tender for 100 MW (AC) Solar PV Project (200MWp DC capacity) along with 50MW/150 MWh Battery Energy Storage System having 10 years plant O&M at Rajnandgaon, Chhattisgarh, India",Solar + Storage,100.0,Chhattisgarh,Closed,SECI/C&P/RfB/2020/CG/100/150,Tender,2020-09-11,2020-09-30,2021-01-14,2021-01-14,2021-01-14,,,,,https://www.seci.co.in/tender-details/YmI,,Under Evaluation,,,Yes,100 MW,,,2026-09-12,2026-09-12,,yes,,T-54d2a3f18a68,
SECI,"Tender for 100 MW (AC) Solar PV Project (200MWp DC capacity) along with 50MW/150 MWh Battery Energy Storage System having 10 years plant O&M at Rajnandgaon, Chhattisgarh, India",Solar + Storage,100.0,Chhattisgarh,Closed,SECI/C&P/RfB/2020/CG/100/150,On Line,2020-09-11,2020-09-30,2021-01-14,2021-01-14,2021-01-14,,,,,https://www.seci.co.in/tender-details/YmI,,Under Evaluation,,,Yes,100 MW,,,,,,yes,,54d2a3f18a68,
NTPC,DEVELOPMENT OF ISTS CONNECTED WIND ENERGY PROJECT(S) UP TO CAPACITY OF 300 MW ANYWHERE IN INDIA.,Wind,300.0,,Closed,RE-CS-5914-003-9,Tender,2021-01-11,,2021-01-25,,2021-02-09,,,,,https://ntpctender.ntpc.co.in/NITDetails/NITs/22744,,Under Evaluation,,,Yes,300 MW,,,2026-09-12,2026-09-12,,yes,,T-4e06bed6f1f7,
NTPC,SELECTION OF SOLAR POWER DEVELOPER FOR SETTING UP 190 MW GRID-CONNECTED SOLAR PV POWER PROJECT AT NOKH SOLAR PARK IN RAJASTHAN,Solar,190.0,Rajasthan,Closed,RE-CS-0000-BOO-7,Tender,2021-01-12,,2021-01-27,,2021-02-10,,,,,https://ntpctender.ntpc.co.in/NITDetails/NITs/22751,,Under Evaluation,,,Yes,190 MW,,,2026-09-12,2026-09-12,,yes,,T-ac9dcd99b0a5,
SECI,"RfS for 7500 MW Solar Power Projects in Leh and Kargil, Jammu and Kashmir",Solar,7500.0,Jammu and Kashmir,Closed,SECI/C&P/SPD/RfS/Leh-Kargil/7500MW/122018,RfS,2018-12-31,,2021-01-31,2021-02-02,2021-02-03,,,,,https://www.seci.co.in/tender-details/aQ,,Under Evaluation,,,Yes,7500 MW,,,2026-09-12,2026-09-12,,yes,,T-069167338a56,
SECI,"RfS for 7500 MW Solar Power Projects in Leh and Kargil, Jammu and Kashmir",Solar,7500.0,Jammu and Kashmir,Closed,SECI/C&P/SPD/RfS/Leh-Kargil/7500MW/122018,On Line with e-Reverse Auction,2018-12-31,1970-01-01,2021-01-31,2021-02-02,2021-02-03,,,,,https://www.seci.co.in/tender-details/aQ,,Under Evaluation,,,Yes,7500 MW,,,,,,yes,,069167338a56,
NTPC,NIT for Module Mounting Structure for Solapur Solar PV Project,Solar,,,Closed,RE-CS-5749-004(MMS)-9(R),NIT,2020-12-24,,2021-02-04,,2021-02-04,,,,,https://ntpctender.ntpc.co.in/NITDetails/NITs/22711,,Under Evaluation,,,Yes,,,,2026-09-12,2026-09-12,,yes,,T-998e402a6397,
SECI,RfS for Selection of Wind Power Developers for Setting up of 1200 MW ISTS-connected Wind Power Projects (Tranche-X),Wind,1200.0,,Closed,SECI/C&P/WPD/1200MW/T10/RfS/122020,RfS,2020-12-21,2021-01-08,2021-02-19,2021-02-23,2021-02-24,,,,,https://www.seci.co.in/tender-details/Ymc,,Under Evaluation,,,Yes,1200 MW,,,2026-09-12,2026-09-12,,yes,,T-378fc4a48839,
SECI,RfS for Selection of Wind Power Developers for Setting up of 1200 MW ISTS-connected Wind Power Projects (Tranche-X),Wind,1200.0,,Closed,SECI/C&P/WPD/1200MW/T10/RfS/122020,On Line with e-Reverse Auction,2020-12-21,2021-01-08,2021-02-19,2021-02-23,2021-02-24,,,,,https://www.seci.co.in/tender-details/Ymc,,Under Evaluation,,,Yes,1200 MW,,,,,,yes,,378fc4a48839,
SECI,"RfS for 2500 MW ISTS-connected Solar PV Power Projects at UMREPP, Koppal District, Karnataka (ISTS-X)",Solar,2500.0,Karnataka,Closed,SECI/C&P/SPD/ISTS-X/Koppal-SP/RfS/2500MW/042020,RfS,2020-04-10,,2021-02-26,2021-03-02,2021-03-03,,,,,https://www.seci.co.in/tender-details/YWI,,Under Evaluation,,,Yes,2500 MW,,,2026-09-12,2026-09-12,,yes,,T-e5c0035292e8,
SECI,"RfS for 2500 MW ISTS-connected Solar PV Power Projects at UMREPP, Koppal District, Karnataka (ISTS-X)",Solar,2500.0,Karnataka,Closed,SECI/C&P/SPD/ISTS-X/Koppal-SP/RfS/2500MW/042020,On Line with e-Reverse Auction,2020-04-10,1970-01-01,2021-02-26,2021-03-02,2021-03-03,,,,,https://www.seci.co.in/tender-details/YWI,,Under Evaluation,,,Yes,2500 MW,,,,,,yes,,e5c0035292e8,
SECI,"Tender for 20 MW (AC) Solar PV Power Plant (50 MWp DC) with 20 MW / 50 MWh BESS at Phyang, Leh, UT of Ladakh, India.",Solar + Storage,20.0,Ladakh,Closed,SECI/C&P/TD/2020/LEH/20S/20B,Tender,2020-12-24,2021-01-12,2021-03-10,2021-03-10,2021-03-10,,,,,https://www.seci.co.in/tender-details/YmQ,,Under Evaluation,,,Yes,20 MW,,,2026-09-12,2026-09-12,,yes,,T-05e822c2a54c,
SECI,"Tender for 20 MW (AC) Solar PV Power Plant (50 MWp DC) with 20 MW / 50 MWh BESS at Phyang, Leh, UT of Ladakh, India.",Solar + Storage,20.0,Ladakh,Closed,SECI/C&P/TD/2020/LEH/20S/20B,On Line with e-Reverse Auction,2020-12-24,2021-01-12,2021-03-10,2021-03-10,2021-03-10,,,,,https://www.seci.co.in/tender-details/YmQ,,Under Evaluation,,,Yes,20 MW,,,,,,yes,,05e822c2a54c,
NTPC,SPV MODULE PACKAGE OF ANTA SOLAR PROJECT AT BARAN DISTRICT IN RAJASTHAN,Solar,,Rajasthan,Closed,RE-CS-5730-004(M)-9(R3),Tender,2021-03-30,,2021-04-16,,2021-05-04,,,,,https://ntpctender.ntpc.co.in/NITDetails/NITs/22930,,Under Evaluation,,,Yes,,,,2026-09-12,2026-09-12,,yes,,T-241b70f68db2,
SECI,"Tender for 25 MW (AC) Solar PV Power Plant having 5 years Plant O&M at BCCL, Bhojudih Coal Washery, Purulia District, West Bengal, India",Solar,25.0,West Bengal,Closed,SECI/C&P/TD/2020/BCCL/25S,Tender,2021-01-15,2021-01-29,2021-04-16,2021-04-16,2021-04-16,,,,,https://www.seci.co.in/tender-details/Ymo,,Under Evaluation,,,Yes,25 MW,,,2026-09-12,2026-09-12,,yes,,T-5d09f30aa031,
SECI,"Tender for 25 MW (AC) Solar PV Power Plant having 5 years Plant O&M at BCCL, Bhojudih Coal Washery, Purulia District, West Bengal, India",Solar,25.0,West Bengal,Closed,SECI/C&P/TD/2020/BCCL/25S,On Line with e-Reverse Auction,2021-01-15,2021-01-29,2021-04-16,2021-04-16,2021-04-16,,,,,https://www.seci.co.in/tender-details/Ymo,,Under Evaluation,,,Yes,25 MW,,,,,,yes,,5d09f30aa031,
NTPC,EPC PACKAGE WITH LAND FOR DEVELOPMENT OF GRID CONNECTED SOLAR PV PROJECTS (UPTO 300 MW) IN GUJARAT,Solar,300.0,Gujarat,Closed,RE-CS-5768-004-9,Tender,2021-02-15,,2021-04-17,,2021-04-22,,,,,https://ntpctender.ntpc.co.in/NITDetails/NITs/22852,,Under Evaluation,,,Yes,300 MW,,,2026-09-12,2026-09-12,,yes,,T-17b0ccd6222a,
NTPC,"DEVELOPMENT OF 735 (3x245) MW NOKH SOLAR PROJECT IN RAJASTHAN, INDIA.",Solar,,Rajasthan,Closed,RE-CS-5741-004-9,Tender,2021-01-29,,2021-05-10,,2021-05-18,,,,,https://ntpctender.ntpc.co.in/NITDetails/NITs/22778,,Under Evaluation,,,Yes,,,,2026-09-12,2026-09-12,,yes,,T-578330c02ce9,
NTPC,SCADA AND WMS PACKAGE FOR SOLAPUR SOLAR PV PROJECT IN MAHARASHTRA,Solar,,Maharashtra,Closed,RE-CS-5749-004(SW)-9(R),Tender,2021-04-22,,2021-05-13,,2021-05-20,,,,,https://ntpctender.ntpc.co.in/NITDetails/NITs/23183,,Under Evaluation,,,Yes,,,,2026-09-12,2026-09-12,,yes,,T-aa012b302805,
NTPC,DEVELOPMENT OF ISTS CONNECTED WIND-SOLAR HYBRID POWER PROJECTS UP TO 600 MW ANYWHERE IN INDIA,Wind-Solar Hybrid,600.0,,Closed,RE-CS-5915-004H-9,Tender,2021-04-27,,2021-05-20,,2021-05-31,,,,,https://ntpctender.ntpc.co.in/NITDetails/NITs/23196,,Under Evaluation,,,Yes,600 MW,,,2026-09-12,2026-09-12,,yes,,T-db09cae1338d,
NTPC,HT SWITCHGEAR PACKAGE OF SOLAPUR SOLAR PV PROJECT AT SOLAPUR IN MAHARASHTRA,Solar,,Maharashtra,Closed,RE-CS-5749-004(HT)-9(R),Tender,2021-05-12,,2021-05-26,,2021-06-04,,,,,https://ntpctender.ntpc.co.in/NITDetails/NITs/23226,,Under Evaluation,,,Yes,,,,2026-09-12,2026-09-12,,yes,,T-5380331278e6,
SECI,RfS for Setting up of 1785 MW Grid-Connected Solar PV Power projects in Rajasthan (Tranche-IV),Solar,1785.0,Rajasthan,Closed,SECI/C&P/SPD/RfS/RJ-IV/032021,RfS,2021-03-04,2021-03-19,2021-07-01,2021-07-02,2021-07-05,,,,,https://www.seci.co.in/tender-details/Y2I,,Under Evaluation,,,Yes,1785 MW,,,2026-09-12,2026-09-12,,yes,,T-2bca1dd2f0ad,
SECI,RfS for Setting up of 1785 MW Grid-Connected Solar PV Power projects in Rajasthan (Tranche-IV),Solar,1785.0,Rajasthan,Closed,SECI/C&P/SPD/RfS/RJ-IV/032021,On Line with e-Reverse Auction,2021-03-04,2021-03-19,2021-07-01,2021-07-02,2021-07-05,,,,,https://www.seci.co.in/tender-details/Y2I,,Under Evaluation,,,Yes,1785 MW,,,,,,yes,,2bca1dd2f0ad,
SECI,RfS for Selection of Wind Power Developers for Setting up of 1200 MW ISTS-connected Wind Power Projects (Tranche-XI),Wind,1200.0,,Closed,SECI/C&P/WPD/1200MW/T11/RfS/052021,RfS,2021-05-25,2021-06-03,2021-07-06,2021-07-08,2021-07-09,,,,,https://www.seci.co.in/tender-details/Y2E,,Under Evaluation,,,Yes,1200 MW,,,2026-09-12,2026-09-12,,yes,,T-88409b177112,
SECI,RfS for Selection of Wind Power Developers for Setting up of 1200 MW ISTS-connected Wind Power Projects (Tranche-XI),Wind,1200.0,,Closed,SECI/C&P/WPD/1200MW/T11/RfS/052021,On Line with e-Reverse Auction,2021-05-25,2021-06-03,2021-07-06,2021-07-08,2021-07-09,,,,,https://www.seci.co.in/tender-details/Y2E,,Under Evaluation,,,Yes,1200 MW,,,,,,yes,,88409b177112,
SECI,RfS for setting up of 1200 MW ISTS-Connected Wind-Solar Hybrid Power Projects (Tranche-IV),Wind-Solar Hybrid,1200.0,,Closed,SECI/C&P/HPD/T4/1200MW/RfS/042021,RfS,2021-04-15,2021-04-26,2021-07-16,2021-07-20,2021-07-21,,,,,https://www.seci.co.in/tender-details/Y2A,,Under Evaluation,,,Yes,1200 MW,,,2026-09-12,2026-09-12,,yes,,T-530c4bbf4a68,
SECI,RfS for setting up of 1200 MW ISTS-Connected Wind-Solar Hybrid Power Projects (Tranche-IV),Wind-Solar Hybrid,1200.0,,Closed,SECI/C&P/HPD/T4/1200MW/RfS/042021,On Line with e-Reverse Auction,2021-04-15,2021-04-26,2021-07-16,2021-07-20,2021-07-21,,,,,https://www.seci.co.in/tender-details/Y2A,,Under Evaluation,,,Yes,1200 MW,,,,,,yes,,530c4bbf4a68,
SECI,"Limited Tender for the Procurement of license and subscription for STAAD.PRO software at Solar Energy Corporation of India Limited, New Delhi",Solar,,Delhi,Closed,SECI/C&P/SOFT/STAAD/2021,Tender,2021-07-13,1970-01-01,2021-07-20,2021-07-20,2021-07-21,,,,,https://www.seci.co.in/tender-details/Y2c,,Under Evaluation,,,Yes,,,,,,,yes,,2873dd792e0f,
NTPC,HYDROGEN FUELLING STATION FOR GREEN HYDROGEN MOBILITY PILOT PROJECT IN LEH LADAKH INDIA.,Green Hydrogen / Derivatives,,Ladakh,Closed,RE-CS-NREL-LEH-001,Tender,2021-07-28,,2021-08-13,,2021-08-23,,,,,https://ntpctender.ntpc.co.in/NITDetails/NITs/23450,,Under Evaluation,,,Yes,,,,2026-09-12,2026-09-12,,yes,,T-5ade801d28b3,
SECI,"Selection of Consultancy Firm for Owners Engineer (OE) services for 100 MW (AC) Solar PV Project (160MWp DC capacity) along with 40MW/120 MWh BESS at Rajnandgaon, Chhattisgarh,India",Solar + Storage,100.0,Chhattisgarh,Closed,SECI/C&P/RfP/2020/CG/100/120/OE,RfP,2021-02-05,2021-02-12,2021-08-13,2021-08-13,2021-08-13,,,,,https://www.seci.co.in/tender-details/Yms,,Under Evaluation,,,Yes,100 MW,,,2026-09-12,2026-09-12,,yes,,T-88faead54357,
SECI,"Selection of Consultancy Firm for Owners Engineer (OE) services for 100 MW (AC) Solar PV Project (160MWp DC capacity) along with 40MW/120 MWh BESS at Rajnandgaon, Chhattisgarh,India",Solar + Storage,100.0,Chhattisgarh,Closed,SECI/C&P/RfP/2020/CG/100/120/OE,RfP,2021-02-05,2021-02-12,2021-08-13,2021-08-13,2021-08-13,,,,,https://www.seci.co.in/tender-details/Yms,,Under Evaluation,,,Yes,100 MW,,,,,,yes,,88faead54357,
SECI,"Tender for Operation & Maintenance for 05 (Five) Years of 01 MW Grid Connected Rooftop Solar Power Plant at Port Blair, UT of Andaman & Nicobar Island",Rooftop Solar,1.0,,Closed,SECI/C&P/O&M/A&N/2021/01,Tender,2021-07-20,2021-08-04,2021-08-23,2021-08-23,2021-08-23,,,,,https://www.seci.co.in/tender-details/Y2U,,Under Evaluation,,,Yes,01 MW,,,2026-09-12,2026-09-12,,yes,,T-a04fb656c820,
SECI,"Tender for Operation & Maintenance for 05 (Five) Years of 01 MW Grid Connected Rooftop Solar Power Plant at Port Blair, UT of Andaman & Nicobar Island",Rooftop Solar,1.0,,Closed,SECI/C&P/O&M/A&N/2021/01,Tender,2021-07-20,2021-08-04,2021-08-23,2021-08-23,2021-08-23,,,,,https://www.seci.co.in/tender-details/Y2U,,Under Evaluation,,,Yes,01 MW,,,,,,yes,,a04fb656c820,
SECI,"RfS for Supply of 5000 MW RTC Power from ISTS-connected RE Power Projects, complemented with Coal based Thermal Power in India (RTC-II)",Round-the-Clock / CfD / Trading,5000.0,,Closed,SECI/C&P/RPD/RTC-II/RfS/5000MW/032020,RfS,2020-03-17,,2021-09-03,2021-09-07,2021-09-08,,,,,https://www.seci.co.in/tender-details/Zw,,Under Evaluation,,,Yes,5000 MW,,,2026-09-12,2026-09-12,,yes,,T-5a5e72e722e6,
SECI,"RfS for Supply of 5000 MW RTC Power from ISTS-connected RE Power Projects, complemented with Coal based Thermal Power in India (RTC-II)",Round-the-Clock / CfD / Trading,5000.0,,Closed,SECI/C&P/RPD/RTC-II/RfS/5000MW/032020,RfS,2020-03-17,1970-01-01,2021-09-03,2021-09-07,2021-09-08,,,,,https://www.seci.co.in/tender-details/Zw,,Under Evaluation,,,Yes,5000 MW,,,,,,yes,,5a5e72e722e6,
SECI,Translating Agency/ies to Execute the Translation Work (i.e. English to Hindi and Vice Versa) at Solar Energy Corporation of India Limited,Solar,,,Closed,SECI/C&P/MI/00/0002/2021-22,Tender,2021-08-27,1970-01-01,2021-09-17,2021-09-17,2021-09-17,,,,,https://www.seci.co.in/tender-details/ZGI,,Under Evaluation,,,Yes,,,,,,,yes,,0164f3d25bc7,
NTPC,DEVELOPMENT OF ISTS CONNECTED WIND ENERGY PROJECT(S) UP TO CAPACITY OF 300 MW ANYWHERE IN INDIA.,Wind,300.0,,Closed,RE-CS-5916-003-9,Tender,2021-09-07,,2021-10-01,,2021-10-19,,,,,https://ntpctender.ntpc.co.in/NITDetails/NITs/23547,,Under Evaluation,,,Yes,300 MW,,,2026-09-12,2026-09-12,,yes,,T-8fbdff66adb7,
NTPC,EPC PACKAGE WITH LAND FOR DEVELOPMENT OF ISTS CONNECTED SOLAR PV PROJECTS UPTO 500 MW ANYWHERE IN INDIA.,Solar,500.0,,Closed,RE-CS-5771-004-9,Tender,2021-07-02,,2021-11-16,,2021-11-23,,,,,https://ntpctender.ntpc.co.in/NITDetails/NITs/23363,,Under Evaluation,,,Yes,500 MW,,,2026-09-12,2026-09-12,,yes,,T-b004a658bfd0,
NTPC,BALANCE OF SYSTEM (BOS) PACKAGE FOR DEVELOPMENT OF 735MW (3 BLOCKS OF 245MW EACH) NOKH SOLAR POWER PROJECT.,Solar,735.0,,Closed,RE-CS-5741-004(BOS)-9(R),Tender,2021-10-28,,2021-11-19,,2021-12-01,,,,,https://ntpctender.ntpc.co.in/NITDetails/NITs/23690,,Under Evaluation,,,Yes,735 MW,,,2026-09-12,2026-09-12,,yes,,T-1ede13fbecf6,
NTPC,"Appointment Of Consultant (Including Hiring Of DOE) For Registration, Validation & Verification Exercise For First 05 Years For 200 MW Capacity Of 250 MW Anantpur Solar Power Project (A.P.) Under GCC (Global Carbon Council) Program.",Solar,200.0,,Closed,NTPC/EOC/9900228547,Tender,2021-10-29,,2021-11-24,,2021-11-25,,,,,https://ntpctender.ntpc.co.in/NITDetails/NITs/23698,,Under Evaluation,,,Yes,200 MW,,,2026-09-12,2026-09-12,,yes,,T-3f8659e53df5,
NTPC,Strategic Sourcing Tie-ups of Solar PV Modules for approx.15 GW upto a cumulative period of five (05) years,Solar,,,Closed,NTPC-REL/EOI/01,EOI,2021-10-14,,2021-11-29,,2021-11-30,,,,,https://ntpctender.ntpc.co.in/NITDetails/NITs/23631,,Under Evaluation,,,Yes,,,,2026-09-12,2026-09-12,,yes,,T-9fb53e1f5e47,
SECI,RfS for 1200 MW ISTS-connected Solar PV Projects in Karnataka (ISTS-X),Solar,1200.0,Karnataka,Closed,SECI/C&P/SPD/ISTS-X/RfS/1200 MW/072021,RfS,2021-07-14,2021-07-26,2021-11-30,2021-12-02,2021-12-03,,,,,https://www.seci.co.in/tender-details/Y2Q,,Under Evaluation,,,Yes,1200 MW,,,2026-09-12,2026-09-12,,yes,,T-65be4f1d570f,
SECI,RfS for 1200 MW ISTS-connected Solar PV Projects in Karnataka (ISTS-X),Solar,1200.0,Karnataka,Closed,SECI/C&P/SPD/ISTS-X/RfS/1200 MW/072021,RfS,2021-07-14,2021-07-26,2021-11-30,2021-12-02,2021-12-03,,,,,https://www.seci.co.in/tender-details/Y2Q,,Under Evaluation,,,Yes,1200 MW,,,,,,yes,,65be4f1d570f,
SECI,RfS for Selection of Wind Power Developers for Setting up of 1200 MW ISTS-connected Wind Power Projects (Tranche-XII),Wind,1200.0,,Closed,SECI/C&P/IPP/12/0002/21-22,RfS,2021-10-22,2021-10-01,2021-12-02,2021-12-02,2021-12-06,,,,,https://www.seci.co.in/tender-details/ZGA,,Under Evaluation,,,Yes,1200 MW,,,2026-09-12,2026-09-12,,yes,,T-a99eb73812e0,
SECI,RfS for Selection of Wind Power Developers for Setting up of 1200 MW ISTS-connected Wind Power Projects (Tranche-XII),Wind,1200.0,,Closed,SECI/C&P/IPP/12/0002/21-22,RfS,2021-10-22,2021-10-01,2021-12-02,2021-12-02,2021-12-06,,,,,https://www.seci.co.in/tender-details/ZGA,,Under Evaluation,,,Yes,1200 MW,,,,,,yes,,a99eb73812e0,
NTPC,EPC PACKAGE WITH LAND FOR DEVELOPMENT OF ISTS CONNECTED SOLAR PV PROJECTS (UP TO 1200 MW) IN KARNATAKA.,Solar,1200.0,Karnataka,Closed,RE-CS-5772-004-9,Tender,2021-11-25,,2021-12-10,,2021-12-24,,,,,https://ntpctender.ntpc.co.in/NITDetails/NITs/23762,,Under Evaluation,,,Yes,1200 MW,,,2026-09-12,2026-09-12,,yes,,T-46472d767a7b,
SECI,"Engagement of the agency to provide the services of generation forecasting, load forecasting and liaison works for SECI 10 MW (AC) Solar PV Power Plant at DRDO, Kolar, Karnataka, India",Solar,10.0,Karnataka,Closed,Tender No: SECI/C&P/IPP/11/0001/21-22,Tender,2021-12-10,,2021-12-20,2021-12-20,2021-12-21,,,,,https://www.seci.co.in/tender-details/ZGY,,Under Evaluation,,,Yes,10 MW,,,2026-09-12,2026-09-12,,yes,,T-f0b47448cb25,
SECI,"Engagement of the agency to provide the services of generation forecasting, load forecasting and liaison works for SECI 10 MW (AC) Solar PV Power Plant at DRDO, Kolar, Karnataka, India",Solar,10.0,Karnataka,Closed,Tender No: SECI/C&P/IPP/11/0001/21-22,Tender,2021-12-10,1970-01-01,2021-12-20,2021-12-20,2021-12-21,,,,,https://www.seci.co.in/tender-details/ZGY,,Under Evaluation,,,Yes,10 MW,,,,,,yes,,f0b47448cb25,
NTPC,EPC PACKAGE WITH LAND FOR DEVELOPMENT OF GRID CONNECTED SOLAR PV PROJECTS UPTO 1200 MW IN RAJASTHAN,Solar,1200.0,Rajasthan,Closed,RE-CS-5770-004-9,Tender,2021-04-21,,2021-12-23,,2022-01-06,,,,,https://ntpctender.ntpc.co.in/NITDetails/NITs/23181,,Under Evaluation,,,Yes,1200 MW,,,2026-09-12,2026-09-12,,yes,,T-46432bfe2d46,
SECI,EOI for Sourcing of land for Setting up of Solar PV Projects for Solarization of Agri-feeders in Uttar Pradesh,Solar,,Uttar Pradesh,Closed,SECI/C&P/EOI/11/0001/2021-22,EOI,2021-09-07,2021-09-17,2021-12-23,2021-12-23,2021-12-24,,,,,https://www.seci.co.in/tender-details/ZGM,,Under Evaluation,,,Yes,,,,2026-09-12,2026-09-12,,yes,,T-7409417e8e5c,
SECI,EOI for Sourcing of land for Setting up of Solar PV Projects for Solarization of Agri-feeders in Uttar Pradesh,Solar,,Uttar Pradesh,Closed,SECI/C&P/EOI/11/0001/2021-22,EOI,2021-09-07,2021-09-17,2021-12-23,2021-12-23,2021-12-24,,,,,https://www.seci.co.in/tender-details/ZGM,,Under Evaluation,,,Yes,,,,,,,yes,,7409417e8e5c,
SECI,"Tender for 100 MW (AC) Solar PV Project with Land having 15 years plant O&M at Chhattisgarh, India.",Solar,100.0,Chhattisgarh,Closed,SECI/C&P/TD/2021/CG/100,Tender,2021-07-09,2021-07-23,2021-12-30,2021-12-30,2021-12-30,,,,,https://www.seci.co.in/tender-details/Y2Y,,Under Evaluation,,,Yes,100 MW,,,2026-09-12,2026-09-12,,yes,,T-2c18fa909bfe,
SECI,"Tender for 100 MW (AC) Solar PV Project with Land having 15 years plant O&M at Chhattisgarh, India.",Solar,100.0,Chhattisgarh,Closed,SECI/C&P/TD/2021/CG/100,Tender,2021-07-09,2021-07-23,2021-12-30,2021-12-30,2021-12-30,,,,,https://www.seci.co.in/tender-details/Y2Y,,Under Evaluation,,,Yes,100 MW,,,,,,yes,,2c18fa909bfe,
SECI,RfS for Selection of Hybrid Power Developers for Setting up of 1200 MW ISTS-connected Wind-Solar Hybrid Power Projects (Tranche-V),Wind-Solar Hybrid,1200.0,,Closed,SECI/C&P/IPP/13/0003/21-22,RfS,2021-10-22,2021-11-01,2022-01-04,2022-01-06,2022-01-07,,,,,https://www.seci.co.in/tender-details/ZGE,,Under Evaluation,,,Yes,1200 MW,,,2026-09-12,2026-09-12,,yes,,T-34925f7c8086,
SECI,RfS for Selection of Hybrid Power Developers for Setting up of 1200 MW ISTS-connected Wind-Solar Hybrid Power Projects (Tranche-V),Wind-Solar Hybrid,1200.0,,Closed,SECI/C&P/IPP/13/0003/21-22,RfS,2021-10-22,2021-11-01,2022-01-04,2022-01-06,2022-01-07,,,,,https://www.seci.co.in/tender-details/ZGE,,Under Evaluation,,,Yes,1200 MW,,,,,,yes,,34925f7c8086,
SECI,"15MW Grid Connected Floating Solar PV Power Plant at Nangal Pond, Himachal Pradesh",Floating Solar,15.0,Himachal Pradesh,Closed,SECI/C&P/SPD/RfS/15MW/BBMB/072020,RfS,2020-07-02,2020-07-17,2022-01-07,2022-01-10,2022-01-11,,,,,https://www.seci.co.in/tender-details/YWQ,,Under Evaluation,,,Yes,15 MW,,,2026-09-12,2026-09-12,,yes,,T-5d3d1d5729bb,
SECI,"15MW Grid Connected Floating Solar PV Power Plant at Nangal Pond, Himachal Pradesh",Floating Solar,15.0,Himachal Pradesh,Closed,SECI/C&P/SPD/RfS/15MW/BBMB/072020,RfS,2020-07-02,2020-07-17,2022-01-07,2022-01-10,2022-01-11,,,,,https://www.seci.co.in/tender-details/YWQ,,Under Evaluation,,,Yes,15 MW,,,,,,yes,,5d3d1d5729bb,
SECI,"Tender for 50 MW (AC) Solar PV Project with Land having 10 years plant OnM at Tamilnadu, India",Solar,50.0,,Closed,SECI/C&P/TD/2020/TN/50,Tender,2021-01-06,2021-01-20,2022-02-07,2022-02-07,2022-02-07,,,,,https://www.seci.co.in/tender-details/YmU,,Under Evaluation,,,Yes,50 MW,,,2026-09-12,2026-09-12,,yes,,T-ddbf5100f8ad,
SECI,"Tender for 50 MW (AC) Solar PV Project with Land having 10 years plant OnM at Tamilnadu, India",Solar,50.0,,Closed,SECI/C&P/TD/2020/TN/50,Tender,2021-01-06,2021-01-20,2022-02-07,2022-02-07,2022-02-07,,,,,https://www.seci.co.in/tender-details/YmU,,Under Evaluation,,,Yes,50 MW,,,,,,yes,,ddbf5100f8ad,
NTPC,"Balance of System Package for 325 MW Solar Project(s) in Shajapur Solar Park, Madhya-Pradesh.",Solar,325.0,,Closed,RE-CS-5773-004-9,Tender,2021-12-16,,2022-02-25,,2022-03-10,,,,,https://ntpctender.ntpc.co.in/NITDetails/NITs/23831,,Under Evaluation,,,Yes,325 MW,,,2026-09-12,2026-09-12,,yes,,T-b73faee82786,
NTPC,Selection of Solar Power Developers for Setting up 1000 MW ISTS - Connected Solar PV Power Projects Anywhere in India,Solar,1000.0,,Closed,RE-CS-0000-BOO-8,Tender,2021-04-15,,2022-02-25,,2022-03-02,,,,,https://ntpctender.ntpc.co.in/NITDetails/NITs/23172,,Under Evaluation,,,Yes,1000 MW,,,2026-09-12,2026-09-12,,yes,,T-8e3a545ed34a,
SECI,"Design, Engineering, Supply, Construction, Erection, Testing & Commissioning of 5 MW (AC) grid connected ground based Solar PV Power Plant with 10 years Plant O&M at V.O. Chidambaranar Port Trust",Solar,5.0,,Closed,Tender No. SECI/C&P/PMC/11/0001/2021-22,Tender,2021-12-27,2022-01-11,2022-02-25,2022-02-25,2022-02-25,,,,,https://www.seci.co.in/tender-details/ZGc,,Under Evaluation,,,Yes,5 MW,,,2026-09-12,2026-09-12,,yes,,T-c3748d37b9db,
SECI,"Design, Engineering, Supply, Construction, Erection, Testing & Commissioning of 5 MW (AC) grid connected ground based Solar PV Power Plant with 10 years Plant O&M at V.O. Chidambaranar Port Trust",Solar,5.0,,Closed,Tender No. SECI/C&P/PMC/11/0001/2021-22,Tender,2021-12-27,2022-01-11,2022-02-25,2022-02-25,2022-02-25,,,,,https://www.seci.co.in/tender-details/ZGc,,Under Evaluation,,,Yes,5 MW,,,,,,yes,,c3748d37b9db,
NTPC,BALANCE OF SYSTEM PACKAGE WITH LAND FOR 300MW ISTS CONNECTED SOLAR PROJECT(S) ANYWHERE IN INDIA.,Solar,300.0,,Closed,NRE-CS-5775-004-9,Tender,2022-01-24,,2022-02-28,,2022-03-11,,,,,https://ntpctender.ntpc.co.in/NITDetails/NITs/23963,,Under Evaluation,,,Yes,300 MW,,,2026-09-12,2026-09-12,,yes,,T-eacd77e62ed2,
NTPC,DEVELOPMENT PACKAGE (BOS WITH LAND) OF ISTS CONNECTED WIND ENERGY PROJECT(S) UP TO CAPACITY OF 720 MW ANYWHERE IN INDIA.,Wind,720.0,,Closed,NRE-CS-5918-003(D)-9,Tender,2022-01-24,,2022-03-01,,2022-03-15,,,,,https://ntpctender.ntpc.co.in/NITDetails/NITs/23961,,Under Evaluation,,,Yes,720 MW,,,2026-09-12,2026-09-12,,yes,,T-357ba8a91f7b,
NTPC,Invitation for Bids (IFB) for 150 MW ISTS Connected Wind Energy Project (S) Anywhere in India.,Wind,150.0,,Closed,NRE-CS-5917-003-9,Tender,2022-01-21,,2022-03-01,,2022-03-10,,,,,https://ntpctender.ntpc.co.in/NITDetails/NITs/23957,,Under Evaluation,,,Yes,150 MW,,,2026-09-12,2026-09-12,,yes,,T-df1323d2d006,
NTPC,INVITATION FOR BIDS (IFB) FOR LAND AND EHV TRANSMISSION SYSTEM PACKAGE FOR DEVELOPMENT OF 500MW STU CONNECTED SOLAR PV PROJECTS IN RAJASTHAN.,Solar,500.0,Rajasthan,Closed,RE-CS-5778-004(L)-9,Tender,2022-02-23,,2022-03-09,,2022-03-21,,,,,https://ntpctender.ntpc.co.in/NITDetails/NITs/24083,,Under Evaluation,,,Yes,500 MW,,,2026-09-12,2026-09-12,,yes,,T-2f4e5ec41e99,
NTPC,Appointment of Consultant (including hiring of DOE) for 03rd Verification of VCS Registered Solar & Wind RE Power Projects for a period from 01-10-2020 to 31-12-2021,Solar,,,Closed,NTPC/EOC/9900233667,Tender,2022-02-11,,2022-03-09,,2022-03-10,,,,,https://ntpctender.ntpc.co.in/NITDetails/NITs/24032,,Under Evaluation,,,Yes,,,,2026-09-12,2026-09-12,,yes,,T-077d52b1b17c,
NTPC,"Expression of Interest for shortlisting suitable land banks/land parcels from Private Landowners/ Farmers/ Co-operative Societies /Land Aggregators /SPVs/ Companies for setting up Wind Energy Projects in states Rajasthan, Maharashtra, Gujarat, Karnataka, Andhra Pradesh, Tamil Nadu & Madhya Pradesh in India.",Wind,,Andhra Pradesh,Closed,NTPC-REL/EOI/03,EOI,2022-03-03,,2022-03-30,,,,,,,https://ntpctender.ntpc.co.in/NITDetails/NITs/24110,,Under Evaluation,,,Yes,,,,2026-09-12,2026-09-12,,yes,,T-0e83bb29a20c,
SECI,"Design, Engineering, Supply, Construction, Erection, Testing & Commissioning of 5 MW(AC)grid connected saffron based Agro-Solar PV Power Plant with 10 years O&M at Pampore, Pulwama, J&K, India",Solar,5.0,Jammu and Kashmir,Closed,SECI/C&P/PMC/11/0002/2021-22,Tender,2022-03-04,2022-03-15,2022-05-17,2022-05-17,2022-05-17,,,,,https://www.seci.co.in/tender-details/ZWM,,Under Evaluation,,,Yes,5 MW,,,2026-09-12,2026-09-12,,yes,,T-fccb9a8c8ab9,
SECI,"Tender for Design, Engineering, Supply, Construction, Erection, Testing & Commissioning of 44 MW (AC) ground based Solar PV Power Plant at different sites including 10 years plant O&M at SCCL, Telanga",Solar,44.0,,Closed,SECI/C&P/PMC/11/0003/2021-22,Tender,2022-03-29,2022-04-08,2022-05-17,2022-05-17,2022-05-17,,,,,https://www.seci.co.in/tender-details/ZWE,,Under Evaluation,,,Yes,44 MW,,,2026-09-12,2026-09-12,,yes,,T-f6f612cd83e0,
SECI,"Design, Engineering, Supply, Construction, Erection, Testing & Commissioning of 5 MW(AC)grid connected saffron based Agro-Solar PV Power Plant with 10 years O&M at Pampore, Pulwama, J&K, India",Solar,5.0,Jammu and Kashmir,Closed,SECI/C&P/PMC/11/0002/2021-22,Tender,2022-03-04,2022-03-15,2022-05-17,2022-05-17,2022-05-17,,,,,https://www.seci.co.in/tender-details/ZWM,,Under Evaluation,,,Yes,5 MW,,,,,,yes,,fccb9a8c8ab9,
SECI,"Tender for Design, Engineering, Supply, Construction, Erection, Testing & Commissioning of 44 MW (AC) ground based Solar PV Power Plant at different sites including 10 years plant O&M at SCCL, Telanga",Solar,44.0,,Closed,SECI/C&P/PMC/11/0003/2021-22,Tender,2022-03-29,2022-04-08,2022-05-17,2022-05-17,2022-05-17,,,,,https://www.seci.co.in/tender-details/ZWE,,Under Evaluation,,,Yes,44 MW,,,,,,yes,,f6f612cd83e0,
NTPC,SELECTION OF DEVELOPERS FOR ISTS CONNECTED ENERGY STORAGE SOLUTIONS OF 3000MWH WITH 500MW (min) CAPACITY Anywhere in India.,Unclassified,500.0,,Closed,NRE-CS-0000-SER-1,Tender,2022-01-24,,2022-06-11,,2022-06-30,,,,,https://ntpctender.ntpc.co.in/NITDetails/NITs/23962,,Under Evaluation,,,Yes,500 MW,,,2026-09-12,2026-09-12,,yes,,T-7d612748798b,
SECI,"RfS for Setting up of 25kW Green Hydrogen-based Pilot Project at SNM Hospital, Leh, UT of Ladakh",Green Hydrogen / Derivatives,0.025,Ladakh,Closed,SECI/C&P/IPP/17/0005/21-22,RfS,2022-02-07,2022-02-25,2022-06-14,2022-06-16,2022-06-17,,,,,https://www.seci.co.in/tender-details/ZGs,,Under Evaluation,,,Yes,25 kW,,,2026-09-12,2026-09-12,,yes,,T-32749334772f,
SECI,"RfS for Setting up of 25kW Green Hydrogen-based Pilot Project at SNM Hospital, Leh, UT of Ladakh",Green Hydrogen / Derivatives,0.025,Ladakh,Closed,SECI/C&P/IPP/17/0005/21-22,RfS,2022-02-07,2022-02-25,2022-06-14,2022-06-16,2022-06-17,,,,,https://www.seci.co.in/tender-details/ZGs,,Under Evaluation,,,Yes,25 kW,,,,,,yes,,32749334772f,
NTPC,100 MW STU-CONNECTED WIND ENERGY PROJECT(S) ANYWHERE IN MADHYA PRADESH.,Wind,100.0,Madhya Pradesh,Closed,NRE-CS-5919-003-9,Tender,2022-05-27,,2022-06-20,,2022-07-08,,,,,https://ntpctender.ntpc.co.in/NITDetails/NITs/24507,,Under Evaluation,,,Yes,100 MW,,,2026-09-12,2026-09-12,,yes,,T-c4da5bef4fda,
NTPC,EPC PACKAGE WITH LAND FOR STU GRID CONNECTED SOLAR PV PROJECTS (UPTO 200MW) IN MADHYA PRADESH.,Solar,200.0,Madhya Pradesh,Closed,NRE-CS-5780-004-9,Tender,2022-06-02,,2022-06-22,,2022-07-08,,,,,https://ntpctender.ntpc.co.in/NITDetails/NITs/24541,,Under Evaluation,,,Yes,200 MW,,,2026-09-12,2026-09-12,,yes,,T-a6b2d538221c,
NTPC,"BALANCE OF SYSTEM PACKAGE FOR 1255 MW SOLAR PV PROJECT(S) AT KHAVDA RE POWER PARK, RANN OF KUTCH, GUJARAT (3*315MW+1*310MW)",Solar,1255.0,Gujarat,Closed,NRE-CS-5779-004(BOS)-9,Tender,2022-06-02,,2022-06-22,,2022-07-06,,,,,https://ntpctender.ntpc.co.in/NITDetails/NITs/24537,,Under Evaluation,,,Yes,1255 MW,,,2026-09-12,2026-09-12,,yes,,T-dd471025347e,
SECI,"Open Tender For Engagement of an agency for Fitting and Installation of outdoor display board pertaining to PM-KUSUM Scheme/Rooftop Projects At District, Block and Panchayat Level of Tamil Nadu and Od",Rooftop Solar,,Tamil Nadu,Closed,SECI/C&P/MI/00/0004/2021-22,Tender,2022-05-18,,2022-06-22,2022-06-22,2022-06-22,,,,,https://www.seci.co.in/tender-details/ZWo,,Under Evaluation,,,Yes,,,,2026-09-12,2026-09-12,,yes,,T-716463ee7e38,
SECI,"Open Tender For Engagement of an agency for Fitting and Installation of outdoor display board pertaining to PM-KUSUM Scheme/Rooftop Projects At District, Block and Panchayat Level of Tamil Nadu and Od",Rooftop Solar,,Tamil Nadu,Closed,SECI/C&P/MI/00/0004/2021-22,Tender,2022-05-18,1970-01-01,2022-06-22,2022-06-22,2022-06-22,,,,,https://www.seci.co.in/tender-details/ZWo,,Under Evaluation,,,Yes,,,,,,,yes,,716463ee7e38,
NTPC,"POWER TRANSFORMER SUPPLY PACKAGE-I (NORTH BLOCK) UNDER DEVELOPMENT OF 4750MW SOLAR PARK AT KHAVDA, GUJARAT",Solar,4750.0,Gujarat,Closed,NRE-CS-5779-004(TRF1)-9,Tender,2022-05-10,,2022-06-23,,2022-07-05,,,,,https://ntpctender.ntpc.co.in/NITDetails/NITs/24436,,Under Evaluation,,,Yes,4750 MW,,,2026-09-12,2026-09-12,,yes,,T-018adabb0d45,
SECI,"Hiring of Rental Commercial Vehicles purely based on as and when required to be taken on Daily Rental basis for Official Travel Requirements at Solar Energy Corporation of India Limited, New Delhi, In",Solar,,Delhi,Closed,GEM/2022/B/2225359,Tender,2022-06-01,2022-06-10,2022-06-23,2022-06-23,2022-06-23,,,,,https://www.seci.co.in/tender-details/ZmM,,Under Evaluation,,,Yes,,,,,,,yes,,c0d4bff3b7ac,
SECI,"Hiring of Rental Commercial Vehicles to be taken on Monthly Rental basis for Official Travel Requirements at Solar Energy Corporation of India Limited, New Delhi, India through GeM",Solar,,Delhi,Closed,GEM/2022/B/2225248,Tender,2022-06-01,2022-06-10,2022-06-23,2022-06-23,2022-06-23,,,,,https://www.seci.co.in/tender-details/ZmA,,Under Evaluation,,,Yes,,,,,,,yes,,bf0530e4277a,
NTPC,"BALANCE OF SYSTEM PACKAGE (EXCLUDING LAND & TRANSMISSION SYSTEM) OF 500 MW STU CONNECTED SOLAR PV PROJECT AT BHADLA, RAJASTHAN.",Solar,500.0,Rajasthan,Closed,NRE-CS-5778-004(BOS)-9,Tender,2022-06-10,,2022-06-27,,2022-07-14,,,,,https://ntpctender.ntpc.co.in/NITDetails/NITs/24564,,Under Evaluation,,,Yes,500 MW,,,2026-09-12,2026-09-12,,yes,,T-159554c06610,
NTPC,EPC PACKAGE WITH LAND FOR DEVELOPMENT OF ISTS CONNECTED SOLAR PV PROJECTS (UPTO 600 MW) ANYWHERE IN INDIA.,Solar,600.0,,Closed,NRE-CS-5781-004-9,Tender,2022-06-02,,2022-06-27,,2022-07-14,,,,,https://ntpctender.ntpc.co.in/NITDetails/NITs/24538,,Under Evaluation,,,Yes,600 MW,,,2026-09-12,2026-09-12,,yes,,T-5846c1b846de,
SECI,"Tender for Design, Engineering, Supply, Construction, Erection, Testing, Commissioning and O&M of 22 MW (AC) OB Dump based Solar PV Power Plant at RG OC 1",Solar,22.0,,Closed,SECI/C&P/PMC/11/0001/2022-23,Tender,2022-05-18,2022-05-25,2022-06-29,2022-06-29,2022-06-29,,,,,https://www.seci.co.in/tender-details/ZWU,,Under Evaluation,,,Yes,22 MW,,,2026-09-12,2026-09-12,,yes,,T-032d5bc17b80,
SECI,"Tender for Design, Engineering, Supply, Construction, Erection, Testing, Commissioning and O&M of 22 MW (AC) OB Dump based Solar PV Power Plant at RG OC 1",Solar,22.0,,Closed,SECI/C&P/PMC/11/0001/2022-23,Tender,2022-05-18,2022-05-25,2022-06-29,2022-06-29,2022-06-29,,,,,https://www.seci.co.in/tender-details/ZWU,,Under Evaluation,,,Yes,22 MW,,,,,,yes,,032d5bc17b80,
SECI,"Design, Engineering, Supply, Construction, Erection, Testing & Commissioning of 100 MW (AC) Floating Solar PV Project having 10 years plant O&M at Getalsud Dam, Ranchi, Jharkhand, India",Floating Solar,100.0,Jharkhand,Closed,SECI/C&P/OP/17/002/21-22,Tender,2022-02-15,2022-02-25,2022-06-30,2022-06-30,2022-06-30,,,,,https://www.seci.co.in/tender-details/ZWI,,Under Evaluation,,,Yes,100 MW,,,2026-09-12,2026-09-12,,yes,,T-20fef13eecc1,
SECI,"Design, Engineering, Supply, Construction, Erection, Testing & Commissioning of 100 MW (AC) Floating Solar PV Project having 10 years plant O&M at Getalsud Dam, Ranchi, Jharkhand, India",Floating Solar,100.0,Jharkhand,Closed,SECI/C&P/OP/17/002/21-22,Tender,2022-02-15,2022-02-25,2022-06-30,2022-06-30,2022-06-30,,,,,https://www.seci.co.in/tender-details/ZWI,,Under Evaluation,,,Yes,100 MW,,,,,,yes,,20fef13eecc1,
SECI,RfS for Selection of Wind Power Developers for Setting up of 1200 MW ISTS-connected Wind Power Projects (Tranche-XIII),Wind,1200.0,,Closed,SECI/C&P/IPP/12/0006/21-22,RfS,2022-01-12,2022-01-21,2022-07-04,2022-07-06,2022-07-07,,,,,https://www.seci.co.in/tender-details/ZGU,,Under Evaluation,,,Yes,1200 MW,,,2026-09-12,2026-09-12,,yes,,T-1b30daa21ab6,
SECI,RfS for Selection of Wind Power Developers for Setting up of 1200 MW ISTS-connected Wind Power Projects (Tranche-XIII),Wind,1200.0,,Closed,SECI/C&P/IPP/12/0006/21-22,RfS,2022-01-12,2022-01-21,2022-07-04,2022-07-06,2022-07-07,,,,,https://www.seci.co.in/tender-details/ZGU,,Under Evaluation,,,Yes,1200 MW,,,,,,yes,,1b30daa21ab6,
SECI,"Tender for Design, Supply, Installation & Commissioning with 5 Years Warranty Support of Controller Based Wi-Fi Network at Solar Energy Corporation of India Limited, New Delhi through GeM",Solar,,Delhi,Closed,GEM/2022/B/2302458,Tender,2022-06-29,2022-07-04,2022-07-09,2022-07-09,2022-07-09,,,,,https://www.seci.co.in/tender-details/Zms,,Under Evaluation,,,Yes,,,,,,,yes,,1d898d272463,
NTPC,BALANCE OF SYSTEM PACKAGE OF ISTS CONNECTED WIND ENERGY PROJECT(S) UP TO 720 MW CAPACITY ANYWHERE IN INDIA.,Wind,720.0,,Closed,NRE-CS-5918-003(D)-9R,Tender,2022-06-17,,2022-07-13,,2022-07-19,,,,,https://ntpctender.ntpc.co.in/NITDetails/NITs/24592,,Under Evaluation,,,Yes,720 MW,,,2026-09-12,2026-09-12,,yes,,T-21a1d155e088,
NTPC,SPV MODULE PACKAGE OF NOKH SOLAR PV PROJECT AT NOKH IN RAJASTHAN.,Solar,,Rajasthan,Closed,RE-CS-5741-004(M)-9,Tender,2022-07-01,,2022-07-18,,2022-07-28,,,,,https://ntpctender.ntpc.co.in/NITDetails/NITs/24636,,Under Evaluation,,,Yes,,,,2026-09-12,2026-09-12,,yes,,T-a9082fa10416,
NTPC,BALANCE OF SYSTEM PACKAGE WITH LAND FOR ISTS CONNECTED SOLAR PROJECTS (UPTO 1000MW) ANYWHERE IN INDIA.,Solar,1000.0,,Closed,NRE-CS-5774-004-9,Tender,2022-01-01,,2022-07-18,,2022-08-01,,,,,https://ntpctender.ntpc.co.in/NITDetails/NITs/23888,,Under Evaluation,,,Yes,1000 MW,,,2026-09-12,2026-09-12,,yes,,T-3b2c0083bc35,
NTPC,SPV MODULE PACKAGE OF ANTA SOLAR PV PROJECT AT BARAN DISTRICT IN RAJASTHAN.,Solar,,Rajasthan,Closed,RE-CS-5730-004(M)-9R4,Tender,2022-06-27,,2022-07-19,,2022-07-28,,,,,https://ntpctender.ntpc.co.in/NITDetails/NITs/24617,,Under Evaluation,,,Yes,,,,2026-09-12,2026-09-12,,yes,,T-3f73f8941ef0,
NTPC,EPC PACKAGE WITH LAND FOR DEVELOPMENT OF STU CONNECTED SOLAR PV PROJECTS (UPTO 300MW) IN GUJARAT,Solar,300.0,Gujarat,Closed,NRE-CS-5776-004-9,Tender,2022-05-31,,2022-07-25,,2022-09-06,,,,,https://ntpctender.ntpc.co.in/NITDetails/NITs/24529,,Under Evaluation,,,Yes,300 MW,,,2026-09-12,2026-09-12,,yes,,T-d2e5e4e13e9f,
SECI,Request for Selection (RfS) Document for setting up of Pilot Projects of 500 MW/1000MWh Standalone Battery Energy Storage Systems in India under Tariff-Based Global Competitive Bidding (ESS-I),Energy Storage (BESS),500.0,,Closed,SECI/C&P/IPP/15/0001/22-23,RfS,2022-04-13,2022-05-06,2022-07-29,2022-08-02,2022-08-03,,,,,https://www.seci.co.in/tender-details/ZWY,,Under Evaluation,,,Yes,500 MW,,,2026-09-12,2026-09-12,,yes,,T-d20ef432404a,
SECI,"Tender for the Manufacturing, Testing, Packing and Forwarding, Supply and Transportation of 1680 MWp Domestically Manufactured Solar PV Modules with Domestically Manufactured Solar Cells.",Solar,1680.0,,Closed,SECI/C&P/OP/11/0001/2022-23,Tender,2022-06-29,2022-07-08,2022-07-29,2022-07-29,2022-07-29,,,,,https://www.seci.co.in/tender-details/ZmU,,Under Evaluation,,,Yes,1680 MWp,,,2026-09-12,2026-09-12,,yes,,T-d2a00c098b6d,
SECI,Request for Selection (RfS) Document for setting up of Pilot Projects of 500 MW/1000MWh Standalone Battery Energy Storage Systems in India under Tariff-Based Global Competitive Bidding (ESS-I),Energy Storage (BESS),500.0,,Closed,SECI/C&P/IPP/15/0001/22-23,RfS,2022-04-13,2022-05-06,2022-07-29,2022-08-02,2022-08-03,,,,,https://www.seci.co.in/tender-details/ZWY,,Under Evaluation,,,Yes,500 MW,,,,,,yes,,d20ef432404a,
SECI,"Tender for the Manufacturing, Testing, Packing and Forwarding, Supply and Transportation of 1680 MWp Domestically Manufactured Solar PV Modules with Domestically Manufactured Solar Cells.",Solar,1680.0,,Closed,SECI/C&P/OP/11/0001/2022-23,Tender,2022-06-29,2022-07-08,2022-07-29,2022-07-29,2022-07-29,,,,,https://www.seci.co.in/tender-details/ZmU,,Under Evaluation,,,Yes,1680 MWp,,,,,,yes,,d2a00c098b6d,
SECI,"Tender for setting up of grid connected 30 MW Floating Solar PV (FSPV) Plants on Raw Water Reservoirs of DVC Thermal Power Plants at Koderma, Mejia and Raghunathpur Thermal Power stations.",Floating Solar,30.0,,Closed,SECI/C&P/PMC/11/0002/2022-23,Tender,2022-06-17,2022-06-28,2022-08-01,2022-08-01,2022-08-01,,,,,https://www.seci.co.in/tender-details/ZmY,,Under Evaluation,,,Yes,30 MW,,,2026-09-12,2026-09-12,,yes,,T-bc24acf73cdf,
SECI,"Tender for setting up of grid connected 30 MW Floating Solar PV (FSPV) Plants on Raw Water Reservoirs of DVC Thermal Power Plants at Koderma, Mejia and Raghunathpur Thermal Power stations.",Floating Solar,30.0,,Closed,SECI/C&P/PMC/11/0002/2022-23,Tender,2022-06-17,2022-06-28,2022-08-01,2022-08-01,2022-08-01,,,,,https://www.seci.co.in/tender-details/ZmY,,Under Evaluation,,,Yes,30 MW,,,,,,yes,,bc24acf73cdf,
NTPC,POWER EVACUATION INFRASTRUCTURE PACKAGE-1(NORTH BLOCK) UNDER DEVELOPMENT OF 4750MW KHAVDA SOLAR PARK.,Transmission / Evacuation,4750.0,,Closed,NRE-CS-5779-004(EVC1)-9,Tender,2022-06-02,,2022-08-02,,2022-08-17,,,,,https://ntpctender.ntpc.co.in/NITDetails/NITs/24542,,Under Evaluation,,,Yes,4750 MW,,,2026-09-12,2026-09-12,,yes,,T-a9ca3ef0c16a,
NTPC,Development of ISTS Connected 250 MW/500 MWh Standalone Battery Energy Storage System.,Energy Storage (BESS),250.0,,Closed,NRE-CS-5777-005-9,Tender,2022-04-27,,2022-08-08,,2022-08-26,,,,,https://ntpctender.ntpc.co.in/NITDetails/NITs/24382,,Under Evaluation,,,Yes,250 MW,,,2026-09-12,2026-09-12,,yes,,T-0760cff9bd32,
NTPC,EPC PACKAGE FOR DEVELOPMENT OF 10MW/40MWh BATTERY ENERGY STORAGE SYSTEM (BESS) AT NTPC RAMAGUNDAM,Energy Storage (BESS),10.0,,Closed,RE-CS-5747-004(B)-9,Tender,2022-04-13,,2022-08-10,,2022-08-25,,,,,https://ntpctender.ntpc.co.in/NITDetails/NITs/24339,,Under Evaluation,,,Yes,10 MW,,,2026-09-12,2026-09-12,,yes,,T-ab420c514a25,
SECI,"RfS for Selection of Charging Station Operator (CSO) for Supply, Erection, Testing, Commissioning, O&M of 1 EV Captive Charging Station in the premises of NCRTC, INA (EV-I)",Unclassified,,,Closed,SECI/C&P/OP/17/002/22-23,RfS,2022-06-24,2022-07-08,2022-08-10,2022-08-12,2022-08-16,,,,,https://www.seci.co.in/tender-details/ZmQ,,Under Evaluation,,,Yes,,,,2026-09-12,2026-09-12,,yes,,T-86d2f5943bc0,
SECI,"RfS for Selection of Charging Station Operator (CSO) for Supply, Erection, Testing, Commissioning, O&M of 1 EV Captive Charging Station in the premises of NCRTC, INA (EV-I)",Unclassified,,,Closed,SECI/C&P/OP/17/002/22-23,RfS,2022-06-24,2022-07-08,2022-08-10,2022-08-12,2022-08-16,,,,,https://www.seci.co.in/tender-details/ZmQ,,Under Evaluation,,,Yes,,,,,,,yes,,86d2f5943bc0,
NTPC,CONSTRUCTION POWER PACKAGE USING SOLAR PV SYSTEM FOR NTPC RELs KHAVDA RE PARK.,Solar,,,Closed,NRE-CS-5779-004(CP1)-9,Tender,2022-08-01,,2022-09-05,,2022-09-21,,,,,https://ntpctender.ntpc.co.in/NITDetails/NITs/24719,,Under Evaluation,,,Yes,,,,2026-09-12,2026-09-12,,yes,,T-bd05948ff015,
SECI,"Operation & Maintenance contract including Insurance for 05 (Five) Years of 01 MW Grid Connected Rooftop Solar PV Power Project at Port Blair, UT of Andaman & Nicobar, India",Rooftop Solar,1.0,,Closed,SECI/C&P/OP/14/003/2022-23,Tender,2022-09-22,2022-09-30,2022-10-21,2022-10-21,2022-10-21,,,,,https://www.seci.co.in/tender-details/Z2M,,Under Evaluation,,,Yes,01 MW,,,2026-09-12,2026-09-12,,yes,,T-eeeea6263f81,
SECI,"Operation & Maintenance contract including Insurance for 05 (Five) Years of 01 MW Grid Connected Rooftop Solar PV Power Project at Port Blair, UT of Andaman & Nicobar, India",Rooftop Solar,1.0,,Closed,SECI/C&P/OP/14/003/2022-23,Tender,2022-09-22,2022-09-30,2022-10-21,2022-10-21,2022-10-21,,,,,https://www.seci.co.in/tender-details/Z2M,,Under Evaluation,,,Yes,01 MW,,,,,,yes,,eeeea6263f81,
SECI,"RfS for Selection of Project Developer for Setting up of 8 MW Grid-Connected Waste to Energy Project in Kanpur, Uttar Pradesh, India under Tariff-Based Competitive Bidding (WTE-1)",Biomass / WtE,8.0,Uttar Pradesh,Closed,SECI/C&P/IPP/17/0008/21-22,RfS,2021-12-31,2022-01-21,2022-12-07,2022-12-09,2022-12-12,,,,,https://www.seci.co.in/tender-details/ZGQ,,Under Evaluation,,,Yes,8 MW,,,2026-09-12,2026-09-12,,yes,,T-6ebd3aebd49e,
SECI,"RfS for Selection of Project Developer for Setting up of 8 MW Grid-Connected Waste to Energy Project in Kanpur, Uttar Pradesh, India under Tariff-Based Competitive Bidding (WTE-1)",Biomass / WtE,8.0,Uttar Pradesh,Closed,SECI/C&P/IPP/17/0008/21-22,RfS,2021-12-31,2022-01-21,2022-12-07,2022-12-09,2022-12-12,,,,,https://www.seci.co.in/tender-details/ZGQ,,Under Evaluation,,,Yes,8 MW,,,,,,yes,,6ebd3aebd49e,
NTPC,SELECTION OF ELECTROLYSER TECHNOLOGY PROVIDER(S) FOR PARTICIPATING IN THE UPCOMING TENDERS ON GREEN HYDROGEN,Green Hydrogen / Derivatives,,,Closed,NRE-CS-5851-004-9,Tender,2022-06-02,,2022-12-13,,2022-12-21,,,,,https://ntpctender.ntpc.co.in/NITDetails/NITs/24539,,Under Evaluation,,,Yes,,,,2026-09-12,2026-09-12,,yes,,T-cf8f42108fa3,
NTPC,"Supply of Solar PV Module for 325 MW Solar Project(s) in Shajapur Solar Park, Madhya-Pradesh.",Solar,325.0,,Closed,NRE-CS-5773(M)-004-9,Tender,2022-11-18,,2022-12-28,,2023-01-17,,,,,https://ntpctender.ntpc.co.in/NITDetails/NITs/25074,,Under Evaluation,,,Yes,325 MW,,,2026-09-12,2026-09-12,,yes,,T-255a03e734ca,
NTPC,"Battery Energy Storage System (Bess) for Solar PV Based Construction Power at NTPC RELs Khavda RE Park, RANN of Kutch, Gujarat",Solar + Storage,,Gujarat,Closed,NRE-CS-5779-004(CP2)-9,Tender,2022-11-25,,2022-12-29,,2023-01-09,,,,,https://ntpctender.ntpc.co.in/NITDetails/NITs/25113,,Under Evaluation,,,Yes,,,,2026-09-12,2026-09-12,,yes,,T-72e9757e3882,
NTPC,"Balance of System (BOS) Package for 1200MW Solar PV Project (S) at Khavda Re Power Park, RANN of Kutch, Gujarat (4x300MW).",Solar,1200.0,Gujarat,Closed,NRE-CS-5779-004(BOS-2)-9,Tender,2022-11-24,,2022-12-29,,2023-01-09,,,,,https://ntpctender.ntpc.co.in/NITDetails/NITs/25109,,Under Evaluation,,,Yes,1200 MW,,,2026-09-12,2026-09-12,,yes,,T-d9cb50fe38e5,
SECI,"Operation & Maintenance contract including Insurance for 05 (Five) Years of 10 MW Ground Mounted Solar Power Project at Badi Sid, Rajasthan",Solar,10.0,Rajasthan,Closed,SECI/C&P/OP/14/004/2022-23,Tender,2022-11-03,,2023-01-09,2023-01-09,2023-01-09,,,,,https://www.seci.co.in/tender-details/Z2Q,,Under Evaluation,,,Yes,10 MW,,,2026-09-12,2026-09-12,,yes,,T-9a8847430031,
SECI,"Operation & Maintenance contract including Insurance for 05 (Five) Years of 10 MW Ground Mounted Solar Power Project at Badi Sid, Rajasthan",Solar,10.0,Rajasthan,Closed,SECI/C&P/OP/14/004/2022-23,Tender,2022-11-03,1970-01-01,2023-01-09,2023-01-09,2023-01-09,,,,,https://www.seci.co.in/tender-details/Z2Q,,Under Evaluation,,,Yes,10 MW,,,,,,yes,,9a8847430031,
NTPC,"POWER TRANSFORMER SUPPLY PACKAGE-II (SOUTH BLOCK) UNDER DEVELOPMENT OF 4750 MW SOLAR PARK AT KHAVDA, GUJARAT.",Solar,4750.0,Gujarat,Closed,NRE-CS-5779-004(TRF2)-9,Tender,2022-12-15,,2023-01-10,,2023-01-24,,,,,https://ntpctender.ntpc.co.in/NITDetails/NITs/25168,,Under Evaluation,,,Yes,4750 MW,,,2026-09-12,2026-09-12,,yes,,T-cc0184fe8f88,
SECI,"RfS for Supply of 2250 MW RTC Power from RE Projects, complemented with Power from any other source or storage in India (RTC-III)",Round-the-Clock / CfD / Trading,2250.0,,Closed,SECI/C&P/IPP/13/0004/22-23,RfS,2022-09-02,2022-09-13,2023-01-10,2023-01-12,2023-01-13,,,,,https://www.seci.co.in/tender-details/Z2I,,Under Evaluation,,,Yes,2250 MW,,,2026-09-12,2026-09-12,,yes,,T-1c6e9277976b,
SECI,"RfS for Supply of 2250 MW RTC Power from RE Projects, complemented with Power from any other source or storage in India (RTC-III)",Round-the-Clock / CfD / Trading,2250.0,,Closed,SECI/C&P/IPP/13/0004/22-23,RfS,2022-09-02,2022-09-13,2023-01-10,2023-01-12,2023-01-13,,,,,https://www.seci.co.in/tender-details/Z2I,,Under Evaluation,,,Yes,2250 MW,,,,,,yes,,1c6e9277976b,
SECI,RfS for Selection of Solar PV Module Manufacturers for Setting up Manufacturing Capacities for High Efficiency Solar PV Modules in India under the Production Linked Incentive Scheme (Tranche-II),Solar,,,Closed,SECI/C&P/MI/00/0009/22-23,RfS,2022-11-18,2022-12-06,2023-02-28,2023-02-28,2023-03-01,,,,,https://www.seci.co.in/tender-details/Z2U,,Under Evaluation,,,Yes,,,,2026-09-12,2026-09-12,,yes,,T-d9ca73bcce6b,
SECI,RfS for Selection of Solar PV Module Manufacturers for Setting up Manufacturing Capacities for High Efficiency Solar PV Modules in India under the Production Linked Incentive Scheme (Tranche-II),Solar,,,Closed,SECI/C&P/MI/00/0009/22-23,RfS,2022-11-18,2022-12-06,2023-02-28,2023-02-28,2023-03-01,,,,,https://www.seci.co.in/tender-details/Z2U,,Under Evaluation,,,Yes,,,,,,,yes,,d9ca73bcce6b,
SECI,RfS for 1200 MW ISTS-Connected Wind-Solar Hybrid Power Projects with assured Peak Power supply in India (Tranche-VI),Wind-Solar Hybrid,1200.0,,Closed,SECI/C&P/IPP/13/0007/22-23,RfS,2022-11-02,2022-11-15,2023-03-10,2023-03-14,2023-03-15,,,,,https://www.seci.co.in/tender-details/Z2c,,Under Evaluation,,,Yes,1200 MW,,,2026-09-12,2026-09-12,,yes,,T-514c36db27e7,
SECI,RfS for 1200 MW ISTS-Connected Wind-Solar Hybrid Power Projects with assured Peak Power supply in India (Tranche-VI),Wind-Solar Hybrid,1200.0,,Closed,SECI/C&P/IPP/13/0007/22-23,RfS,2022-11-02,2022-11-15,2023-03-10,2023-03-14,2023-03-15,,,,,https://www.seci.co.in/tender-details/Z2c,,Under Evaluation,,,Yes,1200 MW,,,,,,yes,,514c36db27e7,
SECI,Request for Selection (RfS) Document for Selection Solar Power Developers for Setting up of Grid-Connected Rooftop Solar PV Projects on Government buildings under RESCO mode through,Rooftop Solar,,,Closed,SECI/C&P/IPP/14/0005/22-23,RfS,2022-09-23,2022-10-10,2023-03-17,2023-03-21,2023-03-22,,,,,https://www.seci.co.in/tender-details/Z2A,,Under Evaluation,,,Yes,,,,2026-09-12,2026-09-12,,yes,,T-196aa5a75c78,
SECI,Request for Selection (RfS) Document for Selection Solar Power Developers for Setting up of Grid-Connected Rooftop Solar PV Projects on Government buildings under RESCO mode through,Rooftop Solar,,,Closed,SECI/C&P/IPP/14/0005/22-23,RfS,2022-09-23,2022-10-10,2023-03-17,2023-03-21,2023-03-22,,,,,https://www.seci.co.in/tender-details/Z2A,,Under Evaluation,,,Yes,,,,,,,yes,,196aa5a75c78,
NTPC,BALANCE OF SYETEM PACKAGE WITH LAND FOR ISTS CONNECTED SOLAR PROJECTS (UPTO 1000MW) ANYWHERE IN INDIA EXCEPT RAJASTHAN WITH GREEN SHOE OPTIONFOR ADDITIONAL 500 MW,Solar,1000.0,Rajasthan,Closed,NRE-CS-5784-004(BOS)-9,Tender,2023-01-25,,2023-03-22,,2023-04-05,,,,,https://ntpctender.ntpc.co.in/NITDetails/NITs/25311,,Under Evaluation,,,Yes,1000 MW,,,2026-09-12,2026-09-12,,yes,,T-d2ce9785cfa0,
NTPC,LAND AND EHV TRANSMISSION SYSTEM PACKAGE FOR DEVELOPMENT OF ISTS CONNECTED SOLAR PV PROJECTS (UPTO 2GW) IN RAJASTHAN.,Solar,2000.0,Rajasthan,Closed,NRE-CS-5783-004(L)-9,Tender,2022-11-22,,2023-03-22,,2023-03-30,,,,,https://ntpctender.ntpc.co.in/NITDetails/NITs/25090,,Under Evaluation,,,Yes,2 GW,,,2026-09-12,2026-09-12,,yes,,T-a4d731ac2ccd,
NTPC,Balance of System Package of ISTS-Connected Wind Energy Project with Nominal Capacity of 1000 MW Anywhere in Karnataka.,Wind,1000.0,Karnataka,Closed,NRE-CS-5920-003(BOS)-9,Tender,2022-11-17,,2023-03-23,,2023-04-07,,,,,https://ntpctender.ntpc.co.in/NITDetails/NITs/25068,,Under Evaluation,,,Yes,1000 MW,,,2026-09-12,2026-09-12,,yes,,T-d43b73fc9626,
SECI,RfS for Selection of Vendors under Component-B of PM-KUSUM scheme of MNRE,Unclassified,,,Closed,SECI/C&P/MI/00/0010/2022-23,RfS,2022-12-31,2023-01-16,2023-03-29,2023-03-29,2023-03-31,,,,,https://www.seci.co.in/tender-details/Z2o,,Under Evaluation,,,Yes,,,,2026-09-12,2026-09-12,,yes,,T-64b3db07f5ec,
SECI,RfS for Selection of Vendors under Component-B of PM-KUSUM scheme of MNRE,Unclassified,,,Closed,SECI/C&P/MI/00/0010/2022-23,RfS,2022-12-31,2023-01-16,2023-03-29,2023-03-29,2023-03-31,,,,,https://www.seci.co.in/tender-details/Z2o,,Under Evaluation,,,Yes,,,,,,,yes,,64b3db07f5ec,
NTPC,"POWER EVACUATION INFRASTRUCTURE PACKAGE UNDER DEVELOPMENT OF 4750MW SOLAR PARK AT KHAVDA, GUJARAT",Transmission / Evacuation,4750.0,Gujarat,Closed,NRE-CS-5779-004(EVC)-9,Tender,2023-03-16,,2023-04-03,,2023-04-18,,,,,https://ntpctender.ntpc.co.in/NITDetails/NITs/25452,,Under Evaluation,,,Yes,4750 MW,,,2026-09-12,2026-09-12,,yes,,T-eb0e4ec9fe44,
SECI,"Tender for Design, Engineering, Supply, Construction, Erection, Testing, Commissioning including 5 Years Plant O&M of 2MW (AC) Solar PV Power Plant with 01 MWh BESS at KAZA, Himachal Pradesh.",Solar + Storage,2.0,Himachal Pradesh,Closed,SECI/C&P/MI/00/0011/2022-23,Tender,2023-02-17,,2023-04-03,2023-04-03,2023-04-03,,,,,https://www.seci.co.in/tender-details/aGI,,Under Evaluation,,,Yes,2 MW,,,2026-09-12,2026-09-12,,yes,,T-d9b39af22575,
SECI,"Tender for Design, Engineering, Supply, Construction, Erection, Testing, Commissioning including 5 Years Plant O&M of 2MW (AC) Solar PV Power Plant with 01 MWh BESS at KAZA, Himachal Pradesh.",Solar + Storage,2.0,Himachal Pradesh,Closed,SECI/C&P/MI/00/0011/2022-23,Tender,2023-02-17,1970-01-01,2023-04-03,2023-04-03,2023-04-03,,,,,https://www.seci.co.in/tender-details/aGI,,Under Evaluation,,,Yes,2 MW,,,,,,yes,,d9b39af22575,
SECI,"RfS for Selection of Charging Station Operator (CSO) for Supply, Erection, Testing, Commissioning, O&M of 1 EV Captive Charging Station in the premises of NCRTC, INA (EV-I)",Unclassified,,,Closed,SECI/C&P/OP/17/005/22-23,RfS,2023-02-10,2023-02-21,2023-04-11,2023-04-13,2023-04-15,,,,,https://www.seci.co.in/tender-details/Z2s,,Under Evaluation,,,Yes,,,,2026-09-12,2026-09-12,,yes,,T-ca0c285efc7f,
SECI,"RfS for Selection of Charging Station Operator (CSO) for Supply, Erection, Testing, Commissioning, O&M of 1 EV Captive Charging Station in the premises of NCRTC, INA (EV-I)",Unclassified,,,Closed,SECI/C&P/OP/17/005/22-23,RfS,2023-02-10,2023-02-21,2023-04-11,2023-04-13,2023-04-15,,,,,https://www.seci.co.in/tender-details/Z2s,,Under Evaluation,,,Yes,,,,,,,yes,,ca0c285efc7f,
NTPC,SPV MODULE PACKAGE OF NOKH SOLAR PV PROJECT AT NOKH IN RAJASTHAN.,Solar,,Rajasthan,Closed,RE-CS-5741-004(M)-9R,Tender,2023-03-30,,2023-04-14,,2023-04-25,,,,,https://ntpctender.ntpc.co.in/NITDetails/NITs/25509,,Under Evaluation,,,Yes,,,,2026-09-12,2026-09-12,,yes,,T-316c74170885,
SECI,RfS for Selection of Wind Power Developers for Setting up of 1200 MW ISTS-connected Wind Power Projects (Tranche-XIV),Wind,1200.0,,Closed,SECI/C&P/IPP/12/0008/22-23,RfS,2023-02-20,2023-02-27,2023-04-17,2023-04-19,2023-04-20,,,,,https://www.seci.co.in/tender-details/aGM,,Under Evaluation,,,Yes,1200 MW,,,2026-09-12,2026-09-12,,yes,,T-4f73476dad9b,
SECI,RfS for Selection of Wind Power Developers for Setting up of 1200 MW ISTS-connected Wind Power Projects (Tranche-XIV),Wind,1200.0,,Closed,SECI/C&P/IPP/12/0008/22-23,RfS,2023-02-20,2023-02-27,2023-04-17,2023-04-19,2023-04-20,,,,,https://www.seci.co.in/tender-details/aGM,,Under Evaluation,,,Yes,1200 MW,,,,,,yes,,4f73476dad9b,
NTPC,Enlistment of Technical Consultants for Green Ammonia Feasibility Studies.,Green Hydrogen / Derivatives,,,Closed,RE-CS-0000-004(GNH3)-9,Tender,2023-03-10,,2023-05-01,,2023-05-03,,,,,https://ntpctender.ntpc.co.in/NITDetails/NITs/25434,,Under Evaluation,,,Yes,,,,2026-09-12,2026-09-12,,yes,,T-76c4436d16eb,
NTPC,LAND AND EHV TRANSMISSION SYSTEM PACKAGE FOR DEVELOPMENT OF UPTO 2GW ISTS CONNECTED SOLAR PV PROJECTS IN RAJASTHAN (TRANCHE-II),Solar,2000.0,Rajasthan,Closed,NRE-CS-5787-004(L)-9,Tender,2023-03-18,,2023-05-06,,2023-05-24,,,,,https://ntpctender.ntpc.co.in/NITDetails/NITs/25464,,Under Evaluation,,,Yes,2 GW,,,2026-09-12,2026-09-12,,yes,,T-79b966936bfc,
NTPC,EPC PACKAGE FOR IMPLEMENTATION OF AUTO SWITCHED CAPACITOR BANKS WITH BACK-TO-BACK CAPACITOR BANK SWITCHING FACILITY AT NGEL AND NTPC SPV PLANT(S).,Solar,,,Closed,RE-CS-5788-004-9,Tender,2023-04-25,,2023-05-15,,2023-05-24,,,,,https://ntpctender.ntpc.co.in/NITDetails/NITs/25590,,Under Evaluation,,,Yes,,,,2026-09-12,2026-09-12,,yes,,T-8c279a21ba90,
NTPC,"POWER EVACUATION PACKAGE-I UNDER DEVELOPMENT OF 755MW GVREL SOLAR PARK AT TILAIYA AND PANCHET RESERVOIR, DVC.",Transmission / Evacuation,755.0,,Closed,NRE-CS-5785-004(EVC1)-9,Tender,2023-02-03,,2023-05-16,,2023-05-30,,,,,https://ntpctender.ntpc.co.in/NITDetails/NITs/25335,,Under Evaluation,,,Yes,755 MW,,,2026-09-12,2026-09-12,,yes,,T-6b39b4e00ad2,
NTPC,"Power Evacuation Package-II under Development of 755MW GVREL Solar Park at Tilaiya and Panchet Reservoir, DVC.",Transmission / Evacuation,755.0,,Closed,NRE-CS-5785-004(EVC2)-9,Tender,2023-01-11,,2023-05-17,,2023-06-02,,,,,https://ntpctender.ntpc.co.in/NITDetails/NITs/25240,,Under Evaluation,,,Yes,755 MW,,,2026-09-12,2026-09-12,,yes,,T-7380c7d4f177,
SECI,"Empanelment of Vendors for Design, Supply, Installation, Testing and Commissioning including Warranty, Comprehensive Operation & Maintenance of Solar Power Projects-Rooftop and Ground mounted",Rooftop Solar,,,Closed,SECI/C&P/MI/00/0012/2022-23,Tender,2023-03-30,2023-04-11,2023-05-18,2023-05-18,2023-05-19,,,,,https://www.seci.co.in/tender-details/aGQ,,Under Evaluation,,,Yes,,,,2026-09-12,2026-09-12,,yes,,T-e00e88ac33bf,
SECI,"Empanelment of Vendors for Design, Supply, Installation, Testing and Commissioning including Warranty, Comprehensive Operation & Maintenance of Solar Power Projects-Rooftop and Ground mounted",Rooftop Solar,,,Closed,SECI/C&P/MI/00/0012/2022-23,Tender,2023-03-30,2023-04-11,2023-05-18,2023-05-18,2023-05-19,,,,,https://www.seci.co.in/tender-details/aGQ,,Under Evaluation,,,Yes,,,,,,,yes,,e00e88ac33bf,
NTPC,"EPC PACKAGE FOR 300MW SOLAR PV PROJECT AT KHAVDA RE POWER PARK, RANN OF KUTCH.",Solar,300.0,,Closed,NRE-CS-5779-004(EPC)-9,Tender,2023-04-07,,2023-05-22,,2023-06-13,,,,,https://ntpctender.ntpc.co.in/NITDetails/NITs/25528,,Under Evaluation,,,Yes,300 MW,,,2026-09-12,2026-09-12,,yes,,T-288d320b85c4,
NTPC,Balance of System Package of ISTS-Connected Wind Energy Project with Nominal Capacity of 1000 MW Anywhere in Gujarat,Wind,1000.0,Gujarat,Closed,NRE-CS-5921-003(BOS)-9,Tender,2023-01-21,,2023-05-26,,2023-06-09,,,,,https://ntpctender.ntpc.co.in/NITDetails/NITs/25291,,Under Evaluation,,,Yes,1000 MW,,,2026-09-12,2026-09-12,,yes,,T-7ac04f44b40a,
NTPC,310 MW FLOATING AND GROUND MOUNTED SLAR PV PROJECT AT DVC RESERVOIRS.,Unclassified,310.0,,Closed,NRE-CS-5785-004(EPC1)-9,Tender,2023-02-22,,2023-06-07,,2023-06-20,,,,,https://ntpctender.ntpc.co.in/NITDetails/NITs/25385,,Under Evaluation,,,Yes,310 MW,,,2026-09-12,2026-09-12,,yes,,T-4013f658dd66,
NTPC,REVISED GRID COMPLIANCE SYSTEM STUDY IN NTPC AND NGEL SPV PLANT(S).,Solar,,,Closed,RE-CS-5789-004-9,Tender,2023-05-29,,2023-06-14,,2023-06-15,,,,,https://ntpctender.ntpc.co.in/NITDetails/NITs/25726,,Under Evaluation,,,Yes,,,,2026-09-12,2026-09-12,,yes,,T-70f917a0ff4e,
NTPC,EPC PACKAGE WITH LAND FOR DEVELOPMENT OF ISTS CONNECTED SOLAR PV PROJECTS (UPTO 500 MW) ANYWHERE IN INDIA.,Solar,500.0,,Closed,NRE-CS-5786-004-9,Tender,2023-02-04,,2023-06-15,,2023-06-23,,,,,https://ntpctender.ntpc.co.in/NITDetails/NITs/25337,,Under Evaluation,,,Yes,500 MW,,,2026-09-12,2026-09-12,,yes,,T-cdbc138b65ad,
SECI,RfS for Selection of Solar Power Developers for Setting up of 2000 MW ISTS-connected Solar PV Power Projects (ISTS-XI),Solar,2000.0,,Closed,SECI/C&P/IPP/11/0009/22-23,RfS,2023-03-31,2023-04-13,2023-06-28,2023-06-30,2023-07-03,,,,,https://www.seci.co.in/tender-details/aGU,,Under Evaluation,,,Yes,2000 MW,,,2026-09-12,2026-09-12,,yes,,T-d9b5a60369bc,
SECI,RfS for Selection of Solar Power Developers for Setting up of 2000 MW ISTS-connected Solar PV Power Projects (ISTS-XI),Solar,2000.0,,Closed,SECI/C&P/IPP/11/0009/22-23,RfS,2023-03-31,2023-04-13,2023-06-28,2023-06-30,2023-07-03,,,,,https://www.seci.co.in/tender-details/aGU,,Under Evaluation,,,Yes,2000 MW,,,,,,yes,,d9b5a60369bc,
SECI,"Consulting Services for the Selection of Consultancy Firm for Owners Engineer Services for 100 MW SPV Project along with 40 MW/120 MWh BESS at Rajnandgaon, CG and 100 MW FSPV Project at Getalsud, JH",Solar + Storage,100.0,,Closed,SECI/C&P/OP/17/009/2023-24,Tender,2023-06-10,,2023-07-10,2023-07-10,2023-07-10,,,,,https://www.seci.co.in/tender-details/aGs,,Under Evaluation,,,Yes,100 MW,,,2026-09-12,2026-09-12,,yes,,T-df199fab4f2b,
SECI,"Consulting Services for the Selection of Consultancy Firm for Owners Engineer Services for 100 MW SPV Project along with 40 MW/120 MWh BESS at Rajnandgaon, CG and 100 MW FSPV Project at Getalsud, JH",Solar + Storage,100.0,,Closed,SECI/C&P/OP/17/009/2023-24,Tender,2023-06-10,1970-01-01,2023-07-10,2023-07-10,2023-07-10,,,,,https://www.seci.co.in/tender-details/aGs,,Under Evaluation,,,Yes,100 MW,,,,,,yes,,df199fab4f2b,
NTPC,"BATTERY ENERGY STORAGE SYSTEM (BESS) FOR SOLAR PV BASED CONSTRUCTION POWER AT NTPC REL’S KHAVDA RE PARK, RANN OF KUTCH, GUJARAT",Solar + Storage,,Gujarat,Closed,NRE-CS-5779-004(CP2)-9R,Tender,2023-06-20,,2023-07-13,,2023-07-27,,,,,https://ntpctender.ntpc.co.in/NITDetails/NITs/25801,,Under Evaluation,,,Yes,,,,2026-09-12,2026-09-12,,yes,,T-edd005c35f5a,
NTPC,APPOINTMENT OF CONSULTANT for ASSESSMENT OF POTENTIAL FLOATING SOLAR CAPACITIES IN DIFFERENT STATES and UTs OF INDIA.,Floating Solar,,,Closed,NRE-CS-CONS-FS-001,Tender,2023-06-09,,2023-07-17,,2023-07-19,,,,,https://ntpctender.ntpc.co.in/NITDetails/NITs/25756,,Under Evaluation,,,Yes,,,,2026-09-12,2026-09-12,,yes,,T-c646a2889ff4,
NTPC,"EPC PACKAGE FOR SOLAR - HYDROGEN - BESS BASED MICRO GRID (200 KW) AT CHUSUL, LADAKH (INDIA).",Solar + Storage,0.2,Ladakh,Closed,NRE-CS-5855-004-9,Tender,2023-06-09,,2023-07-24,,2023-07-31,,,,,https://ntpctender.ntpc.co.in/NITDetails/NITs/25755,,Under Evaluation,,,Yes,200 KW,,,2026-09-12,2026-09-12,,yes,,T-947e4577f957,
NTPC,SELECTION OF SOLAR POWER DEVELOPERS FOR SETTING UP OF 1500 MW ISTS-CONNECTED SOLAR POWER PROJECTS ANYWHERE IN INDIA (NTPC-ISTS-I).,Solar,1500.0,,Closed,NTPC/RE-CS/2023-24/Solar/BOO-9,Tender,2023-07-25,,2023-08-14,,2023-08-29,,,,,https://ntpctender.ntpc.co.in/NITDetails/NITs/25952,,Under Evaluation,,,Yes,1500 MW,,,2026-09-12,2026-09-12,,yes,,T-0a102dcfeb9f,
SECI,AMC of 10 Nos of 1 MW Inverters at 10 MW Grid Connected Ground Mounted Solar PV Project,Solar,1.0,,Closed,GEM/2023/B/3752299,Tender,2023-07-27,2023-08-07,2023-08-18,2023-08-18,2023-08-18,,,,,https://www.seci.co.in/tender-details/YWJ3,,Under Evaluation,,,Yes,1 MW,,,2026-09-12,2026-09-12,,yes,,T-67f5f45642e8,
SECI,AMC of 10 Nos of 1 MW Inverters at 10 MW Grid Connected Ground Mounted Solar PV Project,Solar,1.0,,Closed,GEM/2023/B/3752299,Tender,2023-07-27,2023-08-07,2023-08-18,2023-08-18,2023-08-18,,,,,https://www.seci.co.in/tender-details/YWJ3,,Under Evaluation,,,Yes,1 MW,,,,,,yes,,67f5f45642e8,
SECI,"Tender for Selection of Agency for Conducting Geo-Technical Study and Topography Survey at Mithakari site of South Andaman for implementation of RE Plan at the UT of A&N Islands, India.",Unclassified,,Andaman and Nicobar,Closed,SECI/C&P/MI/00/0014/2023-24,Tender,2023-07-14,,2023-09-01,2023-09-01,2023-09-01,,,,,https://www.seci.co.in/tender-details/aWU,,Under Evaluation,,,Yes,,,,2026-09-12,2026-09-12,,yes,,T-dfa1062c1efc,
SECI,"Tender for Selection of Agency for Conducting Geo-Technical Study and Topography Survey at Mithakari site of South Andaman for implementation of RE Plan at the UT of A&N Islands, India.",Unclassified,,Andaman and Nicobar,Closed,SECI/C&P/MI/00/0014/2023-24,Tender,2023-07-14,1970-01-01,2023-09-01,2023-09-01,2023-09-01,,,,,https://www.seci.co.in/tender-details/aWU,,Under Evaluation,,,Yes,,,,,,,yes,,dfa1062c1efc,
NTPC,SUPPLY AND INSTALLATION OF WIND TURBINE GENERATORS FOR ISTS-CONNECTED WIND ENERGY PROJECT WITH NOMINAL CAPACITY OF 110 MW AT KHAVDA NTPC RE PARK.,Wind,110.0,,Closed,NRE-CS-5779-003(WTG)-9,Tender,2023-08-02,,2023-09-07,,2023-09-26,,,,,https://ntpctender.ntpc.co.in/NITDetails/NITs/25983,,Under Evaluation,,,Yes,110 MW,,,2026-09-12,2026-09-12,,yes,,T-de72af94b2a5,
SECI,"Tender for the Selection of Agency to carry out Soil Investigation at proposed 13 GW RE Project Sites in Leh, UT of Ladakh, India.",Unclassified,13000.0,Ladakh,Closed,SECI/C&P/MI/00/0013/2023-24,Tender,2023-07-17,,2023-09-13,2023-09-13,2023-09-13,,,,,https://www.seci.co.in/tender-details/aWo,,Under Evaluation,,,Yes,13 GW,,,2026-09-12,2026-09-12,,yes,,T-c88a6712deb0,
SECI,"Tender for the Selection of Agency to carry out Soil Investigation at proposed 13 GW RE Project Sites in Leh, UT of Ladakh, India.",Unclassified,13000.0,Ladakh,Closed,SECI/C&P/MI/00/0013/2023-24,Tender,2023-07-17,1970-01-01,2023-09-13,2023-09-13,2023-09-13,,,,,https://www.seci.co.in/tender-details/aWo,,Under Evaluation,,,Yes,13 GW,,,,,,yes,,c88a6712deb0,
NTPC,"SUPPLY OF SOLAR PV MODULES FOR SHAHJAPUR, BHUJ AND BHADLA SOLAR PV PROJECT.",Solar,,,Closed,NRE-CS-BULK(M)-004-9,Tender,2023-06-01,,2023-09-20,,2023-09-26,,,,,https://ntpctender.ntpc.co.in/NITDetails/NITs/25736,,Under Evaluation,,,Yes,,,,2026-09-12,2026-09-12,,yes,,T-01a200d2ec89,
NTPC,Deployment of one Vehicle (AC Mahindra Bolero / Mahindra Bolero Neo or Equivalent Model or Higher Model like Mahindra Scorpio / Tata Harrier etc.) for Executives for 01 Year at Chhattargarh solar (Bikaner).,Solar,,,Closed,NRE-CS-2601-Vehicle-23-05,Tender,2023-09-14,,2023-09-25,,2023-09-25,,,,,https://ntpctender.ntpc.co.in/NITDetails/NITs/26136,,Under Evaluation,,,Yes,,,,2026-09-12,2026-09-12,,yes,,T-e0c2b7284c37,
NTPC,120 MW GROUND MOUNTED AND 56 MW FLOATING SOLAR PV PROJECT AT NTPC RAMAGUNDAM STPS.,Floating Solar,120.0,,Closed,RE-CS-5797-004-9,Tender,2023-09-20,,2023-10-04,,2023-10-20,,,,,https://ntpctender.ntpc.co.in/NITDetails/NITs/26150,,Under Evaluation,,,Yes,120 MW,,,2026-09-12,2026-09-12,,yes,,T-c822f4218fa6,
NTPC,SELECTION OF HYBRID POWER DEVELOPERS FOR SETTING UP OF 1500 MW ISTS-CONNECTED WIND-SOLAR HYBRID POWER PROJECTS ANYWHERE IN INDIA.,Wind-Solar Hybrid,1500.0,,Closed,NTPC/RE-CS/2023-24/Hybrid/BOO-8,Tender,2023-07-19,,2023-10-16,,2023-10-17,,,,,https://ntpctender.ntpc.co.in/NITDetails/NITs/25938,,Under Evaluation,,,Yes,1500 MW,,,2026-09-12,2026-09-12,,yes,,T-afafd16a6da5,
SECI,"Tender for BOS Tender of 300 MW (AC) Ground Mounted SPV Project at Ramagiri, AP having 5 yrs Plant O&M.",Solar,300.0,,Closed,SECI/C&P/OP/11/0006/2022-23,Tender,2023-04-13,2023-04-25,2023-10-16,2023-10-16,2023-10-16,,,,,https://www.seci.co.in/tender-details/aGo,,Under Evaluation,,,Yes,300 MW,,,2026-09-12,2026-09-12,,yes,,T-1b988946c0ae,
SECI,"Tender for BOS Tender of 300 MW (AC) Ground Mounted SPV Project at Ramagiri, AP having 5 yrs Plant O&M.",Solar,300.0,,Closed,SECI/C&P/OP/11/0006/2022-23,Tender,2023-04-13,2023-04-25,2023-10-16,2023-10-16,2023-10-16,,,,,https://www.seci.co.in/tender-details/aGo,,Under Evaluation,,,Yes,300 MW,,,,,,yes,,1b988946c0ae,
SECI,"Tender for Manufacturing, Testing, Packing and Forwarding, Supply and Transportation of 1000 MWp domestically manufactured Solar PV Modules with domestically manufactured Solar Cells.",Solar,1000.0,,Closed,SECI/C&P/OP/11/008/2023-24,Tender,2023-07-17,,2023-10-18,2023-10-18,2023-10-18,,,,,https://www.seci.co.in/tender-details/aWs,,Under Evaluation,,,Yes,1000 MWp,,,2026-09-12,2026-09-12,,yes,,T-17e94642395f,
SECI,"Tender for Manufacturing, Testing, Packing and Forwarding, Supply and Transportation of 1000 MWp domestically manufactured Solar PV Modules with domestically manufactured Solar Cells.",Solar,1000.0,,Closed,SECI/C&P/OP/11/008/2023-24,Tender,2023-07-17,1970-01-01,2023-10-18,2023-10-18,2023-10-18,,,,,https://www.seci.co.in/tender-details/aWs,,Under Evaluation,,,Yes,1000 MWp,,,,,,yes,,17e94642395f,
SECI,RfS for 1300 MW ISTS-connected Wind Power Projects in India (SECI-Tranche-XV),Wind,1300.0,,Closed,SECI/C&P/IPP/12/0001/23-24,RfS,2023-08-12,2023-08-25,2023-11-06,2023-11-08,2023-11-09,,,,,https://www.seci.co.in/tender-details/YWJ1,,Under Evaluation,,,Yes,1300 MW,,,2026-09-12,2026-09-12,,yes,,T-9bfa3225b531,
SECI,RfS for 1300 MW ISTS-connected Wind Power Projects in India (SECI-Tranche-XV),Wind,1300.0,,Closed,SECI/C&P/IPP/12/0001/23-24,RfS,2023-08-12,2023-08-25,2023-11-06,2023-11-08,2023-11-09,,,,,https://www.seci.co.in/tender-details/YWJ1,,Under Evaluation,,,Yes,1300 MW,,,,,,yes,,9bfa3225b531,
NTPC,LAND & EHV TRANSMISSION SYSTEM PACKAGE FOR DEVELOPMENT OF UPTO 2GW ISTS CONNECTED SOLAR PV PROJECTS IN RAJASTHAN (TRANCHE-III).,Solar,2000.0,Rajasthan,Closed,NRE-CS-5794-004(L)-9,Tender,2023-10-07,,2023-11-07,,2023-11-27,,,,,https://ntpctender.ntpc.co.in/NITDetails/NITs/26222,,Under Evaluation,,,Yes,2 GW,,,2026-09-12,2026-09-12,,yes,,T-cdc425d33777,
NTPC,EPC PACKAGE WITH LAND FOR DEVELOPMENT OF ISTS CONNECTED GROUND MOUNTED SOLAR PV PROJECTS (UPTO 300 MW) ANYWHERE IN INDIA,Solar,300.0,,Closed,NGEL-CS-5799-004-9,Tender,2023-10-16,,2023-11-08,,2023-11-24,,,,,https://ntpctender.ntpc.co.in/NITDetails/NITs/26260,,Under Evaluation,,,Yes,300 MW,,,2026-09-12,2026-09-12,,yes,,T-0c595b1c374d,
NTPC,EOI for Electric Bus Operators for Operation of NTPC Fuel Cell Electric Buses on Lease Basis.,Unclassified,,,Closed,RE-CS-DEL-H2-BUS-EOI,EOI,2023-11-06,,2023-11-20,,2023-11-21,,,,,https://ntpctender.ntpc.co.in/NITDetails/NITs/26327,,Under Evaluation,,,Yes,,,,2026-09-12,2026-09-12,,yes,,T-071498dfe690,
NTPC,BALANCE OF SYSTEM PACKAGE OF 1200MW (2 BLOCKS OF 1X600MW EACH) ISTS CONNECTED SOLAR ENERGY PROJECTS AT NTPC RELS 4750MW KHAVDA RE PARK – SOUTH BLOCK,Solar,1200.0,,Closed,NRE-CS-5779-004(BOS-3)-9,Tender,2023-10-31,,2023-11-29,,2023-12-15,,,,,https://ntpctender.ntpc.co.in/NITDetails/NITs/26305,,Under Evaluation,,,Yes,1200 MW,,,2026-09-12,2026-09-12,,yes,,T-a6d869a17e43,
SECI,RfS for Selection of Solar Power Developers for Setting up of 1000 MW ISTS-connected Solar PV Power Projects in India under Tariff-Based Competitive Bidding (SECI-ISTS-XII),Solar,1000.0,,Closed,SECI/C&P/IPP/11/0007/23-24,RfS,2023-10-13,2023-10-19,2023-11-30,2023-12-04,2023-12-05,,,,,https://www.seci.co.in/tender-details/YWJw,,Under Evaluation,,,Yes,1000 MW,,,2026-09-12,2026-09-12,,yes,,T-29a64a92b584,
SECI,RfS for Selection of Solar Power Developers for Setting up of 1000 MW ISTS-connected Solar PV Power Projects in India under Tariff-Based Competitive Bidding (SECI-ISTS-XII),Solar,1000.0,,Closed,SECI/C&P/IPP/11/0007/23-24,RfS,2023-10-13,2023-10-19,2023-11-30,2023-12-04,2023-12-05,,,,,https://www.seci.co.in/tender-details/YWJw,,Under Evaluation,,,Yes,1000 MW,,,,,,yes,,29a64a92b584,
SECI,"Request for Bids for the Design, Engineering, Supply, Construction, Erection, Testing & Commissioning of 100 MW (AC) Floating Solar PV Project having 10 years plant O&M at Getalsud Dam, Ranchi",Floating Solar,100.0,,Closed,SECI/C&P/OP/17/007/2022-23,Tender,2023-03-15,2023-03-28,2023-12-04,2023-12-04,2023-12-04,,,,,https://www.seci.co.in/tender-details/aGA,,Under Evaluation,,,Yes,100 MW,,,2026-09-12,2026-09-12,,yes,,T-4c908303954b,
SECI,"Request for Bids for the Design, Engineering, Supply, Construction, Erection, Testing & Commissioning of 100 MW (AC) Floating Solar PV Project having 10 years plant O&M at Getalsud Dam, Ranchi",Floating Solar,100.0,,Closed,SECI/C&P/OP/17/007/2022-23,Tender,2023-03-15,2023-03-28,2023-12-04,2023-12-04,2023-12-04,,,,,https://www.seci.co.in/tender-details/aGA,,Under Evaluation,,,Yes,100 MW,,,,,,yes,,4c908303954b,
SECI,RfS for Selection of Hybrid Power Developers for Setting up of 2000 MW ISTS-connected Wind-Solar Hybrid Power Projects in India under Tariff-Based Competitive Bidding (SECI-Tranche-VII),Wind-Solar Hybrid,2000.0,,Closed,SECI/C&P/IPP/13/0008/23-24,RfS,2023-10-23,2023-10-31,2023-12-08,2023-12-12,2023-12-13,,,,,https://www.seci.co.in/tender-details/YWJ_,,Under Evaluation,,,Yes,2000 MW,,,2026-09-12,2026-09-12,,yes,,T-d16eed10cbe6,
SECI,RfS for Selection of Hybrid Power Developers for Setting up of 2000 MW ISTS-connected Wind-Solar Hybrid Power Projects in India under Tariff-Based Competitive Bidding (SECI-Tranche-VII),Wind-Solar Hybrid,2000.0,,Closed,SECI/C&P/IPP/13/0008/23-24,RfS,2023-10-23,2023-10-31,2023-12-08,2023-12-12,2023-12-13,,,,,https://www.seci.co.in/tender-details/YWJ_,,Under Evaluation,,,Yes,2000 MW,,,,,,yes,,d16eed10cbe6,
NTPC,SELECTION OF RE POWER GENERATORS FOR SUPPLY OF 3000 MW FIRM AND DISPATCHABLE POWER FROM ISTS-CONNECTED RENEWABLE ENERGY (RE) POWER PROJECTS ANYWHERE IN INDIA (NTPC-TRANCHE-II) ON BUILT-OWN-OPERATE BASIS.,Round-the-Clock / CfD / Trading,3000.0,,Closed,NTPC/RE-CS/2023-24/FDRE/BOO-12,Tender,2023-10-31,,2023-12-11,,2023-12-27,,,,,https://ntpctender.ntpc.co.in/NITDetails/NITs/26306,,Under Evaluation,,,Yes,3000 MW,,,2026-09-12,2026-09-12,,yes,,T-f33857bd548a,
SECI,RfS for setting up Manufacturing Capacities for Electrolysers in India under SIGHT scheme (Tranche-I),Green Hydrogen / Derivatives,,,Closed,SECI/C&P/MI/00/0015/2023-24,RfS,2023-07-07,2023-07-27,2023-12-12,2023-12-14,2023-12-15,,,,,https://www.seci.co.in/tender-details/aWc,,Under Evaluation,,,Yes,,,,2026-09-12,2026-09-12,,yes,,T-c51a50fe3b7d,
SECI,RfS for Setting up Production Facilities for Green Hydrogen in India under SIGHT Scheme (Mode-1-Tranche-I),Green Hydrogen / Derivatives,,,Closed,SECI/C&P/MI/00/0016/2023-24,RfS,2023-07-10,2023-07-28,2023-12-12,2023-12-14,2023-12-15,,,,,https://www.seci.co.in/tender-details/aWQ,,Under Evaluation,,,Yes,,,,2026-09-12,2026-09-12,,yes,,T-775eb2112596,
SECI,RfS for setting up Manufacturing Capacities for Electrolysers in India under SIGHT scheme (Tranche-I),Green Hydrogen / Derivatives,,,Closed,SECI/C&P/MI/00/0015/2023-24,RfS,2023-07-07,2023-07-27,2023-12-12,2023-12-14,2023-12-15,,,,,https://www.seci.co.in/tender-details/aWc,,Under Evaluation,,,Yes,,,,,,,yes,,c51a50fe3b7d,
SECI,RfS for Setting up Production Facilities for Green Hydrogen in India under SIGHT Scheme (Mode-1-Tranche-I),Green Hydrogen / Derivatives,,,Closed,SECI/C&P/MI/00/0016/2023-24,RfS,2023-07-10,2023-07-28,2023-12-12,2023-12-14,2023-12-15,,,,,https://www.seci.co.in/tender-details/aWQ,,Under Evaluation,,,Yes,,,,,,,yes,,775eb2112596,
NTPC,SELECTION OF WIND POWER GENERATORS FOR SUPPLY OF 1000 MW POWER FROM ISTS-CONNECTED WIND POWER PROJECTS ANYWHERE IN INDIA(NTPCTRANCHE- III).,Wind,1000.0,,Closed,NTPC/RE-CS/2023-24/Wind/BOO-11,Tender,2023-10-21,,2023-12-15,,2023-12-22,,,,,https://ntpctender.ntpc.co.in/NITDetails/NITs/26283,,Under Evaluation,,,Yes,1000 MW,,,2026-09-12,2026-09-12,,yes,,T-ee8a6c0a850c,
NTPC,SELECTION OF SOLAR POWER GENERATORS FOR SETTING UP OF 1500 MW ISTS-CONNECTED SOLAR POWER PROJECTS ANYWHERE IN INDIA(NTPC-ISTS-II).,Solar,1500.0,,Closed,NTPC/RE-CS/2023-24/Solar/BOO-14,Tender,2023-12-06,,2023-12-22,,2024-01-04,,,,,https://ntpctender.ntpc.co.in/NITDetails/NITs/26452,,Under Evaluation,,,Yes,1500 MW,,,2026-09-12,2026-09-12,,yes,,T-1330c48c9b2f,
NTPC,SELECTION OF WIND POWER DEVELOPERS FOR SETTING UP OF 1500 MW ISTSCONNECTED WIND POWER PROJECTS ANYWHERE IN INDIA(NTPC-TRANCHE-II).,Wind,1500.0,,Closed,NTPC/RE-CS/2023-24/Wind/BOO-10,Tender,2023-09-21,,2023-12-26,,2024-01-09,,,,,https://ntpctender.ntpc.co.in/NITDetails/NITs/26152,,Under Evaluation,,,Yes,1500 MW,,,2026-09-12,2026-09-12,,yes,,T-ac5ac31d3f4f,
SECI,RfS for Setting up of 15 MW of GCRT SPV Projects on Government buildings under RESCO mode,Rooftop Solar,15.0,,Closed,SECI/C&P/IPP/14/0002/23-24,RfS,2023-07-07,2023-07-18,2023-12-26,2023-12-28,2023-12-29,,,,,https://www.seci.co.in/tender-details/aWE,,Under Evaluation,,,Yes,15 MW,,,2026-09-12,2026-09-12,,yes,,T-0a9e2e1f8aa3,
SECI,Limited Tender For Selection of Agency for repair and procurement of IGBTs and peripherals at SECIs 10 MW Solar PV Project at Badi Sid Rajasthan,Solar,10.0,Rajasthan,Closed,GEM/2023/B/4342230,Tender,2023-12-14,,2023-12-26,2023-12-26,2023-12-26,,,,,https://www.seci.co.in/tender-details/YWNy,,Under Evaluation,,,Yes,10 MW,,,2026-09-12,2026-09-12,,yes,,T-11aed464cab2,
SECI,RfS for Setting up of 15 MW of GCRT SPV Projects on Government buildings under RESCO mode,Rooftop Solar,15.0,,Closed,SECI/C&P/IPP/14/0002/23-24,RfS,2023-07-07,2023-07-18,2023-12-26,2023-12-28,2023-12-29,,,,,https://www.seci.co.in/tender-details/aWE,,Under Evaluation,,,Yes,15 MW,,,,,,yes,,0a9e2e1f8aa3,
SECI,Limited Tender For Selection of Agency for repair and procurement of IGBTs and peripherals at SECIs 10 MW Solar PV Project at Badi Sid Rajasthan,Solar,10.0,Rajasthan,Closed,GEM/2023/B/4342230,Tender,2023-12-14,1970-01-01,2023-12-26,2023-12-26,2023-12-26,,,,,https://www.seci.co.in/tender-details/YWNy,,Under Evaluation,,,Yes,10 MW,,,,,,yes,,11aed464cab2,
SECI,AMC of 10 Nos of 1 MW Inverters at 10 MW Grid Connected Ground Mounted Solar PV Project,Solar,1.0,,Closed,GEM/2023/B/4240493,Tender,2023-11-22,2023-11-30,2023-12-27,2023-12-27,2023-12-27,,,,,https://www.seci.co.in/tender-details/YWN3,,Under Evaluation,,,Yes,1 MW,,,2026-09-12,2026-09-12,,yes,,T-9106b50541d5,
SECI,AMC of 10 Nos of 1 MW Inverters at 10 MW Grid Connected Ground Mounted Solar PV Project,Solar,1.0,,Closed,GEM/2023/B/4240493,Tender,2023-11-22,2023-11-30,2023-12-27,2023-12-27,2023-12-27,,,,,https://www.seci.co.in/tender-details/YWN3,,Under Evaluation,,,Yes,1 MW,,,,,,yes,,9106b50541d5,
NTPC,SELECTION OF HYBRID POWER GENERATORS FOR SUPPLY OF 1500 MW POWER FROM ISTS-CONNECTED WIND-SOLAR HYBRID POWER PROJECTS ANYWHERE IN INDIA (NTPC-TRANCHE-IV).,Wind-Solar Hybrid,1500.0,,Closed,NTPC/RE-CS/2023-24/Hybrid/BOO-13,Tender,2023-12-06,,2024-01-05,,2024-01-12,,,,,https://ntpctender.ntpc.co.in/NITDetails/NITs/26449,,Under Evaluation,,,Yes,1500 MW,,,2026-09-12,2026-09-12,,yes,,T-c7c7b122a6a3,
NTPC,SUPPLY OF SOLAR PV MODULES FOR 1255 MW Khavda Solar Project.,Solar,1255.0,,Closed,NRE-CS-5779-004(MOD-1)-9,Tender,2023-08-31,,2024-01-05,,2024-01-16,,,,,https://ntpctender.ntpc.co.in/NITDetails/NITs/26085,,Under Evaluation,,,Yes,1255 MW,,,2026-09-12,2026-09-12,,yes,,T-fa0955c0e46a,
SECI,RfS for Selection of Wind Power Developers for Setting up of 1350 MW ISTS-connected Wind Power Projects (SECI-Tranche-XVI),Wind,1350.0,,Closed,SECI/C&P/IPP/12/0009/22-23,RfS,2023-11-30,2023-12-11,2024-01-10,2024-01-12,2024-01-15,,,,,https://www.seci.co.in/tender-details/YWN1,,Under Evaluation,,,Yes,1350 MW,,,2026-09-12,2026-09-12,,yes,,T-0e36a56162a2,
SECI,RfS for Selection of Wind Power Developers for Setting up of 1350 MW ISTS-connected Wind Power Projects (SECI-Tranche-XVI),Wind,1350.0,,Closed,SECI/C&P/IPP/12/0009/22-23,RfS,2023-11-30,2023-12-11,2024-01-10,2024-01-12,2024-01-15,,,,,https://www.seci.co.in/tender-details/YWN1,,Under Evaluation,,,Yes,1350 MW,,,,,,yes,,0e36a56162a2,
SECI,Empanelment of Vendors for setting up of Rooftop and ground mounted projects (up to 5 MW) under category B (Round 2),Rooftop Solar,5.0,,Closed,SECI/C&P/MI/00/0017/2023-24,Tender,2023-10-26,2023-11-08,2024-01-15,2024-01-17,2024-01-18,,,,,https://www.seci.co.in/tender-details/YWNw,,Under Evaluation,,,Yes,5 MW,,,2026-09-12,2026-09-12,,yes,,T-1f4b3f2fb87c,
SECI,Empanelment of Vendors for setting up of Rooftop and ground mounted projects (up to 5 MW) under category B (Round 2),Rooftop Solar,5.0,,Closed,SECI/C&P/MI/00/0017/2023-24,Tender,2023-10-26,2023-11-08,2024-01-15,2024-01-17,2024-01-18,,,,,https://www.seci.co.in/tender-details/YWNw,,Under Evaluation,,,Yes,5 MW,,,,,,yes,,1f4b3f2fb87c,
SECI,"Tender for Manufacturing, Testing, Packing and Forwarding, Supply and Transportation of 400 MWp domestically manufactured Solar PV Modules with domestically manufactured Solar Cells.",Solar,400.0,,Closed,SECI/C&P/OP/11/011/2023-24,Tender,2023-12-02,2023-12-05,2024-01-16,2024-01-16,2024-01-16,,,,,https://www.seci.co.in/tender-details/YWN0,,Under Evaluation,,,Yes,400 MWp,,,2026-09-12,2026-09-12,,yes,,T-4cf4ee5acbf7,
SECI,"Tender for Manufacturing, Testing, Packing and Forwarding, Supply and Transportation of 400 MWp domestically manufactured Solar PV Modules with domestically manufactured Solar Cells.",Solar,400.0,,Closed,SECI/C&P/OP/11/011/2023-24,Tender,2023-12-02,2023-12-05,2024-01-16,2024-01-16,2024-01-16,,,,,https://www.seci.co.in/tender-details/YWN0,,Under Evaluation,,,Yes,400 MWp,,,,,,yes,,4cf4ee5acbf7,
NTPC,BALANCE OF SYSTEM PACKAGE OF ISTS CONNECTED WIND ENERGY PROJECT WITH NOMINAL CAPACITY OF 1080 MW (400 FOOTPRINTS) IN KARNATAKA (III).,Wind,1080.0,Karnataka,Closed,NRE-CS-5923-003(BOS)-9,Tender,2023-11-03,,2024-01-18,,2024-01-23,,,,,https://ntpctender.ntpc.co.in/NITDetails/NITs/26321,,Under Evaluation,,,Yes,1080 MW,,,2026-09-12,2026-09-12,,yes,,T-e128d39d5c9d,
NTPC,"EPC PACKAGE FOR DEVELOPMENT OF 2X100MW GRID CONNECTED SOLAR PV PROJECTS AT GSECL SOLAR PARK (STAGE 1), KHAVDA",Solar,100.0,,Closed,CS-5791-004-9,Tender,2023-07-10,,2024-02-07,,2024-02-20,,,,,https://ntpctender.ntpc.co.in/NITDetails/NITs/25904,,Under Evaluation,,,Yes,100 MW,,,2026-09-12,2026-09-12,,yes,,T-f6a185bc918c,
NTPC,SELECTION OF HYBRID POWER GENERATORS FOR SUPPLY OF 1000 MW POWER FROM ISTS-CONNECTED WIND-SOLAR HYBRID POWER PROJECTS ANYWHERE IN INDIA (NTPC-TRANCHE-V).,Wind-Solar Hybrid,1000.0,,Closed,NTPC/RE-CS/2023-24/Hybrid/BOO-15,Tender,2024-02-01,,2024-02-13,,2024-02-27,,,,,https://ntpctender.ntpc.co.in/NITDetails/NITs/26719,,Under Evaluation,,,Yes,1000 MW,,,2026-09-12,2026-09-12,,yes,,T-e9bef878a764,
SECI,RfS for Selection of Solar Power Developers for Setting up of 1500 MW ISTS-connected Solar PV Power Projects in India under Tariff-Based Competitive Bidding (SECI-ISTS-XIII),Solar,1500.0,,Closed,SECI/C&P/IPP/11/0016/23-24,RfS,2023-12-29,2024-01-05,2024-02-15,2024-02-19,2024-02-20,,,,,https://www.seci.co.in/tender-details/YWN-,,Under Evaluation,,,Yes,1500 MW,,,2026-09-12,2026-09-12,,yes,,T-8036e1e1c232,
SECI,RfS for Selection of Solar Power Developers for Setting up of 1500 MW ISTS-connected Solar PV Power Projects in India under Tariff-Based Competitive Bidding (SECI-ISTS-XIII),Solar,1500.0,,Closed,SECI/C&P/IPP/11/0016/23-24,RfS,2023-12-29,2024-01-05,2024-02-15,2024-02-19,2024-02-20,,,,,https://www.seci.co.in/tender-details/YWN-,,Under Evaluation,,,Yes,1500 MW,,,,,,yes,,8036e1e1c232,
SECI,RfS for 1500 MW Firm and Dispatchable Power from ISTS-connected Renewable Energy (RE) Power Projects (SECI-FDRE-II),Round-the-Clock / CfD / Trading,1500.0,,Closed,SECI/C&P/IPP/13/0005/23-24,RfS,2023-07-31,2023-08-17,2024-02-21,2024-02-23,2024-02-26,,,,,https://www.seci.co.in/tender-details/YWJ2,,Under Evaluation,,,Yes,1500 MW,,,2026-09-12,2026-09-12,,yes,,T-42885d78a817,
SECI,RfS for 1500 MW Firm and Dispatchable Power from ISTS-connected Renewable Energy (RE) Power Projects (SECI-FDRE-II),Unclassified,1500.0,,Closed,SECI/C&P/IPP/13/0005/23-24,RfS,2023-07-31,2023-08-17,2024-02-21,2024-02-23,2024-02-26,,,,,https://www.seci.co.in/tender-details/YWJ2,,Under Evaluation,,,Yes,1500 MW,,,,,,yes,,42885d78a817,
NTPC,SELECTION OF SOLAR POWER GENERATORS FOR SETTING UP OF 1500 MW ISTS-CONNECTED SOLAR POWER PROJECTS ANYWHERE IN INDIA (NTPC-ISTS-III).,Solar,1500.0,,Closed,NTPC/RE-CS/2023-24/Solar/BOO-16,Tender,2024-02-08,,2024-02-22,,2024-03-05,,,,,https://ntpctender.ntpc.co.in/NITDetails/NITs/26724,,Under Evaluation,,,Yes,1500 MW,,,2026-09-12,2026-09-12,,yes,,T-9627843c703f,
SECI,RfS for Setting up of 1500 MW ISTS-Connected Solar PV Power Projects in India (SECI-ISTS-XIV),Solar,1500.0,,Closed,SECI/C&P/IPP/11/0017/23-24,RfS,2024-01-18,2024-01-29,2024-02-23,2024-02-27,2024-02-28,,,,,https://www.seci.co.in/tender-details/YWB2,,Under Evaluation,,,Yes,1500 MW,,,2026-09-12,2026-09-12,,yes,,T-d575a36d1704,
SECI,RfS for Setting up of 1500 MW ISTS-Connected Solar PV Power Projects in India (SECI-ISTS-XIV),Solar,1500.0,,Closed,SECI/C&P/IPP/11/0017/23-24,RfS,2024-01-18,2024-01-29,2024-02-23,2024-02-27,2024-02-28,,,,,https://www.seci.co.in/tender-details/YWB2,,Under Evaluation,,,Yes,1500 MW,,,,,,yes,,d575a36d1704,
SECI,"Tender for Selection of Agency for generation forecasting and load forecasting work including coordination with BESCOM, KPTCL, DRDO/MES- 10 MW Solar PV Power Plant at DRDO Premises, Kolar, Karnataka.",Solar,10.0,Karnataka,Closed,SECI/C&P/MI/00/0019/2023-24,Tender,2023-12-27,2024-01-04,2024-02-28,2024-02-28,2024-02-28,,,,,https://www.seci.co.in/tender-details/YWN_,,Under Evaluation,,,Yes,10 MW,,,2026-09-12,2026-09-12,,yes,,T-5ebd60956530,
SECI,"Tender for Selection of Agency for generation forecasting and load forecasting work including coordination with BESCOM, KPTCL, DRDO/MES- 10 MW Solar PV Power Plant at DRDO Premises, Kolar, Karnataka.",Solar,10.0,Karnataka,Closed,SECI/C&P/MI/00/0019/2023-24,Tender,2023-12-27,2024-01-04,2024-02-28,2024-02-28,2024-02-28,,,,,https://www.seci.co.in/tender-details/YWN_,,Under Evaluation,,,Yes,10 MW,,,,,,yes,,5ebd60956530,
SECI,RfS for 800 MW Firm and Dispatchable Power from ISTS-connected Renewable Energy (RE) Power Projects (SECI-FDRE-III),Round-the-Clock / CfD / Trading,800.0,,Closed,SECI/C&P/IPP/13/0004/23-24,RfS,2023-08-14,2023-08-28,2024-03-06,2024-03-08,2024-03-11,,,,,https://www.seci.co.in/tender-details/YWJ0,,Under Evaluation,,,Yes,800 MW,,,2026-09-12,2026-09-12,,yes,,T-824d7248bd30,
SECI,RfS for 800 MW Firm and Dispatchable Power from ISTS-connected Renewable Energy (RE) Power Projects (SECI-FDRE-III),Unclassified,800.0,,Closed,SECI/C&P/IPP/13/0004/23-24,RfS,2023-08-14,2023-08-28,2024-03-06,2024-03-08,2024-03-11,,,,,https://www.seci.co.in/tender-details/YWJ0,,Under Evaluation,,,Yes,800 MW,,,,,,yes,,824d7248bd30,
SECI,Limited tender for Setting up of 1800 kW Grid-Connected Rooftop Solar PV Projects on government buildings in Uttar Pradesh at IIM-L (Lucknow & Noida campus) and BBAU- Lucknow under RESCO mode,Rooftop Solar,1.8,Uttar Pradesh,Closed,SECI/C&P/IPP/14/0011/23-24,Tender,2024-02-12,2024-02-19,2024-03-12,2024-03-14,2024-03-15,,,,,https://www.seci.co.in/tender-details/YWZ_,,Under Evaluation,,,Yes,1800 kW,,,2026-09-12,2026-09-12,,yes,,T-c6362189e6c6,
SECI,Limited tender for Setting up of 1800 kW Grid-Connected Rooftop Solar PV Projects on government buildings in Uttar Pradesh at IIM-L (Lucknow & Noida campus) and BBAU- Lucknow under RESCO mode,Rooftop Solar,1.8,Uttar Pradesh,Closed,SECI/C&P/IPP/14/0011/23-24,Tender,2024-02-12,2024-02-19,2024-03-12,2024-03-14,2024-03-15,,,,,https://www.seci.co.in/tender-details/YWZ_,,Under Evaluation,,,Yes,1800 kW,,,,,,yes,,c6362189e6c6,
NTPC,SUPPLY AND INSTALLATION OF WIND TURBINE GENERATORS FOR ISTS-CONNECTED WIND ENERGY PROJECT WITH NOMINAL CAPACITY OF 1000 MW IN GUJARAT (UP TO 370 WTG).,Wind,1000.0,Gujarat,Closed,NRE-CS-5921-003(WTG)-9,Tender,2023-11-06,,2024-03-15,,2024-03-18,,,,,https://ntpctender.ntpc.co.in/NITDetails/NITs/26325,,Under Evaluation,,,Yes,1000 MW,,,2026-09-12,2026-09-12,,yes,,T-6b23ce616d0d,
NTPC,26 MW FLOATING SOLAR PV PROJECT AT RESERVOIR- 1B OF NTPC SIPAT.,Floating Solar,26.0,,Closed,RE-CS-5807-004-9,Tender,2024-02-26,,2024-03-22,,2024-04-04,,,,,https://ntpctender.ntpc.co.in/NITDetails/NITs/26792,,Under Evaluation,,,Yes,26 MW,,,2026-09-12,2026-09-12,,yes,,T-0eac606a1ed7,
NTPC,Comprehensive Operation and Maintenance of 225 MW Bilhaur Solar Power Project.,Solar,225.0,,Closed,GEM/2024/B/4701274,Tender,2024-03-15,,2024-03-27,,2024-03-27,,,,,https://ntpctender.ntpc.co.in/NITDetails/NITs/26884,,Under Evaluation,,,Yes,225 MW,,,2026-09-12,2026-09-12,,yes,,T-b0aa9f04d11a,
SECI,Limited tender for Setting up of 1000 kW Grid-Connected Rooftop Solar PV Project at Sardar Vallabh Bhai National Police Academy-Hyderabad under RESCO Mode,Rooftop Solar,1.0,,Closed,SECI/C&P/IPP/14/0010/23-24,Tender,2024-02-02,2024-02-14,2024-03-27,2024-03-29,2024-04-01,,,,,https://www.seci.co.in/tender-details/YWZw,,Under Evaluation,,,Yes,1000 kW,,,2026-09-12,2026-09-12,,yes,,T-2b5c779e47b3,
SECI,Limited tender for Setting up of 1000 kW Grid-Connected Rooftop Solar PV Project at Sardar Vallabh Bhai National Police Academy-Hyderabad under RESCO Mode,Rooftop Solar,1.0,,Closed,SECI/C&P/IPP/14/0010/23-24,Tender,2024-02-02,2024-02-14,2024-03-27,2024-03-29,2024-04-01,,,,,https://www.seci.co.in/tender-details/YWZw,,Under Evaluation,,,Yes,1000 kW,,,,,,yes,,2b5c779e47b3,
NTPC,SELECTION OF HYBRID POWER GENERATORS FOR SUPPLY OF 1000 MW POWER FROM ISTS-CONNECTED WIND-SOLAR HYBRID POWER PROJECTS ANYWHERE IN INDIA (NTPC-TRANCHE-VI).,Wind-Solar Hybrid,1000.0,,Closed,NTPC/RE-CS/2023-24/Hybrid/BOO-17,Tender,2024-03-15,,2024-04-03,,2024-04-16,,,,,https://ntpctender.ntpc.co.in/NITDetails/NITs/26883,,Under Evaluation,,,Yes,1000 MW,,,2026-09-12,2026-09-12,,yes,,T-4abb573623bc,
NTPC,LAND AND EHV TRANSMISSION SYSTEM PACKAGE FOR DEVELOPMENT OF ISTS CONNECTED SOLAR PV PROJECTS (UPTO 800 MW) IN MAHARASHTRA.,Solar,800.0,Maharashtra,Closed,NRE-CS-5804-004(L)-9,Tender,2023-12-05,,2024-04-09,,2024-04-16,,,,,https://ntpctender.ntpc.co.in/NITDetails/NITs/26446,,Under Evaluation,,,Yes,800 MW,,,2026-09-12,2026-09-12,,yes,,T-20aa5d386ee3,
NTPC,"Hiring of 01 No. of Commercial Vehicle (RAJASTHAN REGISTERED) for 12 hrs Duty at Fatehgarh 2GW Solar Project, Rajasthan (MAHINDRA Scorpio / BOLERO NEO or Equivalent) for a Period of 24 Months.",Solar,2000.0,Rajasthan,Closed,GEM/2024/B/4830672,Tender,2024-04-02,,2024-04-12,,2024-04-12,,,,,https://ntpctender.ntpc.co.in/NITDetails/NITs/26937,,Under Evaluation,,,Yes,2 GW,,,2026-09-12,2026-09-12,,yes,,T-8221043315a9,
NTPC,"BALANCE OF SYSTEM PACKAGE (EXCLUDING LAND & TRANSMISSION SYSTEM) OF 1x500MW STU CONNECTED SOLAR PV PROJECT AT BHADLA, RAJASTHAN.",Solar,500.0,Rajasthan,Closed,NRE-CS-5778-004(BOS-R1)-9,Tender,2024-04-01,,2024-04-15,,2024-05-01,,,,,https://ntpctender.ntpc.co.in/NITDetails/NITs/26933,,Under Evaluation,,,Yes,500 MW,,,2026-09-12,2026-09-12,,yes,,T-2400c58b7826,
SECI,Limited tender to set up 11 grid-connected rooftop solar PV power projects of 1960 kW cumulative capacity on NPTI buildings across India under the RESCO mode,Rooftop Solar,1.96,,Closed,SECI/C&P/IPP/14/0022/23-24,Tender,2024-03-14,2024-04-02,2024-04-19,2024-04-23,2024-04-24,,,,,https://www.seci.co.in/tender-details/YWd3,,Under Evaluation,,,Yes,1960 kW,,,2026-09-12,2026-09-12,,yes,,T-3219ba39705a,
SECI,Limited tender to set up 11 grid-connected rooftop solar PV power projects of 1960 kW cumulative capacity on NPTI buildings across India under the RESCO mode,Rooftop Solar,1.96,,Closed,SECI/C&P/IPP/14/0022/23-24,Tender,2024-03-14,2024-04-02,2024-04-19,2024-04-23,2024-04-24,,,,,https://www.seci.co.in/tender-details/YWd3,,Under Evaluation,,,Yes,1960 kW,,,,,,yes,,3219ba39705a,
NTPC,DEPLOYMENT OF 01 NO. OF COMMERCIAL VEHICLE RAJASTHAN REGISTERED FOR A PERIOD OF TWO YEARS AT BIKANER 2GW SOLAR PROJECT RAJASTHAN.,Solar,2000.0,Rajasthan,Closed,GEM/2024/B/4853033,Tender,2024-04-10,,2024-04-22,,2024-04-22,,,,,https://ntpctender.ntpc.co.in/NITDetails/NITs/26978,,Under Evaluation,,,Yes,2 GW,,,2026-09-12,2026-09-12,,yes,,T-a85c11b0dc5c,
NTPC,SUPPLY OF SOLAR PV MODULES FOR 1200 MW KHAVDA SOLAR PROJECT (NORTH BLOCK).,Solar,1200.0,,Closed,NRE-CS-5779-004(MOD-II)-9,Tender,2024-01-19,,2024-04-22,,2024-04-30,,,,,https://ntpctender.ntpc.co.in/NITDetails/NITs/26654,,Under Evaluation,,,Yes,1200 MW,,,2026-09-12,2026-09-12,,yes,,T-b84440e73807,
NTPC,Commercial Vehicle for 12 Hrs. Duty at Fatehgarh 2GW Solar Project (Mahindra Scorpio / Bolero Neo or Equivalent) for a Period of 24 Months.,Solar,2000.0,,Closed,GEM/2024/B/4892292,Tender,2024-04-26,,2024-05-06,,2024-05-06,,,,,https://ntpctender.ntpc.co.in/NITDetails/NITs/27058,,Under Evaluation,,,Yes,2 GW,,,2026-09-12,2026-09-12,,yes,,T-3c01e0b229a4,
NTPC,"Providing Pantry Services, House Keeping, Office Attendant and Security to Fatehgarh 2 GW Solar Project, Jaisalmer, Rajasthan for 24 Months Period",Solar,2000.0,Rajasthan,Closed,GEM/2024/B/4892149,Tender,2024-04-26,,2024-05-06,,2024-05-06,,,,,https://ntpctender.ntpc.co.in/NITDetails/NITs/27056,,Under Evaluation,,,Yes,2 GW,,,2026-09-12,2026-09-12,,yes,,T-dfa4729456ff,
NTPC,EOI for Setting up ISTS Connected 50MW Concentrated Solar Power (CSP) Project with Thermal Energy Storage System (TESS) for 8 Hours Operation during Peak Hours and Non-Solar Hours on Build Own Operate (B-O-O) basis.,Solar + Storage,50.0,,Closed,NTPC/RE/EOI-CSP/2023-24,EOI,2024-03-30,,2024-05-09,,2024-05-14,,,,,https://ntpctender.ntpc.co.in/NITDetails/NITs/26923,,Under Evaluation,,,Yes,50 MW,,,2026-09-12,2026-09-12,,yes,,T-d42c7ba4f5c3,
SECI,"Tender for Manufacturing, Testing, Packing and Forwarding, Supply and Transportation of 900 MWp domestically manufactured Solar PV Modules with domestically manufactured Solar Cells.",Solar,900.0,,Closed,SECI/C&P/OP/11/012/2023-24,Tender,2024-02-20,,2024-05-10,2024-05-10,2024-05-10,,,,,https://www.seci.co.in/tender-details/YWBy,,Under Evaluation,,,Yes,900 MWp,,,2026-09-12,2026-09-12,,yes,,T-58f62315c7cc,
SECI,"Tender for Manufacturing, Testing, Packing and Forwarding, Supply and Transportation of 900 MWp domestically manufactured Solar PV Modules with domestically manufactured Solar Cells.",Solar,900.0,,Closed,SECI/C&P/OP/11/012/2023-24,Tender,2024-02-20,1970-01-01,2024-05-10,2024-05-10,2024-05-10,,,,,https://www.seci.co.in/tender-details/YWBy,,Under Evaluation,,,Yes,900 MWp,,,,,,yes,,58f62315c7cc,
NTPC,"LAND AND POWER EVACUATION PACKAGE FOR DEVELOPMENT OF 900MW ISTS CONNECTED SOLAR PV PROJECTS IN KURNOOL, ANDHRA PRADESH WITH GREEN SHOE OPTION OF 300MW.",Transmission / Evacuation,900.0,Andhra Pradesh,Closed,NRE-CS-5803-004(L)-9,Tender,2023-11-07,,2024-05-14,,2024-05-21,,,,,https://ntpctender.ntpc.co.in/NITDetails/NITs/26330,,Under Evaluation,,,Yes,900 MW,,,2026-09-12,2026-09-12,,yes,,T-63834397be78,
NTPC,"LAND AND POWER EVACUATION PACKAGE FOR DEVELOPMENT OF 900MW ISTS CONNECTED SOLAR PV PROJECTS IN ANANTAPUR, ANDHRA PRADESH WITH GREEN SHOE OPTION OF 300MW.",Transmission / Evacuation,900.0,Andhra Pradesh,Closed,NRE-CS-5802-004(L)-9,Tender,2023-11-07,,2024-05-14,,2024-05-23,,,,,https://ntpctender.ntpc.co.in/NITDetails/NITs/26328,,Under Evaluation,,,Yes,900 MW,,,2026-09-12,2026-09-12,,yes,,T-2cf071482f93,
NTPC,"LAND & EHV TRANSMISSION SYSTEM PACKAGE FOR DEVELOPMENT OF ISTS CONNECTED SOLAR PV PROJECTS (UPTO 1GW) IN BHUJ REGION, GUJARAT.",Solar,1000.0,Gujarat,Closed,NRE-CS-5792-004(L)-9,Tender,2023-10-20,,2024-05-15,,2024-05-22,,,,,https://ntpctender.ntpc.co.in/NITDetails/NITs/26279,,Under Evaluation,,,Yes,1 GW,,,2026-09-12,2026-09-12,,yes,,T-4c0bc9bc2bcc,
SECI,RfS for Selection of Hybrid Power Developers for Setting up of 1200 MW ISTS-connected Wind-Solar Hybrid Power Projects in India under Tariff-Based Competitive Bidding (SECI-Tranche-VIII),Wind-Solar Hybrid,1200.0,,Closed,SECI/C&P/IPP/13/0020/23-24,RfS,2024-02-20,2024-02-28,2024-05-20,2024-05-22,2024-05-24,,,,,https://www.seci.co.in/tender-details/YWB0,,Under Evaluation,,,Yes,1200 MW,,,2026-09-12,2026-09-12,,yes,,T-ee3bef336d85,
SECI,RfS for Selection of Hybrid Power Developers for Setting up of 1200 MW ISTS-connected Wind-Solar Hybrid Power Projects in India under Tariff-Based Competitive Bidding (SECI-Tranche-VIII),Wind-Solar Hybrid,1200.0,,Closed,SECI/C&P/IPP/13/0020/23-24,RfS,2024-02-20,2024-02-28,2024-05-20,2024-05-22,2024-05-24,,,,,https://www.seci.co.in/tender-details/YWB0,,Under Evaluation,,,Yes,1200 MW,,,,,,yes,,ee3bef336d85,
NTPC,"LAND AND POWER EVACUATION PACKAGE FOR DEVELOPMENT OF 150 MW ISTS CONNECTED SOLAR PV PROJECTS IN BHADLA, RAJASTHAN.",Transmission / Evacuation,150.0,Rajasthan,Closed,NRE-CS-5808-004(L)-9,Tender,2024-03-07,,2024-05-21,,2024-06-04,,,,,https://ntpctender.ntpc.co.in/NITDetails/NITs/26838,,Under Evaluation,,,Yes,150 MW,,,2026-09-12,2026-09-12,,yes,,T-a68b8841f181,
NTPC,"DEPLOYMENT OF 01 NO. OF COMMERCIAL VEHICLE FOR A PERIOD OF ONE (01) YEAR AT SOLAR PV PROJECT AT MESANKA SITE, GUJARAT.",Solar,,Gujarat,Closed,GEM/2024/B/4938769,Tender,2024-05-13,,2024-05-23,,2024-05-23,,,,,https://ntpctender.ntpc.co.in/NITDetails/NITs/27122,,Under Evaluation,,,Yes,,,,2026-09-12,2026-09-12,,yes,,T-b57de614beef,
NTPC,PHASE-II 300 MW EPC PACKAGE WITH LAND FOR DEVELOPMENT OF ISTS CONNECTED GROUND MOUNTED SOLAR PV PROJECTS (UPTO 300 MW) ANYWHERE IN INDIA.,Solar,300.0,,Closed,NGEL-CS-5799-004(PH-II)-9,Tender,2024-01-18,,2024-05-24,,2024-05-31,,,,,https://ntpctender.ntpc.co.in/NITDetails/NITs/26651,,Under Evaluation,,,Yes,300 MW,,,2026-09-12,2026-09-12,,yes,,T-abadf51d6ec9,
NTPC,HIRING OF 01 NO OF COMMERCIAL VEHICLE RAJASTHAN REGISTERED FOR 12 HRS DUTY AT FATEHGARH 2GW SOLAR PROJECT RAJASTHAN MAHINDRA SCORPIO BOLERO NEO OR EQUIVALENT FOR A PERIOD OF 24 MONTHS,Solar,2000.0,Rajasthan,Closed,GEM/2024/B/4953382,Tender,2024-05-17,,2024-05-27,,2024-05-27,,,,,https://ntpctender.ntpc.co.in/NITDetails/NITs/27146,,Under Evaluation,,,Yes,2 GW,,,2026-09-12,2026-09-12,,yes,,T-382db0798599,
NTPC,"EPC PACKAGE FOR DEVELOPMENT OF 500MW (2X250MW) GRID CONNECTED SOLAR PV PROJECTS AT BIKANER, RAJASTHAN.",Solar,500.0,Rajasthan,Closed,NRE-CS-5800-004(EPC2)-9,Tender,2024-01-29,,2024-05-31,,2024-06-10,,,,,https://ntpctender.ntpc.co.in/NITDetails/NITs/26679,,Under Evaluation,,,Yes,500 MW,,,2026-09-12,2026-09-12,,yes,,T-19d2151fc089,
NTPC,SUPPLY AND INSTALLATION OF WIND TURBINE GENERATORS FOR ISTS-CONNECTED WIND ENERGY PROJECT WITH NOMINAL CAPACITY OF 110 MW AT KHAVDA NTPC RE PARK.,Wind,110.0,,Closed,NRE-CS-5779-003(WTG)-9R,Tender,2024-04-03,,2024-06-04,,2024-06-25,,,,,https://ntpctender.ntpc.co.in/NITDetails/NITs/26949,,Under Evaluation,,,Yes,110 MW,,,2026-09-12,2026-09-12,,yes,,T-651ca70bdb18,
NTPC,Balance of System Package of ISTS-Connected Wind Energy Project with Nominal Capacity 1000 MW at Solapur in Maharashtra.,Wind,1000.0,Maharashtra,Closed,NRE-CS-5926-003(BOS)-9,Tender,2024-02-09,,2024-06-10,,2024-07-02,,,,,https://ntpctender.ntpc.co.in/NITDetails/NITs/26727,,Under Evaluation,,,Yes,1000 MW,,,2026-09-12,2026-09-12,,yes,,T-f061c94e7fed,
NTPC,BALANCE OF SYSTEM PACKAGE OF ISTS-CONNECTED WIND ENERGY PROJECT WITH NOMINAL CAPACITY OF 1110 MW ANYWHERE IN GUJARAT (TRANCHE-II),Wind,1110.0,Gujarat,Closed,NRE-CS-5922-003(BOS)-9,Tender,2023-11-17,,2024-06-10,,2024-07-01,,,,,https://ntpctender.ntpc.co.in/NITDetails/NITs/26385,,Under Evaluation,,,Yes,1110 MW,,,2026-09-12,2026-09-12,,yes,,T-a6afd9a41121,
NTPC,BOS PACKAGE OF ISTS-CONNECTED WIND ENERGY PROJECT(S) OF NOMINAL CAPACITY OF 1200 MW WITH GREEN SHOE OPTION UP TO 300 MW AT ANANTAPUR IN ANDHRA PRADESH,Wind,1200.0,Andhra Pradesh,Closed,NRE-CS-5924-003(BOS)-9,Tender,2023-11-17,,2024-06-10,,2024-06-24,,,,,https://ntpctender.ntpc.co.in/NITDetails/NITs/26386,,Under Evaluation,,,Yes,1200 MW,,,2026-09-12,2026-09-12,,yes,,T-d8b1c91e1b1b,
NTPC,BOS PACKAGE OF ISTS-CONNECTED WIND ENERGY PROJECT(S) OF NOMINAL CAPACITY OF 1200 MW WITH GREEN SHOE OPTION UP TO 300 MW AT KURNOOL IN ANDHRA PRADESH,Wind,1200.0,Andhra Pradesh,Closed,NRE-CS-5925-003(BOS)-9,Tender,2023-11-17,,2024-06-10,,2024-06-28,,,,,https://ntpctender.ntpc.co.in/NITDetails/NITs/26387,,Under Evaluation,,,Yes,1200 MW,,,2026-09-12,2026-09-12,,yes,,T-41628f251226,
SECI,Limited tender for setting up of 1448 kW Grid-Connected Rooftop Solar PV Projects under RESCO Mode through Tariff-based Competitive Bidding,Rooftop Solar,1.448,,Closed,SECI/C&P/IPP/14/0003/24-25,Tender,2024-05-10,2024-05-22,2024-06-10,2024-06-12,2024-06-13,,,,,https://www.seci.co.in/tender-details/YWZ-,,Under Evaluation,,,Yes,1448 kW,,,2026-09-12,2026-09-12,,yes,,T-1fdff52dac2c,
SECI,Limited tender for setting up of 1448 kW Grid-Connected Rooftop Solar PV Projects under RESCO Mode through Tariff-based Competitive Bidding,Rooftop Solar,1.448,,Closed,SECI/C&P/IPP/14/0003/24-25,Tender,2024-05-10,2024-05-22,2024-06-10,2024-06-12,2024-06-13,,,,,https://www.seci.co.in/tender-details/YWZ-,,Under Evaluation,,,Yes,1448 kW,,,,,,yes,,1fdff52dac2c,
SECI,"Tender for Setting up of Grid Connected 300 MW Ground Mounted Solar PV plant at Ramagiri, Andhra Pradesh.",Solar,300.0,Andhra Pradesh,Closed,SECI/C&P/OP/11/013/2023-24,Tender,2024-03-06,2024-03-13,2024-06-12,2024-06-12,2024-06-12,,,,,https://www.seci.co.in/tender-details/YWB_,,Under Evaluation,,,Yes,300 MW,,,2026-09-12,2026-09-12,,yes,,T-f68597724bc7,
SECI,"Tender for Setting up of Grid Connected 300 MW Ground Mounted Solar PV plant at Ramagiri, Andhra Pradesh.",Solar,300.0,Andhra Pradesh,Closed,SECI/C&P/OP/11/013/2023-24,Tender,2024-03-06,2024-03-13,2024-06-12,2024-06-12,2024-06-12,,,,,https://www.seci.co.in/tender-details/YWB_,,Under Evaluation,,,Yes,300 MW,,,,,,yes,,f68597724bc7,
SECI,RfS for Setting up of 1200 MW ISTS-connected Solar PV Power Projects with 600 MW/1200 MWh Energy Storage Systems (ESS) in India under Tariff-based Competitive Bidding (SECI-ISTS-XV),Solar + Storage,1200.0,,Closed,SECI/C&P/IPP/11/0023/23-24,RfS,2024-03-16,2024-05-16,2024-06-25,2024-06-27,2024-06-28,,,,,https://www.seci.co.in/tender-details/YWF1,,Under Evaluation,,,Yes,1200 MW,,,2026-09-12,2026-09-12,,yes,,T-413eb0d90421,
SECI,RfS for Setting up of 1200 MW ISTS-connected Solar PV Power Projects with 600 MW/1200 MWh Energy Storage Systems (ESS) in India under Tariff-based Competitive Bidding (SECI-ISTS-XV),Solar + Storage,1200.0,,Closed,SECI/C&P/IPP/11/0023/23-24,RfS,2024-03-16,2024-05-16,2024-06-25,2024-06-27,2024-06-28,,,,,https://www.seci.co.in/tender-details/YWF1,,Under Evaluation,,,Yes,1200 MW,,,,,,yes,,413eb0d90421,
SECI,Limited tender for Setting up of 35 MW Grid-Connected Rooftop Solar PV Projects on Govt. Buildings in the Union Territory of Puducherry under RESCO Mode,Rooftop Solar,35.0,Puducherry,Closed,SECI/C&P/IPP/14/0013/23-24,Tender,2024-02-22,2024-03-08,2024-06-27,2024-07-01,2024-07-02,,,,,https://www.seci.co.in/tender-details/YWd1,,Under Evaluation,,,Yes,35 MW,,,2026-09-12,2026-09-12,,yes,,T-883d267aac9d,
SECI,Limited tender for Setting up of 35 MW Grid-Connected Rooftop Solar PV Projects on Govt. Buildings in the Union Territory of Puducherry under RESCO Mode,Rooftop Solar,35.0,Puducherry,Closed,SECI/C&P/IPP/14/0013/23-24,Tender,2024-02-22,2024-03-08,2024-06-27,2024-07-01,2024-07-02,,,,,https://www.seci.co.in/tender-details/YWd1,,Under Evaluation,,,Yes,35 MW,,,,,,yes,,883d267aac9d,
SECI,Limited tender for Setting up of 500 kW Grid-Connected Rooftop Solar PV Project in NDRF Academy Nagpur Campus under RESCO Mode,Rooftop Solar,0.5,,Closed,SECI/C&P/IPP/14/0001/24-25,Tender,2024-05-06,2024-05-21,2024-07-02,2024-07-04,2024-07-05,,,,,https://www.seci.co.in/tender-details/YWd2,,Under Evaluation,,,Yes,500 kW,,,2026-09-12,2026-09-12,,yes,,T-ea281faaaf4d,
SECI,Limited tender for Setting up of 500 kW Grid-Connected Rooftop Solar PV Project in NDRF Academy Nagpur Campus under RESCO Mode,Rooftop Solar,0.5,,Closed,SECI/C&P/IPP/14/0001/24-25,Tender,2024-05-06,2024-05-21,2024-07-02,2024-07-04,2024-07-05,,,,,https://www.seci.co.in/tender-details/YWd2,,Under Evaluation,,,Yes,500 kW,,,,,,yes,,ea281faaaf4d,
SECI,RfS for 1260 MW Firm and Dispatchable Power from ISTS-connected Renewable Energy (RE) Power Projects (SECI-FDRE-IV),Round-the-Clock / CfD / Trading,1260.0,,Closed,SECI/C&P/IPP/13/0006/23-24,RfS,2023-09-15,2023-10-06,2024-07-03,2024-07-05,2024-07-08,,,,,https://www.seci.co.in/tender-details/YWJy,,Under Evaluation,,,Yes,1260 MW,,,2026-09-12,2026-09-12,,yes,,T-f453c0443993,
SECI,RfS for 1260 MW Firm and Dispatchable Power from ISTS-connected Renewable Energy (RE) Power Projects (SECI-FDRE-IV),Unclassified,1260.0,,Closed,SECI/C&P/IPP/13/0006/23-24,RfS,2023-09-15,2023-10-06,2024-07-03,2024-07-05,2024-07-08,,,,,https://www.seci.co.in/tender-details/YWJy,,Under Evaluation,,,Yes,1260 MW,,,,,,yes,,f453c0443993,
NTPC,SELECTION OF SOLAR POWER GENERATORS FOR SETTING UP OF 1200 MW ISTS-CONNECTED SOLAR POWER PROJECTS ANYWHERE IN INDIA,Solar,1200.0,,Closed,NTPC/RE-CS/2024-25/Solar-01,Tender,2024-06-17,,2024-07-04,,2024-07-18,,,,,https://ntpctender.ntpc.co.in/NITDetails/NITs/27298,,Under Evaluation,,,Yes,1200 MW,,,2026-09-12,2026-09-12,,yes,,T-fa15f0fd7ec5,
SECI,RfS for setting up Manufacturing Capacities for Electrolysers in India under SIGHT scheme (Tranche-II),Green Hydrogen / Derivatives,,,Closed,SECI/C&P/MI/00/0022/2023-24,RfS,2024-03-16,2024-04-02,2024-07-05,2024-07-09,2024-07-10,,,,,https://www.seci.co.in/tender-details/YWF2,,Under Evaluation,,,Yes,,,,2026-09-12,2026-09-12,,yes,,T-a5108c7e7cae,
SECI,RfS for setting up Manufacturing Capacities for Electrolysers in India under SIGHT scheme (Tranche-II),Green Hydrogen / Derivatives,,,Closed,SECI/C&P/MI/00/0022/2023-24,RfS,2024-03-16,2024-04-02,2024-07-05,2024-07-09,2024-07-10,,,,,https://www.seci.co.in/tender-details/YWF2,,Under Evaluation,,,Yes,,,,,,,yes,,a5108c7e7cae,
NTPC,HIRING OF 01 NO OF COMMERCIAL VEHICLE RAJASTHAN REGISTERED FOR 12 HRS DUTY AT FATEHGARH 2GW SOLAR PROJECT RAJASTHAN MAHINDRA SCORPIO BOLERO NEO OR EQUIVALENT FOR A PERIOD OF 24 MONTHS.,Solar,2000.0,Rajasthan,Closed,GEM/2024/B/5099104,Tender,2024-06-27,,2024-07-08,,2024-07-08,,,,,https://ntpctender.ntpc.co.in/NITDetails/NITs/27351,,Under Evaluation,,,Yes,2 GW,,,2026-09-12,2026-09-12,,yes,,T-f09cd6b48dae,
NTPC,SUPPLY OF 335 WATT PEAK SOLAR PANELS FOR NGEL BHADLA SOLAR POWER PROJECT.,Solar,,,Closed,GEM/2024/B/4898053,Tender,2024-06-27,,2024-07-10,,2024-07-10,,,,,https://ntpctender.ntpc.co.in/NITDetails/NITs/27372,,Under Evaluation,,,Yes,,,,2026-09-12,2026-09-12,,yes,,T-0c0e1fd61e60,
SECI,"Tender for Design, Engineering, Supply, Construction, Erection, Testing, Commissioning and O&M of 25 MW (AC) Solar PV Power Plant (50 MWp) with 20 MW/50 MWh Battery Energy Storage System at Taru, Leh",Solar + Storage,25.0,,Closed,SECI/C&P/OP/11/014/2024-25,Tender,2024-04-22,2024-04-30,2024-07-12,2024-07-12,2024-07-12,,,,,https://www.seci.co.in/tender-details/YWF_,,Under Evaluation,,,Yes,25 MW,,,2026-09-12,2026-09-12,,yes,,T-5d92a3302c45,
SECI,RfS for Setting up of 1200 MW ISTS-connected Solar PV Power Projects in India under Tariff-based Competitive Bidding (SECI-ISTS-XVI),Solar,1200.0,,Closed,SECI/C&P/IPP/11/0004/24-25,RfS,2024-05-29,2024-06-06,2024-07-12,2024-07-16,2024-07-18,,,,,https://www.seci.co.in/tender-details/YWF-,,Under Evaluation,,,Yes,1200 MW,,,2026-09-12,2026-09-12,,yes,,T-e40707d1066e,
SECI,"Tender for Design, Engineering, Supply, Construction, Erection, Testing, Commissioning and O&M of 25 MW (AC) Solar PV Power Plant (50 MWp) with 20 MW/50 MWh Battery Energy Storage System at Taru, Leh",Solar + Storage,25.0,,Closed,SECI/C&P/OP/11/014/2024-25,Tender,2024-04-22,2024-04-30,2024-07-12,2024-07-12,2024-07-12,,,,,https://www.seci.co.in/tender-details/YWF_,,Under Evaluation,,,Yes,25 MW,,,,,,yes,,5d92a3302c45,
SECI,RfS for Setting up of 1200 MW ISTS-connected Solar PV Power Projects in India under Tariff-based Competitive Bidding (SECI-ISTS-XVI),Solar,1200.0,,Closed,SECI/C&P/IPP/11/0004/24-25,RfS,2024-05-29,2024-06-06,2024-07-12,2024-07-16,2024-07-18,,,,,https://www.seci.co.in/tender-details/YWF-,,Under Evaluation,,,Yes,1200 MW,,,,,,yes,,e40707d1066e,
SECI,Limited tender for setting up of 2767 kW Grid-Connected Rooftop Solar PV Projects under RESCO Mode,Rooftop Solar,2.767,,Closed,SECI/C&P/IPP/14/0008/24-25,Tender,2024-06-14,2024-06-27,2024-07-19,2024-07-23,2024-07-24,,,,,https://www.seci.co.in/tender-details/YWd0,,Under Evaluation,,,Yes,2767 kW,,,2026-09-12,2026-09-12,,yes,,T-08ecfe191835,
SECI,Limited tender for setting up of 2767 kW Grid-Connected Rooftop Solar PV Projects under RESCO Mode,Rooftop Solar,2.767,,Closed,SECI/C&P/IPP/14/0008/24-25,Tender,2024-06-14,2024-06-27,2024-07-19,2024-07-23,2024-07-24,,,,,https://www.seci.co.in/tender-details/YWd0,,Under Evaluation,,,Yes,2767 kW,,,,,,yes,,08ecfe191835,
NTPC,SELECTION OF HYBRID POWER GENERATORS FOR SUPPLY OF 1200 MW POWER FROM ISTS-CONNECTED WIND-SOLAR HYBRID POWER PROJECTS ANYWHERE IN INDIA.,Wind-Solar Hybrid,1200.0,,Closed,NTPC/RE-CS/2024-25/HYBRID-01,Tender,2024-06-30,,2024-07-23,,2024-08-07,,,,,https://ntpctender.ntpc.co.in/NITDetails/NITs/27368,,Under Evaluation,,,Yes,1200 MW,,,2026-09-12,2026-09-12,,yes,,T-938a244d23b9,
NTPC,"EPC PACKAGE FOR DEVELOPMENT OF 795MW (2x275MW + 1x245MW) SOLAR PV PROJECTS AT KHAVDA RE POWER PARK, RANN OF KUTCH.",Solar,795.0,,Closed,NRE-CS-5779-004(EPC2)-9,Tender,2024-07-10,,2024-07-26,,2024-08-13,,,,,https://ntpctender.ntpc.co.in/NITDetails/NITs/27408,,Under Evaluation,,,Yes,795 MW,,,2026-09-12,2026-09-12,,yes,,T-ceb453b52974,
NTPC,"EPC PACKAGE FOR DEVELOPMENT OF 225MW GRID CONNECTED SOLAR PV PROJECTS AT GSECL SOLAR PARK (STAGE-III), KHAVDA",Solar,225.0,,Closed,NRE-CS-5809-004-9,Tender,2024-05-16,,2024-07-26,,2024-07-26,,,,,https://ntpctender.ntpc.co.in/NITDetails/NITs/27139,,Under Evaluation,,,Yes,225 MW,,,2026-09-12,2026-09-12,,yes,,T-de15f70d1bf2,
NTPC,Land and Power Evacuation Package for Development of 900 MW ISTS connected Solar Power Project in Neemuch Region of Madhya Pradesh.,Transmission / Evacuation,900.0,Madhya Pradesh,Closed,NRE-CS-5810-004(L)-9,Tender,2024-05-02,,2024-07-29,,2024-08-12,,,,,https://ntpctender.ntpc.co.in/NITDetails/NITs/27078,,Under Evaluation,,,Yes,900 MW,,,2026-09-12,2026-09-12,,yes,,T-6975a7a5eaec,
SECI,"Tender for the “Hiring of Vehicles on Monthly basis at 100 MW (AC) Floating Solar PV Project of SECI at Getalsud Dam, Ranchi, Jharkhand”",Floating Solar,100.0,Jharkhand,Closed,GEM/2024/B/5174454,Tender,2024-07-18,,2024-07-29,2024-07-29,2024-07-29,,,,,https://www.seci.co.in/tender-details/YWd_,,Under Evaluation,,,Yes,100 MW,,,2026-09-12,2026-09-12,,yes,,T-44fdcfd0ce29,
SECI,"Tender for the “Hiring of Vehicles on Monthly basis at 100 MW (AC) Floating Solar PV Project of SECI at Getalsud Dam, Ranchi, Jharkhand”",Floating Solar,100.0,Jharkhand,Closed,GEM/2024/B/5174454,Tender,2024-07-18,1970-01-01,2024-07-29,2024-07-29,2024-07-29,,,,,https://www.seci.co.in/tender-details/YWd_,,Under Evaluation,,,Yes,100 MW,,,,,,yes,,44fdcfd0ce29,
SECI,RfS for 500 MW ISTS-Connected Wind Power Projects in India (SECI-Tranche-XVII),Wind,500.0,,Closed,SECI/C&P/IPP/12/0002/24-25,RfS,2024-05-29,2024-06-05,2024-08-05,2024-08-07,2024-08-08,,,,,https://www.seci.co.in/tender-details/YWZ3,,Under Evaluation,,,Yes,500 MW,,,2026-09-12,2026-09-12,,yes,,T-37ec3e82b4a8,
SECI,RfS for 500 MW ISTS-Connected Wind Power Projects in India (SECI-Tranche-XVII),Wind,500.0,,Closed,SECI/C&P/IPP/12/0002/24-25,RfS,2024-05-29,2024-06-05,2024-08-05,2024-08-07,2024-08-08,,,,,https://www.seci.co.in/tender-details/YWZ3,,Under Evaluation,,,Yes,500 MW,,,,,,yes,,37ec3e82b4a8,
NTPC,"EPC PACKAGE FOR DEVELOPMENT OF 260MW (1x260MW) GRID CONNECTED SOLAR PV PROJECT AT BIKANER, RAJASTHAN.",Solar,260.0,Rajasthan,Closed,NRE-CS-5800-004(EPC3)-9,Tender,2024-04-29,,2024-08-06,,2024-08-20,,,,,https://ntpctender.ntpc.co.in/NITDetails/NITs/27064,,Under Evaluation,,,Yes,260 MW,,,2026-09-12,2026-09-12,,yes,,T-fe18307ee241,
SECI,RfS for Selection of Hybrid Power Developers for Setting up of 400 MW ISTS-connected Wind-Solar Hybrid Power Projects in India (SECI-Tranche-IX),Wind-Solar Hybrid,400.0,,Closed,SECI/C&P/IPP/13/0006/24-25,RfS,2024-06-28,2024-07-05,2024-08-06,2024-08-08,2024-08-09,,,,,https://www.seci.co.in/tender-details/YWZx,,Under Evaluation,,,Yes,400 MW,,,2026-09-12,2026-09-12,,yes,,T-dfce7a12c394,
SECI,RfS for Selection of Hybrid Power Developers for Setting up of 400 MW ISTS-connected Wind-Solar Hybrid Power Projects in India (SECI-Tranche-IX),Wind-Solar Hybrid,400.0,,Closed,SECI/C&P/IPP/13/0006/24-25,RfS,2024-06-28,2024-07-05,2024-08-06,2024-08-08,2024-08-09,,,,,https://www.seci.co.in/tender-details/YWZx,,Under Evaluation,,,Yes,400 MW,,,,,,yes,,dfce7a12c394,
SECI,RfS for setting up of 1000 MW/2000 MWh Standalone Battery Energy Storage Systems in India (ESS-2),Energy Storage (BESS),1000.0,,Closed,SECI/C&P/IPP/15/0009/24-25,RfS,2024-06-26,2024-07-12,2024-08-12,2024-08-14,2024-08-16,,,,,https://www.seci.co.in/tender-details/YWZy,,Under Evaluation,,,Yes,1000 MW,,,2026-09-12,2026-09-12,,yes,,T-381510c59735,
SECI,RfS for setting up of 1000 MW/2000 MWh Standalone Battery Energy Storage Systems in India (ESS-2),Energy Storage (BESS),1000.0,,Closed,SECI/C&P/IPP/15/0009/24-25,RfS,2024-06-26,2024-07-12,2024-08-12,2024-08-14,2024-08-16,,,,,https://www.seci.co.in/tender-details/YWZy,,Under Evaluation,,,Yes,1000 MW,,,,,,yes,,381510c59735,
NTPC,SELECTION OF RE POWER GENERATORS FOR SUPPLY OF 1200 MW FIRM AND DISPATCHABLE POWER (ASSURED PEAK POWER SUPPLY) FROM ISTS-CONNECTED RENEWABLE ENERGY (RE) POWER PROJECTS ANYWHERE IN INDIA ON BUILT-OWN- OPERATE BASIS.,Round-the-Clock / CfD / Trading,1200.0,,Closed,NTPC/RE-CS/2024-25/FDRE-01,Tender,2024-05-31,,2024-08-13,,2024-08-27,,,,,https://ntpctender.ntpc.co.in/NITDetails/NITs/27244,,Under Evaluation,,,Yes,1200 MW,,,2026-09-12,2026-09-12,,yes,,T-9fcced9ee2ad,
NTPC,GREEN HYDROGEN FUEL CELL LOCOMOTIVE(S) FOR OPERATION AT THE MGR OF NTPC SIPAT.,Green Hydrogen / Derivatives,,,Closed,CS-5858-GreenH2LOCO-9,Tender,2024-06-21,,2024-08-20,,2024-08-21,,,,,https://ntpctender.ntpc.co.in/NITDetails/NITs/27326,,Under Evaluation,,,Yes,,,,2026-09-12,2026-09-12,,yes,,T-fc891c2d8761,
NTPC,BESS MAIN PACKAGE FOR DEVELOPMENT OF GRID CONNECTED 250MW/500MWH STANDALONE BESS AT NTPC-GADARWARA AND NTPC-SOLAPUR.,Energy Storage (BESS),250.0,,Closed,RE-CS-5814-005-9,Tender,2024-06-12,,2024-08-20,,2024-08-27,,,,,https://ntpctender.ntpc.co.in/NITDetails/NITs/27277,,Under Evaluation,,,Yes,250 MW,,,2026-09-12,2026-09-12,,yes,,T-687e4f19f247,
NTPC,"SUBSTATION PACKAGE OF 945MVA CAPACITY FOR POWER EVACUATION FROM SOLAR PV PROJECTS AT BIKANER, RAJASTHAN",Transmission / Evacuation,,Rajasthan,Closed,NRE-CS-5800-004(SS1)-9,Tender,2023-12-13,,2024-08-26,,2024-09-05,,,,,https://ntpctender.ntpc.co.in/NITDetails/NITs/26491,,Under Evaluation,,,Yes,,,,2026-09-12,2026-09-12,,yes,,T-7ff0b0f77c19,
NTPC,"SETTING UP OF A REMOTE ASSET MONITORING CENTER (RAMC) AT RE AMG, JAIPUR",Unclassified,,,Closed,GEM/2024/B/5303686,Tender,2024-08-19,,2024-09-05,,2024-09-05,,,,,https://ntpctender.ntpc.co.in/NITDetails/NITs/27569,,Under Evaluation,,,Yes,,,,2026-09-12,2026-09-12,,yes,,T-3104dbdea241,
NTPC,"LAND AND POWER EVACUATION PACKAGE FOR DEVELOPMENT OF 2000MW ISTS CONNECTED SOLAR PV PROJECTS IN BARMER, RAJASTHAN.",Transmission / Evacuation,2000.0,Rajasthan,Closed,NRE-CS-5806-004(L)-9,Tender,2024-02-22,,2024-09-06,,2024-09-17,,,,,https://ntpctender.ntpc.co.in/NITDetails/NITs/26774,,Under Evaluation,,,Yes,2000 MW,,,2026-09-12,2026-09-12,,yes,,T-245ef5160dd8,
NTPC,Hiring of 01 No. of Commercial Vehicle for 12 Hrs Duty at Fatehgarh 2GW Solar Project (Mahindra Scorpio 4WD or Equivalent 4WD) for a Period of 24 Months.,Solar,2000.0,,Closed,GEM/2024/B/5340051,Tender,2024-08-29,,2024-09-09,,2024-09-09,,,,,https://ntpctender.ntpc.co.in/NITDetails/NITs/27644,,Under Evaluation,,,Yes,2 GW,,,2026-09-12,2026-09-12,,yes,,T-3783bf989885,
NTPC,SUBSTATION PACKAGE UNDER DEVELOPMENT OF 630MW BARETHI SOLAR PARK.,Transmission / Evacuation,630.0,,Closed,NRE-CS-5793-004(SS)-9,Tender,2023-10-31,,2024-09-09,,2024-09-09,,,,,https://ntpctender.ntpc.co.in/NITDetails/NITs/26311,,Under Evaluation,,,Yes,630 MW,,,2026-09-12,2026-09-12,,yes,,T-90d028e84473,
NTPC,"Sale of 1,00,000 Carbon Credits (VERs) of RE Projects (Wind and Solar) of NTPC Green Energy Limited Registered under VCS (Verified Carbon Standard) Program",Solar,,,Closed,NGEL-RE-CS-CARBON CREDIT-001,Tender,2024-08-16,,2024-09-12,,2024-09-13,,,,,https://ntpctender.ntpc.co.in/NITDetails/NITs/27563,,Under Evaluation,,,Yes,,,,2026-09-12,2026-09-12,,yes,,T-ba46c774168f,
SECI,RfS for 500 MW Firm and Dispatchable Power from ISTS-connected Renewable Energy (RE) Power Projects (SECI-FDRE-I),Round-the-Clock / CfD / Trading,500.0,,Closed,SECI/C&P/IPP/13/0003/23-24,RfS,2023-07-07,2023-07-25,2024-09-12,2024-09-17,2024-09-18,,,,,https://www.seci.co.in/tender-details/aWY,,Under Evaluation,,,Yes,500 MW,,,2026-09-12,2026-09-12,,yes,,T-7e342d42147e,
SECI,RfS for 500 MW Firm and Dispatchable Power from ISTS-connected Renewable Energy (RE) Power Projects (SECI-FDRE-I),Unclassified,500.0,,Closed,SECI/C&P/IPP/13/0003/23-24,RfS,2023-07-07,2023-07-25,2024-09-12,2024-09-17,2024-09-18,,,,,https://www.seci.co.in/tender-details/aWY,,Under Evaluation,,,Yes,500 MW,,,,,,yes,,7e342d42147e,
NTPC,SELECTION OF SOLAR POWER GENERATORS FOR SETTING UP OF 1200 MW ISTS-CONNECTED SOLAR PV POWER PROJECTS ANYWHERE IN INDIA WITH GREENSHOE OPTION OF ADDITIONAL CAPACITY UPTO 600 MW.,Solar,1200.0,,Closed,NTPC/RE-CS/2024-25/Solar-02,Tender,2024-08-29,,2024-09-19,,2024-10-09,,,,,https://ntpctender.ntpc.co.in/NITDetails/NITs/27628,,Under Evaluation,,,Yes,1200 MW,,,2026-09-12,2026-09-12,,yes,,T-51b3cdfe7fa3,
NTPC,"Deployment of one (1) no. of commercial Vehicle AC Mahindra Scorpio or equivalent (4X4 drive) for a period of Two (02) years at Bikaner 2 GW Solar project (Tranche-III), Rajasthan.",Solar,2000.0,Rajasthan,Closed,GEM/2024/B/5390584,Tender,2024-09-12,,2024-09-23,,2024-09-23,,,,,https://ntpctender.ntpc.co.in/NITDetails/NITs/27689,,Under Evaluation,,,Yes,2 GW,,,2026-09-12,2026-09-12,,yes,,T-f1fb74da8652,
SECI,RfS for 1000 MW Firm and Dispatchable Power from ISTS-connected RE Power Projects (SECI-FDRE-V),Round-the-Clock / CfD / Trading,1000.0,,Closed,SECI/C&P/IPP/13/0014/23-24,RfS,2023-11-28,2023-12-11,2024-09-23,2024-09-25,2024-09-26,,,,,https://www.seci.co.in/tender-details/YWN2,,Under Evaluation,,,Yes,1000 MW,,,2026-09-12,2026-09-12,,yes,,T-df2c1b9c49af,
SECI,RfS for 1000 MW Firm and Dispatchable Power from ISTS-connected RE Power Projects (SECI-FDRE-V),Unclassified,1000.0,,Closed,SECI/C&P/IPP/13/0014/23-24,RfS,2023-11-28,2023-12-11,2024-09-23,2024-09-25,2024-09-26,,,,,https://www.seci.co.in/tender-details/YWN2,,Under Evaluation,,,Yes,1000 MW,,,,,,yes,,df2c1b9c49af,
NTPC,"Master Planning and Detailed Engineering of Infrastructures for Green Hydrogen Hub at Pudimadaka, Andhra Pradesh",Green Hydrogen / Derivatives,,Andhra Pradesh,Closed,GEM/2024/B/5360174,Tender,2024-09-04,,2024-09-26,,2024-09-26,,,,,https://ntpctender.ntpc.co.in/NITDetails/NITs/27652,,Under Evaluation,,,Yes,,,,2026-09-12,2026-09-12,,yes,,T-5c73e8173d7e,
SECI,"Tender for Design, Engineering, Supply, Construction, Erection, Testing, Commissioning and O&M of 12 MW (AC) Solar PV Power Plant System at Phey, Leh, UT of Ladakh, India",Solar,12.0,Ladakh,Closed,SECI/C&P/PMC/11/03/2024-25,Tender,2024-07-26,2024-08-06,2024-09-27,2024-09-27,2024-09-27,,,,,https://www.seci.co.in/tender-details/YWR3,,Under Evaluation,,,Yes,12 MW,,,2026-09-12,2026-09-12,,yes,,T-c2697f90ad42,
SECI,"Tender for Design, Engineering, Supply, Construction, Erection, Testing, Commissioning and O&M of 12 MW (AC) Solar PV Power Plant System at Phey, Leh, UT of Ladakh, India",Solar,12.0,Ladakh,Closed,SECI/C&P/PMC/11/03/2024-25,Tender,2024-07-26,2024-08-06,2024-09-27,2024-09-27,2024-09-27,,,,,https://www.seci.co.in/tender-details/YWR3,,Under Evaluation,,,Yes,12 MW,,,,,,yes,,c2697f90ad42,
NTPC,SELECTION OF HYBRID POWER GENERATORS FOR SUPPLY OF 1200 MW POWER FROM ISTS-CONNECTED WIND-SOLAR HYBRID POWER PROJECTS ANYWHERE IN INDIA WITH GREENSHOE OPTION OF ADDITIONAL CAPACITY UPTO 600 MW,Wind-Solar Hybrid,1200.0,,Closed,NTPC/RE-CS/2024-25/HYBRID-02,Tender,2024-08-30,,2024-09-30,,2024-10-17,,,,,https://ntpctender.ntpc.co.in/NITDetails/NITs/27631,,Under Evaluation,,,Yes,1200 MW,,,2026-09-12,2026-09-12,,yes,,T-0204ef8eee9d,
SECI,RfS for Setting up of 2000 MW ISTS-connected Solar PV Power Projects with 1000 MW/4000 MWh Energy Storage Systems (ESS) in India under Tariff-based Competitive Bidding (SECI-ISTS-XVII),Solar + Storage,2000.0,,Closed,SECI/C&P/IPP/11/0011/24-25,RfS,2024-07-31,2024-08-12,2024-09-30,2024-10-03,2024-10-04,,,,,https://www.seci.co.in/tender-details/YWR1,,Under Evaluation,,,Yes,2000 MW,,,2026-09-12,2026-09-12,,yes,,T-c51d2f5bb67c,
SECI,"Limited tender for setting up grid-connected SPV projects of 1998 kW at IIM Nagpur, Mihan Campus, Maharashtra under CAPEX mode",Solar,1.998,Maharashtra,Closed,SECI/C&P/IPP/11/0010/24-25,Tender,2024-08-16,2024-08-27,2024-09-30,2024-10-03,2024-10-04,,,,,https://www.seci.co.in/tender-details/YWRz,,Under Evaluation,,,Yes,1998 kW,,,2026-09-12,2026-09-12,,yes,,T-f824e98f39c7,
SECI,RfS for Setting up of 2000 MW ISTS-connected Solar PV Power Projects with 1000 MW/4000 MWh Energy Storage Systems (ESS) in India under Tariff-based Competitive Bidding (SECI-ISTS-XVII),Solar + Storage,2000.0,,Closed,SECI/C&P/IPP/11/0011/24-25,RfS,2024-07-31,2024-08-12,2024-09-30,2024-10-03,2024-10-04,,,,,https://www.seci.co.in/tender-details/YWR1,,Under Evaluation,,,Yes,2000 MW,,,,,,yes,,c51d2f5bb67c,
SECI,"Limited tender for setting up grid-connected SPV projects of 1998 kW at IIM Nagpur, Mihan Campus, Maharashtra under CAPEX mode",Solar,1.998,Maharashtra,Closed,SECI/C&P/IPP/11/0010/24-25,Tender,2024-08-16,2024-08-27,2024-09-30,2024-10-03,2024-10-04,,,,,https://www.seci.co.in/tender-details/YWRz,,Under Evaluation,,,Yes,1998 kW,,,,,,yes,,f824e98f39c7,
NTPC,"EPC PACKAGE FOR DEVELOPMENT OF 650MW (2X325MW) GRID CONNECTED SOLAR PV PROJECTS AT BIKANER, RAJASTHAN.",Solar,650.0,Rajasthan,Closed,NRE-CS-5800-004(EPC1)-9,Tender,2023-10-28,,2024-10-01,,2024-10-04,,,,,https://ntpctender.ntpc.co.in/NITDetails/NITs/26298,,Under Evaluation,,,Yes,650 MW,,,2026-09-12,2026-09-12,,yes,,T-37d77c2747c4,
NTPC,"BALANCE OF SYSTEM PACKAGE OF ISTS-CONNECTED WIND ENERGY PROJECT WITH NOMINAL CAPACITY OF 1000 MW IN DAVANGERE REGION, KARNATAKA (TRANCHE-IV).",Wind,1000.0,Karnataka,Closed,NRE-CS-5928-003(BOS)-9,Tender,2024-06-14,,2024-10-17,,2024-10-17,,,,,https://ntpctender.ntpc.co.in/NITDetails/NITs/27286,,Under Evaluation,,,Yes,1000 MW,,,2026-09-12,2026-09-12,,yes,,T-a2513de3848b,
NTPC,"20 MW GROUND MOUNTED SOLAR PV PROJECT IN THE MGR BULB AREA OF NTPC VINDHYACHAL, P.O. Vindhyanagar, Singrauli, MP.",Solar,20.0,,Closed,RE-CS-5812-004-9,Tender,2024-07-24,,2024-10-21,,2024-10-21,,,,,https://ntpctender.ntpc.co.in/NITDetails/NITs/27450,,Under Evaluation,,,Yes,20 MW,,,2026-09-12,2026-09-12,,yes,,T-1fcba23871a9,
NTPC,Selection of Developers for ISTS Connected Energy Storage Solutions of 9000MWH with 1500MW (Min) Capacity (Anywhere in India).,Unclassified,1500.0,,Closed,NRE-CS-0000-BOO-2,Tender,2023-04-19,,2024-10-24,,2024-11-07,,,,,https://ntpctender.ntpc.co.in/NITDetails/NITs/25560,,Under Evaluation,,,Yes,1500 MW,,,2026-09-12,2026-09-12,,yes,,T-37d9ee64b67f,
SECI,"Tender for Design, Engineering, Supply, Construction, Erection, Testing and Commissioning along with 10 years of O&M of 7.5 MW (AC) Solar PV Power Plant at Badi Sid, Rajasthan",Solar,7.5,Rajasthan,Closed,SECI/C&P/OP/11/015/2024-25,Tender,2024-07-03,2024-07-12,2024-10-24,2024-10-24,2024-10-24,,,,,https://www.seci.co.in/tender-details/YWdy,,Under Evaluation,,,Yes,7.5 MW,,,2026-09-12,2026-09-12,,yes,,T-eace7f4df2fc,
SECI,"Tender for Design, Engineering, Supply, Construction, Erection, Testing and Commissioning along with 10 years of O&M of 7.5 MW (AC) Solar PV Power Plant at Badi Sid, Rajasthan",Solar,7.5,Rajasthan,Closed,SECI/C&P/OP/11/015/2024-25,Tender,2024-07-03,2024-07-12,2024-10-24,2024-10-24,2024-10-24,,,,,https://www.seci.co.in/tender-details/YWdy,,Under Evaluation,,,Yes,7.5 MW,,,,,,yes,,eace7f4df2fc,
NTPC,"BALANCE OF SYSTEM PACKAGE OF ISTSCONNECTED WIND ENERGY PROJECT WITH NOMINAL CAPACITY OF 1110 MW IN BIJAPUR REGION, KARNATAKA (TRANCHE-II).",Wind,1110.0,Karnataka,Closed,NRE-CS-5927-003(BOS)-9,Tender,2024-04-22,,2024-10-30,,2024-11-12,,,,,https://ntpctender.ntpc.co.in/NITDetails/NITs/27028,,Under Evaluation,,,Yes,1110 MW,,,2026-09-12,2026-09-12,,yes,,T-8c237e5a6b6e,
NTPC,"Providing Pantry Services, House Keeping and Office Attendant for Bikaner 2 GW Solar Project, Bikaner, Rajasthan for 24 Months Period.",Solar,2000.0,Rajasthan,Closed,GEM/2024/B/5526739,Tender,2024-10-21,,2024-11-01,,2024-11-01,,,,,https://ntpctender.ntpc.co.in/NITDetails/NITs/27827,,Under Evaluation,,,Yes,2 GW,,,2026-09-12,2026-09-12,,yes,,T-d7119b95b074,
NTPC,"EPC PACKAGE FOR DEVELOPMENT OF 630 MW (2x 315 MW) GRID CONNECTED SOLAR PV PROJECT (S) IN BARETHI, MADHYA PRADESH.",Solar,630.0,Madhya Pradesh,Closed,NRE-CS-5793-004(EPC)-9,Tender,2023-11-06,,2024-11-13,,2024-11-25,,,,,https://ntpctender.ntpc.co.in/NITDetails/NITs/26323,,Under Evaluation,,,Yes,630 MW,,,2026-09-12,2026-09-12,,yes,,T-e3d090413ac1,
SECI,Setting up of Grid-Connected Solar PV Projects with Battery Energy Storage System (BESS) in Lakshadweep under RESCO Mode,Solar + Storage,,Lakshadweep,Closed,SECI/C&P/IPP/11/0007/24-25,Tender,2024-06-14,2024-06-26,2024-11-14,2024-11-19,2024-11-20,,,,,https://www.seci.co.in/tender-details/YWZz,,Under Evaluation,,,Yes,,,,2026-09-12,2026-09-12,,yes,,T-7904b43cdfea,
SECI,RfS for assured Peak supply of 8000 MWh (2000 MW x 4 Hrs.) from ISTS-Connected RE Projects (SECI-FDRE-VI),Round-the-Clock / CfD / Trading,2000.0,,Closed,SECI/C&P/IPP/13/0013/24-25,RfS,2024-09-12,2024-09-23,2024-11-14,2024-11-19,2024-11-20,,,,,https://www.seci.co.in/tender-details/YWV3,,Under Evaluation,,,Yes,2000 MW,,,2026-09-12,2026-09-12,,yes,,T-e753088b3edc,
SECI,RfS for 1000 MW ISTS-Connected Solar PV Power Projects in India (SECI-ISTS-XVIII),Solar,1000.0,,Closed,SECI/C&P/IPP/11/0014/24-25,RfS,2024-09-12,2024-09-18,2024-11-14,2024-11-19,2024-11-20,,,,,https://www.seci.co.in/tender-details/YWV2,,Under Evaluation,,,Yes,1000 MW,,,2026-09-12,2026-09-12,,yes,,T-300074d526a5,
SECI,Setting up of Grid-Connected Solar PV Projects with Battery Energy Storage System (BESS) in Lakshadweep under RESCO Mode,Solar + Storage,,Lakshadweep,Closed,SECI/C&P/IPP/11/0007/24-25,Tender,2024-06-14,2024-06-26,2024-11-14,2024-11-19,2024-11-20,,,,,https://www.seci.co.in/tender-details/YWZz,,Under Evaluation,,,Yes,,,,,,,yes,,7904b43cdfea,
SECI,RfS for assured Peak supply of 8000 MWh (2000 MW x 4 Hrs.) from ISTS-Connected RE Projects (SECI-FDRE-VI),Round-the-Clock / CfD / Trading,2000.0,,Closed,SECI/C&P/IPP/13/0013/24-25,RfS,2024-09-12,2024-09-23,2024-11-14,2024-11-19,2024-11-20,,,,,https://www.seci.co.in/tender-details/YWV3,,Under Evaluation,,,Yes,2000 MW,,,,,,yes,,e753088b3edc,
SECI,RfS for 1000 MW ISTS-Connected Solar PV Power Projects in India (SECI-ISTS-XVIII),Solar,1000.0,,Closed,SECI/C&P/IPP/11/0014/24-25,RfS,2024-09-12,2024-09-18,2024-11-14,2024-11-19,2024-11-20,,,,,https://www.seci.co.in/tender-details/YWV2,,Under Evaluation,,,Yes,1000 MW,,,,,,yes,,300074d526a5,
NTPC,"POWER EVACUATION PACKAGE-II UNDER DEVELOPMENT OF 755MW GVREL SOLAR PARK AT TILAIYA AND PANCHET RESERVOIR, DVC OF GREEN VALLEY RENEWABLE ENERGY LIMITED",Transmission / Evacuation,755.0,,Closed,NGEL-CS-5785-004(EVC2)-9R,Tender,2024-11-04,,2024-11-25,,2024-12-05,,,,,https://ntpctender.ntpc.co.in/NITDetails/NITs/27899,,Under Evaluation,,,Yes,755 MW,,,2026-09-12,2026-09-12,,yes,,T-32916b355c9c,
NTPC,"Land and Power Evacuation Package for Development of 1000 MW ISTS connected Solar PV Projects in Mandsaur Region, Madhya Pradesh.",Transmission / Evacuation,1000.0,Madhya Pradesh,Closed,NRE-CS-5816-004(L)-9,Tender,2024-08-07,,2024-11-25,,2024-12-02,,,,,https://ntpctender.ntpc.co.in/NITDetails/NITs/27535,,Under Evaluation,,,Yes,1000 MW,,,2026-09-12,2026-09-12,,yes,,T-8179cd8549d7,
NTPC,"BALANCE OF SYSTEM PACKAGE OF ISTS-CONNECTED WIND ENERGY PROJECT WITH NOMINAL CAPACITY OF 1000 MW IN BELLARY REGION, KARNATAKA (TRANCHE-V).",Wind,1000.0,Karnataka,Closed,NRE-CS-5929-003(BOS)-9,Tender,2024-06-14,,2024-11-28,,2024-11-28,,,,,https://ntpctender.ntpc.co.in/NITDetails/NITs/27285,,Under Evaluation,,,Yes,1000 MW,,,2026-09-12,2026-09-12,,yes,,T-3e1d4bf10fb0,
SECI,RfS for Setting up Production Facilities for Green Hydrogen in India under SIGHT Scheme (Mode-1-Tranche-II),Green Hydrogen / Derivatives,,,Closed,SECI/C&P/MI/00/0006/2024-25,RfS,2024-07-11,2024-07-19,2024-12-04,2024-12-06,2024-12-09,,,,,https://www.seci.co.in/tender-details/YWdw,,Under Evaluation,,,Yes,,,,2026-09-12,2026-09-12,,yes,,T-eae453cce18c,
SECI,RfS for Setting up Production Facilities for Green Hydrogen in India under SIGHT Scheme (Mode-1-Tranche-II),Green Hydrogen / Derivatives,,,Closed,SECI/C&P/MI/00/0006/2024-25,RfS,2024-07-11,2024-07-19,2024-12-04,2024-12-06,2024-12-09,,,,,https://www.seci.co.in/tender-details/YWdw,,Under Evaluation,,,Yes,,,,,,,yes,,eae453cce18c,
NTPC,"Land and Power Evacuation Package for Development of 600 MW ISTS Connected Solar PV Projects in Dhule Region, Maharashtra.",Transmission / Evacuation,600.0,Maharashtra,Closed,NRE-CS-5820-004(L)-9,Tender,2024-10-18,,2024-12-11,,2024-12-20,,,,,https://ntpctender.ntpc.co.in/NITDetails/NITs/27821,,Under Evaluation,,,Yes,600 MW,,,2026-09-12,2026-09-12,,yes,,T-46329b2242cb,
NTPC,"Land and Power Evacuation Package for Development of 1000 MW ISTS connected Solar PV Projects in Bidar Region, Karnataka.",Transmission / Evacuation,1000.0,Karnataka,Closed,NRE-CS-5819-004(L)-9,Tender,2024-09-25,,2024-12-11,,2024-12-18,,,,,https://ntpctender.ntpc.co.in/NITDetails/NITs/27737,,Under Evaluation,,,Yes,1000 MW,,,2026-09-12,2026-09-12,,yes,,T-af82b00da7ef,
NTPC,POWER TRANSFORMER PACKAGE FOR BIKANER AND FATEHGARH SOLAR POWER PROJECTS IN RAJASTHAN.,Solar,,Rajasthan,Closed,NRE-CS-BULKTRF-RAJ-1-004-9,Tender,2024-09-20,,2024-12-12,,2024-12-19,,,,,https://ntpctender.ntpc.co.in/NITDetails/NITs/27718,,Under Evaluation,,,Yes,,,,2026-09-12,2026-09-12,,yes,,T-2621aa0b87f9,
SECI,"Tender for Design, Engineering, Supply, Construction, Erection, Testing & Commissioning of 5 MW(AC) grid connected saffron based Agro-Solar PV Power Plant with 10 years O&M at Pampore, Pulwama, J&K",Solar,5.0,Jammu and Kashmir,Closed,SECI/C&P/PMC/11/04/2024-25,Tender,2024-10-17,2024-10-28,2024-12-12,2024-12-12,2024-12-12,,,,,https://www.seci.co.in/tender-details/YWVz,,Under Evaluation,,,Yes,5 MW,,,2026-09-12,2026-09-12,,yes,,T-f34020f2c810,
SECI,Domestically Manufactured Solar PV Module Package of 400 MWp under CPSU Scheme Tranche III,Solar,400.0,,Closed,SECI/C&P/OP/11/016/2024-25,Tender,2024-11-14,2024-11-20,2024-12-12,2024-12-12,2024-12-12,,,,,https://www.seci.co.in/tender-details/YWV_,,Under Evaluation,,,Yes,400 MWp,,,2026-09-12,2026-09-12,,yes,,T-7d53065b0a8e,
SECI,"Tender for Design, Engineering, Supply, Construction, Erection, Testing & Commissioning of 5 MW(AC) grid connected saffron based Agro-Solar PV Power Plant with 10 years O&M at Pampore, Pulwama, J&K",Solar,5.0,Jammu and Kashmir,Closed,SECI/C&P/PMC/11/04/2024-25,Tender,2024-10-17,2024-10-28,2024-12-12,2024-12-12,2024-12-12,,,,,https://www.seci.co.in/tender-details/YWVz,,Under Evaluation,,,Yes,5 MW,,,,,,yes,,f34020f2c810,
SECI,Domestically Manufactured Solar PV Module Package of 400 MWp under CPSU Scheme Tranche III,Solar,400.0,,Closed,SECI/C&P/OP/11/016/2024-25,Tender,2024-11-14,2024-11-20,2024-12-12,2024-12-12,2024-12-12,,,,,https://www.seci.co.in/tender-details/YWV_,,Under Evaluation,,,Yes,400 MWp,,,,,,yes,,7d53065b0a8e,
NTPC,SUPPLY AND INSTALLATION IF WIND TURBINE GENERATORS (WTG) FOR ISTS-CONNECTED WIND ENERGY PROJECT WITH NOMINAL CAPACITY OF 960 MW (320 WTG) IN KARNATAKA (TRIII).,Wind,960.0,Karnataka,Closed,NRE-CS-5923-003(WTG)-9,Tender,2024-07-02,,2024-12-24,,2024-12-24,,,,,https://ntpctender.ntpc.co.in/NITDetails/NITs/27376,,Under Evaluation,,,Yes,960 MW,,,2026-09-12,2026-09-12,,yes,,T-e15ec74b87d3,
NTPC,DEPLOYMENT OF 01 NO OF COMMERCIAL VEHICLE RAJASTHAN REGISTERED FOR A PERIOD OF TWO 2 YEARS AT FATEHGARH 2GW SOLAR PROJECT JAISALMER.,Solar,2000.0,Rajasthan,Closed,GEM/2024/B/5730071,Tender,2024-12-19,,2024-12-30,,2024-12-30,,,,,https://ntpctender.ntpc.co.in/NITDetails/NITs/28071,,Under Evaluation,,,Yes,2 GW,,,2026-09-12,2026-09-12,,yes,,T-c04de5b53575,
NTPC,SELECTION OF HYBRID POWER GENERATORS FOR SUPPLY OF 1200 MW POWER FROM ISTS-CONNECTED WIND-SOLAR HYBRID POWER PROJECTS ANYWHERE IN INDIA WITH GREENSHOE OPTION OF ADDITIONAL CAPACITY UPTO 600 MW (HYBRID-03),Wind-Solar Hybrid,1200.0,,Closed,NTPC/RE-CS/2024-25/HYBRID-03,Tender,2024-10-30,,2025-01-13,,2025-01-17,,,,,https://ntpctender.ntpc.co.in/NITDetails/NITs/27875,,Under Evaluation,,,Yes,1200 MW,,,2026-09-12,2026-09-12,,yes,,T-38219992a2f2,
NTPC,"33KV/400KV, 1260 MVA POOLING SUB STATION AT BIKANER AND 33KV/400KV,945MVA POOLING SUB STATION AT FATEHGARH (EXCLUDING POWER TRANSFORMER SUPPLY) FOR SOLAR PV PROJECTS OF NTPC REL IN RAJASTHAN.",Solar,,Rajasthan,Closed,NRE-CS-BULKPSS-RAJ-1-004-9,Tender,2024-11-08,,2025-01-31,,2025-02-14,,,,,https://ntpctender.ntpc.co.in/NITDetails/NITs/27918,,Under Evaluation,,,Yes,,,,2026-09-12,2026-09-12,,yes,,T-5b372c12f101,
SECI,Setting up of 2112 kW Grid-Connected Rooftop Solar PV Projects under RESCO Mode,Rooftop Solar,2.112,,Closed,SECI/C&P/IPP/14/0012/24-25,Tender,2024-11-29,2024-12-10,2025-02-06,2025-02-10,2025-02-11,,,,,https://www.seci.co.in/tender-details/YWp3,,Under Evaluation,,,Yes,2112 kW,,,2026-09-12,2026-09-12,,yes,,T-923e40d9c591,
SECI,Setting up of 2112 kW Grid-Connected Rooftop Solar PV Projects under RESCO Mode,Rooftop Solar,2.112,,Closed,SECI/C&P/IPP/14/0012/24-25,Tender,2024-11-29,2024-12-10,2025-02-06,2025-02-10,2025-02-11,,,,,https://www.seci.co.in/tender-details/YWp3,,Under Evaluation,,,Yes,2112 kW,,,,,,yes,,923e40d9c591,
SECI,Setting up 4.125 MW Grid-Connected Solar PV Projects in IIT Kharagpur Campus under RESCO Mode,Rooftop Solar,4.125,,Closed,SECI/C&P/IPP/11/0023/24-25,Tender,2024-11-29,2024-12-10,2025-02-07,2025-02-11,2025-02-12,,,,,https://www.seci.co.in/tender-details/YWV-,,Under Evaluation,,,Yes,4.125 MW,,,2026-09-12,2026-09-12,,yes,,T-074438755cd3,
SECI,Setting up 4.125 MW Grid-Connected Solar PV Projects in IIT Kharagpur Campus under RESCO Mode,Rooftop Solar,4.125,,Closed,SECI/C&P/IPP/11/0023/24-25,Tender,2024-11-29,2024-12-10,2025-02-07,2025-02-11,2025-02-12,,,,,https://www.seci.co.in/tender-details/YWV-,,Under Evaluation,,,Yes,4.125 MW,,,,,,yes,,074438755cd3,
SECI,REQUEST FOR SELECTION (RFS) DOCUMENT FOR SETTING UP OF 125 MW/ 500 MWH STANDALONE BATTERY ENERGY STORAGE SYSTEM IN KERALA WITH VGF UNDER TARIFF-BASED GLOBAL COMPETITIVE BIDDING (ESS-3),Energy Storage (BESS),125.0,Kerala,Closed,SECI/C&P/IPP/15/00018/24-25,RfS,2024-12-20,2025-01-10,2025-02-10,2025-02-12,2025-02-13,,,,,https://www.seci.co.in/tender-details/YWp2,,Under Evaluation,,,Yes,125 MW,,,2026-09-12,2026-09-12,,yes,,T-5d73bfa178ee,
SECI,REQUEST FOR SELECTION (RFS) DOCUMENT FOR SETTING UP OF 125 MW/ 500 MWH STANDALONE BATTERY ENERGY STORAGE SYSTEM IN KERALA WITH VGF UNDER TARIFF-BASED GLOBAL COMPETITIVE BIDDING (ESS-3),Energy Storage (BESS),125.0,Kerala,Closed,SECI/C&P/IPP/15/00018/24-25,RfS,2024-12-20,2025-01-10,2025-02-10,2025-02-12,2025-02-13,,,,,https://www.seci.co.in/tender-details/YWp2,,Under Evaluation,,,Yes,125 MW,,,,,,yes,,5d73bfa178ee,
SECI,"Director’s and Officer’s Liability Insurance 2025-26 of Solar Energy Corporation of India Limited, New Delhi",Solar,,Delhi,Closed,GEM/2025/B/5824252,Tender,2025-01-15,2025-01-21,2025-02-13,2025-02-13,2025-02-13,,,,,https://www.seci.co.in/tender-details/YWpy,,Under Evaluation,,,Yes,,,,,,,yes,,847d5ccd0ab4,
NTPC,"Providing Pantry Services, House Keeping and Office Attendant for Bikaner 2 GW Solar Project, Bikaner, Rajasthan for 24 Months Period.",Solar,2000.0,Rajasthan,Closed,GEM/2025/B/5908562,Tender,2025-02-04,,2025-02-14,,2025-02-14,,,,,https://ntpctender.ntpc.co.in/NITDetails/NITs/28251,,Under Evaluation,,,Yes,2 GW,,,2026-09-12,2026-09-12,,yes,,T-9b1801135eba,
NTPC,BESS PACKAGE FOR DEVELOPMENT OF 2500 MW/10000 MWH BESS AT NTPC THERMAL STATIONS,Energy Storage (BESS),2500.0,,Closed,NGEL-CS-5822-004(BESS)-9,Tender,2025-01-13,,2025-02-17,,,,,,,https://ntpctender.ntpc.co.in/NITDetails/NITs/28170,,Under Evaluation,,,Yes,2500 MW,,,2026-09-12,2026-09-12,,yes,,T-be78bfb74fa7,
NTPC,"BALANCE OF SYSTEM (BOS) PACKAGE FOR DEVELOPMENT OF 1200MW (4X300MW BLOCKS) ISTS CONNECTED SOLAR PV PROJECTS AT NTPC REL KHAVDA RE PARK-SOUTH BLOCK IN RANN OF KUTCH, GUJARAT.",Solar,1200.0,Gujarat,Closed,NRE-CS-5779-004(BOS-3)(R)-9,Tender,2024-12-06,,2025-02-28,,2025-03-07,,,,,https://ntpctender.ntpc.co.in/NITDetails/NITs/28020,,Under Evaluation,,,Yes,1200 MW,,,2026-09-12,2026-09-12,,yes,,T-827f24023149,
SECI,Setting up of 1750 kW Grid-Connected Rooftop Solar PV Projects under RESCO Mode,Rooftop Solar,1.75,,Closed,SECI/C&P/IPP/14/0021/24-25,Tender,2025-01-24,2025-02-04,2025-02-28,2025-03-04,2025-03-05,,,,,https://www.seci.co.in/tender-details/YWpx,,Under Evaluation,,,Yes,1750 kW,,,2026-09-12,2026-09-12,,yes,,T-61fc1c9e9bc4,
SECI,Setting up of 1750 kW Grid-Connected Rooftop Solar PV Projects under RESCO Mode,Rooftop Solar,1.75,,Closed,SECI/C&P/IPP/14/0021/24-25,Tender,2025-01-24,2025-02-04,2025-02-28,2025-03-04,2025-03-05,,,,,https://www.seci.co.in/tender-details/YWpx,,Under Evaluation,,,Yes,1750 kW,,,,,,yes,,61fc1c9e9bc4,
NTPC,BALANCE OF SYSTEM PACKAGE FOR DEVELOPMENT OF 1400 MW GRID CONNECTED SOLAR PV PROJECTS IN LALITPUR (2X300MW) AND CHITRAKOOT (2X400MW) IN UTTAR PRADESH,Solar,1400.0,Uttar Pradesh,Closed,NRE-CS-5822-004(BOS)-9,Tender,2024-12-23,,2025-03-13,,2025-03-27,,,,,https://ntpctender.ntpc.co.in/NITDetails/NITs/28083,,Under Evaluation,,,Yes,1400 MW,,,2026-09-12,2026-09-12,,yes,,T-313fb5a97db4,
SECI,RfS for 1200 MW RTC Power from ISTS-Connected RE Power Projects in India (SECI-RTC-IV),Round-the-Clock / CfD / Trading,1200.0,,Closed,SECI/C&P/IPP/13/0019/24-25,RfS,2024-10-30,2024-11-14,2025-03-24,2025-03-26,2025-03-27,,,,,https://www.seci.co.in/tender-details/YWVx,,Under Evaluation,,,Yes,1200 MW,,,2026-09-12,2026-09-12,,yes,,T-3de381c5403a,
SECI,RfS for 1200 MW RTC Power from ISTS-Connected RE Power Projects in India (SECI-RTC-IV),Round-the-Clock / CfD / Trading,1200.0,,Closed,SECI/C&P/IPP/13/0019/24-25,RfS,2024-10-30,2024-11-14,2025-03-24,2025-03-26,2025-03-27,,,,,https://www.seci.co.in/tender-details/YWVx,,Under Evaluation,,,Yes,1200 MW,,,,,,yes,,3de381c5403a,
NTPC,430 MVAr SVG PACKAGE FOR REACTIVE POWER COMPENSATION OF WIND PROJECTS IN GUJARAT,Wind,,Gujarat,Closed,NRE-CS-5921-003(SVG)-9,Tender,2025-02-28,,2025-03-26,,2025-04-09,,,,,https://ntpctender.ntpc.co.in/NITDetails/NITs/28338,,Under Evaluation,,,Yes,,,,2026-09-12,2026-09-12,,yes,,T-0b5b00904a46,
NTPC,"HYDROGEN REFUELING STATION FOR GREEN HYDROGEN MOBILITY PROJECT IN BHUBANESWAR, ODISHA",Green Hydrogen / Derivatives,,Odisha,Closed,RE-CS-H2-ODISHA-001,Tender,2025-03-04,,2025-03-27,,2025-03-28,,,,,https://ntpctender.ntpc.co.in/NITDetails/NITs/28354,,Under Evaluation,,,Yes,,,,2026-09-12,2026-09-12,,yes,,T-e8fe4170044f,
SECI,"Hiring of Vehicles on Monthly basis at Solar Project of SECI in Ramagiri, Andhra Pradesh",Solar,,Andhra Pradesh,Closed,GEM/2025/B/6076106,Tender,2025-03-21,,2025-03-31,2025-03-31,2025-03-31,,,,,https://www.seci.co.in/tender-details/YWt2,,Under Evaluation,,,Yes,,,,2026-09-12,2026-09-12,,yes,,T-6630b5bb4429,
SECI,"Hiring of Vehicles on Monthly basis at Solar Project of SECI in Ramagiri, Andhra Pradesh",Solar,,Andhra Pradesh,Closed,GEM/2025/B/6076106,Tender,2025-03-21,1970-01-01,2025-03-31,2025-03-31,2025-03-31,,,,,https://www.seci.co.in/tender-details/YWt2,,Under Evaluation,,,Yes,,,,,,,yes,,6630b5bb4429,
NTPC,EPC PACKAGE FOR DEVELOPMENT OF 100MW/400MWh BESS AT NTPC RAMAGUNDAM.,Energy Storage (BESS),100.0,,Closed,RE-CS-5817-004-9,Tender,2024-10-10,,2025-04-01,,2025-04-16,,,,,https://ntpctender.ntpc.co.in/NITDetails/NITs/27794,,Under Evaluation,,,Yes,100 MW,,,2026-09-12,2026-09-12,,yes,,T-7db0c2907d97,
NTPC,300 MW EPC PACKAGE WITH LAND FOR DEVELOPMENT OF ISTS CONNECTED GROUND MOUNTED SOLAR PV PROJECT NEAR NTPC ANTA.,Solar,300.0,,Closed,NREL-CS-5818-004-9,Tender,2024-10-25,,2025-04-07,,2025-04-07,,,,,https://ntpctender.ntpc.co.in/NITDetails/NITs/27852,,Under Evaluation,,,Yes,300 MW,,,2026-09-12,2026-09-12,,yes,,T-49d677c18048,
SECI,RfS for Setting up of 600 MW ISTS-connected Wind Power Projects in India (SECI-Tranche-XVIII),Wind,600.0,,Closed,SECI/C&P/IPP/12/0028/24-25,RfS,2025-03-18,2025-03-24,2025-04-11,2025-04-15,2025-04-16,,,,,https://www.seci.co.in/tender-details/YWt3,,Under Evaluation,,,Yes,600 MW,,,2026-09-12,2026-09-12,,yes,,T-41a50cd5b33b,
SECI,RfS for Setting up of 600 MW ISTS-connected Wind Power Projects in India (SECI-Tranche-XVIII),Wind,600.0,,Closed,SECI/C&P/IPP/12/0028/24-25,RfS,2025-03-18,2025-03-24,2025-04-11,2025-04-15,2025-04-16,,,,,https://www.seci.co.in/tender-details/YWt3,,Under Evaluation,,,Yes,600 MW,,,,,,yes,,41a50cd5b33b,
SECI,Setting up of 30 MW Grid-Connected Rooftop Solar PV Projects in Andaman and Nicobar Islands under RESCO Mode,Rooftop Solar,30.0,Andaman and Nicobar,Closed,SECI/C&P/IPP/14/0015/24-25,Tender,2024-09-13,2024-09-25,2025-04-14,2025-04-16,2025-04-17,,,,,https://www.seci.co.in/tender-details/YWV1,,Under Evaluation,,,Yes,30 MW,,,2026-09-12,2026-09-12,,yes,,T-152fe936b890,
SECI,Setting up of 30 MW Grid-Connected Rooftop Solar PV Projects in Andaman and Nicobar Islands under RESCO Mode,Rooftop Solar,30.0,Andaman and Nicobar,Closed,SECI/C&P/IPP/14/0015/24-25,Tender,2024-09-13,2024-09-25,2025-04-14,2025-04-16,2025-04-17,,,,,https://www.seci.co.in/tender-details/YWV1,,Under Evaluation,,,Yes,30 MW,,,,,,yes,,152fe936b890,
NTPC,"BALANCE OF SYSTEM PACKAGE FOR DEVELOPMENT OF 900MW (3X300MW) GRID CONNECTED SOLAR PV PROJECT AT FATEHGARH, RAJASTHAN",Solar,900.0,Rajasthan,Closed,NRE-CS-5787-004(BOS1)-9,Tender,2025-03-27,,2025-04-18,,2025-05-07,,,,,https://ntpctender.ntpc.co.in/NITDetails/NITs/28436,,Under Evaluation,,,Yes,900 MW,,,2026-09-12,2026-09-12,,yes,,T-679bc3262d84,
NTPC,SELECTION OF RE POWER GENERATORS FOR SUPPLY OF 1200 MW FIRM AND DISPATCHABLE POWER (ASSURED PEAK POWER SUPPLY) FROM ISTS-CONNECTED RENEWABLE ENERGY (RE) POWER PROJECTS ANYWHERE IN INDIA ON BUILT-OWN-OPERATE BASIS (FDRE-02),Round-the-Clock / CfD / Trading,1200.0,,Closed,NTPC/RE-CS/2024-25/FDRE-02,Tender,2024-10-29,,2025-04-30,,2025-05-21,,,,,https://ntpctender.ntpc.co.in/NITDetails/NITs/27867,,Under Evaluation,,,Yes,1200 MW,,,2026-09-12,2026-09-12,,yes,,T-ba58c62d16ca,
SECI,Setting up of 4.55 MW Grid-Connected Rooftop Solar PV Projects under RESCO Mode,Rooftop Solar,4.55,,Closed,SECI/C&P/IPP/14/0026/24-25,Tender,2025-04-01,2025-04-09,2025-04-30,2025-05-02,2025-05-05,,,,,https://www.seci.co.in/tender-details/YWt1,,Under Evaluation,,,Yes,4.55 MW,,,2026-09-12,2026-09-12,,yes,,T-204b72483322,
SECI,Setting up of 4.55 MW Grid-Connected Rooftop Solar PV Projects under RESCO Mode,Rooftop Solar,4.55,,Closed,SECI/C&P/IPP/14/0026/24-25,Tender,2025-04-01,2025-04-09,2025-04-30,2025-05-02,2025-05-05,,,,,https://www.seci.co.in/tender-details/YWt1,,Under Evaluation,,,Yes,4.55 MW,,,,,,yes,,204b72483322,
NTPC,"BALANCE OF SYSTEM (BOS) PACKAGE FOR DEVELOPMENT OF 1000MW (2x300MW+2x200MW) GRID CONNECTED SOLAR PV PROJECTS AT BIKANER, RAJASTHAN",Solar,1000.0,Rajasthan,Closed,NRE-CS-5800-004(BOS1)-9,Tender,2025-04-09,,2025-05-02,,2025-05-15,,,,,https://ntpctender.ntpc.co.in/NITDetails/NITs/28481,,Under Evaluation,,,Yes,1000 MW,,,2026-09-12,2026-09-12,,yes,,T-498e678c02ce,
SECI,"Interior cum Fit-out Work of Corporate Office Complex of Solar Energy Corporation of India Limited (SECI) at F-200 and F-300, Tower-F, World Trade Center New Delhi, Nauroji Nagar, New Delhi- 110 029",Solar,,Delhi,Closed,SECI/C&P/MI/00/0012/2025-26,Tender,2025-04-01,2025-04-09,2025-05-09,2025-05-09,2025-05-09,,,,,https://www.seci.co.in/tender-details/YWt0,,Under Evaluation,,,Yes,,,,,,,yes,,201b9539506d,
NTPC,Procurement of Tie Transformer 400/33KV 150 MVA for Pooled Spare of Solar PV Stations at Shimbhu Ki Burj-1 Solar Plant.,Solar,,,Closed,GEM/2024/B/5503787,Tender,2024-10-28,,2025-05-20,,2025-05-20,,,,,https://ntpctender.ntpc.co.in/NITDetails/NITs/27894,,Under Evaluation,,,Yes,,,,2026-09-12,2026-09-12,,yes,,T-1d0f4ef89d13,
NTPC,HYDROGEN REFUELING STATION FOR Green Hydrogen Mobility Project at Kandla Gujarat,Green Hydrogen / Derivatives,,Gujarat,Closed,RE-CS-H2-GUJRAT-001,Tender,2025-03-21,,2025-05-21,,2025-05-22,,,,,https://ntpctender.ntpc.co.in/NITDetails/NITs/28421,,Under Evaluation,,,Yes,,,,2026-09-12,2026-09-12,,yes,,T-b9fe72e7d861,
NTPC,BALANCE OF SYSTEM PACKAGE OF ISTS-CONNECTED WIND ENERGY PROJECT(S) WITH NOMINAL CAPACITY OF 900 MW AT ANANTAPUR IN ANDHRA PRADESH.,Wind,900.0,Andhra Pradesh,Closed,NRE-CS-5924-003(BOS)-9R,Tender,2025-03-01,,2025-05-22,,2025-06-12,,,,,https://ntpctender.ntpc.co.in/NITDetails/NITs/28339,,Under Evaluation,,,Yes,900 MW,,,2026-09-12,2026-09-12,,yes,,T-0ececd22b3c4,
SECI,RfS for Setting up of 6.25 MW Grid-Connected Rooftop Solar PV Projects under RESCO Mode,Rooftop Solar,6.25,,Closed,SECI/C&P/IPP/11/0001/25-26,RfS,2025-04-21,2025-04-29,2025-06-02,2025-06-04,2025-06-05,,,,,https://www.seci.co.in/tender-details/YWtz,,Under Evaluation,,,Yes,6.25 MW,,,2026-09-12,2026-09-12,,yes,,T-165861f902b5,
SECI,RfS for Setting up of 6.25 MW Grid-Connected Rooftop Solar PV Projects under RESCO Mode,Rooftop Solar,6.25,,Closed,SECI/C&P/IPP/11/0001/25-26,RfS,2025-04-21,2025-04-29,2025-06-02,2025-06-04,2025-06-05,,,,,https://www.seci.co.in/tender-details/YWtz,,Under Evaluation,,,Yes,6.25 MW,,,,,,yes,,165861f902b5,
NTPC,EPC PACKAGE FOR DEVELOPMENT OF BATTERY ENERGY STORAGE SYSTEM (BESS) AT NTPC RAMAGUNDAM (100 MW / 400 MWH) AND SIPAT (30 MW / 120 MWH).,Energy Storage (BESS),100.0,,Closed,NGEL-CS-5829-004(BESS)-9,Tender,2025-05-01,,2025-06-03,,2025-06-24,,,,,https://ntpctender.ntpc.co.in/NITDetails/NITs/28549,,Under Evaluation,,,Yes,100 MW,,,2026-09-12,2026-09-12,,yes,,T-089d0e1ef83a,
NTPC,EPC PACKAGE FOR DEVELOPMENT OF BATTERY ENERGY STORAGE SYSTEM (BESS) AT NTPC KAYAMKULAM (250 MW/1000 MWH).,Energy Storage (BESS),250.0,,Closed,NGEL-CS-5831-004(BESS)-9,Tender,2025-05-01,,2025-06-03,,2025-06-24,,,,,https://ntpctender.ntpc.co.in/NITDetails/NITs/28550,,Under Evaluation,,,Yes,250 MW,,,2026-09-12,2026-09-12,,yes,,T-06c32049b77b,
NTPC,EPC PACKAGE FOR DEVELOPMENT OF 56 MW FLOATING SOLAR PV PROJECT WITH 60 MW / 240 MWH BATTERY ENERGY STORAGE SYSTEM (BESS) AT NTPC NORTH KARANPURA.,Solar + Storage,56.0,,Closed,NRE-CS-5830-004-9,Tender,2025-05-01,,2025-06-03,,2025-06-24,,,,,https://ntpctender.ntpc.co.in/NITDetails/NITs/28551,,Under Evaluation,,,Yes,56 MW,,,2026-09-12,2026-09-12,,yes,,T-d90383612cf9,
NTPC,SELECTION OF SOLAR POWER GENERATORS FOR SETTING UP OF 1200 MW ISTS-CONNECTED SOLAR PV POWER PROJECTS WITH 600 MW / 2400 MWh (600 MW X 4 HOURS) ENERGY STORAGE SYSTEMS (ESS) ANYWHERE IN INDIA (SOLAR-ESS-01).,Solar + Storage,1200.0,,Closed,RE-CS/2024-25/SOLAR-ESS-01,Tender,2025-01-27,,2025-06-03,,2025-06-11,,,,,https://ntpctender.ntpc.co.in/NITDetails/NITs/28215,,Under Evaluation,,,Yes,1200 MW,,,2026-09-12,2026-09-12,,yes,,T-7e7c6ca2c346,
SECI,"200 MW BoS Tender at Dhar, MP",Unclassified,200.0,,Closed,SECI/C&P/OP/11/017/2024-25,Tender,2025-05-01,2025-05-08,2025-06-05,2025-06-05,2025-06-05,,,,,https://www.seci.co.in/tender-details/YWt-,,Under Evaluation,,,Yes,200 MW,,,2026-09-12,2026-09-12,,yes,,T-1aab8a777ca0,
SECI,"200 MW BoS Tender at Dhar, MP",Unclassified,200.0,,Closed,SECI/C&P/OP/11/017/2024-25,Tender,2025-05-01,2025-05-08,2025-06-05,2025-06-05,2025-06-05,,,,,https://www.seci.co.in/tender-details/YWt-,,Under Evaluation,,,Yes,200 MW,,,,,,yes,,1aab8a777ca0,
NTPC,"PROCUREMENT OF THREE (03) NOS. HYDROGEN FUEL CELL BUSES FOR GREEN HYDROGEN MOBILITY PROJECT IN BHUBANESWAR, ODISHA",Green Hydrogen / Derivatives,,Odisha,Closed,GEM/2025/B/6244688,Tender,2025-05-19,,2025-06-07,,2025-06-07,,,,,https://ntpctender.ntpc.co.in/NITDetails/NITs/28602,,Under Evaluation,,,Yes,,,,2026-09-12,2026-09-12,,yes,,T-962d64e8879d,
SECI,"Request for Selection (RfS) Document for Selection of Solar Power Developer for Setting up of 500 kW Ground mounted Solar PV Power Pilot Project at Pang, Leh under Tariff-Based Competitive Bidding",Solar,0.5,,Closed,SECI/C&P/IPP/11/0003/25-26,RfS,2025-05-30,2025-06-04,2025-06-16,2025-06-16,2025-06-17,,,,,https://www.seci.co.in/tender-details/YmJ3,,Under Evaluation,,,Yes,500 kW,,,2026-09-12,2026-09-12,,yes,,T-9bf1bfa569f1,
SECI,"Request for Selection (RfS) Document for Selection of Solar Power Developer for Setting up of 500 kW Ground mounted Solar PV Power Pilot Project at Pang, Leh under Tariff-Based Competitive Bidding",Solar,0.5,,Closed,SECI/C&P/IPP/11/0003/25-26,RfS,2025-05-30,2025-06-04,2025-06-16,2025-06-16,2025-06-17,,,,,https://www.seci.co.in/tender-details/YmJ3,,Under Evaluation,,,Yes,500 kW,,,,,,yes,,9bf1bfa569f1,
NTPC,"Land and Power Evacuation Package for Development of 550 MW ISTS connected Solar PV Projects with Battery Energy Storage near Shimbhoo Ka Burj Solar Project of NGEL, Rajasthan",Transmission / Evacuation,550.0,Rajasthan,Closed,NRE-CS-5823-004(L)-9,Tender,2025-03-17,,2025-06-23,,2025-06-30,,,,,https://ntpctender.ntpc.co.in/NITDetails/NITs/28400,,Under Evaluation,,,Yes,550 MW,,,2026-09-12,2026-09-12,,yes,,T-598749f81646,
SECI,CfP for Setting up of Green Hydrogen Hubs in India under National Green Hydrogen Mission,Green Hydrogen / Derivatives,,,Closed,SECI/C&P/EOI/17/0002/24-25,EOI,2024-08-20,2024-09-02,2025-06-30,2025-06-30,2025-07-01,,,,,https://www.seci.co.in/tender-details/YWRy,,Under Evaluation,,,Yes,,,,2026-09-12,2026-09-12,,yes,,T-fb6aab79e7b9,
SECI,CfP for Setting up of Green Hydrogen Hubs in India under National Green Hydrogen Mission,Green Hydrogen / Derivatives,,,Closed,SECI/C&P/EOI/17/0002/24-25,EOI,2024-08-20,2024-09-02,2025-06-30,2025-06-30,2025-07-01,,,,,https://www.seci.co.in/tender-details/YWRy,,Under Evaluation,,,Yes,,,,,,,yes,,fb6aab79e7b9,
SECI,"Director’s and Officer’s Liability Insurance 2025-26 of Solar Energy Corporation of India Limited, New Delhi",Solar,,Delhi,Closed,GEM/2025/B/6330370,Tender,2025-06-10,2025-01-21,2025-07-01,2025-07-01,2025-07-01,,,,,https://www.seci.co.in/tender-details/YmJ2,,Under Evaluation,,,Yes,,,,,,,yes,,839226a84d18,
NTPC,"Land and Power Evacuation Package for Development of 240 MW ISTS connected Solar PV Projects with Battery Energy Storage near 240 MW Devikot Solar Project of NGEL, Rajasthan",Transmission / Evacuation,240.0,Rajasthan,Closed,NRE-CS-5824-004(L)-9,Tender,2025-03-20,,2025-07-04,,2025-07-09,,,,,https://ntpctender.ntpc.co.in/NITDetails/NITs/28414,,Under Evaluation,,,Yes,240 MW,,,2026-09-12,2026-09-12,,yes,,T-fde0ead488aa,
SECI,RfS for Production and Supply of Green Ammonia in India under SIGHT Scheme (Mode-2A-Tranche-I),Green Hydrogen / Derivatives,,,Closed,SECI/C&P/MI/00/0002/2024-25,RfS,2024-06-07,2024-06-28,2025-07-10,2025-07-14,2025-07-15,,,,,https://www.seci.co.in/tender-details/YWZ1,,Under Evaluation,,,Yes,,,,2026-09-12,2026-09-12,,yes,,T-ce22f5ffa709,
SECI,RfS for Production and Supply of Green Ammonia in India under SIGHT Scheme (Mode-2A-Tranche-I),Green Hydrogen / Derivatives,,,Closed,SECI/C&P/MI/00/0002/2024-25,RfS,2024-06-07,2024-06-28,2025-07-10,2025-07-14,2025-07-15,,,,,https://www.seci.co.in/tender-details/YWZ1,,Under Evaluation,,,Yes,,,,,,,yes,,ce22f5ffa709,
SECI,RfS Setting up of Grid-Connected Floating Solar PV Projects with BESS in Lakshadweep under RESCO Mode,Solar + Storage,,Lakshadweep,Closed,SECI/C&P/IPP/11/0025/24-25,RfS,2025-03-05,2025-04-08,2025-07-11,2025-07-15,2025-07-16,,,,,https://www.seci.co.in/tender-details/YWp-,,Under Evaluation,,,Yes,,,,2026-09-12,2026-09-12,,yes,,T-10cb240e80b4,
SECI,RfS Setting up of Grid-Connected Floating Solar PV Projects with BESS in Lakshadweep under RESCO Mode,Solar + Storage,,Lakshadweep,Closed,SECI/C&P/IPP/11/0025/24-25,RfS,2025-03-05,2025-04-08,2025-07-11,2025-07-15,2025-07-16,,,,,https://www.seci.co.in/tender-details/YWp-,,Under Evaluation,,,Yes,,,,,,,yes,,10cb240e80b4,
NTPC,"PUBLISHING OF IFB FOR "" EPC PACKAGE FOR DEVELOPMENT OF 10MLD WATER TREATMENT PLANT PACKAGE FOR NGEL GREEN HYDROGEN HUB AT PUDIMADAKA",Green Hydrogen / Derivatives,,,Closed,NGEL-CS-5861-GH2HUB-WTP-PUD-1-001,Tender,2025-06-06,,2025-07-15,,2025-07-15,,,,,https://ntpctender.ntpc.co.in/NITDetails/NITs/28707,,Under Evaluation,,,Yes,,,,2026-09-12,2026-09-12,,yes,,T-6d3dfe3d178a,
NTPC,"EPC Package for Development of 245 MW (Plot-16) Grid Connected Solar PV Project in South Block of Khavda RE Park, Rann of Kut.",Solar,245.0,,Closed,NRE-CS-5779-004(EPC3)-9R,Tender,2025-05-28,,2025-07-15,,2025-07-15,,,,,https://ntpctender.ntpc.co.in/NITDetails/NITs/28643,,Under Evaluation,,,Yes,245 MW,,,2026-09-12,2026-09-12,,yes,,T-fe15bf1bbbfb,
NTPC,BALANCE OF SYSTEM PACKAGE OF ISTS-CONNECTED WIND ENERGY PROJECT(S) WITH NOMINAL CAPACITY OF 600MW AT KURNOOL IN ANDHRA PRADESH.,Wind,600.0,Andhra Pradesh,Closed,NRE-CS-5925-003(BOS)-9R,Tender,2025-05-23,,2025-07-17,,2025-10-07,,,,,https://ntpctender.ntpc.co.in/NITDetails/NITs/28625,,Under Evaluation,,,Yes,600 MW,,,2026-09-12,2026-09-12,,yes,,T-f45512a363f8,
NTPC,"EPC PACKAGE FOR DEVELOPMENT OF 250MW (1x250MW) GRID CONNECTED SOLAR PV PROJECT AT BIKANER, RAJASTHAN",Solar,250.0,Rajasthan,Closed,NRE-CS-5800-004(EPC3)-9R,Tender,2025-05-30,,2025-07-22,,2025-07-30,,,,,https://ntpctender.ntpc.co.in/NITDetails/NITs/28653,,Under Evaluation,,,Yes,250 MW,,,2026-09-12,2026-09-12,,yes,,T-94b0df70e976,
NTPC,"LAND AND POWER EVACUATION PACKAGE FOR DEVELOPMENT OF 230MW ISTS CONNECTED SOLAR PV PROJECTS WITH BATTERY ENERGY STORAGE NEAR 230MW ETTAYAPURAM SOLAR PROJECT OF NGEL, TAMIL NADU",Transmission / Evacuation,230.0,Tamil Nadu,Closed,NRE-CS-5825-004(L)-9,Tender,2025-04-04,,2025-07-22,,2025-08-12,,,,,https://ntpctender.ntpc.co.in/NITDetails/NITs/28461,,Under Evaluation,,,Yes,230 MW,,,2026-09-12,2026-09-12,,yes,,T-19ccf24b8c17,
NTPC,DEVELOPMENT OF PUMPED HYDRO ENERGY STORAGE (PHES) PROJECT(S) UP TO 2000MW CAPACITY (ANYWHERE IN INDIA).,Pumped Storage,2000.0,,Closed,NRE-CS-5976-006-9,Tender,2023-07-12,,2025-07-29,,2025-08-12,,,,,https://ntpctender.ntpc.co.in/NITDetails/NITs/25909,,Under Evaluation,,,Yes,2000 MW,,,2026-09-12,2026-09-12,,yes,,T-63ae192d2424,
SECI,RfS for Allocation of Sea-bed Lease Rights for 4000 MW Offshore Wind Power Projects,Wind,4000.0,,Closed,SECI/C&P/IPP/12/0018/23-24,RfS,2024-02-02,2024-03-04,2025-07-31,2025-07-31,2025-05-05,,,,,https://www.seci.co.in/tender-details/YWB1,,Under Evaluation,,,Yes,4000 MW,,,2026-09-12,2026-09-12,,yes,,T-e3f1b46e9f78,
SECI,RfS for Setting up of 500 MW ISTS-connected Offshore Wind Power Project in India (Tranche-I),Wind,500.0,,Closed,SECI/C&P/IPP/12/0016/24-25,RfS,2024-09-13,2024-10-22,2025-07-31,2025-08-04,2025-08-05,,,,,https://www.seci.co.in/tender-details/YWV0,,Under Evaluation,,,Yes,500 MW,,,2026-09-12,2026-09-12,,yes,,T-1033bdc5c3d2,
SECI,RfS for Allocation of Sea-bed Lease Rights for 4000 MW Offshore Wind Power Projects,Wind,4000.0,,Closed,SECI/C&P/IPP/12/0018/23-24,RfS,2024-02-02,2024-03-04,2025-07-31,2025-07-31,2025-05-05,,,,,https://www.seci.co.in/tender-details/YWB1,,Under Evaluation,,,Yes,4000 MW,,,,,,yes,,e3f1b46e9f78,
SECI,RfS for Setting up of 500 MW ISTS-connected Offshore Wind Power Project in India (Tranche-I),Wind,500.0,,Closed,SECI/C&P/IPP/12/0016/24-25,RfS,2024-09-13,2024-10-22,2025-07-31,2025-08-04,2025-08-05,,,,,https://www.seci.co.in/tender-details/YWV0,,Under Evaluation,,,Yes,500 MW,,,,,,yes,,1033bdc5c3d2,
NTPC,SUPPLY OF SOLAR PV MODULES FOR 600MW INGEL SOLAR PROJECT IN GUJARAT.,Solar,600.0,Gujarat,Closed,NRE-CS-5784-004(MOD)-9,Tender,2025-05-30,,2025-08-08,,2025-08-14,,,,,https://ntpctender.ntpc.co.in/NITDetails/NITs/28652,,Under Evaluation,,,Yes,600 MW,,,2026-09-12,2026-09-12,,yes,,T-2ccc5251348e,
SECI,RfS for setting up of 3850 kW Grid-Connected Rooftop Solar PV Projects under RESCO mode (RTSPV-Tranche-I),Rooftop Solar,3.85,,Closed,SECI/C&P/IPP/11/0002/25-26,RfS,2025-06-25,2025-07-03,2025-08-11,2025-08-13,2025-08-14,,,,,https://www.seci.co.in/tender-details/YmJx,,Under Evaluation,,,Yes,3850 kW,,,2026-09-12,2026-09-12,,yes,,T-e6a413d3b3fd,
SECI,RfS for setting up of 3850 kW Grid-Connected Rooftop Solar PV Projects under RESCO mode (RTSPV-Tranche-I),Rooftop Solar,3.85,,Closed,SECI/C&P/IPP/11/0002/25-26,RfS,2025-06-25,2025-07-03,2025-08-11,2025-08-13,2025-08-14,,,,,https://www.seci.co.in/tender-details/YmJx,,Under Evaluation,,,Yes,3850 kW,,,,,,yes,,e6a413d3b3fd,
NTPC,SUPPLY OF SOLAR PV MODULES FOR 1000MW SOLAR PV PROJECTS IN LALITPUR AND CHITRAKOOT IN U.P.,Solar,1000.0,,Closed,NRE-CS-5822-004(MOD-1)-9,Tender,2025-07-31,,2025-08-16,,2025-08-19,,,,,https://ntpctender.ntpc.co.in/NITDetails/NITs/28887,,Under Evaluation,,,Yes,1000 MW,,,2026-09-12,2026-09-12,,yes,,T-b4b747f33715,
NTPC,"LAND AND POWER EVACUATION PACKAGE FOR DEVELOPMENT OF 300MW ISTS CONNECTED SOLAR PV PROJECTS WITH BATTERY ENERGY STORAGE NEAR 300MW NOKHRA SOLAR PROJECT OF NGEL, RAJASTHAN.",Transmission / Evacuation,300.0,Rajasthan,Closed,NRE-CS-5826-004(L)-9,Tender,2025-03-13,,2025-08-19,,2025-08-22,,,,,https://ntpctender.ntpc.co.in/NITDetails/NITs/28394,,Under Evaluation,,,Yes,300 MW,,,2026-09-12,2026-09-12,,yes,,T-da3fee7259c9,
SECI,O&M tender for 10 MW Badi Sid Plant,Unclassified,10.0,,Closed,SECI/C&P/OP/11/019/2024-25,Tender,2025-07-15,2025-07-22,2025-08-19,2025-08-19,2025-08-19,,,,,https://www.seci.co.in/tender-details/YmJ_,,Under Evaluation,,,Yes,10 MW,,,2026-09-12,2026-09-12,,yes,,T-579f31249f3b,
SECI,O&M tender for 10 MW Badi Sid Plant,Unclassified,10.0,,Closed,SECI/C&P/OP/11/019/2024-25,Tender,2025-07-15,2025-07-22,2025-08-19,2025-08-19,2025-08-19,,,,,https://www.seci.co.in/tender-details/YmJ_,,Under Evaluation,,,Yes,10 MW,,,,,,yes,,579f31249f3b,
NTPC,SUPPLY OF SOLAR PV MODULES FOR 1200MW SOLAR PV PROJECTS AT NTPC REL KHAVDA RE PARK-SOUTH BLOCK IN RANN OF KUTCH GUJARAT.,Solar,1200.0,Gujarat,Closed,NRE-CS-5779-004(MOD-03)-9,Tender,2025-08-15,,2025-08-21,,2025-08-28,,,,,https://ntpctender.ntpc.co.in/NITDetails/NITs/28948,,Under Evaluation,,,Yes,1200 MW,,,2026-09-12,2026-09-12,,yes,,T-9682ae61d0a1,
NTPC,"SUPPLY OF SOLAR PV MODULES FOR 1500MW SOLAR PV PROJECTS AT RVUNL SOLAR PARK IN BIKANER, RAJASTHAN.",Solar,1500.0,Rajasthan,Closed,NGEL-CS-5821-004(MOD)-9,Tender,2025-08-03,,2025-08-21,,2025-08-26,,,,,https://ntpctender.ntpc.co.in/NITDetails/NITs/28894,,Under Evaluation,,,Yes,1500 MW,,,2026-09-12,2026-09-12,,yes,,T-96bc8ea65069,
NTPC,EPC PACKAGE WITH LAND FOR DEVELOPMENT OF 300MW GRID CONNECTED SOLAR PV PROJECT ANYWHERE IN GOA,Solar,300.0,Goa,Closed,NRE-CS-5834-004(EPC)-9,Tender,2025-08-13,,2025-08-22,,2025-08-27,,,,,https://ntpctender.ntpc.co.in/NITDetails/NITs/28944,,Under Evaluation,,,Yes,300 MW,,,2026-09-12,2026-09-12,,yes,,T-e4c9764168a3,
NTPC,"SUPPLY AND INSTALLATION OF WIND TURBINE GENERATORS (WTG) FOR ISTS CONNECTED WIND ENERGY PROJECT WITH NOMINAL CAPACITY OF 813 MW (271 WTG) IN BELLARY, KARNATAKA",Wind,813.0,Karnataka,Closed,NRE-CS-5929-003(WTG)-9,Tender,2025-03-27,,2025-08-23,,2025-09-09,,,,,https://ntpctender.ntpc.co.in/NITDetails/NITs/28432,,Under Evaluation,,,Yes,813 MW,,,2026-09-12,2026-09-12,,yes,,T-bc17cf8b27ed,
NTPC,EPC WITH LAND PACKAGE FOR DEVELOPMENT OF 300 MW ISTS CONNECTED GROUND MOUNTED SOLAR PV PROJECT NEAR NTPC ANTA,Solar,300.0,,Closed,NREL-CS-5835-004-9,Tender,2025-08-22,,2025-08-27,,2025-08-30,,,,,https://ntpctender.ntpc.co.in/NITDetails/NITs/28965,,Under Evaluation,,,Yes,300 MW,,,2026-09-12,2026-09-12,,yes,,T-17f32343c6d7,
SECI,RfS for 2000 MW ISTS-Connected Solar PV Power Projects with 1000 MW/ 4000 MWh ESS in India (SECI-ISTS-XX),Solar,2000.0,,Closed,SECI/C&P/IPP/11/0004/25-26,RfS,2025-06-12,2025-06-20,2025-08-29,2025-09-02,2025-09-03,2025-10-16,,,https://news.google.com/rss/articles/CBMizwFBVV95cUxPXzlHRmE3WmJXVEEwb0FpQU9rMlJid1FzQTgyWFZXVmQtV2hsNTVVOTNZazl2OTYxbFRrTFdKREwtYjEtSkt3YUpfT2E3SGt1dGQyOHpEUk9zb3NVZFlPMmp1akRpdlh6alZuanVQUjRJSmVVLWhBd3JBUUhPaVFISFhDWDFvX0R6SzFlNHhKWUNjaW5OQlh5NlB1RDdvMmt3WmFoVDdYY2tnYU9hXzB1RktOODNnaHlSWFlfZ0hpNUZyTEJibkNyLXkyX1B4b0U?oc=5,https://www.seci.co.in/tender-details/YmJ1,,Award reported (check link),news (unverified),"SECI Concludes 2,000 MW Solar And 1,000 MW/4000 MWh Energy Storage Auction At ₹2.86 Per kWh - SolarQuarter",Yes,2000 MW,,,2026-09-12,2026-09-12,,yes,,T-48d9a559bdaf,
SECI,RfS for 2000 MW ISTS-Connected Solar PV Power Projects with 1000 MW/ 4000 MWh ESS in India (SECI-ISTS-XX),Solar,2000.0,,Closed,SECI/C&P/IPP/11/0004/25-26,RfS,2025-06-12,2025-06-20,2025-08-29,2025-09-02,2025-09-03,2025-10-16,,,https://news.google.com/rss/articles/CBMizwFBVV95cUxPXzlHRmE3WmJXVEEwb0FpQU9rMlJid1FzQTgyWFZXVmQtV2hsNTVVOTNZazl2OTYxbFRrTFdKREwtYjEtSkt3YUpfT2E3SGt1dGQyOHpEUk9zb3NVZFlPMmp1akRpdlh6alZuanVQUjRJSmVVLWhBd3JBUUhPaVFISFhDWDFvX0R6SzFlNHhKWUNjaW5OQlh5NlB1RDdvMmt3WmFoVDdYY2tnYU9hXzB1RktOODNnaHlSWFlfZ0hpNUZyTEJibkNyLXkyX1B4b0U?oc=5,https://www.seci.co.in/tender-details/YmJ1,,Award reported (check link),news (unverified),"SECI Concludes 2,000 MW Solar And 1,000 MW/4000 MWh Energy Storage Auction At ₹2.86 Per kWh - SolarQuarter",Yes,2000 MW,,,,,,yes,,48d9a559bdaf,
NTPC,LAND AND EHV TRANSMISSION SYSTEM PACKAGE FOR DEVELOPMENT OF ISTS CONNECTED SOLAR PV PROJECTS (UPTO 900 MW) AT BHUJ REGION IN GUJARAT,Solar,900.0,Gujarat,Closed,NGEL-CS-5828-004(L)-9,Tender,2025-04-28,,2025-09-01,,2025-09-08,,,,,https://ntpctender.ntpc.co.in/NITDetails/NITs/28540,,Under Evaluation,,,Yes,900 MW,,,2026-09-12,2026-09-12,,yes,,T-6e2c390cc6ec,
NTPC,EPC PACKAGE FOR DEVELOPMENT OF 80MW / 320 MWH BESS CAPACITY BY NGEL AT KSEB SUBSTATIONS AT POTHENCODE AND SREEKANTAPURAM IN KERALA.,Energy Storage (BESS),80.0,Kerala,Closed,NGEL-CS-5833-004(BESS)-9,Tender,2025-08-18,,2025-09-25,,2025-09-30,,,,,https://ntpctender.ntpc.co.in/NITDetails/NITs/28952,,Under Evaluation,,,Yes,80 MW,,,2026-09-12,2026-09-12,,yes,,T-961a8c7934e8,
NTPC,SUPPLY AND INSTALLATION OF WIND TURBINE GENERATORS FOR ISTS-CONNECTED WIND ENERGY PROJECT WITH NOMINAL CAPACITY OF 110 MW AT KHAVDA NTPC RE PARK.,Wind,110.0,,Closed,NRE-CS-5779-003(WTG)-9R1,Tender,2025-02-14,,2025-09-26,,2025-10-08,,,,,https://ntpctender.ntpc.co.in/NITDetails/NITs/28285,,Under Evaluation,,,Yes,110 MW,,,2026-09-12,2026-09-12,,yes,,T-8885e9602ec6,
SECI,RfP for Supply of 600 MW/1200 MWh Battery Energy Storage System (DC Package),Energy Storage (BESS),600.0,,Closed,SECI/C&P/OP/15/0001/25-26,RfP,2025-08-04,2025-08-19,2025-09-26,2025-09-29,2025-09-30,,,,,https://www.seci.co.in/tender-details/YmN3,,Under Evaluation,,,Yes,600 MW,,,2026-09-12,2026-09-12,,yes,,T-7b9247f430fa,
SECI,"RfP for Selection of Contractor for Balance of System of 600 MW/1200 MWh BESS Project at Nandiyal, Andhra Pradesh (AC Package)",Energy Storage (BESS),600.0,Andhra Pradesh,Closed,SECI/C&P/OP/15/0002/25-26,RfP,2025-08-20,2025-08-28,2025-09-26,2025-09-29,2025-09-30,,,,,https://www.seci.co.in/tender-details/YmN0,,Under Evaluation,,,Yes,600 MW,,,2026-09-12,2026-09-12,,yes,,T-a9a14c583d53,
SECI,RfP for Supply of 600 MW/1200 MWh Battery Energy Storage System (DC Package),Energy Storage (BESS),600.0,,Closed,SECI/C&P/OP/15/0001/25-26,RfP,2025-08-04,2025-08-19,2025-09-26,2025-09-29,2025-09-30,,,,,https://www.seci.co.in/tender-details/YmN3,,Under Evaluation,,,Yes,600 MW,,,,,,yes,,7b9247f430fa,
SECI,"RfP for Selection of Contractor for Balance of System of 600 MW/1200 MWh BESS Project at Nandiyal, Andhra Pradesh (AC Package)",Energy Storage (BESS),600.0,Andhra Pradesh,Closed,SECI/C&P/OP/15/0002/25-26,RfP,2025-08-20,2025-08-28,2025-09-26,2025-09-29,2025-09-30,,,,,https://www.seci.co.in/tender-details/YmN0,,Under Evaluation,,,Yes,600 MW,,,,,,yes,,a9a14c583d53,
SECI,RfS for setting up of 3540 kW Grid-Connected Rooftop Solar PV Projects under RESCO mode (RTSPV-Tranche-II),Rooftop Solar,3.54,,Closed,SECI/C&P/IPP/11/0007/25-26,RfS,2025-08-25,2025-09-04,2025-09-30,2025-10-03,2025-10-06,2025-12-15,,,https://news.google.com/rss/articles/CBMivgFBVV95cUxOaDU1cGJ1VExFSURYSWUyeDFlZTlfSFpSb1FnMTRMVWtJeHl2c2ljVE83eFlMR0RjTXdtMXhWMnpHQXZjTEJiODYyX1EtWVpHeG8zdHRIaVZYaHJBX2lpajZuUW4xOVpSTzZTeXJUdHlhd2ZvemZnUlp6THFWRXJZc3YxNHpxSFluZFhzbUVlRXprVDlPZnhKdGp4RzR4VVY0VllqWmhIam5teW5FVC1FNTNZTUpndXhmTGhORkxB?oc=5,https://www.seci.co.in/tender-details/YmNy,,Award reported (check link),news (unverified),SECI Awards 3.85 MW Rooftop Solar PV Projects Across Indian Educational Institutions - SolarQuarter,Yes,3540 kW,,,2026-09-12,2026-09-12,,yes,,T-5359199012d3,
SECI,RfS for setting up of 3540 kW Grid-Connected Rooftop Solar PV Projects under RESCO mode (RTSPV-Tranche-II),Rooftop Solar,3.54,,Closed,SECI/C&P/IPP/11/0007/25-26,RfS,2025-08-25,2025-09-04,2025-09-30,2025-10-03,2025-10-06,2025-12-15,,,https://news.google.com/rss/articles/CBMivgFBVV95cUxOaDU1cGJ1VExFSURYSWUyeDFlZTlfSFpSb1FnMTRMVWtJeHl2c2ljVE83eFlMR0RjTXdtMXhWMnpHQXZjTEJiODYyX1EtWVpHeG8zdHRIaVZYaHJBX2lpajZuUW4xOVpSTzZTeXJUdHlhd2ZvemZnUlp6THFWRXJZc3YxNHpxSFluZFhzbUVlRXprVDlPZnhKdGp4RzR4VVY0VllqWmhIam5teW5FVC1FNTNZTUpndXhmTGhORkxB?oc=5,https://www.seci.co.in/tender-details/YmNy,,Award reported (check link),news (unverified),SECI Awards 3.85 MW Rooftop Solar PV Projects Across Indian Educational Institutions - SolarQuarter,Yes,3540 kW,,,,,,yes,,5359199012d3,
SECI,RfS for Setting up of 1000 kW Grid-Connected RTSPV project on buildings of Rashtrapati Bhavan (RTSPV-Tranche-III),Rooftop Solar,1.0,,Closed,SECI/C&P/IPP/11/0008/25-26,RfS,2025-09-09,2025-09-19,2025-10-14,2025-10-16,2025-10-17,2025-12-23,Renew,,https://news.google.com/rss/articles/CBMihwFBVV95cUxNeWlaMFc5WW1QZWdfeDJaejdFQ2pJeWxvM1FvVllKZ3poRWNBV0FEekRsS0lmcmFUV2dIOVNfMUZhdW1FMVN0TElaenhua2VWRmVBdmlKbXNMby1Vc0kyb0g2RWNjdE9WMzlIRFZPR2syanJHczRhS1pGRHF4NE42UGR3R0VEQms?oc=5,https://www.seci.co.in/tender-details/YmNx,,"Awarded (news, unverified)",news (unverified),GRE Renew Enertech Wins SECI’s 1 MW Rooftop Solar Auction - Mercomindia.com,Yes,1000 kW,,,2026-09-12,2026-09-12,,yes,,T-f2ff6c795ea5,
SECI,RfS for Setting up of 1000 kW Grid-Connected RTSPV project on buildings of Rashtrapati Bhavan (RTSPV-Tranche-III),Rooftop Solar,1.0,,Closed,SECI/C&P/IPP/11/0008/25-26,RfS,2025-09-09,2025-09-19,2025-10-14,2025-10-16,2025-10-17,2025-12-23,Renew,,https://news.google.com/rss/articles/CBMihwFBVV95cUxNeWlaMFc5WW1QZWdfeDJaejdFQ2pJeWxvM1FvVllKZ3poRWNBV0FEekRsS0lmcmFUV2dIOVNfMUZhdW1FMVN0TElaenhua2VWRmVBdmlKbXNMby1Vc0kyb0g2RWNjdE9WMzlIRFZPR2syanJHczRhS1pGRHF4NE42UGR3R0VEQms?oc=5,https://www.seci.co.in/tender-details/YmNx,,"Awarded (news, unverified)",news (unverified),GRE Renew Enertech Wins SECI’s 1 MW Rooftop Solar Auction - Mercomindia.com,Yes,1000 kW,,,,,,yes,,f2ff6c795ea5,
SECI,RfS for setting up of 3410 kW Grid-Connected Rooftop Solar PV Projects under RESCO mode (RTSPV-Tranche-IV),Rooftop Solar,3.41,,Closed,SECI/C&P/IPP/11/0009/25-26,RfS,2025-09-24,2025-10-06,2025-11-24,2025-11-26,2025-11-27,,,,,https://www.seci.co.in/tender-details/YmB3,,Under Evaluation,,,Yes,3410 kW,,,2026-09-12,2026-09-12,,yes,,T-bb5321169d39,
SECI,The setting up of Centralized Asset Management Centre (CAMC) and SaaS License for a period of 05 (Five) years for operating RE projects at SECI,Unclassified,,,Closed,GEM/2025/B/6663042,Tender,2025-09-09,2025-09-19,2025-11-24,2025-11-24,2025-11-24,,,,,https://www.seci.co.in/tender-details/YmNw,,Under Evaluation,,,Yes,,,,2026-09-12,2026-09-12,,yes,,T-3ed26c08c244,
SECI,RfS for setting up of 3410 kW Grid-Connected Rooftop Solar PV Projects under RESCO mode (RTSPV-Tranche-IV),Rooftop Solar,3.41,,Closed,SECI/C&P/IPP/11/0009/25-26,RfS,2025-09-24,2025-10-06,2025-11-24,2025-11-26,2025-11-27,,,,,https://www.seci.co.in/tender-details/YmB3,,Under Evaluation,,,Yes,3410 kW,,,,,,yes,,bb5321169d39,
SECI,The setting up of Centralized Asset Management Centre (CAMC) and SaaS License for a period of 05 (Five) years for operating RE projects at SECI,Unclassified,,,Closed,GEM/2025/B/6663042,Tender,2025-09-09,2025-09-19,2025-11-24,2025-11-24,2025-11-24,,,,,https://www.seci.co.in/tender-details/YmNw,,Under Evaluation,,,Yes,,,,,,,yes,,3ed26c08c244,
SECI,RfS for Setting up of 1200 MW ISTS-connected Solar PV Power Projects with 600 MW/3600 MWh ESS in India (SECI-ISTS-XXI),Solar,1200.0,,Closed,SECI/C&P/IPP/11/0006/25-26,RfS,2025-06-19,2025-07-10,2025-12-02,2025-12-04,2025-12-05,2026-01-09,ENGIE; NLC India; Rays Power,,https://news.google.com/rss/articles/CBMi5wFBVV95cUxPMXVXMk1IRE5iUURFdE9WT05vSTJ6cXluRm5nN2l6N1pZSm5Wbjg3S08wdDFGRm4zTmZYemQyQW05VWhjS2k1SjFZOUZoazlYQkZOU3dqUFA4QXB0WWNEYXAzQmRmX0FObkJaWW9Zb0hnYVI5cUZiXzM1Z0YwZHhKRmJ4SFNTd015c0F3TGs4MlpGX3ZzdDJhTXZtOEdsVWJkN19fVWRxS0U5UlF1TENqb0tmQ0FzWVVUa2EzUUlRY1luZTN6UlYtT0xtSXZZelJsTTNiNVE3bXlsWXJSRXZqVm9qSWdVYkU?oc=5,https://www.seci.co.in/tender-details/YmJz,,"Awarded (news, unverified)",news (unverified),"ENGIE, NLC India, Rays Power Among Winners of SECI's 1.2 GW Solar Plus 3.6 GWh Storage Auction - scanx.trade",Yes,1200 MW,,,2026-09-12,2026-09-12,,yes,,T-c99bd23af287,
SECI,RfS for Setting up of 1200 MW ISTS-connected Solar PV Power Projects with 600 MW/3600 MWh ESS in India (SECI-ISTS-XXI),Solar,1200.0,,Closed,SECI/C&P/IPP/11/0006/25-26,RfS,2025-06-19,2025-07-10,2025-12-02,2025-12-04,2025-12-05,2026-01-09,ENGIE; NLC India; Rays Power,,https://news.google.com/rss/articles/CBMi5wFBVV95cUxPMXVXMk1IRE5iUURFdE9WT05vSTJ6cXluRm5nN2l6N1pZSm5Wbjg3S08wdDFGRm4zTmZYemQyQW05VWhjS2k1SjFZOUZoazlYQkZOU3dqUFA4QXB0WWNEYXAzQmRmX0FObkJaWW9Zb0hnYVI5cUZiXzM1Z0YwZHhKRmJ4SFNTd015c0F3TGs4MlpGX3ZzdDJhTXZtOEdsVWJkN19fVWRxS0U5UlF1TENqb0tmQ0FzWVVUa2EzUUlRY1luZTN6UlYtT0xtSXZZelJsTTNiNVE3bXlsWXJSRXZqVm9qSWdVYkU?oc=5,https://www.seci.co.in/tender-details/YmJz,,"Awarded (news, unverified)",news (unverified),"ENGIE, NLC India, Rays Power Among Winners of SECI's 1.2 GW Solar Plus 3.6 GWh Storage Auction - scanx.trade",Yes,1200 MW,,,,,,yes,,c99bd23af287,
SECI,RfS for 500 MW ISTS-Connected Solar PV Power Projects in India (SECI-ISTS-XIX),Solar,500.0,,Closed,SECI/C&P/IPP/11/0024/24-25,RfS,2025-02-13,2025-02-18,2025-12-04,2025-12-08,2025-12-09,,,,,https://www.seci.co.in/tender-details/YWp_,,Under Evaluation,,,Yes,500 MW,,,2026-09-12,2026-09-12,,yes,,T-710e9150b621,
SECI,RfS for 500 MW ISTS-Connected Solar PV Power Projects in India (SECI-ISTS-XIX),Solar,500.0,,Closed,SECI/C&P/IPP/11/0024/24-25,RfS,2025-02-13,2025-02-18,2025-12-04,2025-12-08,2025-12-09,,,,,https://www.seci.co.in/tender-details/YWp_,,Under Evaluation,,,Yes,500 MW,,,,,,yes,,710e9150b621,
NTPC,CONSTRUCTION OF BOUNDARY WALL AT NGEL BILHAUR SOLAR PV PROJECT IN UTTAR PRADESH,Solar,,Uttar Pradesh,Closed,NGEL-CS-5731-004(BW)-9,Tender,2025-11-21,,2025-12-11,,2025-12-12,,,,,https://ntpctender.ntpc.co.in/NITDetails/NITs/29229,,Under Evaluation,,,Yes,,,,2026-09-12,2026-09-12,,yes,,T-c0e9468865ee,
SECI,RfS for Setting up of 1200 MW ISTS-Connected Wind Power Projects in India (SECI-Tranche-XIX),Wind,1200.0,,Closed,SECI/C&P/IPP/12/0013/25-26,RfS,2025-10-15,2025-10-27,2025-12-15,2025-12-17,2025-12-18,2026-02-05,Waaree; KP Energy; Vena Energy,,https://news.google.com/rss/articles/CBMiywFBVV95cUxPRUh3ejNCaUhzWHQ0Wk8wSTFIb2pZTmRrd3FhYk5rNGRfcG5fTVYwbHNOd2lKelpQVUREMXFXaVhhYVRSNExVc2JTMDlHRXdWQUdMTUZabDRkaGdSc1FidF9iNVdxMHF0U1U2NTQ5Mlg1UEp2QUZEZ2lWWHZ2c216MTI3anU3eDRMcENUV2ZqdkszV1RDS2Y3aTA1WGF4UEhrX0Z6MkhldUVHaUFneHpYOEQ4OF9URk1PUHVRT0l2NnFjNXFjVmtHdWZvMNIB0AFBVV95cUxNS2ZmakVoY1dXMjdfY21KMHFiN2ZrOHRsQVBoWVZhUGQtWGJORWFrMk5QcWJyenJlVG84Rl83OTkxTmNPZUNKdXd0TG9vN29tVGZ5YmFZbUNGYUJ0elhwRlJKSVNyVXFtbllULVRYWVp4Wm10M1hERWFGWXNIQy1FYW12WHFFcjZzTUJZay1Zd21ReDhSaldQRnZWZlBRT0E1YzJpdll1ME82N3hsLWI5SjhlT3RlNnd0TVp6VTJnTnFmSUFZb3JBNnpyNm1qTjlm?oc=5,https://www.seci.co.in/tender-details/YmB1,,"Awarded (news, unverified)",news (unverified),"SECI Tranche XlX Wind Auction: Waaree, KP Energy, Vena Energy Among Winners In 1.2 GW ISTS Auction - WindInsider",Yes,1200 MW,,,2026-09-12,2026-09-12,,yes,,T-519bbe8b1f67,
SECI,RfS for Setting up of 1200 MW ISTS-Connected Wind Power Projects in India (SECI-Tranche-XIX),Wind,1200.0,,Closed,SECI/C&P/IPP/12/0013/25-26,RfS,2025-10-15,2025-10-27,2025-12-15,2025-12-17,2025-12-18,2026-02-05,Waaree; KP Energy; Vena Energy,,https://news.google.com/rss/articles/CBMiywFBVV95cUxPRUh3ejNCaUhzWHQ0Wk8wSTFIb2pZTmRrd3FhYk5rNGRfcG5fTVYwbHNOd2lKelpQVUREMXFXaVhhYVRSNExVc2JTMDlHRXdWQUdMTUZabDRkaGdSc1FidF9iNVdxMHF0U1U2NTQ5Mlg1UEp2QUZEZ2lWWHZ2c216MTI3anU3eDRMcENUV2ZqdkszV1RDS2Y3aTA1WGF4UEhrX0Z6MkhldUVHaUFneHpYOEQ4OF9URk1PUHVRT0l2NnFjNXFjVmtHdWZvMNIB0AFBVV95cUxNS2ZmakVoY1dXMjdfY21KMHFiN2ZrOHRsQVBoWVZhUGQtWGJORWFrMk5QcWJyenJlVG84Rl83OTkxTmNPZUNKdXd0TG9vN29tVGZ5YmFZbUNGYUJ0elhwRlJKSVNyVXFtbllULVRYWVp4Wm10M1hERWFGWXNIQy1FYW12WHFFcjZzTUJZay1Zd21ReDhSaldQRnZWZlBRT0E1YzJpdll1ME82N3hsLWI5SjhlT3RlNnd0TVp6VTJnTnFmSUFZb3JBNnpyNm1qTjlm?oc=5,https://www.seci.co.in/tender-details/YmB1,,"Awarded (news, unverified)",news (unverified),"SECI Tranche XlX Wind Auction: Waaree, KP Energy, Vena Energy Among Winners In 1.2 GW ISTS Auction - WindInsider",Yes,1200 MW,,,,,,yes,,519bbe8b1f67,
NTPC,"SUPPLY AND INSTALLATION OF WIND TURBINE GENERATORS (WTG) FOR ISTS CONNECTED WIND ENERGY PROJECT WITH NOMINAL CAPACITY OF 672 MW (224 WTG) IN SOLAPUR, MAHARASHTRA",Wind,672.0,Maharashtra,Closed,NRE-CS-5926-003(WTG)-9,Tender,2025-03-27,,2025-12-16,,2026-09-09,,,,,https://ntpctender.ntpc.co.in/NITDetails/NITs/28431,,Under Evaluation,,,Yes,672 MW,,,2026-09-12,2026-09-12,,yes,,T-40997de3451e,
NTPC,"Development of 132 kV GIS along with 80 MVA, 132/33 kV Power Transformer, 33 kV HT and 415 V LT Switchgears for NGEL Green Hydrogen Hub at Pudimadaka, Andhra Pradesh",Green Hydrogen / Derivatives,,Andhra Pradesh,Closed,NGEL-CS-5861-GH2HUB-PSE-PUD-1-001,Tender,2025-12-08,,2025-12-22,,2026-01-06,,,,,https://ntpctender.ntpc.co.in/NITDetails/NITs/29278,,Under Evaluation,,,Yes,,,,2026-09-12,2026-09-12,,yes,,T-b0b87472053a,
SECI,RfS for Setting up of 17768 kW Grid-Connected RTSPV project in Puducherry (RTSPV-Tranche-V),Rooftop Solar,17.768,Puducherry,Closed,SECI/C&P/IPP/11/0010/25-26,RfS,2025-09-12,2025-09-24,2025-12-23,2025-12-26,2025-12-29,2026-04-06,,,https://news.google.com/rss/articles/CBMivgFBVV95cUxObktlSFA5S0lQUGdyMDFDRDVTLWlDRFBFbnFUcGtURUg2VUJqNXA1WkdMZ0lTeUNLUjNfeG9TLTd5dmNOWlVxbWdDQTFTdW9JdFFOaTdTSzhLZWNSZHA3TmZnSXJlZzFVUDdfMXVKb1pFWmUyN3hDRjFNdnVQcmJrai1KODlqUXFWYnhSUDFTMEhOMXhwZ2NtMlhidU5xblFXOWZvazJGZU1Ta0w2S3U1UXBQemFpV1NfeFRFRWd3?oc=5,https://www.seci.co.in/tender-details/YmN_,,Award reported (check link),news (unverified),SECI Awards 17.7 MW Rooftop Solar Projects In Puducherry At ₹4.11/kWh Tariff - SolarQuarter,Yes,17768 kW,,,2026-09-12,2026-09-12,,yes,,T-8288f555991a,
SECI,RfS for Setting up of 17768 kW Grid-Connected RTSPV project in Puducherry (RTSPV-Tranche-V),Rooftop Solar,7.768,Puducherry,Closed,SECI/C&P/IPP/11/0010/25-26,RfS,2025-09-12,2025-09-24,2025-12-23,2025-12-26,2025-12-29,,,,,https://www.seci.co.in/tender-details/YmN_,,Under Evaluation,,,Yes,7768 kW,,,,,,yes,,8288f555991a,
SECI,RfS for assured Peak supply of 4800 MWh (1200 MW x 4 Hrs.) from ISTS-Connected RE Power Projects in India (SECI-FDRE-VII),Round-the-Clock / CfD / Trading,1200.0,,Closed,SECI/C&P/IPP/13/0012/25-26,RfS,2025-09-30,2025-10-07,2026-01-07,2026-01-09,2026-01-12,,,,,https://www.seci.co.in/tender-details/YmB2,,Under Evaluation,,,Yes,1200 MW,,,2026-09-12,2026-09-12,,yes,,T-c6f7d896cb3e,
SECI,RfS for assured Peak supply of 4800 MWh (1200 MW x 4 Hrs.) from ISTS-Connected RE Power Projects in India (SECI-FDRE-VII),Round-the-Clock / CfD / Trading,1200.0,,Closed,SECI/C&P/IPP/13/0012/25-26,RfS,2025-09-30,2025-10-07,2026-01-07,2026-01-09,2026-01-12,,,,,https://www.seci.co.in/tender-details/YmB2,,Under Evaluation,,,Yes,1200 MW,,,,,,yes,,c6f7d896cb3e,
SECI,The Development of Cybersecurity Compliance Portal for Renewable Energy Sector (RECAP),Unclassified,,,Closed,GEM/2025/B/6865130,Tender,2025-11-07,2025-11-27,2026-01-15,2026-01-19,2026-01-19,,,,,https://www.seci.co.in/tender-details/YmBy,,Under Evaluation,,,Yes,,,,2026-09-12,2026-09-12,,yes,,T-8710803c124b,
SECI,The Development of Cybersecurity Compliance Portal for Renewable Energy Sector (RECAP),Unclassified,,,Closed,GEM/2025/B/6865130,Tender,2025-11-07,2025-11-27,2026-01-15,2026-01-19,2026-01-19,,,,,https://www.seci.co.in/tender-details/YmBy,,Under Evaluation,,,Yes,,,,,,,yes,,8710803c124b,
NTPC,Support Services for Office of Vanki Wind Energy Project for 12 Months with a Provision of Extension for Another 3 Months.,Wind,,,Closed,GEM/2025/B/6964051,Tender,2026-01-08,,2026-01-19,,2026-01-19,,,,,https://ntpctender.ntpc.co.in/NITDetails/NITs/29338,,Under Evaluation,,,Yes,,,,2026-09-12,2026-09-12,,yes,,T-b76c9c23b7b1,
SECI,RfS for Setting up of 8900 kW Grid-Connected RTSPV Projects on JNV Buildings under (RTSPV-Tranche-VI),Rooftop Solar,8.9,,Closed,SECI/C&P/IPP/11/0011/25-26,RfS,2025-12-15,2025-12-23,2026-01-19,2026-01-21,2026-01-22,,,,,https://www.seci.co.in/tender-details/YmBw,,Under Evaluation,,,Yes,8900 kW,,,2026-09-12,2026-09-12,,yes,,T-fa843504f878,
SECI,RfS for Setting up of 8900 kW Grid-Connected RTSPV Projects on JNV Buildings under (RTSPV-Tranche-VI),Rooftop Solar,8.9,,Closed,SECI/C&P/IPP/11/0011/25-26,RfS,2025-12-15,2025-12-23,2026-01-19,2026-01-21,2026-01-22,,,,,https://www.seci.co.in/tender-details/YmBw,,Under Evaluation,,,Yes,8900 kW,,,,,,yes,,fa843504f878,
SECI,RfS for setting up of Projects of 125 MW/ 500 MWh Standalone BESS in Odisha with Viability Gap Funding supported through PSDF,Energy Storage (BESS),125.0,Odisha,Closed,SECI/C&P/IPP/15/0015/25-26,RfS,2025-12-18,2026-01-02,2026-02-05,2026-02-09,2026-02-10,,,,,https://www.seci.co.in/tender-details/YmB_,,Under Evaluation,,,Yes,125 MW,,,2026-09-12,2026-09-12,,yes,,T-361c070c7904,
SECI,RfS for setting up of Projects of 125 MW/ 500 MWh Standalone BESS in Odisha with Viability Gap Funding supported through PSDF,Energy Storage (BESS),125.0,Odisha,Closed,SECI/C&P/IPP/15/0015/25-26,RfS,2025-12-18,2026-01-02,2026-02-05,2026-02-09,2026-02-10,,,,,https://www.seci.co.in/tender-details/YmB_,,Under Evaluation,,,Yes,125 MW,,,,,,yes,,361c070c7904,
SECI,RfS for setting up of 5665 kW Grid-Connected Rooftop Solar PV Projects under RESCO Mode (RTSPV-Tranche-VIII),Rooftop Solar,5.665,,Closed,SECI/C&P/IPP/11/0018/25-26,RfS,2026-01-16,2026-01-27,2026-02-17,2026-02-19,2026-02-20,,,,,https://www.seci.co.in/tender-details/YmFz,,Under Evaluation,,,Yes,5665 kW,,,2026-09-12,2026-09-12,,yes,,T-1014f36ba5a0,
SECI,RfS for setting up of 5665 kW Grid-Connected Rooftop Solar PV Projects under RESCO Mode (RTSPV-Tranche-VIII),Rooftop Solar,5.665,,Closed,SECI/C&P/IPP/11/0018/25-26,RfS,2026-01-16,2026-01-27,2026-02-17,2026-02-19,2026-02-20,,,,,https://www.seci.co.in/tender-details/YmFz,,Under Evaluation,,,Yes,5665 kW,,,,,,yes,,1014f36ba5a0,
NTPC,"EPC PACKAGE FOR DEVELOPMENT OF 250MW SOLAR WITH 50MW/200MWH BESS PROJECT AT SITAPUR, U.P.",Solar + Storage,250.0,,Closed,NRE-CS-5838-004(EPC)-9,Tender,2025-12-31,,2026-02-18,,2026-03-06,,,,,https://ntpctender.ntpc.co.in/NITDetails/NITs/29320,,Under Evaluation,,,Yes,250 MW,,,2026-09-12,2026-09-12,,yes,,T-edf758b5a8a3,
NTPC,EPC PACKAGE FOR DEVELOPMENT OF 1000 MWh BESS CAPACITY AT NTPC REL BIKANER SOLAR PLANT,Solar + Storage,,,Closed,NREL-CS-5800-004(BESS1)-9,Tender,2026-02-06,,2026-02-23,,2026-03-11,,,,,https://ntpctender.ntpc.co.in/NITDetails/NITs/29441,,Under Evaluation,,,Yes,"1000 MWh (energy, not power)",,,2026-09-12,2026-09-12,,yes,,T-664b78263612,
NTPC,EPC Package for Development of 6 MW Floating Solar PV Project coupled with 6 MW /24 MWhr Battery Energy Storage System (BESS) at ABVTPS Project of CSPGCL,Solar + Storage,6.0,,Closed,NRE-CS-5839-CNGEL-EPC,Tender,2025-12-31,,2026-02-28,,2026-03-26,,,,,https://ntpctender.ntpc.co.in/NITDetails/NITs/29319,,Under Evaluation,,,Yes,6 MW,,,2026-09-12,2026-09-12,,yes,,T-371eee9b5561,
SECI,The setting up of Centralized Asset Management Centre (CAMC) and SaaS License for a period of 05 (Five) years for operating RE projects at SECI,Unclassified,,,Closed,GEM/2025/B/6979184,Tender,2025-12-09,,2026-03-03,2026-03-03,2026-03-03,,,,,https://www.seci.co.in/tender-details/YmBx,,Under Evaluation,,,Yes,,,,2026-09-12,2026-09-12,,yes,,T-52a3d6981fc9,
SECI,The setting up of Centralized Asset Management Centre (CAMC) and SaaS License for a period of 05 (Five) years for operating RE projects at SECI,Unclassified,,,Closed,GEM/2025/B/6979184,Tender,2025-12-09,1970-01-01,2026-03-03,2026-03-03,2026-03-03,,,,,https://www.seci.co.in/tender-details/YmBx,,Under Evaluation,,,Yes,,,,,,,yes,,52a3d6981fc9,
NTPC,DEVELOPMENT OF WIND ENERGY PROJECT WITH 215MW CAPACITY FOR INGEL AT ISTS SUBSTATION ANANTAPUR-II IN ANDHRA PRADESH (TRANCHE-III).,Transmission / Evacuation,215.0,Andhra Pradesh,Closed,NRE-CS-5931-003-9,Tender,2026-02-11,,2026-03-10,,2026-03-27,,,,,https://ntpctender.ntpc.co.in/NITDetails/NITs/29458,,Under Evaluation,,,Yes,215 MW,,,2026-09-12,2026-09-12,,yes,,T-8f1afab1e6dd,
NTPC,SUPPLY OF SOLAR PV MODULES FOR 400MW SOLAR PROJECT IN CHITRAKOOT IN U.P.,Solar,400.0,,Closed,NRE-CS-5822-004(MOD-2)-9,Tender,2026-02-04,,2026-03-13,,2026-05-11,2026-04-21,Pace Digitek,,https://news.google.com/rss/articles/CBMiyAFBVV95cUxOUTkzQ1dXY3J1c1pXVy1EdG5QT28tX2x2ejRoRVJEeEtCdzBPZ0xSdkhuVkYyekltNVl5bGJkX3JiZ3AyLTZ6QlREeTdaY0M5VWU2VzJMVS1BX1hoSUtHUFkyLXF3d2M2Nk9qd3ZSOWhDSFoxZ2dyR0hERGZWTV9iRU1FZWdpWFFva1VfSWhxb09JVHlwMFRwaGJ4eXN2LW5sTWwzQm0taDRudFVYWm11OENaYnpORGozby03aXdYeUdZeUo1UGtlWg?oc=5,https://ntpctender.ntpc.co.in/NITDetails/NITs/29427,,"Awarded (news, unverified)",news (unverified),"Pace Digitek Wins ₹4,945 Million-400 MWh BESS EPC Contract from NTPC Limited in Bihar - solarquarter.com",Yes,400 MW,,,2026-09-12,2026-09-12,,yes,,T-ba290cae1701,
SECI,"Tender for Balance of System for 700 MW (AC) Solar PV Power Plant at Radha Nesda, Banaskantha, Gujarat, India",Solar,700.0,Gujarat,Closed,SECI/C&P/OP/11/023/2025-26,Tender,2026-01-08,2026-01-19,2026-03-19,2026-03-19,2026-03-19,,,,,https://www.seci.co.in/tender-details/YmF0,,Under Evaluation,,,Yes,700 MW,,,2026-09-12,2026-09-12,,yes,,T-5a581e3e48d6,
SECI,"Tender for Balance of System for 700 MW (AC) Solar PV Power Plant at Radha Nesda, Banaskantha, Gujarat, India",Solar,700.0,Gujarat,Closed,SECI/C&P/OP/11/023/2025-26,Tender,2026-01-08,2026-01-19,2026-03-19,2026-03-19,2026-03-19,,,,,https://www.seci.co.in/tender-details/YmF0,,Under Evaluation,,,Yes,700 MW,,,,,,yes,,5a581e3e48d6,
NTPC,"Land and Power Evacuation Package for Development of 600 MW ISTS connected Solar PV Projects in Tumkur Region, Karnataka.",Transmission / Evacuation,600.0,Karnataka,Closed,NRE-CS-5827-004(L)-9,Tender,2025-02-21,,2026-04-06,,2026-05-06,,,,,https://ntpctender.ntpc.co.in/NITDetails/NITs/28312,,Under Evaluation,,,Yes,600 MW,,,2026-09-12,2026-09-12,,yes,,T-f3ff92ba26ea,
SECI,RfS for setting up of 10 MW Grid Connected Solar PV Power Project in Odisha under VGF-based Competitive Bidding,Solar,10.0,Odisha,Closed,SECI/C&P/IPP/11/0019/25-26,RfS,2026-02-17,2026-02-27,2026-04-06,2026-04-08,2026-04-09,2026-05-15,,,https://news.google.com/rss/articles/CBMi1wFBVV95cUxOdDZzejNTWExKWkhfZFB2Mnk4Nm8zMjZ6N0N1SU1uLVU5X3RDbjc5SU1rSGNnRUNMZ1VpOC16ZVVhRlNPcE5Ka2FUV0x1b01WMEhUWHNHLVFQUDFMcktTWV8takl6c2NqdlZxamxUM3JQQ0Q1cF9mVFZicmFUdEs1ZVRuMDVYeEFUcHJzay1SWUdvcVdrVGR3LWVJWExjWEw4dVRQajN3OUk3NW4yc0xaeGZjdDNPWjJkcWJNMUI5R0Z5aWpIWlhxQ09uNnJVTkhOajZYck52NA?oc=5,https://www.seci.co.in/tender-details/YmF_,,Award reported (check link),news (unverified),Odisha: SECI Awards 10 MW Solar Plus Storage Project to BNC Power Projects at Rs. 2.60/kWh - Saur Energy,Yes,10 MW,,,2026-09-12,2026-09-12,,yes,,T-0536236643fc,
SECI,RfS for setting up of 10 MW Grid Connected Solar PV Power Project in Odisha under VGF-based Competitive Bidding,Solar,10.0,Odisha,Closed,SECI/C&P/IPP/11/0019/25-26,RfS,2026-02-17,2026-02-27,2026-04-06,2026-04-08,2026-04-09,2026-05-15,,,https://news.google.com/rss/articles/CBMi1wFBVV95cUxOdDZzejNTWExKWkhfZFB2Mnk4Nm8zMjZ6N0N1SU1uLVU5X3RDbjc5SU1rSGNnRUNMZ1VpOC16ZVVhRlNPcE5Ka2FUV0x1b01WMEhUWHNHLVFQUDFMcktTWV8takl6c2NqdlZxamxUM3JQQ0Q1cF9mVFZicmFUdEs1ZVRuMDVYeEFUcHJzay1SWUdvcVdrVGR3LWVJWExjWEw4dVRQajN3OUk3NW4yc0xaeGZjdDNPWjJkcWJNMUI5R0Z5aWpIWlhxQ09uNnJVTkhOajZYck52NA?oc=5,https://www.seci.co.in/tender-details/YmF_,,Award reported (check link),news (unverified),Odisha: SECI Awards 10 MW Solar Plus Storage Project to BNC Power Projects at Rs. 2.60/kWh - Saur Energy,Yes,10 MW,,,,,,yes,,0536236643fc,
NTPC,SUPPLY OF SOLAR PV MODULES FOR 1000MW SOLAR PV PROJECTS IN LALITPUR AND CHITRAKOOT IN U.P.,Solar,1000.0,,Closed,NRE-CS-5822-004(MOD-1)-9R,Tender,2026-04-10,,2026-04-15,,2026-04-27,,,,,https://ntpctender.ntpc.co.in/NITDetails/NITs/29715,,Under Evaluation,,,Yes,1000 MW,,,2026-09-12,2026-09-12,,yes,,T-856355d4d037,
NTPC,"Procurement of Three (03) nos. Hydrogen Fuel Cell Buses for Green Hydrogen Mobility Project in Bhubaneswar, Odisha",Green Hydrogen / Derivatives,,Odisha,Closed,GEM/2026/B/7445119,Tender,2026-04-20,,2026-05-02,,2026-05-02,,,,,https://ntpctender.ntpc.co.in/NITDetails/NITs/29739,,Under Evaluation,,,Yes,,,,2026-09-12,2026-09-12,,yes,,T-521b829a4336,
SECI,RfP for Supply of 80 MW Power on Short-Term Basis Through Tariff-Based Competitive Bidding,Unclassified,80.0,,Closed,SECI/C&P/IPP/17/0001/26-27,RfP,2026-04-01,2026-04-02,2026-05-04,2026-05-06,2026-05-07,,,,,https://www.seci.co.in/tender-details/YmZ2,,Under Evaluation,,,Yes,80 MW,,,2026-09-12,2026-09-12,,yes,,T-51e31bd0deb3,
SECI,RfP for Supply of 80 MW Power on Short-Term Basis Through Tariff-Based Competitive Bidding,Unclassified,80.0,,Closed,SECI/C&P/IPP/17/0001/26-27,RfP,2026-04-01,2026-04-02,2026-05-04,2026-05-06,2026-05-07,,,,,https://www.seci.co.in/tender-details/YmZ2,,Under Evaluation,,,Yes,80 MW,,,,,,yes,,51e31bd0deb3,
NTPC,"BALANCE OF SYSTEM (BOS) PACKAGE FOR DEVELOPMENT OF 200MW GRID CONNECTED SOLAR PV PROJECT AT BIKANER, RAJASTHAN",Solar,200.0,Rajasthan,Closed,NRE-CS-5800-004(BOS2)-9,Tender,2026-04-02,,2026-05-06,,2026-05-13,,,,,https://ntpctender.ntpc.co.in/NITDetails/NITs/29651,,Under Evaluation,,,Yes,200 MW,,,2026-09-12,2026-09-12,,yes,,T-67465aa83379,
NTPC,"EPC PACKAGE FOR DEVELOPMENT OF 900MW (3x300MW) GRID CONNECTED SOLAR PV PROJECTS AT MANDSAUR, MADHYA PRADESH",Solar,900.0,Madhya Pradesh,Closed,NRE-CS-5816-004(EPC)-9,Tender,2026-04-07,,2026-05-07,,2026-05-22,,,,,https://ntpctender.ntpc.co.in/NITDetails/NITs/29666,,Under Evaluation,,,Yes,900 MW,,,2026-09-12,2026-09-12,,yes,,T-3f3a48663894,
SECI,RfS for setting up of 4455 kW Grid-Connected Rooftop Solar PV Projects under RESCO Mode (RTSPV-Tranche-IX),Rooftop Solar,4.455,,Closed,SECI/C&P/IPP/11/0021/25-26,RfS,2026-04-10,2026-04-20,2026-05-11,2026-05-13,2026-05-14,2026-07-28,,,https://news.google.com/rss/articles/CBMie0FVX3lxTFB2VWxuSFJPal8xdThqbkJRZUs5T0FycDBUcVZad3RVUGJidEdvUzc0SkE4Tl8zX0psUFRiYU9nZzRBRXExYkxkS0FZLUI5ZDhSNWhaMndfTFJ0ZW5GZXVVOVc1cGtoMEZQRjc2RmZnTWFWcUptX3l2SW9ONA?oc=5,https://www.seci.co.in/tender-details/YmZ0,,Award reported (check link),news (unverified),SECI awards 4.455 MW rooftop solar capacity under Tranche IX - Power Peak Digest,Yes,4455 kW,,,2026-09-12,2026-09-12,,yes,,T-b72f28c00668,
SECI,Internet Leased Line Services for 10 MW Solar PV Project at Badi Sid Bap Jodhpur Rajasthan,Solar,10.0,Rajasthan,Closed,GEM/2026/B/7428171,Tender,2026-04-09,,2026-05-11,2026-05-11,2026-04-09,,,,,https://www.seci.co.in/tender-details/YmZ1,,Under Evaluation,,,Yes,10 MW,,,2026-09-12,2026-09-12,,yes,,T-2919f6189f6e,
SECI,RfS for setting up of 4455 kW Grid-Connected Rooftop Solar PV Projects under RESCO Mode (RTSPV-Tranche-IX),Rooftop Solar,4.455,,Closed,SECI/C&P/IPP/11/0021/25-26,RfS,2026-04-10,2026-04-20,2026-05-11,2026-05-13,2026-05-14,2026-07-28,,,https://news.google.com/rss/articles/CBMie0FVX3lxTFB2VWxuSFJPal8xdThqbkJRZUs5T0FycDBUcVZad3RVUGJidEdvUzc0SkE4Tl8zX0psUFRiYU9nZzRBRXExYkxkS0FZLUI5ZDhSNWhaMndfTFJ0ZW5GZXVVOVc1cGtoMEZQRjc2RmZnTWFWcUptX3l2SW9ONA?oc=5,https://www.seci.co.in/tender-details/YmZ0,,Award reported (check link),news (unverified),SECI awards 4.455 MW rooftop solar capacity under Tranche IX - Power Peak Digest,Yes,4455 kW,,,,,,yes,,b72f28c00668,
SECI,Internet Leased Line Services for 10 MW Solar PV Project at Badi Sid Bap Jodhpur Rajasthan,Solar,10.0,Rajasthan,Closed,GEM/2026/B/7428171,Tender,2026-04-09,1970-01-01,2026-05-11,2026-05-11,2026-04-09,,,,,https://www.seci.co.in/tender-details/YmZ1,,Under Evaluation,,,Yes,10 MW,,,,,,yes,,2919f6189f6e,
NTPC,SUPPLY OF SOLAR PV MODULES FOR 1200MW SOLAR PV PROJECTS AT NTPC REL KHAVDA RE PARK-SOUTH BLOCK IN RANN OF KUTCH GUJARAT,Solar,1200.0,Gujarat,Closed,NRE-CS-5779-004(MOD-03)-9R,Tender,2026-05-08,,2026-05-16,,2026-05-22,,,,,https://ntpctender.ntpc.co.in/NITDetails/NITs/29834,,Under Evaluation,,,Yes,1200 MW,,,2026-09-12,2026-09-12,,yes,,T-83e79713fd9c,
NTPC,"ICT PACKAGE FOR 900 MW SOLAR PROJECTS IN MANDSAUR, MADHYA PRADESH",Solar,900.0,Madhya Pradesh,Closed,NRE-CS-5816-004(TRF)-9,Tender,2026-04-29,,2026-05-18,,2026-05-27,,,,,https://ntpctender.ntpc.co.in/NITDetails/NITs/29771,,Under Evaluation,,,Yes,900 MW,,,2026-09-12,2026-09-12,,yes,,T-89d3316eac5b,
NTPC,"BALANCE OF SYSTEM (BOS) PACKAGE FOR DEVELOPMENT OF 900MW (1x500MW+1x400MW) GRID CONNECTED SOLAR PV PROJECTS AT KURNOOL, ANDHRA PRADESH",Solar,900.0,Andhra Pradesh,Closed,NRE-CS-5803-004(BOS)-9,Tender,2026-05-04,,2026-05-22,,2026-06-05,,,,,https://ntpctender.ntpc.co.in/NITDetails/NITs/29794,,Under Evaluation,,,Yes,900 MW,,,2026-09-12,2026-09-12,,yes,,T-9e88e234c68e,
NTPC,"BALANCE OF SYSTEM (BOS) PACKAGE FOR DEVELOPMENT OF 1200MW (2x450MW+1x300MW) GRID CONNECTED SOLAR PV PROJECTS AT ANANTAPUR, ANDHRA PRADESH",Solar,1200.0,Andhra Pradesh,Closed,NRE-CS-5802-004(BOS)-9,Tender,2026-05-04,,2026-05-22,,2026-06-05,,,,,https://ntpctender.ntpc.co.in/NITDetails/NITs/29791,,Under Evaluation,,,Yes,1200 MW,,,2026-09-12,2026-09-12,,yes,,T-e4c4957f12b0,
NTPC,Centralized Rate Contract for Drone Thermography for NREL Solar Projects Across India,Solar,,,Closed,NREL-CS-200153429,Tender,2026-05-13,,2026-05-28,,2026-05-29,,,,,https://ntpctender.ntpc.co.in/NITDetails/NITs/29853,,Under Evaluation,,,Yes,,,,2026-09-12,2026-09-12,,yes,,T-0556d6e562a3,
NTPC,EPC Package for Development of 800MW/3200MWh Battery Energy Storage System (BESS) at NTPC REL Khavda Park,Energy Storage (BESS),800.0,,Closed,NRE-CS-5845-EPC-BESS,Tender,2026-05-19,,2026-06-05,,2026-06-23,,,,,https://ntpctender.ntpc.co.in/NITDetails/NITs/29872,,Under Evaluation,,,Yes,800 MW,,,2026-09-12,2026-09-12,,yes,,T-e34ec5f93b37,
SECI,RfS for Setting up of 1500 MW/12000 MWh Pumped Storage Plants in India (PSP-I),Pumped Storage,1500.0,,Closed,SECI/C&P/IPP/15/0017/25-26,RfS,2025-12-26,2026-01-12,2026-06-05,2026-06-09,2026-06-10,2026-07-21,Greenko; Torrent; Tata Power,,https://news.google.com/rss/articles/CBMi0wFBVV95cUxNcUFUdkw3Vm5vYUd3d1N3Q1FMZ3M3eDZRRHJGNzEwNExtaHdJLWRXVndXN1V2Ukc4d3hUbEtoT0RqUmpRRWVqbXM0REtHcTlsM29xekcxTWtnWVpXMnFIZmNXLTlnVTZ0WGRLYVNiOWtLYWZidHU1Y0U4ZnpXSkQtU0thZG9IelVKd01TU0c2WUdRNlZQMmJSUnN3aFhmemtVWUhlRHozWUFlZERMVlFhVXJpaVhWaWpkb2NuVURBZzhTRWU0S3puWFNyc2xpalRCc0pJ?oc=5,https://www.seci.co.in/tender-details/YmF3,,"Awarded (news, unverified)",news (unverified),"Greenko, Torrent & Tata Power Wins SECI 1500 MW/12000 MWh Pumped Storage Tender in India - Saur Energy",Yes,1500 MW,,,2026-09-12,2026-09-12,,yes,,T-2b32a0fbd349,
SECI,RfS for Setting up of 1500 MW/12000 MWh Pumped Storage Plants in India (PSP-I),Pumped Storage,1500.0,,Closed,SECI/C&P/IPP/15/0017/25-26,RfS,2025-12-26,2026-01-12,2026-06-05,2026-06-09,2026-06-10,2026-07-21,Greenko; Torrent; Tata Power,,https://news.google.com/rss/articles/CBMi0wFBVV95cUxNcUFUdkw3Vm5vYUd3d1N3Q1FMZ3M3eDZRRHJGNzEwNExtaHdJLWRXVndXN1V2Ukc4d3hUbEtoT0RqUmpRRWVqbXM0REtHcTlsM29xekcxTWtnWVpXMnFIZmNXLTlnVTZ0WGRLYVNiOWtLYWZidHU1Y0U4ZnpXSkQtU0thZG9IelVKd01TU0c2WUdRNlZQMmJSUnN3aFhmemtVWUhlRHozWUFlZERMVlFhVXJpaVhWaWpkb2NuVURBZzhTRWU0S3puWFNyc2xpalRCc0pJ?oc=5,https://www.seci.co.in/tender-details/YmF3,,"Awarded (news, unverified)",news (unverified),"Greenko, Torrent & Tata Power Wins SECI 1500 MW/12000 MWh Pumped Storage Tender in India - Saur Energy",Yes,1500 MW,,,,,,yes,,2b32a0fbd349,
SECI,"Stakeholder consultation on Draft RfS, GMPA, GMSA documents for Production and supply of Green Methanol",Green Hydrogen / Derivatives,,,Closed,-,RfS,2026-05-06,2026-05-15,2026-06-08,2026-06-08,2026-06-08,,,,,https://www.seci.co.in/tender-details/Ymd2,,Under Evaluation,,,Yes,,,,2026-09-12,2026-09-12,,yes,,T-5e857f36cb1c,
SECI,"Stakeholder consultation on Draft RfS, GMPA, GMSA documents for Production and supply of Green Methanol",Green Hydrogen / Derivatives,,,Closed,-,RfS,2026-05-06,2026-05-15,2026-06-08,2026-06-08,2026-06-08,,,,,https://www.seci.co.in/tender-details/Ymd2,,Under Evaluation,,,Yes,,,,,,,yes,,5e857f36cb1c,
SECI,Expression of Interest for Virtual Power Purchase Agreement (VPPA) Based Renewable Energy Procurement,Unclassified,,,Closed,SECI/C&P/EOI/17/0004/25-26,EOI,2026-04-17,2026-05-13,2026-06-12,2026-06-12,2026-06-12,,,,,https://www.seci.co.in/tender-details/YmZx,,Under Evaluation,,,Yes,,,,2026-09-12,2026-09-12,,yes,,T-8d15f4c7c20e,
SECI,Expression of Interest for Virtual Power Purchase Agreement (VPPA) Based Renewable Energy Procurement,Unclassified,,,Closed,SECI/C&P/EOI/17/0004/25-26,EOI,2026-04-17,2026-05-13,2026-06-12,2026-06-12,2026-06-12,,,,,https://www.seci.co.in/tender-details/YmZx,,Under Evaluation,,,Yes,,,,,,,yes,,8d15f4c7c20e,
NTPC,"EPC PACKAGE FOR DEVELOPMENT OF 550MW (1x550MW) GRID CONNECTED SOLAR PV PROJECTS NEAR SHIMBHOO KA BURJ, RAJASTHAN",Solar,550.0,Rajasthan,Closed,NRE-CS-5823-004(SOL)-9,Tender,2026-06-03,,2026-06-19,,2026-06-26,,,,,https://ntpctender.ntpc.co.in/NITDetails/NITs/29918,,Under Evaluation,,,Yes,550 MW,,,2026-09-12,2026-09-12,,yes,,T-0e504759f60c,
SECI,RfS for 2000 MW ISTS-Connected Wind Power Projects in India (SECI-Tranche-XX),Wind,2000.0,,Closed,SECI/C&P/IPP/12/0003/26-27,RfS,2026-04-21,2026-04-28,2026-06-19,2026-06-23,2026-06-24,2026-07-16,,,https://news.google.com/rss/articles/CBMiugFBVV95cUxPZDAzRmdYTE5vYXFDcmV1OXJfLUZlVi1lR3l5R0tBOFpZdGVpUmlLdXdBY05EbFdFZEhTaVVoU1BhZks4UzNDczZxb2JKY3hLVVpFT1cwZWFwNFBMRVNhOFQxaWU5N1BQaFFFMGpwZjNvNE01VGtQU0Y2REl4cDBaV0djaU1GX2VWbG12TENCUGxFQWM2NTB4TjBrSk5NVmo1VnQ3cVlBemdJVUszaEo3eTRRWHNrdWk1N0HSAb8BQVVfeXFMTkdpYldiVzQ1VFlKR291OGVQZi16UWM0ZmMyeE5QSTBoWFdITkt4a0hiMTVKd1lQTFF1UEZGdVRiR2RfbkxaOG11aWJvOVpKb1VudlN5a3RoZUduUVFLTGdkWURONVBsZTVBZWtmOWpNemNsWlg4LVIwSV9OYUVDZlhENkk4ejVrcTBQbVljSF9YZVg3NldXdS1FdTlxRFAtbXNZVkNUTVFlZnQtaS1BVHFFN2NwSFBxVXc0TmstWmc?oc=5,https://www.seci.co.in/tender-details/Ymd3,,Award reported (check link),news (unverified),"SECI Awards 2,000 MW ISTS Wind Power Projects At Tariffs Starting From INR 3.78/KWh - WindInsider",Yes,2000 MW,,,2026-09-12,2026-09-12,,yes,,T-2ec1ded70236,
SECI,RfS for 2000 MW ISTS-Connected Wind Power Projects in India (SECI-Tranche-XX),Wind,2000.0,,Closed,SECI/C&P/IPP/12/0003/26-27,RfS,2026-04-21,2026-04-28,2026-06-19,2026-06-23,2026-06-24,2026-07-16,,,https://news.google.com/rss/articles/CBMiugFBVV95cUxPZDAzRmdYTE5vYXFDcmV1OXJfLUZlVi1lR3l5R0tBOFpZdGVpUmlLdXdBY05EbFdFZEhTaVVoU1BhZks4UzNDczZxb2JKY3hLVVpFT1cwZWFwNFBMRVNhOFQxaWU5N1BQaFFFMGpwZjNvNE01VGtQU0Y2REl4cDBaV0djaU1GX2VWbG12TENCUGxFQWM2NTB4TjBrSk5NVmo1VnQ3cVlBemdJVUszaEo3eTRRWHNrdWk1N0HSAb8BQVVfeXFMTkdpYldiVzQ1VFlKR291OGVQZi16UWM0ZmMyeE5QSTBoWFdITkt4a0hiMTVKd1lQTFF1UEZGdVRiR2RfbkxaOG11aWJvOVpKb1VudlN5a3RoZUduUVFLTGdkWURONVBsZTVBZWtmOWpNemNsWlg4LVIwSV9OYUVDZlhENkk4ejVrcTBQbVljSF9YZVg3NldXdS1FdTlxRFAtbXNZVkNUTVFlZnQtaS1BVHFFN2NwSFBxVXc0TmstWmc?oc=5,https://www.seci.co.in/tender-details/Ymd3,,Award reported (check link),news (unverified),"SECI Awards 2,000 MW ISTS Wind Power Projects At Tariffs Starting From INR 3.78/KWh - WindInsider",Yes,2000 MW,,,,,,yes,,2ec1ded70236,
NTPC,"EPC PACKAGE FOR DEVELOPMENT OF 240MW (1x240MW) GRID CONNECTED SOLAR PV PROJECTS NEAR DEVIKOT, RAJASTHAN",Solar,240.0,Rajasthan,Closed,NRE-CS-5824-004(SOL)-9,Tender,2026-06-03,,2026-06-22,,2026-06-26,,,,,https://ntpctender.ntpc.co.in/NITDetails/NITs/29917,,Under Evaluation,,,Yes,240 MW,,,2026-09-12,2026-09-12,,yes,,T-0927eb756d66,
NTPC,"EPC PACKAGE FOR DEVELOPMENT OF 300MW (1x300MW) GRID CONNECTED SOLAR PV PROJECTS NEAR NOKHRA, RAJASTHAN",Solar,300.0,Rajasthan,Closed,NRE-CS-5826-004(SOL)-9,Tender,2026-06-01,,2026-06-25,,2026-08-21,,,,,https://ntpctender.ntpc.co.in/NITDetails/NITs/29905,,Under Evaluation,,,Yes,300 MW,,,2026-09-12,2026-09-12,,yes,,T-72b638579b3d,
NTPC,EPC PACKAGE FOR DEVELOPMENT OF 550 MW/ 2200 MWH ISTS CONNECTED BESS AT NTPC REL SHIMBOO KA BURJ SOLAR PLANT,Solar + Storage,550.0,,Closed,NREL-CS-5823-004(BESS1)-9,Tender,2026-06-16,,2026-06-29,,2026-07-09,,,,,https://ntpctender.ntpc.co.in/NITDetails/NITs/29969,,Under Evaluation,,,Yes,550 MW,,,2026-09-12,2026-09-12,,yes,,T-9dce59fc73ec,
SECI,RfS for setting up 5500 kW Grid-Connected Rooftop Solar PV Project under RESCO mode (RTSPV-Tranche-X),Rooftop Solar,5.5,,Closed,SECI/C&P/IPP/11/0004/26-27,RfS,2026-05-21,2026-06-01,2026-06-30,2026-07-02,2026-07-03,,,,,https://www.seci.co.in/tender-details/Ymdz,,Under Evaluation,,,Yes,5500 kW,,,2026-09-12,2026-09-12,,yes,,T-3578bef74836,
SECI,RfS for setting up 5500 kW Grid-Connected Rooftop Solar PV Project under RESCO mode (RTSPV-Tranche-X),Rooftop Solar,5.5,,Closed,SECI/C&P/IPP/11/0004/26-27,RfS,2026-05-21,2026-06-01,2026-06-30,2026-07-02,2026-07-03,,,,,https://www.seci.co.in/tender-details/Ymdz,,Under Evaluation,,,Yes,5500 kW,,,,,,yes,,3578bef74836,
SECI,RfS for Supply of 1000 MW Excess Power from RE Projects having Existing PPA (SECI-FDRE-VIII),Round-the-Clock / CfD / Trading,1000.0,,Closed,SECI/C&P/IPP/13/0016/25-26,RfS,2025-12-26,2026-01-08,2026-07-02,2026-07-06,2026-07-07,,,,,https://www.seci.co.in/tender-details/YmB-,,Under Evaluation,,,Yes,1000 MW,,,2026-09-12,2026-09-12,,yes,,T-b26738cc40d9,
SECI,RfS for Supply of 1000 MW Excess Power from RE Projects having Existing PPA (SECI-FDRE-VIII),Unclassified,1000.0,,Closed,SECI/C&P/IPP/13/0016/25-26,RfS,2025-12-26,2026-01-08,2026-07-02,2026-07-06,2026-07-07,,,,,https://www.seci.co.in/tender-details/YmB-,,Under Evaluation,,,Yes,1000 MW,,,,,,yes,,b26738cc40d9,
NTPC,SELECTION OF DEVELOPER(S) FOR ISTS CONNECTED PUMP HYDRO ENERGY STORAGE SOLUTIONS OF 2000 MW / 12000 MWh WITH 500 MW (MIN) CAPACITY AT SINGLE LOCATION (ANYWHERE IN INDIA) UNDER PHES AS SERVICE MODEL,Pumped Storage,2000.0,,Closed,NRE-CS-5846-004(PHES)-9,Tender,2026-05-29,,2026-07-06,,2026-07-21,,,,,https://ntpctender.ntpc.co.in/NITDetails/NITs/29893,,Under Evaluation,,,Yes,2000 MW,,,2026-09-12,2026-09-12,,yes,,T-2298de2387a8,
NTPC,EPC PACKAGE FOR DEVELOPMENT OF 240 MW/ 960 MWH ISTS CONNECTED BESS AT NTPC REL DEVIKOT SOLAR PLANT,Solar + Storage,240.0,,Closed,NREL-CS-5824-004(BESS1)-9,Tender,2026-06-16,,2026-07-08,,2026-07-13,,,,,https://ntpctender.ntpc.co.in/NITDetails/NITs/29973,,Under Evaluation,,,Yes,240 MW,,,2026-09-12,2026-09-12,,yes,,T-a3dcdb8d4277,
SECI,"Internet Leased Line Services for 10 MW Solar PV Project at Badi Sid, Bap, Jodhpur, Rajasthan",Solar,10.0,Rajasthan,Closed,GEM/2026/B/7636230,Tender,2026-06-08,,2026-07-08,2026-07-08,2026-07-08,,,,,https://www.seci.co.in/tender-details/YmR3,,Under Evaluation,,,Yes,10 MW,,,2026-09-12,2026-09-12,,yes,,T-d93078a92d7c,
SECI,"Internet Leased Line Services for 10 MW Solar PV Project at Badi Sid, Bap, Jodhpur, Rajasthan",Solar,10.0,Rajasthan,Closed,GEM/2026/B/7636230,Tender,2026-06-08,1970-01-01,2026-07-08,2026-07-08,2026-07-08,,,,,https://www.seci.co.in/tender-details/YmR3,,Under Evaluation,,,Yes,10 MW,,,,,,yes,,d93078a92d7c,
SECI,RfS for setting up of 12250 kW Grid-Connected Rooftop Solar PV Projects on JNV Buildings (Phase-II) under RESCO Mode through Tenure-based Competitive Bidding (RTSPV-Tranche-XI),Rooftop Solar,12.25,,Closed,SECI/C&P/IPP/11/0005/26-27,RfS,2026-05-29,2026-06-09,2026-07-10,2026-07-14,2026-07-15,,,,,https://www.seci.co.in/tender-details/Ymdx,,Under Evaluation,,,Yes,12250 kW,,,2026-09-12,2026-09-12,,yes,,T-9732f72d896a,
SECI,RfS for setting up of 12250 kW Grid-Connected Rooftop Solar PV Projects on JNV Buildings (Phase-II) under RESCO Mode through Tenure-based Competitive Bidding (RTSPV-Tranche-XI),Rooftop Solar,2.25,,Closed,SECI/C&P/IPP/11/0005/26-27,RfS,2026-05-29,2026-06-09,2026-07-10,2026-07-14,2026-07-15,,,,,https://www.seci.co.in/tender-details/Ymdx,,Under Evaluation,,,Yes,2250 kW,,,,,,yes,,9732f72d896a,
NTPC,400KV SUB STATION PACKAGE FOR 900 MW SOLAR PROJECTS AT MANDSAUR MADHYA PRADESH,Solar,900.0,Madhya Pradesh,Closed,NRE-CS-5816-004(SS)-9,Tender,2026-07-03,,2026-07-17,,2026-07-27,,,,,https://ntpctender.ntpc.co.in/NITDetails/NITs/30021,,Under Evaluation,,,Yes,900 MW,,,2026-09-12,2026-09-12,,yes,,T-00641139216d,
NTPC,EPC PACKAGE FOR DEVELOPMENT OF 300MW / 1200MWH ISTS CONNECTED BESS AT NTPC REL NOKHRA SOLAR PLANT,Solar + Storage,300.0,,Closed,NREL-CS-5826-004(BESS1)-9,Tender,2026-06-15,,2026-07-17,,2026-07-20,,,,,https://ntpctender.ntpc.co.in/NITDetails/NITs/29964,,Under Evaluation,,,Yes,300 MW,,,2026-09-12,2026-09-12,,yes,,T-76a19cbdb074,
NTPC,"Hiring of Vehicle on Annual basis for 12 Months for 894.3MW Bellary Wind Project, Harapanahalli, Karnataka",Wind,894.3,Karnataka,Closed,GEM/2026/B/7767016,Tender,2026-07-10,,2026-07-20,,2026-07-20,,,,,https://ntpctender.ntpc.co.in/NITDetails/NITs/30046,,Under Evaluation,,,Yes,894.3 MW,,,2026-09-12,2026-09-12,,yes,,T-dea013ca569a,
NTPC,DEVELOPMENT OF WIND ENERGY PROJECT WITH 540 MW CAPACITY AT ISTS SUB-STATION ANANTAPUR-III IN ANDHRA PRADESH (TRANCHE-II).,Wind,540.0,Andhra Pradesh,Closed,NRE-CS-5930-003-9,Tender,2026-02-12,,2026-07-20,,2026-09-14,,,,,https://ntpctender.ntpc.co.in/NITDetails/NITs/29464,,Under Evaluation,,,Yes,540 MW,,,2026-09-12,2026-09-12,,yes,,T-fe5ae1312df3,
SECI,RfS for Supply of 1000 MW Firm and Dispatchable Renewable Energy Round-the-Clock (FDRE-RTC) Power from ISTS-Connected RE Power Projects in India (SECI-FDRE-RTC-V),Round-the-Clock / CfD / Trading,1000.0,,Closed,SECI/C&P/IPP/13/0020/25-26,RfS,2026-03-10,2026-03-19,2026-07-20,2026-07-22,2026-07-23,,,,,https://www.seci.co.in/tender-details/YmZ3,,Under Evaluation,,,Yes,1000 MW,,,2026-09-12,2026-09-12,,yes,,T-a5b691e0a9cb,
SECI,RfS for Supply of 1000 MW Firm and Dispatchable Renewable Energy Round-the-Clock (FDRE-RTC) Power from ISTS-Connected RE Power Projects in India (SECI-FDRE-RTC-V),Round-the-Clock / CfD / Trading,1000.0,,Closed,SECI/C&P/IPP/13/0020/25-26,RfS,2026-03-10,2026-03-19,2026-07-20,2026-07-22,2026-07-23,,,,,https://www.seci.co.in/tender-details/YmZ3,,Under Evaluation,,,Yes,1000 MW,,,,,,yes,,a5b691e0a9cb,
NTPC,"BALANCE OF SYSTEM PACKAGE FOR 110 MW WIND ENERGY PROJECT AT KHAVDA, GUJARAT",Wind,110.0,Gujarat,Closed,NRE-CS-5779-003(BOS)-9,Tender,2026-07-16,,2026-07-26,,2026-08-10,,,,,https://ntpctender.ntpc.co.in/NITDetails/NITs/30059,,Under Evaluation,,,Yes,110 MW,,,2026-09-12,2026-09-12,,yes,,T-d58cf9505679,
NTPC,"EPC PACKAGE FOR DEVELOPMENT OF 600MW (2x300MW) GRID CONNECTED SOLAR PV PROJECTS AT DHULE, MAHARASHTRA",Solar,600.0,Maharashtra,Closed,NRE-CS-5820-004(EPC)-9,Tender,2026-06-24,,2026-08-06,,2026-08-25,,,,,https://ntpctender.ntpc.co.in/NITDetails/NITs/29990,,Under Evaluation,,,Yes,600 MW,,,2026-09-12,2026-09-12,,yes,,T-bd34718f1cef,
SECI,RfS for assured Peak Supply of 6000 MWh (1500 MW x 4 Hrs.) from ISTS-Connected RE Projects (SECI-FDRE-IX),Round-the-Clock / CfD / Trading,1500.0,,Closed,SECI/C&P/IPP/13/0006/26-27,RfS,2026-06-05,2026-06-17,2026-08-07,2026-08-11,2026-08-12,,,,,https://www.seci.co.in/tender-details/Ymd_,,Under Evaluation,,,Yes,1500 MW,,,2026-09-12,2026-09-12,,yes,,T-7bd77556d47f,
SECI,RfS for assured Peak Supply of 6000 MWh (1500 MW x 4 Hrs.) from ISTS-Connected RE Projects (SECI-FDRE-IX),Round-the-Clock / CfD / Trading,1500.0,,Closed,SECI/C&P/IPP/13/0006/26-27,RfS,2026-06-05,2026-06-17,2026-08-07,2026-08-11,2026-08-12,,,,,https://www.seci.co.in/tender-details/Ymd_,,Under Evaluation,,,Yes,1500 MW,,,,,,yes,,7bd77556d47f,
SECI,RfS for setting up 5320 kW Grid-Connected Rooftop Solar PV Project under RESCO mode (RTSPV-Tranche-XII),Rooftop Solar,5.32,,Closed,SECI/C&P/IPP/11/0007/26-27,RfS,2026-07-27,2026-08-07,2026-08-31,2026-09-02,2026-09-03,,,,,https://www.seci.co.in/tender-details/YmRy,,Under Evaluation,,,Yes,5320 kW,,,2026-09-12,2026-09-12,,yes,,T-2340251f1369,
SECI,RfS for setting up 5320 kW Grid-Connected Rooftop Solar PV Project under RESCO mode (RTSPV-Tranche-XII),Rooftop Solar,5.32,,Closed,SECI/C&P/IPP/11/0007/26-27,RfS,2026-07-27,2026-08-07,2026-08-31,2026-09-02,2026-09-03,,,,,https://www.seci.co.in/tender-details/YmRy,,Under Evaluation,,,Yes,5320 kW,,,,,,yes,,2340251f1369,
SECI,"The procurement of Phasor Measurement Unit (PMU) for 100 MW SPV with 40 MW/120 MWh BESS Project at Rajnandgaon, Chhattisgarh",Solar + Storage,100.0,Chhattisgarh,Closed,GEM/2026/B/7883396,Tender,2026-08-06,2026-08-12,2026-09-03,2026-09-03,2026-09-03,,,,,https://www.seci.co.in/tender-details/YmR-,,Under Evaluation,,,Yes,100 MW,,,2026-09-12,2026-09-12,,yes,,T-8f1494aaf9b2,
SECI,"The procurement of Phasor Measurement Unit (PMU) for 100 MW SPV with 40 MW/120 MWh BESS Project at Rajnandgaon, Chhattisgarh",Solar + Storage,100.0,Chhattisgarh,Closed,GEM/2026/B/7883396,Tender,2026-08-06,2026-08-12,2026-09-03,2026-09-03,2026-09-03,,,,,https://www.seci.co.in/tender-details/YmR-,,Under Evaluation,,,Yes,100 MW,,,,,,yes,,8f1494aaf9b2,
NTPC,Hiring of Latest Model of Mahindra Scorpio (4 WD) or equivalent 4WD Not earlier than 2026 Make) vehicle for 12 Hours duty for NTPC REL officials at 200 MW ISTS Connected Solar PV Project (Block IX),Solar,200.0,,Closed,GEM/2026/B/7937631,Tender,2026-08-27,,2026-09-07,,2026-09-07,,,,https://ntpctender.ntpc.co.in/NITDetails/NITs/30195,https://ntpctender.ntpc.co.in/NITDetails/NITs/30195,,Awarded (see link),portal,,Yes,200 MW,,,2026-09-12,2026-09-12,,yes,,T-732e8f3c403b,
SECI,RfS for assured Peak Supply of 1000 MWh (500 MW x 2 Hrs.) under CfD Mechanism from ISTS-Connected RE Projects (SECI-CfD-I),Round-the-Clock / CfD / Trading,500.0,,Closed,SECI/C&P/IPP/13/0002/26-27,RfS,2026-04-19,2026-05-04,2026-09-07,2026-09-09,2026-09-10,,,,,https://www.seci.co.in/tender-details/YmZ-,,Bidding Open,,,Yes,500 MW,,,2026-09-12,2026-09-12,,yes,,T-5e9b7edc2288,
SECI,RfS for assured Peak Supply of 1000 MWh (500 MW x 2 Hrs.) under CfD Mechanism from ISTS-Connected RE Projects (SECI-CfD-I),Round-the-Clock / CfD / Trading,500.0,,Closed,SECI/C&P/IPP/13/0002/26-27,RfS,2026-04-19,2026-05-04,2026-09-07,2026-09-09,2026-09-10,,,,,https://www.seci.co.in/tender-details/YmZ-,,Bidding Open,,,Yes,500 MW,,,,,,yes,,5e9b7edc2288,
SECI,Request for Selection of Collaboration Partner for Trading of Renewable Power available with SECI,Unclassified,,,Closed,SECI/C&P/MI/00/0001/26-27,RfS,2026-08-03,2026-08-14,2026-09-07,2026-09-09,2026-09-10,,,,,https://www.seci.co.in/tender-details/YmRw,,Bidding Open,,,Yes,,,,,,,yes,,d469b7653326,
NTPC,"SUPPLY AND INSTALLATION OF WIND TURBINE GENERATORS (WTG) FOR ISTS CONNECTED WIND ENERGY PROJECT WITH NOMINAL CAPACITY OF 813 MW (271 WTG) IN BELLARY, KARNATAKA",Wind,813.0,Karnataka,Closed,NRE-CS-5929-003(WTG)-9R,Tender,2026-04-08,,2026-09-10,,2026-09-15,,,,https://ntpctender.ntpc.co.in/NITDetails/NITs/29708,https://ntpctender.ntpc.co.in/NITDetails/NITs/29708,,Awarded (see link),portal,,Yes,813 MW,,,2026-09-12,2026-09-12,,yes,,T-3e3df44c0435,
SECI,"BoS Tender for Setting up of grid-connected 88 MW Ground mounted Solar PV plant at Chitradurga, Karnataka",Solar,88.0,Karnataka,Closed,SECI/C&P/OP/11/0001/26-27,Tender,2026-05-08,2026-05-15,2026-09-10,2026-09-14,2026-09-15,,,,,https://www.seci.co.in/tender-details/Ymd1,,Bidding Open,,,Yes,88 MW,,,,,,yes,,9f1745658bdb,
NTPC,"SUPPLY AND INSTALLATION OF WIND TURBINE GENERATORS (WTG) FOR ISTS CONNECTED WIND ENERGY PROJECT WITH NOMINAL CAPACITY OF 813 MW (271 WTG) IN DAVANGERE, KARNATAKA",Wind,813.0,Karnataka,Closing Soon,NRE-CS-5928-003(WTG)-9,Tender,2026-06-22,,2026-09-12,,2026-09-08,,,,https://ntpctender.ntpc.co.in/NITDetails/NITs/29985,https://ntpctender.ntpc.co.in/NITDetails/NITs/29985,,Awarded (see link),portal,,Yes,813 MW,,,2026-09-12,2026-09-12,,yes,,T-bef42b8fc9df,
NTPC,"SUPPLY AND INSTALLATION OF WIND TURBINE GENERATORS (WTG) FOR ISTS CONNECTED WIND ENERGY PROJECT WITH NOMINAL CAPACITY OF 600 MW (200 WTG) IN ANANTAPUR, ANDHRA PRADESH",Wind,600.0,Andhra Pradesh,Closing Soon,NRE-CS-5924-003(WTG)-9,Tender,2026-08-19,,2026-09-14,,2026-09-15,,,,https://ntpctender.ntpc.co.in/NITDetails/NITs/30166,https://ntpctender.ntpc.co.in/NITDetails/NITs/30166,,Awarded (see link),portal,,Yes,600 MW,,,2026-09-12,2026-09-12,,yes,,T-69c7a513e920,
SECI,Request for Proposals for Selection of Project Developer for setting up of Grid connected 922.635 kW Rooftop Solar PV Power Project in CAPEX mode for various Client Organizations (CAPEX-I),Rooftop Solar,0.923,,Closing Soon,SECI/C&P/OP/15/0005/26-27,RfP,2026-08-06,2026-08-20,2026-09-14,2026-09-16,2026-09-17,,,,,https://www.seci.co.in/tender-details/YmV3,,Bidding Open,,,Yes,922.635 kW,,,2026-09-12,2026-09-12,,yes,,T-1f8ee688fa78,
SECI,Request for Proposals for Selection of Project Developer for setting up of Grid connected 922.635 kW Rooftop Solar PV Power Project in CAPEX mode for various Client Organizations (CAPEX-I),Rooftop Solar,0.923,,Delisted,SECI/C&P/OP/15/0005/26-27,RfP,2026-08-06,2026-08-20,2026-09-14,2026-09-16,2026-09-17,,,,,https://www.seci.co.in/tender-details/YmV3,,Bidding Open,,,Yes,922.635 kW,,,,,,yes,,1f8ee688fa78,
SECI,EOI for Engagement with Bulk Power Off-Takers for Long-Term Renewable Energy Power Procurement Facilitated by SECI within India,Round-the-Clock / CfD / Trading,,,Closing Soon,SECI/C&P/EOI/17/0002/26-27,EOI,2026-07-17,2026-07-24,2026-09-15,2026-09-15,2026-09-16,,,,,https://www.seci.co.in/tender-details/YmRz,,Bidding Open,,,Yes,,,,2026-09-12,2026-09-12,,yes,,T-fde2f1c357d8,
SECI,Request for Selection of Collaboration Partner for Trading of Renewable Power available with SECI,Unclassified,,,Closing Soon,SECI/C&P/MI/00/0001/26-27,RfS,2026-08-03,2026-08-14,2026-09-15,2026-09-09,2026-09-10,,,,,https://www.seci.co.in/tender-details/YmRw,,Bidding Open,,,Yes,,,,2026-09-12,2026-09-12,,yes,,T-d469b7653326,
SECI,EOI for Engagement with Bulk Power Off-Takers for Long-Term Renewable Energy Power Procurement Facilitated by SECI within India,Round-the-Clock / CfD / Trading,,,Delisted,SECI/C&P/EOI/17/0002/26-27,EOI,2026-07-17,2026-07-24,2026-09-15,2026-09-15,2026-09-16,,,,,https://www.seci.co.in/tender-details/YmRz,,Bidding Open,,,Yes,,,,,,,yes,,fde2f1c357d8,
SECI,EOI for identification of CO2 sources for Green Urea and RFNBO-Compliant Green Methanol Production in India,Green Hydrogen / Derivatives,,,Closing Soon,SECI/C&P/EOI/17/0003/26-27,EOI,2026-08-03,2026-08-18,2026-09-17,2026-09-17,2026-09-18,,,,,https://www.seci.co.in/tender-details/YmRx,,Bidding Open,,,Yes,,,,2026-09-12,2026-09-12,,yes,,T-06aa19e5e4d1,
SECI,"BoS Tender for Setting up of grid-connected 88 MW Ground mounted Solar PV plant at Chitradurga, Karnataka",Solar,88.0,Karnataka,Closing Soon,SECI/C&P/OP/11/0001/26-27,Tender,2026-05-08,2026-05-15,2026-09-17,2026-09-14,2026-09-15,,,,,https://www.seci.co.in/tender-details/Ymd1,,Bidding Open,,,Yes,88 MW,,,2026-09-12,2026-09-12,,yes,,T-9f1745658bdb,
SECI,EOI for identification of CO2 sources for Green Urea and RFNBO-Compliant Green Methanol Production in India,Green Hydrogen / Derivatives,,,Delisted,SECI/C&P/EOI/17/0003/26-27,EOI,2026-08-03,2026-08-18,2026-09-17,2026-09-17,2026-09-18,,,,,https://www.seci.co.in/tender-details/YmRx,,Bidding Open,,,Yes,,,,,,,yes,,06aa19e5e4d1,
SECI,Setting up of grid-connected 45.6 MW Wind Power Project (Package 2: Wind),Wind,45.6,,Delisted,SECI/C&P/OP/11/0003/26-27,Tender,2026-07-16,2026-07-27,2026-09-18,2026-09-22,2026-09-23,,,,,https://www.seci.co.in/tender-details/YmR0,,Bidding Open,,,Yes,45.6 MW,,,,,,yes,,e671476b4d53,
SECI,"Tender for Design, Engineering, Supply, Construction, Erection, Testing, Commissioning and Maintenance of 70 MW ISTS Connected Solar PV Power Project paired with 25MW/ 50MWh BESS at Ramagiri, Sri Sathya Sai District, Andhra Pradesh (Package-1: Solar+BESS)",Solar + Storage,70.0,Andhra Pradesh,Open,SECI/C&P/OP/11/0002/26-27,Tender,2026-06-24,2026-07-06,2026-09-21,2026-09-21,2026-09-24,,,,,https://www.seci.co.in/tender-details/YmR1,,Bidding Open,,,Yes,70 MW,,,2026-09-12,2026-09-12,,yes,,T-876f5d4e8922,
SECI,"Tender for Design, Engineering, Supply, Construction, Erection, Testing, Commissioning and Maintenance of 70 MW ISTS Connected Solar PV Power Project paired with 25MW/ 50MWh BESS at Ramagiri, Sri Sathya Sai District, Andhra Pradesh (Package-1: Solar+BESS)",Solar + Storage,70.0,Andhra Pradesh,Delisted,SECI/C&P/OP/11/0002/26-27,Tender,2026-06-24,2026-07-06,2026-09-21,2026-09-21,2026-09-24,,,,,https://www.seci.co.in/tender-details/YmR1,,Bidding Open,,,Yes,70 MW,,,,,,yes,,876f5d4e8922,
SECI,Setting up of grid-connected 45.6 MW Wind Power Project (Package 2: Wind),Wind,45.6,,Open,SECI/C&P/OP/11/0003/26-27,Tender,2026-07-16,2026-07-27,2026-09-22,2026-09-22,2026-09-23,,,,,https://www.seci.co.in/tender-details/YmR0,,Bidding Open,,,Yes,45.6 MW,,,2026-09-12,2026-09-12,,yes,,T-e671476b4d53,
SECI,RfS for Utilization of 100 MWh (50 MW x 2 Hrs.) Standalone Energy Storage System on Short-Term Basis under Tariff-Based Competitive Bidding,Energy Storage (BESS),50.0,,Open,SECI/C&P/IPP/15/0008/26-27,RfS,2026-08-28,2026-09-08,2026-09-30,2026-10-05,2026-10-06,,,,,https://www.seci.co.in/tender-details/YmVz,,Bidding Open,,,Yes,50 MW,,,2026-09-12,2026-09-12,,yes,,T-9be57a217bf3,
SECI,Request for Proposals for Selection of Project Developer for setting up of 100 kW Rooftop Solar PV Power Project at NIWE Campus in CAPEX mode (RTSPV-C-T-II),Rooftop Solar,0.1,,Open,SECI/C&P/OP/15/0006/25-26,RfP,2026-08-28,2026-09-09,2026-09-30,2026-10-05,2026-10-06,,,,,https://www.seci.co.in/tender-details/YmVx,,Bidding Open,,,Yes,100 kW,,,2026-09-12,2026-09-12,,yes,,T-1b9bd417bdbe,
SECI,RfS for Utilization of 100 MWh (50 MW x 2 Hrs.) Standalone Energy Storage System on Short-Term Basis under Tariff-Based Competitive Bidding,Energy Storage (BESS),50.0,,Delisted,SECI/C&P/IPP/15/0008/26-27,RfS,2026-08-28,2026-09-08,2026-09-30,2026-10-05,2026-10-06,,,,,https://www.seci.co.in/tender-details/YmVz,,Bidding Open,,,Yes,50 MW,,,,,,yes,,9be57a217bf3,
SECI,Request for Proposals for Selection of Project Developer for setting up of 100 kW Rooftop Solar PV Power Project at NIWE Campus in CAPEX mode (RTSPV-C-T-II),Rooftop Solar,0.1,,Delisted,SECI/C&P/OP/15/0006/25-26,RfP,2026-08-28,2026-09-09,2026-09-30,2026-10-05,2026-10-06,,,,,https://www.seci.co.in/tender-details/YmVx,,Bidding Open,,,Yes,100 kW,,,,,,yes,,1b9bd417bdbe,
SECI,700 MW ISTS-Connected Solar PV Power Projects in India under TBCB (C&I-1),Solar,700.0,,Open,SECI/C&P/IPP/15/0009/26-27,Tender,2026-09-03,2026-09-14,2026-10-05,2026-10-07,2026-10-08,,,,,https://www.seci.co.in/tender-details/YmV_,,Bidding Open,,,Yes,700 MW,,,2026-09-12,2026-09-12,,yes,,T-bd1bd676960c,
SECI,700 MW ISTS-Connected Solar PV Power Projects in India under TBCB (C&I-1),Solar,700.0,,Delisted,SECI/C&P/IPP/15/0009/26-27,Tender,2026-09-03,2026-09-14,2026-10-05,2026-10-07,2026-10-08,,,,,https://www.seci.co.in/tender-details/YmV_,,Bidding Open,,,Yes,700 MW,,,,,,yes,,bd1bd676960c,
SECI,"RfP for Selection of Land Parcels: Lease of 02 Agricultural Land Sites (Minimum 10 Acres Each) for Setting Up Agri-PV Solar Power Projects in Issapur and Dhansa Village in Najafgarh, Delhi",Solar,,Delhi,Open,SECI/C&P/MI/00/05/2026-27,RfP,2026-09-09,2026-09-18,2026-10-07,2026-10-07,2026-10-08,,,,,https://www.seci.co.in/tender-details/YmV-,,Bidding Open,,,Yes,,,,2026-09-12,2026-09-12,,yes,,T-ee7e7d5a6c83,
GUVNL,"NLC India, KP Group Win GUVNL’s 450 MW/900 MWh Standalone BESS Auction - energetica-india.net",Energy Storage (BESS),450.0,,Closed,,Tender,,,,,,2026-08-12,NLC India,,https://news.google.com/rss/articles/CBMiqAFBVV95cUxOY1VXRGsyNTZORk9rUW9qakRMYXdWWnFNSlpEMmp0NXoyemlBcEYxWXg2YWdFSTNjMzc2RFplNm1YMUJUdUFudGRiQnVXOGN3d19DWFo1RGRrNW9wdnVBUlZkSm0tYVVVT1hGYldRZExsT19tNWlpUmdVeWNkMmNSeV9VVDJKRm5Kd3lEYkp2NTdVOEpSdVBGcnhzT0p0clQ5OHlkQkhiZVU?oc=5,https://news.google.com/rss/articles/CBMiqAFBVV95cUxOY1VXRGsyNTZORk9rUW9qakRMYXdWWnFNSlpEMmp0NXoyemlBcEYxWXg2YWdFSTNjMzc2RFplNm1YMUJUdUFudGRiQnVXOGN3d19DWFo1RGRrNW9wdnVBUlZkSm0tYVVVT1hGYldRZExsT19tNWlpUmdVeWNkMmNSeV9VVDJKRm5Kd3lEYkp2NTdVOEpSdVBGcnhzT0p0clQ5OHlkQkhiZVU?oc=5,,"Awarded (news, unverified)",news sweep,"NLC India, KP Group Win GUVNL’s 450 MW/900 MWh Standalone BESS Auction - energetica-india.net",Yes,450 MW,,,2026-09-07,2026-09-07,,n/a,n/a,T-70cc4438cd19,news-derived record
GUVNL,Welspun and NLC India Achieve INR 2.34/Unit Discovered Tariff in GUVNL 625 MW Solar Auction - energetica-india.net,Solar,625.0,,Closed,,Tender,,,,,,2026-03-18,NLC India,,https://news.google.com/rss/articles/CBMixgFBVV95cUxPYk5yXzl6LTc4SjhhaDJlQy11VHVyeG9Yd1NRd29fbVlGY1R4ZlZqdFhlQzdQeEI1cjF3NDBOLV9jaEFkWTJfelQwaldYM3BKMmw2NFRWeE5aTHhiWjN2cXp6M0xLZ0kxaVJxUnVGSkdaVGhRcUx1TE1adXdPRURSbVFsc1pXUXZ2Vkhyb1Z4ZHFKLUtuX3ZyY2RaRG9vbHVTVG9JM0JNTk14T0FKRzdyaVNXN0dZQTVTdlFyT05NeVdZY2lxTnc?oc=5,https://news.google.com/rss/articles/CBMixgFBVV95cUxPYk5yXzl6LTc4SjhhaDJlQy11VHVyeG9Yd1NRd29fbVlGY1R4ZlZqdFhlQzdQeEI1cjF3NDBOLV9jaEFkWTJfelQwaldYM3BKMmw2NFRWeE5aTHhiWjN2cXp6M0xLZ0kxaVJxUnVGSkdaVGhRcUx1TE1adXdPRURSbVFsc1pXUXZ2Vkhyb1Z4ZHFKLUtuX3ZyY2RaRG9vbHVTVG9JM0JNTk14T0FKRzdyaVNXN0dZQTVTdlFyT05NeVdZY2lxTnc?oc=5,,"Awarded (news, unverified)",news sweep,Welspun and NLC India Achieve INR 2.34/Unit Discovered Tariff in GUVNL 625 MW Solar Auction - energetica-india.net,Yes,625 MW,,,2026-09-07,2026-09-07,,n/a,n/a,T-bd812b7761b5,news-derived record
GUVNL,"GUVNL Awards 250 MW Wind Project to KPI, Juniper, Jakson Green & Inox - Saur Energy",Wind,250.0,,Closed,,Tender,,,,,,2025-04-24,Juniper; Jakson,,https://news.google.com/rss/articles/CBMirwFBVV95cUxOdS1faFdQWUNtbjFSMFBJM00wMmtIS0VYWkFJT1BkWEhOaThBQkhOUTQ4VFFFT2hDQ1lWWmlnejZzUHNLSUVsX0hGazhHWnhlckVGclRyMGRmMDdOWjhOdjZUWHNQdkFDWlhOblZyelpiRkxsMGdiM3I1M1VUVFotU3U1N1JUeW1LdDZhNjVtTVFLZ3JUbl9uOTlZMzhiREdJXzdXN05wV3hYd3VBQWpZ?oc=5,https://news.google.com/rss/articles/CBMirwFBVV95cUxOdS1faFdQWUNtbjFSMFBJM00wMmtIS0VYWkFJT1BkWEhOaThBQkhOUTQ4VFFFT2hDQ1lWWmlnejZzUHNLSUVsX0hGazhHWnhlckVGclRyMGRmMDdOWjhOdjZUWHNQdkFDWlhOblZyelpiRkxsMGdiM3I1M1VUVFotU3U1N1JUeW1LdDZhNjVtTVFLZ3JUbl9uOTlZMzhiREdJXzdXN05wV3hYd3VBQWpZ?oc=5,,"Awarded (news, unverified)",news sweep,"GUVNL Awards 250 MW Wind Project to KPI, Juniper, Jakson Green & Inox - Saur Energy",Yes,250 MW,,,2026-09-07,2026-09-07,,n/a,n/a,T-948bf847c4a1,news-derived record
GUVNL,NLC Juniper Powerica Cu-Built Win GUVNL 250 MW Wind Auction - Construction World,Wind,250.0,,Closed,,Tender,,,,,,2026-07-17,Juniper,,https://news.google.com/rss/articles/CBMi4AFBVV95cUxPeHdHc0ZabDN0dEdWZGxMRnBTUno5QkxtTVJKOGV5aUUwbVZvQ01Yc0lvMTN2WFgwVEFWVXVGQ1JZQlcyc0ZJOWR4QkYwbXNHX2poZlFtcm00QS1DbmJZVWlJT0E3WktYMXI0YkpsMldDYm5TV1ZVNkQwVG5kTjRHRURGVUJOX2VmcUdDd0VvSE1tTHdHVGQ5RXBvUld6cm1Zanh4S0x4MjlZVmZ2YWtuUzdqTnBwYmNmODNzV2thdWxvODdvNkNVZW1TSVkwWmFhUEh2QzFYNXdvTzdaWjgzcA?oc=5,https://news.google.com/rss/articles/CBMi4AFBVV95cUxPeHdHc0ZabDN0dEdWZGxMRnBTUno5QkxtTVJKOGV5aUUwbVZvQ01Yc0lvMTN2WFgwVEFWVXVGQ1JZQlcyc0ZJOWR4QkYwbXNHX2poZlFtcm00QS1DbmJZVWlJT0E3WktYMXI0YkpsMldDYm5TV1ZVNkQwVG5kTjRHRURGVUJOX2VmcUdDd0VvSE1tTHdHVGQ5RXBvUld6cm1Zanh4S0x4MjlZVmZ2YWtuUzdqTnBwYmNmODNzV2thdWxvODdvNkNVZW1TSVkwWmFhUEh2QzFYNXdvTzdaWjgzcA?oc=5,,"Awarded (news, unverified)",news sweep,NLC Juniper Powerica Cu-Built Win GUVNL 250 MW Wind Auction - Construction World,Yes,250 MW,,,2026-09-07,2026-09-07,,n/a,n/a,T-82c8f8303a06,news-derived record
GUVNL,"KP Group, Engie India, Ultimate Flexipack Among Winners in GUVNL’s 2 GW/4 GWh BESS Auction - energetica-india.net",Energy Storage (BESS),2000.0,,Closed,,Tender,,,,,,2025-11-18,Engie,,https://news.google.com/rss/articles/CBMiwgFBVV95cUxPdUtQbnA2d1dPOUFHeHM5TE1yaTFyMEl1V25jWkJPQkt4TzdKazNGMlFFMHhjTkR0NXJ3VTlxZkJYUEt4OV9UeE5GcU9Zb09Jd1JpZXZTeGVHTEVTZ3ZELWhXU1VqNUhBUkxfZGoybGYtdFZrV2VVeG5zVGFkdHk3RjRTVkRqcHZpVUVpUjg0UUZBOFNOQm1SRm9wZ0YtcjhacXAzZGRfMHBzYUhPaVFLUzRCajRvSkRUUGhjRmZLYWxXQQ?oc=5,https://news.google.com/rss/articles/CBMiwgFBVV95cUxPdUtQbnA2d1dPOUFHeHM5TE1yaTFyMEl1V25jWkJPQkt4TzdKazNGMlFFMHhjTkR0NXJ3VTlxZkJYUEt4OV9UeE5GcU9Zb09Jd1JpZXZTeGVHTEVTZ3ZELWhXU1VqNUhBUkxfZGoybGYtdFZrV2VVeG5zVGFkdHk3RjRTVkRqcHZpVUVpUjg0UUZBOFNOQm1SRm9wZ0YtcjhacXAzZGRfMHBzYUhPaVFLUzRCajRvSkRUUGhjRmZLYWxXQQ?oc=5,,"Awarded (news, unverified)",news sweep,"KP Group, Engie India, Ultimate Flexipack Among Winners in GUVNL’s 2 GW/4 GWh BESS Auction - energetica-india.net",Yes,2 GW,,,2026-09-07,2026-09-07,,n/a,n/a,T-0b5ee904fc8d,news-derived record
GUVNL,"GUVNL Sets New Tariff Benchmark In 250 MW Auction; KPI Green, Jakson Green, And Inox Neo Emerge Winners - WindInsider",Unclassified,250.0,,Closed,,Tender,,,,,,2025-04-24,Jakson,,https://news.google.com/rss/articles/CBMi0gFBVV95cUxPU1AtZ0twYjVRbGlJWFF0aENDbmJ5dXdBekhrQnpsdmRrTUFVRS1SZDU1M211dGdyb2VROFQ5aHZqbUFBX2JGM1NtSkpOeURVRVRYSHRLMmlSeDlkbVlDMGZ1ZXZ1aHpCc21sbjY0NTh4b1RhaWZjY3dLaGI1Y1AzM25uenBiZjRYNGl4OXF1c2czUXJ4U3lVaFlrLWVrN0JwTkdaaDEwMDR1b2N5MDVvU01BRmlQRWt4cTlSXzZ3eFRCZ2tsZ2JmZnVLQ1ZuNVBkclHSAdcBQVVfeXFMTm96NXFSTVNlZWJEMmh1dC1fYTdmSXFtTkJsMW5JX2hOMkxmWXlZR3g4VGRDVGNQQXdTTTZRZk42aldVd3UyaVd5QmR5QmxGalZiLVNKXzgwdFpOVkxla1FjYWk2UlZMZk1aNEk5MUZSRGNPWThGYi1qRms3NXdlUzBxVkNneVd5MzZUbHJMQkduMGtYR1JPQy1WMlZxWlNpYVhnWWI5bEhZWF9qa213b2k3MTBXTUpka3phS3JFVHljYzk4SFJvd3NfVHg5cEppWHpkMUt6Q3c?oc=5,https://news.google.com/rss/articles/CBMi0gFBVV95cUxPU1AtZ0twYjVRbGlJWFF0aENDbmJ5dXdBekhrQnpsdmRrTUFVRS1SZDU1M211dGdyb2VROFQ5aHZqbUFBX2JGM1NtSkpOeURVRVRYSHRLMmlSeDlkbVlDMGZ1ZXZ1aHpCc21sbjY0NTh4b1RhaWZjY3dLaGI1Y1AzM25uenBiZjRYNGl4OXF1c2czUXJ4U3lVaFlrLWVrN0JwTkdaaDEwMDR1b2N5MDVvU01BRmlQRWt4cTlSXzZ3eFRCZ2tsZ2JmZnVLQ1ZuNVBkclHSAdcBQVVfeXFMTm96NXFSTVNlZWJEMmh1dC1fYTdmSXFtTkJsMW5JX2hOMkxmWXlZR3g4VGRDVGNQQXdTTTZRZk42aldVd3UyaVd5QmR5QmxGalZiLVNKXzgwdFpOVkxla1FjYWk2UlZMZk1aNEk5MUZSRGNPWThGYi1qRms3NXdlUzBxVkNneVd5MzZUbHJMQkduMGtYR1JPQy1WMlZxWlNpYVhnWWI5bEhZWF9qa213b2k3MTBXTUpka3phS3JFVHljYzk4SFJvd3NfVHg5cEppWHpkMUt6Q3c?oc=5,,"Awarded (news, unverified)",news sweep,"GUVNL Sets New Tariff Benchmark In 250 MW Auction; KPI Green, Jakson Green, And Inox Neo Emerge Winners - WindInsider",Yes,250 MW,,,2026-09-08,2026-09-08,,n/a,n/a,T-add6b5846289,news-derived record
IREDA,"Q4 results: Asian Paints, IndiGo, NMDC, Glenmark Pharma, IREDA, BEML, Inox Wind, Rubicon Research, others to post earnings on May 29 - Upstox",Wind,,,Closed,,Tender,,,,,,2026-05-28,Inox Wind,,https://news.google.com/rss/articles/CBMikwJBVV95cUxOMmQ3YjdmU3ZaYVMtTTRMa0g0ZzVLU0dqN2podzNUNjAwR3Z3NnBQQ0toclpzYnpZQllsd1JuZXIycFlrTU9GOW9yeXVsYmtjaUo5X2xhRk9WZU1wZGRIOHlQWVZCRWpXQ0NIM3pxam14U3JYUXJqc0pSbndvX3hxeGlSVFNua1hhclFuVzFNdmtHWkhQU0RCZ3dYV1YtdzhHaHlzWGFXUDhkVVNyZzhKU1hfRDBEVEt5U1VPZl94OGxnSnNnWVg3N1h2c0xVU1hMdmZERDhYcVZ1alZMdkdqcFVxbmFrNFA4eHpSY0NOUm42ZDVqRk5Wa2I2TExiZGRiMVQxdUkwUjhlS0lyTlhydWs0Yw?oc=5,https://news.google.com/rss/articles/CBMikwJBVV95cUxOMmQ3YjdmU3ZaYVMtTTRMa0g0ZzVLU0dqN2podzNUNjAwR3Z3NnBQQ0toclpzYnpZQllsd1JuZXIycFlrTU9GOW9yeXVsYmtjaUo5X2xhRk9WZU1wZGRIOHlQWVZCRWpXQ0NIM3pxam14U3JYUXJqc0pSbndvX3hxeGlSVFNua1hhclFuVzFNdmtHWkhQU0RCZ3dYV1YtdzhHaHlzWGFXUDhkVVNyZzhKU1hfRDBEVEt5U1VPZl94OGxnSnNnWVg3N1h2c0xVU1hMdmZERDhYcVZ1alZMdkdqcFVxbmFrNFA4eHpSY0NOUm42ZDVqRk5Wa2I2TExiZGRiMVQxdUkwUjhlS0lyTlhydWs0Yw?oc=5,,"Awarded (news, unverified)",news sweep,"Q4 results: Asian Paints, IndiGo, NMDC, Glenmark Pharma, IREDA, BEML, Inox Wind, Rubicon Research, others to post earnings on May 29 - Upstox",Yes,,,,2026-09-09,2026-09-09,,n/a,n/a,T-a8f1f3eec1cc,news-derived record
KREDL,Pace Digitek Wins KREDL’s 250 MW Solar/1.1 GWh BESS Project in Karnataka - megaproject.com,Solar + Storage,250.0,Karnataka,Closed,,Tender,,,,,,2026-02-12,Pace Digitek,,https://news.google.com/rss/articles/CBMisAFBVV95cUxPMEN4R3dJdEl3RTI3QjdkRjYxWXpqMFdXQ2lLQ0c0WVlRYUZlVThsRC1nX3JxeTFvZjBqSFdZZXQ4Q1JlTnVpd3ltT1p5UDRyelRtdVJFSDdJV2dETFVJbHpTZW5mT3BZREZsc3hxVEpPVndZR3VCUjFibGZPdjFaNDBVOXlrVk5LbXZiYy00X0k3UXRDd29RSTZtdDU0ZjA5OGFJNW9zWFVabTN6V1ZQVw?oc=5,https://news.google.com/rss/articles/CBMisAFBVV95cUxPMEN4R3dJdEl3RTI3QjdkRjYxWXpqMFdXQ2lLQ0c0WVlRYUZlVThsRC1nX3JxeTFvZjBqSFdZZXQ4Q1JlTnVpd3ltT1p5UDRyelRtdVJFSDdJV2dETFVJbHpTZW5mT3BZREZsc3hxVEpPVndZR3VCUjFibGZPdjFaNDBVOXlrVk5LbXZiYy00X0k3UXRDd29RSTZtdDU0ZjA5OGFJNW9zWFVabTN6V1ZQVw?oc=5,,"Awarded (news, unverified)",news sweep,Pace Digitek Wins KREDL’s 250 MW Solar/1.1 GWh BESS Project in Karnataka - megaproject.com,Yes,250 MW,,,2026-09-07,2026-09-07,,n/a,n/a,T-8c923602ce25,news-derived record
KREDL,Daily News Wrap-Up: Pace Digitek Wins KREDL’s Solar-BESS Project - Mercomindia.com,Solar + Storage,,,Closed,,Tender,,,,,,2026-02-12,Pace Digitek,,https://news.google.com/rss/articles/CBMijwFBVV95cUxNd3A1WGdQYTFRZnFvZGJTUk81NUNxZ213UjlJX1hfUURVb3RueWtNOWxoekZBQjJVNmFiQnZaWmFQekNtOGVKSVFBNjBSNmxPYWI3SmNTTlJ0YlpzVHowcm9WbGhnUEs5dnFubzN5ZTNEOFJqZUhUc21vaXZzQlpGdmxDMnZfRm1sYzlGRmlKdw?oc=5,https://news.google.com/rss/articles/CBMijwFBVV95cUxNd3A1WGdQYTFRZnFvZGJTUk81NUNxZ213UjlJX1hfUURVb3RueWtNOWxoekZBQjJVNmFiQnZaWmFQekNtOGVKSVFBNjBSNmxPYWI3SmNTTlJ0YlpzVHowcm9WbGhnUEs5dnFubzN5ZTNEOFJqZUhUc21vaXZzQlpGdmxDMnZfRm1sYzlGRmlKdw?oc=5,,"Awarded (news, unverified)",news sweep,Daily News Wrap-Up: Pace Digitek Wins KREDL’s Solar-BESS Project - Mercomindia.com,Yes,,,,2026-09-10,2026-09-10,,n/a,n/a,T-1eb181f0a4d9,news-derived record
KREDL,Pace Digitek Wins 250 MW Solar Plus 1100 MWh BESS Project From KREDL At Pavagada - SolarQuarter,Solar + Storage,250.0,,Closed,,Tender,,,,,,2026-02-11,Pace Digitek,,https://news.google.com/rss/articles/CBMiuAFBVV95cUxOck0yN0gxd1N1ZGhoVnVTSGxxZkEtck91anJFdHFieUI5eGY4MEFubms2UUVjZkZqaWRwb3RTaUg1YnlrQzNwdENlVFNnOGRTNktDUU40M29qc1RCWkhaTmc4eXFsOEdwX0c3bWxua2dZeGcxSFowLWVZQklxVkszRzB2c0xhWFZ4TmhpTWg4WVBxUWdrUzVpRUJRV1UxNEQ1QTloTXA0S0hXV19kT040akJkdXhZSXoz?oc=5,https://news.google.com/rss/articles/CBMiuAFBVV95cUxOck0yN0gxd1N1ZGhoVnVTSGxxZkEtck91anJFdHFieUI5eGY4MEFubms2UUVjZkZqaWRwb3RTaUg1YnlrQzNwdENlVFNnOGRTNktDUU40M29qc1RCWkhaTmc4eXFsOEdwX0c3bWxua2dZeGcxSFowLWVZQklxVkszRzB2c0xhWFZ4TmhpTWg4WVBxUWdrUzVpRUJRV1UxNEQ1QTloTXA0S0hXV19kT040akJkdXhZSXoz?oc=5,,"Awarded (news, unverified)",news sweep,Pace Digitek Wins 250 MW Solar Plus 1100 MWh BESS Project From KREDL At Pavagada - SolarQuarter,Yes,250 MW,,,2026-09-12,2026-09-12,,n/a,n/a,T-bd4927335d19,news-derived record
MPPMCL,"MPPMCL Partially Awards 293 MW Under 800 MW Wind Tender To Ayana Renewable, BPCL - Saur Energy",Wind,293.0,,Closed,,Tender,,,,,,2026-07-01,Ayana Renewable,,https://news.google.com/rss/articles/CBMiyAFBVV95cUxQajF0QTl6RXBsVkt6cU5wODhVRDR2cXkzejhWM2RpV0t5bDhDWHl6ZzhQY3ZQQVZ0ZzU5TWdqVFR0MXNicFZfaW5jWjMxNzFwcmlSeXY5bzI0QzdfRDhBMDlKdlZ3UTVMMXVJd2xlc0hGOXhkTTh2d3VEaENuUG8tNTVkTzVXUy0tWTIwOU9kcWk2SGJpTDhMRmxzUk81Q0trX2tIbTROSkhtM3lEakRzb0x4aGxvWGhVNlRRckpDOGtES0NGR2hWTA?oc=5,https://news.google.com/rss/articles/CBMiyAFBVV95cUxQajF0QTl6RXBsVkt6cU5wODhVRDR2cXkzejhWM2RpV0t5bDhDWHl6ZzhQY3ZQQVZ0ZzU5TWdqVFR0MXNicFZfaW5jWjMxNzFwcmlSeXY5bzI0QzdfRDhBMDlKdlZ3UTVMMXVJd2xlc0hGOXhkTTh2d3VEaENuUG8tNTVkTzVXUy0tWTIwOU9kcWk2SGJpTDhMRmxzUk81Q0trX2tIbTROSkhtM3lEakRzb0x4aGxvWGhVNlRRckpDOGtES0NGR2hWTA?oc=5,,"Awarded (news, unverified)",news sweep,"MPPMCL Partially Awards 293 MW Under 800 MW Wind Tender To Ayana Renewable, BPCL - Saur Energy",Yes,293 MW,,,2026-09-07,2026-09-07,,n/a,n/a,T-8940327e293b,news-derived record
MPPMCL,Adani Power Wins Additional 800 MW Order from MPPMCL - India Infoline,Unclassified,800.0,,Closed,,Tender,,,,,,2025-09-11,Adani Power,,https://news.google.com/rss/articles/CBMingFBVV95cUxQOVI4RlY5eTdVdXlYZXp0ZmpGN0NBVVpmZkVHM3JiNzJGa2h0elRRMDNzbnpRQWlzOEJ0aldUeEM3a2I0dlhoak5HZTYyZXJwMEJWVjF5R2NsNWFmSXdxVjFnTnVOSXJMVWxrbHRqdEU3bVVUckRCelB2aUNUTGc2ZVgyWDRseEFMYXpUQWoyRmtVNkhCdW5TY0pSMHVlZw?oc=5,https://news.google.com/rss/articles/CBMingFBVV95cUxQOVI4RlY5eTdVdXlYZXp0ZmpGN0NBVVpmZkVHM3JiNzJGa2h0elRRMDNzbnpRQWlzOEJ0aldUeEM3a2I0dlhoak5HZTYyZXJwMEJWVjF5R2NsNWFmSXdxVjFnTnVOSXJMVWxrbHRqdEU3bVVUckRCelB2aUNUTGc2ZVgyWDRseEFMYXpUQWoyRmtVNkhCdW5TY0pSMHVlZw?oc=5,,"Awarded (news, unverified)",news sweep,Adani Power Wins Additional 800 MW Order from MPPMCL - India Infoline,Yes,800 MW,,,2026-09-07,2026-09-07,,n/a,n/a,T-65e5485f6676,news-derived record
MPPMCL,Adani Power Secures LoA for total 1600 MW Capacity from MPPMCL - Adani,Unclassified,1600.0,,Closed,,Tender,,,,,,2025-09-11,Adani Power,,https://news.google.com/rss/articles/CBMirAFBVV95cUxNMGo0X0NqWDZDSFJ2bkJlby0zXzlvd29MYlROdk9EMllXaUxRSGlfT0FVUEpvOXhfb2FVV044c3JHaG5COVNIR1RMY0dzbGwtcFJTbFBKU2NucFNpMnF6UzE3TGotWE0xaldyNWRNcmRvc1NwdGowTzFueVZNS0VpUnV0YnNIcFYtWFNYYVc3MlJleldDQlVwM3Zyd2VrMWFVREkxcnpEa2VxLUJD?oc=5,https://news.google.com/rss/articles/CBMirAFBVV95cUxNMGo0X0NqWDZDSFJ2bkJlby0zXzlvd29MYlROdk9EMllXaUxRSGlfT0FVUEpvOXhfb2FVV044c3JHaG5COVNIR1RMY0dzbGwtcFJTbFBKU2NucFNpMnF6UzE3TGotWE0xaldyNWRNcmRvc1NwdGowTzFueVZNS0VpUnV0YnNIcFYtWFNYYVc3MlJleldDQlVwM3Zyd2VrMWFVREkxcnpEa2VxLUJD?oc=5,,"Awarded (news, unverified)",news sweep,Adani Power Secures LoA for total 1600 MW Capacity from MPPMCL - Adani,Yes,1600 MW,,,2026-09-07,2026-09-07,,n/a,n/a,T-75d161984b5f,news-derived record
MPPMCL,Ayana Renewable Power Wins 193 MW in MPPMCL's 800 MW Wind Power Auction - energetica-india.net,Wind,193.0,,Closed,,Tender,,,,,,2026-07-01,Ayana Renewable,,https://news.google.com/rss/articles/CBMirAFBVV95cUxNdVVydDVCWFNad1U5LVZWbEladm51YVptMlBHMFhjN3NRWmJ1R0NVLVRaT0VSeUZKLWMtMlYyNFYtaVZ4U2lNVldCVWRBVmEzVXo1WHRUR21td2VTTHFDMEJWTUh1OWR6eFRndHJ0bHZMMjdac1FHdTFKYlBhNzVlYWg2UFE5R3hWN1hFNTQtYXVBN0EtbHM0Q2x2OVl4RWRnNzRTQnlGNXZ4ZlFm?oc=5,https://news.google.com/rss/articles/CBMirAFBVV95cUxNdVVydDVCWFNad1U5LVZWbEladm51YVptMlBHMFhjN3NRWmJ1R0NVLVRaT0VSeUZKLWMtMlYyNFYtaVZ4U2lNVldCVWRBVmEzVXo1WHRUR21td2VTTHFDMEJWTUh1OWR6eFRndHJ0bHZMMjdac1FHdTFKYlBhNzVlYWg2UFE5R3hWN1hFNTQtYXVBN0EtbHM0Q2x2OVl4RWRnNzRTQnlGNXZ4ZlFm?oc=5,,"Awarded (news, unverified)",news sweep,Ayana Renewable Power Wins 193 MW in MPPMCL's 800 MW Wind Power Auction - energetica-india.net,Yes,193 MW,,,2026-09-07,2026-09-07,,n/a,n/a,T-dbef980519c3,news-derived record
MPPMCL,"Adani Power bags 1,600 MW thermal project from MPPMCL; to invest Rs 21,000 cr - cfo.economictimes.indiatimes.com",Unclassified,1600.0,,Closed,,Tender,,,,,,2025-09-11,Adani Power,,https://news.google.com/rss/articles/CBMi-AFBVV95cUxPZVo1YkROVGIzdmhTUEYyWS1EdkxmOVFJTmZ3NnRKczdyUHNQOXFqMlNzMWNWempZZ05vTFowVUdST1prQnpDVDhxck11WDRRUlhwT1ZxR25Vd01MMjhFdUVBS1ZaYktmRlJxMGQtbHNMbENDY0lTa3N0TnRsN2xwODF0bFprS1pOTHN0N1FvamU5Q09zaThkYW5MdWNBdThrWllMeVFZVDdHSERRNTJuN1J4WUk1aHh6dmpfaFVFTkFOTTRxTnNneW85RlgxejRZZ0t2Z0dMTFRzbVNTQ0t6M01aQTluN3l4SThjaWRsWGJHdW52RnBNWdIB_gFBVV95cUxNSEhlaEdMN0xRU2xxalM4OG5qMmhpc1lTdU10ZUR0VjI0U1ZDM2JOQ0xOWWNiZFZHNnFRSDVfSE1NTkR5OEJsU3lXdGhMMDc3ekhKLTY4YnR0aGUzenNkNFFLbG5TQmFlejdjSVJLZGJiUE5wNFdZVUpRcGNCeG9PWktCT0d2UTIzV1o1TG9YcU1KYk5seXNUQ1VuNkFWNHFVTGwzc01KT19IRHBCNFlKeVhvWUJvb1I5enUzaDFiaFhITEJqRElJZ2xpdnItaW5idVBKbnpsVlJBbDA5WnIzTm1FZ0Ruc3c2Vmd2WUowanBpOWU3SXIyTnJfMkk1dw?oc=5,https://news.google.com/rss/articles/CBMi-AFBVV95cUxPZVo1YkROVGIzdmhTUEYyWS1EdkxmOVFJTmZ3NnRKczdyUHNQOXFqMlNzMWNWempZZ05vTFowVUdST1prQnpDVDhxck11WDRRUlhwT1ZxR25Vd01MMjhFdUVBS1ZaYktmRlJxMGQtbHNMbENDY0lTa3N0TnRsN2xwODF0bFprS1pOTHN0N1FvamU5Q09zaThkYW5MdWNBdThrWllMeVFZVDdHSERRNTJuN1J4WUk1aHh6dmpfaFVFTkFOTTRxTnNneW85RlgxejRZZ0t2Z0dMTFRzbVNTQ0t6M01aQTluN3l4SThjaWRsWGJHdW52RnBNWdIB_gFBVV95cUxNSEhlaEdMN0xRU2xxalM4OG5qMmhpc1lTdU10ZUR0VjI0U1ZDM2JOQ0xOWWNiZFZHNnFRSDVfSE1NTkR5OEJsU3lXdGhMMDc3ekhKLTY4YnR0aGUzenNkNFFLbG5TQmFlejdjSVJLZGJiUE5wNFdZVUpRcGNCeG9PWktCT0d2UTIzV1o1TG9YcU1KYk5seXNUQ1VuNkFWNHFVTGwzc01KT19IRHBCNFlKeVhvWUJvb1I5enUzaDFiaFhITEJqRElJZ2xpdnItaW5idVBKbnpsVlJBbDA5WnIzTm1FZ0Ruc3c2Vmd2WUowanBpOWU3SXIyTnJfMkk1dw?oc=5,,"Awarded (news, unverified)",news sweep,"Adani Power bags 1,600 MW thermal project from MPPMCL; to invest Rs 21,000 cr - cfo.economictimes.indiatimes.com",Yes,"1,600 MW",,,2026-09-07,2026-09-07,,n/a,n/a,T-fc60669753ff,news-derived record
MPPMCL,"Adani Power wins additional 800 MW LoA from MPPMCL, total at 1,600 MW - Business Standard",Unclassified,800.0,,Closed,,Tender,,,,,,2025-09-11,Adani Power,,https://news.google.com/rss/articles/CBMiuwFBVV95cUxNb0h2S0VISE1SQUV4RVlwb0VFeVh4T2M4SmlFY3lkX0ZRM0xMOU5kOTY4U01LalJHQ0dyRjBMTUFoU3VzT21TdnVVSE1nUk83SnNfcjJNLThzZ2pvcmI2MDRUZlB1OHdoU0JvMzdYbU9zdHBNOHRUTkRRTGVScGRtYU1jN05MSUt1UU1uSVdWWjZpdDBrYWxTVjQzazNqN2FGRmo1MVlSTEtkcjNKVU5aRVZLaDdhTWxSaEt30gHAAUFVX3lxTE5jV0F4Z01POGhfdUpfRkV6QnJFWlZ2anRzdVZPZmh6RWxMUjZKNVl4bnBBbkRDYlJDY1VUN0xnaDAxd2lPOXZEcnFOSU9OcFhDUWNDTlMwU1pReVZrRDZSX0JveVhsdTlyZGozLW02Zmx0ajdKZ0RYVTlMMWl2T1E4aFRzSDBQWU5ELURfWnBhTmQ3YmxzRTRzYWF2c0swOEZNbjFnOG5va1N2dXBKdTVpWUxBZnZXaE5tWG53bTN1SA?oc=5,https://news.google.com/rss/articles/CBMiuwFBVV95cUxNb0h2S0VISE1SQUV4RVlwb0VFeVh4T2M4SmlFY3lkX0ZRM0xMOU5kOTY4U01LalJHQ0dyRjBMTUFoU3VzT21TdnVVSE1nUk83SnNfcjJNLThzZ2pvcmI2MDRUZlB1OHdoU0JvMzdYbU9zdHBNOHRUTkRRTGVScGRtYU1jN05MSUt1UU1uSVdWWjZpdDBrYWxTVjQzazNqN2FGRmo1MVlSTEtkcjNKVU5aRVZLaDdhTWxSaEt30gHAAUFVX3lxTE5jV0F4Z01POGhfdUpfRkV6QnJFWlZ2anRzdVZPZmh6RWxMUjZKNVl4bnBBbkRDYlJDY1VUN0xnaDAxd2lPOXZEcnFOSU9OcFhDUWNDTlMwU1pReVZrRDZSX0JveVhsdTlyZGozLW02Zmx0ajdKZ0RYVTlMMWl2T1E4aFRzSDBQWU5ELURfWnBhTmQ3YmxzRTRzYWF2c0swOEZNbjFnOG5va1N2dXBKdTVpWUxBZnZXaE5tWG53bTN1SA?oc=5,,"Awarded (news, unverified)",news sweep,"Adani Power wins additional 800 MW LoA from MPPMCL, total at 1,600 MW - Business Standard",Yes,800 MW,,,2026-09-07,2026-09-07,,n/a,n/a,T-0b6a6c9a8b8a,news-derived record
MPPMCL,"Adani Power bags 1,600 MW thermal project from MPPMCL; to invest ₹21,000 cr - ET EnergyWorld",Unclassified,1600.0,,Closed,,Tender,,,,,,2025-09-12,Adani Power,,https://news.google.com/rss/articles/CBMi1AFBVV95cUxPYUhDYkdXeVlsZ2FnajZGWkJ2bHFSR0VtbWN0a1dyd0RvUVRnVHFjbkZuY05UcFNmNTNpOTJnUFhzX0h4SjkzaDhMT1dzS0pReXVET1V5ZjFUTFhxLUpjQ2U5QnJGZmZmNGhwc1pxcEVsR3ZFbzBLM2xiQWJfQzI1VHZqbmo5WVFxZDZvaDhWODRrMmgxelpIVW5wLUt1Z09fNXVsVlp5S2dQLWgyUTJDeFlCUTdwbjRGWEoxNnR3Tm5PbW1uclc3MmNQamJRX250Q0E5ctIB2gFBVV95cUxOSGtJZzRoWlFZbHFOSk5obWpaTi1NcFdJZkNUZFlybWVHeXdwRHdJQms3Q2xPaHBGOWZQWVFuQVhLUGxMS0FhNlV6cFFrR2hDdk9oZXU0dEJJc1hBYV9wbGxKN041RFgzMnRDbG5JTUFpVndRQWpBX0pob2RFRGZrWG1la1VNcHZNODNvVGhVSG53bUctMzE2Q1R0YUlhQVJLQnFvTlg3UzhKaS1rUC1xQ1dmRUQ4V0g0T3lQYzB5REhEdWdOZHRhbTFHT2RYZW4zTGxKR3FjWVhIUQ?oc=5,https://news.google.com/rss/articles/CBMi1AFBVV95cUxPYUhDYkdXeVlsZ2FnajZGWkJ2bHFSR0VtbWN0a1dyd0RvUVRnVHFjbkZuY05UcFNmNTNpOTJnUFhzX0h4SjkzaDhMT1dzS0pReXVET1V5ZjFUTFhxLUpjQ2U5QnJGZmZmNGhwc1pxcEVsR3ZFbzBLM2xiQWJfQzI1VHZqbmo5WVFxZDZvaDhWODRrMmgxelpIVW5wLUt1Z09fNXVsVlp5S2dQLWgyUTJDeFlCUTdwbjRGWEoxNnR3Tm5PbW1uclc3MmNQamJRX250Q0E5ctIB2gFBVV95cUxOSGtJZzRoWlFZbHFOSk5obWpaTi1NcFdJZkNUZFlybWVHeXdwRHdJQms3Q2xPaHBGOWZQWVFuQVhLUGxMS0FhNlV6cFFrR2hDdk9oZXU0dEJJc1hBYV9wbGxKN041RFgzMnRDbG5JTUFpVndRQWpBX0pob2RFRGZrWG1la1VNcHZNODNvVGhVSG53bUctMzE2Q1R0YUlhQVJLQnFvTlg3UzhKaS1rUC1xQ1dmRUQ4V0g0T3lQYzB5REhEdWdOZHRhbTFHT2RYZW4zTGxKR3FjWVhIUQ?oc=5,,"Awarded (news, unverified)",news sweep,"Adani Power bags 1,600 MW thermal project from MPPMCL; to invest ₹21,000 cr - ET EnergyWorld",Yes,"1,600 MW",,,2026-09-11,2026-09-11,,n/a,n/a,T-2cae2dd2f358,news-derived record
MSEDCL,"Adani Power Wins MSEDCL's 2,500 MW Renewable RTC Power Supply Contract - energetica-india.net",Round-the-Clock / CfD / Trading,2500.0,,Closed,,Tender,,,,,,2026-04-07,Adani Power; Renew,,https://news.google.com/rss/articles/CBMiqgFBVV95cUxQZ1lsbUpQbElWV0w4OUtXSVZyX2dBY1Z0cVhpQzZnaWJFeG43LVJQYUZNbGdsY09TaUpTdWpSdlhUUGttR1QwbzFaeUpXMENuZ0VVM3pUMEl1X3A1Q3FRSjJIaEkzNVpsVkZlYWEya2pRVHdKQXotTkJLNi03REpTZFlHamRKdGhGOEl1UjNCUnlhdUJnMDdPUUtNY3BCQVhZYzJlTnpjMlZBUQ?oc=5,https://news.google.com/rss/articles/CBMiqgFBVV95cUxQZ1lsbUpQbElWV0w4OUtXSVZyX2dBY1Z0cVhpQzZnaWJFeG43LVJQYUZNbGdsY09TaUpTdWpSdlhUUGttR1QwbzFaeUpXMENuZ0VVM3pUMEl1X3A1Q3FRSjJIaEkzNVpsVkZlYWEya2pRVHdKQXotTkJLNi03REpTZFlHamRKdGhGOEl1UjNCUnlhdUJnMDdPUUtNY3BCQVhZYzJlTnpjMlZBUQ?oc=5,,"Awarded (news, unverified)",news sweep,"Adani Power Wins MSEDCL's 2,500 MW Renewable RTC Power Supply Contract - energetica-india.net",Yes,"2,500 MW",,,2026-09-07,2026-09-07,,n/a,n/a,T-172f6093be8e,news-derived record
MSEDCL,Adani Power bags 1600 MW power supply contract from MSEDCL - energy.economictimes.indiatimes.com,Unclassified,1600.0,,Closed,,Tender,,,,,,2026-03-15,Adani Power,,https://news.google.com/rss/articles/CBMitwFBVV95cUxNY2w4ekJKU1BNRmE2YmM1UzZKUGxUbGl2azBuUUVqNkpNamRqSlpMQTdaSVgyX3RqbkxRMnZCVktHdFNwdk9ialpaMDBhNE9zb25fVHl6UmVPV2l5WnNNTVp5RHlqcjBjdVlMQVVRNmkyaWtqbkMxNHZaem9uWkNzMGtGUkEzWkpWdldvRkNKTDJudFJ3MmNaeUswbWNDLWJxT2lXcld6dGEtamRnREFuQ0c3LW9Wb3fSAbwBQVVfeXFMTkdPd2lCNjdnRGkzNUdub3lrMDBfTlp2Z193Smt2TWZGcGI5S1duZmw4U05iWWRFSk15U0VGVm1qYTJzeXgxZ0FzUmttYlBTUGgxY0RWbldkMGZJZVZ3N1Brc1N5Mi0zdzgyMXAyVWtxWktOWmJzRndjOEtYek90UG8ycnNMdDRWMmlNRW1laDBLTkNnRkFFLUptd08tVDAxTDNGTE1TZmpkS01ROVc5ZkUyTHlxY1BfTGZtNFk?oc=5,https://news.google.com/rss/articles/CBMitwFBVV95cUxNY2w4ekJKU1BNRmE2YmM1UzZKUGxUbGl2azBuUUVqNkpNamRqSlpMQTdaSVgyX3RqbkxRMnZCVktHdFNwdk9ialpaMDBhNE9zb25fVHl6UmVPV2l5WnNNTVp5RHlqcjBjdVlMQVVRNmkyaWtqbkMxNHZaem9uWkNzMGtGUkEzWkpWdldvRkNKTDJudFJ3MmNaeUswbWNDLWJxT2lXcld6dGEtamRnREFuQ0c3LW9Wb3fSAbwBQVVfeXFMTkdPd2lCNjdnRGkzNUdub3lrMDBfTlp2Z193Smt2TWZGcGI5S1duZmw4U05iWWRFSk15U0VGVm1qYTJzeXgxZ0FzUmttYlBTUGgxY0RWbldkMGZJZVZ3N1Brc1N5Mi0zdzgyMXAyVWtxWktOWmJzRndjOEtYek90UG8ycnNMdDRWMmlNRW1laDBLTkNnRkFFLUptd08tVDAxTDNGTE1TZmpkS01ROVc5ZkUyTHlxY1BfTGZtNFk?oc=5,,"Awarded (news, unverified)",news sweep,Adani Power bags 1600 MW power supply contract from MSEDCL - energy.economictimes.indiatimes.com,Yes,1600 MW,,,2026-09-07,2026-09-07,,n/a,n/a,T-6697f371e816,news-derived record
MSEDCL,"Adani Power Limited Wins 1,600 MW Supply Order From MSEDCL - sarkaritel.com",Unclassified,1600.0,,Closed,,Tender,,,,,,2026-03-16,Adani Power,,https://news.google.com/rss/articles/CBMimAFBVV95cUxPNHZQNXpCaTVRWUNzeDJKRS1rUkxoQzRoQjc1SXNneWlqU0JQU1dWQzUxdTFMYzlLeTFxZXdFS2hYTHBVMEpSN3Z4VkE3bm1YQVZpSjNSTUQtdG5QRVd0djBTNFh2R1A4NjNjMDREQnp0THA5ZEllX2lnWldzaWplekVhd3ZqTkZQcWwzcEFNZ1I3YWhvY1JuaA?oc=5,https://news.google.com/rss/articles/CBMimAFBVV95cUxPNHZQNXpCaTVRWUNzeDJKRS1rUkxoQzRoQjc1SXNneWlqU0JQU1dWQzUxdTFMYzlLeTFxZXdFS2hYTHBVMEpSN3Z4VkE3bm1YQVZpSjNSTUQtdG5QRVd0djBTNFh2R1A4NjNjMDREQnp0THA5ZEllX2lnWldzaWplekVhd3ZqTkZQcWwzcEFNZ1I3YWhvY1JuaA?oc=5,,"Awarded (news, unverified)",news sweep,"Adani Power Limited Wins 1,600 MW Supply Order From MSEDCL - sarkaritel.com",Yes,"1,600 MW",,,2026-09-07,2026-09-07,,n/a,n/a,T-b5827573c02f,news-derived record
MSEDCL,"Adani Power shares jumps 5% after MSEDCL awards 1,600 MW long-term supply contract - The Economic Times",Unclassified,1600.0,,Closed,,Tender,,,,,,2026-03-16,Adani Power,,https://news.google.com/rss/articles/CBMi6gFBVV95cUxOLW1uVVNBRDJCSkhSV2hUbVc0ajMxZWV2QjV2Z3o2YW5TeFI0UXUxclREeWgyODg2c1VBMkQwemV5ZHNCWksxZTBGZFY2NzVxdVBNRHlaNWJMNHphY1lRRHE5ZGVEZktUWjRKSXJvLTRET1RnREtqaFNqdUxxWlZ1YndiX0hvVVJ2TWY3NkZvMVhGWmtXWHpIRGk4YlJWMmhlWk1qZVVRM3BjeDh0TGtvemY0aWd4V0RsRWJOTFpzNWR5OTYyVF9mbEpEYTNjVDYzQWFDUENHNm5jZmtnalRERW96VkRqRUcyR0HSAe8BQVVfeXFMT2NXamVXNXhyUkx4OUtOaTBhM2tON05qRmxoakNTU24wTVlUZVdYaGVWTzhoamlSazc0Z0lJUnhvX2J0QzRYZ0pLam1BaTJTN0JIekF4WVlFLWMyUzBVLVFncUtBNW9JQ1Z4OTk3SjlFNTlkUWdhU1hKcjJ1cFlkeTlnMjREZ18wdmVHRl9aR3FaLXJhU2tULVdKOHdsU3pqX2lxQnZxRVBWN2ZNbUJ1Ymp2Z016X3FEV0NzN3ViUURxSjBneWEyZGp4Um4tVGRWZE1ILUpQXzJJQU8xZ0xYblQ2ckl2SXVPOC1sYm9HMlU?oc=5,https://news.google.com/rss/articles/CBMi6gFBVV95cUxOLW1uVVNBRDJCSkhSV2hUbVc0ajMxZWV2QjV2Z3o2YW5TeFI0UXUxclREeWgyODg2c1VBMkQwemV5ZHNCWksxZTBGZFY2NzVxdVBNRHlaNWJMNHphY1lRRHE5ZGVEZktUWjRKSXJvLTRET1RnREtqaFNqdUxxWlZ1YndiX0hvVVJ2TWY3NkZvMVhGWmtXWHpIRGk4YlJWMmhlWk1qZVVRM3BjeDh0TGtvemY0aWd4V0RsRWJOTFpzNWR5OTYyVF9mbEpEYTNjVDYzQWFDUENHNm5jZmtnalRERW96VkRqRUcyR0HSAe8BQVVfeXFMT2NXamVXNXhyUkx4OUtOaTBhM2tON05qRmxoakNTU24wTVlUZVdYaGVWTzhoamlSazc0Z0lJUnhvX2J0QzRYZ0pLam1BaTJTN0JIekF4WVlFLWMyUzBVLVFncUtBNW9JQ1Z4OTk3SjlFNTlkUWdhU1hKcjJ1cFlkeTlnMjREZ18wdmVHRl9aR3FaLXJhU2tULVdKOHdsU3pqX2lxQnZxRVBWN2ZNbUJ1Ymp2Z016X3FEV0NzN3ViUURxSjBneWEyZGp4Um4tVGRWZE1ILUpQXzJJQU8xZ0xYblQ2ckl2SXVPOC1sYm9HMlU?oc=5,,"Awarded (news, unverified)",news sweep,"Adani Power shares jumps 5% after MSEDCL awards 1,600 MW long-term supply contract - The Economic Times",Yes,"1,600 MW",,,2026-09-07,2026-09-07,,n/a,n/a,T-0d0321969a77,news-derived record
MSEDCL,"Adani Power: Company Secures LOA From MSEDCL For 1,600 MW Long-Term Power Agreement - scanx.trade",Unclassified,1600.0,,Closed,,Tender,,,,,,2026-03-15,Adani Power,,https://news.google.com/rss/articles/CBMiyAFBVV95cUxQWm9ydnhLbkZQb1BVZDB0MmRwTXpJOVo2MlMyTmJyUlU5UG9MQmpNWWZnOEtVRzc5bGRmMjFVdlZBZHBGRzhpNHVndVl1ZVJoLTV2V0QxcXFfbUpEZXl2aFM3VmlFREg5ajZrVDc0ZC1tNnZMaVFDVTdxYTZ0d0tpR0hYRDZDSXR5ZERqOEJPQl80YW1tRS0xeVlPTEV1eTItMlRPdDFKWXNtOFgtOUhOWmpKRVRFb01xY2JSNGpZT21mcHhabnZaNg?oc=5,https://news.google.com/rss/articles/CBMiyAFBVV95cUxQWm9ydnhLbkZQb1BVZDB0MmRwTXpJOVo2MlMyTmJyUlU5UG9MQmpNWWZnOEtVRzc5bGRmMjFVdlZBZHBGRzhpNHVndVl1ZVJoLTV2V0QxcXFfbUpEZXl2aFM3VmlFREg5ajZrVDc0ZC1tNnZMaVFDVTdxYTZ0d0tpR0hYRDZDSXR5ZERqOEJPQl80YW1tRS0xeVlPTEV1eTItMlRPdDFKWXNtOFgtOUhOWmpKRVRFb01xY2JSNGpZT21mcHhabnZaNg?oc=5,,"Awarded (news, unverified)",news sweep,"Adani Power: Company Secures LOA From MSEDCL For 1,600 MW Long-Term Power Agreement - scanx.trade",Yes,"1,600 MW",,,2026-09-07,2026-09-07,,n/a,n/a,T-1794aa33ca43,news-derived record
MSEDCL,"PM-KUSUM: MSEDCL Awards Over ₹750 Crore Solar Pump Orders to Shakti, Oswal, Saatvik - Saur Energy",Solar,,,Closed,,Tender,,,,,,2025-12-24,Oswal,,https://news.google.com/rss/articles/CBMizgFBVV95cUxPSXd5S2VUNHhaSWc3NVVJWVdRYWRnOXpzVjlGTEJGT1JkSXd3MDhod3lKbk1TazdHUG41eVRRQkhnWFNLNnQ2X2xFaUlHWmdxMzZrWS1HRm9fdmF1MFhVMlIwQzkwX0l1M21pWGlHcTRMX01sT3hhT2VBOEdjNkI3Y2lQTHA3Vkp0WGhTbF9hbENfUmlCT0ZGVDdvTHJvaTM0akwzbUNsaEJ0dExSOF9ncWRMdUJ3MkY4T0JRU2V4UldZS3NDaVlIQW1WMndIQQ?oc=5,https://news.google.com/rss/articles/CBMizgFBVV95cUxPSXd5S2VUNHhaSWc3NVVJWVdRYWRnOXpzVjlGTEJGT1JkSXd3MDhod3lKbk1TazdHUG41eVRRQkhnWFNLNnQ2X2xFaUlHWmdxMzZrWS1HRm9fdmF1MFhVMlIwQzkwX0l1M21pWGlHcTRMX01sT3hhT2VBOEdjNkI3Y2lQTHA3Vkp0WGhTbF9hbENfUmlCT0ZGVDdvTHJvaTM0akwzbUNsaEJ0dExSOF9ncWRMdUJ3MkY4T0JRU2V4UldZS3NDaVlIQW1WMndIQQ?oc=5,,"Awarded (news, unverified)",news sweep,"PM-KUSUM: MSEDCL Awards Over ₹750 Crore Solar Pump Orders to Shakti, Oswal, Saatvik - Saur Energy",Yes,,,,2026-09-07,2026-09-07,,n/a,n/a,T-5711baf8cc41,news-derived record
MSEDCL,"Adani Power Secures 2,500 MW RE RTC Supply Deal With MSEDCL - solarquarter.com",Round-the-Clock / CfD / Trading,2500.0,,Closed,,Tender,,,,,,2026-04-06,Adani Power,,https://news.google.com/rss/articles/CBMimwFBVV95cUxPZWNZNXdpMk4xckozclFCY1l3U0hmODZvVUdib3k4Rl9xOVZjeHIwcUI0aHZBcFFqWFhIdjktaFNnMHZ0UVRNRjJYWUV5R0I1U2ZjNDJwVEN0dkJrbU8zWEJFY1lSZTEzSElDRjJpV25QZkN3a0kyTkVXVG40c0FVX1A5ZEF5dW5Ldzd1T19YdmJfemNqYjRkcE5iMA?oc=5,https://news.google.com/rss/articles/CBMimwFBVV95cUxPZWNZNXdpMk4xckozclFCY1l3U0hmODZvVUdib3k4Rl9xOVZjeHIwcUI0aHZBcFFqWFhIdjktaFNnMHZ0UVRNRjJYWUV5R0I1U2ZjNDJwVEN0dkJrbU8zWEJFY1lSZTEzSElDRjJpV25QZkN3a0kyTkVXVG40c0FVX1A5ZEF5dW5Ldzd1T19YdmJfemNqYjRkcE5iMA?oc=5,,"Awarded (news, unverified)",news sweep,"Adani Power Secures 2,500 MW RE RTC Supply Deal With MSEDCL - solarquarter.com",Yes,"2,500 MW",,,2026-09-07,2026-09-07,,n/a,n/a,T-ff2d1ff995b7,news-derived record
MSEDCL,"Oswal Pumps Secures INR235.92 Crore MSEDCL Order For 10,000 Solar Water Pumps In Maharashtra - SolarQuarter",Solar,,Maharashtra,Closed,,Tender,,,,,,2026-07-06,Oswal,,https://news.google.com/rss/articles/CBMixwFBVV95cUxOSFZOWHplR0g0Y3AyUy1sNlZzbWFYRW45d1VfWURHVnU0ai1wMFJpcVczNzJvdENiallqUzEwQXNYSS1HTURmbDZ2ZDNZSTRXZGdWdVFPR3VQTHRLdmZvT3ZVRnZtZDFja0lmVXZ5OWVDTFdDTE50UWlLSUV4S3JkbUE3UDNmU0Rfa2Z6cmxDZmQ1ekhTWnc2QnNnRVp2UnI1bEdjbWk3LWlvMEo2XzRZSGlzSGpxVnJ1WWFXNVUydlFHTWRtalpR?oc=5,https://news.google.com/rss/articles/CBMixwFBVV95cUxOSFZOWHplR0g0Y3AyUy1sNlZzbWFYRW45d1VfWURHVnU0ai1wMFJpcVczNzJvdENiallqUzEwQXNYSS1HTURmbDZ2ZDNZSTRXZGdWdVFPR3VQTHRLdmZvT3ZVRnZtZDFja0lmVXZ5OWVDTFdDTE50UWlLSUV4S3JkbUE3UDNmU0Rfa2Z6cmxDZmQ1ekhTWnc2QnNnRVp2UnI1bEdjbWk3LWlvMEo2XzRZSGlzSGpxVnJ1WWFXNVUydlFHTWRtalpR?oc=5,,"Awarded (news, unverified)",news sweep,"Oswal Pumps Secures INR235.92 Crore MSEDCL Order For 10,000 Solar Water Pumps In Maharashtra - SolarQuarter",Yes,,,,2026-09-08,2026-09-08,,n/a,n/a,T-043ca759bec1,news-derived record
NHPC,Purchase of Brazing items for Hydro Generator of Salal Power Station,Hydro,,,Unknown,GEM/2026/B/7932599,Tender,,,,,,,,,,https://www.nhpcindia.com/welcome/tender,,Unknown,,,Yes,,,,2026-09-07,2026-09-07,,,,T-6d051a53ce87,
NHPC,Repair and HP-HVOF Coating of 01 No Runner of 77 MW Francis Hydro-turbine (Unit#3) of Chamera-III Power Station during FY 2026-27”(Comp. No.:169791),Hydro,77.0,,Unknown,2026_NHPC_923384_1,Tender,,,,,,,,,,https://www.nhpcindia.com/welcome/tender,,Unknown,,,Yes,77 MW,,,2026-09-07,2026-09-07,,,,T-f611f7f62384,
NHPC,Purchase of hydro-mechanical maintenance tools and consumables for the maintenance of hydro-mechanical equipment at the Sewa-II Dam,Hydro,,,Unknown,GEM/2026/B/7908444 Dated: 25-08-2026,Tender,,,,,,,,,,https://www.nhpcindia.com/welcome/tender,,Unknown,,,Yes,,,,2026-09-07,2026-09-07,,,,T-193203cc5990,
NHPC,"Design, Engineering, Installation and commissioning of 04 Nos servo Valve based Digital Governing system and dismantling of existing governing system in all the four units of 520 MW Parbati-III Power station",Unclassified,520.0,,Unknown,GEM/2026/B/7904859,Tender,,,,,,,,,,https://www.nhpcindia.com/welcome/tender,,Unknown,,,Yes,520 MW,,,2026-09-07,2026-09-07,,,,T-1e0b70c2031a,
NHPC,Hydro-mechanical Works for All Gates and Pressure Shaft Liners for the implementation of the 240 MW Uri-I Stage-II H.E Project,Hydro,240.0,,Unknown,NH/CCW/CC-IV /CO-480/PR16526/8,Tender,,,,,,,,,,https://www.nhpcindia.com/welcome/tender,,Unknown,,,Yes,240 MW,,,2026-09-07,2026-09-07,,,,T-44f5e9192cf9,
NHPC,Protective Epoxy coating on Power House Equipments at Sewa-II Power Station (MW-746),Unclassified,,,Unknown,GEM/2026/B/7910556 Dated: 17-08-2026,Tender,,,,,,,,,,https://www.nhpcindia.com/welcome/tender,,Unknown,,,Yes,,,,2026-09-07,2026-09-07,,,,T-d28c3e3a5bfc,
NHPC,Annual Maintenance of 02 No. Unit of Sewa-II Power House (3X40MW) for the period of 02 year (i.e. 2026-27 & 2027-28) and Replacement of 01 Nos. maintenance seal of MIV of Unit#2 & Runner/Mirror Disc of Thrust Guide bearing of Unit#1. (MW-745),Unclassified,40.0,,Unknown,GEM/2026/B/7882673 Dated: 17-08-2026,Tender,,,,,,,,,,https://www.nhpcindia.com/welcome/tender,,Unknown,,,Yes,40 MW,,,2026-09-07,2026-09-07,,,,T-24c25afeb40f,
NHPC,Repair (re-babbitting) of old & used various types of bearing pads of the hydro-generator at Salal Power Station.,Hydro,,,Unknown,GEM/2026/B/7865369,Tender,,,,,,,,,,https://www.nhpcindia.com/welcome/tender,,Unknown,,,Yes,,,,2026-09-07,2026-09-07,,,,T-c3bee3be2c72,
NHPC,Purchase of various types of fasteners required for the repair and maintenance activities of all hydro-mechanical gates at hydro-mechanical unit of Salal Power Station,Hydro,,,Unknown,GEM/2026/B/7800108,Tender,,,,,,,,,,https://www.nhpcindia.com/welcome/tender,,Unknown,,,Yes,,,,2026-09-07,2026-09-07,,,,T-c6d0292c2833,
NHPC,"Hiring of services for operation & maintenance of Kishanganga Dam Toe Power House (3x0.8 MW), KGPS, Gurez, Bandipora, J & K for 02 (two) years (PKG- 602)",Unclassified,0.8,,Unknown,GEM/2026/B/7750183,Tender,,,,,,,,,,https://www.nhpcindia.com/welcome/tender,,Unknown,,,Yes,0.8 MW,,,2026-09-07,2026-09-07,,,,T-3ad5eef9a32c,
NHPC,"Repairing & Re-babbitting of Damaged TGB shell of Generating unit of Kishanganga Power Station, Bandipora (J&K) (PKG-604)",Unclassified,,Jammu and Kashmir,Unknown,GEM/2026/B/7803573,Tender,,,,,,,,,,https://www.nhpcindia.com/welcome/tender,,Unknown,,,Yes,,,,2026-09-07,2026-09-07,,,,T-fe4fed7661ba,
NHPC,Re-Babbitting on 03 nos Turbine Guide Bearing shells of Dhauliganga power station,Unclassified,,,Unknown,NH/DG/Contract/1095/2026-27/24,Tender,,,,,,,,,,https://www.nhpcindia.com/welcome/tender,,Unknown,,,Yes,,,,2026-09-07,2026-09-07,,,,T-d0d01af646c3,
NHPC,"Annual Maintenance of Two Nos. Hydro-generating units (Pelton Turbine) along with Runner replacement in Unit#3 and MIV Service Seal replacement of Unit#1 of 3X110 MW Kishanganga Power Station, J & K (Pkg.-600).",Hydro,110.0,,Unknown,GEM/2026/B/7730619,Tender,,,,,,,,,,https://www.nhpcindia.com/welcome/tender,,Unknown,,,Yes,110 MW,,,2026-09-07,2026-09-07,,,,T-b815277f2060,
NHPC,Annual Maintenance Contract (AMC) for Comprehensive Operation &amp;amp; Maintenance (O&amp;amp;M) of 50 KWp Small Solar Power Plant at Uri Power Station for 2 Years,Solar,0.05,,Unknown,GEM/2026/B/7735067 Dated: 19-07-2026,Tender,,,,,,,,,,https://www.nhpcindia.com/welcome/tender,,Unknown,,,Yes,50 KWp,,,2026-09-07,2026-09-07,,,,T-a3980d26ca39,
NHPC,Purchase of Self Lubricating Bushes for Guide Vanes of 4X130 MW Parbati-III PS,Unclassified,130.0,,Unknown,GEM/2026/B/7670716,Tender,,,,,,,,,,https://www.nhpcindia.com/welcome/tender,,Unknown,,,Yes,130 MW,,,2026-09-07,2026-09-07,,,,T-053ce3bb40e5,
NHPC,Construction of a new retaining wall in place of the damaged retaining wall on the road from the hydrogen plant to the Surge Shaft (Comp. No.:163077),Unclassified,,,Unknown,2026_NHPC_911785_1,Tender,,,,,,,,,,https://www.nhpcindia.com/welcome/tender,,Unknown,,,Yes,,,,2026-09-07,2026-09-07,,,,T-497f86187bac,
NHPC,"Supply of Wall Clocks (Battery Operated) (V2) Conforming to IS 12510 (Q4) , HDPE Buckets (V2) Conforming to IS 3730 (Q4) and Waste Containers (V3) (Q4)",Unclassified,,,Unknown,GEM/2026/B/7685008,Tender,,,,,,,,,,https://www.nhpcindia.com/welcome/tender,,Unknown,,,Yes,,,,2026-09-07,2026-09-07,,,,T-4d39abbd9792,
NHPC,"Design, Engineering, Procurement and Construction of Power house and Associated Works for 640 MW (8×80 MW) ISP–OSP Pumped Storage Project (Package -I Civil Works)",Pumped Storage,640.0,,Unknown,2026_NHPC_915349_1,Tender,,,,,,,,,,https://www.nhpcindia.com/welcome/tender,,Unknown,,,Yes,640 MW,,,2026-09-07,2026-09-07,,,,T-c7ba9b5606f1,
NHPC,Annual Maintenance of 03 (Three) Nos. of Generating Units of (3X15 MW) Nimoo Bazgo Power Station,Unclassified,15.0,,Unknown,NBPS/CnP/2026-27/W-40/267,Tender,,,,,,,,,,https://www.nhpcindia.com/welcome/tender,,Unknown,,,Yes,15 MW,,,2026-09-07,2026-09-07,,,,T-f0a0cb55f110,
NHPC,Repair of Damaged Runners of 20MW Francis Hydro Turbine of Rangit Power Station,Hydro,20.0,,Unknown,NH-RPS-PH012(12)/3/2026-PH/53,Tender,,,,,,,,,,https://www.nhpcindia.com/welcome/tender,,Unknown,,,Yes,20 MW,,,2026-09-07,2026-09-07,,,,T-2dac828dcb42,
NHPC,Purchase of HSLS (Hydrostatic Lubrication System along with required Spares for Power House of Sewa-II Power Station,Unclassified,,,Unknown,"GEM/2026/B/7725040, Dated: 07-07-2026",Tender,,,,,,,,,,https://www.nhpcindia.com/welcome/tender,,Unknown,,,Yes,,,,2026-09-07,2026-09-07,,,,T-be9cfe346916,
NHPC,Annual Maintenance of 3X20 MW Hydro-generating Units of Rangit Power Station for the year 2026-27 as defined at Special Technical Requirement,Hydro,20.0,,Unknown,NH-RPS-PH012(13)/4/2026-PH/52,Tender,,,,,,,,,,https://www.nhpcindia.com/welcome/tender,,Unknown,,,Yes,20 MW,,,2026-09-07,2026-09-07,,,,T-e2f1736e00dc,
NHPC,"ANNUAL MAINTENANCE CONTRACT (AMC) FOR CLEANING OF OVERHEAD RCC WATER STORAGE TANK &amp;amp; PVC/RCC TANKS SITUATED AT VARIOUS LOCATIONS AT TANAKPUR POWER STATION, BANBASA",Unclassified,,,Unknown,2026_NHPC_916392_1,Tender,,,,,,,,,,https://www.nhpcindia.com/welcome/tender,,Unknown,,,Yes,,,,2026-09-07,2026-09-07,,,,T-2d5d342be29c,
NHPC,Repairing and HP-HVOF coating of 01 Nos. Francis Runner of 4*130 MW Parbati-III Power Station,Unclassified,130.0,,Unknown,NH/PPS-III/NIT/PR11926/53/1/104 Dated: 03.07.2026,NIT,,,,,,,,,,https://www.nhpcindia.com/welcome/tender,,Unknown,,,Yes,130 MW,,,2026-09-07,2026-09-07,,,,T-8fdc865e007c,
NHPC,Purchase of 2KW Hybrid Solar Inverter System &#40;with Lithium Battery&#41;,Solar + Storage,0.002,,Unknown,GEM/2026/B/7691428,Tender,,,,,,,,,,https://www.nhpcindia.com/welcome/tender,,Unknown,,,Yes,2 KW,,,2026-09-07,2026-09-07,,,,T-3d90e2bb7ce6,
NHPC,Repair of 40 Nos of wicket gates (02 set )of 77 MW Francis Hydro turbine of Chamera-III Power Station (Comp. No.167311),Hydro,77.0,,Unknown,2026_NHPC_914911_1,Tender,,,,,,,,,,https://www.nhpcindia.com/welcome/tender,,Unknown,,,Yes,77 MW,,,2026-09-07,2026-09-07,,,,T-2e51d8b9702b,
NHPC,"Fencing work around the office-cum-residential complex, construction of a gabion structure behind Prefab Block-1, construction of R.R. masonry boundary wall, and plinth protection work around Prefab Block-1 for the Sawalkote Hydroelectric Project",Hydro,,,Unknown,2026_NHPC_914891_1,Tender,,,,,,,,,,https://www.nhpcindia.com/welcome/tender,,Unknown,,,Yes,,,,2026-09-07,2026-09-07,,,,T-e9898c87b50e,
NHPC,Repair along with HP-HVOF coating of 02 set Damaged Guide Vanes of 130 MW Francis Turbine at Parbati-III Power Station,Unclassified,130.0,,Unknown,NH/PPS-III/NIT/PR11926/31/1/96 Dated 25.06.2026,NIT,,,,,,,,,,https://www.nhpcindia.com/welcome/tender,,Unknown,,,Yes,130 MW,,,2026-09-07,2026-09-07,,,,T-de9d8fcf919d,
NHPC,"Construction of Community hall in Village Dera Banda Bahadur near Kundrah, Reasi including Solar Street Lights.",Solar,,,Unknown,NH/SPS/PnC/NIT-218/2026-27/192-201 (CPPP Tender ID : 2026_NHPC_914357_1 ),NIT,,,,,,,,,,https://www.nhpcindia.com/welcome/tender,,Unknown,,,Yes,,,,2026-09-07,2026-09-07,,,,T-ae6b2b17ae3e,
NHPC,"Development of Transmission Line (400kV) 80kM approx. as per General Technical Specifications for evacuation of Power generated from 1200 MW Solar Power park in District Jalaun, Uttar Pradesh”",Transmission / Evacuation,1200.0,Uttar Pradesh,Unknown,2026_NHPC_913847_1,Tender,,,,,,,,,,https://www.nhpcindia.com/welcome/tender,,Unknown,,,Yes,1200 MW,,,2026-09-07,2026-09-07,,,,T-5be10cfa72c0,
NHPC,"Repair of one number Runner (RN#3) of 3X15 MW Nimoo Bazgo Power Station, Alchi, Distt. Sham, Ladakh",Unclassified,15.0,Ladakh,Unknown,NBPS/CnP/2026-27/W-38/265,Tender,,,,,,,,,,https://www.nhpcindia.com/welcome/tender,,Unknown,,,Yes,15 MW,,,2026-09-07,2026-09-07,,,,T-a213f2199fcb,
NHPC,"Providing Assistance for various types of Hydro-Meteorological data observation, recording and compilation of data of different station of Teesta and Tolungchu river for Teesta –IV H E Project",Hydro,,,Unknown,NH/TSV/Cont/RM-219/NIT-1080/2026-27/86 Dated:19/06/2026 and GEM bid no. GEM/2026/B/7685725,NIT,,,,,,,,,,https://www.nhpcindia.com/welcome/tender,,Unknown,,,Yes,,,,2026-09-07,2026-09-07,,,,T-4ca4a3e23a6d,
NHPC,"Electrical Infrastructure Works for evacuation of Power generated from 1200 MW Solar Power park in District Jalaun, Uttar Pradesh” (03 Nos. Pooling Substation (33/400 KV)",Transmission / Evacuation,1200.0,Uttar Pradesh,Unknown,NH/Conts(EnM)-II/CO-208/BSUL/PR/JSP/2026-27,Tender,,,,,,,,,,https://www.nhpcindia.com/welcome/tender,,Unknown,,,Yes,1200 MW,,,2026-09-07,2026-09-07,,,,T-6b90ca42a78e,
NHPC,Repair and Re-babbiting of TGB Shell dismantled from Unit#3 and Unit#1 of Chamera Power house-1.,Unclassified,,,Unknown,NH/CPS-1/PnC/W-1615/2026-27/33 Dated: 15/06/2026,Tender,,,,,,,,,,https://www.nhpcindia.com/welcome/tender,,Unknown,,,Yes,,,,2026-09-07,2026-09-07,,,,T-c28c9069dedd,
NHPC,Repair and HP-HVOF coating of 02 sets (40 Nos.) of Guide Vanes (Wicket Gates) of 70 MW Francis Turbine of Dhauliganga Power Station for FY 2026-27.,Unclassified,70.0,,Unknown,NH/DG/Contract/1092/2026-27/17,Tender,,,,,,,,,,https://www.nhpcindia.com/welcome/tender,,Unknown,,,Yes,70 MW,,,2026-09-07,2026-09-07,,,,T-fd8ccfbdb469,
NHPC,"Chain Link Fencing, Repair of Steps/Approach Path, Providing Temporary Roof Shed, Steel Railing & Other Miscellaneous Repair Works at Main Water Storage/Treatment/Supply Tank Site of Rangit Power Station",Unclassified,,,Unknown,NH-RPS-CTS011(12)/4/2025-CIVIL TS/39,Tender,,,,,,,,,,https://www.nhpcindia.com/welcome/tender,,Unknown,,,Yes,,,,2026-09-07,2026-09-07,,,,T-b4bc296e1297,
NHPC,Repair & HP-HVOF coating work of 01 no. Top Cover & 01 no. Lower Ring of 115 MW Hydro Generating Unit of Salal Power Station.,Hydro,115.0,,Unknown,NH/SPS/P&C/NIT-217/2026-27/150-159,NIT,,,,,,,,,,https://www.nhpcindia.com/welcome/tender,,Unknown,,,Yes,115 MW,,,2026-09-07,2026-09-07,,,,T-55e781fc76dd,
NHPC,"Procurement of UT Pumps (now Hydro Prokav) Triple Screw High Pressure Pump spares for MIV & Governor P.P. set at Sewa-II Power Station, NHPC Ltd., Mashka (J&K).",Hydro,,Jammu and Kashmir,Unknown,GEM/2026/B/7603272 Dated: 05-06-2026,Tender,,,,,,,,,,https://www.nhpcindia.com/welcome/tender,,Unknown,,,Yes,,,,2026-09-07,2026-09-07,,,,T-fb049df7b445,
NHPC,Construction of a new retaining wall in place of the damaged retaining wall on the road from the hydrogen plant to the Surge Shaft (Comp. No.:162958),Unclassified,,,Unknown,2026_NHPC_911423_1,Tender,,,,,,,,,,https://www.nhpcindia.com/welcome/tender,,Unknown,,,Yes,,,,2026-09-07,2026-09-07,,,,T-023ad8daffc8,
NHPC,"Lot-2a: Electro-mechanical works package (Except GSU Transformer, GIS, XLPE Cable and Switchyard Equipment) of 260 MW (2X130MW) Dulhasti Stage-II H.E Project, Kishtwar District of UT of J and K, India",Unclassified,260.0,,Unknown,2026_NHPC_905459_1,Tender,,,,,,,,,,https://www.nhpcindia.com/welcome/tender,,Unknown,,,Yes,260 MW,,,2026-09-07,2026-09-07,,,,T-4bd06ff87210,
NHPC,"Observation of Hydro-meteorological data and Silt analysis work at TLD-IV PS, Kalijhora (FY-2026-27)",Hydro,,,Unknown,GEM/2026/B/7570469 Dated: 27-05-2026,Tender,,,,,,,,,,https://www.nhpcindia.com/welcome/tender,,Unknown,,,Yes,,,,2026-09-07,2026-09-07,,,,T-b827f77bf032,
NHPC,"R&M of Electrical System, Equipment;s, Installations and Auxiliaries at (3X40 MW) Sewa-II Power house, Mashka, Distt. Kathua, UT of J&K.",Unclassified,40.0,Jammu and Kashmir,Unknown,GEM/2026/B/7549248 Dated: 25-05-2026,Tender,,,,,,,,,,https://www.nhpcindia.com/welcome/tender,,Unknown,,,Yes,40 MW,,,2026-09-07,2026-09-07,,,,T-d8e66f16c11d,
NHPC,"Providing support for Operation & Maintenance (O&M) of Power Plant Equipments,",Unclassified,,,Unknown,GEM/2026/B/7550283 Dated: 25-05-2026,Tender,,,,,,,,,,https://www.nhpcindia.com/welcome/tender,,Unknown,,,Yes,,,,2026-09-07,2026-09-07,,,,T-3496690e6931,
NHPC,Construction of a new retaining wall in place of the damaged retaining wall on the road from the hydrogen plant to the Surge Shaft (Computer No: 162416) for further details visit- https://eprocure.gov.in/eprocure/app,Unclassified,,,Unknown,2026_NHPC_910001_1,Tender,,,,,,,,,,https://www.nhpcindia.com/welcome/tender,,Unknown,,,Yes,,,,2026-09-07,2026-09-07,,,,T-c7316c100e09,
NHPC,Re-babbitting of Thrust bearings pads of Parbati-III Power Station,Unclassified,,,Unknown,"NH/PPS-III/NIT/PR11925/122/1/49, Dated: 21.05.2026",NIT,,,,,,,,,,https://www.nhpcindia.com/welcome/tender,,Unknown,,,Yes,,,,2026-09-07,2026-09-07,,,,T-4af62aa82b36,
NHPC,"Cleaning and Disinfection of Storage Water Tanks for Water Supply and Distribution System of Township at BSPS, Surangani for a period of Two Years (2026-2028)",Unclassified,,,Unknown,NH/BSPS/CC/CW/01/2026-27/66,Tender,,,,,,,,,,https://www.nhpcindia.com/welcome/tender,,Unknown,,,Yes,,,,2026-09-07,2026-09-07,,,,T-0b9f38b2da42,
NHPC,"For services of Emergency Flood warning system (i.e. Installing and Commissioning, cloud storage, Bulk SMS service and integration of siren with API located at various location of Tanakpur Power Station",Unclassified,,,Unknown,2026_NHPC_908986_1,Tender,,,,,,,,,,https://www.nhpcindia.com/welcome/tender,,Unknown,,,Yes,,,,2026-09-07,2026-09-07,,,,T-b874db3823c0,
NHPC,Repair and HP HVOF Coating of 01 No Runner of 77 MW Francis Hydro turbine of Chamera III Power Station during FY 2026 27 (Comp No 166480),Hydro,77.0,,Unknown,2026_NHPC_908479_1,Tender,,,,,,,,,,https://www.nhpcindia.com/welcome/tender,,Unknown,,,Yes,77 MW,,,2026-09-07,2026-09-07,,,,T-03af2cacb60d,
NHPC,"Purchase of New Batteries and buyback of old and used batteries for Chamera-III PS, 220V DC Battery Bank.",Unclassified,,,Unknown,GEM/2026/B/7485455,Tender,,,,,,,,,,https://www.nhpcindia.com/welcome/tender,,Unknown,,,Yes,,,,2026-09-07,2026-09-07,,,,T-9aa3e745317a,
NHPC,Regarding Re-wiring of dam and power house drainage gallery Illumination system at TLDP-IV Power Station,Unclassified,,,Unknown,NH/TLD-IV PS/P&C/W-949/2026/2238 Date:09/05/2026,Tender,,,,,,,,,,https://www.nhpcindia.com/welcome/tender,,Unknown,,,Yes,,,,2026-09-07,2026-09-07,,,,T-134b884704ae,
NHPC,Hydrographic survey of Salal Dam reservoir at Dhyangarh for the year 2026,Unclassified,,,Unknown,No NH/SPS/PnC/NIT-118/26-27/71-80 (CPPP Tender ID 2026_NHPC_907690_1 ),NIT,,,,,,,,,,https://www.nhpcindia.com/welcome/tender,,Unknown,,,Yes,,,,2026-09-07,2026-09-07,,,,T-cb26ae0e3b7c,
NHPC,Routine Maintenance of 4X60MW Hydro-Generating Equipment&#039;s and Auxiliaries of Uri-II Power Station,Hydro,60.0,,Unknown,GEM/2026/B/7490737,Tender,,,,,,,,,,https://www.nhpcindia.com/welcome/tender,,Unknown,,,Yes,60 MW,,,2026-09-07,2026-09-07,,,,T-406721da27e7,
NHPC,"Repair and Maintenance of Store room, Door and windows, Leakage of washroom and construction of Cable trench at Dam Site of Kishanganga Power Station, Gurez, Bandipora, J and K (PKG-589).",Unclassified,,,Unknown,2026_NHPC_906608_1,Tender,,,,,,,,,,https://www.nhpcindia.com/welcome/tender,,Unknown,,,Yes,,,,2026-09-07,2026-09-07,,,,T-5629beb06b7b,
NHPC,"Replacement of Rotating Labyrinths, any repairs required there off and HP-HVOF Coating of 1 no. Francis Runner of 60 MW Hydro-Generator of Uri-II Power station for FY 2026-27",Hydro,60.0,,Unknown,2026_NHPC_ 906062_1,Tender,,,,,,,,,,https://www.nhpcindia.com/welcome/tender,,Unknown,,,Yes,60 MW,,,2026-09-07,2026-09-07,,,,T-311c2f801612,
NHPC,"External Putty, Painting and Providing/Fixing Window and Door etc. in the New GIS Building at Teesta-V Power Station",Unclassified,,,Unknown,": NH/TSV/Cont/CC-372/NIT-1077/2026-27/22 Dated : Dated: 20/04/2026, Tender ID:2026_NHPC_905916_1",NIT,,,,,,,,,,https://www.nhpcindia.com/welcome/tender,,Unknown,,,Yes,,,,2026-09-07,2026-09-07,,,,T-d4321837bf10,
NHPC,Annual/Capital Maintenance of 4 X 60MW Hydro-Generating Units of Uri-II Power Station as per scope of work for period of two successive maintenance year i.e. 2026-27 and 2027-28.,Hydro,60.0,,Unknown,GEM/2026/B/7435705,Tender,,,,,,,,,,https://www.nhpcindia.com/welcome/tender,,Unknown,,,Yes,60 MW,,,2026-09-07,2026-09-07,,,,T-6ea020176a6b,
NHPC,"Repair & maintenance of water storage tank roof cover & tiling in water tank of Upper Samleu, CPS-1",Unclassified,,,Unknown,NH/CPS-1/P&C/W-1618/2026-27/09 Dated: 18/04/2026,Tender,,,,,,,,,,https://www.nhpcindia.com/welcome/tender,,Unknown,,,Yes,,,,2026-09-07,2026-09-07,,,,T-6d4d3da0b5b9,
NHPC,Regarding Re-wiring of dam and power house drainage gallery Illumination system at TLDP-IV Power Station,Unclassified,,,Unknown,NH/TLD-IV PS/P&C/W-949/2026/2216 Dated: 15/04/2026,Tender,,,,,,,,,,https://www.nhpcindia.com/welcome/tender,,Unknown,,,Yes,,,,2026-09-07,2026-09-07,,,,T-464d1ef90738,
NHPC,"Hiring of Expert from OEM M/s GE VERNOVA HYDRO POWER INDIA PVT LTD for Year 2026 on requirement basis at Power House, Uri-II Power Station",Hydro,,,Unknown,GEM/2026/B/7396643,Tender,,,,,,,,,,https://www.nhpcindia.com/welcome/tender,,Unknown,,,Yes,,,,2026-09-07,2026-09-07,,,,T-ed36dcb1516d,
NHPC,Repair and HP-HVOF Coating of 03 No. Runners of 70 MW Francis Hydro Turbine of Dhauliganga Power Station (2026-27),Hydro,70.0,,Unknown,NH/DG/CONTRACT/1090/2025-26/05,Tender,,,,,,,,,,https://www.nhpcindia.com/welcome/tender,,Unknown,,,Yes,70 MW,,,2026-09-07,2026-09-07,,,,T-c6434dc1f956,
NHPC,"Providing Insurance Cover during O&amp;amp;amp;amp;amp;amp;amp;amp;amp;amp;M period for 50MW Wind Power Project at Jaisalmer, Rajasthan for one year w.e.f. 19.06.26 to 18.06.27",Wind,50.0,Rajasthan,Unknown,NH/CCW/CC-II/CO-457/PR60825/2,Tender,,,,,,,,,,https://www.nhpcindia.com/welcome/tender,,Unknown,,,Yes,50 MW,,,2026-09-07,2026-09-07,,,,T-22c976a3ef5c,
NHPC,"Hiring of 01 No Air-Conditioned Diesel Vehicle- MUV/SUV - 1500cc Turbocharged or equivalent (2024 or later Model) along with driver without Fuel for 03 years on regular monthly contract basis on 24 x 7 for deployment at Solar Power Projects, Bhuj.",Solar,,,Unknown,GEM/2026/B/7389944 Dated 07.04.2026,Tender,,,,,,,,,,https://www.nhpcindia.com/welcome/tender,,Unknown,,,Yes,,,,2026-09-07,2026-09-07,,,,T-d4520446a593,
NHPC,Annual Maintenance Contract (AMC) for Comprehensive Operation & Maintenance (O&M) of 85KWp Rooftop Solar Power Plant at Sewa-II Power Station for 5 Years,Rooftop Solar,0.085,,Unknown,GEM/2026/B/7400188 Dated: 03-04-2026,Tender,,,,,,,,,,https://www.nhpcindia.com/welcome/tender,,Unknown,,,Yes,85 KWp,,,2026-09-07,2026-09-07,,,,T-08fd3406809c,
NHPC,"Reaming, Re-drilling and Restoration of Non-Functional Pressure Relief / Drainage Holes of Foundation Gallery and Side Slope Galleries of Chamera–I Dam.",Unclassified,,,Unknown,NH/CPS-1/P&C/W-1616/2026-27/02 Dated:02/04/2026,Tender,,,,,,,,,,https://www.nhpcindia.com/welcome/tender,,Unknown,,,Yes,,,,2026-09-07,2026-09-07,,,,T-77b184a5da7b,
NHPC,Repair and Re-babbiting of TGB Shell dismantled from Unit#3 and Unit#1 of Chamera Power house-1.,Unclassified,,,Unknown,NH/CPS-1/P&C/W-1615/2026-27/01 Dated: 01/04/2026,Tender,,,,,,,,,,https://www.nhpcindia.com/welcome/tender,,Unknown,,,Yes,,,,2026-09-07,2026-09-07,,,,T-a382821e0f40,
NHPC,Selection of Roof Top Developer for Setting up Grid Connected Solar Roof Top Plants at Various locations on government buildings through HAREDA in the state of Haryana on RESCO Mode through Tariff-Based Competitive Bidding,Rooftop Solar,,Haryana,Unknown,2026_NHPC_903395_1,Tender,,,,,,,,,,https://www.nhpcindia.com/welcome/tender,,Unknown,,,Yes,,,,2026-09-07,2026-09-07,,,,T-fee8cbb8ef71,
NHPC,"Selection of developers for installing rooftop solar plants on buildings of various departments (Law and Parliamentary Affairs, Jal Shakti, Irrigation and Flood Control, Forest, Ecology and Environment, and Home in UT of JNK through JAKEDA in RESCO mode, via tariff-based competitive bidding- PM Surya Ghar Muft Bijli -Yojana PMSG –MBY",Rooftop Solar,,,Unknown,2026_NHPC_901836_1,Tender,,,,,,,,,,https://www.nhpcindia.com/welcome/tender,,Unknown,,,Yes,,,,2026-09-07,2026-09-07,,,,T-33216a87eb26,
NHPC,"Insurance Policy for Industrial All Risk (IAR) with Terrorism and war plus TPL Policy on Replacement/ Reinstatement basis, for the period 01.04.2026 to 31.03.207 for 50 MW Tamilnadu, 300 MW Bikaner, 200 MW Khavda-I, 200 MW Khavda-III, 100 MW NP Kunta, 40 MW Ganjam Solar Projects/ Power Stations",Solar,50.0,,Unknown,NH/CCW/CC-II/CO-450/PR10025/369,Tender,,,,,,,,,,https://www.nhpcindia.com/welcome/tender,,Unknown,,,Yes,50 MW,,,2026-09-07,2026-09-07,,,,T-37e151471583,
NHPC,Implementation of Rooftop Solar Projects on Government Buildings of allocated Central Ministries in RESCO Mode on Tariff-Based Competitive Bidding under PM Surya Ghar Muft Bijli Yojana (PMSG-MBY),Rooftop Solar,,,Unknown,2026_NHPC_898454_1,Tender,,,,,,,,,,https://www.nhpcindia.com/welcome/tender,,Unknown,,,Yes,,,,2026-09-07,2026-09-07,,,,T-31999113c4ad,
NHPC,"Procurement of High Resolution Satellite Data and Change Detection Studies for Subansiri Upper H.E. Project, 1605 MW NHPC Limited",Unclassified,1605.0,,Unknown,GEM/2026/B/7169073,Tender,,,,,,,,,,https://www.nhpcindia.com/welcome/tender,,Unknown,,,Yes,1605 MW,,,2026-09-07,2026-09-07,,,,T-eb3f2ff526eb,
NHPC,Repair of eroded guide vanes of 100 MW Francis Hydro-turbine at Mechanical workshop Chamera-II Power Station (2025-26),Hydro,100.0,,Unknown,NH/CPS-II /Cont./E-146705 /2025-26/19 Date:16.02.2026,Tender,,,,,,,,,,https://www.nhpcindia.com/welcome/tender,,Unknown,,,Yes,100 MW,,,2026-09-07,2026-09-07,,,,T-afc2f4edfaf6,
NHPC,Repair & Maintenance of GSU Transformer of 3 X 20 MW Rangit Power Station,Unclassified,20.0,,Unknown,NH-RPS-PH012(12)/1/2026-PH/213,Tender,,,,,,,,,,https://www.nhpcindia.com/welcome/tender,,Unknown,,,Yes,20 MW,,,2026-09-07,2026-09-07,,,,T-9b342c38e186,
NHPC,"Hiring of R&M Services from PAFs/ Locals for Running & Maintenance of Office cum Field Hostel of 50MW Wind Power project, Jaisalmer of NHPC Ltd",Wind,50.0,,Unknown,GEM/2026/B/7135819,Tender,,,,,,,,,,https://www.nhpcindia.com/welcome/tender,,Unknown,,,Yes,50 MW,,,2026-09-07,2026-09-07,,,,T-50979efc1175,
NHPC,"Cleaning of old water storage tank, providing and placing of new water tanks &amp;amp; water proofing of the mummty roof area at various locations at Nigalpani, DGPS",Unclassified,,,Unknown,NH/DG/CONTRACT/1076/2025-26/82,Tender,,,,,,,,,,https://www.nhpcindia.com/welcome/tender,,Unknown,,,Yes,,,,2026-09-07,2026-09-07,,,,T-906cd27697be,
NHPC,Purchase of Battery Discharge Kit for 220V DC Battery Banks of TLD–III Power Station,Unclassified,,,Unknown,GEM/2026/B/7139407,Tender,,,,,,,,,,https://www.nhpcindia.com/welcome/tender,,Unknown,,,Yes,,,,2026-09-07,2026-09-07,,,,T-fe97359f50d0,
NHPC,Repair along with HP-HVOF coating of 01 set Damaged Guide Vanes of 130 MW Francis Turbine at Parbati-III Power Station,Unclassified,130.0,,Unknown,NH/PPS-III/NIT/PR11925/234/1/220 Dated: 17.01.2026,NIT,,,,,,,,,,https://www.nhpcindia.com/welcome/tender,,Unknown,,,Yes,130 MW,,,2026-09-07,2026-09-07,,,,T-b70d139a7fdb,
NHPC,Deputation of Service Engineer from M/s GE Vernova T&amp;amp;D India Ltd. for Inspection &amp;amp; Clearance during Re-commissioning and Post-Termination Inspection of 400 kV XLPE Cable at Transformer End – Teesta-V Power Station,Unclassified,,,Unknown,GEM/2026/B/7113097 and NH/TSV/Cont/EC-173/NIT-1062/2025-26/375 Dated: 15/01/2026,NIT,,,,,,,,,,https://www.nhpcindia.com/welcome/tender,,Unknown,,,Yes,,,,2026-09-07,2026-09-07,,,,T-721e950e0465,
NHPC,Development of Power Evacuation Infrastructure for 1200MW Jalaun Solar Park,Transmission / Evacuation,1200.0,,Unknown,2026_NHPC_894115_1,Tender,,,,,,,,,,https://www.nhpcindia.com/welcome/tender,,Unknown,,,Yes,1200 MW,,,2026-09-07,2026-09-07,,,,T-cbca2cca5074,
NHPC,Hiring of Environmental Consultant for carrying out EIA/EMP studies in respect of Pumped Storage Project Masinta 1000 MW(Odisha),Pumped Storage,1000.0,Odisha,Unknown,GEM/2025/B/7031760,Tender,,,,,,,,,,https://www.nhpcindia.com/welcome/tender,,Unknown,,,Yes,1000 MW,,,2026-09-07,2026-09-07,,,,T-179d9dc57eba,
NHPC,"Proposal for Supply, Installation, Testing, and Commissioning of Solar Powered Sirens with Voice Message Capability at Salal Power Station",Solar,,,Unknown,GEM/2025/B/7056727,Tender,,,,,,,,,,https://www.nhpcindia.com/welcome/tender,,Unknown,,,Yes,,,,2026-09-07,2026-09-07,,,,T-85f364d0e532,
NHPC,Development of Micro Hydro Power Project (2X82KW) utilizing mandatory environmental- flow at exit location of Dam site of Parbati-III through the most economical PAT (Pump As Turbine) technology.,Hydro,0.082,,Unknown,2025_NHPC_891839,Tender,,,,,,,,,,https://www.nhpcindia.com/welcome/tender,,Unknown,,,Yes,82 KW,,,2026-09-07,2026-09-07,,,,T-8a13f364c9b7,
NHPC,"Repairing and Re-insulation of faulty Rotor Poles at site of Kishanganga Power Station, Bandipora, J &amp;amp; K (PKG-568).",Unclassified,,,Unknown,GEM/2025/B/7028399,Tender,,,,,,,,,,https://www.nhpcindia.com/welcome/tender,,Unknown,,,Yes,,,,2026-09-07,2026-09-07,,,,T-554df2189e4b,
NHPC,Providing Services for Routine Maintenance Work of Generator and Turbine section of 4X40 MW TLD-IV Power House including Annual Maintenance Works related to Generator and Turbine (FY 2025-2026),Unclassified,40.0,,Unknown,GEM/2025/B/6972537,Tender,,,,,,,,,,https://www.nhpcindia.com/welcome/tender,,Unknown,,,Yes,40 MW,,,2026-09-07,2026-09-07,,,,T-d6eeeec95f55,
NHPC,Conducting Hydrographic Survey in the reservoir of Uri-II Power Station for the year 2025-26,Unclassified,,,Unknown,GEM/2025/B/6919473,Tender,,,,,,,,,,https://www.nhpcindia.com/welcome/tender,,Unknown,,,Yes,,,,2026-09-07,2026-09-07,,,,T-f7df20cf5c5d,
NHPC,"Annual Maintenance of Generator, Turbine and its Auxiliaries of 03 Units of 03x35 MW Units of Loktak Power Station for FY 2025-26.",Unclassified,35.0,,Unknown,GEM/2025/B/7002564,Tender,,,,,,,,,,https://www.nhpcindia.com/welcome/tender,,Unknown,,,Yes,35 MW,,,2026-09-07,2026-09-07,,,,T-17d086a7af8d,
NHPC,Operation and Maintenance of 02 Bulletproof Scorpios of Loktak Hydroelectric Project.,Hydro,,,Unknown,GEM/2025/B/6966597,Tender,,,,,,,,,,https://www.nhpcindia.com/welcome/tender,,Unknown,,,Yes,,,,2026-09-07,2026-09-07,,,,T-f0b9cf539474,
NHPC,"Supply, Installation and Commissioning of 02 Nos. Hydro Static Lubrication units along with all accessories and electrical control panel",Hydro,,,Unknown,GEM/2025/B/6954550,Tender,,,,,,,,,,https://www.nhpcindia.com/welcome/tender,,Unknown,,,Yes,,,,2026-09-07,2026-09-07,,,,T-ed4a5afbb09b,
NHPC,"Hydrographic Survey of Reservoir & two EWS site, Darbal & Arwad of Sewa-II Power Station",Unclassified,,,Unknown,GEM/2025/B/6918911 Dated: 27-11-2025,Tender,,,,,,,,,,https://www.nhpcindia.com/welcome/tender,,Unknown,,,Yes,,,,2026-09-07,2026-09-07,,,,T-9c5b8bce913c,
NHPC,"Annual Maintenance Contract (AMC) of Hydro Mechanical equipment/gates and Electric Panels installed at Baira Dam, Bhaledh Trench, Siul Weir and TRC gates, PRV gate and Draft Tube Gates at Power House Complex",Hydro,,,Unknown,NH/BSPS/CC/HM/38/2025-26/361,Tender,,,,,,,,,,https://www.nhpcindia.com/welcome/tender,,Unknown,,,Yes,,,,2026-09-07,2026-09-07,,,,T-0b226b8903a0,
NHPC,"Insurance Cover for 50MW Solar Power Project at Theni/ Dindigul District, Tamilnadu for one year (from 07.02.2026 to 06.02.2027)",Solar,50.0,,Unknown,NH/CCW/CC-II/CO-430/PR16025/2,Tender,,,,,,,,,,https://www.nhpcindia.com/welcome/tender,,Unknown,,,Yes,50 MW,,,2026-09-07,2026-09-07,,,,T-04db781b70e4,
NHPC,"Repair, Painting and Replace windows of C-type Quarters at Sewa Vihar Colony of Sewa -II Power Station, Mashka (CW-702)",Unclassified,,,Unknown,NH/Sewa-II/Contracts/CW-702/2025/NIT-09/130 Dated:10.11.2025 (Tender ID: 2025_NHPC_883762_1),NIT,,,,,,,,,,https://www.nhpcindia.com/welcome/tender,,Unknown,,,Yes,,,,2026-09-07,2026-09-07,,,,T-ee8303fef88e,
NHPC,"Hiring of Services of Balancing Expert for Dynamic Balancing of All Three Hydro Units of (3x180MW) Chamera Power Station-1, Khairi, Chamba (H.P).",Hydro,180.0,,Unknown,GEM/2025/B/6850300 Dated: 04-11-2025,Tender,,,,,,,,,,https://www.nhpcindia.com/welcome/tender,,Unknown,,,Yes,180 MW,,,2026-09-07,2026-09-07,,,,T-f631ac5dcf5a,
NHPC,Conducting hydrographic survey (Pre-monsoon and post-monsoon) at dam of Rangit Power Station for Two years to find out reservoir elevation-area-capacity curve,Unclassified,,,Unknown,NH-RPS-DC/9/2025-DAM C/117,Tender,,,,,,,,,,https://www.nhpcindia.com/welcome/tender,,Unknown,,,Yes,,,,2026-09-07,2026-09-07,,,,T-65a29ff57a1d,
NHPC,"Procurement of 1 No. Hydrogen Fuel Cell Electric Bus and its Comprehensive Maintenance Services for 3 Years for Chamba, Himachal Pradesh",Unclassified,,Himachal Pradesh,Unknown,GEM/2025/B/6737196 Dated 28.10.2025,Tender,,,,,,,,,,https://www.nhpcindia.com/welcome/tender,,Unknown,,,Yes,,,,2026-09-07,2026-09-07,,,,T-0e58060d420c,
NHPC,"Annual Maintenance of Unit#1 & Unit#2 (3x180=540MW) Hydro Generator Units of Chamera Power Station-1, Khairi, Distt. Chamba, H.P. for the year of 2025-26.",Hydro,540.0,,Unknown,NH/CPS-1/P&C/W-1560/2025-26/296 Dated: 25/10/2025,Tender,,,,,,,,,,https://www.nhpcindia.com/welcome/tender,,Unknown,,,Yes,540 MW,,,2026-09-07,2026-09-07,,,,T-fad3aa1bafa6,
NHPC,Purchase of Transformer Oil Filtration Plant along with Transformer Oil Storage Tank for Rangit Power Station,Unclassified,,,Unknown,GEM/2025/B/6554304,Tender,,,,,,,,,,https://www.nhpcindia.com/welcome/tender,,Unknown,,,Yes,,,,2026-09-07,2026-09-07,,,,T-5f02b9736453,
NHPC,Purchase of Various items for Break Dust collector system of 130 MW hydro generator of Parbati-III Power station,Hydro,130.0,,Unknown,GEM/2025/B/6592902,Tender,,,,,,,,,,https://www.nhpcindia.com/welcome/tender,,Unknown,,,Yes,130 MW,,,2026-09-07,2026-09-07,,,,T-49a1ab061c66,
NHPC,Supply Installation Commissioning and Testing of 15 KVA Off grid Solar Power plant at ITI Pangin,Solar,,,Unknown,GEM/2025/B/6689726,Tender,,,,,,,,,,https://www.nhpcindia.com/welcome/tender,,Unknown,,,Yes,,,,2026-09-07,2026-09-07,,,,T-d9a72334fd08,
NHPC,"Exploratory Drilling for nineteen holes of 1165 m depth for Masinta Pumped Storage Project (1000 MW), Odisha",Pumped Storage,1000.0,Odisha,Unknown,NH/PSP/Masinta/PR16925/22/01,Tender,,,,,,,,,,https://www.nhpcindia.com/welcome/tender,,Unknown,,,Yes,1000 MW,,,2026-09-07,2026-09-07,,,,T-5d701b20467b,
NHPC,Annual Maintenance work of 3x20 MW Hydro-generating units of Rangit Power for 2025-26,Hydro,20.0,,Unknown,NH-RPS-PH012(13)/9/2025-PH/80,Tender,,,,,,,,,,https://www.nhpcindia.com/welcome/tender,,Unknown,,,Yes,20 MW,,,2026-09-07,2026-09-07,,,,T-135691519391,
NHPC,"Replacement of complete Stator Assembly of 110 MW Hydro Generator (Unit-1) at Kishanganga Power Station, Bandipora, J & K (PKG-554).",Hydro,110.0,,Unknown,GEM/2025/B/6678661,Tender,,,,,,,,,,https://www.nhpcindia.com/welcome/tender,,Unknown,,,Yes,110 MW,,,2026-09-07,2026-09-07,,,,T-8f73731f7cbc,
NHPC,Repair along with HP-HVOF coating of 01 set damaged Guide vanes of 130 MW Francis Turbine at Parbati-III Power Station.,Unclassified,130.0,,Unknown,NH/PPS-III/NIT/PR11925/44/01/77 Dated: 08-09-2025,NIT,,,,,,,,,,https://www.nhpcindia.com/welcome/tender,,Unknown,,,Yes,130 MW,,,2026-09-07,2026-09-07,,,,T-5a6ed38b4b9a,
NHPC,Repair of eroded guide vanes of 100 MW Francis Hydro-turbine at Mechanical workshop Chamera-II Power Station (2025-26),Hydro,100.0,,Unknown,NH/CPS-II /Cont./E-146705 /2025-26/10 Date:09.09.2025,Tender,,,,,,,,,,https://www.nhpcindia.com/welcome/tender,,Unknown,,,Yes,100 MW,,,2026-09-07,2026-09-07,,,,T-eb26e1655df2,
NHPC,Repair & HP-HVOF Coating of 01 No. Runners of 70 MW Francis Hydro Turbine of Dhauliganga Power Station (2025-26),Hydro,70.0,,Unknown,NH/DG/Contract/1071/2025-26/48,Tender,,,,,,,,,,https://www.nhpcindia.com/welcome/tender,,Unknown,,,Yes,70 MW,,,2026-09-07,2026-09-07,,,,T-af4e83bd4137,
NHPC,"Dressing / Re-routing of Power and Control Cables in cable trays located at different Floors of Power House and CVT Areas of Kishanganga Power Station, Bandipora (PKG-549).",Unclassified,,,Unknown,2025_NHPC_875131_1,Tender,,,,,,,,,,https://www.nhpcindia.com/welcome/tender,,Unknown,,,Yes,,,,2026-09-07,2026-09-07,,,,T-88be6efeec6b,
NHPC,Overhauling and Refurbishment (re-tubing and re-fining) of Stator air cooler of Chamera-1 Power Station,Unclassified,,,Unknown,NH/CPS-1/P&C/W-1522/2025-26/186 Dated: 22/08/2025,Tender,,,,,,,,,,https://www.nhpcindia.com/welcome/tender,,Unknown,,,Yes,,,,2026-09-07,2026-09-07,,,,T-e6b6d520263d,
NHPC,"Strengthening of metal & concrete joints of Draft Tube window and arresting of water leakages, for 6 Units of Salal Power Station",Unclassified,,,Unknown,NH/SPS/P&C/NIT-08/25-26/512-522 Dated: 22/08/2025 (CPPP Tender ID 2025_NHPC_874284_1),NIT,,,,,,,,,,https://www.nhpcindia.com/welcome/tender,,Unknown,,,Yes,,,,2026-09-07,2026-09-07,,,,T-4c86a8c23918,
NHPC,Purchase of Chhabi Electricals make 220 and 48 Volt battery Charger spares,Unclassified,,,Unknown,GEM/2025/B/6567807 Dated: 21-08-2025,Tender,,,,,,,,,,https://www.nhpcindia.com/welcome/tender,,Unknown,,,Yes,,,,2026-09-07,2026-09-07,,,,T-e648a3b42569,
NHPC,Supply of Internal Storage Device type SSD,Unclassified,,,Unknown,GEM/2025/B/6558620,Tender,,,,,,,,,,https://www.nhpcindia.com/welcome/tender,,Unknown,,,Yes,,,,2026-09-07,2026-09-07,,,,T-ef05c4536b1b,
NHPC,"Construction of Community Health Center and solar street lighting work at Jalandora village under CSR scheme, Gurez, Bandipora, J&K (PKG-550).",Solar,,Jammu and Kashmir,Unknown,2025_NHPC_873548_1,Tender,,,,,,,,,,https://www.nhpcindia.com/welcome/tender,,Unknown,,,Yes,,,,2026-09-07,2026-09-07,,,,T-d72aed6ba57a,
NHPC,Purchase of Guide Vane Servo Motor (LH & RH) for 3x20 MW Hydro Generating unit of Rangit Power Station,Hydro,20.0,,Unknown,GEM/2025/B/6481242,Tender,,,,,,,,,,https://www.nhpcindia.com/welcome/tender,,Unknown,,,Yes,20 MW,,,2026-09-07,2026-09-07,,,,T-1a41a912a255,
NHPC,"Replacement of complete Stator Assembly of 110 MW Hydro Generator (Unit-1) at Kishanganga Power Station, Bandipora, J & K (PKG-544).",Hydro,110.0,,Unknown,GEM/2025/B/6535696,Tender,,,,,,,,,,https://www.nhpcindia.com/welcome/tender,,Unknown,,,Yes,110 MW,,,2026-09-07,2026-09-07,,,,T-210a85c98a7b,
NHPC,"Lot-3 Package: Hydro-mechanical Works for All Gates and Pressure Shaft Liners for the implementation of the 260 MW Dulhasti Stage-II HE Project, in Kishtwar District of UT of J&K, India.",Hydro,260.0,Jammu and Kashmir,Unknown,TENDER NO. NH/CCW/CC-III /CO-406/PR-10925/83,Tender,,,,,,,,,,https://www.nhpcindia.com/welcome/tender,,Unknown,,,Yes,260 MW,,,2026-09-07,2026-09-07,,,,T-0440a5f465f1,
NHPC,Purchase of Microsoft Windows Server 2025 Client Access License (CAL) License & Microsoft windows Server 2025 Standard License Software,Unclassified,,,Unknown,"GEM/2025/B/6460470,Dated: 31-07-2025",Tender,,,,,,,,,,https://www.nhpcindia.com/welcome/tender,,Unknown,,,Yes,,,,2026-09-07,2026-09-07,,,,T-8b1e0ae2627b,
NHPC,"Supply and Installation of Underground Diesel Storage Tank (2X25 KL) at DAM Site of Kishanganga Power Station, Gurez, Bandipora, J&K (PKG-543).",Unclassified,,Jammu and Kashmir,Unknown,2025_NHPC_871529_1,Tender,,,,,,,,,,https://www.nhpcindia.com/welcome/tender,,Unknown,,,Yes,,,,2026-09-07,2026-09-07,,,,T-1c8348a48c76,
NHPC,"Repair of one number Runner (RN#4) of 3X15 MW Nimoo Bazgo Power Station, Alchi, Leh-Ladakh",Unclassified,15.0,Ladakh,Unknown,NBPS/CnP/2025-26/W-29/256,Tender,,,,,,,,,,https://www.nhpcindia.com/welcome/tender,,Unknown,,,Yes,15 MW,,,2026-09-07,2026-09-07,,,,T-9845e3099b25,
NHPC,Purchase of Spare Robel Stator Bar & its winding hardware for Unit#2 at Uri Power Station,Unclassified,,,Unknown,GEM/2025/B/6420837 Dated: 26-07-2025,Tender,,,,,,,,,,https://www.nhpcindia.com/welcome/tender,,Unknown,,,Yes,,,,2026-09-07,2026-09-07,,,,T-797ff1e2ee80,
NHPC,"Lot-1 Package : Planning, Design & Engineering (PDE) works for execution of 1856 MW Sawalkote Hydro Project located near Sidhu village in Ramban District of UT of J&K, India",Hydro,1856.0,Jammu and Kashmir,Unknown,2025_NHPC_870158_1,Tender,,,,,,,,,,https://www.nhpcindia.com/welcome/tender,,Unknown,,,Yes,1856 MW,,,2026-09-07,2026-09-07,,,,T-bc9b6e3828b8,
NHPC,Annual Maintenance of 3x130 MW Generating Units of Dulhasti Power Station for FY 2025-26 & 2026-27,Unclassified,130.0,,Unknown,NH/DPS/CONT/NIT-248/2025/E142553 dated 29.07.2025,NIT,,,,,,,,,,https://www.nhpcindia.com/welcome/tender,,Unknown,,,Yes,130 MW,,,2026-09-07,2026-09-07,,,,T-df16b4911df7,
NHPC,"Request for Selection of Developers for Setting up Solar Power Plants (4x300 MW) for Jalaun Solar Power Park(1200 MW) in District Jalaun, Uttar Pradesh through Tariff Based Competitive Bidding",Solar,300.0,Uttar Pradesh,Unknown,2025_NHPC_869566_1,RfS,,,,,,,,,,https://www.nhpcindia.com/welcome/tender,,Unknown,,,Yes,300 MW,,,2026-09-07,2026-09-07,,,,T-5f696b3d7670,
NHPC,Repair and HP-HVOF coating of 3X100 MW Francis Hydroturbine of Chamera – II Power Station.(E-FILE: 144884),Unclassified,100.0,,Unknown,NH/CPS-II /Cont./E- 144884/2024-25/06 Date:25.07.2025,Tender,,,,,,,,,,https://www.nhpcindia.com/welcome/tender,,Unknown,,,Yes,100 MW,,,2026-09-07,2026-09-07,,,,T-1cc46745d052,
NHPC,Purchase of 120 nos. cafeteria chair and 22 nos. king size bed with storage.,Unclassified,,,Unknown,GEM/2025/B/6318858,Tender,,,,,,,,,,https://www.nhpcindia.com/welcome/tender,,Unknown,,,Yes,,,,2026-09-07,2026-09-07,,,,T-e66aeb011d6c,
NHPC,"Selection of developers for installing rooftop solar plants on buildings of various departments in UT of J&K through JAKEDA in RESCO mode, via tariff-based competitive bidding”",Rooftop Solar,,Jammu and Kashmir,Unknown,2025_NHPC_864442_1,Tender,,,,,,,,,,https://www.nhpcindia.com/welcome/tender,,Unknown,,,Yes,,,,2026-09-07,2026-09-07,,,,T-3a255ae2d237,
NHPC,Selection of Roof Top Developer for Setting up Grid Connected Solar Roof Top Plants at Various locations on government buildings in the state of Nagaland on RESCO Mode through TBCB,Rooftop Solar,,Nagaland,Unknown,2025_NHPC_863785_1,Tender,,,,,,,,,,https://www.nhpcindia.com/welcome/tender,,Unknown,,,Yes,,,,2026-09-07,2026-09-07,,,,T-285bacab4214,
NHPC,"Round the Clock Operation of E&M Plant and Machinery at Power House, Transformer Cavern, Valve House and 220 KV Switchyard of 3x110 MW Kishanganga Power Station, Bandipora, J &K (PKG-541).",Round-the-Clock / CfD / Trading,110.0,,Unknown,GEM/2025/B/6358397,Tender,,,,,,,,,,https://www.nhpcindia.com/welcome/tender,,Unknown,,,Yes,110 MW,,,2026-09-07,2026-09-07,,,,T-f2502b315e1f,
NHPC,"Lot-2a: Electro-mechanical works package (Except GSU, GIS, XLPE & Switchyard Equipment) of 260 MW (2X130MW) Dulhasti Stage-II H.E Project, Kishtwar District of UT of J&K, India",Unclassified,260.0,Jammu and Kashmir,Unknown,2025_NHPC_866662_1,Tender,,,,,,,,,,https://www.nhpcindia.com/welcome/tender,,Unknown,,,Yes,260 MW,,,2026-09-07,2026-09-07,,,,T-dd5b95174a0b,
NHPC,“Post Monsoon Hydrographic Survey of Salal Dam Reservoir at Dhyangarh for the year 2025-26 ”.,Unclassified,,,Unknown,NH/SPS/CD/NIT-106/25-26/323-333 (Tender ID 2025_NHPC_ 867884_1 ),NIT,,,,,,,,,,https://www.nhpcindia.com/welcome/tender,,Unknown,,,Yes,,,,2026-09-07,2026-09-07,,,,T-e2abf1904ce2,
NHPC,"Hydrographical Survey of Dam reservoir, River Cross-Sections and Level Marking at G&D Sites of Dhauliganga Power Station",Unclassified,,,Unknown,NH/DG/CONTRACT/1069/2025-26/25,Tender,,,,,,,,,,https://www.nhpcindia.com/welcome/tender,,Unknown,,,Yes,,,,2026-09-07,2026-09-07,,,,T-644efec4e2b9,
NHPC,"Re-Construction of 11/0.415 KV Electrical Sub-Station with HT Line, HT & LT Panels, and other associated works at Dikchu Dam Site of Teesta-V Power Station NHPC Ltd., damaged due to land slide",Unclassified,,,Unknown,NIT No. NH/TSV/CONT/EC-163/NIT-1031/2025-26/141 Dated: 08/07/2025 and E-Tender Id:2025_NHPC_865435_1,NIT,,,,,,,,,,https://www.nhpcindia.com/welcome/tender,,Unknown,,,Yes,,,,2026-09-07,2026-09-07,,,,T-2b72e46dc113,
NHPC,Re-babbiting on turbine guide bearing shells for Dhauliganga power station,Unclassified,,,Unknown,NH/DG/Contract/1068/2025-26/22 Dated 02/07/2025,Tender,,,,,,,,,,https://www.nhpcindia.com/welcome/tender,,Unknown,,,Yes,,,,2026-09-07,2026-09-07,,,,T-d3c9d420f192,
NHPC,"Supply, Transportation, Installation and commissioning of 24 W solar Street light under CSR scheme of TLD-IV PS, Kalijhora",Solar,,,Unknown,GEM/2025/B/6196209,Tender,,,,,,,,,,https://www.nhpcindia.com/welcome/tender,,Unknown,,,Yes,,,,2026-09-07,2026-09-07,,,,T-358df65320e3,
NHPC,Routine Maintenance of Hydro Mechanical Equipments of Uri-II Power Station.,Hydro,,,Unknown,GEM/2025/B/6353880,Tender,,,,,,,,,,https://www.nhpcindia.com/welcome/tender,,Unknown,,,Yes,,,,2026-09-07,2026-09-07,,,,T-b178970675aa,
NHPC,Re- routing /construction of the damaged 11KV HT line from the DG set (Dam Office) to the SFT,Unclassified,,,Unknown,NIT No. NH/TSV/CONT/EC-166/NIT-1029/2025-26/134 Dated: 02/07/2025 and E-Tender Id: 2025_NHPC_867056_1,NIT,,,,,,,,,,https://www.nhpcindia.com/welcome/tender,,Unknown,,,Yes,,,,2026-09-07,2026-09-07,,,,T-505fdc8a5dab,
NHPC,"""Repair and HP-HVOF Coating of 20 Nos of wicket gates (01 set ) of 77 MW Francis Hydro-turbine of Chamera-III Power station (E-office no. 142370 )”",Hydro,77.0,,Unknown,NH/CPS- III/Cont./142370/2025-26/88 Dated:30.06.2025,Tender,,,,,,,,,,https://www.nhpcindia.com/welcome/tender,,Unknown,,,Yes,77 MW,,,2026-09-07,2026-09-07,,,,T-52bc194d9ecb,
NHPC,Supply and Demonstration of Automatic Battery Discharging Test Kit at Parbati-III PS,Unclassified,,,Unknown,GEM/2025/B/6377314,Tender,,,,,,,,,,https://www.nhpcindia.com/welcome/tender,,Unknown,,,Yes,,,,2026-09-07,2026-09-07,,,,T-0222aa20f11b,
NHPC,Purchase of Guide Vane Servo Motor (LH & RH) for 3x20 MW Hydro Generating unit of Rangit Power Station,Hydro,20.0,,Unknown,GEM/2025/B/6304847,Tender,,,,,,,,,,https://www.nhpcindia.com/welcome/tender,,Unknown,,,Yes,20 MW,,,2026-09-07,2026-09-07,,,,T-3c981d484f2d,
NHPC,"Purchase of Top Cover, TGB Housing & Thrust Pads for 3 X 20 MW Rangit Power Station",Unclassified,20.0,,Unknown,GEM/2025/B/6294043,Tender,,,,,,,,,,https://www.nhpcindia.com/welcome/tender,,Unknown,,,Yes,20 MW,,,2026-09-07,2026-09-07,,,,T-17334ad68161,
NHPC,"Engagement of a PR agency for Strategic Communication focused on cultivating a positive public image for hydropower projects, with special emphasis on hydropower projects in Arunachal Pradesh to deal with local stakeholders of Upper Siang Multipurpose Storage Project (USMSP)",Unclassified,,Arunachal Pradesh,Unknown,GEM/2025/B/6381602,Tender,,,,,,,,,,https://www.nhpcindia.com/welcome/tender,,Unknown,,,Yes,,,,2026-09-07,2026-09-07,,,,T-6d828bef9a4a,
NHPC,Carrying out Annual Maintenance &amp;amp;amp; Repair of underwater parts of three Generating units of 3X60 MW of BSPS for FY 2025-26 and 2026-27,Unclassified,60.0,,Unknown,NH/BSPS/CC/PH/11/2025-26/095,Tender,,,,,,,,,,https://www.nhpcindia.com/welcome/tender,,Unknown,,,Yes,60 MW,,,2026-09-07,2026-09-07,,,,T-51581c7e3708,
NHPC,“Repair and HP-HVOF Coating of 01 No Runner of 77 MW Francis Hydro-turbine of Chamera-III Power Station (E-office no. 140221),Hydro,77.0,,Unknown,NH/CPS- III/Cont./140221/2025-26/84,Tender,,,,,,,,,,https://www.nhpcindia.com/welcome/tender,,Unknown,,,Yes,77 MW,,,2026-09-07,2026-09-07,,,,T-c73d7f6b27e5,
NHPC,Hiring of Service Engineer for Annual Maintenance and Servicing (AMC) of all Rexroth make Hydraulic systems of Hydro-Mechanical Equipments installed at Dam and SFT area of Uri-II Power Station,Hydro,,,Unknown,GEM/2025/B/6342587,Tender,,,,,,,,,,https://www.nhpcindia.com/welcome/tender,,Unknown,,,Yes,,,,2026-09-07,2026-09-07,,,,T-3cf84185e213,
NHPC,Purchase of Battery for 48V DC battery bank and Consumables spares for 48V /220 V DC battery bank at Uri- II Power House,Unclassified,,,Unknown,GEM/2025/B/6295664,Tender,,,,,,,,,,https://www.nhpcindia.com/welcome/tender,,Unknown,,,Yes,,,,2026-09-07,2026-09-07,,,,T-e6b99597f1ba,
NHPC,Painting and maintenance of glass windows of Power House building at Power House Site of Parbati-H.E. Project (Stage-II) (Package No-C-817),Unclassified,,,Unknown,2025_NHPC_ 864671 _1,Tender,,,,,,,,,,https://www.nhpcindia.com/welcome/tender,,Unknown,,,Yes,,,,2026-09-07,2026-09-07,,,,T-a9498df26c05,
NHPC,Cryogenic cleaning (dry ice cleaning) of stator and rotor winding of hydro generator of Salal Power,Hydro,,,Unknown,GEM/2025/B/6304891,Tender,,,,,,,,,,https://www.nhpcindia.com/welcome/tender,,Unknown,,,Yes,,,,2026-09-07,2026-09-07,,,,T-14b62e6b960e,
NHPC,"Works of Boundary survey &amp;amp; marking, Gates chain link fencing of PSS with compound walls and gates all around the periphery of Jalaun Solar Power Park under UMREPP in Jalaun district, U.P.",Solar,,,Unknown,2025_NHPC_864157_1,Tender,,,,,,,,,,https://www.nhpcindia.com/welcome/tender,,Unknown,,,Yes,,,,2026-09-07,2026-09-07,,,,T-a4c0c5735d62,
NHPC,Lot III Electro mechanical works of 240 MW Uri I Stage II H E Project Baramulla District of UT of JK,Unclassified,240.0,,Unknown,2025_NHPC_861342_1,Tender,,,,,,,,,,https://www.nhpcindia.com/welcome/tender,,Unknown,,,Yes,240 MW,,,2026-09-07,2026-09-07,,,,T-25536f7096ca,
NHPC,"Lot-II Package : Hydro-mechanical Works for All Gates and Pressure Shaft Liners for the implementation of the 240 MW Uri-I Stage-II H.E Project, located near Boniyar, Uri villages in the Baramulla District of UT of J&amp;amp;amp;amp;K, India.",Hydro,240.0,,Unknown,2025_NHPC_862315_1,Tender,,,,,,,,,,https://www.nhpcindia.com/welcome/tender,,Unknown,,,Yes,240 MW,,,2026-09-07,2026-09-07,,,,T-860e33a54de8,
NHPC,Lot-I Package: Civil worksof the 260 MW Dulhasti Stage-II H.E Project,Unclassified,260.0,,Unknown,2025_NHPC_862404_1,Tender,,,,,,,,,,https://www.nhpcindia.com/welcome/tender,,Unknown,,,Yes,260 MW,,,2026-09-07,2026-09-07,,,,T-4baa0e140248,
NHPC,Uri-I Stage-II (240 MW) Package-I Civil Works,Unclassified,240.0,,Unknown,NH/CCW/CC-III/CO-389/PR10625/25,Tender,,,,,,,,,,https://www.nhpcindia.com/welcome/tender,,Unknown,,,Yes,240 MW,,,2026-09-07,2026-09-07,,,,T-2b4646e2f648,
NHPC,Internal Electrification of re-constructed Control Room of 66/11KV Switchyard,Unclassified,,,Unknown,NIT No. NH/TSV/CONT/EC-162/NIT-1015/2025-26/24 Dated: 21/04/2025 & E-Tender No. 2025_NHPC_857224_1,NIT,,,,,,,,,,https://www.nhpcindia.com/welcome/tender,,Unknown,,,Yes,,,,2026-09-07,2026-09-07,,,,T-a527a95f95b0,
NHPC,"Providing Insurance Cover during O&M period for 50MW Wind Power Project at Jaisalmer, Rajasthan for one year w.e.f. 19.06.24 to 18.06.25",Wind,50.0,Rajasthan,Unknown,NH/CCW/CCII/CO-385/PR60824/6,Tender,,,,,,,,,,https://www.nhpcindia.com/welcome/tender,,Unknown,,,Yes,50 MW,,,2026-09-07,2026-09-07,,,,T-332eb2f756e2,
NHPC,Selection of Solar Power Generators For Setting up of 1200 MW ISTS Connected Solar Power Projects with 600MW/2400MWh ESS on anywhere in India basis under TBCB with Green Shoe Option,Solar,1200.0,,Unknown,2025_NHPC_849707_1,Tender,,,,,,,,,,https://www.nhpcindia.com/welcome/tender,,Unknown,,,Yes,1200 MW,,,2026-09-07,2026-09-07,,,,T-c1b602cd0571,
NHPC,"AMC of Rope Drum Hoists, Gantry &amp;amp; EOT Cranes of various Hydro Mechanical Components for period of two years",Hydro,,,Unknown,GEM/2025/B/6030038,Tender,,,,,,,,,,https://www.nhpcindia.com/welcome/tender,,Unknown,,,Yes,,,,2026-09-07,2026-09-07,,,,T-2a5cc9b74259,
NHPC,"Repair, Machining, Stress relieving and HP-HVOF Coating of Runner and Guide Vanes of 60 MW Francis Turbine of Baira Siul Power Station",Unclassified,60.0,,Unknown,NH/BSPS/CC/PH/57/2024-25/606,Tender,,,,,,,,,,https://www.nhpcindia.com/welcome/tender,,Unknown,,,Yes,60 MW,,,2026-09-07,2026-09-07,,,,T-f228788d23da,
NHPC,Replacement/Upgradation of Complete CO2 Fire Fighting System for 03 Nos. of hydro-generators of Sewa-II Power Station,Hydro,,,Unknown,GEM/2025/B/6032743 Dated: 13-03-2025,Tender,,,,,,,,,,https://www.nhpcindia.com/welcome/tender,,Unknown,,,Yes,,,,2026-09-07,2026-09-07,,,,T-eedd0880890d,
NHPC,Selection of Roof Top Developer for Setting up Grid Connected Solar Roof Top Plants at Various locations on government buildings in the state of Nagaland on RESCO Mode through Tariff-Based Competitive Bidding,Rooftop Solar,,Nagaland,Unknown,2025_NHPC_853040_1,Tender,,,,,,,,,,https://www.nhpcindia.com/welcome/tender,,Unknown,,,Yes,,,,2026-09-07,2026-09-07,,,,T-fd3cc2a91f77,
NHPC,Conducting Hydrographic Survey in the reservoir of Uri-II Power Station for the year 2025,Unclassified,,,Unknown,GEM/2025/B/6031101,Tender,,,,,,,,,,https://www.nhpcindia.com/welcome/tender,,Unknown,,,Yes,,,,2026-09-07,2026-09-07,,,,T-0a316697f821,
NHPC,"Purchase of SF6 Gas Based Handling Unit (Recovery, Filling, Evacuation) for SF6 Gas Circuit Breakers at 132 kV Switchyard of Sewa-II Power House",Unclassified,,,Unknown,GEM/2025/B/6008423 Dated 06.03.2025,Tender,,,,,,,,,,https://www.nhpcindia.com/welcome/tender,,Unknown,,,Yes,,,,2026-09-07,2026-09-07,,,,T-03d75d63ad81,
NHPC,"EPC Work of Construction of Package-3: Solar Park Common Infrastructure of Security Buildings, Civil Works (Administrative Buildings, Canteen Building, Guest House &amp;amp;amp;amp;amp;amp;amp;amp;amp;amp; Other common facilities) of Solar Power Park for the development of 1200 MW Solar Power Park under UMPPRE at Madhogarh, District: Jalaun, Uttar Pradesh",Solar,1200.0,Uttar Pradesh,Unknown,NH/CCW/CC-I/CO-367/BSUL /PR/JSP/2024-25/383,Tender,,,,,,,,,,https://www.nhpcindia.com/welcome/tender,,Unknown,,,Yes,1200 MW,,,2026-09-07,2026-09-07,,,,T-4d1d6d9ecf1a,
NHPC,"Exploratory Drilling works of one hole of +/-150m depth on Left bank at EL+/-320 M to explore the area between EL 296M and EL346 M for Subansiri Upper Project (1605 MW), Arunachal Pradesh",Unclassified,1605.0,Arunachal Pradesh,Unknown,2025_NHPC_850631_1,Tender,,,,,,,,,,https://www.nhpcindia.com/welcome/tender,,Unknown,,,Yes,1605 MW,,,2026-09-07,2026-09-07,,,,T-ffc891c000b8,
NHPC,"Servicing of different types of Hoist Arrangements, Gantry Cranes and EOT Crane of Hydro Mechanical Division installed at Rangit Power Station",Hydro,,,Unknown,GEM/2025/B/5977173,Tender,,,,,,,,,,https://www.nhpcindia.com/welcome/tender,,Unknown,,,Yes,,,,2026-09-07,2026-09-07,,,,T-1c2d029c27d2,
NHPC,"Supply, Installation, Testing and Commissioning of ABT type energy meters along with network creation for AMR (automatic meter reading) and supply of other indicating instruments for Power House of Parbati H.E. Project Stage-II. (Package No. C-800)",Unclassified,,,Unknown,2025_NHPC_849419_1,Tender,,,,,,,,,,https://www.nhpcindia.com/welcome/tender,,Unknown,,,Yes,,,,2026-09-07,2026-09-07,,,,T-88d9f8be8ab5,
NHPC,Selection of Roof Top Developer for Setting up Grid Connected Solar Roof Top Plants at Various locations on government buildings in the state of Haryana on RESCO Mode through Tariff-Based Competitive Bidding,Rooftop Solar,,Haryana,Unknown,2025_NHPC_848036_1,Tender,,,,,,,,,,https://www.nhpcindia.com/welcome/tender,,Unknown,,,Yes,,,,2026-09-07,2026-09-07,,,,T-20b15b38ae5a,
NHPC,Selection of BESS Developers for setting up of 500MW / 1000MWh InSTS connected standalone BESS in the state of Andhra Pradesh under TBCB with VGF support (NHPC-Tranche-II-BESS) (2024-25),Energy Storage (BESS),500.0,Andhra Pradesh,Unknown,2025_NHPC_849236_1,Tender,,,,,,,,,,https://www.nhpcindia.com/welcome/tender,,Unknown,,,Yes,500 MW,,,2026-09-07,2026-09-07,,,,T-aa2f8d6147c9,
NHPC,"Operation &amp; maintenance of sewage treatment plant (STP), collection of hydro meteorological data/Instrumentation data for Teesta-V.",Hydro,,,Unknown,NH/TSV/Cont/RM-202/NIT-1000/2024-25/475 Dated : 14/02/2025,NIT,,,,,,,,,,https://www.nhpcindia.com/welcome/tender,,Unknown,,,Yes,,,,2026-09-07,2026-09-07,,,,T-77175682d0a2,
NHPC,"Operation &amp; maintenance of sewage treatment plant (STP), collection of hydro meteorological data/Instrumentation data for Teesta-V.",Hydro,,,Unknown,NH/TSV/Cont/RM-202/NIT-1000/2024-25/472 Dated: 13/02/2025,NIT,,,,,,,,,,https://www.nhpcindia.com/welcome/tender,,Unknown,,,Yes,,,,2026-09-07,2026-09-07,,,,T-dbe050648298,
NHPC,Selection of Roof Top Developer for Setting up Grid Connected Solar Roof Top Plants at Various locations on government buildings in the state of Manipur on RESCO Mode through Tariff-Based Competitive Bidding,Rooftop Solar,,Manipur,Unknown,2025_NHPC_846705_1,Tender,,,,,,,,,,https://www.nhpcindia.com/welcome/tender,,Unknown,,,Yes,,,,2026-09-07,2026-09-07,,,,T-f3cf4f6649a4,
NHPC,Implementation of Automatic Generation Control (AGC) System at Subansiri Lower HE Project (8 x 250 MW) and Parbati HE Project (Stage-II) (4 x 200 MW) of NHPC Limited,Unclassified,250.0,,Unknown,GEM/2025/B/5884423,Tender,,,,,,,,,,https://www.nhpcindia.com/welcome/tender,,Unknown,,,Yes,250 MW,,,2026-09-07,2026-09-07,,,,T-2504c5e5aa27,
NHPC,"Providing work assistance in collection, analysis &amp; recording of Hydro Metrological data and Dam Instrumentation data at Dam site of Teesta-V Power Station",Hydro,,,Unknown,NIT No: NH/TSV/Cont/RM-206/NIT-993/2024-25/337 Dated: 01/02/2025 GeM Bid No: GEM/2025/B/5898823,NIT,,,,,,,,,,https://www.nhpcindia.com/welcome/tender,,Unknown,,,Yes,,,,2026-09-07,2026-09-07,,,,T-59f103cdc5e4,
NHPC,Implementation of Rooftop Solar Projects on Government Buildings of allocated Central Ministries in RESCO Mode on Tariff-Based Competitive Bidding under PM Surya Ghar Muft Bijli Yojana (PMSG-MBY),Rooftop Solar,,,Unknown,2025_NHPC_845421_1,Tender,,,,,,,,,,https://www.nhpcindia.com/welcome/tender,,Unknown,,,Yes,,,,2026-09-07,2026-09-07,,,,T-941209f0d46e,
NHPC,"Construction of 15 meter height elevated steel staging and installation of 20,000 ltr water storage capacity PVC Tank with GI Pipe &amp;amp;amp;amp;amp;amp;amp;amp; fitting at 3rd bench of office cum Residential complex, Sawalkote HE Project",Unclassified,,,Unknown,2025_NHPC_845756_1,Tender,,,,,,,,,,https://www.nhpcindia.com/welcome/tender,,Unknown,,,Yes,,,,2026-09-07,2026-09-07,,,,T-70d1eb84d131,
NHPC,"Selection of Roof Top Developer for Setting up Solar Roof Top Plants at Various Departments of Law, Justice & Parliamentary Affairs, Jal Shakti, Irrigation & Flood Control, Forest, Ecology & Environment and Home in State of J&K through JAKEDA in RESCO Mode on Tariff-Based Competitive Bidding",Rooftop Solar,,Jammu and Kashmir,Unknown,2025_NHPC_842440_1,Tender,,,,,,,,,,https://www.nhpcindia.com/welcome/tender,,Unknown,,,Yes,,,,2026-09-07,2026-09-07,,,,T-20e0cbb409f8,
NHPC,Selection of Roof Top Developer for Setting up Grid Connected Solar Roof Top Plants at Various locations on government buildings in the state of Sikkim on RESCO Mode through Tariff-Based Competitive Bidding,Rooftop Solar,,Sikkim,Unknown,2025_NHPC_843297_1,Tender,,,,,,,,,,https://www.nhpcindia.com/welcome/tender,,Unknown,,,Yes,,,,2026-09-07,2026-09-07,,,,T-1e78dbc85b5c,
NHPC,Rotational Moulded Polyethylene Water Storage Tanks as per IS 12701 (Q3),Unclassified,,,Unknown,GEM/2024/B/5708461,Tender,,,,,,,,,,https://www.nhpcindia.com/welcome/tender,,Unknown,,,Yes,,,,2026-09-07,2026-09-07,,,,T-030ccd820493,
NHPC,Selection of BESS Developers for setting up of 125MW / 500MWh InSTS connected standalone BESS in the state of Kerala under TBCB with VGF support (NHPC-Tranche-I-BESS) (2024-25),Energy Storage (BESS),125.0,Kerala,Unknown,2025_NHPC_844873_1,Tender,,,,,,,,,,https://www.nhpcindia.com/welcome/tender,,Unknown,,,Yes,125 MW,,,2026-09-07,2026-09-07,,,,T-ffbb057aafdf,
NHPC,"Design, Manufacturing and replacement of HV and LV Windings of 48.33MVA, 11/400/√3 KV, single phase Generator transformer of Unit #2 R-Phase (S.No.217620-02) and repair as per scope of work”",Unclassified,,,Unknown,NH/DPS/CONT/NIT-229/2025/E129998 dated 17.01.2025,NIT,,,,,,,,,,https://www.nhpcindia.com/welcome/tender,,Unknown,,,Yes,,,,2026-09-07,2026-09-07,,,,T-264766e5979b,
NHPC,"Procurement of Hydrogen Fuel Cell Electric Buses (3 Nos.) and its Comprehensive Maintenance Services for 3 Years for Leh, UT of Ladakh (2Nos.) & Chamba, Himachal Pradesh (1 No.)",Unclassified,,Himachal Pradesh,Unknown,GEM/2025/B/5793707,Tender,,,,,,,,,,https://www.nhpcindia.com/welcome/tender,,Unknown,,,Yes,,,,2026-09-07,2026-09-07,,,,T-0a0e1e4007ab,
NHPC,Repair and Re-commissioning of 05 nos. STP including supply of consumables and spares and two year annual maintenance contract (AMC) of 05 nos. STP at different locations (Mashka and Sarthali) of Sewa-II Power Station (CW-668)”,Unclassified,,,Unknown,NH/Sewa-II/Contracts/CW-668/2024/NIT-26/600 Dated: 09.01.2025,NIT,,,,,,,,,,https://www.nhpcindia.com/welcome/tender,,Unknown,,,Yes,,,,2026-09-07,2026-09-07,,,,T-d8f54c62f4f1,
NHPC,Up-keeping & Maintenance of Hydro-mechanical Equipments of Uri-2 Power Station,Hydro,,,Unknown,GEM/2024/B/5755907,Tender,,,,,,,,,,https://www.nhpcindia.com/welcome/tender,,Unknown,,,Yes,,,,2026-09-07,2026-09-07,,,,T-9ad07c51e519,
NHPC,"Supply, installation, testing and commissioning of total 171 Nos. 20W Solar Street Lights with all accessories.",Solar,,,Unknown,GEM/2025/B/5772589,Tender,,,,,,,,,,https://www.nhpcindia.com/welcome/tender,,Unknown,,,Yes,,,,2026-09-07,2026-09-07,,,,T-423efcf3de47,
NHPC,"Restoration of 30KWP Rooftop Solar Power Plant of Admin office building of CPS-1, Khairi",Rooftop Solar,0.03,,Unknown,NH/CPS-1/P&C/W-1482/2024-25/712 Dated: 07/01/2025,Tender,,,,,,,,,,https://www.nhpcindia.com/welcome/tender,,Unknown,,,Yes,30 KWP,,,2026-09-07,2026-09-07,,,,T-5328a45cba01,
NHPC,"EPC Work of Construction of Package-2: Basic infrastructure of Roads and Street illumination of 600MW(Phase-l) Solar Power Park for the development of 1200 MW Solar Power Park under UMPPRE at Gram Samooh: Mai, Tehsil: Madhogarh, District: Jalaun, Uttar Pradesh",Solar,600.0,Uttar Pradesh,Unknown,NH/CCW/CC-I/CO-357/BSUL/PR/JSP/2024-25/379,Tender,,,,,,,,,,https://www.nhpcindia.com/welcome/tender,,Unknown,,,Yes,600 MW,,,2026-09-07,2026-09-07,,,,T-fc7e6bce4467,
NHPC,"Re-babbitting of retrieved bearing pads of Turbine guide bearing, Lower guide bearing, Upper guide bearing and Thrust bearing of 3X170MW Teesta-V Power Station",Unclassified,170.0,,Unknown,NIT No. NH/TSV/CONT/MC-153/NIT-988/2024-25/296 Dated: 02/01/2025 and E-Tender No. 2025_NHPC_842423_1,NIT,,,,,,,,,,https://www.nhpcindia.com/welcome/tender,,Unknown,,,Yes,170 MW,,,2026-09-07,2026-09-07,,,,T-da580ea91f71,
NHPC,Development of Rooftop Solar Power Projects on Buildings of NHPC Limited in Zone-IV (North East Power Stations) under PM Surya Ghar: Muft Bijli Yojana,Rooftop Solar,,,Unknown,2024_NHPC_838781_1,Tender,,,,,,,,,,https://www.nhpcindia.com/welcome/tender,,Unknown,,,Yes,,,,2026-09-07,2026-09-07,,,,T-2044a8e4f03e,
NHPC,Routine Maintenance of 4X60 MW Hydro-Generating Equipments and Auxiliaries of Uri-II Power Station,Hydro,60.0,,Unknown,GEM/2024/B/5738127,Tender,,,,,,,,,,https://www.nhpcindia.com/welcome/tender,,Unknown,,,Yes,60 MW,,,2026-09-07,2026-09-07,,,,T-167a4c1055d8,
NHPC,Selection of Hybrid Power Developers For Supply of 1200MW (1.2 GW) ISTS (Inter State Transmission System) Connected Wind-Solar Hybrid Power Projects,Wind-Solar Hybrid,1200.0,,Unknown,2024_NHPC_835426_1,Tender,,,,,,,,,,https://www.nhpcindia.com/welcome/tender,,Unknown,,,Yes,1200 MW,,,2026-09-07,2026-09-07,,,,T-d8b29669779a,
NHPC,Scientific Cleaning of water storage tanks related to water supply at Salal Power Station,Unclassified,,,Unknown,"NH/SPS/CD/NIT-12/2024-25/959-968, Dated: 14/12/2024 (2024_NHPC_ 839772_1)",NIT,,,,,,,,,,https://www.nhpcindia.com/welcome/tender,,Unknown,,,Yes,,,,2026-09-07,2026-09-07,,,,T-f8a5f63a574a,
NHPC,"Vibration analysis and dynamic balancing of all three hydro-generating units of Kishanganga Power Station, Bandipora, J&amp;K (PKG-519).",Hydro,,,Unknown,2024_NHPC_839766_1,Tender,,,,,,,,,,https://www.nhpcindia.com/welcome/tender,,Unknown,,,Yes,,,,2026-09-07,2026-09-07,,,,T-82d8b54eeb4d,
NHPC,"Procurement, Manufacturing, Supply, Erection, Testing and Commissioning of new expansion joint at AB-10 anchor block etc. complete in all respect at Sewa-II Power Station, Mashka, DIstt.-Kathua(J&amp;amp;K) (MW-665)",Unclassified,,,Unknown,NH/Sewa-II/Contracts/MW-665/2024/NIT-24/566 Dated: 14.12.2024,NIT,,,,,,,,,,https://www.nhpcindia.com/welcome/tender,,Unknown,,,Yes,,,,2026-09-07,2026-09-07,,,,T-d50acba181e8,
NHPC,"Re-certification of ISO 9001:2015, ISO 14001:2015 & ISO 45001:2018 (Latest Edition) for 03 Years, Regional Office, NHPC Limited, Banikhet.",Unclassified,,,Unknown,GEM/2024/B/5686648 DATED 10.12.2024,Tender,,,,,,,,,,https://www.nhpcindia.com/welcome/tender,,Unknown,,,Yes,,,,2026-09-07,2026-09-07,,,,T-165dcbbb0d79,
NHPC,Purchase of spare control cards for battery chargers installed at Parbati-III Power station,Unclassified,,,Unknown,GEM/2024/B/5676331,Tender,,,,,,,,,,https://www.nhpcindia.com/welcome/tender,,Unknown,,,Yes,,,,2026-09-07,2026-09-07,,,,T-0c09b376822a,
NHPC,"Cleaning of jungle (bushes), removal of deposited soil and providing re-Connection of water supply pipe line from main storage water tank to Field Hostel, Type-C and administrative building at Pamphok, Teesta-VI H E Project, Sikkim",Unclassified,,Sikkim,Unknown,LTHPL/TSVI/PnC/NIT-34/2024/483,NIT,,,,,,,,,,https://www.nhpcindia.com/welcome/tender,,Unknown,,,Yes,,,,2026-09-07,2026-09-07,,,,T-47d47fd0a74e,
NHPC,"Package-1, Works of Boundary survey &amp;amp;amp;amp; marking, Gates chain link fencing of PSS with compound walls and gates all around the periphery of the 600MW (phase-I) Solar power park at Gram Samooh Mai",Solar,600.0,,Unknown,2024_NHPC_838967_1,Tender,,,,,,,,,,https://www.nhpcindia.com/welcome/tender,,Unknown,,,Yes,600 MW,,,2026-09-07,2026-09-07,,,,T-5a02fe84f0dc,
NHPC,"Repair / Re-insulation of overhang portion of 40 Nos. Stator bars and 13 Nos. Jumpers of 110MW Hydro Generator installed at Kishanganga Power Station, Bandipora, J&amp;K (PKG-510).",Hydro,110.0,,Unknown,2024_NHPC_838613_1,Tender,,,,,,,,,,https://www.nhpcindia.com/welcome/tender,,Unknown,,,Yes,110 MW,,,2026-09-07,2026-09-07,,,,T-634806ee0fe4,
NHPC,"Insurance Cover for 50MW Solar Power Project at Theni/ Dindigul District, Tamilnadu for one year (from 07.02.2025 to 06.02.2026)",Solar,50.0,,Unknown,NH/CCW/CC-II/CO-353/PR16024/6,Tender,,,,,,,,,,https://www.nhpcindia.com/welcome/tender,,Unknown,,,Yes,50 MW,,,2026-09-07,2026-09-07,,,,T-96c39401e100,
NHPC,Re-tubing and Repairing of Thrust bearing oil Cooler of Chamera-1 Power Station,Unclassified,,,Unknown,NH/CPS-1/P&C/W-1445/2024-25/598 Dated: 27/11/2024,Tender,,,,,,,,,,https://www.nhpcindia.com/welcome/tender,,Unknown,,,Yes,,,,2026-09-07,2026-09-07,,,,T-0f31bfc63167,
NHPC,Purchase of Stator Coils (TOSHIBA make) for 189 MVA Hydro Generator of Teesta-V Power Station .,Hydro,,,Unknown,GEM/2024/B/5502670,Tender,,,,,,,,,,https://www.nhpcindia.com/welcome/tender,,Unknown,,,Yes,,,,2026-09-07,2026-09-07,,,,T-bcab99c95ddd,
NHPC,"Replacement of Rotating Labyrinths, any repairs required there off and HP-HVOF Coating of Francis Runner of 60 MW Hydro-Generator of Uri-II Power station for FY 2024-25.",Hydro,60.0,,Unknown,2024_NHPC_836477_1,Tender,,,,,,,,,,https://www.nhpcindia.com/welcome/tender,,Unknown,,,Yes,60 MW,,,2026-09-07,2026-09-07,,,,T-c2b43c58d27c,
NHPC,"Pre-Commissioning/ Commissioning/ Post-Commissioning activities of Unit #1, 2, 3 &amp; Unit#4 and its Accessories of Power House of Parbati H.E. Project, Stage-II (4 X 200 MW; Pelton Turbines) (Package No. C-791).",Unclassified,200.0,,Unknown,2024_NHPC_835735_1,Tender,,,,,,,,,,https://www.nhpcindia.com/welcome/tender,,Unknown,,,Yes,200 MW,,,2026-09-07,2026-09-07,,,,T-ce90d31fa850,
NHPC,"Re-construction of 11 by 0.415 KV Electrical Sub-station along with HT line, HT and LT Panels, and other associated works, at Dikchu Dam site of Teesta-V Power Station NHPC Ltd, damaged due to land slide",Unclassified,,,Unknown,NIT No. NH/TSV/CONT/EC-129/NIT- 973/2024-25/332 Dated: 15/11/2024 & E-Tender id: 2024_NHPC_834734_1,NIT,,,,,,,,,,https://www.nhpcindia.com/welcome/tender,,Unknown,,,Yes,,,,2026-09-07,2026-09-07,,,,T-997299a07105,
NHPC,"Re-babbitting of retrieved bearing pads of Turbine guide bearing, Lower guide bearing, Upper guide bearing & Thrust bearing of 3X170MW Teesta-V Power Station",Unclassified,170.0,,Unknown,RFP- NIT No. NH/TSV/Cont/MC-153/NIT-972/2024-25/328 Dated: 14/11/2024 & E-Tender No. 2024_NHPC_ 835017 _1,RfP,,,,,,,,,,https://www.nhpcindia.com/welcome/tender,,Unknown,,,Yes,170 MW,,,2026-09-07,2026-09-07,,,,T-b685d76a21e1,
NHPC,Purchase of various types of Hydromechanical gate rubber seals,Unclassified,,,Unknown,"GEM/2024/B/5546207, Dated: 28-10-2024",Tender,,,,,,,,,,https://www.nhpcindia.com/welcome/tender,,Unknown,,,Yes,,,,2026-09-07,2026-09-07,,,,T-24cab9c1f9d6,
NHPC,"Operation &amp;amp;amp;amp; maintenance of sewage treatment plant (STP), collection of hydro meteorological data/Instrumentation data for Teesta-V PS",Hydro,,,Unknown,NH/TSV/Cont/RM-202/NIT-961/2024-25/267 Dated: 22/10/2024,NIT,,,,,,,,,,https://www.nhpcindia.com/welcome/tender,,Unknown,,,Yes,,,,2026-09-07,2026-09-07,,,,T-5c4255d16d24,
NHPC,"Repair / Re-insulation of overhang portion of 40 Nos. Stator bars and 13 Nos. Jumpers of 110MW Hydro Generator installed at Kishanganga Power Station, Bandipora, J&amp;amp;amp;K (PKG-510).",Hydro,110.0,,Unknown,2024_NHPC_831722_1,Tender,,,,,,,,,,https://www.nhpcindia.com/welcome/tender,,Unknown,,,Yes,110 MW,,,2026-09-07,2026-09-07,,,,T-1cf009ef92e7,
NHPC,"Construction of a Pucca Footpath (Tiles) at Ward No. 8 Mashka, near NHPC Sewa-II Power Project (Approx 100mtr from the Switchyard (CSR-658)”",Unclassified,,,Unknown,NH/Sewa-II/Contracts/CSR-658/2024/NIT-17/503 Dated: 16.10.2024,NIT,,,,,,,,,,https://www.nhpcindia.com/welcome/tender,,Unknown,,,Yes,,,,2026-09-07,2026-09-07,,,,T-ad3872d9dac2,
NHPC,"Cleaning and disinfecting of water storage tanks for water supply system of township and others locations of CPS-II, Karian, Chamba (E-FILE-127784)",Unclassified,,,Unknown,E-FILE-127784/2024-25/23,Tender,,,,,,,,,,https://www.nhpcindia.com/welcome/tender,,Unknown,,,Yes,,,,2026-09-07,2026-09-07,,,,T-39538bc56589,
NHPC,"Annual Maintenance of Hydro Mechanical equipment/gates installed at Baira Dam, Bhaledh Trench, Siul Weir and TRC gates, PRV gate at Power House Complex",Hydro,,,Unknown,NH/BSPS/CC/HM/33/2024-25/296,Tender,,,,,,,,,,https://www.nhpcindia.com/welcome/tender,,Unknown,,,Yes,,,,2026-09-07,2026-09-07,,,,T-2318a4eadcd8,
NHPC,Selection of Solar Power Generators For Setting up of 1200 MW ISTS Connected Solar Power Projects on anywhere in India basis under TBCB with Green Shoe Option (NH PC-Tranche-IX-Solar (2024-25)),Solar,1200.0,,Unknown,2024_NHPC_825552_1,Tender,,,,,,,,,,https://www.nhpcindia.com/welcome/tender,,Unknown,,,Yes,1200 MW,,,2026-09-07,2026-09-07,,,,T-00b49622b677,
NHPC,Development of Rooftop Solar Power Projects on Buildings of NHPC Limited at the various locations under PM Surya Ghar: Muft Bijli Yojana,Rooftop Solar,,,Unknown,NH/CCW/CC-I/CO-339/PR16924/11 dt. 17.09.2024,Tender,,,,,,,,,,https://www.nhpcindia.com/welcome/tender,,Unknown,,,Yes,,,,2026-09-07,2026-09-07,,,,T-379df33e02c9,
NHPC,"Supply, fixing/assembling / testing and on site re-tubing of Generator Plug in oil coolers for combined bearing (thrust and upper guide) of Sewa-II Power Station.",Unclassified,,,Unknown,GEM/2024/B/5418139 Dated: 28-09-2024,Tender,,,,,,,,,,https://www.nhpcindia.com/welcome/tender,,Unknown,,,Yes,,,,2026-09-07,2026-09-07,,,,T-bb2432fafa11,
NHPC,Selection of Solar Power Generators For Setting up of 1.2 GW ISTS Connected Solar Power Projects with 600MW/1200MWh (ESS) on anywhere in India basis under TTBCB with Green Shoe Option (NHPC-Tranche-VIII-Solar with Storage (2024-25)),Solar + Storage,600.0,,Unknown,2024_NHPC_821806_1,Tender,,,,,,,,,,https://www.nhpcindia.com/welcome/tender,,Unknown,,,Yes,600 MW,,,2026-09-07,2026-09-07,,,,T-929bdfafc0df,
NHPC,"Supply, installation and commissioning of 65 nos. 30 Watt solar street light complete and accessories for making functional 30 nos. existing non-functional solar street lights of KGPS colony, Bandipora (PKG-498).",Solar,,,Unknown,2024_NHPC_826286_1,Tender,,,,,,,,,,https://www.nhpcindia.com/welcome/tender,,Unknown,,,Yes,,,,2026-09-07,2026-09-07,,,,T-31bcb0ccde9a,
NHPC,"Round the Clock Operation of E&M Plant and Machinery at Power House, Transformer Cavern, Valve House and 220 KV Switchyard of 3x110 MW Kishanganga Power Station, Bandipora, J &K (PKG-497)",Round-the-Clock / CfD / Trading,110.0,,Unknown,GEM/2024/B/5258295,Tender,,,,,,,,,,https://www.nhpcindia.com/welcome/tender,,Unknown,,,Yes,110 MW,,,2026-09-07,2026-09-07,,,,T-84b486478b03,
NHPC,Annual Maintenance Contract (AMC) for 02 years of 220Volt DC & 48 Volt DC Battery Chargers of Sewa-II Power Station (SC-648),Unclassified,,,Unknown,GEM/2024/B/5354865 Dated 11.09.2024,Tender,,,,,,,,,,https://www.nhpcindia.com/welcome/tender,,Unknown,,,Yes,,,,2026-09-07,2026-09-07,,,,T-1a2e98b82774,
NHPC,Providing services for the testing of cable anchors for residual stress and re-stressing the same to required level (to 420 Kg/sq.cm pressure) complete in all respect.,Unclassified,,,Unknown,NH/CPS-1/P&C/W-1462/2024-25/483 Dated:09/09/2024 (GEM/2024/B/5376538),Tender,,,,,,,,,,https://www.nhpcindia.com/welcome/tender,,Unknown,,,Yes,,,,2026-09-07,2026-09-07,,,,T-6b9fb4b51c2f,
NHPC,"Replacement of Maintenance and Service Seal of MIV of 01 nos Generating Unit of Sewa-II Power Station, Mashka, Distt.-Kathua (J&K) (MW-649)",Unclassified,,Jammu and Kashmir,Unknown,NH/Sewa-II/Contracts/MW-649/2024/NIT-12/452 Dated: 07.09.2024,NIT,,,,,,,,,,https://www.nhpcindia.com/welcome/tender,,Unknown,,,Yes,,,,2026-09-07,2026-09-07,,,,T-f4dc3766007f,
NHPC,Repair along with HP-HVOF coating of Runner (1 Nos.) and Guidevane set (2 sets) for 3X100 MW Francis hydro turbines of Chamera-II Power Station.,Hydro,100.0,,Unknown,2024_NHPC_ 824245_1,Tender,,,,,,,,,,https://www.nhpcindia.com/welcome/tender,,Unknown,,,Yes,100 MW,,,2026-09-07,2026-09-07,,,,T-04ff7091d1cb,
NHPC,"Dewatering of surface penstock at two (02) locations during replacement of expansion joint at Sewa-II Power Station, Mashka, Distt.-Kathua (J&K) (MW-652)",Unclassified,,Jammu and Kashmir,Unknown,NH/Sewa-II/Contracts/MW-652/2024/NIT-11/447 Dated: 04.09.2024,NIT,,,,,,,,,,https://www.nhpcindia.com/welcome/tender,,Unknown,,,Yes,,,,2026-09-07,2026-09-07,,,,T-bf9ac71b975d,
NHPC,Providing services for Routine Electrical Maintenance work of Electro- mechanical systems of Teesta-V Power House excluding Annual /Capital Maintenance works of Units and associated system for smooth running of (3 x170 )MW generating units and Associated,Unclassified,,,Unknown,NH/TSV/Cont/RM-191/NIT-948/2024-25/179 Dated: 03/09/2024,NIT,,,,,,,,,,https://www.nhpcindia.com/welcome/tender,,Unknown,,,Yes,,,,2026-09-07,2026-09-07,,,,T-edbf433c525a,
NHPC,"Round the Clock Maintenance of E&M Plant and Machinery at Power House, Transformer Cavern, Valve House and Switchyard of 3x110 MW Kishanganga Power Station, Bandipora, J &K (PKG-493).",Round-the-Clock / CfD / Trading,110.0,,Unknown,GEM/2024/B/5208466,Tender,,,,,,,,,,https://www.nhpcindia.com/welcome/tender,,Unknown,,,Yes,110 MW,,,2026-09-07,2026-09-07,,,,T-82ba5ef5992b,
NHPC,Cleaning of water storage tanks at various locations of Sewa-II Power Station (For 02 years) (SC-637),Unclassified,,,Unknown,GEM/2024/B/5249654 Dated 06.08.2024,Tender,,,,,,,,,,https://www.nhpcindia.com/welcome/tender,,Unknown,,,Yes,,,,2026-09-07,2026-09-07,,,,T-4a20d62b6be2,
NHPC,"Annual Maintenance of Two Nos. Hydro-generating units (Pelton Turbine) of 3X110 MW Kishanganga Power Station, Bandipora, J&K (PKG-492).",Hydro,110.0,Jammu and Kashmir,Unknown,GEM/2024/B/5196393 Dated: 02.08.2024,Tender,,,,,,,,,,https://www.nhpcindia.com/welcome/tender,,Unknown,,,Yes,110 MW,,,2026-09-07,2026-09-07,,,,T-fc0e3027f619,
NHPC,"Cleaning of jungle (bushes), removal of deposited soil and providing re-Connection of water supply pipe line from main storage water tank to Field Hostel, Type-C and administrative building at Pamphok, Teesta-VI H E Project, Sikkim.",Unclassified,,Sikkim,Unknown,LTHPL/TSVI/PNC/NIT-34/2024/454,NIT,,,,,,,,,,https://www.nhpcindia.com/welcome/tender,,Unknown,,,Yes,,,,2026-09-07,2026-09-07,,,,T-5017d0c6c9b5,
NHPC,Selection of Wind Power Developers for Supply of 600MW power from ISTS connected Wind Power Projects on anywhere in India basis under Tariff Based Competitive Bidding (TBCB) (NHPC-Tranche-VII-WIND (2024-25),Wind,600.0,,Unknown,2024_NHPC_816303_1,Tender,,,,,,,,,,https://www.nhpcindia.com/welcome/tender,,Unknown,,,Yes,600 MW,,,2026-09-07,2026-09-07,,,,T-ba8a754ee931,
NHPC,"Upgradation of 04 no’s work stations of SCADA (Windows 7 Professional to Windows 10 with software to be provided by OEM) installed at Power House Control Room of Kishanganga Power Station,Bandipora",Unclassified,,,Unknown,GEM/2024/B/4981105,Tender,,,,,,,,,,https://www.nhpcindia.com/welcome/tender,,Unknown,,,Yes,,,,2026-09-07,2026-09-07,,,,T-b108825b1a8b,
NHPC,"SUPPLY, ERECTION, TESTING AND COMMISSIONING OF HYDRAULIC TRASH RACK CLEANING MACHINE FOR SALAL POWER STATION (690 MW)",Unclassified,690.0,,Unknown,GEM/2024/B/5103359,Tender,,,,,,,,,,https://www.nhpcindia.com/welcome/tender,,Unknown,,,Yes,690 MW,,,2026-09-07,2026-09-07,,,,T-fd711938bfcf,
NHPC,Repair of Thrust Bearing Mirror Disc of 60 MW Francis Turbine of Baira Siul Power Station,Unclassified,60.0,,Unknown,NH/BSPS/CC/PH/13/2024-25/142,Tender,,,,,,,,,,https://www.nhpcindia.com/welcome/tender,,Unknown,,,Yes,60 MW,,,2026-09-07,2026-09-07,,,,T-b18a8a06b32b,
NHPC,Re-tubing and Repairing of Thrust bearing oil Cooler of Chamera-1 Power Station.,Unclassified,,,Unknown,NH/CPS-1/P&C/W-1445/2024-25/268 Dated:- 28/06/2024,Tender,,,,,,,,,,https://www.nhpcindia.com/welcome/tender,,Unknown,,,Yes,,,,2026-09-07,2026-09-07,,,,T-c8f53b303f1d,
NHPC,Selection of RE Power Developers For Supply of 1200MW Firm & Dispatchable power (Assured Peak Power Supply) from ISTS connected Renewable Energy Power Projects coupled with Energy Storage System (ESS) on ‘anywhere in India’ basis under TBCB with “GREENSHOE OPTION,Energy Storage (BESS),1200.0,,Unknown,2024_NHPC_813414 _1,Tender,,,,,,,,,,https://www.nhpcindia.com/welcome/tender,,Unknown,,,Yes,1200 MW,,,2026-09-07,2026-09-07,,,,T-98dfe946113f,
NHPC,"Topographical Survey of Project area for Kamala Hydroelectric Project (1800 MW), Arunachal Pradesh",Hydro,1800.0,Arunachal Pradesh,Unknown,GEM/2024/B/5095388,Tender,,,,,,,,,,https://www.nhpcindia.com/welcome/tender,,Unknown,,,Yes,1800 MW,,,2026-09-07,2026-09-07,,,,T-6c37739193e5,
NHPC,Providing services for Routine Mechanical Maintenance Work of Teesta-V Power House Excluding Annual / Capital Maintenance Works for Smooth Running of 3x170 MW Generating Units and Associated System for the period of two (2) years,Unclassified,170.0,,Unknown,NH/TSV/Cont/RM-192/NIT-921/2024-25/83 Dated: 26/06/2024,NIT,,,,,,,,,,https://www.nhpcindia.com/welcome/tender,,Unknown,,,Yes,170 MW,,,2026-09-07,2026-09-07,,,,T-b60fc66c044b,
NHPC,"Package-6, Modification of Diversion Tunnel into Tunnel Spillway Arrangement - Civil & HM Works (Tunnel Spillway, Adit to GOC, GOC Gate Shaft, Inlet Bell Mouth, Outlet Concrete Dyke and Energy Dissipation Arrangement) for Teesta-V Power Station, Sikkim",Unclassified,,Sikkim,Unknown,2024_NHPC_812702_1,Tender,,,,,,,,,,https://www.nhpcindia.com/welcome/tender,,Unknown,,,Yes,,,,2026-09-07,2026-09-07,,,,T-c0a8788305e9,
NHPC,"Re-tubing of old and used Generator coolers (07 nos. stator air coolers, 04 nos. LGB coolers and 08 nos. UGB coolers).",Unclassified,,,Unknown,NH-RPS-PH012(13)/5/2023-PH/34,Tender,,,,,,,,,,https://www.nhpcindia.com/welcome/tender,,Unknown,,,Yes,,,,2026-09-07,2026-09-07,,,,T-ef1d92f9d89b,
NHPC,Annual/Capital Maintenance of 4 X 60MW Hydro-Generating Units of Uri-II Power Station as per scope of work for period of two successive maintenance year i.e. 2024-25 and 2025-26,Hydro,60.0,,Unknown,GEM/2024/B/4946744,Tender,,,,,,,,,,https://www.nhpcindia.com/welcome/tender,,Unknown,,,Yes,60 MW,,,2026-09-07,2026-09-07,,,,T-11bfb5d2c139,
NHPC,Selection of Solar Power Generators For Setting up of 1200 MW (1.2 GW) ISTS Connected Solar Power Projects on anywhere in India basis under TBCB,Solar,1200.0,,Unknown,2024_NHPC_809331_1,Tender,,,,,,,,,,https://www.nhpcindia.com/welcome/tender,,Unknown,,,Yes,1200 MW,,,2026-09-07,2026-09-07,,,,T-922bf2d72cf9,
NHPC,Hiring of External Agency/ Consultant for preparation of DPR for 1800 MW Savitri Pump Storage Project,Unclassified,1800.0,,Unknown,NH/CCW/CC-II/CO-318/PR16923/52,Tender,,,,,,,,,,https://www.nhpcindia.com/welcome/tender,,Unknown,,,Yes,1800 MW,,,2026-09-07,2026-09-07,,,,T-46f3ccf82938,
NHPC,"EPC Contract for Design, Engineering, Supply, Construction, Erection, Testing, and Commissioning of 200 MW Grid connected Solar PV Power Project in GSECL’s RE Solar Park at Khavda (Stage-3), Gujarat with Comprehensive O & M for five years.",Solar,200.0,Gujarat,Unknown,2024_NHPC_805733_1,Tender,,,,,,,,,,https://www.nhpcindia.com/welcome/tender,,Unknown,,,Yes,200 MW,,,2026-09-07,2026-09-07,,,,T-7417f80eaed2,
NHPC,Consultancy Services for Preparation of Pre-Feasibility Reports (PFR) for two pumped storage projects in Maharashtra (Kalu PSP) and Tripura (Longthrai PSP,Pumped Storage,,Maharashtra,Unknown,GEM/2024/B/4916736,Tender,,,,,,,,,,https://www.nhpcindia.com/welcome/tender,,Unknown,,,Yes,,,,2026-09-07,2026-09-07,,,,T-5885257d0ea3,
NHPC,Carrying out Annual Maintenance and Repair of underwater parts of three Generating Units of 3X60 MW of BSPS,Unclassified,60.0,,Unknown,NH/BSPS/CC/PH/03/2024-25/66,Tender,,,,,,,,,,https://www.nhpcindia.com/welcome/tender,,Unknown,,,Yes,60 MW,,,2026-09-07,2026-09-07,,,,T-a26b476e11dd,
NHPC,"Supply, installation, testing and commissioning of license free Walkie Talkie sets (Make: Skyfone , Model :S-111) including charger, battery, clip etc. & spare battery for license free Walkie Talkie sets of Make: Skyfone , Model :S-111",Unclassified,,,Unknown,GEM/2024/B/4823850,Tender,,,,,,,,,,https://www.nhpcindia.com/welcome/tender,,Unknown,,,Yes,,,,2026-09-07,2026-09-07,,,,T-1c8ff91df3b5,
NHPC,"Providing Insurance Cover during O&M period for 50MW Wind Power Project at Jaisalmer, Rajasthan for one year w.e.f. 19.06.24 to 18.06.25",Wind,50.0,Rajasthan,Unknown,GEM/2024/B/4856537,Tender,,,,,,,,,,https://www.nhpcindia.com/welcome/tender,,Unknown,,,Yes,50 MW,,,2026-09-07,2026-09-07,,,,T-4243f5a25dc3,
NHPC,"Lot- 5B Package for Hydro-Mechanical Works for Intake and Draft Tube Gates & Hoists of Dibang Multipurpose Project, 2880 MW , located in Lower Dibang Valley District in the State of Arunachal Pradesh, India",Hydro,2880.0,Arunachal Pradesh,Unknown,2024_NHPC_803559_1,Tender,,,,,,,,,,https://www.nhpcindia.com/welcome/tender,,Unknown,,,Yes,2880 MW,,,2026-09-07,2026-09-07,,,,T-8886f889af12,
NHPC,Hydrographic Survey upto 32.50 km downstream of Dul Dam in Chenab river for Dam Break Analysis / Flood Routing and preparation of Inundation Map (for EAP),Unclassified,,,Unknown,NH/DPS/CONT/NIT-182/2024/E113767 dated 06.04.2024,NIT,,,,,,,,,,https://www.nhpcindia.com/welcome/tender,,Unknown,,,Yes,,,,2026-09-07,2026-09-07,,,,T-ff16a4b6d684,
NHPC,"Hydrographic Survey of Dul Dam Reservoir & Cross Section for EWS at DPS, Kishtwar for year 2024 and year 2025",Unclassified,,,Unknown,NH/DPS/CONT/NIT-181/2024/E111134 dated 05.04.2024,NIT,,,,,,,,,,https://www.nhpcindia.com/welcome/tender,,Unknown,,,Yes,,,,2026-09-07,2026-09-07,,,,T-473a0fe18d7a,
NHPC,"Supply, Installation, Testing and Commissioning of Fire Fighting and Protection System of Oil Pumping Units of MIV and Governor installed in Power House of Sewa-II Power Station, Mashka, Distt.-Kathua (JK) (MW-609)",Unclassified,,,Unknown,NH/Sewa-II/Contracts/MW-609/2023/NIT-25/296 Dated 21.03.2024,NIT,,,,,,,,,,https://www.nhpcindia.com/welcome/tender,,Unknown,,,Yes,,,,2026-09-07,2026-09-07,,,,T-c71ed221fcba,
NHPC,"Repair, Machining, Stress Relieving and HP-HVOF Coating of Runner and Guide Vanes of 60 MW Francis Turbine of Baira Siul Power Station",Unclassified,60.0,,Unknown,NH/BSPS/CC/PH/71/2023-24/618,Tender,,,,,,,,,,https://www.nhpcindia.com/welcome/tender,,Unknown,,,Yes,60 MW,,,2026-09-07,2026-09-07,,,,T-f426e95e18e4,
NHPC,Selection of RE Power Developers For Supply of 1200MW ‘Firm & Dispatchable’ power from ISTS connected (TBCB) - Tranche-II,Round-the-Clock / CfD / Trading,1200.0,,Unknown,2024_NHPC_800202_1,Tender,,,,,,,,,,https://www.nhpcindia.com/welcome/tender,,Unknown,,,Yes,1200 MW,,,2026-09-07,2026-09-07,,,,T-1f18ada152ec,
NHPC,"Procurement, Manufacturing, Supply, Erection, Testing and Commissioning of new expansion joint at AB-10 anchor block etc. complete in all respect at Sewa-II Power Station, Mashka, Distt.-Kathua (JK) (MW-599)",Unclassified,,,Unknown,NH/Sewa-II/Contracts/MW-599/2024/NIT-23/277 Dtd. 02.03.2024,NIT,,,,,,,,,,https://www.nhpcindia.com/welcome/tender,,Unknown,,,Yes,,,,2026-09-07,2026-09-07,,,,T-df4046d9f847,
NHPC,Hydrographic survey of Salal Dam reservoir at Dhyangarh for year 2024-25,Unclassified,,,Unknown,NH/SPS/CD/NIT-27/2023-24/1043-53 dt 24-02-2024 (Tender ID 2024_NHPC_797413_1 ),NIT,,,,,,,,,,https://www.nhpcindia.com/welcome/tender,,Unknown,,,Yes,,,,2026-09-07,2026-09-07,,,,T-eb591d6556c2,
NHPC,“Providing assistance services for hydro meteorological work of Dibang Multipurpose Project at various G&D sites and rain gauge stations”,Hydro,,,Unknown,GEM/2024/B/4531978,Tender,,,,,,,,,,https://www.nhpcindia.com/welcome/tender,,Unknown,,,Yes,,,,2026-09-07,2026-09-07,,,,T-39d358604030,
NHPC,"“ Supply, installation, testing and commissioning of license free Walkie Talkie sets (Make: Skyfone , Model :S-111) including charger, battery, clip etc. & spare battery for license free Walkie Talkie sets of Make: Skyfone , Model :S-111”,",Unclassified,,,Unknown,GEM/2024/B/4545138,Tender,,,,,,,,,,https://www.nhpcindia.com/welcome/tender,,Unknown,,,Yes,,,,2026-09-07,2026-09-07,,,,T-01d49b9405c6,
NHPC,Supply of 1200MW power from ISTS connected Wind Power Projects under Tariff Based Competitive Bidding (TBCB),Wind,1200.0,,Unknown,2024_NHPC_ 789236_1,Tender,,,,,,,,,,https://www.nhpcindia.com/welcome/tender,,Unknown,,,Yes,1200 MW,,,2026-09-07,2026-09-07,,,,T-32ef02cfec89,
NHPC,"Supply, Installation, Testing and Commissioning of Fire Fighting and Protection System of Oil Pumping Units of MIV and Governor installed in Power House of Sewa-II Power Station, Mashka, Distt.-Kathua (J&K) (MW-609)",Unclassified,,Jammu and Kashmir,Unknown,NH/Sewa-II/Contracts/MW-609/2023/NIT-21/239 Dated 25.01.2024,NIT,,,,,,,,,,https://www.nhpcindia.com/welcome/tender,,Unknown,,,Yes,,,,2026-09-07,2026-09-07,,,,T-f0d8d6119742,
NHPC,"Re-Wiring of Admin Building-II (GM Office) at Salal Power Station, Jyotipuram",Unclassified,,,Unknown,NH/SPS/CD/NIT-21/2023-24/909-919 (Tender ID 2024_NHPC_791247_1),NIT,,,,,,,,,,https://www.nhpcindia.com/welcome/tender,,Unknown,,,Yes,,,,2026-09-07,2026-09-07,,,,T-2f090e422def,
NHPC,"Comprehensive AMC of Window/ Split/ Cassette Type Air Conditioners & Water Coolers in NHPC Residential Complex, Sector-41, Faridabad for Two Years.",Unclassified,,,Unknown,2024_NHPC_791388_1,Tender,,,,,,,,,,https://www.nhpcindia.com/welcome/tender,,Unknown,,,Yes,,,,2026-09-07,2026-09-07,,,,T-973f98d8eb95,
NHPC,"Engineering, Procurement & Construction (EPC) Contract for Setting up of Pilot Project for Green Hydrogen based Mobility Station at District- Chamba, Himachal Pradesh along with Comprehensive O&M of 03 Years",Green Hydrogen / Derivatives,,Himachal Pradesh,Unknown,2023_NHPC_775293_1,Tender,,,,,,,,,,https://www.nhpcindia.com/welcome/tender,,Unknown,,,Yes,,,,2026-09-07,2026-09-07,,,,T-ff0074150374,
NHPC,Expression of Interest (EOI) From Any Indian/Global Company FOR “Empanelment with NHPC Ltd regarding the Development of Offshore Wind Power Projects in India”,Wind,,,Unknown,2024_NHPC_788618_2,EOI,,,,,,,,,,https://www.nhpcindia.com/welcome/tender,,Unknown,,,Yes,,,,2026-09-07,2026-09-07,,,,T-81c8e3b84bf8,
NHPC,"Hiring of R&M Services for Running and Maintenance of Office Cum Field Hostel of 50 MW Wind Power Project , Jaisalmer of NHPC Ltd.",Wind,50.0,,Unknown,NH/WPPJ/2023/124 dated 29.12.2023,Tender,,,,,,,,,,https://www.nhpcindia.com/welcome/tender,,Unknown,,,Yes,50 MW,,,2026-09-07,2026-09-07,,,,T-2f510fa8451a,
NHPC,"Re-construction of 11/0.415 KV Electrical Sub-station along with HT line, HT & LT Panels, and other associated works, at Dikchu Dam site of Teesta-V Power Station NHPC Ltd, damaged due to land slide",Unclassified,,,Unknown,NH/TSV/Cont/EC-129/NIT-885/2023-24/785 Dated : 04/01/2024,NIT,,,,,,,,,,https://www.nhpcindia.com/welcome/tender,,Unknown,,,Yes,,,,2026-09-07,2026-09-07,,,,T-ab71659c4c5c,
NHPC,Selection of Wind Power Developers For Supply of 1300MW power from ISTS connected Wind Power Projects under Tariff Based Competitive Bidding (TBCB),Wind,1300.0,,Unknown,2023_NHPC_786564_1,Tender,,,,,,,,,,https://www.nhpcindia.com/welcome/tender,,Unknown,,,Yes,1300 MW,,,2026-09-07,2026-09-07,,,,T-c02dda34e619,
NHPC,Repair of damaged 30 (Thirty) stator bars of 110MW Hydro generator installed at Kishanganga Power Station (PKG-462).,Hydro,110.0,,Unknown,2023_NHPC_788147_1,Tender,,,,,,,,,,https://www.nhpcindia.com/welcome/tender,,Unknown,,,Yes,110 MW,,,2026-09-07,2026-09-07,,,,T-0e26a60e6616,
NHPC,"Supply, erection, testing and commissioning of 11 kV overhead line with Aerial bunched cables from Y-Junction to Dam Intake of NHPC Subansiri Lower Hydroelectric Project, Dollungmukh, Arunachal Pradesh",Hydro,,Arunachal Pradesh,Unknown,NH/SLP/CONT/2023/C-15/NIT/786 दिनांक : 29/12/2023,NIT,,,,,,,,,,https://www.nhpcindia.com/welcome/tender,,Unknown,,,Yes,,,,2026-09-07,2026-09-07,,,,T-45aead237a82,
NHPC,"Procurement, Manufacturing, Supply, Erection, Testing and Commissioning of new expansion joint at AB-10 anchor block etc complete in all respect at Sewa-II Power Station, Mashka, Distt.-Kathua (J&K) (MW-599)",Unclassified,,Jammu and Kashmir,Unknown,NH/Sewa-II/Contracts/MW-599/2023/NIT-19/202 Dated 18.12.2023,NIT,,,,,,,,,,https://www.nhpcindia.com/welcome/tender,,Unknown,,,Yes,,,,2026-09-07,2026-09-07,,,,T-b908284efe00,
NHPC,"Repair of oil pipe line, pressure testing, condenser coil cleaning and SITC of DYNA View display of Trane make Chillers (RTAC-200) installed at Sewa-II Power House (MW-603)",Unclassified,,,Unknown,NH/Sewa-II/Contracts/MW-603/2023/NIT-18/201 Dated 18.12.2023,NIT,,,,,,,,,,https://www.nhpcindia.com/welcome/tender,,Unknown,,,Yes,,,,2026-09-07,2026-09-07,,,,T-60734b983656,
NHPC,Calling service engineer (OEM) of HMC for servicing/inspection during Annual Maintenance of Generating units of 3x110 MW Kishanganga Power station(PKG-452).,Unclassified,110.0,,Unknown,2023_NHPC_784946_1,Tender,,,,,,,,,,https://www.nhpcindia.com/welcome/tender,,Unknown,,,Yes,110 MW,,,2026-09-07,2026-09-07,,,,T-b02984822337,
NHPC,"Replacement of Rotating Labyrinths, any repairs required there off and HP-HVOF Coating of Francis Runner of 60 MW Hydro-Generator of Uri-II Power station for FY 2023-24",Hydro,60.0,,Unknown,2023_NHPC_781604_1,Tender,,,,,,,,,,https://www.nhpcindia.com/welcome/tender,,Unknown,,,Yes,60 MW,,,2026-09-07,2026-09-07,,,,T-919a8c10240b,
NHPC,"Re-drilling and washing of drainage holes in drainage gallery of power house, CPS-1.",Unclassified,,,Unknown,2023_NHPC_779974_1,Tender,,,,,,,,,,https://www.nhpcindia.com/welcome/tender,,Unknown,,,Yes,,,,2026-09-07,2026-09-07,,,,T-d5c769318c3a,
NHPC,For Selection of Hybrid Power Developers For Supply of 1500MW power from ISTS connected Wind-Solar Hybrid Power Projects system on ‘anywhere in India’ basis under Tariff Based Competitive Bidding (TBCB),Wind-Solar Hybrid,1500.0,,Unknown,2023_NHPC_778283_1,Tender,,,,,,,,,,https://www.nhpcindia.com/welcome/tender,,Unknown,,,Yes,1500 MW,,,2026-09-07,2026-09-07,,,,T-53b15f8036c8,
NHPC,"Package-I : Construction of Civil works of Diversion tunnels, HM works of Diversion tunnels, Road Tunnel, Temporary and Permanent Roads, 2 no. Temporary Bridges, upstream and downstream Coffer Dams, Dam & Spillway, Plunge pool, Main & Auxiliary Intakes, Pressure tunnels/Shafts (Main & Auxiliary), Underground Power House, Busducts/tunnels, Underground Transformer Cavern, Draft tube tunnels, Cable tunnel, Ventilation tunnel, Downstream Surge Chamber, Pothead Yard, Tail race tunnels for Main & Auxiliary plant & other associated adits/structures for 500MW Dugar Hydro Electric Project Located at Luj village in Chamba district of Himachal Pradesh India.",Hydro,500.0,Himachal Pradesh,Unknown,2023_NHPC_775644_1,Tender,,,,,,,,,,https://www.nhpcindia.com/welcome/tender,,Unknown,,,Yes,500 MW,,,2026-09-07,2026-09-07,,,,T-3ca66b087754,
NHPC,"Supply and Installation of spares for 01 No. Battery Charger rating 220 SP10 FCBC, HBL make for Teesta-V Power Station",Unclassified,,,Unknown,NH/TSV/Cont/EC-146/NIT-871/2023-24/698 Dated: 03/11/2023,NIT,,,,,,,,,,https://www.nhpcindia.com/welcome/tender,,Unknown,,,Yes,,,,2026-09-07,2026-09-07,,,,T-e5dd2e9701ca,
NHPC,Conducting Post monsoon Hydrographic survey in the reservoir of Uri-II Power Station,Unclassified,,,Unknown,GEM/2023/B/4099214,Tender,,,,,,,,,,https://www.nhpcindia.com/welcome/tender,,Unknown,,,Yes,,,,2026-09-07,2026-09-07,,,,T-c78c1031c4f5,
NHPC,"Supply, erection, testing and commissioning of 11 kV overhead line with Aerial bunched cables from Y-Junction to Dam Intake of NHPC Subansiri Lower Hydroelectric Project, Dollungmukh, Arunachal Pradesh",Hydro,,Arunachal Pradesh,Unknown,NH/SLP/CONT/2023/C-15/NIT/639,NIT,,,,,,,,,,https://www.nhpcindia.com/welcome/tender,,Unknown,,,Yes,,,,2026-09-07,2026-09-07,,,,T-27af1087145d,
NHPC,"Engineering Procurement and Construction (EPC) contract for development of 40 MW Capacity Solar Power Project and associated 220 KV Transmission line for connectivity at 220 KV OPTCL Transmission System through LILO Provision along with comprehensive O&M for 05 (Five) years at at Village-Landeihil, Tehsil-Jaganath Prasad, Distt-Ganjam, Odisha",Transmission / Evacuation,40.0,Odisha,Unknown,NH/CCW/CC-III/CO-266/PR16623/2,Tender,,,,,,,,,,https://www.nhpcindia.com/welcome/tender,,Unknown,,,Yes,40 MW,,,2026-09-07,2026-09-07,,,,T-c1d9da22045b,
NHPC,Routine Maintenance of 4X60 MW Hydro Generating Equipment and Auxiliaries of Uri-2 Power Station for 12 Months,Hydro,60.0,,Unknown,GEM/2023/B/3895352,Tender,,,,,,,,,,https://www.nhpcindia.com/welcome/tender,,Unknown,,,Yes,60 MW,,,2026-09-07,2026-09-07,,,,T-0d06658b82c7,
NHPC,"Supply, Erection, Testing and Commissioning of Street Light along road from Volvo Point to NHPC main gate(CISF check gate) and in between Field Hostels-I&II;, NHPC Colony, Subansiri Lower Hydroelectric Project, Gerukamukh, Assam",Hydro,,Assam,Unknown,NH/SLP/CONT/2023/C-32/NIT/609,NIT,,,,,,,,,,https://www.nhpcindia.com/welcome/tender,,Unknown,,,Yes,,,,2026-09-07,2026-09-07,,,,T-4d82c26e400d,
NHPC,"Cleaning and Disinfection of Storage Water Tanks for Water Supply and Distribution System of Township at BSPS, Surangani for a period of Two Years",Unclassified,,,Unknown,NH/BSPS/CC/CW/23/2023-24/194,Tender,,,,,,,,,,https://www.nhpcindia.com/welcome/tender,,Unknown,,,Yes,,,,2026-09-07,2026-09-07,,,,T-6c80cac78597,
NHPC,Engagement of consultant for Survey and Investigation and preparation of Evaluation report of Potential Floating Solar Capacities on the selected Reservoirs/water Bodies in the State of Maharashtra,Floating Solar,,Maharashtra,Unknown,GEM/2023/B/3961229,Tender,,,,,,,,,,https://www.nhpcindia.com/welcome/tender,,Unknown,,,Yes,,,,2026-09-07,2026-09-07,,,,T-24ad089cf0b2,
NHPC,"Construction of 2 Nos. Shed for storage of lubricants and boundary wall at Power House Complex of Sewa-II Power Station, Mashka, Distt.-Kathua (J&K) (CW-596)",Unclassified,,Jammu and Kashmir,Unknown,NH/Sewa-II/Contracts/CW-596/2023/NIT-10/108 Dated 13.09.2023,NIT,,,,,,,,,,https://www.nhpcindia.com/welcome/tender,,Unknown,,,Yes,,,,2026-09-07,2026-09-07,,,,T-a7170b5639e6,
NHPC,"Repair, replacement of lower moving labyrinth, static balancing and HP-HVOF coating of one number Runner of 130 MW Francis Turbine of Parbati-3 Power Station",Unclassified,130.0,,Unknown,NH/PPS-III/NIT/PR11923/116/1/175 Dated: 02/09/2023,NIT,,,,,,,,,,https://www.nhpcindia.com/welcome/tender,,Unknown,,,Yes,130 MW,,,2026-09-07,2026-09-07,,,,T-cfb53d1c988f,
NHPC,Scientific Cleaning of Water Storage Tanks related to water supply at Jyotipuram,Unclassified,,,Unknown,NH/SPS/CD/NIT-08/2023-24/311-320,NIT,,,,,,,,,,https://www.nhpcindia.com/welcome/tender,,Unknown,,,Yes,,,,2026-09-07,2026-09-07,,,,T-4067d1327614,
NHPC,"Annual maintenance of units, its ancillaries, transformer & switchgear with levelling/centering, alignment & dynamic balancing of two nos. of Hydro-generating units at 3X40 MW Sewa-II Power Station (MW-588)",Hydro,40.0,,Unknown,NH/Sewa-II/Contracts/MW-588/2023/NIT-08/94 Dated: 14.08.2023,NIT,,,,,,,,,,https://www.nhpcindia.com/welcome/tender,,Unknown,,,Yes,40 MW,,,2026-09-07,2026-09-07,,,,T-92fab24fa78f,
NHPC,"“Repair and HP-HVOF Coating of 20 Nos. Wicket Gates (01 Set) of 77 MW Francis Hydro- Turbine of Chamera-III Power Station, Dharwala Distt. Chamba, H.P., (Pkg. No. PH-01)”",Hydro,77.0,,Unknown,2023_NHPC_766536_1,Tender,,,,,,,,,,https://www.nhpcindia.com/welcome/tender,,Unknown,,,Yes,77 MW,,,2026-09-07,2026-09-07,,,,T-69784d2b1c73,
NHPC,Vibration analysis and dynamic balancing of hydro-generating units of Kishanganga Power Station (PKG-437).,Hydro,,,Unknown,2023_NHPC_766479_,Tender,,,,,,,,,,https://www.nhpcindia.com/welcome/tender,,Unknown,,,Yes,,,,2026-09-07,2026-09-07,,,,T-86e44d93912e,
NHPC,"Repair along with HP-HVOF coating of 20 nos. Damaged Guide Vanes (including To & Fro transportation) of 130 MW Francis Turbine, Parbati-III Power Station”.",Unclassified,130.0,,Unknown,NH/PPS-III/NIT/PR11923/62/1/149 Dated: 08/08/2023,NIT,,,,,,,,,,https://www.nhpcindia.com/welcome/tender,,Unknown,,,Yes,130 MW,,,2026-09-07,2026-09-07,,,,T-21f543ed4b3f,
NHPC,Annual Maintenance of 2 Nos. Hydro-generating Units (Pelton Turbine) of 3x110 MW Kishanganga Power Station (PKG-438).,Hydro,110.0,,Unknown,2023_NHPC_765899_1,Tender,,,,,,,,,,https://www.nhpcindia.com/welcome/tender,,Unknown,,,Yes,110 MW,,,2026-09-07,2026-09-07,,,,T-747beec50427,
NHPC,Carrying out Annual Maintenance and Repair of underwater parts of three Generating Units of 3X60 MW of BSPS,Unclassified,60.0,,Unknown,NH/BSPS/CC/PH/16/2023-24/127,Tender,,,,,,,,,,https://www.nhpcindia.com/welcome/tender,,Unknown,,,Yes,60 MW,,,2026-09-07,2026-09-07,,,,T-f9def2a40025,
NHPC,Installation of Underground Diesel Storage Tank at DAM Site of Kishanganga Power Station (PKG-435).,Unclassified,,,Unknown,2023_NHPC_763642_1,Tender,,,,,,,,,,https://www.nhpcindia.com/welcome/tender,,Unknown,,,Yes,,,,2026-09-07,2026-09-07,,,,T-11f39d74fbfc,
NHPC,"Re-babbitting of Thrust bearing pads, TGB, LGB & UGB pads (1 Set each) of Parbati-III Power Station",Unclassified,,,Unknown,NH/PPS-III/NIT/PR11923/67/1/126 Dated: 22/07/2023,NIT,,,,,,,,,,https://www.nhpcindia.com/welcome/tender,,Unknown,,,Yes,,,,2026-09-07,2026-09-07,,,,T-c47d9511e240,
NHPC,"Setting up of 200 MW Solar PV Power Project in 600 MW in Solar park (Stage-I) of Gujrat State Electricity Corporation Ltd (GSECL) at khavda, Gujrat",Solar,200.0,,Unknown,2023_NHPC_760763_1,Tender,,,,,,,,,,https://www.nhpcindia.com/welcome/tender,,Unknown,,,Yes,200 MW,,,2026-09-07,2026-09-07,,,,T-a25373038a30,
NHPC,"Supply, Erection, Testing & Commissioning of 02 Nos. TRCM for Subansiri Lower HE Project (2000 MW).",Unclassified,2000.0,,Unknown,NH/CC-IV/CO-260/PR11521/260,Tender,,,,,,,,,,https://www.nhpcindia.com/welcome/tender,,Unknown,,,Yes,2000 MW,,,2026-09-07,2026-09-07,,,,T-2d0c59de8bbe,
NHPC,Re-babbitting & Machining of 08 No.UGB (Upper Guide Bearing) Pad of Sewa-II Power Station (MW-579),Unclassified,,,Unknown,NH/Sewa-II/Contracts/MW-579/2023/NIT-06/59,NIT,,,,,,,,,,https://www.nhpcindia.com/welcome/tender,,Unknown,,,Yes,,,,2026-09-07,2026-09-07,,,,T-7c5627a15730,
NHPC,Repair of MIV Servomotor of Sewa-II Power Station (MW-582),Unclassified,,,Unknown,एनएच/सेवा-II/संविदा/MW-582/2023/एनआईटी-04/54 दिनांक 29 जून 2023,Tender,,,,,,,,,,https://www.nhpcindia.com/welcome/tender,,Unknown,,,Yes,,,,2026-09-07,2026-09-07,,,,T-251aa9b2b73b,
NHPC,Lot-5C Hydromechanical works Package for Pressure Shaft Steel Liners of Dibang Multipurpose Project,Unclassified,,,Unknown,2023_NHPC_734424_1,Tender,,,,,,,,,,https://www.nhpcindia.com/welcome/tender,,Unknown,,,Yes,,,,2026-09-07,2026-09-07,,,,T-630e7dd38182,
NHPC,"EPC Contract for Setting up of Pilot Project for Green Hydrogen based Mobility Station at Kargil, UT of Ladakh",Green Hydrogen / Derivatives,,Ladakh,Unknown,2023_NHPC_755417_1,Tender,,,,,,,,,,https://www.nhpcindia.com/welcome/tender,,Unknown,,,Yes,,,,2026-09-07,2026-09-07,,,,T-788aac866ad3,
NHPC,Routine Maintenance of Hydro Mechanical Equipments of Uri-II Power Station,Hydro,,,Unknown,GEM/2023/B/3466410,Tender,,,,,,,,,,https://www.nhpcindia.com/welcome/tender,,Unknown,,,Yes,,,,2026-09-07,2026-09-07,,,,T-bf33ac70ccbe,
NHPC,"Supply, erection, testing and commissioning of 11 kV overhead line with Aerial bunched cables from Y-Junction to Dam Intake of NHPC Subansiri Lower Hydroelectric Project, Dollungmukh, Arunachal Pradesh.",Hydro,,Arunachal Pradesh,Unknown,NH/SLP/CONT/2023/C-15/NIT/529,NIT,,,,,,,,,,https://www.nhpcindia.com/welcome/tender,,Unknown,,,Yes,,,,2026-09-07,2026-09-07,,,,T-2bb9d82a07a1,
NHPC,"Engineering Procurement and Construction (EPC) contract for development of 50 MW Floating Solar Power Project and associated transmission system for Grid Connectivity along with Comprehensive O&M for 05 (Five) years at West Kallada, District-Kollam, in the state of Kerala",Floating Solar,50.0,Kerala,Unknown,2023_NHPC_748125_1,Tender,,,,,,,,,,https://www.nhpcindia.com/welcome/tender,,Unknown,,,Yes,50 MW,,,2026-09-07,2026-09-07,,,,T-da0c48762f5a,
NHPC,"EPC Contract for development of 300 MW Capacity Floating Solar Power Project and associated 220 KV transmission line for connectivity at 400 KV Grid substation alongwith Comprehensive O and M for 05 years at Rengali Reservoir Angul, Odisha",Transmission / Evacuation,300.0,Odisha,Unknown,2023_NHPC_747374_1,Tender,,,,,,,,,,https://www.nhpcindia.com/welcome/tender,,Unknown,,,Yes,300 MW,,,2026-09-07,2026-09-07,,,,T-ea5c9a00d4b6,
NHPC,"Providing Insurance Cover during O&M period for 50MW Wind Power Project at Jaisalmer, Rajasthan for one year w.e.f. 19.06.23 to 18.06.24",Wind,50.0,Rajasthan,Unknown,GEM/2023/B/3335527,Tender,,,,,,,,,,https://www.nhpcindia.com/welcome/tender,,Unknown,,,Yes,50 MW,,,2026-09-07,2026-09-07,,,,T-f05677fb19a4,
NHPC,"Re-construction of 11/0.415 KV Electrical Sub-station along with HT line, HT & LT Panels, and other associated works, at Dikchu Dam site of Teesta-V Power Station NHPC Ltd, damaged due to land slide",Unclassified,,,Unknown,NH/TSV/Cont/EC-129/NIT-795,NIT,,,,,,,,,,https://www.nhpcindia.com/welcome/tender,,Unknown,,,Yes,,,,2026-09-07,2026-09-07,,,,T-37e243934523,
NHPC,"Turnkey execution of 1856 MW Sawalkot Hydro Electric Project located at Ramban /Udhampur district in the Union Territory of Jammu & Kashmir, India",Hydro,1856.0,,Unknown,2022_NHPC_675668_1,Tender,,,,,,,,,,https://www.nhpcindia.com/welcome/tender,,Unknown,,,Yes,1856 MW,,,2026-09-07,2026-09-07,,,,T-bc377c5950fe,
NHPC,Lot-5C Hydromechanical works Package for Pressure Shaft Steel Liners of Dibang Multipurpose Project,Unclassified,,,Unknown,Test11111,Tender,,,,,,,,,,https://www.nhpcindia.com/welcome/tender,,Unknown,,,Yes,,,,2026-09-07,2026-09-07,,,,T-0accb6815d77,
NHPC,Purchase of Brazing items for Hydro Generator of Salal Power Station,Hydro,,,Delisted,GEM/2026/B/7932599,Tender,,,,,,,,,,https://www.nhpcindia.com/welcome/tender,,Bidding Open,,,Yes,,,,,,,,,6d051a53ce87,
NHPC,Repair and HP-HVOF Coating of 01 No Runner of 77 MW Francis Hydro-turbine (Unit#3) of Chamera-III Power Station during FY 2026-27”(Comp. No.:169791),Hydro,77.0,,Delisted,2026_NHPC_923384_1,Tender,,,,,,,,,,https://www.nhpcindia.com/welcome/tender,,Bidding Open,,,Yes,77 MW,,,,,,,,f611f7f62384,
NHPC,Purchase of hydro-mechanical maintenance tools and consumables for the maintenance of hydro-mechanical equipment at the Sewa-II Dam,Hydro,,,Delisted,GEM/2026/B/7908444 Dated: 25-08-2026,Tender,,,,,,,,,,https://www.nhpcindia.com/welcome/tender,,Bidding Open,,,Yes,,,,,,,,,193203cc5990,
NHPC,"Design, Engineering, Installation and commissioning of 04 Nos servo Valve based Digital Governing system and dismantling of existing governing system in all the four units of 520 MW Parbati-III Power station",Unclassified,520.0,,Delisted,GEM/2026/B/7904859,Tender,,,,,,,,,,https://www.nhpcindia.com/welcome/tender,,Bidding Open,,,Yes,520 MW,,,,,,,,1e0b70c2031a,
NHPC,Hydro-mechanical Works for All Gates and Pressure Shaft Liners for the implementation of the 240 MW Uri-I Stage-II H.E Project,Hydro,240.0,,Delisted,NH/CCW/CC-IV /CO-480/PR16526/8,Tender,,,,,,,,,,https://www.nhpcindia.com/welcome/tender,,Bidding Open,,,Yes,240 MW,,,,,,,,44f5e9192cf9,
NHPC,Protective Epoxy coating on Power House Equipments at Sewa-II Power Station (MW-746),Unclassified,,,Delisted,GEM/2026/B/7910556 Dated: 17-08-2026,Tender,,,,,,,,,,https://www.nhpcindia.com/welcome/tender,,Bidding Open,,,Yes,,,,,,,,,d28c3e3a5bfc,
NHPC,Annual Maintenance of 02 No. Unit of Sewa-II Power House (3X40MW) for the period of 02 year (i.e. 2026-27 & 2027-28) and Replacement of 01 Nos. maintenance seal of MIV of Unit#2 & Runner/Mirror Disc of Thrust Guide bearing of Unit#1. (MW-745),Unclassified,40.0,,Delisted,GEM/2026/B/7882673 Dated: 17-08-2026,Tender,,,,,,,,,,https://www.nhpcindia.com/welcome/tender,,Bidding Open,,,Yes,40 MW,,,,,,,,24c25afeb40f,
NHPC,Repair (re-babbitting) of old & used various types of bearing pads of the hydro-generator at Salal Power Station.,Hydro,,,Delisted,GEM/2026/B/7865369,Tender,,,,,,,,,,https://www.nhpcindia.com/welcome/tender,,Bidding Open,,,Yes,,,,,,,,,c3bee3be2c72,
NHPC,Purchase of various types of fasteners required for the repair and maintenance activities of all hydro-mechanical gates at hydro-mechanical unit of Salal Power Station,Hydro,,,Delisted,GEM/2026/B/7800108,Tender,,,,,,,,,,https://www.nhpcindia.com/welcome/tender,,Bidding Open,,,Yes,,,,,,,,,c6d0292c2833,
NHPC,"Hiring of services for operation & maintenance of Kishanganga Dam Toe Power House (3x0.8 MW), KGPS, Gurez, Bandipora, J & K for 02 (two) years (PKG- 602)",Unclassified,0.8,,Delisted,GEM/2026/B/7750183,Tender,,,,,,,,,,https://www.nhpcindia.com/welcome/tender,,Bidding Open,,,Yes,0.8 MW,,,,,,,,3ad5eef9a32c,
NHPC,"Repairing & Re-babbitting of Damaged TGB shell of Generating unit of Kishanganga Power Station, Bandipora (J&K) (PKG-604)",Unclassified,,Jammu and Kashmir,Delisted,GEM/2026/B/7803573,Tender,,,,,,,,,,https://www.nhpcindia.com/welcome/tender,,Bidding Open,,,Yes,,,,,,,,,fe4fed7661ba,
NHPC,Re-Babbitting on 03 nos Turbine Guide Bearing shells of Dhauliganga power station,Unclassified,,,Delisted,NH/DG/Contract/1095/2026-27/24,Tender,,,,,,,,,,https://www.nhpcindia.com/welcome/tender,,Bidding Open,,,Yes,,,,,,,,,d0d01af646c3,
NHPC,"Annual Maintenance of Two Nos. Hydro-generating units (Pelton Turbine) along with Runner replacement in Unit#3 and MIV Service Seal replacement of Unit#1 of 3X110 MW Kishanganga Power Station, J & K (Pkg.-600).",Hydro,110.0,,Delisted,GEM/2026/B/7730619,Tender,,,,,,,,,,https://www.nhpcindia.com/welcome/tender,,Bidding Open,,,Yes,110 MW,,,,,,,,b815277f2060,
NHPC,Annual Maintenance Contract (AMC) for Comprehensive Operation &amp;amp; Maintenance (O&amp;amp;M) of 50 KWp Small Solar Power Plant at Uri Power Station for 2 Years,Solar,0.05,,Delisted,GEM/2026/B/7735067 Dated: 19-07-2026,Tender,,,,,,,,,,https://www.nhpcindia.com/welcome/tender,,Bidding Open,,,Yes,50 KWp,,,,,,,,a3980d26ca39,
NHPC,Purchase of Self Lubricating Bushes for Guide Vanes of 4X130 MW Parbati-III PS,Unclassified,130.0,,Delisted,GEM/2026/B/7670716,Tender,,,,,,,,,,https://www.nhpcindia.com/welcome/tender,,Bidding Open,,,Yes,130 MW,,,,,,,,053ce3bb40e5,
NHPC,Construction of a new retaining wall in place of the damaged retaining wall on the road from the hydrogen plant to the Surge Shaft (Comp. No.:163077),Unclassified,,,Delisted,2026_NHPC_911785_1,Tender,,,,,,,,,,https://www.nhpcindia.com/welcome/tender,,Bidding Open,,,Yes,,,,,,,,,497f86187bac,
NHPC,"Supply of Wall Clocks (Battery Operated) (V2) Conforming to IS 12510 (Q4) , HDPE Buckets (V2) Conforming to IS 3730 (Q4) and Waste Containers (V3) (Q4)",Unclassified,,,Delisted,GEM/2026/B/7685008,Tender,,,,,,,,,,https://www.nhpcindia.com/welcome/tender,,Bidding Open,,,Yes,,,,,,,,,4d39abbd9792,
NHPC,"Design, Engineering, Procurement and Construction of Power house and Associated Works for 640 MW (8×80 MW) ISP–OSP Pumped Storage Project (Package -I Civil Works)",Pumped Storage,640.0,,Delisted,2026_NHPC_915349_1,Tender,,,,,,,,,,https://www.nhpcindia.com/welcome/tender,,Bidding Open,,,Yes,640 MW,,,,,,,,c7ba9b5606f1,
NHPC,Annual Maintenance of 03 (Three) Nos. of Generating Units of (3X15 MW) Nimoo Bazgo Power Station,Unclassified,15.0,,Delisted,NBPS/CnP/2026-27/W-40/267,Tender,,,,,,,,,,https://www.nhpcindia.com/welcome/tender,,Bidding Open,,,Yes,15 MW,,,,,,,,f0a0cb55f110,
NHPC,Repair of Damaged Runners of 20MW Francis Hydro Turbine of Rangit Power Station,Hydro,20.0,,Delisted,NH-RPS-PH012(12)/3/2026-PH/53,Tender,,,,,,,,,,https://www.nhpcindia.com/welcome/tender,,Bidding Open,,,Yes,20 MW,,,,,,,,2dac828dcb42,
NHPC,Purchase of HSLS (Hydrostatic Lubrication System along with required Spares for Power House of Sewa-II Power Station,Unclassified,,,Delisted,"GEM/2026/B/7725040, Dated: 07-07-2026",Tender,,,,,,,,,,https://www.nhpcindia.com/welcome/tender,,Bidding Open,,,Yes,,,,,,,,,be9cfe346916,
NHPC,Annual Maintenance of 3X20 MW Hydro-generating Units of Rangit Power Station for the year 2026-27 as defined at Special Technical Requirement,Hydro,20.0,,Delisted,NH-RPS-PH012(13)/4/2026-PH/52,Tender,,,,,,,,,,https://www.nhpcindia.com/welcome/tender,,Bidding Open,,,Yes,20 MW,,,,,,,,e2f1736e00dc,
NHPC,"ANNUAL MAINTENANCE CONTRACT (AMC) FOR CLEANING OF OVERHEAD RCC WATER STORAGE TANK &amp;amp; PVC/RCC TANKS SITUATED AT VARIOUS LOCATIONS AT TANAKPUR POWER STATION, BANBASA",Unclassified,,,Delisted,2026_NHPC_916392_1,Tender,,,,,,,,,,https://www.nhpcindia.com/welcome/tender,,Bidding Open,,,Yes,,,,,,,,,2d5d342be29c,
NHPC,Repairing and HP-HVOF coating of 01 Nos. Francis Runner of 4*130 MW Parbati-III Power Station,Unclassified,130.0,,Delisted,NH/PPS-III/NIT/PR11926/53/1/104 Dated: 03.07.2026,NIT,,,,,,,,,,https://www.nhpcindia.com/welcome/tender,,Bidding Open,,,Yes,130 MW,,,,,,,,8fdc865e007c,
NHPC,Purchase of 2KW Hybrid Solar Inverter System &#40;with Lithium Battery&#41;,Solar + Storage,0.002,,Delisted,GEM/2026/B/7691428,Tender,,,,,,,,,,https://www.nhpcindia.com/welcome/tender,,Bidding Open,,,Yes,2 KW,,,,,,,,3d90e2bb7ce6,
NHPC,Repair of 40 Nos of wicket gates (02 set )of 77 MW Francis Hydro turbine of Chamera-III Power Station (Comp. No.167311),Hydro,77.0,,Delisted,2026_NHPC_914911_1,Tender,,,,,,,,,,https://www.nhpcindia.com/welcome/tender,,Bidding Open,,,Yes,77 MW,,,,,,,,2e51d8b9702b,
NHPC,"Fencing work around the office-cum-residential complex, construction of a gabion structure behind Prefab Block-1, construction of R.R. masonry boundary wall, and plinth protection work around Prefab Block-1 for the Sawalkote Hydroelectric Project",Hydro,,,Delisted,2026_NHPC_914891_1,Tender,,,,,,,,,,https://www.nhpcindia.com/welcome/tender,,Bidding Open,,,Yes,,,,,,,,,e9898c87b50e,
NHPC,Repair along with HP-HVOF coating of 02 set Damaged Guide Vanes of 130 MW Francis Turbine at Parbati-III Power Station,Unclassified,130.0,,Delisted,NH/PPS-III/NIT/PR11926/31/1/96 Dated 25.06.2026,NIT,,,,,,,,,,https://www.nhpcindia.com/welcome/tender,,Bidding Open,,,Yes,130 MW,,,,,,,,de9d8fcf919d,
NHPC,"Construction of Community hall in Village Dera Banda Bahadur near Kundrah, Reasi including Solar Street Lights.",Solar,,,Delisted,NH/SPS/PnC/NIT-218/2026-27/192-201 (CPPP Tender ID : 2026_NHPC_914357_1 ),NIT,,,,,,,,,,https://www.nhpcindia.com/welcome/tender,,Bidding Open,,,Yes,,,,,,,,,ae6b2b17ae3e,
NHPC,"Development of Transmission Line (400kV) 80kM approx. as per General Technical Specifications for evacuation of Power generated from 1200 MW Solar Power park in District Jalaun, Uttar Pradesh”",Transmission / Evacuation,1200.0,Uttar Pradesh,Delisted,2026_NHPC_913847_1,Tender,,,,,,,,,,https://www.nhpcindia.com/welcome/tender,,Bidding Open,,,Yes,1200 MW,,,,,,,,5be10cfa72c0,
NHPC,"Repair of one number Runner (RN#3) of 3X15 MW Nimoo Bazgo Power Station, Alchi, Distt. Sham, Ladakh",Unclassified,15.0,Ladakh,Delisted,NBPS/CnP/2026-27/W-38/265,Tender,,,,,,,,,,https://www.nhpcindia.com/welcome/tender,,Bidding Open,,,Yes,15 MW,,,,,,,,a213f2199fcb,
NHPC,"Providing Assistance for various types of Hydro-Meteorological data observation, recording and compilation of data of different station of Teesta and Tolungchu river for Teesta –IV H E Project",Hydro,,,Delisted,NH/TSV/Cont/RM-219/NIT-1080/2026-27/86 Dated:19/06/2026 and GEM bid no. GEM/2026/B/7685725,NIT,,,,,,,,,,https://www.nhpcindia.com/welcome/tender,,Bidding Open,,,Yes,,,,,,,,,4ca4a3e23a6d,
NHPC,"Electrical Infrastructure Works for evacuation of Power generated from 1200 MW Solar Power park in District Jalaun, Uttar Pradesh” (03 Nos. Pooling Substation (33/400 KV)",Transmission / Evacuation,1200.0,Uttar Pradesh,Delisted,NH/Conts(EnM)-II/CO-208/BSUL/PR/JSP/2026-27,Tender,,,,,,,,,,https://www.nhpcindia.com/welcome/tender,,Bidding Open,,,Yes,1200 MW,,,,,,,,6b90ca42a78e,
NHPC,Repair and Re-babbiting of TGB Shell dismantled from Unit#3 and Unit#1 of Chamera Power house-1.,Unclassified,,,Delisted,NH/CPS-1/PnC/W-1615/2026-27/33 Dated: 15/06/2026,Tender,,,,,,,,,,https://www.nhpcindia.com/welcome/tender,,Bidding Open,,,Yes,,,,,,,,,c28c9069dedd,
NHPC,Repair and HP-HVOF coating of 02 sets (40 Nos.) of Guide Vanes (Wicket Gates) of 70 MW Francis Turbine of Dhauliganga Power Station for FY 2026-27.,Unclassified,70.0,,Delisted,NH/DG/Contract/1092/2026-27/17,Tender,,,,,,,,,,https://www.nhpcindia.com/welcome/tender,,Bidding Open,,,Yes,70 MW,,,,,,,,fd8ccfbdb469,
NHPC,"Chain Link Fencing, Repair of Steps/Approach Path, Providing Temporary Roof Shed, Steel Railing & Other Miscellaneous Repair Works at Main Water Storage/Treatment/Supply Tank Site of Rangit Power Station",Unclassified,,,Delisted,NH-RPS-CTS011(12)/4/2025-CIVIL TS/39,Tender,,,,,,,,,,https://www.nhpcindia.com/welcome/tender,,Bidding Open,,,Yes,,,,,,,,,b4bc296e1297,
NHPC,Repair & HP-HVOF coating work of 01 no. Top Cover & 01 no. Lower Ring of 115 MW Hydro Generating Unit of Salal Power Station.,Hydro,115.0,,Delisted,NH/SPS/P&C/NIT-217/2026-27/150-159,NIT,,,,,,,,,,https://www.nhpcindia.com/welcome/tender,,Bidding Open,,,Yes,115 MW,,,,,,,,55e781fc76dd,
NHPC,"Procurement of UT Pumps (now Hydro Prokav) Triple Screw High Pressure Pump spares for MIV & Governor P.P. set at Sewa-II Power Station, NHPC Ltd., Mashka (J&K).",Hydro,,Jammu and Kashmir,Delisted,GEM/2026/B/7603272 Dated: 05-06-2026,Tender,,,,,,,,,,https://www.nhpcindia.com/welcome/tender,,Bidding Open,,,Yes,,,,,,,,,fb049df7b445,
NHPC,Construction of a new retaining wall in place of the damaged retaining wall on the road from the hydrogen plant to the Surge Shaft (Comp. No.:162958),Unclassified,,,Delisted,2026_NHPC_911423_1,Tender,,,,,,,,,,https://www.nhpcindia.com/welcome/tender,,Bidding Open,,,Yes,,,,,,,,,023ad8daffc8,
NHPC,"Lot-2a: Electro-mechanical works package (Except GSU Transformer, GIS, XLPE Cable and Switchyard Equipment) of 260 MW (2X130MW) Dulhasti Stage-II H.E Project, Kishtwar District of UT of J and K, India",Unclassified,260.0,,Delisted,2026_NHPC_905459_1,Tender,,,,,,,,,,https://www.nhpcindia.com/welcome/tender,,Bidding Open,,,Yes,260 MW,,,,,,,,4bd06ff87210,
NHPC,"Observation of Hydro-meteorological data and Silt analysis work at TLD-IV PS, Kalijhora (FY-2026-27)",Hydro,,,Delisted,GEM/2026/B/7570469 Dated: 27-05-2026,Tender,,,,,,,,,,https://www.nhpcindia.com/welcome/tender,,Bidding Open,,,Yes,,,,,,,,,b827f77bf032,
NHPC,"R&M of Electrical System, Equipment;s, Installations and Auxiliaries at (3X40 MW) Sewa-II Power house, Mashka, Distt. Kathua, UT of J&K.",Unclassified,40.0,Jammu and Kashmir,Delisted,GEM/2026/B/7549248 Dated: 25-05-2026,Tender,,,,,,,,,,https://www.nhpcindia.com/welcome/tender,,Bidding Open,,,Yes,40 MW,,,,,,,,d8e66f16c11d,
NHPC,"Providing support for Operation & Maintenance (O&M) of Power Plant Equipments,",Unclassified,,,Delisted,GEM/2026/B/7550283 Dated: 25-05-2026,Tender,,,,,,,,,,https://www.nhpcindia.com/welcome/tender,,Bidding Open,,,Yes,,,,,,,,,3496690e6931,
NHPC,Construction of a new retaining wall in place of the damaged retaining wall on the road from the hydrogen plant to the Surge Shaft (Computer No: 162416) for further details visit- https://eprocure.gov.in/eprocure/app,Unclassified,,,Delisted,2026_NHPC_910001_1,Tender,,,,,,,,,,https://www.nhpcindia.com/welcome/tender,,Bidding Open,,,Yes,,,,,,,,,c7316c100e09,
NHPC,Re-babbitting of Thrust bearings pads of Parbati-III Power Station,Unclassified,,,Delisted,"NH/PPS-III/NIT/PR11925/122/1/49, Dated: 21.05.2026",NIT,,,,,,,,,,https://www.nhpcindia.com/welcome/tender,,Bidding Open,,,Yes,,,,,,,,,4af62aa82b36,
NHPC,"Cleaning and Disinfection of Storage Water Tanks for Water Supply and Distribution System of Township at BSPS, Surangani for a period of Two Years (2026-2028)",Unclassified,,,Delisted,NH/BSPS/CC/CW/01/2026-27/66,Tender,,,,,,,,,,https://www.nhpcindia.com/welcome/tender,,Bidding Open,,,Yes,,,,,,,,,0b9f38b2da42,
NHPC,"For services of Emergency Flood warning system (i.e. Installing and Commissioning, cloud storage, Bulk SMS service and integration of siren with API located at various location of Tanakpur Power Station",Unclassified,,,Delisted,2026_NHPC_908986_1,Tender,,,,,,,,,,https://www.nhpcindia.com/welcome/tender,,Bidding Open,,,Yes,,,,,,,,,b874db3823c0,
NHPC,Repair and HP HVOF Coating of 01 No Runner of 77 MW Francis Hydro turbine of Chamera III Power Station during FY 2026 27 (Comp No 166480),Hydro,77.0,,Delisted,2026_NHPC_908479_1,Tender,,,,,,,,,,https://www.nhpcindia.com/welcome/tender,,Bidding Open,,,Yes,77 MW,,,,,,,,03af2cacb60d,
NHPC,"Purchase of New Batteries and buyback of old and used batteries for Chamera-III PS, 220V DC Battery Bank.",Unclassified,,,Delisted,GEM/2026/B/7485455,Tender,,,,,,,,,,https://www.nhpcindia.com/welcome/tender,,Bidding Open,,,Yes,,,,,,,,,9aa3e745317a,
NHPC,Regarding Re-wiring of dam and power house drainage gallery Illumination system at TLDP-IV Power Station,Unclassified,,,Delisted,NH/TLD-IV PS/P&C/W-949/2026/2238 Date:09/05/2026,Tender,,,,,,,,,,https://www.nhpcindia.com/welcome/tender,,Bidding Open,,,Yes,,,,,,,,,134b884704ae,
NHPC,Hydrographic survey of Salal Dam reservoir at Dhyangarh for the year 2026,Unclassified,,,Delisted,No NH/SPS/PnC/NIT-118/26-27/71-80 (CPPP Tender ID 2026_NHPC_907690_1 ),NIT,,,,,,,,,,https://www.nhpcindia.com/welcome/tender,,Bidding Open,,,Yes,,,,,,,,,cb26ae0e3b7c,
NHPC,Routine Maintenance of 4X60MW Hydro-Generating Equipment&#039;s and Auxiliaries of Uri-II Power Station,Hydro,60.0,,Delisted,GEM/2026/B/7490737,Tender,,,,,,,,,,https://www.nhpcindia.com/welcome/tender,,Bidding Open,,,Yes,60 MW,,,,,,,,406721da27e7,
NHPC,"Repair and Maintenance of Store room, Door and windows, Leakage of washroom and construction of Cable trench at Dam Site of Kishanganga Power Station, Gurez, Bandipora, J and K (PKG-589).",Unclassified,,,Delisted,2026_NHPC_906608_1,Tender,,,,,,,,,,https://www.nhpcindia.com/welcome/tender,,Bidding Open,,,Yes,,,,,,,,,5629beb06b7b,
NHPC,"Replacement of Rotating Labyrinths, any repairs required there off and HP-HVOF Coating of 1 no. Francis Runner of 60 MW Hydro-Generator of Uri-II Power station for FY 2026-27",Hydro,60.0,,Delisted,2026_NHPC_ 906062_1,Tender,,,,,,,,,,https://www.nhpcindia.com/welcome/tender,,Bidding Open,,,Yes,60 MW,,,,,,,,311c2f801612,
NHPC,"External Putty, Painting and Providing/Fixing Window and Door etc. in the New GIS Building at Teesta-V Power Station",Unclassified,,,Delisted,": NH/TSV/Cont/CC-372/NIT-1077/2026-27/22 Dated : Dated: 20/04/2026, Tender ID:2026_NHPC_905916_1",NIT,,,,,,,,,,https://www.nhpcindia.com/welcome/tender,,Bidding Open,,,Yes,,,,,,,,,d4321837bf10,
NHPC,Annual/Capital Maintenance of 4 X 60MW Hydro-Generating Units of Uri-II Power Station as per scope of work for period of two successive maintenance year i.e. 2026-27 and 2027-28.,Hydro,60.0,,Delisted,GEM/2026/B/7435705,Tender,,,,,,,,,,https://www.nhpcindia.com/welcome/tender,,Bidding Open,,,Yes,60 MW,,,,,,,,6ea020176a6b,
NHPC,"Repair & maintenance of water storage tank roof cover & tiling in water tank of Upper Samleu, CPS-1",Unclassified,,,Delisted,NH/CPS-1/P&C/W-1618/2026-27/09 Dated: 18/04/2026,Tender,,,,,,,,,,https://www.nhpcindia.com/welcome/tender,,Bidding Open,,,Yes,,,,,,,,,6d4d3da0b5b9,
NHPC,Regarding Re-wiring of dam and power house drainage gallery Illumination system at TLDP-IV Power Station,Unclassified,,,Delisted,NH/TLD-IV PS/P&C/W-949/2026/2216 Dated: 15/04/2026,Tender,,,,,,,,,,https://www.nhpcindia.com/welcome/tender,,Bidding Open,,,Yes,,,,,,,,,464d1ef90738,
NHPC,"Hiring of Expert from OEM M/s GE VERNOVA HYDRO POWER INDIA PVT LTD for Year 2026 on requirement basis at Power House, Uri-II Power Station",Hydro,,,Delisted,GEM/2026/B/7396643,Tender,,,,,,,,,,https://www.nhpcindia.com/welcome/tender,,Bidding Open,,,Yes,,,,,,,,,ed36dcb1516d,
NHPC,Repair and HP-HVOF Coating of 03 No. Runners of 70 MW Francis Hydro Turbine of Dhauliganga Power Station (2026-27),Hydro,70.0,,Delisted,NH/DG/CONTRACT/1090/2025-26/05,Tender,,,,,,,,,,https://www.nhpcindia.com/welcome/tender,,Bidding Open,,,Yes,70 MW,,,,,,,,c6434dc1f956,
NHPC,"Providing Insurance Cover during O&amp;amp;amp;amp;amp;amp;amp;amp;amp;amp;M period for 50MW Wind Power Project at Jaisalmer, Rajasthan for one year w.e.f. 19.06.26 to 18.06.27",Wind,50.0,Rajasthan,Delisted,NH/CCW/CC-II/CO-457/PR60825/2,Tender,,,,,,,,,,https://www.nhpcindia.com/welcome/tender,,Bidding Open,,,Yes,50 MW,,,,,,,,22c976a3ef5c,
NHPC,"Hiring of 01 No Air-Conditioned Diesel Vehicle- MUV/SUV - 1500cc Turbocharged or equivalent (2024 or later Model) along with driver without Fuel for 03 years on regular monthly contract basis on 24 x 7 for deployment at Solar Power Projects, Bhuj.",Solar,,,Delisted,GEM/2026/B/7389944 Dated 07.04.2026,Tender,,,,,,,,,,https://www.nhpcindia.com/welcome/tender,,Bidding Open,,,Yes,,,,,,,,,d4520446a593,
NHPC,Annual Maintenance Contract (AMC) for Comprehensive Operation & Maintenance (O&M) of 85KWp Rooftop Solar Power Plant at Sewa-II Power Station for 5 Years,Rooftop Solar,0.085,,Delisted,GEM/2026/B/7400188 Dated: 03-04-2026,Tender,,,,,,,,,,https://www.nhpcindia.com/welcome/tender,,Bidding Open,,,Yes,85 KWp,,,,,,,,08fd3406809c,
NHPC,"Reaming, Re-drilling and Restoration of Non-Functional Pressure Relief / Drainage Holes of Foundation Gallery and Side Slope Galleries of Chamera–I Dam.",Unclassified,,,Delisted,NH/CPS-1/P&C/W-1616/2026-27/02 Dated:02/04/2026,Tender,,,,,,,,,,https://www.nhpcindia.com/welcome/tender,,Bidding Open,,,Yes,,,,,,,,,77b184a5da7b,
NHPC,Repair and Re-babbiting of TGB Shell dismantled from Unit#3 and Unit#1 of Chamera Power house-1.,Unclassified,,,Delisted,NH/CPS-1/P&C/W-1615/2026-27/01 Dated: 01/04/2026,Tender,,,,,,,,,,https://www.nhpcindia.com/welcome/tender,,Bidding Open,,,Yes,,,,,,,,,a382821e0f40,
NHPC,Selection of Roof Top Developer for Setting up Grid Connected Solar Roof Top Plants at Various locations on government buildings through HAREDA in the state of Haryana on RESCO Mode through Tariff-Based Competitive Bidding,Rooftop Solar,,Haryana,Delisted,2026_NHPC_903395_1,Tender,,,,,,,,,,https://www.nhpcindia.com/welcome/tender,,Bidding Open,,,Yes,,,,,,,,,fee8cbb8ef71,
NHPC,"Selection of developers for installing rooftop solar plants on buildings of various departments (Law and Parliamentary Affairs, Jal Shakti, Irrigation and Flood Control, Forest, Ecology and Environment, and Home in UT of JNK through JAKEDA in RESCO mode, via tariff-based competitive bidding- PM Surya Ghar Muft Bijli -Yojana PMSG –MBY",Rooftop Solar,,,Delisted,2026_NHPC_901836_1,Tender,,,,,,,,,,https://www.nhpcindia.com/welcome/tender,,Bidding Open,,,Yes,,,,,,,,,33216a87eb26,
NHPC,"Insurance Policy for Industrial All Risk (IAR) with Terrorism and war plus TPL Policy on Replacement/ Reinstatement basis, for the period 01.04.2026 to 31.03.207 for 50 MW Tamilnadu, 300 MW Bikaner, 200 MW Khavda-I, 200 MW Khavda-III, 100 MW NP Kunta, 40 MW Ganjam Solar Projects/ Power Stations",Solar,50.0,,Delisted,NH/CCW/CC-II/CO-450/PR10025/369,Tender,,,,,,,,,,https://www.nhpcindia.com/welcome/tender,,Bidding Open,,,Yes,50 MW,,,,,,,,37e151471583,
NHPC,Implementation of Rooftop Solar Projects on Government Buildings of allocated Central Ministries in RESCO Mode on Tariff-Based Competitive Bidding under PM Surya Ghar Muft Bijli Yojana (PMSG-MBY),Rooftop Solar,,,Delisted,2026_NHPC_898454_1,Tender,,,,,,,,,,https://www.nhpcindia.com/welcome/tender,,Bidding Open,,,Yes,,,,,,,,,31999113c4ad,
NHPC,"Procurement of High Resolution Satellite Data and Change Detection Studies for Subansiri Upper H.E. Project, 1605 MW NHPC Limited",Unclassified,1605.0,,Delisted,GEM/2026/B/7169073,Tender,,,,,,,,,,https://www.nhpcindia.com/welcome/tender,,Bidding Open,,,Yes,1605 MW,,,,,,,,eb3f2ff526eb,
NHPC,Repair of eroded guide vanes of 100 MW Francis Hydro-turbine at Mechanical workshop Chamera-II Power Station (2025-26),Hydro,100.0,,Delisted,NH/CPS-II /Cont./E-146705 /2025-26/19 Date:16.02.2026,Tender,,,,,,,,,,https://www.nhpcindia.com/welcome/tender,,Bidding Open,,,Yes,100 MW,,,,,,,,afc2f4edfaf6,
NHPC,Repair & Maintenance of GSU Transformer of 3 X 20 MW Rangit Power Station,Unclassified,20.0,,Delisted,NH-RPS-PH012(12)/1/2026-PH/213,Tender,,,,,,,,,,https://www.nhpcindia.com/welcome/tender,,Bidding Open,,,Yes,20 MW,,,,,,,,9b342c38e186,
NHPC,"Hiring of R&M Services from PAFs/ Locals for Running & Maintenance of Office cum Field Hostel of 50MW Wind Power project, Jaisalmer of NHPC Ltd",Wind,50.0,,Delisted,GEM/2026/B/7135819,Tender,,,,,,,,,,https://www.nhpcindia.com/welcome/tender,,Bidding Open,,,Yes,50 MW,,,,,,,,50979efc1175,
NHPC,"Cleaning of old water storage tank, providing and placing of new water tanks &amp;amp; water proofing of the mummty roof area at various locations at Nigalpani, DGPS",Unclassified,,,Delisted,NH/DG/CONTRACT/1076/2025-26/82,Tender,,,,,,,,,,https://www.nhpcindia.com/welcome/tender,,Bidding Open,,,Yes,,,,,,,,,906cd27697be,
NHPC,Purchase of Battery Discharge Kit for 220V DC Battery Banks of TLD–III Power Station,Unclassified,,,Delisted,GEM/2026/B/7139407,Tender,,,,,,,,,,https://www.nhpcindia.com/welcome/tender,,Bidding Open,,,Yes,,,,,,,,,fe97359f50d0,
NHPC,Repair along with HP-HVOF coating of 01 set Damaged Guide Vanes of 130 MW Francis Turbine at Parbati-III Power Station,Unclassified,130.0,,Delisted,NH/PPS-III/NIT/PR11925/234/1/220 Dated: 17.01.2026,NIT,,,,,,,,,,https://www.nhpcindia.com/welcome/tender,,Bidding Open,,,Yes,130 MW,,,,,,,,b70d139a7fdb,
NHPC,Deputation of Service Engineer from M/s GE Vernova T&amp;amp;D India Ltd. for Inspection &amp;amp; Clearance during Re-commissioning and Post-Termination Inspection of 400 kV XLPE Cable at Transformer End – Teesta-V Power Station,Unclassified,,,Delisted,GEM/2026/B/7113097 and NH/TSV/Cont/EC-173/NIT-1062/2025-26/375 Dated: 15/01/2026,NIT,,,,,,,,,,https://www.nhpcindia.com/welcome/tender,,Bidding Open,,,Yes,,,,,,,,,721e950e0465,
NHPC,Development of Power Evacuation Infrastructure for 1200MW Jalaun Solar Park,Transmission / Evacuation,1200.0,,Delisted,2026_NHPC_894115_1,Tender,,,,,,,,,,https://www.nhpcindia.com/welcome/tender,,Bidding Open,,,Yes,1200 MW,,,,,,,,cbca2cca5074,
NHPC,Hiring of Environmental Consultant for carrying out EIA/EMP studies in respect of Pumped Storage Project Masinta 1000 MW(Odisha),Pumped Storage,1000.0,Odisha,Delisted,GEM/2025/B/7031760,Tender,,,,,,,,,,https://www.nhpcindia.com/welcome/tender,,Bidding Open,,,Yes,1000 MW,,,,,,,,179d9dc57eba,
NHPC,"Proposal for Supply, Installation, Testing, and Commissioning of Solar Powered Sirens with Voice Message Capability at Salal Power Station",Solar,,,Delisted,GEM/2025/B/7056727,Tender,,,,,,,,,,https://www.nhpcindia.com/welcome/tender,,Bidding Open,,,Yes,,,,,,,,,85f364d0e532,
NHPC,Development of Micro Hydro Power Project (2X82KW) utilizing mandatory environmental- flow at exit location of Dam site of Parbati-III through the most economical PAT (Pump As Turbine) technology.,Hydro,0.082,,Delisted,2025_NHPC_891839,Tender,,,,,,,,,,https://www.nhpcindia.com/welcome/tender,,Bidding Open,,,Yes,82 KW,,,,,,,,8a13f364c9b7,
NHPC,"Repairing and Re-insulation of faulty Rotor Poles at site of Kishanganga Power Station, Bandipora, J &amp;amp; K (PKG-568).",Unclassified,,,Delisted,GEM/2025/B/7028399,Tender,,,,,,,,,,https://www.nhpcindia.com/welcome/tender,,Bidding Open,,,Yes,,,,,,,,,554df2189e4b,
NHPC,Providing Services for Routine Maintenance Work of Generator and Turbine section of 4X40 MW TLD-IV Power House including Annual Maintenance Works related to Generator and Turbine (FY 2025-2026),Unclassified,40.0,,Delisted,GEM/2025/B/6972537,Tender,,,,,,,,,,https://www.nhpcindia.com/welcome/tender,,Bidding Open,,,Yes,40 MW,,,,,,,,d6eeeec95f55,
NHPC,Conducting Hydrographic Survey in the reservoir of Uri-II Power Station for the year 2025-26,Unclassified,,,Delisted,GEM/2025/B/6919473,Tender,,,,,,,,,,https://www.nhpcindia.com/welcome/tender,,Bidding Open,,,Yes,,,,,,,,,f7df20cf5c5d,
NHPC,"Annual Maintenance of Generator, Turbine and its Auxiliaries of 03 Units of 03x35 MW Units of Loktak Power Station for FY 2025-26.",Unclassified,35.0,,Delisted,GEM/2025/B/7002564,Tender,,,,,,,,,,https://www.nhpcindia.com/welcome/tender,,Bidding Open,,,Yes,35 MW,,,,,,,,17d086a7af8d,
NHPC,Operation and Maintenance of 02 Bulletproof Scorpios of Loktak Hydroelectric Project.,Hydro,,,Delisted,GEM/2025/B/6966597,Tender,,,,,,,,,,https://www.nhpcindia.com/welcome/tender,,Bidding Open,,,Yes,,,,,,,,,f0b9cf539474,
NHPC,"Supply, Installation and Commissioning of 02 Nos. Hydro Static Lubrication units along with all accessories and electrical control panel",Hydro,,,Delisted,GEM/2025/B/6954550,Tender,,,,,,,,,,https://www.nhpcindia.com/welcome/tender,,Bidding Open,,,Yes,,,,,,,,,ed4a5afbb09b,
NHPC,"Hydrographic Survey of Reservoir & two EWS site, Darbal & Arwad of Sewa-II Power Station",Unclassified,,,Delisted,GEM/2025/B/6918911 Dated: 27-11-2025,Tender,,,,,,,,,,https://www.nhpcindia.com/welcome/tender,,Bidding Open,,,Yes,,,,,,,,,9c5b8bce913c,
NHPC,"Annual Maintenance Contract (AMC) of Hydro Mechanical equipment/gates and Electric Panels installed at Baira Dam, Bhaledh Trench, Siul Weir and TRC gates, PRV gate and Draft Tube Gates at Power House Complex",Hydro,,,Delisted,NH/BSPS/CC/HM/38/2025-26/361,Tender,,,,,,,,,,https://www.nhpcindia.com/welcome/tender,,Bidding Open,,,Yes,,,,,,,,,0b226b8903a0,
NHPC,"Insurance Cover for 50MW Solar Power Project at Theni/ Dindigul District, Tamilnadu for one year (from 07.02.2026 to 06.02.2027)",Solar,50.0,,Delisted,NH/CCW/CC-II/CO-430/PR16025/2,Tender,,,,,,,,,,https://www.nhpcindia.com/welcome/tender,,Bidding Open,,,Yes,50 MW,,,,,,,,04db781b70e4,
NHPC,"Repair, Painting and Replace windows of C-type Quarters at Sewa Vihar Colony of Sewa -II Power Station, Mashka (CW-702)",Unclassified,,,Delisted,NH/Sewa-II/Contracts/CW-702/2025/NIT-09/130 Dated:10.11.2025 (Tender ID: 2025_NHPC_883762_1),NIT,,,,,,,,,,https://www.nhpcindia.com/welcome/tender,,Bidding Open,,,Yes,,,,,,,,,ee8303fef88e,
NHPC,"Hiring of Services of Balancing Expert for Dynamic Balancing of All Three Hydro Units of (3x180MW) Chamera Power Station-1, Khairi, Chamba (H.P).",Hydro,180.0,,Delisted,GEM/2025/B/6850300 Dated: 04-11-2025,Tender,,,,,,,,,,https://www.nhpcindia.com/welcome/tender,,Bidding Open,,,Yes,180 MW,,,,,,,,f631ac5dcf5a,
NHPC,Conducting hydrographic survey (Pre-monsoon and post-monsoon) at dam of Rangit Power Station for Two years to find out reservoir elevation-area-capacity curve,Unclassified,,,Delisted,NH-RPS-DC/9/2025-DAM C/117,Tender,,,,,,,,,,https://www.nhpcindia.com/welcome/tender,,Bidding Open,,,Yes,,,,,,,,,65a29ff57a1d,
NHPC,"Procurement of 1 No. Hydrogen Fuel Cell Electric Bus and its Comprehensive Maintenance Services for 3 Years for Chamba, Himachal Pradesh",Unclassified,,Himachal Pradesh,Delisted,GEM/2025/B/6737196 Dated 28.10.2025,Tender,,,,,,,,,,https://www.nhpcindia.com/welcome/tender,,Bidding Open,,,Yes,,,,,,,,,0e58060d420c,
NHPC,"Annual Maintenance of Unit#1 & Unit#2 (3x180=540MW) Hydro Generator Units of Chamera Power Station-1, Khairi, Distt. Chamba, H.P. for the year of 2025-26.",Hydro,540.0,,Delisted,NH/CPS-1/P&C/W-1560/2025-26/296 Dated: 25/10/2025,Tender,,,,,,,,,,https://www.nhpcindia.com/welcome/tender,,Bidding Open,,,Yes,540 MW,,,,,,,,fad3aa1bafa6,
NHPC,Purchase of Transformer Oil Filtration Plant along with Transformer Oil Storage Tank for Rangit Power Station,Unclassified,,,Delisted,GEM/2025/B/6554304,Tender,,,,,,,,,,https://www.nhpcindia.com/welcome/tender,,Bidding Open,,,Yes,,,,,,,,,5f02b9736453,
NHPC,Purchase of Various items for Break Dust collector system of 130 MW hydro generator of Parbati-III Power station,Hydro,130.0,,Delisted,GEM/2025/B/6592902,Tender,,,,,,,,,,https://www.nhpcindia.com/welcome/tender,,Bidding Open,,,Yes,130 MW,,,,,,,,49a1ab061c66,
NHPC,Supply Installation Commissioning and Testing of 15 KVA Off grid Solar Power plant at ITI Pangin,Solar,,,Delisted,GEM/2025/B/6689726,Tender,,,,,,,,,,https://www.nhpcindia.com/welcome/tender,,Bidding Open,,,Yes,,,,,,,,,d9a72334fd08,
NHPC,"Exploratory Drilling for nineteen holes of 1165 m depth for Masinta Pumped Storage Project (1000 MW), Odisha",Pumped Storage,1000.0,Odisha,Delisted,NH/PSP/Masinta/PR16925/22/01,Tender,,,,,,,,,,https://www.nhpcindia.com/welcome/tender,,Bidding Open,,,Yes,1000 MW,,,,,,,,5d701b20467b,
NHPC,Annual Maintenance work of 3x20 MW Hydro-generating units of Rangit Power for 2025-26,Hydro,20.0,,Delisted,NH-RPS-PH012(13)/9/2025-PH/80,Tender,,,,,,,,,,https://www.nhpcindia.com/welcome/tender,,Bidding Open,,,Yes,20 MW,,,,,,,,135691519391,
NHPC,"Replacement of complete Stator Assembly of 110 MW Hydro Generator (Unit-1) at Kishanganga Power Station, Bandipora, J & K (PKG-554).",Hydro,110.0,,Delisted,GEM/2025/B/6678661,Tender,,,,,,,,,,https://www.nhpcindia.com/welcome/tender,,Bidding Open,,,Yes,110 MW,,,,,,,,8f73731f7cbc,
NHPC,Repair along with HP-HVOF coating of 01 set damaged Guide vanes of 130 MW Francis Turbine at Parbati-III Power Station.,Unclassified,130.0,,Delisted,NH/PPS-III/NIT/PR11925/44/01/77 Dated: 08-09-2025,NIT,,,,,,,,,,https://www.nhpcindia.com/welcome/tender,,Bidding Open,,,Yes,130 MW,,,,,,,,5a6ed38b4b9a,
NHPC,Repair of eroded guide vanes of 100 MW Francis Hydro-turbine at Mechanical workshop Chamera-II Power Station (2025-26),Hydro,100.0,,Delisted,NH/CPS-II /Cont./E-146705 /2025-26/10 Date:09.09.2025,Tender,,,,,,,,,,https://www.nhpcindia.com/welcome/tender,,Bidding Open,,,Yes,100 MW,,,,,,,,eb26e1655df2,
NHPC,Repair & HP-HVOF Coating of 01 No. Runners of 70 MW Francis Hydro Turbine of Dhauliganga Power Station (2025-26),Hydro,70.0,,Delisted,NH/DG/Contract/1071/2025-26/48,Tender,,,,,,,,,,https://www.nhpcindia.com/welcome/tender,,Bidding Open,,,Yes,70 MW,,,,,,,,af4e83bd4137,
NHPC,"Dressing / Re-routing of Power and Control Cables in cable trays located at different Floors of Power House and CVT Areas of Kishanganga Power Station, Bandipora (PKG-549).",Unclassified,,,Delisted,2025_NHPC_875131_1,Tender,,,,,,,,,,https://www.nhpcindia.com/welcome/tender,,Bidding Open,,,Yes,,,,,,,,,88be6efeec6b,
NHPC,Overhauling and Refurbishment (re-tubing and re-fining) of Stator air cooler of Chamera-1 Power Station,Unclassified,,,Delisted,NH/CPS-1/P&C/W-1522/2025-26/186 Dated: 22/08/2025,Tender,,,,,,,,,,https://www.nhpcindia.com/welcome/tender,,Bidding Open,,,Yes,,,,,,,,,e6b6d520263d,
NHPC,"Strengthening of metal & concrete joints of Draft Tube window and arresting of water leakages, for 6 Units of Salal Power Station",Unclassified,,,Delisted,NH/SPS/P&C/NIT-08/25-26/512-522 Dated: 22/08/2025 (CPPP Tender ID 2025_NHPC_874284_1),NIT,,,,,,,,,,https://www.nhpcindia.com/welcome/tender,,Bidding Open,,,Yes,,,,,,,,,4c86a8c23918,
NHPC,Purchase of Chhabi Electricals make 220 and 48 Volt battery Charger spares,Unclassified,,,Delisted,GEM/2025/B/6567807 Dated: 21-08-2025,Tender,,,,,,,,,,https://www.nhpcindia.com/welcome/tender,,Bidding Open,,,Yes,,,,,,,,,e648a3b42569,
NHPC,Supply of Internal Storage Device type SSD,Unclassified,,,Delisted,GEM/2025/B/6558620,Tender,,,,,,,,,,https://www.nhpcindia.com/welcome/tender,,Bidding Open,,,Yes,,,,,,,,,ef05c4536b1b,
NHPC,"Construction of Community Health Center and solar street lighting work at Jalandora village under CSR scheme, Gurez, Bandipora, J&K (PKG-550).",Solar,,Jammu and Kashmir,Delisted,2025_NHPC_873548_1,Tender,,,,,,,,,,https://www.nhpcindia.com/welcome/tender,,Bidding Open,,,Yes,,,,,,,,,d72aed6ba57a,
NHPC,Purchase of Guide Vane Servo Motor (LH & RH) for 3x20 MW Hydro Generating unit of Rangit Power Station,Hydro,20.0,,Delisted,GEM/2025/B/6481242,Tender,,,,,,,,,,https://www.nhpcindia.com/welcome/tender,,Bidding Open,,,Yes,20 MW,,,,,,,,1a41a912a255,
NHPC,"Replacement of complete Stator Assembly of 110 MW Hydro Generator (Unit-1) at Kishanganga Power Station, Bandipora, J & K (PKG-544).",Hydro,110.0,,Delisted,GEM/2025/B/6535696,Tender,,,,,,,,,,https://www.nhpcindia.com/welcome/tender,,Bidding Open,,,Yes,110 MW,,,,,,,,210a85c98a7b,
NHPC,"Lot-3 Package: Hydro-mechanical Works for All Gates and Pressure Shaft Liners for the implementation of the 260 MW Dulhasti Stage-II HE Project, in Kishtwar District of UT of J&K, India.",Hydro,260.0,Jammu and Kashmir,Delisted,TENDER NO. NH/CCW/CC-III /CO-406/PR-10925/83,Tender,,,,,,,,,,https://www.nhpcindia.com/welcome/tender,,Bidding Open,,,Yes,260 MW,,,,,,,,0440a5f465f1,
NHPC,Purchase of Microsoft Windows Server 2025 Client Access License (CAL) License & Microsoft windows Server 2025 Standard License Software,Unclassified,,,Delisted,"GEM/2025/B/6460470,Dated: 31-07-2025",Tender,,,,,,,,,,https://www.nhpcindia.com/welcome/tender,,Bidding Open,,,Yes,,,,,,,,,8b1e0ae2627b,
NHPC,"Supply and Installation of Underground Diesel Storage Tank (2X25 KL) at DAM Site of Kishanganga Power Station, Gurez, Bandipora, J&K (PKG-543).",Unclassified,,Jammu and Kashmir,Delisted,2025_NHPC_871529_1,Tender,,,,,,,,,,https://www.nhpcindia.com/welcome/tender,,Bidding Open,,,Yes,,,,,,,,,1c8348a48c76,
NHPC,"Repair of one number Runner (RN#4) of 3X15 MW Nimoo Bazgo Power Station, Alchi, Leh-Ladakh",Unclassified,15.0,Ladakh,Delisted,NBPS/CnP/2025-26/W-29/256,Tender,,,,,,,,,,https://www.nhpcindia.com/welcome/tender,,Bidding Open,,,Yes,15 MW,,,,,,,,9845e3099b25,
NHPC,Purchase of Spare Robel Stator Bar & its winding hardware for Unit#2 at Uri Power Station,Unclassified,,,Delisted,GEM/2025/B/6420837 Dated: 26-07-2025,Tender,,,,,,,,,,https://www.nhpcindia.com/welcome/tender,,Bidding Open,,,Yes,,,,,,,,,797ff1e2ee80,
NHPC,"Lot-1 Package : Planning, Design & Engineering (PDE) works for execution of 1856 MW Sawalkote Hydro Project located near Sidhu village in Ramban District of UT of J&K, India",Hydro,1856.0,Jammu and Kashmir,Delisted,2025_NHPC_870158_1,Tender,,,,,,,,,,https://www.nhpcindia.com/welcome/tender,,Bidding Open,,,Yes,1856 MW,,,,,,,,bc9b6e3828b8,
NHPC,Annual Maintenance of 3x130 MW Generating Units of Dulhasti Power Station for FY 2025-26 & 2026-27,Unclassified,130.0,,Delisted,NH/DPS/CONT/NIT-248/2025/E142553 dated 29.07.2025,NIT,,,,,,,,,,https://www.nhpcindia.com/welcome/tender,,Bidding Open,,,Yes,130 MW,,,,,,,,df16b4911df7,
NHPC,"Request for Selection of Developers for Setting up Solar Power Plants (4x300 MW) for Jalaun Solar Power Park(1200 MW) in District Jalaun, Uttar Pradesh through Tariff Based Competitive Bidding",Solar,300.0,Uttar Pradesh,Delisted,2025_NHPC_869566_1,RfS,,,,,,,,,,https://www.nhpcindia.com/welcome/tender,,Bidding Open,,,Yes,300 MW,,,,,,,,5f696b3d7670,
NHPC,Repair and HP-HVOF coating of 3X100 MW Francis Hydroturbine of Chamera – II Power Station.(E-FILE: 144884),Unclassified,100.0,,Delisted,NH/CPS-II /Cont./E- 144884/2024-25/06 Date:25.07.2025,Tender,,,,,,,,,,https://www.nhpcindia.com/welcome/tender,,Bidding Open,,,Yes,100 MW,,,,,,,,1cc46745d052,
NHPC,Purchase of 120 nos. cafeteria chair and 22 nos. king size bed with storage.,Unclassified,,,Delisted,GEM/2025/B/6318858,Tender,,,,,,,,,,https://www.nhpcindia.com/welcome/tender,,Bidding Open,,,Yes,,,,,,,,,e66aeb011d6c,
NHPC,"Selection of developers for installing rooftop solar plants on buildings of various departments in UT of J&K through JAKEDA in RESCO mode, via tariff-based competitive bidding”",Rooftop Solar,,Jammu and Kashmir,Delisted,2025_NHPC_864442_1,Tender,,,,,,,,,,https://www.nhpcindia.com/welcome/tender,,Bidding Open,,,Yes,,,,,,,,,3a255ae2d237,
NHPC,Selection of Roof Top Developer for Setting up Grid Connected Solar Roof Top Plants at Various locations on government buildings in the state of Nagaland on RESCO Mode through TBCB,Rooftop Solar,,Nagaland,Delisted,2025_NHPC_863785_1,Tender,,,,,,,,,,https://www.nhpcindia.com/welcome/tender,,Bidding Open,,,Yes,,,,,,,,,285bacab4214,
NHPC,"Round the Clock Operation of E&M Plant and Machinery at Power House, Transformer Cavern, Valve House and 220 KV Switchyard of 3x110 MW Kishanganga Power Station, Bandipora, J &K (PKG-541).",Round-the-Clock / CfD / Trading,110.0,,Delisted,GEM/2025/B/6358397,Tender,,,,,,,,,,https://www.nhpcindia.com/welcome/tender,,Bidding Open,,,Yes,110 MW,,,,,,,,f2502b315e1f,
NHPC,"Lot-2a: Electro-mechanical works package (Except GSU, GIS, XLPE & Switchyard Equipment) of 260 MW (2X130MW) Dulhasti Stage-II H.E Project, Kishtwar District of UT of J&K, India",Unclassified,260.0,Jammu and Kashmir,Delisted,2025_NHPC_866662_1,Tender,,,,,,,,,,https://www.nhpcindia.com/welcome/tender,,Bidding Open,,,Yes,260 MW,,,,,,,,dd5b95174a0b,
NHPC,“Post Monsoon Hydrographic Survey of Salal Dam Reservoir at Dhyangarh for the year 2025-26 ”.,Unclassified,,,Delisted,NH/SPS/CD/NIT-106/25-26/323-333 (Tender ID 2025_NHPC_ 867884_1 ),NIT,,,,,,,,,,https://www.nhpcindia.com/welcome/tender,,Bidding Open,,,Yes,,,,,,,,,e2abf1904ce2,
NHPC,"Hydrographical Survey of Dam reservoir, River Cross-Sections and Level Marking at G&D Sites of Dhauliganga Power Station",Unclassified,,,Delisted,NH/DG/CONTRACT/1069/2025-26/25,Tender,,,,,,,,,,https://www.nhpcindia.com/welcome/tender,,Bidding Open,,,Yes,,,,,,,,,644efec4e2b9,
NHPC,"Re-Construction of 11/0.415 KV Electrical Sub-Station with HT Line, HT & LT Panels, and other associated works at Dikchu Dam Site of Teesta-V Power Station NHPC Ltd., damaged due to land slide",Unclassified,,,Delisted,NIT No. NH/TSV/CONT/EC-163/NIT-1031/2025-26/141 Dated: 08/07/2025 and E-Tender Id:2025_NHPC_865435_1,NIT,,,,,,,,,,https://www.nhpcindia.com/welcome/tender,,Bidding Open,,,Yes,,,,,,,,,2b72e46dc113,
NHPC,Re-babbiting on turbine guide bearing shells for Dhauliganga power station,Unclassified,,,Delisted,NH/DG/Contract/1068/2025-26/22 Dated 02/07/2025,Tender,,,,,,,,,,https://www.nhpcindia.com/welcome/tender,,Bidding Open,,,Yes,,,,,,,,,d3c9d420f192,
NHPC,"Supply, Transportation, Installation and commissioning of 24 W solar Street light under CSR scheme of TLD-IV PS, Kalijhora",Solar,,,Delisted,GEM/2025/B/6196209,Tender,,,,,,,,,,https://www.nhpcindia.com/welcome/tender,,Bidding Open,,,Yes,,,,,,,,,358df65320e3,
NHPC,Routine Maintenance of Hydro Mechanical Equipments of Uri-II Power Station.,Hydro,,,Delisted,GEM/2025/B/6353880,Tender,,,,,,,,,,https://www.nhpcindia.com/welcome/tender,,Bidding Open,,,Yes,,,,,,,,,b178970675aa,
NHPC,Re- routing /construction of the damaged 11KV HT line from the DG set (Dam Office) to the SFT,Unclassified,,,Delisted,NIT No. NH/TSV/CONT/EC-166/NIT-1029/2025-26/134 Dated: 02/07/2025 and E-Tender Id: 2025_NHPC_867056_1,NIT,,,,,,,,,,https://www.nhpcindia.com/welcome/tender,,Bidding Open,,,Yes,,,,,,,,,505fdc8a5dab,
NHPC,"""Repair and HP-HVOF Coating of 20 Nos of wicket gates (01 set ) of 77 MW Francis Hydro-turbine of Chamera-III Power station (E-office no. 142370 )”",Hydro,77.0,,Delisted,NH/CPS- III/Cont./142370/2025-26/88 Dated:30.06.2025,Tender,,,,,,,,,,https://www.nhpcindia.com/welcome/tender,,Bidding Open,,,Yes,77 MW,,,,,,,,52bc194d9ecb,
NHPC,Supply and Demonstration of Automatic Battery Discharging Test Kit at Parbati-III PS,Unclassified,,,Delisted,GEM/2025/B/6377314,Tender,,,,,,,,,,https://www.nhpcindia.com/welcome/tender,,Bidding Open,,,Yes,,,,,,,,,0222aa20f11b,
NHPC,Purchase of Guide Vane Servo Motor (LH & RH) for 3x20 MW Hydro Generating unit of Rangit Power Station,Hydro,20.0,,Delisted,GEM/2025/B/6304847,Tender,,,,,,,,,,https://www.nhpcindia.com/welcome/tender,,Bidding Open,,,Yes,20 MW,,,,,,,,3c981d484f2d,
NHPC,"Purchase of Top Cover, TGB Housing & Thrust Pads for 3 X 20 MW Rangit Power Station",Unclassified,20.0,,Delisted,GEM/2025/B/6294043,Tender,,,,,,,,,,https://www.nhpcindia.com/welcome/tender,,Bidding Open,,,Yes,20 MW,,,,,,,,17334ad68161,
NHPC,"Engagement of a PR agency for Strategic Communication focused on cultivating a positive public image for hydropower projects, with special emphasis on hydropower projects in Arunachal Pradesh to deal with local stakeholders of Upper Siang Multipurpose Storage Project (USMSP)",Unclassified,,Arunachal Pradesh,Delisted,GEM/2025/B/6381602,Tender,,,,,,,,,,https://www.nhpcindia.com/welcome/tender,,Bidding Open,,,Yes,,,,,,,,,6d828bef9a4a,
NHPC,Carrying out Annual Maintenance &amp;amp;amp; Repair of underwater parts of three Generating units of 3X60 MW of BSPS for FY 2025-26 and 2026-27,Unclassified,60.0,,Delisted,NH/BSPS/CC/PH/11/2025-26/095,Tender,,,,,,,,,,https://www.nhpcindia.com/welcome/tender,,Bidding Open,,,Yes,60 MW,,,,,,,,51581c7e3708,
NHPC,“Repair and HP-HVOF Coating of 01 No Runner of 77 MW Francis Hydro-turbine of Chamera-III Power Station (E-office no. 140221),Hydro,77.0,,Delisted,NH/CPS- III/Cont./140221/2025-26/84,Tender,,,,,,,,,,https://www.nhpcindia.com/welcome/tender,,Bidding Open,,,Yes,77 MW,,,,,,,,c73d7f6b27e5,
NHPC,Hiring of Service Engineer for Annual Maintenance and Servicing (AMC) of all Rexroth make Hydraulic systems of Hydro-Mechanical Equipments installed at Dam and SFT area of Uri-II Power Station,Hydro,,,Delisted,GEM/2025/B/6342587,Tender,,,,,,,,,,https://www.nhpcindia.com/welcome/tender,,Bidding Open,,,Yes,,,,,,,,,3cf84185e213,
NHPC,Purchase of Battery for 48V DC battery bank and Consumables spares for 48V /220 V DC battery bank at Uri- II Power House,Unclassified,,,Delisted,GEM/2025/B/6295664,Tender,,,,,,,,,,https://www.nhpcindia.com/welcome/tender,,Bidding Open,,,Yes,,,,,,,,,e6b99597f1ba,
NHPC,Painting and maintenance of glass windows of Power House building at Power House Site of Parbati-H.E. Project (Stage-II) (Package No-C-817),Unclassified,,,Delisted,2025_NHPC_ 864671 _1,Tender,,,,,,,,,,https://www.nhpcindia.com/welcome/tender,,Bidding Open,,,Yes,,,,,,,,,a9498df26c05,
NHPC,Cryogenic cleaning (dry ice cleaning) of stator and rotor winding of hydro generator of Salal Power,Hydro,,,Delisted,GEM/2025/B/6304891,Tender,,,,,,,,,,https://www.nhpcindia.com/welcome/tender,,Bidding Open,,,Yes,,,,,,,,,14b62e6b960e,
NHPC,"Works of Boundary survey &amp;amp; marking, Gates chain link fencing of PSS with compound walls and gates all around the periphery of Jalaun Solar Power Park under UMREPP in Jalaun district, U.P.",Solar,,,Delisted,2025_NHPC_864157_1,Tender,,,,,,,,,,https://www.nhpcindia.com/welcome/tender,,Bidding Open,,,Yes,,,,,,,,,a4c0c5735d62,
NHPC,Lot III Electro mechanical works of 240 MW Uri I Stage II H E Project Baramulla District of UT of JK,Unclassified,240.0,,Delisted,2025_NHPC_861342_1,Tender,,,,,,,,,,https://www.nhpcindia.com/welcome/tender,,Bidding Open,,,Yes,240 MW,,,,,,,,25536f7096ca,
NHPC,"Lot-II Package : Hydro-mechanical Works for All Gates and Pressure Shaft Liners for the implementation of the 240 MW Uri-I Stage-II H.E Project, located near Boniyar, Uri villages in the Baramulla District of UT of J&amp;amp;amp;amp;K, India.",Hydro,240.0,,Delisted,2025_NHPC_862315_1,Tender,,,,,,,,,,https://www.nhpcindia.com/welcome/tender,,Bidding Open,,,Yes,240 MW,,,,,,,,860e33a54de8,
NHPC,Lot-I Package: Civil worksof the 260 MW Dulhasti Stage-II H.E Project,Unclassified,260.0,,Delisted,2025_NHPC_862404_1,Tender,,,,,,,,,,https://www.nhpcindia.com/welcome/tender,,Bidding Open,,,Yes,260 MW,,,,,,,,4baa0e140248,
NHPC,Uri-I Stage-II (240 MW) Package-I Civil Works,Unclassified,240.0,,Delisted,NH/CCW/CC-III/CO-389/PR10625/25,Tender,,,,,,,,,,https://www.nhpcindia.com/welcome/tender,,Bidding Open,,,Yes,240 MW,,,,,,,,2b4646e2f648,
NHPC,Internal Electrification of re-constructed Control Room of 66/11KV Switchyard,Unclassified,,,Delisted,NIT No. NH/TSV/CONT/EC-162/NIT-1015/2025-26/24 Dated: 21/04/2025 & E-Tender No. 2025_NHPC_857224_1,NIT,,,,,,,,,,https://www.nhpcindia.com/welcome/tender,,Bidding Open,,,Yes,,,,,,,,,a527a95f95b0,
NHPC,"Providing Insurance Cover during O&M period for 50MW Wind Power Project at Jaisalmer, Rajasthan for one year w.e.f. 19.06.24 to 18.06.25",Wind,50.0,Rajasthan,Delisted,NH/CCW/CCII/CO-385/PR60824/6,Tender,,,,,,,,,,https://www.nhpcindia.com/welcome/tender,,Bidding Open,,,Yes,50 MW,,,,,,,,332eb2f756e2,
NHPC,Selection of Solar Power Generators For Setting up of 1200 MW ISTS Connected Solar Power Projects with 600MW/2400MWh ESS on anywhere in India basis under TBCB with Green Shoe Option,Solar,1200.0,,Delisted,2025_NHPC_849707_1,Tender,,,,,,,,,,https://www.nhpcindia.com/welcome/tender,,Bidding Open,,,Yes,1200 MW,,,,,,,,c1b602cd0571,
NHPC,"AMC of Rope Drum Hoists, Gantry &amp;amp; EOT Cranes of various Hydro Mechanical Components for period of two years",Hydro,,,Delisted,GEM/2025/B/6030038,Tender,,,,,,,,,,https://www.nhpcindia.com/welcome/tender,,Bidding Open,,,Yes,,,,,,,,,2a5cc9b74259,
NHPC,"Repair, Machining, Stress relieving and HP-HVOF Coating of Runner and Guide Vanes of 60 MW Francis Turbine of Baira Siul Power Station",Unclassified,60.0,,Delisted,NH/BSPS/CC/PH/57/2024-25/606,Tender,,,,,,,,,,https://www.nhpcindia.com/welcome/tender,,Bidding Open,,,Yes,60 MW,,,,,,,,f228788d23da,
NHPC,Replacement/Upgradation of Complete CO2 Fire Fighting System for 03 Nos. of hydro-generators of Sewa-II Power Station,Hydro,,,Delisted,GEM/2025/B/6032743 Dated: 13-03-2025,Tender,,,,,,,,,,https://www.nhpcindia.com/welcome/tender,,Bidding Open,,,Yes,,,,,,,,,eedd0880890d,
NHPC,Selection of Roof Top Developer for Setting up Grid Connected Solar Roof Top Plants at Various locations on government buildings in the state of Nagaland on RESCO Mode through Tariff-Based Competitive Bidding,Rooftop Solar,,Nagaland,Delisted,2025_NHPC_853040_1,Tender,,,,,,,,,,https://www.nhpcindia.com/welcome/tender,,Bidding Open,,,Yes,,,,,,,,,fd3cc2a91f77,
NHPC,Conducting Hydrographic Survey in the reservoir of Uri-II Power Station for the year 2025,Unclassified,,,Delisted,GEM/2025/B/6031101,Tender,,,,,,,,,,https://www.nhpcindia.com/welcome/tender,,Bidding Open,,,Yes,,,,,,,,,0a316697f821,
NHPC,"Purchase of SF6 Gas Based Handling Unit (Recovery, Filling, Evacuation) for SF6 Gas Circuit Breakers at 132 kV Switchyard of Sewa-II Power House",Unclassified,,,Delisted,GEM/2025/B/6008423 Dated 06.03.2025,Tender,,,,,,,,,,https://www.nhpcindia.com/welcome/tender,,Bidding Open,,,Yes,,,,,,,,,03d75d63ad81,
NHPC,"EPC Work of Construction of Package-3: Solar Park Common Infrastructure of Security Buildings, Civil Works (Administrative Buildings, Canteen Building, Guest House &amp;amp;amp;amp;amp;amp;amp;amp;amp;amp; Other common facilities) of Solar Power Park for the development of 1200 MW Solar Power Park under UMPPRE at Madhogarh, District: Jalaun, Uttar Pradesh",Solar,1200.0,Uttar Pradesh,Delisted,NH/CCW/CC-I/CO-367/BSUL /PR/JSP/2024-25/383,Tender,,,,,,,,,,https://www.nhpcindia.com/welcome/tender,,Bidding Open,,,Yes,1200 MW,,,,,,,,4d1d6d9ecf1a,
NHPC,"Exploratory Drilling works of one hole of +/-150m depth on Left bank at EL+/-320 M to explore the area between EL 296M and EL346 M for Subansiri Upper Project (1605 MW), Arunachal Pradesh",Unclassified,1605.0,Arunachal Pradesh,Delisted,2025_NHPC_850631_1,Tender,,,,,,,,,,https://www.nhpcindia.com/welcome/tender,,Bidding Open,,,Yes,1605 MW,,,,,,,,ffc891c000b8,
NHPC,"Servicing of different types of Hoist Arrangements, Gantry Cranes and EOT Crane of Hydro Mechanical Division installed at Rangit Power Station",Hydro,,,Delisted,GEM/2025/B/5977173,Tender,,,,,,,,,,https://www.nhpcindia.com/welcome/tender,,Bidding Open,,,Yes,,,,,,,,,1c2d029c27d2,
NHPC,"Supply, Installation, Testing and Commissioning of ABT type energy meters along with network creation for AMR (automatic meter reading) and supply of other indicating instruments for Power House of Parbati H.E. Project Stage-II. (Package No. C-800)",Unclassified,,,Delisted,2025_NHPC_849419_1,Tender,,,,,,,,,,https://www.nhpcindia.com/welcome/tender,,Bidding Open,,,Yes,,,,,,,,,88d9f8be8ab5,
NHPC,Selection of Roof Top Developer for Setting up Grid Connected Solar Roof Top Plants at Various locations on government buildings in the state of Haryana on RESCO Mode through Tariff-Based Competitive Bidding,Rooftop Solar,,Haryana,Delisted,2025_NHPC_848036_1,Tender,,,,,,,,,,https://www.nhpcindia.com/welcome/tender,,Bidding Open,,,Yes,,,,,,,,,20b15b38ae5a,
NHPC,Selection of BESS Developers for setting up of 500MW / 1000MWh InSTS connected standalone BESS in the state of Andhra Pradesh under TBCB with VGF support (NHPC-Tranche-II-BESS) (2024-25),Energy Storage (BESS),500.0,Andhra Pradesh,Delisted,2025_NHPC_849236_1,Tender,,,,,,,,,,https://www.nhpcindia.com/welcome/tender,,Bidding Open,,,Yes,500 MW,,,,,,,,aa2f8d6147c9,
NHPC,"Operation &amp; maintenance of sewage treatment plant (STP), collection of hydro meteorological data/Instrumentation data for Teesta-V.",Hydro,,,Delisted,NH/TSV/Cont/RM-202/NIT-1000/2024-25/475 Dated : 14/02/2025,NIT,,,,,,,,,,https://www.nhpcindia.com/welcome/tender,,Bidding Open,,,Yes,,,,,,,,,77175682d0a2,
NHPC,"Operation &amp; maintenance of sewage treatment plant (STP), collection of hydro meteorological data/Instrumentation data for Teesta-V.",Hydro,,,Delisted,NH/TSV/Cont/RM-202/NIT-1000/2024-25/472 Dated: 13/02/2025,NIT,,,,,,,,,,https://www.nhpcindia.com/welcome/tender,,Bidding Open,,,Yes,,,,,,,,,dbe050648298,
NHPC,Selection of Roof Top Developer for Setting up Grid Connected Solar Roof Top Plants at Various locations on government buildings in the state of Manipur on RESCO Mode through Tariff-Based Competitive Bidding,Rooftop Solar,,Manipur,Delisted,2025_NHPC_846705_1,Tender,,,,,,,,,,https://www.nhpcindia.com/welcome/tender,,Bidding Open,,,Yes,,,,,,,,,f3cf4f6649a4,
NHPC,Implementation of Automatic Generation Control (AGC) System at Subansiri Lower HE Project (8 x 250 MW) and Parbati HE Project (Stage-II) (4 x 200 MW) of NHPC Limited,Unclassified,250.0,,Delisted,GEM/2025/B/5884423,Tender,,,,,,,,,,https://www.nhpcindia.com/welcome/tender,,Bidding Open,,,Yes,250 MW,,,,,,,,2504c5e5aa27,
NHPC,"Providing work assistance in collection, analysis &amp; recording of Hydro Metrological data and Dam Instrumentation data at Dam site of Teesta-V Power Station",Hydro,,,Delisted,NIT No: NH/TSV/Cont/RM-206/NIT-993/2024-25/337 Dated: 01/02/2025 GeM Bid No: GEM/2025/B/5898823,NIT,,,,,,,,,,https://www.nhpcindia.com/welcome/tender,,Bidding Open,,,Yes,,,,,,,,,59f103cdc5e4,
NHPC,Implementation of Rooftop Solar Projects on Government Buildings of allocated Central Ministries in RESCO Mode on Tariff-Based Competitive Bidding under PM Surya Ghar Muft Bijli Yojana (PMSG-MBY),Rooftop Solar,,,Delisted,2025_NHPC_845421_1,Tender,,,,,,,,,,https://www.nhpcindia.com/welcome/tender,,Bidding Open,,,Yes,,,,,,,,,941209f0d46e,
NHPC,"Construction of 15 meter height elevated steel staging and installation of 20,000 ltr water storage capacity PVC Tank with GI Pipe &amp;amp;amp;amp;amp;amp;amp;amp; fitting at 3rd bench of office cum Residential complex, Sawalkote HE Project",Unclassified,,,Delisted,2025_NHPC_845756_1,Tender,,,,,,,,,,https://www.nhpcindia.com/welcome/tender,,Bidding Open,,,Yes,,,,,,,,,70d1eb84d131,
NHPC,"Selection of Roof Top Developer for Setting up Solar Roof Top Plants at Various Departments of Law, Justice & Parliamentary Affairs, Jal Shakti, Irrigation & Flood Control, Forest, Ecology & Environment and Home in State of J&K through JAKEDA in RESCO Mode on Tariff-Based Competitive Bidding",Rooftop Solar,,Jammu and Kashmir,Delisted,2025_NHPC_842440_1,Tender,,,,,,,,,,https://www.nhpcindia.com/welcome/tender,,Bidding Open,,,Yes,,,,,,,,,20e0cbb409f8,
NHPC,Selection of Roof Top Developer for Setting up Grid Connected Solar Roof Top Plants at Various locations on government buildings in the state of Sikkim on RESCO Mode through Tariff-Based Competitive Bidding,Rooftop Solar,,Sikkim,Delisted,2025_NHPC_843297_1,Tender,,,,,,,,,,https://www.nhpcindia.com/welcome/tender,,Bidding Open,,,Yes,,,,,,,,,1e78dbc85b5c,
NHPC,Rotational Moulded Polyethylene Water Storage Tanks as per IS 12701 (Q3),Unclassified,,,Delisted,GEM/2024/B/5708461,Tender,,,,,,,,,,https://www.nhpcindia.com/welcome/tender,,Bidding Open,,,Yes,,,,,,,,,030ccd820493,
NHPC,Selection of BESS Developers for setting up of 125MW / 500MWh InSTS connected standalone BESS in the state of Kerala under TBCB with VGF support (NHPC-Tranche-I-BESS) (2024-25),Energy Storage (BESS),125.0,Kerala,Delisted,2025_NHPC_844873_1,Tender,,,,,,,,,,https://www.nhpcindia.com/welcome/tender,,Bidding Open,,,Yes,125 MW,,,,,,,,ffbb057aafdf,
NHPC,"Design, Manufacturing and replacement of HV and LV Windings of 48.33MVA, 11/400/√3 KV, single phase Generator transformer of Unit #2 R-Phase (S.No.217620-02) and repair as per scope of work”",Unclassified,,,Delisted,NH/DPS/CONT/NIT-229/2025/E129998 dated 17.01.2025,NIT,,,,,,,,,,https://www.nhpcindia.com/welcome/tender,,Bidding Open,,,Yes,,,,,,,,,264766e5979b,
NHPC,"Procurement of Hydrogen Fuel Cell Electric Buses (3 Nos.) and its Comprehensive Maintenance Services for 3 Years for Leh, UT of Ladakh (2Nos.) & Chamba, Himachal Pradesh (1 No.)",Unclassified,,Himachal Pradesh,Delisted,GEM/2025/B/5793707,Tender,,,,,,,,,,https://www.nhpcindia.com/welcome/tender,,Bidding Open,,,Yes,,,,,,,,,0a0e1e4007ab,
NHPC,Repair and Re-commissioning of 05 nos. STP including supply of consumables and spares and two year annual maintenance contract (AMC) of 05 nos. STP at different locations (Mashka and Sarthali) of Sewa-II Power Station (CW-668)”,Unclassified,,,Delisted,NH/Sewa-II/Contracts/CW-668/2024/NIT-26/600 Dated: 09.01.2025,NIT,,,,,,,,,,https://www.nhpcindia.com/welcome/tender,,Bidding Open,,,Yes,,,,,,,,,d8f54c62f4f1,
NHPC,Up-keeping & Maintenance of Hydro-mechanical Equipments of Uri-2 Power Station,Hydro,,,Delisted,GEM/2024/B/5755907,Tender,,,,,,,,,,https://www.nhpcindia.com/welcome/tender,,Bidding Open,,,Yes,,,,,,,,,9ad07c51e519,
NHPC,"Supply, installation, testing and commissioning of total 171 Nos. 20W Solar Street Lights with all accessories.",Solar,,,Delisted,GEM/2025/B/5772589,Tender,,,,,,,,,,https://www.nhpcindia.com/welcome/tender,,Bidding Open,,,Yes,,,,,,,,,423efcf3de47,
NHPC,"Restoration of 30KWP Rooftop Solar Power Plant of Admin office building of CPS-1, Khairi",Rooftop Solar,0.03,,Delisted,NH/CPS-1/P&C/W-1482/2024-25/712 Dated: 07/01/2025,Tender,,,,,,,,,,https://www.nhpcindia.com/welcome/tender,,Bidding Open,,,Yes,30 KWP,,,,,,,,5328a45cba01,
NHPC,"EPC Work of Construction of Package-2: Basic infrastructure of Roads and Street illumination of 600MW(Phase-l) Solar Power Park for the development of 1200 MW Solar Power Park under UMPPRE at Gram Samooh: Mai, Tehsil: Madhogarh, District: Jalaun, Uttar Pradesh",Solar,600.0,Uttar Pradesh,Delisted,NH/CCW/CC-I/CO-357/BSUL/PR/JSP/2024-25/379,Tender,,,,,,,,,,https://www.nhpcindia.com/welcome/tender,,Bidding Open,,,Yes,600 MW,,,,,,,,fc7e6bce4467,
NHPC,"Re-babbitting of retrieved bearing pads of Turbine guide bearing, Lower guide bearing, Upper guide bearing and Thrust bearing of 3X170MW Teesta-V Power Station",Unclassified,170.0,,Delisted,NIT No. NH/TSV/CONT/MC-153/NIT-988/2024-25/296 Dated: 02/01/2025 and E-Tender No. 2025_NHPC_842423_1,NIT,,,,,,,,,,https://www.nhpcindia.com/welcome/tender,,Bidding Open,,,Yes,170 MW,,,,,,,,da580ea91f71,
NHPC,Development of Rooftop Solar Power Projects on Buildings of NHPC Limited in Zone-IV (North East Power Stations) under PM Surya Ghar: Muft Bijli Yojana,Rooftop Solar,,,Delisted,2024_NHPC_838781_1,Tender,,,,,,,,,,https://www.nhpcindia.com/welcome/tender,,Bidding Open,,,Yes,,,,,,,,,2044a8e4f03e,
NHPC,Routine Maintenance of 4X60 MW Hydro-Generating Equipments and Auxiliaries of Uri-II Power Station,Hydro,60.0,,Delisted,GEM/2024/B/5738127,Tender,,,,,,,,,,https://www.nhpcindia.com/welcome/tender,,Bidding Open,,,Yes,60 MW,,,,,,,,167a4c1055d8,
NHPC,Selection of Hybrid Power Developers For Supply of 1200MW (1.2 GW) ISTS (Inter State Transmission System) Connected Wind-Solar Hybrid Power Projects,Wind-Solar Hybrid,1200.0,,Delisted,2024_NHPC_835426_1,Tender,,,,,,,,,,https://www.nhpcindia.com/welcome/tender,,Bidding Open,,,Yes,1200 MW,,,,,,,,d8b29669779a,
NHPC,Scientific Cleaning of water storage tanks related to water supply at Salal Power Station,Unclassified,,,Delisted,"NH/SPS/CD/NIT-12/2024-25/959-968, Dated: 14/12/2024 (2024_NHPC_ 839772_1)",NIT,,,,,,,,,,https://www.nhpcindia.com/welcome/tender,,Bidding Open,,,Yes,,,,,,,,,f8a5f63a574a,
NHPC,"Vibration analysis and dynamic balancing of all three hydro-generating units of Kishanganga Power Station, Bandipora, J&amp;K (PKG-519).",Hydro,,,Delisted,2024_NHPC_839766_1,Tender,,,,,,,,,,https://www.nhpcindia.com/welcome/tender,,Bidding Open,,,Yes,,,,,,,,,82d8b54eeb4d,
NHPC,"Procurement, Manufacturing, Supply, Erection, Testing and Commissioning of new expansion joint at AB-10 anchor block etc. complete in all respect at Sewa-II Power Station, Mashka, DIstt.-Kathua(J&amp;amp;K) (MW-665)",Unclassified,,,Delisted,NH/Sewa-II/Contracts/MW-665/2024/NIT-24/566 Dated: 14.12.2024,NIT,,,,,,,,,,https://www.nhpcindia.com/welcome/tender,,Bidding Open,,,Yes,,,,,,,,,d50acba181e8,
NHPC,"Re-certification of ISO 9001:2015, ISO 14001:2015 & ISO 45001:2018 (Latest Edition) for 03 Years, Regional Office, NHPC Limited, Banikhet.",Unclassified,,,Delisted,GEM/2024/B/5686648 DATED 10.12.2024,Tender,,,,,,,,,,https://www.nhpcindia.com/welcome/tender,,Bidding Open,,,Yes,,,,,,,,,165dcbbb0d79,
NHPC,Purchase of spare control cards for battery chargers installed at Parbati-III Power station,Unclassified,,,Delisted,GEM/2024/B/5676331,Tender,,,,,,,,,,https://www.nhpcindia.com/welcome/tender,,Bidding Open,,,Yes,,,,,,,,,0c09b376822a,
NHPC,"Cleaning of jungle (bushes), removal of deposited soil and providing re-Connection of water supply pipe line from main storage water tank to Field Hostel, Type-C and administrative building at Pamphok, Teesta-VI H E Project, Sikkim",Unclassified,,Sikkim,Delisted,LTHPL/TSVI/PnC/NIT-34/2024/483,NIT,,,,,,,,,,https://www.nhpcindia.com/welcome/tender,,Bidding Open,,,Yes,,,,,,,,,47d47fd0a74e,
NHPC,"Package-1, Works of Boundary survey &amp;amp;amp;amp; marking, Gates chain link fencing of PSS with compound walls and gates all around the periphery of the 600MW (phase-I) Solar power park at Gram Samooh Mai",Solar,600.0,,Delisted,2024_NHPC_838967_1,Tender,,,,,,,,,,https://www.nhpcindia.com/welcome/tender,,Bidding Open,,,Yes,600 MW,,,,,,,,5a02fe84f0dc,
NHPC,"Repair / Re-insulation of overhang portion of 40 Nos. Stator bars and 13 Nos. Jumpers of 110MW Hydro Generator installed at Kishanganga Power Station, Bandipora, J&amp;K (PKG-510).",Hydro,110.0,,Delisted,2024_NHPC_838613_1,Tender,,,,,,,,,,https://www.nhpcindia.com/welcome/tender,,Bidding Open,,,Yes,110 MW,,,,,,,,634806ee0fe4,
NHPC,"Insurance Cover for 50MW Solar Power Project at Theni/ Dindigul District, Tamilnadu for one year (from 07.02.2025 to 06.02.2026)",Solar,50.0,,Delisted,NH/CCW/CC-II/CO-353/PR16024/6,Tender,,,,,,,,,,https://www.nhpcindia.com/welcome/tender,,Bidding Open,,,Yes,50 MW,,,,,,,,96c39401e100,
NHPC,Re-tubing and Repairing of Thrust bearing oil Cooler of Chamera-1 Power Station,Unclassified,,,Delisted,NH/CPS-1/P&C/W-1445/2024-25/598 Dated: 27/11/2024,Tender,,,,,,,,,,https://www.nhpcindia.com/welcome/tender,,Bidding Open,,,Yes,,,,,,,,,0f31bfc63167,
NHPC,Purchase of Stator Coils (TOSHIBA make) for 189 MVA Hydro Generator of Teesta-V Power Station .,Hydro,,,Delisted,GEM/2024/B/5502670,Tender,,,,,,,,,,https://www.nhpcindia.com/welcome/tender,,Bidding Open,,,Yes,,,,,,,,,bcab99c95ddd,
NHPC,"Replacement of Rotating Labyrinths, any repairs required there off and HP-HVOF Coating of Francis Runner of 60 MW Hydro-Generator of Uri-II Power station for FY 2024-25.",Hydro,60.0,,Delisted,2024_NHPC_836477_1,Tender,,,,,,,,,,https://www.nhpcindia.com/welcome/tender,,Bidding Open,,,Yes,60 MW,,,,,,,,c2b43c58d27c,
NHPC,"Pre-Commissioning/ Commissioning/ Post-Commissioning activities of Unit #1, 2, 3 &amp; Unit#4 and its Accessories of Power House of Parbati H.E. Project, Stage-II (4 X 200 MW; Pelton Turbines) (Package No. C-791).",Unclassified,200.0,,Delisted,2024_NHPC_835735_1,Tender,,,,,,,,,,https://www.nhpcindia.com/welcome/tender,,Bidding Open,,,Yes,200 MW,,,,,,,,ce90d31fa850,
NHPC,"Re-construction of 11 by 0.415 KV Electrical Sub-station along with HT line, HT and LT Panels, and other associated works, at Dikchu Dam site of Teesta-V Power Station NHPC Ltd, damaged due to land slide",Unclassified,,,Delisted,NIT No. NH/TSV/CONT/EC-129/NIT- 973/2024-25/332 Dated: 15/11/2024 & E-Tender id: 2024_NHPC_834734_1,NIT,,,,,,,,,,https://www.nhpcindia.com/welcome/tender,,Bidding Open,,,Yes,,,,,,,,,997299a07105,
NHPC,"Re-babbitting of retrieved bearing pads of Turbine guide bearing, Lower guide bearing, Upper guide bearing & Thrust bearing of 3X170MW Teesta-V Power Station",Unclassified,170.0,,Delisted,RFP- NIT No. NH/TSV/Cont/MC-153/NIT-972/2024-25/328 Dated: 14/11/2024 & E-Tender No. 2024_NHPC_ 835017 _1,RfP,,,,,,,,,,https://www.nhpcindia.com/welcome/tender,,Bidding Open,,,Yes,170 MW,,,,,,,,b685d76a21e1,
NHPC,Purchase of various types of Hydromechanical gate rubber seals,Unclassified,,,Delisted,"GEM/2024/B/5546207, Dated: 28-10-2024",Tender,,,,,,,,,,https://www.nhpcindia.com/welcome/tender,,Bidding Open,,,Yes,,,,,,,,,24cab9c1f9d6,
NHPC,"Operation &amp;amp;amp;amp; maintenance of sewage treatment plant (STP), collection of hydro meteorological data/Instrumentation data for Teesta-V PS",Hydro,,,Delisted,NH/TSV/Cont/RM-202/NIT-961/2024-25/267 Dated: 22/10/2024,NIT,,,,,,,,,,https://www.nhpcindia.com/welcome/tender,,Bidding Open,,,Yes,,,,,,,,,5c4255d16d24,
NHPC,"Repair / Re-insulation of overhang portion of 40 Nos. Stator bars and 13 Nos. Jumpers of 110MW Hydro Generator installed at Kishanganga Power Station, Bandipora, J&amp;amp;amp;K (PKG-510).",Hydro,110.0,,Delisted,2024_NHPC_831722_1,Tender,,,,,,,,,,https://www.nhpcindia.com/welcome/tender,,Bidding Open,,,Yes,110 MW,,,,,,,,1cf009ef92e7,
NHPC,"Construction of a Pucca Footpath (Tiles) at Ward No. 8 Mashka, near NHPC Sewa-II Power Project (Approx 100mtr from the Switchyard (CSR-658)”",Unclassified,,,Delisted,NH/Sewa-II/Contracts/CSR-658/2024/NIT-17/503 Dated: 16.10.2024,NIT,,,,,,,,,,https://www.nhpcindia.com/welcome/tender,,Bidding Open,,,Yes,,,,,,,,,ad3872d9dac2,
NHPC,"Cleaning and disinfecting of water storage tanks for water supply system of township and others locations of CPS-II, Karian, Chamba (E-FILE-127784)",Unclassified,,,Delisted,E-FILE-127784/2024-25/23,Tender,,,,,,,,,,https://www.nhpcindia.com/welcome/tender,,Bidding Open,,,Yes,,,,,,,,,39538bc56589,
NHPC,"Annual Maintenance of Hydro Mechanical equipment/gates installed at Baira Dam, Bhaledh Trench, Siul Weir and TRC gates, PRV gate at Power House Complex",Hydro,,,Delisted,NH/BSPS/CC/HM/33/2024-25/296,Tender,,,,,,,,,,https://www.nhpcindia.com/welcome/tender,,Bidding Open,,,Yes,,,,,,,,,2318a4eadcd8,
NHPC,Selection of Solar Power Generators For Setting up of 1200 MW ISTS Connected Solar Power Projects on anywhere in India basis under TBCB with Green Shoe Option (NH PC-Tranche-IX-Solar (2024-25)),Solar,1200.0,,Delisted,2024_NHPC_825552_1,Tender,,,,,,,,,,https://www.nhpcindia.com/welcome/tender,,Bidding Open,,,Yes,1200 MW,,,,,,,,00b49622b677,
NHPC,Development of Rooftop Solar Power Projects on Buildings of NHPC Limited at the various locations under PM Surya Ghar: Muft Bijli Yojana,Rooftop Solar,,,Delisted,NH/CCW/CC-I/CO-339/PR16924/11 dt. 17.09.2024,Tender,,,,,,,,,,https://www.nhpcindia.com/welcome/tender,,Bidding Open,,,Yes,,,,,,,,,379df33e02c9,
NHPC,"Supply, fixing/assembling / testing and on site re-tubing of Generator Plug in oil coolers for combined bearing (thrust and upper guide) of Sewa-II Power Station.",Unclassified,,,Delisted,GEM/2024/B/5418139 Dated: 28-09-2024,Tender,,,,,,,,,,https://www.nhpcindia.com/welcome/tender,,Bidding Open,,,Yes,,,,,,,,,bb2432fafa11,
NHPC,Selection of Solar Power Generators For Setting up of 1.2 GW ISTS Connected Solar Power Projects with 600MW/1200MWh (ESS) on anywhere in India basis under TTBCB with Green Shoe Option (NHPC-Tranche-VIII-Solar with Storage (2024-25)),Solar + Storage,600.0,,Delisted,2024_NHPC_821806_1,Tender,,,,,,,,,,https://www.nhpcindia.com/welcome/tender,,Bidding Open,,,Yes,600 MW,,,,,,,,929bdfafc0df,
NHPC,"Supply, installation and commissioning of 65 nos. 30 Watt solar street light complete and accessories for making functional 30 nos. existing non-functional solar street lights of KGPS colony, Bandipora (PKG-498).",Solar,,,Delisted,2024_NHPC_826286_1,Tender,,,,,,,,,,https://www.nhpcindia.com/welcome/tender,,Bidding Open,,,Yes,,,,,,,,,31bcb0ccde9a,
NHPC,"Round the Clock Operation of E&M Plant and Machinery at Power House, Transformer Cavern, Valve House and 220 KV Switchyard of 3x110 MW Kishanganga Power Station, Bandipora, J &K (PKG-497)",Round-the-Clock / CfD / Trading,110.0,,Delisted,GEM/2024/B/5258295,Tender,,,,,,,,,,https://www.nhpcindia.com/welcome/tender,,Bidding Open,,,Yes,110 MW,,,,,,,,84b486478b03,
NHPC,Annual Maintenance Contract (AMC) for 02 years of 220Volt DC & 48 Volt DC Battery Chargers of Sewa-II Power Station (SC-648),Unclassified,,,Delisted,GEM/2024/B/5354865 Dated 11.09.2024,Tender,,,,,,,,,,https://www.nhpcindia.com/welcome/tender,,Bidding Open,,,Yes,,,,,,,,,1a2e98b82774,
NHPC,Providing services for the testing of cable anchors for residual stress and re-stressing the same to required level (to 420 Kg/sq.cm pressure) complete in all respect.,Unclassified,,,Delisted,NH/CPS-1/P&C/W-1462/2024-25/483 Dated:09/09/2024 (GEM/2024/B/5376538),Tender,,,,,,,,,,https://www.nhpcindia.com/welcome/tender,,Bidding Open,,,Yes,,,,,,,,,6b9fb4b51c2f,
NHPC,"Replacement of Maintenance and Service Seal of MIV of 01 nos Generating Unit of Sewa-II Power Station, Mashka, Distt.-Kathua (J&K) (MW-649)",Unclassified,,Jammu and Kashmir,Delisted,NH/Sewa-II/Contracts/MW-649/2024/NIT-12/452 Dated: 07.09.2024,NIT,,,,,,,,,,https://www.nhpcindia.com/welcome/tender,,Bidding Open,,,Yes,,,,,,,,,f4dc3766007f,
NHPC,Repair along with HP-HVOF coating of Runner (1 Nos.) and Guidevane set (2 sets) for 3X100 MW Francis hydro turbines of Chamera-II Power Station.,Hydro,100.0,,Delisted,2024_NHPC_ 824245_1,Tender,,,,,,,,,,https://www.nhpcindia.com/welcome/tender,,Bidding Open,,,Yes,100 MW,,,,,,,,04ff7091d1cb,
NHPC,"Dewatering of surface penstock at two (02) locations during replacement of expansion joint at Sewa-II Power Station, Mashka, Distt.-Kathua (J&K) (MW-652)",Unclassified,,Jammu and Kashmir,Delisted,NH/Sewa-II/Contracts/MW-652/2024/NIT-11/447 Dated: 04.09.2024,NIT,,,,,,,,,,https://www.nhpcindia.com/welcome/tender,,Bidding Open,,,Yes,,,,,,,,,bf9ac71b975d,
NHPC,Providing services for Routine Electrical Maintenance work of Electro- mechanical systems of Teesta-V Power House excluding Annual /Capital Maintenance works of Units and associated system for smooth running of (3 x170 )MW generating units and Associated,Unclassified,,,Delisted,NH/TSV/Cont/RM-191/NIT-948/2024-25/179 Dated: 03/09/2024,NIT,,,,,,,,,,https://www.nhpcindia.com/welcome/tender,,Bidding Open,,,Yes,,,,,,,,,edbf433c525a,
NHPC,"Round the Clock Maintenance of E&M Plant and Machinery at Power House, Transformer Cavern, Valve House and Switchyard of 3x110 MW Kishanganga Power Station, Bandipora, J &K (PKG-493).",Round-the-Clock / CfD / Trading,110.0,,Delisted,GEM/2024/B/5208466,Tender,,,,,,,,,,https://www.nhpcindia.com/welcome/tender,,Bidding Open,,,Yes,110 MW,,,,,,,,82ba5ef5992b,
NHPC,Cleaning of water storage tanks at various locations of Sewa-II Power Station (For 02 years) (SC-637),Unclassified,,,Delisted,GEM/2024/B/5249654 Dated 06.08.2024,Tender,,,,,,,,,,https://www.nhpcindia.com/welcome/tender,,Bidding Open,,,Yes,,,,,,,,,4a20d62b6be2,
NHPC,"Annual Maintenance of Two Nos. Hydro-generating units (Pelton Turbine) of 3X110 MW Kishanganga Power Station, Bandipora, J&K (PKG-492).",Hydro,110.0,Jammu and Kashmir,Delisted,GEM/2024/B/5196393 Dated: 02.08.2024,Tender,,,,,,,,,,https://www.nhpcindia.com/welcome/tender,,Bidding Open,,,Yes,110 MW,,,,,,,,fc0e3027f619,
NHPC,"Cleaning of jungle (bushes), removal of deposited soil and providing re-Connection of water supply pipe line from main storage water tank to Field Hostel, Type-C and administrative building at Pamphok, Teesta-VI H E Project, Sikkim.",Unclassified,,Sikkim,Delisted,LTHPL/TSVI/PNC/NIT-34/2024/454,NIT,,,,,,,,,,https://www.nhpcindia.com/welcome/tender,,Bidding Open,,,Yes,,,,,,,,,5017d0c6c9b5,
NHPC,Selection of Wind Power Developers for Supply of 600MW power from ISTS connected Wind Power Projects on anywhere in India basis under Tariff Based Competitive Bidding (TBCB) (NHPC-Tranche-VII-WIND (2024-25),Wind,600.0,,Delisted,2024_NHPC_816303_1,Tender,,,,,,,,,,https://www.nhpcindia.com/welcome/tender,,Bidding Open,,,Yes,600 MW,,,,,,,,ba8a754ee931,
NHPC,"Upgradation of 04 no’s work stations of SCADA (Windows 7 Professional to Windows 10 with software to be provided by OEM) installed at Power House Control Room of Kishanganga Power Station,Bandipora",Unclassified,,,Delisted,GEM/2024/B/4981105,Tender,,,,,,,,,,https://www.nhpcindia.com/welcome/tender,,Bidding Open,,,Yes,,,,,,,,,b108825b1a8b,
NHPC,"SUPPLY, ERECTION, TESTING AND COMMISSIONING OF HYDRAULIC TRASH RACK CLEANING MACHINE FOR SALAL POWER STATION (690 MW)",Unclassified,690.0,,Delisted,GEM/2024/B/5103359,Tender,,,,,,,,,,https://www.nhpcindia.com/welcome/tender,,Bidding Open,,,Yes,690 MW,,,,,,,,fd711938bfcf,
NHPC,Repair of Thrust Bearing Mirror Disc of 60 MW Francis Turbine of Baira Siul Power Station,Unclassified,60.0,,Delisted,NH/BSPS/CC/PH/13/2024-25/142,Tender,,,,,,,,,,https://www.nhpcindia.com/welcome/tender,,Bidding Open,,,Yes,60 MW,,,,,,,,b18a8a06b32b,
NHPC,Re-tubing and Repairing of Thrust bearing oil Cooler of Chamera-1 Power Station.,Unclassified,,,Delisted,NH/CPS-1/P&C/W-1445/2024-25/268 Dated:- 28/06/2024,Tender,,,,,,,,,,https://www.nhpcindia.com/welcome/tender,,Bidding Open,,,Yes,,,,,,,,,c8f53b303f1d,
NHPC,Selection of RE Power Developers For Supply of 1200MW Firm & Dispatchable power (Assured Peak Power Supply) from ISTS connected Renewable Energy Power Projects coupled with Energy Storage System (ESS) on ‘anywhere in India’ basis under TBCB with “GREENSHOE OPTION,Energy Storage (BESS),1200.0,,Delisted,2024_NHPC_813414 _1,Tender,,,,,,,,,,https://www.nhpcindia.com/welcome/tender,,Bidding Open,,,Yes,1200 MW,,,,,,,,98dfe946113f,
NHPC,"Topographical Survey of Project area for Kamala Hydroelectric Project (1800 MW), Arunachal Pradesh",Hydro,1800.0,Arunachal Pradesh,Delisted,GEM/2024/B/5095388,Tender,,,,,,,,,,https://www.nhpcindia.com/welcome/tender,,Bidding Open,,,Yes,1800 MW,,,,,,,,6c37739193e5,
NHPC,Providing services for Routine Mechanical Maintenance Work of Teesta-V Power House Excluding Annual / Capital Maintenance Works for Smooth Running of 3x170 MW Generating Units and Associated System for the period of two (2) years,Unclassified,170.0,,Delisted,NH/TSV/Cont/RM-192/NIT-921/2024-25/83 Dated: 26/06/2024,NIT,,,,,,,,,,https://www.nhpcindia.com/welcome/tender,,Bidding Open,,,Yes,170 MW,,,,,,,,b60fc66c044b,
NHPC,"Package-6, Modification of Diversion Tunnel into Tunnel Spillway Arrangement - Civil & HM Works (Tunnel Spillway, Adit to GOC, GOC Gate Shaft, Inlet Bell Mouth, Outlet Concrete Dyke and Energy Dissipation Arrangement) for Teesta-V Power Station, Sikkim",Unclassified,,Sikkim,Delisted,2024_NHPC_812702_1,Tender,,,,,,,,,,https://www.nhpcindia.com/welcome/tender,,Bidding Open,,,Yes,,,,,,,,,c0a8788305e9,
NHPC,"Re-tubing of old and used Generator coolers (07 nos. stator air coolers, 04 nos. LGB coolers and 08 nos. UGB coolers).",Unclassified,,,Delisted,NH-RPS-PH012(13)/5/2023-PH/34,Tender,,,,,,,,,,https://www.nhpcindia.com/welcome/tender,,Bidding Open,,,Yes,,,,,,,,,ef1d92f9d89b,
NHPC,Annual/Capital Maintenance of 4 X 60MW Hydro-Generating Units of Uri-II Power Station as per scope of work for period of two successive maintenance year i.e. 2024-25 and 2025-26,Hydro,60.0,,Delisted,GEM/2024/B/4946744,Tender,,,,,,,,,,https://www.nhpcindia.com/welcome/tender,,Bidding Open,,,Yes,60 MW,,,,,,,,11bfb5d2c139,
NHPC,Selection of Solar Power Generators For Setting up of 1200 MW (1.2 GW) ISTS Connected Solar Power Projects on anywhere in India basis under TBCB,Solar,1200.0,,Delisted,2024_NHPC_809331_1,Tender,,,,,,,,,,https://www.nhpcindia.com/welcome/tender,,Bidding Open,,,Yes,1200 MW,,,,,,,,922bf2d72cf9,
NHPC,Hiring of External Agency/ Consultant for preparation of DPR for 1800 MW Savitri Pump Storage Project,Unclassified,1800.0,,Delisted,NH/CCW/CC-II/CO-318/PR16923/52,Tender,,,,,,,,,,https://www.nhpcindia.com/welcome/tender,,Bidding Open,,,Yes,1800 MW,,,,,,,,46f3ccf82938,
NHPC,"EPC Contract for Design, Engineering, Supply, Construction, Erection, Testing, and Commissioning of 200 MW Grid connected Solar PV Power Project in GSECL’s RE Solar Park at Khavda (Stage-3), Gujarat with Comprehensive O & M for five years.",Solar,200.0,Gujarat,Delisted,2024_NHPC_805733_1,Tender,,,,,,,,,,https://www.nhpcindia.com/welcome/tender,,Bidding Open,,,Yes,200 MW,,,,,,,,7417f80eaed2,
NHPC,Consultancy Services for Preparation of Pre-Feasibility Reports (PFR) for two pumped storage projects in Maharashtra (Kalu PSP) and Tripura (Longthrai PSP,Pumped Storage,,Maharashtra,Delisted,GEM/2024/B/4916736,Tender,,,,,,,,,,https://www.nhpcindia.com/welcome/tender,,Bidding Open,,,Yes,,,,,,,,,5885257d0ea3,
NHPC,Carrying out Annual Maintenance and Repair of underwater parts of three Generating Units of 3X60 MW of BSPS,Unclassified,60.0,,Delisted,NH/BSPS/CC/PH/03/2024-25/66,Tender,,,,,,,,,,https://www.nhpcindia.com/welcome/tender,,Bidding Open,,,Yes,60 MW,,,,,,,,a26b476e11dd,
NHPC,"Supply, installation, testing and commissioning of license free Walkie Talkie sets (Make: Skyfone , Model :S-111) including charger, battery, clip etc. & spare battery for license free Walkie Talkie sets of Make: Skyfone , Model :S-111",Unclassified,,,Delisted,GEM/2024/B/4823850,Tender,,,,,,,,,,https://www.nhpcindia.com/welcome/tender,,Bidding Open,,,Yes,,,,,,,,,1c8ff91df3b5,
NHPC,"Providing Insurance Cover during O&M period for 50MW Wind Power Project at Jaisalmer, Rajasthan for one year w.e.f. 19.06.24 to 18.06.25",Wind,50.0,Rajasthan,Delisted,GEM/2024/B/4856537,Tender,,,,,,,,,,https://www.nhpcindia.com/welcome/tender,,Bidding Open,,,Yes,50 MW,,,,,,,,4243f5a25dc3,
NHPC,"Lot- 5B Package for Hydro-Mechanical Works for Intake and Draft Tube Gates & Hoists of Dibang Multipurpose Project, 2880 MW , located in Lower Dibang Valley District in the State of Arunachal Pradesh, India",Hydro,2880.0,Arunachal Pradesh,Delisted,2024_NHPC_803559_1,Tender,,,,,,,,,,https://www.nhpcindia.com/welcome/tender,,Bidding Open,,,Yes,2880 MW,,,,,,,,8886f889af12,
NHPC,Hydrographic Survey upto 32.50 km downstream of Dul Dam in Chenab river for Dam Break Analysis / Flood Routing and preparation of Inundation Map (for EAP),Unclassified,,,Delisted,NH/DPS/CONT/NIT-182/2024/E113767 dated 06.04.2024,NIT,,,,,,,,,,https://www.nhpcindia.com/welcome/tender,,Bidding Open,,,Yes,,,,,,,,,ff16a4b6d684,
NHPC,"Hydrographic Survey of Dul Dam Reservoir & Cross Section for EWS at DPS, Kishtwar for year 2024 and year 2025",Unclassified,,,Delisted,NH/DPS/CONT/NIT-181/2024/E111134 dated 05.04.2024,NIT,,,,,,,,,,https://www.nhpcindia.com/welcome/tender,,Bidding Open,,,Yes,,,,,,,,,473a0fe18d7a,
NHPC,"Supply, Installation, Testing and Commissioning of Fire Fighting and Protection System of Oil Pumping Units of MIV and Governor installed in Power House of Sewa-II Power Station, Mashka, Distt.-Kathua (JK) (MW-609)",Unclassified,,,Delisted,NH/Sewa-II/Contracts/MW-609/2023/NIT-25/296 Dated 21.03.2024,NIT,,,,,,,,,,https://www.nhpcindia.com/welcome/tender,,Bidding Open,,,Yes,,,,,,,,,c71ed221fcba,
NHPC,"Repair, Machining, Stress Relieving and HP-HVOF Coating of Runner and Guide Vanes of 60 MW Francis Turbine of Baira Siul Power Station",Unclassified,60.0,,Delisted,NH/BSPS/CC/PH/71/2023-24/618,Tender,,,,,,,,,,https://www.nhpcindia.com/welcome/tender,,Bidding Open,,,Yes,60 MW,,,,,,,,f426e95e18e4,
NHPC,Selection of RE Power Developers For Supply of 1200MW ‘Firm & Dispatchable’ power from ISTS connected (TBCB) - Tranche-II,Unclassified,1200.0,,Delisted,2024_NHPC_800202_1,Tender,,,,,,,,,,https://www.nhpcindia.com/welcome/tender,,Bidding Open,,,Yes,1200 MW,,,,,,,,1f18ada152ec,
NHPC,"Procurement, Manufacturing, Supply, Erection, Testing and Commissioning of new expansion joint at AB-10 anchor block etc. complete in all respect at Sewa-II Power Station, Mashka, Distt.-Kathua (JK) (MW-599)",Unclassified,,,Delisted,NH/Sewa-II/Contracts/MW-599/2024/NIT-23/277 Dtd. 02.03.2024,NIT,,,,,,,,,,https://www.nhpcindia.com/welcome/tender,,Bidding Open,,,Yes,,,,,,,,,df4046d9f847,
NHPC,Hydrographic survey of Salal Dam reservoir at Dhyangarh for year 2024-25,Unclassified,,,Delisted,NH/SPS/CD/NIT-27/2023-24/1043-53 dt 24-02-2024 (Tender ID 2024_NHPC_797413_1 ),NIT,,,,,,,,,,https://www.nhpcindia.com/welcome/tender,,Bidding Open,,,Yes,,,,,,,,,eb591d6556c2,
NHPC,“Providing assistance services for hydro meteorological work of Dibang Multipurpose Project at various G&D sites and rain gauge stations”,Hydro,,,Delisted,GEM/2024/B/4531978,Tender,,,,,,,,,,https://www.nhpcindia.com/welcome/tender,,Bidding Open,,,Yes,,,,,,,,,39d358604030,
NHPC,"“ Supply, installation, testing and commissioning of license free Walkie Talkie sets (Make: Skyfone , Model :S-111) including charger, battery, clip etc. & spare battery for license free Walkie Talkie sets of Make: Skyfone , Model :S-111”,",Unclassified,,,Delisted,GEM/2024/B/4545138,Tender,,,,,,,,,,https://www.nhpcindia.com/welcome/tender,,Bidding Open,,,Yes,,,,,,,,,01d49b9405c6,
NHPC,Supply of 1200MW power from ISTS connected Wind Power Projects under Tariff Based Competitive Bidding (TBCB),Wind,1200.0,,Delisted,2024_NHPC_ 789236_1,Tender,,,,,,,,,,https://www.nhpcindia.com/welcome/tender,,Bidding Open,,,Yes,1200 MW,,,,,,,,32ef02cfec89,
NHPC,"Supply, Installation, Testing and Commissioning of Fire Fighting and Protection System of Oil Pumping Units of MIV and Governor installed in Power House of Sewa-II Power Station, Mashka, Distt.-Kathua (J&K) (MW-609)",Unclassified,,Jammu and Kashmir,Delisted,NH/Sewa-II/Contracts/MW-609/2023/NIT-21/239 Dated 25.01.2024,NIT,,,,,,,,,,https://www.nhpcindia.com/welcome/tender,,Bidding Open,,,Yes,,,,,,,,,f0d8d6119742,
NHPC,"Re-Wiring of Admin Building-II (GM Office) at Salal Power Station, Jyotipuram",Unclassified,,,Delisted,NH/SPS/CD/NIT-21/2023-24/909-919 (Tender ID 2024_NHPC_791247_1),NIT,,,,,,,,,,https://www.nhpcindia.com/welcome/tender,,Bidding Open,,,Yes,,,,,,,,,2f090e422def,
NHPC,"Comprehensive AMC of Window/ Split/ Cassette Type Air Conditioners & Water Coolers in NHPC Residential Complex, Sector-41, Faridabad for Two Years.",Unclassified,,,Delisted,2024_NHPC_791388_1,Tender,,,,,,,,,,https://www.nhpcindia.com/welcome/tender,,Bidding Open,,,Yes,,,,,,,,,973f98d8eb95,
NHPC,"Engineering, Procurement & Construction (EPC) Contract for Setting up of Pilot Project for Green Hydrogen based Mobility Station at District- Chamba, Himachal Pradesh along with Comprehensive O&M of 03 Years",Green Hydrogen / Derivatives,,Himachal Pradesh,Delisted,2023_NHPC_775293_1,Tender,,,,,,,,,,https://www.nhpcindia.com/welcome/tender,,Bidding Open,,,Yes,,,,,,,,,ff0074150374,
NHPC,Facility Management Service- R&M of office & field hostel 2024-2026 (2 years),Solar,,Tamil Nadu,Delisted,GEM/2023/B/4366848,Tender,,,,,,,,,,https://www.nhpcindia.com/welcome/tender,,Bidding Open,,,Yes,,,,,,,,,9e7a2579f37e,
NHPC,Expression of Interest (EOI) From Any Indian/Global Company FOR “Empanelment with NHPC Ltd regarding the Development of Offshore Wind Power Projects in India”,Wind,,,Delisted,2024_NHPC_788618_2,EOI,,,,,,,,,,https://www.nhpcindia.com/welcome/tender,,Bidding Open,,,Yes,,,,,,,,,81c8e3b84bf8,
NHPC,"Hiring of R&M Services for Running and Maintenance of Office Cum Field Hostel of 50 MW Wind Power Project , Jaisalmer of NHPC Ltd.",Wind,50.0,,Delisted,NH/WPPJ/2023/124 dated 29.12.2023,Tender,,,,,,,,,,https://www.nhpcindia.com/welcome/tender,,Bidding Open,,,Yes,50 MW,,,,,,,,2f510fa8451a,
NHPC,"Re-construction of 11/0.415 KV Electrical Sub-station along with HT line, HT & LT Panels, and other associated works, at Dikchu Dam site of Teesta-V Power Station NHPC Ltd, damaged due to land slide",Unclassified,,,Delisted,NH/TSV/Cont/EC-129/NIT-885/2023-24/785 Dated : 04/01/2024,NIT,,,,,,,,,,https://www.nhpcindia.com/welcome/tender,,Bidding Open,,,Yes,,,,,,,,,ab71659c4c5c,
NHPC,Selection of Wind Power Developers For Supply of 1300MW power from ISTS connected Wind Power Projects under Tariff Based Competitive Bidding (TBCB),Wind,1300.0,,Delisted,2023_NHPC_786564_1,Tender,,,,,,,,,,https://www.nhpcindia.com/welcome/tender,,Bidding Open,,,Yes,1300 MW,,,,,,,,c02dda34e619,
NHPC,Repair of damaged 30 (Thirty) stator bars of 110MW Hydro generator installed at Kishanganga Power Station (PKG-462).,Hydro,110.0,,Delisted,2023_NHPC_788147_1,Tender,,,,,,,,,,https://www.nhpcindia.com/welcome/tender,,Bidding Open,,,Yes,110 MW,,,,,,,,0e26a60e6616,
NHPC,"Supply, erection, testing and commissioning of 11 kV overhead line with Aerial bunched cables from Y-Junction to Dam Intake of NHPC Subansiri Lower Hydroelectric Project, Dollungmukh, Arunachal Pradesh",Hydro,,Arunachal Pradesh,Delisted,NH/SLP/CONT/2023/C-15/NIT/786 दिनांक : 29/12/2023,NIT,,,,,,,,,,https://www.nhpcindia.com/welcome/tender,,Bidding Open,,,Yes,,,,,,,,,45aead237a82,
NHPC,"Procurement, Manufacturing, Supply, Erection, Testing and Commissioning of new expansion joint at AB-10 anchor block etc complete in all respect at Sewa-II Power Station, Mashka, Distt.-Kathua (J&K) (MW-599)",Unclassified,,Jammu and Kashmir,Delisted,NH/Sewa-II/Contracts/MW-599/2023/NIT-19/202 Dated 18.12.2023,NIT,,,,,,,,,,https://www.nhpcindia.com/welcome/tender,,Bidding Open,,,Yes,,,,,,,,,b908284efe00,
NHPC,"Repair of oil pipe line, pressure testing, condenser coil cleaning and SITC of DYNA View display of Trane make Chillers (RTAC-200) installed at Sewa-II Power House (MW-603)",Unclassified,,,Delisted,NH/Sewa-II/Contracts/MW-603/2023/NIT-18/201 Dated 18.12.2023,NIT,,,,,,,,,,https://www.nhpcindia.com/welcome/tender,,Bidding Open,,,Yes,,,,,,,,,60734b983656,
NHPC,Calling service engineer (OEM) of HMC for servicing/inspection during Annual Maintenance of Generating units of 3x110 MW Kishanganga Power station(PKG-452).,Unclassified,110.0,,Delisted,2023_NHPC_784946_1,Tender,,,,,,,,,,https://www.nhpcindia.com/welcome/tender,,Bidding Open,,,Yes,110 MW,,,,,,,,b02984822337,
NHPC,"Replacement of Rotating Labyrinths, any repairs required there off and HP-HVOF Coating of Francis Runner of 60 MW Hydro-Generator of Uri-II Power station for FY 2023-24",Hydro,60.0,,Delisted,2023_NHPC_781604_1,Tender,,,,,,,,,,https://www.nhpcindia.com/welcome/tender,,Bidding Open,,,Yes,60 MW,,,,,,,,919a8c10240b,
NHPC,"Re-drilling and washing of drainage holes in drainage gallery of power house, CPS-1.",Unclassified,,,Delisted,2023_NHPC_779974_1,Tender,,,,,,,,,,https://www.nhpcindia.com/welcome/tender,,Bidding Open,,,Yes,,,,,,,,,d5c769318c3a,
NHPC,For Selection of Hybrid Power Developers For Supply of 1500MW power from ISTS connected Wind-Solar Hybrid Power Projects system on ‘anywhere in India’ basis under Tariff Based Competitive Bidding (TBCB),Wind-Solar Hybrid,1500.0,,Delisted,2023_NHPC_778283_1,Tender,,,,,,,,,,https://www.nhpcindia.com/welcome/tender,,Bidding Open,,,Yes,1500 MW,,,,,,,,53b15f8036c8,
NHPC,"Package-I : Construction of Civil works of Diversion tunnels, HM works of Diversion tunnels, Road Tunnel, Temporary and Permanent Roads, 2 no. Temporary Bridges, upstream and downstream Coffer Dams, Dam & Spillway, Plunge pool, Main & Auxiliary Intakes, Pressure tunnels/Shafts (Main & Auxiliary), Underground Power House, Busducts/tunnels, Underground Transformer Cavern, Draft tube tunnels, Cable tunnel, Ventilation tunnel, Downstream Surge Chamber, Pothead Yard, Tail race tunnels for Main & Auxiliary plant & other associated adits/structures for 500MW Dugar Hydro Electric Project Located at Luj village in Chamba district of Himachal Pradesh India.",Hydro,500.0,Himachal Pradesh,Delisted,2023_NHPC_775644_1,Tender,,,,,,,,,,https://www.nhpcindia.com/welcome/tender,,Bidding Open,,,Yes,500 MW,,,,,,,,3ca66b087754,
NHPC,"Supply and Installation of spares for 01 No. Battery Charger rating 220 SP10 FCBC, HBL make for Teesta-V Power Station",Unclassified,,,Delisted,NH/TSV/Cont/EC-146/NIT-871/2023-24/698 Dated: 03/11/2023,NIT,,,,,,,,,,https://www.nhpcindia.com/welcome/tender,,Bidding Open,,,Yes,,,,,,,,,e5dd2e9701ca,
NHPC,Conducting Post monsoon Hydrographic survey in the reservoir of Uri-II Power Station,Unclassified,,,Delisted,GEM/2023/B/4099214,Tender,,,,,,,,,,https://www.nhpcindia.com/welcome/tender,,Bidding Open,,,Yes,,,,,,,,,c78c1031c4f5,
NHPC,"Supply, erection, testing and commissioning of 11 kV overhead line with Aerial bunched cables from Y-Junction to Dam Intake of NHPC Subansiri Lower Hydroelectric Project, Dollungmukh, Arunachal Pradesh",Hydro,,Arunachal Pradesh,Delisted,NH/SLP/CONT/2023/C-15/NIT/639,NIT,,,,,,,,,,https://www.nhpcindia.com/welcome/tender,,Bidding Open,,,Yes,,,,,,,,,27af1087145d,
NHPC,"Engineering Procurement and Construction (EPC) contract for development of 40 MW Capacity Solar Power Project and associated 220 KV Transmission line for connectivity at 220 KV OPTCL Transmission System through LILO Provision along with comprehensive O&M for 05 (Five) years at at Village-Landeihil, Tehsil-Jaganath Prasad, Distt-Ganjam, Odisha",Transmission / Evacuation,40.0,Odisha,Delisted,NH/CCW/CC-III/CO-266/PR16623/2,Tender,,,,,,,,,,https://www.nhpcindia.com/welcome/tender,,Bidding Open,,,Yes,40 MW,,,,,,,,c1d9da22045b,
NHPC,Routine Maintenance of 4X60 MW Hydro Generating Equipment and Auxiliaries of Uri-2 Power Station for 12 Months,Hydro,60.0,,Delisted,GEM/2023/B/3895352,Tender,,,,,,,,,,https://www.nhpcindia.com/welcome/tender,,Bidding Open,,,Yes,60 MW,,,,,,,,0d06658b82c7,
NHPC,"Supply, Erection, Testing and Commissioning of Street Light along road from Volvo Point to NHPC main gate(CISF check gate) and in between Field Hostels-I&II;, NHPC Colony, Subansiri Lower Hydroelectric Project, Gerukamukh, Assam",Hydro,,Assam,Delisted,NH/SLP/CONT/2023/C-32/NIT/609,NIT,,,,,,,,,,https://www.nhpcindia.com/welcome/tender,,Bidding Open,,,Yes,,,,,,,,,4d82c26e400d,
NHPC,"Cleaning and Disinfection of Storage Water Tanks for Water Supply and Distribution System of Township at BSPS, Surangani for a period of Two Years",Unclassified,,,Delisted,NH/BSPS/CC/CW/23/2023-24/194,Tender,,,,,,,,,,https://www.nhpcindia.com/welcome/tender,,Bidding Open,,,Yes,,,,,,,,,6c80cac78597,
NHPC,Engagement of consultant for Survey and Investigation and preparation of Evaluation report of Potential Floating Solar Capacities on the selected Reservoirs/water Bodies in the State of Maharashtra,Floating Solar,,Maharashtra,Delisted,GEM/2023/B/3961229,Tender,,,,,,,,,,https://www.nhpcindia.com/welcome/tender,,Bidding Open,,,Yes,,,,,,,,,24ad089cf0b2,
NHPC,"Construction of 2 Nos. Shed for storage of lubricants and boundary wall at Power House Complex of Sewa-II Power Station, Mashka, Distt.-Kathua (J&K) (CW-596)",Unclassified,,Jammu and Kashmir,Delisted,NH/Sewa-II/Contracts/CW-596/2023/NIT-10/108 Dated 13.09.2023,NIT,,,,,,,,,,https://www.nhpcindia.com/welcome/tender,,Bidding Open,,,Yes,,,,,,,,,a7170b5639e6,
NHPC,"Repair, replacement of lower moving labyrinth, static balancing and HP-HVOF coating of one number Runner of 130 MW Francis Turbine of Parbati-3 Power Station",Unclassified,130.0,,Delisted,NH/PPS-III/NIT/PR11923/116/1/175 Dated: 02/09/2023,NIT,,,,,,,,,,https://www.nhpcindia.com/welcome/tender,,Bidding Open,,,Yes,130 MW,,,,,,,,cfb53d1c988f,
NHPC,Scientific Cleaning of Water Storage Tanks related to water supply at Jyotipuram,Unclassified,,,Delisted,NH/SPS/CD/NIT-08/2023-24/311-320,NIT,,,,,,,,,,https://www.nhpcindia.com/welcome/tender,,Bidding Open,,,Yes,,,,,,,,,4067d1327614,
NHPC,"Annual maintenance of units, its ancillaries, transformer & switchgear with levelling/centering, alignment & dynamic balancing of two nos. of Hydro-generating units at 3X40 MW Sewa-II Power Station (MW-588)",Hydro,40.0,,Delisted,NH/Sewa-II/Contracts/MW-588/2023/NIT-08/94 Dated: 14.08.2023,NIT,,,,,,,,,,https://www.nhpcindia.com/welcome/tender,,Bidding Open,,,Yes,40 MW,,,,,,,,92fab24fa78f,
NHPC,"“Repair and HP-HVOF Coating of 20 Nos. Wicket Gates (01 Set) of 77 MW Francis Hydro- Turbine of Chamera-III Power Station, Dharwala Distt. Chamba, H.P., (Pkg. No. PH-01)”",Hydro,77.0,,Delisted,2023_NHPC_766536_1,Tender,,,,,,,,,,https://www.nhpcindia.com/welcome/tender,,Bidding Open,,,Yes,77 MW,,,,,,,,69784d2b1c73,
NHPC,Vibration analysis and dynamic balancing of hydro-generating units of Kishanganga Power Station (PKG-437).,Hydro,,,Delisted,2023_NHPC_766479_,Tender,,,,,,,,,,https://www.nhpcindia.com/welcome/tender,,Bidding Open,,,Yes,,,,,,,,,86e44d93912e,
NHPC,"Repair along with HP-HVOF coating of 20 nos. Damaged Guide Vanes (including To & Fro transportation) of 130 MW Francis Turbine, Parbati-III Power Station”.",Unclassified,130.0,,Delisted,NH/PPS-III/NIT/PR11923/62/1/149 Dated: 08/08/2023,NIT,,,,,,,,,,https://www.nhpcindia.com/welcome/tender,,Bidding Open,,,Yes,130 MW,,,,,,,,21f543ed4b3f,
NHPC,Annual Maintenance of 2 Nos. Hydro-generating Units (Pelton Turbine) of 3x110 MW Kishanganga Power Station (PKG-438).,Hydro,110.0,,Delisted,2023_NHPC_765899_1,Tender,,,,,,,,,,https://www.nhpcindia.com/welcome/tender,,Bidding Open,,,Yes,110 MW,,,,,,,,747beec50427,
NHPC,Carrying out Annual Maintenance and Repair of underwater parts of three Generating Units of 3X60 MW of BSPS,Unclassified,60.0,,Delisted,NH/BSPS/CC/PH/16/2023-24/127,Tender,,,,,,,,,,https://www.nhpcindia.com/welcome/tender,,Bidding Open,,,Yes,60 MW,,,,,,,,f9def2a40025,
NHPC,Installation of Underground Diesel Storage Tank at DAM Site of Kishanganga Power Station (PKG-435).,Unclassified,,,Delisted,2023_NHPC_763642_1,Tender,,,,,,,,,,https://www.nhpcindia.com/welcome/tender,,Bidding Open,,,Yes,,,,,,,,,11f39d74fbfc,
NHPC,"Re-babbitting of Thrust bearing pads, TGB, LGB & UGB pads (1 Set each) of Parbati-III Power Station",Unclassified,,,Delisted,NH/PPS-III/NIT/PR11923/67/1/126 Dated: 22/07/2023,NIT,,,,,,,,,,https://www.nhpcindia.com/welcome/tender,,Bidding Open,,,Yes,,,,,,,,,c47d9511e240,
NHPC,"Setting up of 200 MW Solar PV Power Project in 600 MW in Solar park (Stage-I) of Gujrat State Electricity Corporation Ltd (GSECL) at khavda, Gujrat",Solar,200.0,,Delisted,2023_NHPC_760763_1,Tender,,,,,,,,,,https://www.nhpcindia.com/welcome/tender,,Bidding Open,,,Yes,200 MW,,,,,,,,a25373038a30,
NHPC,"Supply, Erection, Testing & Commissioning of 02 Nos. TRCM for Subansiri Lower HE Project (2000 MW).",Unclassified,2000.0,,Delisted,NH/CC-IV/CO-260/PR11521/260,Tender,,,,,,,,,,https://www.nhpcindia.com/welcome/tender,,Bidding Open,,,Yes,2000 MW,,,,,,,,2d0c59de8bbe,
NHPC,Re-babbitting & Machining of 08 No.UGB (Upper Guide Bearing) Pad of Sewa-II Power Station (MW-579),Unclassified,,,Delisted,NH/Sewa-II/Contracts/MW-579/2023/NIT-06/59,NIT,,,,,,,,,,https://www.nhpcindia.com/welcome/tender,,Bidding Open,,,Yes,,,,,,,,,7c5627a15730,
NHPC,Repair of MIV Servomotor of Sewa-II Power Station (MW-582),Unclassified,,,Delisted,एनएच/सेवा-II/संविदा/MW-582/2023/एनआईटी-04/54 दिनांक 29 जून 2023,Tender,,,,,,,,,,https://www.nhpcindia.com/welcome/tender,,Bidding Open,,,Yes,,,,,,,,,251aa9b2b73b,
NHPC,Lot-5C Hydromechanical works Package for Pressure Shaft Steel Liners of Dibang Multipurpose Project,Unclassified,,,Delisted,2023_NHPC_734424_1,Tender,,,,,,,,,,https://www.nhpcindia.com/welcome/tender,,Bidding Open,,,Yes,,,,,,,,,630e7dd38182,
NHPC,"EPC Contract for Setting up of Pilot Project for Green Hydrogen based Mobility Station at Kargil, UT of Ladakh",Green Hydrogen / Derivatives,,Ladakh,Delisted,2023_NHPC_755417_1,Tender,,,,,,,,,,https://www.nhpcindia.com/welcome/tender,,Bidding Open,,,Yes,,,,,,,,,788aac866ad3,
NHPC,Routine Maintenance of Hydro Mechanical Equipments of Uri-II Power Station,Hydro,,,Delisted,GEM/2023/B/3466410,Tender,,,,,,,,,,https://www.nhpcindia.com/welcome/tender,,Bidding Open,,,Yes,,,,,,,,,bf33ac70ccbe,
NHPC,"Supply, erection, testing and commissioning of 11 kV overhead line with Aerial bunched cables from Y-Junction to Dam Intake of NHPC Subansiri Lower Hydroelectric Project, Dollungmukh, Arunachal Pradesh.",Hydro,,Arunachal Pradesh,Delisted,NH/SLP/CONT/2023/C-15/NIT/529,NIT,,,,,,,,,,https://www.nhpcindia.com/welcome/tender,,Bidding Open,,,Yes,,,,,,,,,2bb9d82a07a1,
NHPC,"Engineering Procurement and Construction (EPC) contract for development of 50 MW Floating Solar Power Project and associated transmission system for Grid Connectivity along with Comprehensive O&M for 05 (Five) years at West Kallada, District-Kollam, in the state of Kerala",Floating Solar,50.0,Kerala,Delisted,2023_NHPC_748125_1,Tender,,,,,,,,,,https://www.nhpcindia.com/welcome/tender,,Bidding Open,,,Yes,50 MW,,,,,,,,da0c48762f5a,
NHPC,"EPC Contract for development of 300 MW Capacity Floating Solar Power Project and associated 220 KV transmission line for connectivity at 400 KV Grid substation alongwith Comprehensive O and M for 05 years at Rengali Reservoir Angul, Odisha",Transmission / Evacuation,300.0,Odisha,Delisted,2023_NHPC_747374_1,Tender,,,,,,,,,,https://www.nhpcindia.com/welcome/tender,,Bidding Open,,,Yes,300 MW,,,,,,,,ea5c9a00d4b6,
NHPC,"Providing Insurance Cover during O&M period for 50MW Wind Power Project at Jaisalmer, Rajasthan for one year w.e.f. 19.06.23 to 18.06.24",Wind,50.0,Rajasthan,Delisted,GEM/2023/B/3335527,Tender,,,,,,,,,,https://www.nhpcindia.com/welcome/tender,,Bidding Open,,,Yes,50 MW,,,,,,,,f05677fb19a4,
NHPC,"Re-construction of 11/0.415 KV Electrical Sub-station along with HT line, HT & LT Panels, and other associated works, at Dikchu Dam site of Teesta-V Power Station NHPC Ltd, damaged due to land slide",Unclassified,,,Delisted,NH/TSV/Cont/EC-129/NIT-795,NIT,,,,,,,,,,https://www.nhpcindia.com/welcome/tender,,Bidding Open,,,Yes,,,,,,,,,37e243934523,
NHPC,"Turnkey execution of 1856 MW Sawalkot Hydro Electric Project located at Ramban /Udhampur district in the Union Territory of Jammu & Kashmir, India",Hydro,1856.0,,Delisted,2022_NHPC_675668_1,Tender,,,,,,,,,,https://www.nhpcindia.com/welcome/tender,,Bidding Open,,,Yes,1856 MW,,,,,,,,bc377c5950fe,
NHPC,Lot-5C Hydromechanical works Package for Pressure Shaft Steel Liners of Dibang Multipurpose Project,Unclassified,,,Delisted,Test11111,Tender,,,,,,,,,,https://www.nhpcindia.com/welcome/tender,,Bidding Open,,,Yes,,,,,,,,,0accb6815d77,
NHPC,NHPC Awards 1.2 GW Jalaun Solar Park Project At ₹2.73/kWh To Coal India And NLC India Renewables - SolarQuarter,Solar,1200.0,,Delisted,,Tender,,,,,,2026-07-02,NLC India; Renew,,https://news.google.com/rss/articles/CBMi2AFBVV95cUxPNjVrVktSeUhnMndQWnJGTm5VWldHbG5pc2FsbTJaZmExdjh4TGdydHBiXy1KYWo2RElNM1ozNFJzblppNjdJN25mX1FXNXg4Sm83TU9MYk1ZUHQxOWw0R1J0RDRqRVVta3VqcjhLd3BpSEV2cVdTdWtuU0ViaVhPR1BveUdkM3A4RXdSSEVXMXVJdkl5WWRtMTUtWEg0RmptRVBlblFLaU5hZi1iYVdpRW5lZHp3V1N2QWpEUzk1RGhsWTk0QUZxUXZGS0ZCX3BCQlhvSmtVMno?oc=5,https://news.google.com/rss/articles/CBMi2AFBVV95cUxPNjVrVktSeUhnMndQWnJGTm5VWldHbG5pc2FsbTJaZmExdjh4TGdydHBiXy1KYWo2RElNM1ozNFJzblppNjdJN25mX1FXNXg4Sm83TU9MYk1ZUHQxOWw0R1J0RDRqRVVta3VqcjhLd3BpSEV2cVdTdWtuU0ViaVhPR1BveUdkM3A4RXdSSEVXMXVJdkl5WWRtMTUtWEg0RmptRVBlblFLaU5hZi1iYVdpRW5lZHp3V1N2QWpEUzk1RGhsWTk0QUZxUXZGS0ZCX3BCQlhvSmtVMno?oc=5,,"Awarded (news, unverified)",news sweep,NHPC Awards 1.2 GW Jalaun Solar Park Project At ₹2.73/kWh To Coal India And NLC India Renewables - SolarQuarter,Yes,1.2 GW,,,,,,n/a,n/a,T-0185fd440346,news-derived record
NHPC,"Coal India, NLC India Renewables Win NHPC’s 1,200 MW Solar Auction in Uttar Pradesh - Energetica India Magazine",Solar,1200.0,Uttar Pradesh,Delisted,,Tender,,,,,,2026-07-04,NLC India; Renew,,https://news.google.com/rss/articles/CBMiugFBVV95cUxNQ3lpeGJXclUwN3g3QUVBOU5BcVlhQVdoVUNXd2dMcUpQaG9kTXMtSHlqWjhIRTl5MDI1ZzBQUEFsbWpUcDhkUFdRWTZ2c3NwWUUzaF9McTJWWG84TXM0eTVzaElrQUplR083bGVRSXRQNUx2TzA2YkxDZ090a1AwUXlXM3pfdmpvWl85eXNva2YzeHdrV1BkSml1U2RyYmZWZ21NNGJLQUhYN0QzUWVJNWhUNnJLbFNndEE?oc=5,https://news.google.com/rss/articles/CBMiugFBVV95cUxNQ3lpeGJXclUwN3g3QUVBOU5BcVlhQVdoVUNXd2dMcUpQaG9kTXMtSHlqWjhIRTl5MDI1ZzBQUEFsbWpUcDhkUFdRWTZ2c3NwWUUzaF9McTJWWG84TXM0eTVzaElrQUplR083bGVRSXRQNUx2TzA2YkxDZ090a1AwUXlXM3pfdmpvWl85eXNva2YzeHdrV1BkSml1U2RyYmZWZ21NNGJLQUhYN0QzUWVJNWhUNnJLbFNndEE?oc=5,,"Awarded (news, unverified)",news sweep,"Coal India, NLC India Renewables Win NHPC’s 1,200 MW Solar Auction in Uttar Pradesh - Energetica India Magazine",Yes,"1,200 MW",,,,,,n/a,n/a,T-0057baebc545,news-derived record
NHPC,ACME Solar Holdings wins NHPC tender for two BESS projects in Andhra Pradesh - The Hindu,Solar + Storage,,Andhra Pradesh,Delisted,,Tender,,,,,,2025-06-27,ACME Solar,,https://news.google.com/rss/articles/CBMi5AFBVV95cUxNZkg3NTFqNzlnV2xIMmZhdFFUV2hvM2FUWGlpNkJ1V2Q1dEI4cTJPVzc5VkMwdVhTSFlvazF5SWFWVlp0NUR3RXpXUE5PZ2kzYUhhSzJRMFFvSlRjR0RpV0xoaV9KX0lUSEE3WV9sc0ZReEN3Ul83amg4NVdFNjhZazg1RDh1aE5YcW8xT0p5eTRxSGFBMWtpV2ZhX1loNVAzd0FpNnZQN2djdlhyVTBNZlppbTllWFAwVzJ4dFZra1dHS1hfMFRXWHg5V1RwWEp5N04xbE14Mks0SXlVcEJSVDlYSDjSAesBQVVfeXFMTXV5UThLZHFLVFFVcUFid0lNaVNrd1VwOEp1d1ZkUEE5VHlzU2dhdjItY1c4dVdxd25DdHQ5Y2RYUUFseUNtSnBXeUJuSmhPZ1hkbktlZGlKR3JVQkNDdWFvZ0kwYVZ3SVFlNF9LSmw0Q1JXWHBNLTctMHVMejVBVlZEbXphMDZNVVE3NjFoOXV6elRvT0Z5Y0lYcEFscldWQ0lLOVNHN2JCOG5MVXhST3o4Vy0yeTlncjhoVU1XRjJoR1FFTUFZR0NOb0RDOW5aSGFVemozN3ZIOWs4SjVqSDQ3NWVjY3g4RHVpOA?oc=5,https://news.google.com/rss/articles/CBMi5AFBVV95cUxNZkg3NTFqNzlnV2xIMmZhdFFUV2hvM2FUWGlpNkJ1V2Q1dEI4cTJPVzc5VkMwdVhTSFlvazF5SWFWVlp0NUR3RXpXUE5PZ2kzYUhhSzJRMFFvSlRjR0RpV0xoaV9KX0lUSEE3WV9sc0ZReEN3Ul83amg4NVdFNjhZazg1RDh1aE5YcW8xT0p5eTRxSGFBMWtpV2ZhX1loNVAzd0FpNnZQN2djdlhyVTBNZlppbTllWFAwVzJ4dFZra1dHS1hfMFRXWHg5V1RwWEp5N04xbE14Mks0SXlVcEJSVDlYSDjSAesBQVVfeXFMTXV5UThLZHFLVFFVcUFid0lNaVNrd1VwOEp1d1ZkUEE5VHlzU2dhdjItY1c4dVdxd25DdHQ5Y2RYUUFseUNtSnBXeUJuSmhPZ1hkbktlZGlKR3JVQkNDdWFvZ0kwYVZ3SVFlNF9LSmw0Q1JXWHBNLTctMHVMejVBVlZEbXphMDZNVVE3NjFoOXV6elRvT0Z5Y0lYcEFscldWQ0lLOVNHN2JCOG5MVXhST3o4Vy0yeTlncjhoVU1XRjJoR1FFTUFZR0NOb0RDOW5aSGFVemozN3ZIOWs4SjVqSDQ3NWVjY3g4RHVpOA?oc=5,,"Awarded (news, unverified)",news sweep,ACME Solar Holdings wins NHPC tender for two BESS projects in Andhra Pradesh - The Hindu,Yes,,,,,,,n/a,n/a,T-07c8b8a7e244,news-derived record
NHPC,"NHPC Awards 125 MW/500 MWh BESS Tender With VGF to NTPC, Opera, Tata Power in Kerala - Saur Energy",Energy Storage (BESS),125.0,Kerala,Delisted,,Tender,,,,,,2025-08-01,Tata Power,,https://news.google.com/rss/articles/CBMizwFBVV95cUxOdGlaMHV2WW0zYnZzdk16TC10dHNmT0Z5VTBwRUVqdnJFQkZuT3RLU2toWXo3SXc2T20yaEhhM2NGd0Q1OFlMOXZMUDc0YnJOeF9MNEN3NXpKNFFndllmU2x6RTBYVUI0NzJNUEpIOW5ubjlORExTamVCVDlJZWd0NW1qamt5bV9RemQ1NnVzWEpNSHlLWUVrX3p2WFp4YTJWck9rUkplamRBbS1qV3RkRXd6ZV9kVDVjSUxjT193Wm9rUUV1QUlxY0pZbWRsVG8?oc=5,https://news.google.com/rss/articles/CBMizwFBVV95cUxOdGlaMHV2WW0zYnZzdk16TC10dHNmT0Z5VTBwRUVqdnJFQkZuT3RLU2toWXo3SXc2T20yaEhhM2NGd0Q1OFlMOXZMUDc0YnJOeF9MNEN3NXpKNFFndllmU2x6RTBYVUI0NzJNUEpIOW5ubjlORExTamVCVDlJZWd0NW1qamt5bV9RemQ1NnVzWEpNSHlLWUVrX3p2WFp4YTJWck9rUkplamRBbS1qV3RkRXd6ZV9kVDVjSUxjT193Wm9rUUV1QUlxY0pZbWRsVG8?oc=5,,"Awarded (news, unverified)",news sweep,"NHPC Awards 125 MW/500 MWh BESS Tender With VGF to NTPC, Opera, Tata Power in Kerala - Saur Energy",Yes,125 MW,,,,,,n/a,n/a,T-17f8188254d8,news-derived record
NHPC,NTPC Green Energy and Opera Energy Win NHPC’s 125 MW/500 MWh BESS Auction in Kerala - Energetica India Magazine,Energy Storage (BESS),125.0,Kerala,Delisted,,Tender,,,,,,2025-05-22,NTPC Green,,https://news.google.com/rss/articles/CBMiuwFBVV95cUxPV1pxUHNLcEtWTGRUZzNJZmpEd0M4cHQ2aUdwX1F2R3FnTkYyZ0k0Z2d2bjkxLWJOazJtV0RTTmJDbklocE9vLTV3RExkQnRnZTV6ZkZxZTNvd0tIb3V6ZWtFbUxFNGZjTTBJdEhBX01NS3pRdEZEa2ZaVEhMVVlEOFJvTl9zMDB5bU5aMkpTSW1vYVFzMlZvbUpYX0J6dUZkSlF0VEpSbWZFNzVpTlJTel9CYlBMX2tmQ2NF?oc=5,https://news.google.com/rss/articles/CBMiuwFBVV95cUxPV1pxUHNLcEtWTGRUZzNJZmpEd0M4cHQ2aUdwX1F2R3FnTkYyZ0k0Z2d2bjkxLWJOazJtV0RTTmJDbklocE9vLTV3RExkQnRnZTV6ZkZxZTNvd0tIb3V6ZWtFbUxFNGZjTTBJdEhBX01NS3pRdEZEa2ZaVEhMVVlEOFJvTl9zMDB5bU5aMkpTSW1vYVFzMlZvbUpYX0J6dUZkSlF0VEpSbWZFNzVpTlJTel9CYlBMX2tmQ2NF?oc=5,,"Awarded (news, unverified)",news sweep,NTPC Green Energy and Opera Energy Win NHPC’s 125 MW/500 MWh BESS Auction in Kerala - Energetica India Magazine,Yes,125 MW,,,,,,n/a,n/a,T-4d5e7f9d49a8,news-derived record
NHPC,"Adani, Sprng, Mahindra, Avaada, Secure NHPC's 1200 MW Hybrid Projects - Energetica India Magazine",Wind-Solar Hybrid,1200.0,,Delisted,,Tender,,,,,,2025-03-11,Avaada,,https://news.google.com/rss/articles/CBMipAFBVV95cUxOTnFfR2l3Z2ZkejBUZFlwX180azl2b0czM0JZMzFFLWV4amVLN0g0eXJpUGJRcjdES2ROcUZBZkNwWnpVOFZlMGNlUUtsa2xxOWhxRG9WUnBwVDdyenRsblg5T0xJOFI5SEstVm11QmtsMmRqOVZVdVQ2bzl3NTB0OEpBcE55bTVYTEROWkN4dUN4R2tDazVUdGRQV1hHWDhZbWwzUQ?oc=5,https://news.google.com/rss/articles/CBMipAFBVV95cUxOTnFfR2l3Z2ZkejBUZFlwX180azl2b0czM0JZMzFFLWV4amVLN0g0eXJpUGJRcjdES2ROcUZBZkNwWnpVOFZlMGNlUUtsa2xxOWhxRG9WUnBwVDdyenRsblg5T0xJOFI5SEstVm11QmtsMmRqOVZVdVQ2bzl3NTB0OEpBcE55bTVYTEROWkN4dUN4R2tDazVUdGRQV1hHWDhZbWwzUQ?oc=5,,"Awarded (news, unverified)",news sweep,"Adani, Sprng, Mahindra, Avaada, Secure NHPC's 1200 MW Hybrid Projects - Energetica India Magazine",Yes,1200 MW,,,,,,n/a,n/a,T-fffbbfe5bf93,news-derived record
NHPC,"Reliance, PNC Infratech, SAEL, JBM and Navayuga Win NHPC’s 1,200 MW Solar Plus 600 MW ESS Auction - Energetica India Magazine",Solar,1200.0,,Delisted,,Tender,,,,,,2025-07-16,SAEL,,https://news.google.com/rss/articles/CBMiyAFBVV95cUxPQ2FWVi16ckp1WnV5blAwOXBnWG1aOE5VdFY4azJuMUgtbzFjSVV6UmY0ZGgyX0kxZkVnQmJSaGZaWVpXcFdPM3kwMHFzLXIyU1FxTFh2LXdDdTY4a0tqRTBjZzhHOGZuTEh3RDFTalpJdnREazhwLXh3VjQzZnhtNGxOczdTTVM4WW9IUERYY0pPZjAwWXFhamw4Q1EyUDRmSkVBRmY5Wk1aZFN5UWxUcDNROVdkQjVUdThRSVAyTzhvMFBDSXU5UQ?oc=5,https://news.google.com/rss/articles/CBMiyAFBVV95cUxPQ2FWVi16ckp1WnV5blAwOXBnWG1aOE5VdFY4azJuMUgtbzFjSVV6UmY0ZGgyX0kxZkVnQmJSaGZaWVpXcFdPM3kwMHFzLXIyU1FxTFh2LXdDdTY4a0tqRTBjZzhHOGZuTEh3RDFTalpJdnREazhwLXh3VjQzZnhtNGxOczdTTVM4WW9IUERYY0pPZjAwWXFhamw4Q1EyUDRmSkVBRmY5Wk1aZFN5UWxUcDNROVdkQjVUdThRSVAyTzhvMFBDSXU5UQ?oc=5,,"Awarded (news, unverified)",news sweep,"Reliance, PNC Infratech, SAEL, JBM and Navayuga Win NHPC’s 1,200 MW Solar Plus 600 MW ESS Auction - Energetica India Magazine",Yes,"1,200 MW",,,,,,n/a,n/a,T-4d4a84c58251,news-derived record
NHPC,"NTPC, ReNew, Jindal, Adani, Kolar Solar, Onix Win NHPC’s 1200 MW Solar Plus 600 MW/1200 MWh ESS Auction - Energetica India Magazine",Solar,1200.0,,Delisted,,Tender,,,,,,2025-01-24,ReNew,,https://news.google.com/rss/articles/CBMizwFBVV95cUxNSGE1NVcyZDRBT24xZTdpTTlxVExWWlRaTFpQNjNqY1c3cnJUM2p0YnJJSU1RNjlwWnM0eVU2Y3V4ZHN6QzlNVUJqSmRaRm1TZEJjUG41cHZoZDFQWlpWcnZHQWs0ajljMi1feVZaQVRsYWpDdUplT3pHZXBCSEVlUkI2NFZCdklEVkplTmZ6R1E3YUpUMFpwdmYyMU0zdXRNbXBJV2dLcm9OUHZFemF1NWE5VGRyWF9sbkdPTC00UFhkR0twN1VtQzhZM3lrWjQ?oc=5,https://news.google.com/rss/articles/CBMizwFBVV95cUxNSGE1NVcyZDRBT24xZTdpTTlxVExWWlRaTFpQNjNqY1c3cnJUM2p0YnJJSU1RNjlwWnM0eVU2Y3V4ZHN6QzlNVUJqSmRaRm1TZEJjUG41cHZoZDFQWlpWcnZHQWs0ajljMi1feVZaQVRsYWpDdUplT3pHZXBCSEVlUkI2NFZCdklEVkplTmZ6R1E3YUpUMFpwdmYyMU0zdXRNbXBJV2dLcm9OUHZFemF1NWE5VGRyWF9sbkdPTC00UFhkR0twN1VtQzhZM3lrWjQ?oc=5,,"Awarded (news, unverified)",news sweep,"NTPC, ReNew, Jindal, Adani, Kolar Solar, Onix Win NHPC’s 1200 MW Solar Plus 600 MW/1200 MWh ESS Auction - Energetica India Magazine",Yes,1200 MW,,,,,,n/a,n/a,T-8c2d3d47531e,news-derived record
NHPC,"NHPC Awards 1,200 MW Solar Projects With Storage; Reliance, JBM, PNC, SAEL & Navayuga Among Winners - SolarQuarter",Solar + Storage,1200.0,,Closed,,Tender,,,,,,2025-07-16,SAEL,,https://news.google.com/rss/articles/CBMiyAFBVV95cUxQWmM5RjdvdEdCdlFsVEF5QVIwSkpXTFVHZFVHdXlpVXNOWW54TEJkQmdaLUNyZmlLV0NvdmU4MWFxdlpLNXhyeTM0emVKSmcyb1JNMGx0MVd0WVJEZi1JS181MWxPYnJyaHRVbVRLTkFnbDlpVTZSNXVyQmdXTHo5a3NGRy0yTnZfX21NSkxOV2wtQ1VYbWxYcWdDZ3NEN3hhVGtXT3N5aXBSdW9BU1F4OXN2X2pLSU80dzN5UDRVRnJGS2M5TmJaNw?oc=5,https://news.google.com/rss/articles/CBMiyAFBVV95cUxQWmM5RjdvdEdCdlFsVEF5QVIwSkpXTFVHZFVHdXlpVXNOWW54TEJkQmdaLUNyZmlLV0NvdmU4MWFxdlpLNXhyeTM0emVKSmcyb1JNMGx0MVd0WVJEZi1JS181MWxPYnJyaHRVbVRLTkFnbDlpVTZSNXVyQmdXTHo5a3NGRy0yTnZfX21NSkxOV2wtQ1VYbWxYcWdDZ3NEN3hhVGtXT3N5aXBSdW9BU1F4OXN2X2pLSU80dzN5UDRVRnJGS2M5TmJaNw?oc=5,,"Awarded (news, unverified)",news sweep,"NHPC Awards 1,200 MW Solar Projects With Storage; Reliance, JBM, PNC, SAEL & Navayuga Among Winners - SolarQuarter",Yes,"1,200 MW",,,2026-09-07,2026-09-07,,n/a,n/a,T-a5b5304a9a2d,news-derived record
NHPC,"Reliance, SAEL, JBM, PNC, Navayuga Win NHPC’s 1.2 GW Solar Plus Storage Auction - Mercomindia.com",Solar + Storage,1200.0,,Closed,,Tender,,,,,,2025-09-03,SAEL,,https://news.google.com/rss/articles/CBMinwFBVV95cUxQZzhkbHc0aGVOVHR4RzY0elVLekRfSk1oNHc3STl3VWJaYmxsU0xzZHdNOXZNeTdubk5IdGdDT3dieVNpUXRlMTdGQ1hNbzQ1V0FmMC1Kdlh6ZnNtWWR0RG4yaHZKTWc3YnJZOXhhRXJPX0lZRC1oUi1RSVp0UHZ5RkJEcFM1eThmbDBBbmdFUndyQlRZTnpQX2xHVUpoXzg?oc=5,https://news.google.com/rss/articles/CBMinwFBVV95cUxQZzhkbHc0aGVOVHR4RzY0elVLekRfSk1oNHc3STl3VWJaYmxsU0xzZHdNOXZNeTdubk5IdGdDT3dieVNpUXRlMTdGQ1hNbzQ1V0FmMC1Kdlh6ZnNtWWR0RG4yaHZKTWc3YnJZOXhhRXJPX0lZRC1oUi1RSVp0UHZ5RkJEcFM1eThmbDBBbmdFUndyQlRZTnpQX2xHVUpoXzg?oc=5,,"Awarded (news, unverified)",news sweep,"Reliance, SAEL, JBM, PNC, Navayuga Win NHPC’s 1.2 GW Solar Plus Storage Auction - Mercomindia.com",Yes,1.2 GW,,,2026-09-08,2026-09-08,,n/a,n/a,T-d9a927260c37,news-derived record
NHPC,"Reliance Infra wins 390-MW solar, storage project from NHPC in India - Renewables Now",Solar + Storage,,,Closed,,Tender,,,,,,2025-08-19,Renew,,https://news.google.com/rss/articles/CBMiqwFBVV95cUxOSndHQ0ZGWEt5TXJzZ2Yyb1JWR1d4SHBLcS1MM3NKWEF2a19hdGlEa0RIa0s4S09DdDFaU2FGdm84MTJBYXFndEVKTmZaZllWLU11NFlJMV8tRGFadjdJVXZSUk1pOFBZelZSLTlDcEl3M2F1R2pNNGhHZHlnQjRxZXd6elhBUVVDTXdpR2E4ZmZsVk5DN3ctLXhrdnltMHY0MzJvWDU2RWE2eWs?oc=5,https://news.google.com/rss/articles/CBMiqwFBVV95cUxOSndHQ0ZGWEt5TXJzZ2Yyb1JWR1d4SHBLcS1MM3NKWEF2a19hdGlEa0RIa0s4S09DdDFaU2FGdm84MTJBYXFndEVKTmZaZllWLU11NFlJMV8tRGFadjdJVXZSUk1pOFBZelZSLTlDcEl3M2F1R2pNNGhHZHlnQjRxZXd6elhBUVVDTXdpR2E4ZmZsVk5DN3ctLXhrdnltMHY0MzJvWDU2RWE2eWs?oc=5,,"Awarded (news, unverified)",news sweep,"Reliance Infra wins 390-MW solar, storage project from NHPC in India - Renewables Now",Yes,,,,2026-09-09,2026-09-09,,n/a,n/a,T-3460bd727a0a,news-derived record
NLC India,"GUVNL Awards 250 MW Phase XI Wind Projects To NLC India Renewables, Juniper Green, Powerica & Cu-Built At INR3.51/kWh - WindInsider",Wind,250.0,,Closed,,Tender,,,,,,2026-07-13,Renew; Juniper Green,,https://news.google.com/rss/articles/CBMi4wFBVV95cUxQeWlkdDVadzlRTVlxX1FVYllUOTRVY01KaWlvanJXSk82cktfa0MyOTJuM211RWRCY1kwWklJV3NTOGdndmxBX3BzeEFCbE9qRnpVQ1I3S290QVl1VWVzY0V2T2lVVG5WTVBfQkFFdldYQUxvRmNJSmYwbVNVU09vTXl6dGxQOVBUQ3B0UkdKa1lBYk1LNXNUcnNMZG95V24zMExmUDNOUFhqekJaRjBiandPa2J4dmRyVEtYNExLVmlwSXB1WFZhd01oMERCRVhkUUtvcjhidXNob0tEVTlEeGY4MNIB6AFBVV95cUxPZENNdENxLTYzckdwZFA0YTRJcHk5RzlBM0tZWE5mMVlZT0ptTS1QdWRRTng1Mnp3N1hnc1hNdG9sLTlFZXdGOFJ0bjd1c1dyVTFLSVlpY3JwN3JmRVlKRnpfQTkxbzlJamM1Z0hSZmFvSnRWekZmSW5vYlBvVENodzVlb2pkOV9UX21lVFN4ZHg0QmhBNU8wNDFMY1hWT2NTdWlWR1Y2cm5YZGJ6aTdldzlhaUJDTVlkYThLUGJOZFNLd0ZVMFQ2WjdWTngxMlJiSHNMSFBwVm5QSmVaV0ZPaVJJMmxnbHdu?oc=5,https://news.google.com/rss/articles/CBMi4wFBVV95cUxQeWlkdDVadzlRTVlxX1FVYllUOTRVY01KaWlvanJXSk82cktfa0MyOTJuM211RWRCY1kwWklJV3NTOGdndmxBX3BzeEFCbE9qRnpVQ1I3S290QVl1VWVzY0V2T2lVVG5WTVBfQkFFdldYQUxvRmNJSmYwbVNVU09vTXl6dGxQOVBUQ3B0UkdKa1lBYk1LNXNUcnNMZG95V24zMExmUDNOUFhqekJaRjBiandPa2J4dmRyVEtYNExLVmlwSXB1WFZhd01oMERCRVhkUUtvcjhidXNob0tEVTlEeGY4MNIB6AFBVV95cUxPZENNdENxLTYzckdwZFA0YTRJcHk5RzlBM0tZWE5mMVlZT0ptTS1QdWRRTng1Mnp3N1hnc1hNdG9sLTlFZXdGOFJ0bjd1c1dyVTFLSVlpY3JwN3JmRVlKRnpfQTkxbzlJamM1Z0hSZmFvSnRWekZmSW5vYlBvVENodzVlb2pkOV9UX21lVFN4ZHg0QmhBNU8wNDFMY1hWT2NTdWlWR1Y2cm5YZGJ6aTdldzlhaUJDTVlkYThLUGJOZFNLd0ZVMFQ2WjdWTngxMlJiSHNMSFBwVm5QSmVaV0ZPaVJJMmxnbHdu?oc=5,,"Awarded (news, unverified)",news sweep,"GUVNL Awards 250 MW Phase XI Wind Projects To NLC India Renewables, Juniper Green, Powerica & Cu-Built At INR3.51/kWh - WindInsider",Yes,250 MW,,,,,,n/a,n/a,T-956d86e85998,news-derived record
NLC India,NLC India Renewables wins 450 MW Gujarat BESS; second bidder Rs 1 behind - Power Peak Digest,Energy Storage (BESS),450.0,Gujarat,Closed,,Tender,,,,,,2026-08-11,Renew,,https://news.google.com/rss/articles/CBMigwFBVV95cUxOT0VUZnU3akNTakpydTBMUHg5bmRtdEpEZTZiOXBQV3JOS1Y2bkk0UVJiQll1RDNpbDlFQVBpN0JweXIwTkZmX09KVmx2OXhJWUllWWNTTG94VEhYMmpOSUJWaTEyU2lkWXljSVBSWHdkQ0puajl2SmpDUWJRUl9XNzk0dw?oc=5,https://news.google.com/rss/articles/CBMigwFBVV95cUxOT0VUZnU3akNTakpydTBMUHg5bmRtdEpEZTZiOXBQV3JOS1Y2bkk0UVJiQll1RDNpbDlFQVBpN0JweXIwTkZmX09KVmx2OXhJWUllWWNTTG94VEhYMmpOSUJWaTEyU2lkWXljSVBSWHdkQ0puajl2SmpDUWJRUl9XNzk0dw?oc=5,,"Awarded (news, unverified)",news sweep,NLC India Renewables wins 450 MW Gujarat BESS; second bidder Rs 1 behind - Power Peak Digest,Yes,450 MW,,,,,,n/a,n/a,T-56d130be8de8,news-derived record
NLC India,NLC India Secures 600 MW Solar Award in UP Scaling Renewable Energy Pipeline - Sahi,Solar,600.0,,Closed,,Tender,,,,,,2026-07-01,Renew,,https://news.google.com/rss/articles/CBMitgFBVV95cUxPWndycnlhenM0NU1ybDl5Mk1LX3BGQzYtUVNjeVl2R2tLLU16Q05GdTZxS1RCX0VZV0UwTVdhajJacVBjN3JJcmtpNVpvbXhtRFFzQnU3cVdGdXA4bXQ4ZlVSN3ExX3Q3WWFHZ2xsWlp0Z25leFBvbURDR1B2X2Zya25pOVR2T3hkRFROV2Vmal9xRnMzbEtvVzRDVjNIcGhHVVg4UUxvQmhGRUxJNml3aVNmYlRKUQ?oc=5,https://news.google.com/rss/articles/CBMitgFBVV95cUxPWndycnlhenM0NU1ybDl5Mk1LX3BGQzYtUVNjeVl2R2tLLU16Q05GdTZxS1RCX0VZV0UwTVdhajJacVBjN3JJcmtpNVpvbXhtRFFzQnU3cVdGdXA4bXQ4ZlVSN3ExX3Q3WWFHZ2xsWlp0Z25leFBvbURDR1B2X2Zya25pOVR2T3hkRFROV2Vmal9xRnMzbEtvVzRDVjNIcGhHVVg4UUxvQmhGRUxJNml3aVNmYlRKUQ?oc=5,,"Awarded (news, unverified)",news sweep,NLC India Secures 600 MW Solar Award in UP Scaling Renewable Energy Pipeline - Sahi,Yes,600 MW,,,,,,n/a,n/a,T-36f0b8607c13,news-derived record
NLC India,GUVNL Awards 450 MW/900 MWh BESS Phase-IX To NLC India Renewables And Sun Drops Energia - SolarQuarter,Solar + Storage,450.0,,Closed,,Tender,,,,,,2026-08-12,Renew,,https://news.google.com/rss/articles/CBMiwgFBVV95cUxNWE1YeEJVdDZ1OXQwN2taTUpQSDJHVGNEOU9telNxb1BOMnJPT25DVjZ1SmRvVF83YVpPUE44SHpDUXhHMnNzWWo4RWo0cHowcU82a1c3Ulp3emIwY2dLcW5NSHVSNnpIZjJCSjdCWmFFRU5OUUxFRlpNX2oyOWNQQ2ZLLUdvclhQTW52Zjd6YklpNGhmNkJsRUItMU91NHJHX0xrVUxkV1F1RDlldzVuUE1RVHVnZWRGZVgxamlhbjg0Zw?oc=5,https://news.google.com/rss/articles/CBMiwgFBVV95cUxNWE1YeEJVdDZ1OXQwN2taTUpQSDJHVGNEOU9telNxb1BOMnJPT25DVjZ1SmRvVF83YVpPUE44SHpDUXhHMnNzWWo4RWo0cHowcU82a1c3Ulp3emIwY2dLcW5NSHVSNnpIZjJCSjdCWmFFRU5OUUxFRlpNX2oyOWNQQ2ZLLUdvclhQTW52Zjd6YklpNGhmNkJsRUItMU91NHJHX0xrVUxkV1F1RDlldzVuUE1RVHVnZWRGZVgxamlhbjg0Zw?oc=5,,"Awarded (news, unverified)",news sweep,GUVNL Awards 450 MW/900 MWh BESS Phase-IX To NLC India Renewables And Sun Drops Energia - SolarQuarter,Yes,450 MW,,,,,,n/a,n/a,T-06627f9dafd0,news-derived record
NLC India,"NLC, Juniper, Powerica, Cu-Built Win GUVNL’s 250 MW Wind Power Auction - Energetica India Magazine",Wind,250.0,,Closed,,Tender,,,,,,2026-07-13,Juniper,,https://news.google.com/rss/articles/CBMipwFBVV95cUxNOFJiYWhUWHl0TTB4Z3VIYnFCNzhUcC13bEpNNTNmUlJENk9hdDR5Z1dzN3EzUnYxQ2ZXYzV6M0t0aFZVSmUwTmR4QmhCM1JXSlNVYlhzcE10NndxNUJwbUpoME5sY2NGXzJpSHp3eUVUNGxaOG1abEh2enNDWHV1YzZna0gwckFCTjJMNGEwNUJOdWo0OWtab2NxVTVERkpMUl81bGtONA?oc=5,https://news.google.com/rss/articles/CBMipwFBVV95cUxNOFJiYWhUWHl0TTB4Z3VIYnFCNzhUcC13bEpNNTNmUlJENk9hdDR5Z1dzN3EzUnYxQ2ZXYzV6M0t0aFZVSmUwTmR4QmhCM1JXSlNVYlhzcE10NndxNUJwbUpoME5sY2NGXzJpSHp3eUVUNGxaOG1abEh2enNDWHV1YzZna0gwckFCTjJMNGEwNUJOdWo0OWtab2NxVTVERkpMUl81bGtONA?oc=5,,"Awarded (news, unverified)",news sweep,"NLC, Juniper, Powerica, Cu-Built Win GUVNL’s 250 MW Wind Power Auction - Energetica India Magazine",Yes,250 MW,,,,,,n/a,n/a,T-760f9f0bf997,news-derived record
NLC India,Welspun Renewable And NLC India Renewables Win GUVNL 625 MW Solar Auction At ₹2.34/kWh - SolarQuarter,Solar,625.0,,Closed,,Tender,,,,,,2026-03-20,Renew,,https://news.google.com/rss/articles/CBMiywFBVV95cUxPRnA1T1VySmM2UG5KQUhtaXJnUDlhcWpJTnJaSVVBd1gtcUpneWprN3hTbUxSUWhsbVItQ3h4cEE1a296QkxJRDNjWS16LTFaMEJkVjZEejdrS25BREJBal9aU1dpaHNOa1hnUjdWMVBwQmJaNWI4WkpDNjdhTnFsWUNPNnNRUDY4RzVVaXJxRzNGZTNKNk85eGpiOGVxNUZ4bnlfSXp2RFpCekt6ZXZQeXZiRXRuWW15NkxOZlBDcUZhZU5ieWlZUHVTcw?oc=5,https://news.google.com/rss/articles/CBMiywFBVV95cUxPRnA1T1VySmM2UG5KQUhtaXJnUDlhcWpJTnJaSVVBd1gtcUpneWprN3hTbUxSUWhsbVItQ3h4cEE1a296QkxJRDNjWS16LTFaMEJkVjZEejdrS25BREJBal9aU1dpaHNOa1hnUjdWMVBwQmJaNWI4WkpDNjdhTnFsWUNPNnNRUDY4RzVVaXJxRzNGZTNKNk85eGpiOGVxNUZ4bnlfSXp2RFpCekt6ZXZQeXZiRXRuWW15NkxOZlBDcUZhZU5ieWlZUHVTcw?oc=5,,"Awarded (news, unverified)",news sweep,Welspun Renewable And NLC India Renewables Win GUVNL 625 MW Solar Auction At ₹2.34/kWh - SolarQuarter,Yes,625 MW,,,,,,n/a,n/a,T-13aa33cc4824,news-derived record
NLC India,"ENGIE, NLC India, Rays Power & Oriana Bag SECI 1200 MW Solar With 6-Hr BESS Tender - Saur Energy",Solar + Storage,1200.0,,Closed,,Tender,,,,,,2026-01-09,ENGIE; Rays Power; SECI,,https://news.google.com/rss/articles/CBMizAFBVV95cUxNYXV1cGxJd1JXTE1ISllpalAyMzFkNUI4YV9zQ010dkhOeUZfLVJiN2hYblN2SktIVmlrbk5vcENmUXFDOTFDQjh2UllVWlItMjItMHgwc28tdmlNajNIZ09oSjEtZXlrd19wWFkzUXRhN3BNbjZqcG1rMzl1R2g1UHNSeC1zakt6Smw1NktFUWZ3TTUwUEVzcVlsSW1pZlZZaVpzVjVhUE1hSWJBUm5GdktfYWx1UUkxLXZ3THhlQUJucHJ5LXpycDB0R00?oc=5,https://news.google.com/rss/articles/CBMizAFBVV95cUxNYXV1cGxJd1JXTE1ISllpalAyMzFkNUI4YV9zQ010dkhOeUZfLVJiN2hYblN2SktIVmlrbk5vcENmUXFDOTFDQjh2UllVWlItMjItMHgwc28tdmlNajNIZ09oSjEtZXlrd19wWFkzUXRhN3BNbjZqcG1rMzl1R2g1UHNSeC1zakt6Smw1NktFUWZ3TTUwUEVzcVlsSW1pZlZZaVpzVjVhUE1hSWJBUm5GdktfYWx1UUkxLXZ3THhlQUJucHJ5LXpycDB0R00?oc=5,,"Awarded (news, unverified)",news sweep,"ENGIE, NLC India, Rays Power & Oriana Bag SECI 1200 MW Solar With 6-Hr BESS Tender - Saur Energy",Yes,1200 MW,,,,,,n/a,n/a,T-d97c5c358ed7,news-derived record
NLC India,NLC India Awards 250 MW/500 MWh BESS EPC Contract To Pace Digitek In Tamil Nadu - SolarQuarter,Solar + Storage,250.0,Tamil Nadu,Closed,,Tender,,,,,,2026-05-18,Pace Digitek,,https://news.google.com/rss/articles/CBMitwFBVV95cUxNXzRiRGMxajZPcERfdTlrRzlSdUg2QVhzekxkeE50MzhtdG1sZXE3RkdUWk1HTlVybmVJLXBkWlBLLWxuZlZDNE1JSU5mb2xaVUJsZjFkR0pxMkhyVmxWYkFZNmVrU01OS2s1THB3YklNazhLajVZd2N4T0JCWWZCMG5odGU2ZW1lX2c0SjRvLWdvblE1SHlsZWNTYWFhMUd3OTdXYVBncUVXSWM5dHZXWEhDRmVoM0k?oc=5,https://news.google.com/rss/articles/CBMitwFBVV95cUxNXzRiRGMxajZPcERfdTlrRzlSdUg2QVhzekxkeE50MzhtdG1sZXE3RkdUWk1HTlVybmVJLXBkWlBLLWxuZlZDNE1JSU5mb2xaVUJsZjFkR0pxMkhyVmxWYkFZNmVrU01OS2s1THB3YklNazhLajVZd2N4T0JCWWZCMG5odGU2ZW1lX2c0SjRvLWdvblE1SHlsZWNTYWFhMUd3OTdXYVBncUVXSWM5dHZXWEhDRmVoM0k?oc=5,,"Awarded (news, unverified)",news sweep,NLC India Awards 250 MW/500 MWh BESS EPC Contract To Pace Digitek In Tamil Nadu - SolarQuarter,Yes,250 MW,,,,,,n/a,n/a,T-37b17d1a1f46,news-derived record
NLC India,NLC India Awards 250 MW 500 MWh BESS EPC To Pace Digitek - Construction World,Energy Storage (BESS),250.0,,Closed,,Tender,,,,,,2026-05-22,Pace Digitek,,https://news.google.com/rss/articles/CBMixwFBVV95cUxNQjI1N3N2SVNmTzBIQ1JUZ3JEM0xlTUw2T05UbEJBUGh2VmN4S25jd3ZjUF9sYllyVHhha2QxVWc1TUxDVVhkN1M2c0JhZUtDelcxWUlwajNaQTEwYTdBOHYyOTUxcFUzQTVnTFc1cXlJY05NYXN4Q18tdDY0NUFBeTlHdktJclVQNDVKV1k4UUVjYkIxMW9pdlNQLVJNaldlM2RxYkVPOHBTNGJfVFZDVkhkVHFoSENiQjRYVmsxMU5yRXl4VWlF?oc=5,https://news.google.com/rss/articles/CBMixwFBVV95cUxNQjI1N3N2SVNmTzBIQ1JUZ3JEM0xlTUw2T05UbEJBUGh2VmN4S25jd3ZjUF9sYllyVHhha2QxVWc1TUxDVVhkN1M2c0JhZUtDelcxWUlwajNaQTEwYTdBOHYyOTUxcFUzQTVnTFc1cXlJY05NYXN4Q18tdDY0NUFBeTlHdktJclVQNDVKV1k4UUVjYkIxMW9pdlNQLVJNaldlM2RxYkVPOHBTNGJfVFZDVkhkVHFoSENiQjRYVmsxMU5yRXl4VWlF?oc=5,,"Awarded (news, unverified)",news sweep,NLC India Awards 250 MW 500 MWh BESS EPC To Pace Digitek - Construction World,Yes,250 MW,,,2026-09-10,2026-09-10,,n/a,n/a,T-20d36ea9205a,news-derived record
NLC India,"Engie, NLC, Rays Power Infra, Oriana Power Win SECI’s 1200 MW Solar Plus 3,600 MWh ESS Auction - Energetica India Magazine",Solar,1200.0,,Closed,,Tender,,,,,,2026-01-12,Engie; Rays Power; SECI,,https://news.google.com/rss/articles/CBMixgFBVV95cUxPeEM5YU43UWJjTGQ2OE5pLS1HaHVNdkpzNkNPcUdUVUhzN3JxSFdmWU5FODMwYUhXZ0w0eGRKbGdCNV9tQ1dzdEJ0RDc5OUhGdmY2VFk3bFQtMlVpNkJSV1V6R1MtMTllenlKNGNmYTZwZkpMN1NqWklDci1NVUx3eFZqZS1jTkhkUkFMdHJsS3NGZTN0WXFmcGNiRlZRQTJkTXNaZF9GajJNMFhlSm5RTk1ObG54a09rb1ZsYWJia1lJMVhMU0E?oc=5,https://news.google.com/rss/articles/CBMixgFBVV95cUxPeEM5YU43UWJjTGQ2OE5pLS1HaHVNdkpzNkNPcUdUVUhzN3JxSFdmWU5FODMwYUhXZ0w0eGRKbGdCNV9tQ1dzdEJ0RDc5OUhGdmY2VFk3bFQtMlVpNkJSV1V6R1MtMTllenlKNGNmYTZwZkpMN1NqWklDci1NVUx3eFZqZS1jTkhkUkFMdHJsS3NGZTN0WXFmcGNiRlZRQTJkTXNaZF9GajJNMFhlSm5RTk1ObG54a09rb1ZsYWJia1lJMVhMU0E?oc=5,,"Awarded (news, unverified)",news sweep,"Engie, NLC, Rays Power Infra, Oriana Power Win SECI’s 1200 MW Solar Plus 3,600 MWh ESS Auction - Energetica India Magazine",Yes,1200 MW,,,2026-09-11,2026-09-11,,n/a,n/a,T-5f338783eb34,news-derived record
NTPC,NTPC Green Energy Wins 200 MW/800 MWh BESS Project In West Bengal - SolarQuarter,Solar + Storage,200.0,West Bengal,Delisted,,Tender,,,,,,2026-08-10,NTPC Green,,https://news.google.com/rss/articles/CBMipAFBVV95cUxOQU5ndnpsQVBDeWZlZ1UtNEpZR3lnakRxMU1IcF91b29BUE9CbHlCbklUeWtxQUhrdVpmS2RVSkxkYnBtUmVFWUpsRkZRMGdzU0JOZUROSFFiSFBkQ1NBMG5mMzVob1p0RlQzZWpjY3BiMEdmVlphMHhhaHR1WVllQXlaN2tDM0NlWGZWWFZrMllYTm5YdDlYbThqY3FoZWxNZ3B1TQ?oc=5,https://news.google.com/rss/articles/CBMipAFBVV95cUxOQU5ndnpsQVBDeWZlZ1UtNEpZR3lnakRxMU1IcF91b29BUE9CbHlCbklUeWtxQUhrdVpmS2RVSkxkYnBtUmVFWUpsRkZRMGdzU0JOZUROSFFiSFBkQ1NBMG5mMzVob1p0RlQzZWpjY3BiMEdmVlphMHhhaHR1WVllQXlaN2tDM0NlWGZWWFZrMllYTm5YdDlYbThqY3FoZWxNZ3B1TQ?oc=5,,"Awarded (news, unverified)",news sweep,NTPC Green Energy Wins 200 MW/800 MWh BESS Project In West Bengal - SolarQuarter,Yes,200 MW,,,,,,n/a,n/a,T-08873d53680b,news-derived record
NTPC,ONGC-NTPC-backed Ayana bags 50 MW wind power project from SECI - CNBC TV18,Wind,50.0,,Delisted,,Tender,,,,,,2026-07-15,SECI,,https://news.google.com/rss/articles/CBMiuwFBVV95cUxOZ1dxU0tUUmdib29MNXRVVVA2ZUJTZ043aUYtbDlzdWRiQWpyVmxxZXM1SDY5NkxKTnZlTGlQR2xyNTI1dWdKMVM1SXRZLW96b2h6ejdlZURCSms3V0pvOFRnLUlNN3otYW9weERIRlhlWmdrUjBzVHlYZUJ2T3NnMXA3dnk3NDJoVGJoSW95RUFiZDlNRG9ObkZjREtFMktVOFZVSWZuOFBfdDhrOHFQVk1ldU9ncWpjSGRR0gHAAUFVX3lxTE1Bd0FvM2V3MGFBRDF6LUF5S21jd1VDQnRham5oVTNIV1A1U09tR0lYUmdoakhEZlFXb0dOdU1mYjJ0TmhwWEFlRTdJd1FqWGUyNlNYUVdCcXF3S2VNRk44R21kOXdLbFRhR1FFZFBKaU1PWkg0UFpEYzVYVUhLc0NGQklfeHhBc0Rfd0dfMWQ5WnF5Y3ZNc2NSQVd4LVlzMERfczNrT3V5LURTeDFsQm1aT2ozU2JYeW1fLWI5RVdHZA?oc=5,https://news.google.com/rss/articles/CBMiuwFBVV95cUxOZ1dxU0tUUmdib29MNXRVVVA2ZUJTZ043aUYtbDlzdWRiQWpyVmxxZXM1SDY5NkxKTnZlTGlQR2xyNTI1dWdKMVM1SXRZLW96b2h6ejdlZURCSms3V0pvOFRnLUlNN3otYW9weERIRlhlWmdrUjBzVHlYZUJ2T3NnMXA3dnk3NDJoVGJoSW95RUFiZDlNRG9ObkZjREtFMktVOFZVSWZuOFBfdDhrOHFQVk1ldU9ncWpjSGRR0gHAAUFVX3lxTE1Bd0FvM2V3MGFBRDF6LUF5S21jd1VDQnRham5oVTNIV1A1U09tR0lYUmdoakhEZlFXb0dOdU1mYjJ0TmhwWEFlRTdJd1FqWGUyNlNYUVdCcXF3S2VNRk44R21kOXdLbFRhR1FFZFBKaU1PWkg0UFpEYzVYVUhLc0NGQklfeHhBc0Rfd0dfMWQ5WnF5Y3ZNc2NSQVd4LVlzMERfczNrT3V5LURTeDFsQm1aT2ozU2JYeW1fLWI5RVdHZA?oc=5,,"Awarded (news, unverified)",news sweep,ONGC-NTPC-backed Ayana bags 50 MW wind power project from SECI - CNBC TV18,Yes,50 MW,,,,,,n/a,n/a,T-513c147e4745,news-derived record
NTPC,NTPC Green Energy Awards 300 MW Solar Project To Bondada Engineering in Rajasthan - Saur Energy,Solar,300.0,Rajasthan,Delisted,,Tender,,,,,,2026-05-11,NTPC Green,,https://news.google.com/rss/articles/CBMivwFBVV95cUxOcVhnaU1TdWIwc3RiY0hwN2JWRU9rZlVnNVQ2dk9EMDRIX3k5VTVQall3NVY0RmdJdEJpbnZ6V3NMR2tiVF9FOUZSRlhCLVQzWTl0aG43M3gzMWx1NzI0YzRMWkxMN19MeUswWm8yLVh0V2NIRk44cWlvVUVfRXpjQmtTYmtHdDUtVnFuMUdSMFlmV25YdlZaRlpWcGxNQWNhLVlpQUtzWFdZcEgwUmIxYjBqRnFDaXBPbGtTSUxjcw?oc=5,https://news.google.com/rss/articles/CBMivwFBVV95cUxOcVhnaU1TdWIwc3RiY0hwN2JWRU9rZlVnNVQ2dk9EMDRIX3k5VTVQall3NVY0RmdJdEJpbnZ6V3NMR2tiVF9FOUZSRlhCLVQzWTl0aG43M3gzMWx1NzI0YzRMWkxMN19MeUswWm8yLVh0V2NIRk44cWlvVUVfRXpjQmtTYmtHdDUtVnFuMUdSMFlmV25YdlZaRlpWcGxNQWNhLVlpQUtzWFdZcEgwUmIxYjBqRnFDaXBPbGtTSUxjcw?oc=5,,"Awarded (news, unverified)",news sweep,NTPC Green Energy Awards 300 MW Solar Project To Bondada Engineering in Rajasthan - Saur Energy,Yes,300 MW,,,,,,n/a,n/a,T-98082a4e0e6b,news-derived record
NTPC,NTPC REL Wins 500 MW SECI Renewable Contract At Rs 6 per kWh - Construction World,Unclassified,500.0,,Delisted,,Tender,,,,,,2026-09-03,SECI; Renew,,https://news.google.com/rss/articles/CBMi4gFBVV95cUxPd296c2F1UU96M25sUV9GSmRDLVFEZndIcU9XWXFMTUFtRTJoZGgwOU9VUzR0X2d5WUl1UzFwRzZwLVhVd21lcXRRVHcybUVrT1dMSTR3dmtzVVhCTUlHVnNORlV2OWlvMThlamI3UFdFaVZyM2tQYnVza0l2WVRuS2xIcHlfa0RIenZJdDBSQmhQNndyV0JRX1Y5UGhMSUlxMVk0aFluamZHeFQtZU85WlhmNkpaVFUwODVUb3h4azhRMUo1czlWaFFES3ZONUtuZGI2Y0N4NVo4ZEVTZG5QSW93?oc=5,https://news.google.com/rss/articles/CBMi4gFBVV95cUxPd296c2F1UU96M25sUV9GSmRDLVFEZndIcU9XWXFMTUFtRTJoZGgwOU9VUzR0X2d5WUl1UzFwRzZwLVhVd21lcXRRVHcybUVrT1dMSTR3dmtzVVhCTUlHVnNORlV2OWlvMThlamI3UFdFaVZyM2tQYnVza0l2WVRuS2xIcHlfa0RIenZJdDBSQmhQNndyV0JRX1Y5UGhMSUlxMVk0aFluamZHeFQtZU85WlhmNkpaVFUwODVUb3h4azhRMUo1czlWaFFES3ZONUtuZGI2Y0N4NVo4ZEVTZG5QSW93?oc=5,,"Awarded (news, unverified)",news sweep,NTPC REL Wins 500 MW SECI Renewable Contract At Rs 6 per kWh - Construction World,Yes,500 MW,,,,,,n/a,n/a,T-d9717b535ee9,news-derived record
NTPC,"Bondada Bags ₹1,338-Crore NTPC Renewable Energy Contract in UP - Saur Energy",Unclassified,,,Delisted,,Tender,,,,,,2026-06-16,NTPC Renewable,,https://news.google.com/rss/articles/CBMitAFBVV95cUxOYzc3ZUdYSXdjUWhYYVg3YU5RcXRNdUc3NTN0VVY2a2NPbWJURVBWeWtvY3ZlakhPeUNEVzlRd3dVNjVNQ1hDaVRNR3poeE9NeFE4Ukt2V2JyR0hjdS1uXzhkSnBoZmtPWThHVDYyclZjd3NRcGd5aWJrcmVhMlpKVlVSc2oxZ1QtdWMzMmxKbEoxUDliMEhJVURBOVlnTVl1M0hwSkxUSDY4ejlQT1IwQ1B1R2Y?oc=5,https://news.google.com/rss/articles/CBMitAFBVV95cUxOYzc3ZUdYSXdjUWhYYVg3YU5RcXRNdUc3NTN0VVY2a2NPbWJURVBWeWtvY3ZlakhPeUNEVzlRd3dVNjVNQ1hDaVRNR3poeE9NeFE4Ukt2V2JyR0hjdS1uXzhkSnBoZmtPWThHVDYyclZjd3NRcGd5aWJrcmVhMlpKVlVSc2oxZ1QtdWMzMmxKbEoxUDliMEhJVURBOVlnTVl1M0hwSkxUSDY4ejlQT1IwQ1B1R2Y?oc=5,,"Awarded (news, unverified)",news sweep,"Bondada Bags ₹1,338-Crore NTPC Renewable Energy Contract in UP - Saur Energy",Yes,,,,,,,n/a,n/a,T-30622cb3519a,news-derived record
NTPC,NTPC Green Energy arm wins 500 MW capacity in SECI peak power tender at ₹6/kWh - CNBC TV18,Unclassified,500.0,,Delisted,,Tender,,,,,,2026-08-22,NTPC Green; SECI,,https://news.google.com/rss/articles/CBMi5AFBVV95cUxPY3lma0k4RVZMQTZLS3dMMGZkcDlsMUVaTW9fSVk4RU5UaTJEQmJPSDcyVVJFb0tSem56cUxMcFhkOWF1TjMwd2w4T1o3a2wxYjUySm9ac0ZMSU92eHFkdXVBSUhpY0o2SjFRTE5NZXBFQklHV0lDREdNMDZBYUNNVDZDZmRYcWFNWW1yQ0dsZjg2aUhiWko0QTVRdWRVREVmSVFuYkg1VUVna3dGZHZmVWRnVDhialdyZzVLQ0NNemNQVWJITlFYZU5td3hvMG1iTUoyZmk1RGIwRk5sVGdjRkl5VW3SAeoBQVVfeXFMUFNQNVV5RFZrM2d6RE5qVm9IMGp0Wk5pVDZuS3dtR0RiRlJQNHRpdkxnNlBfODNoZVR4NzJHMmNqZERoakpCS0Y4Qkc0R0txNFFVWm1mNUJjajQ5U0pLQml3YUNrZUxhSjMzaHgxX05JQTlUeHRzWDFjRmJMdVhsNDFINmNlNkM3T0hIVms5VDBZTEtxVV9pbXhsWGhXbFlpQXdINlpQbWREWlZJc1pmdmhJSmZUWWJoY2F4Y1RGSl9kOHZGaVNkbnRCZ2N6QUhoVWd1dWMwVWNNR1VKNE1xR1NnUm1VU1BjU2dR?oc=5,https://news.google.com/rss/articles/CBMi5AFBVV95cUxPY3lma0k4RVZMQTZLS3dMMGZkcDlsMUVaTW9fSVk4RU5UaTJEQmJPSDcyVVJFb0tSem56cUxMcFhkOWF1TjMwd2w4T1o3a2wxYjUySm9ac0ZMSU92eHFkdXVBSUhpY0o2SjFRTE5NZXBFQklHV0lDREdNMDZBYUNNVDZDZmRYcWFNWW1yQ0dsZjg2aUhiWko0QTVRdWRVREVmSVFuYkg1VUVna3dGZHZmVWRnVDhialdyZzVLQ0NNemNQVWJITlFYZU5td3hvMG1iTUoyZmk1RGIwRk5sVGdjRkl5VW3SAeoBQVVfeXFMUFNQNVV5RFZrM2d6RE5qVm9IMGp0Wk5pVDZuS3dtR0RiRlJQNHRpdkxnNlBfODNoZVR4NzJHMmNqZERoakpCS0Y4Qkc0R0txNFFVWm1mNUJjajQ5U0pLQml3YUNrZUxhSjMzaHgxX05JQTlUeHRzWDFjRmJMdVhsNDFINmNlNkM3T0hIVms5VDBZTEtxVV9pbXhsWGhXbFlpQXdINlpQbWREWlZJc1pmdmhJSmZUWWJoY2F4Y1RGSl9kOHZGaVNkbnRCZ2N6QUhoVWd1dWMwVWNNR1VKNE1xR1NnUm1VU1BjU2dR?oc=5,,"Awarded (news, unverified)",news sweep,NTPC Green Energy arm wins 500 MW capacity in SECI peak power tender at ₹6/kWh - CNBC TV18,Yes,500 MW,,,2026-09-07,2026-09-07,,n/a,n/a,T-0ebaf350f811,news-derived record
NTPC,"NTPC Green wins 250-MW solar, BESS project for India's defence min - Renewables Now",Solar + Storage,,,Delisted,,Tender,,,,,,2026-06-10,NTPC Green; Renew,,https://news.google.com/rss/articles/CBMipwFBVV95cUxPaUN3YW1XWW94RjZYWWR6WGRxdnZSWUJRVE1EaWQ5cThDQ1NkTXhvSVhlOGpxbE5CQS1DVlE1dXhWNnVnbFlfc3BpYmYwVjN0X082S2tzXzZnc1dnRnlaXzBSYkdKOFFCMEU0Mkp2eXJTOFhENHpPU052bmFRa1Q0ck51eGlyS3B2elh2bnV0Y3VUMFZncTZkZmlwWk0tcjl2SE5Hdjlsdw?oc=5,https://news.google.com/rss/articles/CBMipwFBVV95cUxPaUN3YW1XWW94RjZYWWR6WGRxdnZSWUJRVE1EaWQ5cThDQ1NkTXhvSVhlOGpxbE5CQS1DVlE1dXhWNnVnbFlfc3BpYmYwVjN0X082S2tzXzZnc1dnRnlaXzBSYkdKOFFCMEU0Mkp2eXJTOFhENHpPU052bmFRa1Q0ck51eGlyS3B2elh2bnV0Y3VUMFZncTZkZmlwWk0tcjl2SE5Hdjlsdw?oc=5,,"Awarded (news, unverified)",news sweep,"NTPC Green wins 250-MW solar, BESS project for India's defence min - Renewables Now",Yes,,,,2026-09-09,2026-09-09,,n/a,n/a,T-371e2132c618,news-derived record
NTPC,"Waaree, NTPC REL, ACME Win SECI’s 6,000 MWh Assured Peak Power Supply Auction - Energetica India Magazine",Unclassified,,,Delisted,,Tender,,,,,,2026-08-24,Waaree; SECI,,https://news.google.com/rss/articles/CBMirwFBVV95cUxNRms5U0xUXzJhMVZWZmt3SG5VVFNPM1ZvbkFTUmFNYW5mY0NPb2Qyakhvbi1GdTkyMkV2bzBXN2g2RVNIOFJuanlfMFBBMWVwMWM1Tm1hZ3YzS0RyZDN2TXVQVnd2NVR0d2cxOG4yWTJITnBGbGdNRnVTQ0ZWQ2FiQXFpbTZ4dDBHNW80RlRZbHZVQXBnZ1V6TU5jbG5tZDRIZU9YdTI3Y2NnUDE1aGhF?oc=5,https://news.google.com/rss/articles/CBMirwFBVV95cUxNRms5U0xUXzJhMVZWZmt3SG5VVFNPM1ZvbkFTUmFNYW5mY0NPb2Qyakhvbi1GdTkyMkV2bzBXN2g2RVNIOFJuanlfMFBBMWVwMWM1Tm1hZ3YzS0RyZDN2TXVQVnd2NVR0d2cxOG4yWTJITnBGbGdNRnVTQ0ZWQ2FiQXFpbTZ4dDBHNW80RlRZbHZVQXBnZ1V6TU5jbG5tZDRIZU9YdTI3Y2NnUDE1aGhF?oc=5,,"Awarded (news, unverified)",news sweep,"Waaree, NTPC REL, ACME Win SECI’s 6,000 MWh Assured Peak Power Supply Auction - Energetica India Magazine",Yes,"6,000 MWh (energy, not power)",,,2026-09-11,2026-09-11,,n/a,n/a,T-a866fd0c04cd,news-derived record
NTPC Green Energy,NTPC Green Energy And Opera Energy Win 95 MW/380 MWh Battery Storage Projects To Boost Kerala’s Grid Stability - SolarQuarter,Solar + Storage,95.0,Kerala,Closed,,Tender,,,,,,2025-05-26,NTPC Green,,https://news.google.com/rss/articles/CBMi3wFBVV95cUxPc25GMXRPdENMcDJGSldHc3BkLTNUVDRJNFBFZUFjVnpyTDFsSW8xei03Z1F6ODFnY25PaC1wSjdBRDk2VGV6UzdUNWQ4Ym1hT0I3VzE1ME1rZE9GVHM0WjlWTE9FWnVEOTVBT3ZkYk9XeDN3R1VnS2tweEl4bzlLaUoyajFPQ0tIZ3plTlNyZFB3dU1hWk1iUkRkQWFsWENGZnZFVDdELXFqN2pNLU52YkVKTjdRSlhOTk5aSUE3RGZqeFhxLVVzT0RNSlowV2lPY0Z3bTFEZ1dCOWVCZGRR?oc=5,https://news.google.com/rss/articles/CBMi3wFBVV95cUxPc25GMXRPdENMcDJGSldHc3BkLTNUVDRJNFBFZUFjVnpyTDFsSW8xei03Z1F6ODFnY25PaC1wSjdBRDk2VGV6UzdUNWQ4Ym1hT0I3VzE1ME1rZE9GVHM0WjlWTE9FWnVEOTVBT3ZkYk9XeDN3R1VnS2tweEl4bzlLaUoyajFPQ0tIZ3plTlNyZFB3dU1hWk1iUkRkQWFsWENGZnZFVDdELXFqN2pNLU52YkVKTjdRSlhOTk5aSUE3RGZqeFhxLVVzT0RNSlowV2lPY0Z3bTFEZ1dCOWVCZGRR?oc=5,,"Awarded (news, unverified)",news sweep,NTPC Green Energy And Opera Energy Win 95 MW/380 MWh Battery Storage Projects To Boost Kerala’s Grid Stability - SolarQuarter,Yes,95 MW,,,,,,n/a,n/a,T-cca15fd12bcf,news-derived record
NTPC Green Energy,NTPC Green Energy subsidiary wins 193 MW wind project in MPPMCL tender - scanx.trade,Wind,193.0,,Closed,,Tender,,,,,,2026-06-30,NTPC Green,,https://news.google.com/rss/articles/CBMirgFBVV95cUxPYXJ5WjFXUnZCUlg1MWtKXzNXSUNKeklQaFE0OEhneHIweTRsdzZGRWJRbmpjb3pmNm5OU21tdkJNYmczV2psaXZZUVNqenNUQTBvZW9ZUlozc184U2tUX0s3NnFIY1lJam84eU9wN0JUQXQ5X1EwaV9uTTlGd0ExYlowRFJXdUVFNkRXSkZ0VE81LXh2QnRzVnJ0anJFYkFtbE9xUFVWMWhRUDJ1Rmc?oc=5,https://news.google.com/rss/articles/CBMirgFBVV95cUxPYXJ5WjFXUnZCUlg1MWtKXzNXSUNKeklQaFE0OEhneHIweTRsdzZGRWJRbmpjb3pmNm5OU21tdkJNYmczV2psaXZZUVNqenNUQTBvZW9ZUlozc184U2tUX0s3NnFIY1lJam84eU9wN0JUQXQ5X1EwaV9uTTlGd0ExYlowRFJXdUVFNkRXSkZ0VE81LXh2QnRzVnJ0anJFYkFtbE9xUFVWMWhRUDJ1Rmc?oc=5,,"Awarded (news, unverified)",news sweep,NTPC Green Energy subsidiary wins 193 MW wind project in MPPMCL tender - scanx.trade,Yes,193 MW,,,2026-09-08,2026-09-08,,n/a,n/a,T-839f243652dc,news-derived record
NVVN,"Sunsure Energy and EnerGrid Win NVVN’s 250 MW/1,000 MWh BESS Auction - Energetica India Magazine",Energy Storage (BESS),250.0,,Closed,,Tender,,,,,,2025-07-28,Sunsure,,https://news.google.com/rss/articles/CBMipwFBVV95cUxQWkVhZDdsd3M1MllmTDZDd3ZXWmpEelJyakxVQlptZXN1VzNKQ2NXekRudnpHYmVBZHNrck8tU2ZrbXc1cWdyaGYxTUdUSHFuQmgydkY2VlFUU0FHMnd2a0FyRDQ5QnlLWlFsNVVXOFhUc0ZBdXFkTWVwYWpuVXQxSTJCNkFDZUw3eDk1TTZfbEx6NW9mUjVIdUpLTHlzYnpja3Y3MTJuRQ?oc=5,https://news.google.com/rss/articles/CBMipwFBVV95cUxQWkVhZDdsd3M1MllmTDZDd3ZXWmpEelJyakxVQlptZXN1VzNKQ2NXekRudnpHYmVBZHNrck8tU2ZrbXc1cWdyaGYxTUdUSHFuQmgydkY2VlFUU0FHMnd2a0FyRDQ5QnlLWlFsNVVXOFhUc0ZBdXFkTWVwYWpuVXQxSTJCNkFDZUw3eDk1TTZfbEx6NW9mUjVIdUpLTHlzYnpja3Y3MTJuRQ?oc=5,,"Awarded (news, unverified)",news sweep,"Sunsure Energy and EnerGrid Win NVVN’s 250 MW/1,000 MWh BESS Auction - Energetica India Magazine",Yes,250 MW,,,,,,n/a,n/a,T-b5f86f00d1d1,news-derived record
NVVN,"Solar91, Rays Experts, Stockwell, Oriana and Inox Renewable Win NVVN’s 1 GWh BESS Auction - Energetica India Magazine",Energy Storage (BESS),,,Closed,,Tender,,,,,,2025-06-21,Renew,,https://news.google.com/rss/articles/CBMiyAFBVV95cUxPMUphVFdPVVlaa3R3cE1nd3BZSWp3QWtNNkloajlDRzdyc2l6ekwxaEQyOVNhSDk3dXIxOEdfWHZmaldxLUUtTzdFQ0RDUDVfelZ2czV2UXJVMjBkWTJLTmtsYjRvQmJxZTRRSmxFbTUtYjVqb3hRVi1zZldMTWQyNnNiLUtkclFrOHVKalN5WnJmLUktUkVCU2RrTWdpbjA3eWxpVGFGTGxnX1JudEVoNWE1WXJodjdxSlBaZmQwN3Zxb1VVbl9fWA?oc=5,https://news.google.com/rss/articles/CBMiyAFBVV95cUxPMUphVFdPVVlaa3R3cE1nd3BZSWp3QWtNNkloajlDRzdyc2l6ekwxaEQyOVNhSDk3dXIxOEdfWHZmaldxLUUtTzdFQ0RDUDVfelZ2czV2UXJVMjBkWTJLTmtsYjRvQmJxZTRRSmxFbTUtYjVqb3hRVi1zZldMTWQyNnNiLUtkclFrOHVKalN5WnJmLUktUkVCU2RrTWdpbjA3eWxpVGFGTGxnX1JudEVoNWE1WXJodjdxSlBaZmQwN3Zxb1VVbl9fWA?oc=5,,"Awarded (news, unverified)",news sweep,"Solar91, Rays Experts, Stockwell, Oriana and Inox Renewable Win NVVN’s 1 GWh BESS Auction - Energetica India Magazine",Yes,"1 GWh (energy, not power)",,,,,,n/a,n/a,T-de9dfcb73ed6,news-derived record
NVVN,"Tender Result: Sunsure, EnerGrid Win NVVN’s 250 MW/1,000 MWh BESS Project - Saur Energy",Energy Storage (BESS),250.0,,Closed,,Tender,,,,,,2025-07-26,Sunsure,,https://news.google.com/rss/articles/CBMiqwFBVV95cUxPSUc2NFlYeXFIcXBXZzR3M3hLbVFLRzFmM1NUZFJaWHVDeVFRc3hSbkdsREQzYXVyZ0pBN0NDdGdGbnVvMWlaNnE3Nkd2YllFNDlKUVZ3Yzdyd0lWTlhyaXhJSTZBTHRZUDg0amtObzF4NVFDOF92SFhTZjZFYjBLT2pSX1N4N0MxZ1FYeVRqbml1SUVXX2NXTVgxa0xpaUNBa1NMRE44aEJVczQ?oc=5,https://news.google.com/rss/articles/CBMiqwFBVV95cUxPSUc2NFlYeXFIcXBXZzR3M3hLbVFLRzFmM1NUZFJaWHVDeVFRc3hSbkdsREQzYXVyZ0pBN0NDdGdGbnVvMWlaNnE3Nkd2YllFNDlKUVZ3Yzdyd0lWTlhyaXhJSTZBTHRZUDg0amtObzF4NVFDOF92SFhTZjZFYjBLT2pSX1N4N0MxZ1FYeVRqbml1SUVXX2NXTVgxa0xpaUNBa1NMRE44aEJVczQ?oc=5,,"Awarded (news, unverified)",news sweep,"Tender Result: Sunsure, EnerGrid Win NVVN’s 250 MW/1,000 MWh BESS Project - Saur Energy",Yes,250 MW,,,,,,n/a,n/a,T-ed8a197bf7c0,news-derived record
NVVN,"Sunsure and Enerica Bag NVVN’s 250 MW/1,000 MWh BESS Auction - Mercomindia.com",Energy Storage (BESS),250.0,,Closed,,Tender,,,,,,2025-08-27,Sunsure,,https://news.google.com/rss/articles/CBMihgFBVV95cUxOVWVlQVBrXzhUUDVuaW1WWVRJa2h2YVNxY1VWMjRDeUpZYUFjOHJUOUk4TmJIYXllQ2RMTWNlRjk3R19JRVI4N3JtNzBqbS1JempyWHdKSExobHZhcERQWDhZN2U5bzRKX29zVUh5UWpxbFVzc0QyX29ScnZGQmlSeEpuX1pJUQ?oc=5,https://news.google.com/rss/articles/CBMihgFBVV95cUxOVWVlQVBrXzhUUDVuaW1WWVRJa2h2YVNxY1VWMjRDeUpZYUFjOHJUOUk4TmJIYXllQ2RMTWNlRjk3R19JRVI4N3JtNzBqbS1JempyWHdKSExobHZhcERQWDhZN2U5bzRKX29zVUh5UWpxbFVzc0QyX29ScnZGQmlSeEpuX1pJUQ?oc=5,,"Awarded (news, unverified)",news sweep,"Sunsure and Enerica Bag NVVN’s 250 MW/1,000 MWh BESS Auction - Mercomindia.com",Yes,250 MW,,,2026-09-08,2026-09-08,,n/a,n/a,T-d685a27a33dd,news-derived record
NVVN,Sunsure And Enerica Wins NVVN Auction For 250 MW BESS At Tariffs As Low As ₹6.64 Per kWh - solarquarter.com,Solar + Storage,250.0,,Closed,,Tender,,,,,,2025-07-28,Sunsure,,https://news.google.com/rss/articles/CBMizgFBVV95cUxQQUpzSmtqM3NGVllWeWVicDFQOV80ZU5lX3VkVmozUVpIdnhaeHpUMWxVNG1nemNDTnBnUnR2b2pTS19yVUw4eHFjTVpDdlVwRDY1VTlkQk5tcDBLdnoxVFFkWjFSbGlHY24wRDVBelBRY1JObjFlQUFSUU5KN3hDV3EtZGtxaVJib0xXbDh2NGZvaURES2s5MHRvSkd3QlIzQmNKcDZ3a2JRMmJQemk4QzBUb0w0ZHdib01EUVUwTmRFYlQzdzdUVVlnbDYydw?oc=5,https://news.google.com/rss/articles/CBMizgFBVV95cUxQQUpzSmtqM3NGVllWeWVicDFQOV80ZU5lX3VkVmozUVpIdnhaeHpUMWxVNG1nemNDTnBnUnR2b2pTS19yVUw4eHFjTVpDdlVwRDY1VTlkQk5tcDBLdnoxVFFkWjFSbGlHY24wRDVBelBRY1JObjFlQUFSUU5KN3hDV3EtZGtxaVJib0xXbDh2NGZvaURES2s5MHRvSkd3QlIzQmNKcDZ3a2JRMmJQemk4QzBUb0w0ZHdib01EUVUwTmRFYlQzdzdUVVlnbDYydw?oc=5,,"Awarded (news, unverified)",news sweep,Sunsure And Enerica Wins NVVN Auction For 250 MW BESS At Tariffs As Low As ₹6.64 Per kWh - solarquarter.com,Yes,250 MW,,,2026-09-11,2026-09-11,,n/a,n/a,T-226a0ba9eb2e,news-derived record
NVVN,"NVVN Allocates 500 MW BESS Projects In Rajasthan; Winners Include Stockwell Solar, Oriana Power, Inox, Solar91, And Rays Power - SolarQuarter",Solar + Storage,500.0,Rajasthan,Closed,,Tender,,,,,,2025-06-23,Rays Power,,https://news.google.com/rss/articles/CBMi7wFBVV95cUxPUG5BdGZsNEw4dGQ3X0FMR0Fyd0xxdlNOajRGMl9NWE5jNWJlbFhSb3dLSlJZTGpuV3lLZ3M3X3A2ZlpYd29WeUJSVTRDTEFlN3BJaF9DdGpnSC0ybzBhM1JjN2lubU5UOWNZSnJxM09sQkZwakZCYW9vVF9SZzl3cy1uYlU0OU1wTllWZWN0R1EtbXpmeWZHQl9GQkhCcDk1UlZDSTFQX1hUcEZzVHNYZFRjNU5zMDFibGtWdWNjX2hWTWxXcE02QzZYRU9jX0Vtd01ycjd5M3A4QV9xVUpfb3liOWUzSzM1c3I4dFNkOA?oc=5,https://news.google.com/rss/articles/CBMi7wFBVV95cUxPUG5BdGZsNEw4dGQ3X0FMR0Fyd0xxdlNOajRGMl9NWE5jNWJlbFhSb3dLSlJZTGpuV3lLZ3M3X3A2ZlpYd29WeUJSVTRDTEFlN3BJaF9DdGpnSC0ybzBhM1JjN2lubU5UOWNZSnJxM09sQkZwakZCYW9vVF9SZzl3cy1uYlU0OU1wTllWZWN0R1EtbXpmeWZHQl9GQkhCcDk1UlZDSTFQX1hUcEZzVHNYZFRjNU5zMDFibGtWdWNjX2hWTWxXcE02QzZYRU9jX0Vtd01ycjd5M3A4QV9xVUpfb3liOWUzSzM1c3I4dFNkOA?oc=5,,"Awarded (news, unverified)",news sweep,"NVVN Allocates 500 MW BESS Projects In Rajasthan; Winners Include Stockwell Solar, Oriana Power, Inox, Solar91, And Rays Power - SolarQuarter",Yes,500 MW,,,2026-09-12,2026-09-12,,n/a,n/a,T-192f9aa24471,news-derived record
SECI,EQT-backed Resolven bags 200 MW SECI wind project in Karnataka - ET EnergyWorld,Wind,200.0,Karnataka,Closed,,Tender,,,,,,2026-07-17,Resolven,,https://news.google.com/rss/articles/CBMixgFBVV95cUxQazJDclZRMlZONk5YQ3EzUVVpYWNMbEVGWThWbVhoUVozdHFuSkVnZlgwSlNZbURmTjkxNEFwbVRNV0VnbnJ6VnktOHAtOFFob3NLT20zMGJyQm9zQkRScEJaeGNzYnJ2T0lFMUhLTEhISmxfZkg1NHBoS0VPTWdCdG9xbEtvT2VJWDNlS1g2MTNJU3h0dHBoRXVPRFgwTnk5NnliUXlVWl9IaGxvdU1yX25McHhIQ0dKOTN2dlpzSDVTNjE2aEHSAcsBQVVfeXFMTXhXUk1rb3Z3WE5XWGdZbjVTMlVfckQ5Nmxfcld1MDZhLTJwRmtTMlFBSm94ai1jbEczT1Myam44d1hmcWwxa2VlSWoydERuYW81dUs3eEZKOEkyWGNoY1lKT0lZQlJFNnRnNXlBSzJYMklTaEg2a0JraVQ1R1RUUUQyX21WYWgtZUpkTXVjS3d3YnFzNVI5dGtocnZobmxCWGIxS2dDcGs3T1B5Z1hMNDJXVDB1TmlORmZKakNoTmpBVGUxc1p3MUpHT3c?oc=5,https://news.google.com/rss/articles/CBMixgFBVV95cUxQazJDclZRMlZONk5YQ3EzUVVpYWNMbEVGWThWbVhoUVozdHFuSkVnZlgwSlNZbURmTjkxNEFwbVRNV0VnbnJ6VnktOHAtOFFob3NLT20zMGJyQm9zQkRScEJaeGNzYnJ2T0lFMUhLTEhISmxfZkg1NHBoS0VPTWdCdG9xbEtvT2VJWDNlS1g2MTNJU3h0dHBoRXVPRFgwTnk5NnliUXlVWl9IaGxvdU1yX25McHhIQ0dKOTN2dlpzSDVTNjE2aEHSAcsBQVVfeXFMTXhXUk1rb3Z3WE5XWGdZbjVTMlVfckQ5Nmxfcld1MDZhLTJwRmtTMlFBSm94ai1jbEczT1Myam44d1hmcWwxa2VlSWoydERuYW81dUs3eEZKOEkyWGNoY1lKT0lZQlJFNnRnNXlBSzJYMklTaEg2a0JraVQ1R1RUUUQyX21WYWgtZUpkTXVjS3d3YnFzNVI5dGtocnZobmxCWGIxS2dDcGs3T1B5Z1hMNDJXVDB1TmlORmZKakNoTmpBVGUxc1p3MUpHT3c?oc=5,,"Awarded (news, unverified)",news sweep,EQT-backed Resolven bags 200 MW SECI wind project in Karnataka - ET EnergyWorld,Yes,200 MW,,,,,,n/a,n/a,T-f504d9c8dc54,news-derived record
SECI,"SECI Awards 1,344 MW Pumped Storage Capacity To Greenko, Tata Power, And Torrent After Competitive Auction - SolarQuarter",Pumped Storage,1344.0,,Closed,,Tender,,,,,,2026-07-21,Greenko; Tata Power; Torrent,,https://news.google.com/rss/articles/CBMi1wFBVV95cUxNZ0xiWWJZOThVejBNbXZ2SF9PTnNHZGRuam9HdXJzTWlXTnB1bzNlQWY3Zmg2TUtyazEwTHNld25DMmtjTGNkNEhWbk9OeWl4NkowSXY4WmVjU1ZFM0RKVy16LWlhR0J3aGFqX0tRelhhMXNER1dFY3FCS2Y3el8xMThzRmRhTXJ5ak1aeHpzMGNnX2FkRk1hTTlWNy0zWnVDbTNYRmhXRUJ2MlZCOEV0ZVRyWEZCa3BpcjFPNDFuZ04yc2NubVZEd3lUR0R0QnIxRlYtMlA4cw?oc=5,https://news.google.com/rss/articles/CBMi1wFBVV95cUxNZ0xiWWJZOThVejBNbXZ2SF9PTnNHZGRuam9HdXJzTWlXTnB1bzNlQWY3Zmg2TUtyazEwTHNld25DMmtjTGNkNEhWbk9OeWl4NkowSXY4WmVjU1ZFM0RKVy16LWlhR0J3aGFqX0tRelhhMXNER1dFY3FCS2Y3el8xMThzRmRhTXJ5ak1aeHpzMGNnX2FkRk1hTTlWNy0zWnVDbTNYRmhXRUJ2MlZCOEV0ZVRyWEZCa3BpcjFPNDFuZ04yc2NubVZEd3lUR0R0QnIxRlYtMlA4cw?oc=5,,"Awarded (news, unverified)",news sweep,"SECI Awards 1,344 MW Pumped Storage Capacity To Greenko, Tata Power, And Torrent After Competitive Auction - SolarQuarter",Yes,"1,344 MW",,,,,,n/a,n/a,T-2316ce5c96dc,news-derived record
SECI,Resolven wins 200 MW SECI wind project in Karnataka - Manufacturing Today India,Wind,200.0,Karnataka,Closed,,Tender,,,,,,2026-07-21,Resolven,,https://news.google.com/rss/articles/CBMic0FVX3lxTFBzZy1YekltdTFLSWZKck9TYkNBdExkRmYzakg1c2dJVWhmQmRRRXlSZ01OcThqZE5vcmpjOHQ0QkstdnJ0MzNFLXIta0hzaFcwVDFibDRBcnJyRmtpNmVXZzRJR1FHZFRfTzlZaXdGamswM0U?oc=5,https://news.google.com/rss/articles/CBMic0FVX3lxTFBzZy1YekltdTFLSWZKck9TYkNBdExkRmYzakg1c2dJVWhmQmRRRXlSZ01OcThqZE5vcmpjOHQ0QkstdnJ0MzNFLXIta0hzaFcwVDFibDRBcnJyRmtpNmVXZzRJR1FHZFRfTzlZaXdGamswM0U?oc=5,,"Awarded (news, unverified)",news sweep,Resolven wins 200 MW SECI wind project in Karnataka - Manufacturing Today India,Yes,200 MW,,,,,,n/a,n/a,T-cc515c96331c,news-derived record
SECI,"Greenko, Torrent & Tata Power Wins SECI 1500 MW/12000 MWh Pumped Storage Tender in India - Saur Energy",Pumped Storage,1500.0,,Closed,,Tender,,,,,,2026-07-21,Greenko; Torrent; Tata Power,,https://news.google.com/rss/articles/CBMi0wFBVV95cUxNcUFUdkw3Vm5vYUd3d1N3Q1FMZ3M3eDZRRHJGNzEwNExtaHdJLWRXVndXN1V2Ukc4d3hUbEtoT0RqUmpRRWVqbXM0REtHcTlsM29xekcxTWtnWVpXMnFIZmNXLTlnVTZ0WGRLYVNiOWtLYWZidHU1Y0U4ZnpXSkQtU0thZG9IelVKd01TU0c2WUdRNlZQMmJSUnN3aFhmemtVWUhlRHozWUFlZERMVlFhVXJpaVhWaWpkb2NuVURBZzhTRWU0S3puWFNyc2xpalRCc0pJ?oc=5,https://news.google.com/rss/articles/CBMi0wFBVV95cUxNcUFUdkw3Vm5vYUd3d1N3Q1FMZ3M3eDZRRHJGNzEwNExtaHdJLWRXVndXN1V2Ukc4d3hUbEtoT0RqUmpRRWVqbXM0REtHcTlsM29xekcxTWtnWVpXMnFIZmNXLTlnVTZ0WGRLYVNiOWtLYWZidHU1Y0U4ZnpXSkQtU0thZG9IelVKd01TU0c2WUdRNlZQMmJSUnN3aFhmemtVWUhlRHozWUFlZERMVlFhVXJpaVhWaWpkb2NuVURBZzhTRWU0S3puWFNyc2xpalRCc0pJ?oc=5,,"Awarded (news, unverified)",news sweep,"Greenko, Torrent & Tata Power Wins SECI 1500 MW/12000 MWh Pumped Storage Tender in India - Saur Energy",Yes,1500 MW,,,,,,n/a,n/a,T-8dbc8a713349,news-derived record
SECI,"KP Energy, Waaree, Zelestra, Purvah Green Among Winners in SECI’s 1,200 MW Wind Power Auction - Energetica India Magazine",Wind,1200.0,,Closed,,Tender,,,,,,2026-02-05,KP Energy; Waaree; Purvah Green,,https://news.google.com/rss/articles/CBMixAFBVV95cUxONVlGN2NBUnV4UXlKVm1WYWFLa1VuT1hQUDRFdTZaNWVoSUtvVnVodXd4U2JqMVFaQUV2N0liVXNqd0k0cjVfZU0zOV9pcmNJZ1ZyZ1RvWHotLXZzSlRONjA1ZVNqVW1acFl6LTJqR1RJSEdDTjRWejFYM0lRRHZDR2NLM2tjNjAzMjY4cUFXSWdsTl9SUFpaM2dqV3o3SVVJUmpNRFJLMUNZZFJhMVFwbWwyRmhJTl94enp1TzFwSTBqMkQ2?oc=5,https://news.google.com/rss/articles/CBMixAFBVV95cUxONVlGN2NBUnV4UXlKVm1WYWFLa1VuT1hQUDRFdTZaNWVoSUtvVnVodXd4U2JqMVFaQUV2N0liVXNqd0k0cjVfZU0zOV9pcmNJZ1ZyZ1RvWHotLXZzSlRONjA1ZVNqVW1acFl6LTJqR1RJSEdDTjRWejFYM0lRRHZDR2NLM2tjNjAzMjY4cUFXSWdsTl9SUFpaM2dqV3o3SVVJUmpNRFJLMUNZZFJhMVFwbWwyRmhJTl94enp1TzFwSTBqMkQ2?oc=5,,"Awarded (news, unverified)",news sweep,"KP Energy, Waaree, Zelestra, Purvah Green Among Winners in SECI’s 1,200 MW Wind Power Auction - Energetica India Magazine",Yes,"1,200 MW",,,,,,n/a,n/a,T-23a801be8353,news-derived record
SECI,"Purvah, SAEL Among Winners of SECI’s 2 GW Solar, 4 GWh Energy Storage Auction - Mercomindia.com",Solar + Storage,2000.0,,Closed,,Tender,,,,,,2025-11-08,SAEL,,https://news.google.com/rss/articles/CBMinwFBVV95cUxNa093ZGg5dFlMSkNKTVZKV2ZfRzEwdkhNN25DVk9Nd2RIUzA5NlhQOVRucHhIbTMtZ2ZKV3ZLdDA2UURISjJDRjlqVDhkVF9iUnhLdjdvcmJJSGx4M0hHQ3gzQVU4QlhGSmh1WmItYUV3MFd5bWllSmhKS0o0UXc0dU16ei0tTXNsUnRLWExiUm9LZUxhMDZZNHdJU2lYNXM?oc=5,https://news.google.com/rss/articles/CBMinwFBVV95cUxNa093ZGg5dFlMSkNKTVZKV2ZfRzEwdkhNN25DVk9Nd2RIUzA5NlhQOVRucHhIbTMtZ2ZKV3ZLdDA2UURISjJDRjlqVDhkVF9iUnhLdjdvcmJJSGx4M0hHQ3gzQVU4QlhGSmh1WmItYUV3MFd5bWllSmhKS0o0UXc0dU16ei0tTXNsUnRLWExiUm9LZUxhMDZZNHdJU2lYNXM?oc=5,,"Awarded (news, unverified)",news sweep,"Purvah, SAEL Among Winners of SECI’s 2 GW Solar, 4 GWh Energy Storage Auction - Mercomindia.com",Yes,2 GW,,,,,,n/a,n/a,T-fbcb1c127eb4,news-derived record
SECI,Ayana Renewable Wins 50 MW Wind Power Project In SECI Tranche-XX Auction At INR3.85/kWh - WindInsider,Wind,50.0,,Closed,,Tender,,,,,,2026-07-16,Ayana Renewable,,https://news.google.com/rss/articles/CBMiwAFBVV95cUxPNUp6WGpWeTBuQnJQcURPbGhnLVhLU1hXVDBXbHYxZzRWWFhUeFY4V293Q0tSM1pZWnRRQmFUM2lDbWVUOGJZZktWZlUwb200RTFZb1RXRzJiWWRYaEJ4UTMxcy1kMWZRQjloU1JWME5KLWJjZHdxRk5ZbG9WdUZKWm5QcmJlZGtRLWM1VU45UkRsZGljNnVzY2lyWDdTb044Z0ZZYndJeVlDUmh0NVFCaGRzNVY4cUpwcHQyNVdvZWPSAcYBQVVfeXFMTVBhUThxZ1I4SlBGS3Y2amFGcE9HTHBrMER4VG9qdE5qV0VjWjg3ekJyRWZtc0tUTU5Sdk5PcDZtQzlfY09iTnhWZk1jbjA0Y0ZkYjl2ZGdsYURlajRoalhTbVFLRURqNEpvOWlvTEhLblhkOTduSzZRcHZlSmpfaWdFd0twTGlDbERKQ1hwb09oYndjREpOR01oN3AzWFA4MGVkYkVFd0lva3ByeVgtMG1maUE3dHVUSlpnRFlnWlMxYnRGRmx3?oc=5,https://news.google.com/rss/articles/CBMiwAFBVV95cUxPNUp6WGpWeTBuQnJQcURPbGhnLVhLU1hXVDBXbHYxZzRWWFhUeFY4V293Q0tSM1pZWnRRQmFUM2lDbWVUOGJZZktWZlUwb200RTFZb1RXRzJiWWRYaEJ4UTMxcy1kMWZRQjloU1JWME5KLWJjZHdxRk5ZbG9WdUZKWm5QcmJlZGtRLWM1VU45UkRsZGljNnVzY2lyWDdTb044Z0ZZYndJeVlDUmh0NVFCaGRzNVY4cUpwcHQyNVdvZWPSAcYBQVVfeXFMTVBhUThxZ1I4SlBGS3Y2amFGcE9HTHBrMER4VG9qdE5qV0VjWjg3ekJyRWZtc0tUTU5Sdk5PcDZtQzlfY09iTnhWZk1jbjA0Y0ZkYjl2ZGdsYURlajRoalhTbVFLRURqNEpvOWlvTEhLblhkOTduSzZRcHZlSmpfaWdFd0twTGlDbERKQ1hwb09oYndjREpOR01oN3AzWFA4MGVkYkVFd0lva3ByeVgtMG1maUE3dHVUSlpnRFlnWlMxYnRGRmx3?oc=5,,"Awarded (news, unverified)",news sweep,Ayana Renewable Wins 50 MW Wind Power Project In SECI Tranche-XX Auction At INR3.85/kWh - WindInsider,Yes,50 MW,,,,,,n/a,n/a,T-24f1af52d7cd,news-derived record
SECI,"Hero Future, Rays Power, Resolven, Hexa, Juniper Among Winners in SECI’s 1 GW FDRE Auction - Energetica India Magazine",Unclassified,1000.0,,Closed,,Tender,,,,,,2026-08-07,Hero Future; Rays Power; Resolven; Hexa; Juniper,,https://news.google.com/rss/articles/CBMiwAFBVV95cUxQcElNVl96N25sc2xRdHRRTUhMZ2lJM1lHZUl1dU03Q0ZGME9RbHZaWGxBUWtHX1FKTUJ2eEcwS1FDcnAyUHJ5Zm9Yd3BKOE9TTG5WNGpfZFgzb01VOVJZZDExNUxQVWRtWi12Z0xQS1lkcjFYOFdDLWpMQ3lXcjVpTVhMNlp0cVdYdWZPRVhCVjRnV3VORTIzSUM3UzdHREp4U0hmcVQwVjJlY1VQRXlRc242MFNJUUVmdGJNMEpYelY?oc=5,https://news.google.com/rss/articles/CBMiwAFBVV95cUxQcElNVl96N25sc2xRdHRRTUhMZ2lJM1lHZUl1dU03Q0ZGME9RbHZaWGxBUWtHX1FKTUJ2eEcwS1FDcnAyUHJ5Zm9Yd3BKOE9TTG5WNGpfZFgzb01VOVJZZDExNUxQVWRtWi12Z0xQS1lkcjFYOFdDLWpMQ3lXcjVpTVhMNlp0cVdYdWZPRVhCVjRnV3VORTIzSUM3UzdHREp4U0hmcVQwVjJlY1VQRXlRc242MFNJUUVmdGJNMEpYelY?oc=5,,"Awarded (news, unverified)",news sweep,"Hero Future, Rays Power, Resolven, Hexa, Juniper Among Winners in SECI’s 1 GW FDRE Auction - Energetica India Magazine",Yes,1 GW,,,,,,n/a,n/a,T-8c6effe8e9f8,news-derived record
SECI,NTPC Renewable Energy Wins 500 MW in SECI Peak Power Auction at ₹6/kWh - Microgrid Media,Unclassified,500.0,,Closed,,Tender,,,,,,2026-08-23,NTPC Renewable,,https://news.google.com/rss/articles/CBMic0FVX3lxTE5ENU1jazA5OGdWbzhnVm5QNG5VS1RqeVgwRVItNkZMQXR1ZGVOcTZ1SUh0X3FaNDg0SGVOc2gxbjlGZ1ltdWFSWnBpRVpXVm9LLW1yRGNVYVhjVVJONVhSZldxOUNIZnRJeF9ob0pndXdjcTQ?oc=5,https://news.google.com/rss/articles/CBMic0FVX3lxTE5ENU1jazA5OGdWbzhnVm5QNG5VS1RqeVgwRVItNkZMQXR1ZGVOcTZ1SUh0X3FaNDg0SGVOc2gxbjlGZ1ltdWFSWnBpRVpXVm9LLW1yRGNVYVhjVVJONVhSZldxOUNIZnRJeF9ob0pndXdjcTQ?oc=5,,"Awarded (news, unverified)",news sweep,NTPC Renewable Energy Wins 500 MW in SECI Peak Power Auction at ₹6/kWh - Microgrid Media,Yes,500 MW,,,,,,n/a,n/a,T-f69d26bb566a,news-derived record
SECI,"SECI Awards 8.6 GW of ISTS Renewable Energy Projects Across Solar, Hybrid And Storage Tenders - SolarQuarter",Solar + Storage,8600.0,,Closed,,Tender,,,,,,2026-06-26,Renew,,https://news.google.com/rss/articles/CBMiyAFBVV95cUxNVHlsTTB4RHBoOGtOal9nU001Q3FGUXNLVXFmdWdFeWNoZnRnNExuUHBtMnJCcUJaM0c2MGtZZE44dnRNbXBpOC0xOWliZ1NoUHY5YUpGT2ROUVhXc19URmdEeURPNFB6WjZpRmN2cTk5ZFd3dnJiQ2p1bTFsUl9BQ1J1VXdJbVFEMlVtMGxuVVU0Z1c1LUZEUndfSGlOemVkMFlXQ19rU2pPUk8xN09lZkxLUFlGSWh4d01RX1lwUWlNaDgtMUZjcw?oc=5,https://news.google.com/rss/articles/CBMiyAFBVV95cUxNVHlsTTB4RHBoOGtOal9nU001Q3FGUXNLVXFmdWdFeWNoZnRnNExuUHBtMnJCcUJaM0c2MGtZZE44dnRNbXBpOC0xOWliZ1NoUHY5YUpGT2ROUVhXc19URmdEeURPNFB6WjZpRmN2cTk5ZFd3dnJiQ2p1bTFsUl9BQ1J1VXdJbVFEMlVtMGxuVVU0Z1c1LUZEUndfSGlOemVkMFlXQ19rU2pPUk8xN09lZkxLUFlGSWh4d01RX1lwUWlNaDgtMUZjcw?oc=5,,"Awarded (news, unverified)",news sweep,"SECI Awards 8.6 GW of ISTS Renewable Energy Projects Across Solar, Hybrid And Storage Tenders - SolarQuarter",Yes,8.6 GW,,,,,,n/a,n/a,T-f1715ae5dae5,news-derived record
SECI,NTPC REL Wins 500 MW Renewable Energy Contract In SECI Auction At INR 6/kWh - SolarQuarter,Unclassified,500.0,,Closed,,Tender,,,,,,2026-08-31,Renew,,https://news.google.com/rss/articles/CBMisgFBVV95cUxPektoWl94Wk1jVGhWVF92aGo4Y1lGWDlWdE1zdGY0OElMVUZUaHpOREtzb29hNlFKS25sSW41OVMyNEJtR0dPNGRqQUhaaTNZYUhhUUdYUkpybVh2TjR5TzYyUmMyZW0xWktBeGRVdlZVQ2RMdFljV2VNYW9aOW5sMXF2Yjg5VjkyQlRvbFBycVZBY0dhZmpseF9FLWxkRi04cXJWSnFudjE1ZjQ0X21QS1p3?oc=5,https://news.google.com/rss/articles/CBMisgFBVV95cUxPektoWl94Wk1jVGhWVF92aGo4Y1lGWDlWdE1zdGY0OElMVUZUaHpOREtzb29hNlFKS25sSW41OVMyNEJtR0dPNGRqQUhaaTNZYUhhUUdYUkpybVh2TjR5TzYyUmMyZW0xWktBeGRVdlZVQ2RMdFljV2VNYW9aOW5sMXF2Yjg5VjkyQlRvbFBycVZBY0dhZmpseF9FLWxkRi04cXJWSnFudjE1ZjQ0X21QS1p3?oc=5,,"Awarded (news, unverified)",news sweep,NTPC REL Wins 500 MW Renewable Energy Contract In SECI Auction At INR 6/kWh - SolarQuarter,Yes,500 MW,,,,,,n/a,n/a,T-4f40b69fee32,news-derived record
SECI,ACME Solar Wins 300 MW SECI Peak Power Tender at ₹6/kWh - mvapulse.com,Solar,300.0,,Closed,,Tender,,,,,,2026-08-25,ACME Solar,,https://news.google.com/rss/articles/CBMikwFBVV95cUxNaVRZZFRBSmhQVndNZjJUc0lwcFNwMTdwWmJRYzRsWTdsbkRDZmxFNUFPQk5PMzRzZU9KckZHRHVKalpiWnZkcUJfQk1udjhtNXVjN3BDa0c4UXhnbEpWVENtb2xSR0JuWDNYRE9Kc3hjdW5VYzN0MkhQdUQxMTBmU2NzVzE0YVdnRUNhZ0kwMktOOWc?oc=5,https://news.google.com/rss/articles/CBMikwFBVV95cUxNaVRZZFRBSmhQVndNZjJUc0lwcFNwMTdwWmJRYzRsWTdsbkRDZmxFNUFPQk5PMzRzZU9KckZHRHVKalpiWnZkcUJfQk1udjhtNXVjN3BDa0c4UXhnbEpWVENtb2xSR0JuWDNYRE9Kc3hjdW5VYzN0MkhQdUQxMTBmU2NzVzE0YVdnRUNhZ0kwMktOOWc?oc=5,,"Awarded (news, unverified)",news sweep,ACME Solar Wins 300 MW SECI Peak Power Tender at ₹6/kWh - mvapulse.com,Yes,300 MW,,,,,,n/a,n/a,T-adfb030af9f6,news-derived record
SECI,NTPC Green Energy Arm Wins 500 MW SECI Peak Power Tender - Equitypandit,Unclassified,500.0,,Closed,,Tender,,,,,,2026-08-24,NTPC Green,,https://news.google.com/rss/articles/CBMijwFBVV95cUxOcnlyaUtXamtSbmN6cmhSUjRaVXVfYjBtLTV1dGFRR1FvNkZUSzBKbGYwZEY5QkItbHFKVVA4WWY2bTZxeGhieV9HdEh2emRpVEV2b014X3ZyS2JKZzNIcjlha0loaThVN1ZyOGdPQTN0WFAxVXhHMjRPNE1NUFZzMEw0Ul8xV1hvOERaZW1NZw?oc=5,https://news.google.com/rss/articles/CBMijwFBVV95cUxOcnlyaUtXamtSbmN6cmhSUjRaVXVfYjBtLTV1dGFRR1FvNkZUSzBKbGYwZEY5QkItbHFKVVA4WWY2bTZxeGhieV9HdEh2emRpVEV2b014X3ZyS2JKZzNIcjlha0loaThVN1ZyOGdPQTN0WFAxVXhHMjRPNE1NUFZzMEw0Ul8xV1hvOERaZW1NZw?oc=5,,"Awarded (news, unverified)",news sweep,NTPC Green Energy Arm Wins 500 MW SECI Peak Power Tender - Equitypandit,Yes,500 MW,,,,,,n/a,n/a,T-f316671be8c1,news-derived record
SECI,ACME Solar wins 301 MW FDRE project from SECI - ET EnergyWorld,Solar,301.0,,Closed,,Tender,,,,,,2026-02-06,ACME Solar,,https://news.google.com/rss/articles/CBMi2wFBVV95cUxQaDQ3VjB0SWNsUFBUbkJvNkpyZk9felJpVDFZR0VzZlk2YWR2SGJOY1R6QUlpbERyb0J0QllNa3ozV0xzdmRxeGJQLU5zWllSREtSbnFIcHRWME9lbmVkMnJQdUJaeG04dk9zNk1YTGxEYmtZU1drUHoxejd1X19Cb2pxeUtUYThTbU52R3RmQzJiUUREYkZUUTRwcFM2QkFpM3dyTHRwSDE3TndMaW1xc3Y5WUk2NmxyTWNFM0VQT3pDZ3JsUVdNVXZSX0oxRThseVJRbmtmdWVYUGvSAeABQVVfeXFMTXM0QWpLUzdvVlYyNEtIZ2gwa0Vmd250T3MxYW5ETkRWaWJ5V3ZmTHkzaGlUdl8wcUdVNW9BT19jOExabDlCb1pwUFV2LTF0U0szNnFKcGJYR3BLY2x2cWhfYVpYYm51VHFHdUhUN3dtRlRxbXNKNHRDdjRKOFlQZXZJUUt0SmhpVlFkdEt2NXJXQzc3eVFxLUQ1VTBReDE1azh2WDAyTm5ZZEdKR0JSOWRxSVpiYnZza1FCbDNGc0txdlFtUVJDaFd6cU1JR3ZyVllZWTZzQUl3TmxkWDIzS1Q?oc=5,https://news.google.com/rss/articles/CBMi2wFBVV95cUxQaDQ3VjB0SWNsUFBUbkJvNkpyZk9felJpVDFZR0VzZlk2YWR2SGJOY1R6QUlpbERyb0J0QllNa3ozV0xzdmRxeGJQLU5zWllSREtSbnFIcHRWME9lbmVkMnJQdUJaeG04dk9zNk1YTGxEYmtZU1drUHoxejd1X19Cb2pxeUtUYThTbU52R3RmQzJiUUREYkZUUTRwcFM2QkFpM3dyTHRwSDE3TndMaW1xc3Y5WUk2NmxyTWNFM0VQT3pDZ3JsUVdNVXZSX0oxRThseVJRbmtmdWVYUGvSAeABQVVfeXFMTXM0QWpLUzdvVlYyNEtIZ2gwa0Vmd250T3MxYW5ETkRWaWJ5V3ZmTHkzaGlUdl8wcUdVNW9BT19jOExabDlCb1pwUFV2LTF0U0szNnFKcGJYR3BLY2x2cWhfYVpYYm51VHFHdUhUN3dtRlRxbXNKNHRDdjRKOFlQZXZJUUt0SmhpVlFkdEt2NXJXQzc3eVFxLUQ1VTBReDE1azh2WDAyTm5ZZEdKR0JSOWRxSVpiYnZza1FCbDNGc0txdlFtUVJDaFd6cU1JR3ZyVllZWTZzQUl3TmxkWDIzS1Q?oc=5,,"Awarded (news, unverified)",news sweep,ACME Solar wins 301 MW FDRE project from SECI - ET EnergyWorld,Yes,301 MW,,,,,,n/a,n/a,T-40826cce8ebc,news-derived record
SECI,"Adyant Enersol, Serentica, Ampin and ACME Win SECI’s 4,800 MWh FDRE Auction - Energetica India Magazine",Unclassified,,,Closed,,Tender,,,,,,2026-02-06,Serentica,,https://news.google.com/rss/articles/CBMirAFBVV95cUxPS1gxMERva0R4aTdzdU4ydUhfVUVwb1NRcnpvdzkxTE5qdlpUV0RaSVhzbkhIcGI3RWNRWHhySExieDQyNXllWHlneWpqZ25uT3VOVEowSmU4OU1zZG96T3NPUGJsamFVbTdObEZrd3J0UFo0RVdSbjJ6UF9yS1lSVWJSMWFJcVJfQ0lpbVlHa0haT2M1di1lRmtUbkRZQ09Fa1BRMHcwNngzMFBX?oc=5,https://news.google.com/rss/articles/CBMirAFBVV95cUxPS1gxMERva0R4aTdzdU4ydUhfVUVwb1NRcnpvdzkxTE5qdlpUV0RaSVhzbkhIcGI3RWNRWHhySExieDQyNXllWHlneWpqZ25uT3VOVEowSmU4OU1zZG96T3NPUGJsamFVbTdObEZrd3J0UFo0RVdSbjJ6UF9yS1lSVWJSMWFJcVJfQ0lpbVlHa0haT2M1di1lRmtUbkRZQ09Fa1BRMHcwNngzMFBX?oc=5,,"Awarded (news, unverified)",news sweep,"Adyant Enersol, Serentica, Ampin and ACME Win SECI’s 4,800 MWh FDRE Auction - Energetica India Magazine",Yes,"4,800 MWh (energy, not power)",,,,,,n/a,n/a,T-1c2b175fcec0,news-derived record
SECI,Juniper Green Energy Wins 230 MW in SECI’s 1 GW FDRE Round-the-Clock Renewable Energy Tender - SolarQuarter,Unclassified,230.0,,Closed,,Tender,,,,,,2026-08-10,Juniper Green; Renew,,https://news.google.com/rss/articles/CBMixwFBVV95cUxQQnBqS1NBUmJsR1lGMVUyZDdudkc1Z1RIc0ZlNW5iXzRqSEs1Skh2amlKZXhBZ05oMFFsTnhHMXYyQ3ZNcFZWdS1sSWUtczZXR0U5MjhDQkZveTk0UjJrdkltSDhFOE02T3ZuTWVmLWI4aDdMNUl5NGl1T00tN2Y0YTZkNWFkOUZGTEpLNDFUdFEwM3FBUUE4dmhjaVJNcHNDX3RwRl9CaERuR25tMDVBRFFsSXF1T0ZOWmM0ejd6aTZFUXdBY0hr?oc=5,https://news.google.com/rss/articles/CBMixwFBVV95cUxQQnBqS1NBUmJsR1lGMVUyZDdudkc1Z1RIc0ZlNW5iXzRqSEs1Skh2amlKZXhBZ05oMFFsTnhHMXYyQ3ZNcFZWdS1sSWUtczZXR0U5MjhDQkZveTk0UjJrdkltSDhFOE02T3ZuTWVmLWI4aDdMNUl5NGl1T00tN2Y0YTZkNWFkOUZGTEpLNDFUdFEwM3FBUUE4dmhjaVJNcHNDX3RwRl9CaERuR25tMDVBRFFsSXF1T0ZOWmM0ejd6aTZFUXdBY0hr?oc=5,,"Awarded (news, unverified)",news sweep,Juniper Green Energy Wins 230 MW in SECI’s 1 GW FDRE Round-the-Clock Renewable Energy Tender - SolarQuarter,Yes,230 MW,,,,,,n/a,n/a,T-62c2fe187de2,news-derived record
SECI,BC Jindal Wins 150 MW Round-the-Clock Renewable Power Contract from SECI - Saur Energy,Unclassified,150.0,,Closed,,Tender,,,,,,2025-11-27,Renew,,https://news.google.com/rss/articles/CBMixAFBVV95cUxNZlhzX0h3ajJHU3FqaW9rOG41TkxoRFNVRFoweUVYRDNXQWhUY0tUM2lDcmdBd2FGTmhQNDV6WHE2QS1FaXBLNHVSUXZ0b0FpRVFnUXBJWUpZX1k1MkIzd1JrQ2VPR2p3QU9rT2s2UEdZWHpkWTR6T0x5cG5ManY1NVR6RE9rNDNJeTNnaEhmZHEyOWU5YmRoSnpsX3JvQllqZnVodW8wRFc5TUVFR01PaUNIZlhjVTF4VG4wM19OZEpBOGFl?oc=5,https://news.google.com/rss/articles/CBMixAFBVV95cUxNZlhzX0h3ajJHU3FqaW9rOG41TkxoRFNVRFoweUVYRDNXQWhUY0tUM2lDcmdBd2FGTmhQNDV6WHE2QS1FaXBLNHVSUXZ0b0FpRVFnUXBJWUpZX1k1MkIzd1JrQ2VPR2p3QU9rT2s2UEdZWHpkWTR6T0x5cG5ManY1NVR6RE9rNDNJeTNnaEhmZHEyOWU5YmRoSnpsX3JvQllqZnVodW8wRFc5TUVFR01PaUNIZlhjVTF4VG4wM19OZEpBOGFl?oc=5,,"Awarded (news, unverified)",news sweep,BC Jindal Wins 150 MW Round-the-Clock Renewable Power Contract from SECI - Saur Energy,Yes,150 MW,,,,,,n/a,n/a,T-5b49e0adb96b,news-derived record
SECI,NTPC Renewable Energy wins 500 MW SECI tender at ₹6/kWh tariff - energy.economictimes.indiatimes.com,Unclassified,500.0,,Closed,,Tender,,,,,,2026-08-22,NTPC Renewable,,https://news.google.com/rss/articles/CBMixAFBVV95cUxOTXhUQ3g3bjZtcVRXcXFzTGVLMEF6NS1vT196NmQ2dVYyX0luLWU0cGUzQnpYY1VZMFlJeFhpYTBFMngtMzBwdDl5Z0ZoVVBDYThaWDM4NEh1clhob0JELVR6WWROamIzelkxYlVfTGRSaHVSaTZwNUIwS05JSjh1cVFhckdsNkxuWEZxdWlCdWgwbXhCaDBLb2dLdDNhSXNuc3BZbDZsbXZiLUl3RmZLdWlFUlJSMFc4aE5INEpDWnphLTQ10gHKAUFVX3lxTE1pamJWV2xHZlFMWkMyZXRPXzR1LWxNRnRvdHNLT3VYamQ1bktiU3VGUm85Zm5HbExMMWRsOXZWdGRiSllXTkVBXzE3eDlaRGVWdHV0czQtemVlQzVjMjk3cXJ0VFBfcE54UEJrdkdIYTV3aEVaWGpfSlJ4U3JGTzQ0X2V6NGlCTFA3dENQMTZtaUpYZVFxLUJNN2R3QVBhUzBTRVhpWVRLRTl0QVFqUHg1Yy16UlBNRlRKMDZ0bDlKVERteEgxLUFMUGc?oc=5,https://news.google.com/rss/articles/CBMixAFBVV95cUxOTXhUQ3g3bjZtcVRXcXFzTGVLMEF6NS1vT196NmQ2dVYyX0luLWU0cGUzQnpYY1VZMFlJeFhpYTBFMngtMzBwdDl5Z0ZoVVBDYThaWDM4NEh1clhob0JELVR6WWROamIzelkxYlVfTGRSaHVSaTZwNUIwS05JSjh1cVFhckdsNkxuWEZxdWlCdWgwbXhCaDBLb2dLdDNhSXNuc3BZbDZsbXZiLUl3RmZLdWlFUlJSMFc4aE5INEpDWnphLTQ10gHKAUFVX3lxTE1pamJWV2xHZlFMWkMyZXRPXzR1LWxNRnRvdHNLT3VYamQ1bktiU3VGUm85Zm5HbExMMWRsOXZWdGRiSllXTkVBXzE3eDlaRGVWdHV0czQtemVlQzVjMjk3cXJ0VFBfcE54UEJrdkdIYTV3aEVaWGpfSlJ4U3JGTzQ0X2V6NGlCTFA3dENQMTZtaUpYZVFxLUJNN2R3QVBhUzBTRVhpWVRLRTl0QVFqUHg1Yy16UlBNRlRKMDZ0bDlKVERteEgxLUFMUGc?oc=5,,"Awarded (news, unverified)",news sweep,NTPC Renewable Energy wins 500 MW SECI tender at ₹6/kWh tariff - energy.economictimes.indiatimes.com,Yes,500 MW,,,2026-09-07,2026-09-07,,n/a,n/a,T-2443862bb9ca,news-derived record
SECI,"SECI Awards 1.2 GW/4.8 GWh FDRE-VII Peak Power Tender To Serentica Renewables, Adyant Enerso, AMPIN Energy, And ACME Solar - solarquarter.com",Solar,1200.0,,Closed,,Tender,,,,,,2026-02-06,Serentica; Renew; AMPIN Energy; ACME Solar,,https://news.google.com/rss/articles/CBMi4gFBVV95cUxNVDNZY3dONm1qaW95LUJQM3Z2NlY2bVVfc3lKZ19DVHZfRDhXcVZ1V1BBdnBWc0V3dWkwUW10YWFOa1ktWE5EOXowSEVqWDlKaFBVSkR3eEpHWi14S0h1dWtrcjhqWThFSXVpcktzSTNIclNucjN3VGpnM05XVzJEZThGX2xTbkFHZTQ5bW9wU0w0akJGVDVFYlhiUVVzd0doaG9UVG1fOUllZDNJNW1OY1JLejk5ZEJKVC1MM3JIeUl1QTR6cjkyQTlua3hkekpfdVo3TlVCUDFDMklnczB5VjhB?oc=5,https://news.google.com/rss/articles/CBMi4gFBVV95cUxNVDNZY3dONm1qaW95LUJQM3Z2NlY2bVVfc3lKZ19DVHZfRDhXcVZ1V1BBdnBWc0V3dWkwUW10YWFOa1ktWE5EOXowSEVqWDlKaFBVSkR3eEpHWi14S0h1dWtrcjhqWThFSXVpcktzSTNIclNucjN3VGpnM05XVzJEZThGX2xTbkFHZTQ5bW9wU0w0akJGVDVFYlhiUVVzd0doaG9UVG1fOUllZDNJNW1OY1JLejk5ZEJKVC1MM3JIeUl1QTR6cjkyQTlua3hkekpfdVo3TlVCUDFDMklnczB5VjhB?oc=5,,"Awarded (news, unverified)",news sweep,"SECI Awards 1.2 GW/4.8 GWh FDRE-VII Peak Power Tender To Serentica Renewables, Adyant Enerso, AMPIN Energy, And ACME Solar - solarquarter.com",Yes,1.2 GW,,,2026-09-07,2026-09-07,,n/a,n/a,T-95125eeeb3d5,news-derived record
SECI,"Adyant, Serentica, AMPIN & ACME Bag SECI's Peak Supply FDRE Tender - Saur Energy",Round-the-Clock / CfD / Trading,,,Closed,,Tender,,,,,,2026-02-06,Serentica,,https://news.google.com/rss/articles/CBMitgFBVV95cUxPYWlWWEJBREUzSExUQVNueU1zMklLRmNDQ1lpNFU4QlJNWEhmNDlvX2Mxb1VlYm84TmhFS0FicWVGYUlGb2VESkZOb2hYYUs3VUdnWEJpdDVhenFyVzJXa1BqTTNySV85UTNoWmQzbzRSblNMVXJuTFlvWTZzVW81NVRNRXNSTmI4czNCWjQ0NG9ockRPUVJWbWRoMl8yWmR0ZGs4QUNYNHZfbnFYN2hRZlE4QnNLQQ?oc=5,https://news.google.com/rss/articles/CBMitgFBVV95cUxPYWlWWEJBREUzSExUQVNueU1zMklLRmNDQ1lpNFU4QlJNWEhmNDlvX2Mxb1VlYm84TmhFS0FicWVGYUlGb2VESkZOb2hYYUs3VUdnWEJpdDVhenFyVzJXa1BqTTNySV85UTNoWmQzbzRSblNMVXJuTFlvWTZzVW81NVRNRXNSTmI4czNCWjQ0NG9ockRPUVJWbWRoMl8yWmR0ZGs4QUNYNHZfbnFYN2hRZlE4QnNLQQ?oc=5,,"Awarded (news, unverified)",news sweep,"Adyant, Serentica, AMPIN & ACME Bag SECI's Peak Supply FDRE Tender - Saur Energy",Yes,,,,2026-09-07,2026-09-07,,n/a,n/a,T-767ac40a755a,news-derived record
SECI,SECI concludes 1.2 GW/4.8 GWh renewables-plus-storage tender at $0.07/kWh - ess-news.com,Unclassified,1200.0,,Closed,,Tender,,,,,,2026-02-06,renew,,https://news.google.com/rss/articles/CBMirgFBVV95cUxQOUgwSkFPWl9UX0VLTU85S2FUSEJMd2Q5SkZzU3dNdUM0MEFjSEdrenFWQUpoWTM2bE42TGxfQm95cDd6dE5VVDNEWTVobTBvSDM0LU1jbUo4Ym9NNUx6WDlmWGxwYTRqRjdveF9SazVFNXNtRGZFRWk0NmZraENwSktDNEZVd3ZRYnJjOWF6d1pkQWZLNHdERTdxZ01sQWVSZlloUDJtTGFEaDI4TWc?oc=5,https://news.google.com/rss/articles/CBMirgFBVV95cUxQOUgwSkFPWl9UX0VLTU85S2FUSEJMd2Q5SkZzU3dNdUM0MEFjSEdrenFWQUpoWTM2bE42TGxfQm95cDd6dE5VVDNEWTVobTBvSDM0LU1jbUo4Ym9NNUx6WDlmWGxwYTRqRjdveF9SazVFNXNtRGZFRWk0NmZraENwSktDNEZVd3ZRYnJjOWF6d1pkQWZLNHdERTdxZ01sQWVSZlloUDJtTGFEaDI4TWc?oc=5,,"Awarded (news, unverified)",news sweep,SECI concludes 1.2 GW/4.8 GWh renewables-plus-storage tender at $0.07/kWh - ess-news.com,Yes,1.2 GW,,,2026-09-07,2026-09-07,,n/a,n/a,T-10c5313b39fd,news-derived record
SECI,Tata Power Wins SECI Contract For 324 MW/2592 MWh Pumped Storage Project With 40-Year Energy Storage Agreement - SolarQuarter,Pumped Storage,324.0,,Closed,,Tender,,,,,,2026-07-20,Tata Power,,https://news.google.com/rss/articles/CBMi4AFBVV95cUxPZURwcS1McVVwMGQ3Y295V1MyMlg5elc2MEFYZmx1SVBpZTVuT3FDR0VjbFZPQXRiZ1I0VU5qYnhGQzNIZjEzQS13dzNoUmJaUmEwNVhvZXFhaUcxSDJUcmEwUXR3OUVoWUQ4aVdkWWR2NlJTTVpXOWlHS1B0RHJoVTVHY3NrX2Eycl9iaDc2UzQwZm9ESVpJUG9sN19mUFNwMWdMUHFUUDJFVzVJcGVlSUZnU0x3Mnc5RjgtOC05Sm9LWFVrZGRLaVlhVmtLNnMwVVYxTE9LQkpjSFZXWjAyUw?oc=5,https://news.google.com/rss/articles/CBMi4AFBVV95cUxPZURwcS1McVVwMGQ3Y295V1MyMlg5elc2MEFYZmx1SVBpZTVuT3FDR0VjbFZPQXRiZ1I0VU5qYnhGQzNIZjEzQS13dzNoUmJaUmEwNVhvZXFhaUcxSDJUcmEwUXR3OUVoWUQ4aVdkWWR2NlJTTVpXOWlHS1B0RHJoVTVHY3NrX2Eycl9iaDc2UzQwZm9ESVpJUG9sN19mUFNwMWdMUHFUUDJFVzVJcGVlSUZnU0x3Mnc5RjgtOC05Sm9LWFVrZGRLaVlhVmtLNnMwVVYxTE9LQkpjSFZXWjAyUw?oc=5,,"Awarded (news, unverified)",news sweep,Tata Power Wins SECI Contract For 324 MW/2592 MWh Pumped Storage Project With 40-Year Energy Storage Agreement - SolarQuarter,Yes,324 MW,,,2026-09-07,2026-09-07,,n/a,n/a,T-4701ebe18dd6,news-derived record
SECI,NTPC Renewable Energy wins 500 MW SECI tender at ₹6/kWh tariff - ET EnergyWorld,Unclassified,500.0,,Closed,,Tender,,,,,,2026-08-22,NTPC Renewable,,https://news.google.com/rss/articles/CBMixAFBVV95cUxOTXhUQ3g3bjZtcVRXcXFzTGVLMEF6NS1vT196NmQ2dVYyX0luLWU0cGUzQnpYY1VZMFlJeFhpYTBFMngtMzBwdDl5Z0ZoVVBDYThaWDM4NEh1clhob0JELVR6WWROamIzelkxYlVfTGRSaHVSaTZwNUIwS05JSjh1cVFhckdsNkxuWEZxdWlCdWgwbXhCaDBLb2dLdDNhSXNuc3BZbDZsbXZiLUl3RmZLdWlFUlJSMFc4aE5INEpDWnphLTQ1?oc=5,https://news.google.com/rss/articles/CBMixAFBVV95cUxOTXhUQ3g3bjZtcVRXcXFzTGVLMEF6NS1vT196NmQ2dVYyX0luLWU0cGUzQnpYY1VZMFlJeFhpYTBFMngtMzBwdDl5Z0ZoVVBDYThaWDM4NEh1clhob0JELVR6WWROamIzelkxYlVfTGRSaHVSaTZwNUIwS05JSjh1cVFhckdsNkxuWEZxdWlCdWgwbXhCaDBLb2dLdDNhSXNuc3BZbDZsbXZiLUl3RmZLdWlFUlJSMFc4aE5INEpDWnphLTQ1?oc=5,,"Awarded (news, unverified)",news sweep,NTPC Renewable Energy wins 500 MW SECI tender at ₹6/kWh tariff - ET EnergyWorld,Yes,500 MW,,,2026-09-09,2026-09-09,,n/a,n/a,T-52e91036f000,news-derived record
SECI,"Waaree Energies, NTPC REL And ACME Solar Win SECI’s 1500 MW/6000 MWh FDRE-lX Tender At ₹5.99–₹6/kWh - SolarQuarter",Solar,1500.0,,Closed,,Tender,,,,,,2026-08-24,Waaree; ACME Solar,,https://news.google.com/rss/articles/CBMi5AFBVV95cUxNb0lMaXVWbUdTTzFWa3k3YnlWMGI3eG1UeWQzRGRvVExkODc4NjB3Z2VTN2J6d2RsNHNmSmtiN2wtQ1pvWERIX1RMSzBaZi1Ua21RZEtfakZFcHVsWUUtN2hrVGtrRk9iVG03bGV2bG85S1BLX295YVIybU5LWXB6Z29DS2d0UHpyeFp4clNfYjVUVTdmekE5dHZJRnpsMmJ6RVBLMmhJU2E0X2k4bXpDZkpoZG9sd2N1T2dlSnREel9hTVhhSE9iOHhQbjRqTnlSWnl5dGJBaGpDNkNpSXdNR3dQLU4?oc=5,https://news.google.com/rss/articles/CBMi5AFBVV95cUxNb0lMaXVWbUdTTzFWa3k3YnlWMGI3eG1UeWQzRGRvVExkODc4NjB3Z2VTN2J6d2RsNHNmSmtiN2wtQ1pvWERIX1RMSzBaZi1Ua21RZEtfakZFcHVsWUUtN2hrVGtrRk9iVG03bGV2bG85S1BLX295YVIybU5LWXB6Z29DS2d0UHpyeFp4clNfYjVUVTdmekE5dHZJRnpsMmJ6RVBLMmhJU2E0X2k4bXpDZkpoZG9sd2N1T2dlSnREel9hTVhhSE9iOHhQbjRqTnlSWnl5dGJBaGpDNkNpSXdNR3dQLU4?oc=5,,"Awarded (news, unverified)",news sweep,"Waaree Energies, NTPC REL And ACME Solar Win SECI’s 1500 MW/6000 MWh FDRE-lX Tender At ₹5.99–₹6/kWh - SolarQuarter",Yes,1500 MW,,,2026-09-09,2026-09-09,,n/a,n/a,T-035d38538db6,news-derived record
SECI,"Tata Power, Greenko, Torrent Win SECI’s 1,500 MW/12,000 MWh PSP Auction - Energetica India Magazine",Pumped Storage,1500.0,,Closed,,Tender,,,,,,2026-07-21,Tata Power; Greenko; Torrent,,https://news.google.com/rss/articles/CBMipgFBVV95cUxPMG1iZkRveFJvRlEwTVhtaWtqeXRmN1ZadkRBdXdsZDFNblhFc0ZTVWhfZ2VtcWx0RktodUxHYkJnanlyeUQyY1VzLVJBejZvd0MzM3ZYN2hQcnVZUXRwaFBaWm9CdEhlSFBtZGRQQVY5YWR6YTZRTEJ4WDF4UUdsU0ZFNEt4TlFTdV8yYnVodkZLR2lmbVZ3SVIyTW1qbE0yWHZJQUhB?oc=5,https://news.google.com/rss/articles/CBMipgFBVV95cUxPMG1iZkRveFJvRlEwTVhtaWtqeXRmN1ZadkRBdXdsZDFNblhFc0ZTVWhfZ2VtcWx0RktodUxHYkJnanlyeUQyY1VzLVJBejZvd0MzM3ZYN2hQcnVZUXRwaFBaWm9CdEhlSFBtZGRQQVY5YWR6YTZRTEJ4WDF4UUdsU0ZFNEt4TlFTdV8yYnVodkZLR2lmbVZ3SVIyTW1qbE0yWHZJQUhB?oc=5,,"Awarded (news, unverified)",news sweep,"Tata Power, Greenko, Torrent Win SECI’s 1,500 MW/12,000 MWh PSP Auction - Energetica India Magazine",Yes,"1,500 MW",,,2026-09-10,2026-09-10,,n/a,n/a,T-2752ad9f00bc,news-derived record
SECI,Juniper Green Energy Emerges Winner in 1 GW SECI FDRE Tender - Energetica India Magazine,Round-the-Clock / CfD / Trading,1000.0,,Closed,,Tender,,,,,,2026-08-10,Juniper Green,,https://news.google.com/rss/articles/CBMioAFBVV95cUxNTHN2c0tRbUZTTENZR21jNnBIVDVzNXJ4OFNHZk1Ud25SRUhidWRuclFIVWhNLTZwWFhGSS1VQzV4QU1Sc0E3X2NtZkh3aFd4M2RJa2dXNWNVTjEwMEI2SmljTHlXeGFUQXl0RVA1cDFRSExkMkJPa2F4bHc0VklCdTh5LUd1NWRUR0QyY3dSSnJyUzgwMG1tQUdTNldOTGpZ?oc=5,https://news.google.com/rss/articles/CBMioAFBVV95cUxNTHN2c0tRbUZTTENZR21jNnBIVDVzNXJ4OFNHZk1Ud25SRUhidWRuclFIVWhNLTZwWFhGSS1VQzV4QU1Sc0E3X2NtZkh3aFd4M2RJa2dXNWNVTjEwMEI2SmljTHlXeGFUQXl0RVA1cDFRSExkMkJPa2F4bHc0VklCdTh5LUd1NWRUR0QyY3dSSnJyUzgwMG1tQUdTNldOTGpZ?oc=5,,"Awarded (news, unverified)",news sweep,Juniper Green Energy Emerges Winner in 1 GW SECI FDRE Tender - Energetica India Magazine,Yes,1 GW,,,2026-09-12,2026-09-12,,n/a,n/a,T-9f38b115b916,news-derived record
SJVN,"KP Group, UPC Renewables, Datta Infra, Resolven Win SJVN’s 600 MW Wind Auction - Energetica India Magazine",Wind,600.0,,Closed,,Tender,,,,,,2026-03-02,Renew; Resolven,,https://news.google.com/rss/articles/CBMisgFBVV95cUxOMGI3eS1uaklneERJQnc5bjJ2QlZsUXdlbW5aVlFnOHF0WTRCSUV0ZGJEc1g4QURZX2FMb2NMVmhhZG9iS0hzSGZ0UXNxb0pnOTVWS1g1bVBtRWJKU1NXRmRPUmxfaUZsR3dpX19lYk9wRW92WXBwSGU1WHo5SXFNS1VUOEhESFdpRDhROFlKelpiWmdSZDZwUFdFeHppbldmUnpTWUFVLXZVblJXOWdjN2p3?oc=5,https://news.google.com/rss/articles/CBMisgFBVV95cUxOMGI3eS1uaklneERJQnc5bjJ2QlZsUXdlbW5aVlFnOHF0WTRCSUV0ZGJEc1g4QURZX2FMb2NMVmhhZG9iS0hzSGZ0UXNxb0pnOTVWS1g1bVBtRWJKU1NXRmRPUmxfaUZsR3dpX19lYk9wRW92WXBwSGU1WHo5SXFNS1VUOEhESFdpRDhROFlKelpiWmdSZDZwUFdFeHppbldmUnpTWUFVLXZVblJXOWdjN2p3?oc=5,,"Awarded (news, unverified)",news sweep,"KP Group, UPC Renewables, Datta Infra, Resolven Win SJVN’s 600 MW Wind Auction - Energetica India Magazine",Yes,600 MW,,,,,,n/a,n/a,T-8a50373c8d89,news-derived record
SJVN,"Reliance, ACME, and Sembcorp secure major wins in SJVN’s 6 GWh tender for dispatchable renewable power - ESS News",Unclassified,,,Closed,,Tender,,,,,,2025-11-12,Sembcorp; renew,,https://news.google.com/rss/articles/CBMi0gFBVV95cUxPUjlrRGtJdUIyT3piX1M3Qm5vdkYySnAxYXlIeHpoUjY0eDFvTjZ0RXNvMWFvbm5xR0lzb3M3eDVzUy1VQnhNMTU5TjlYb3Vid2xhOUlTVGtNOFhiSDZleUdpSmxIQXh4U3o5MGFraTNjb3QwUGdLam9tdkN6bXhoRmVJSGlBaVdkc3lROU5CM3dzb2FzdTFBdHoxS1RUWmZhQmxKX3QwNEJtYmRlak1GUENZT25Ha2d3b0l5SkNfTTFRUUNTY1FOc3ZjY0t2OHFOdmc?oc=5,https://news.google.com/rss/articles/CBMi0gFBVV95cUxPUjlrRGtJdUIyT3piX1M3Qm5vdkYySnAxYXlIeHpoUjY0eDFvTjZ0RXNvMWFvbm5xR0lzb3M3eDVzUy1VQnhNMTU5TjlYb3Vid2xhOUlTVGtNOFhiSDZleUdpSmxIQXh4U3o5MGFraTNjb3QwUGdLam9tdkN6bXhoRmVJSGlBaVdkc3lROU5CM3dzb2FzdTFBdHoxS1RUWmZhQmxKX3QwNEJtYmRlak1GUENZT25Ha2d3b0l5SkNfTTFRUUNTY1FOc3ZjY0t2OHFOdmc?oc=5,,"Awarded (news, unverified)",news sweep,"Reliance, ACME, and Sembcorp secure major wins in SJVN’s 6 GWh tender for dispatchable renewable power - ESS News",Yes,"6 GWh (energy, not power)",,,,,,n/a,n/a,T-58954615e819,news-derived record
SJVN,ACME Solar wins 450 MW peak power project under SJVN FDRE-IV - Manufacturing Today India,Solar,450.0,,Closed,,Tender,,,,,,2025-11-11,ACME Solar,,https://news.google.com/rss/articles/CBMigAFBVV95cUxNUkhNZWlKMVhuWWx2LTRkMThmaWliejVnTy0yaWoxSkEybEkwZHZmdGY0azdpVUxkNnhkRkFkY1Nnc2J0cm1jSTU4c2lmcGFlYXdHdlI2dndzRWF5TExSeWpmeEdoNnNKSk1qcmlhRGswLWpxNVo0dlkxelpXSWxPdA?oc=5,https://news.google.com/rss/articles/CBMigAFBVV95cUxNUkhNZWlKMVhuWWx2LTRkMThmaWliejVnTy0yaWoxSkEybEkwZHZmdGY0azdpVUxkNnhkRkFkY1Nnc2J0cm1jSTU4c2lmcGFlYXdHdlI2dndzRWF5TExSeWpmeEdoNnNKSk1qcmlhRGswLWpxNVo0dlkxelpXSWxPdA?oc=5,,"Awarded (news, unverified)",news sweep,ACME Solar wins 450 MW peak power project under SJVN FDRE-IV - Manufacturing Today India,Yes,450 MW,,,,,,n/a,n/a,T-09598eb67675,news-derived record
SJVN,ACME Solar Awarded 450 MW-1800 MWh SJVN FDRE-IV Project - Energetica India Magazine,Solar,450.0,,Closed,,Tender,,,,,,2025-11-12,ACME Solar,,https://news.google.com/rss/articles/CBMimAFBVV95cUxObXI0RjJJMmNfVTRFbzE5MzBzaHNqZ3hyd3BRQmJadE1BYmpOOW0yQ2pneHE5V3ZRZ2RUOGtWckViQ1BTM1ZZM211SXdfcmRZZDJ0QlJsWWdUbFEwZ0NkeGNlVjZuNTQzMTJMMnFWZlVHaHV0Y2NfOTI4WWFqbHFHSGhuSzB0bmZjbERmdjdlTVN1RjNjempOMg?oc=5,https://news.google.com/rss/articles/CBMimAFBVV95cUxObXI0RjJJMmNfVTRFbzE5MzBzaHNqZ3hyd3BRQmJadE1BYmpOOW0yQ2pneHE5V3ZRZ2RUOGtWckViQ1BTM1ZZM211SXdfcmRZZDJ0QlJsWWdUbFEwZ0NkeGNlVjZuNTQzMTJMMnFWZlVHaHV0Y2NfOTI4WWFqbHFHSGhuSzB0bmZjbERmdjdlTVN1RjNjempOMg?oc=5,,"Awarded (news, unverified)",news sweep,ACME Solar Awarded 450 MW-1800 MWh SJVN FDRE-IV Project - Energetica India Magazine,Yes,450 MW,,,,,,n/a,n/a,T-0253747219b9,news-derived record
SJVN,"Reliance, Sembcorp, BluPine, and ACME Win SJVN’s 1.5 GW FDRE Auction - Energetica India Magazine",Unclassified,1500.0,,Closed,,Tender,,,,,,2025-10-11,Sembcorp; BluPine,,https://news.google.com/rss/articles/CBMiowFBVV95cUxQanVOemVxR1ZQMGZXRm9aLUVqdEdpTWlOamxsRE5CZGZsZjdjdEhtOHFkbkc4eFJQT2ZHNzZOcTFJQW1VSFNyS3FZaU5YOHBuYnVGTktIck1rZ2M5Ri1WR3F4NkVkVlRDVlR1WnVlbTlpblU5S0xIMUtLT05CUC1wQ3dnMGRlNXFGdXA4bFBiVXp6cnEzLWRfb01CM29HcXVza0Vv?oc=5,https://news.google.com/rss/articles/CBMiowFBVV95cUxQanVOemVxR1ZQMGZXRm9aLUVqdEdpTWlOamxsRE5CZGZsZjdjdEhtOHFkbkc4eFJQT2ZHNzZOcTFJQW1VSFNyS3FZaU5YOHBuYnVGTktIck1rZ2M5Ri1WR3F4NkVkVlRDVlR1WnVlbTlpblU5S0xIMUtLT05CUC1wQ3dnMGRlNXFGdXA4bFBiVXp6cnEzLWRfb01CM29HcXVza0Vv?oc=5,,"Awarded (news, unverified)",news sweep,"Reliance, Sembcorp, BluPine, and ACME Win SJVN’s 1.5 GW FDRE Auction - Energetica India Magazine",Yes,1.5 GW,,,,,,n/a,n/a,T-a46787d19976,news-derived record
SJVN,Sembcorp Wins 150 MW FDRE Project from SJVN - Energetica India Magazine,Unclassified,150.0,,Closed,,Tender,,,,,,2025-11-11,Sembcorp,,https://news.google.com/rss/articles/CBMiiAFBVV95cUxPcjNkMWdPTGgwRi05TnF3UmU4ZVQ2blZuRHFVWkRQUDVqTkJwWDExTHlBVzhvOExMa1FQX1V4NUJlZzdTUEc2dmFDZ2FHQmFIeTZaTkJBMkY0ZTFZOWRBT2tlTi1lalBIS05TNFZ4RTdCVDRQclpzOFpETlFhdW1uNzNtU1pNT3NH?oc=5,https://news.google.com/rss/articles/CBMiiAFBVV95cUxPcjNkMWdPTGgwRi05TnF3UmU4ZVQ2blZuRHFVWkRQUDVqTkJwWDExTHlBVzhvOExMa1FQX1V4NUJlZzdTUEc2dmFDZ2FHQmFIeTZaTkJBMkY0ZTFZOWRBT2tlTi1lalBIS05TNFZ4RTdCVDRQclpzOFpETlFhdW1uNzNtU1pNT3NH?oc=5,,"Awarded (news, unverified)",news sweep,Sembcorp Wins 150 MW FDRE Project from SJVN - Energetica India Magazine,Yes,150 MW,,,,,,n/a,n/a,T-01025727d20d,news-derived record
SJVN,Sembcorp secures 150 MW firm renewable project from SJVN - ET EnergyWorld,Unclassified,150.0,,Closed,,Tender,,,,,,2025-11-11,Sembcorp; renew,,https://news.google.com/rss/articles/CBMiwwFBVV95cUxOVGxhWWFJUU9oSmJjMHU3eVdaQl9jMEpWWUxHRHdwbS03amRUc3QyMURkcUFobjNIWW13VG1mWnhuam9PeUl2TVJMU080V0pKc2x2S0ZNODJDaUNmazgxOWItdUgtaENvc3NmbVZXUlpaa2xFRHJqa01CbnlGYTBBYnpkX3J0NE42OUtoWU9oeGdDRGRFbS0tU3hCeGE1WTN0YjV4OVRSLWM1RVhkMktBN2puclV6c1FaN1FPSFRjTDdkd3fSAcgBQVVfeXFMUHlFLXg0cUtiV2Y4QmlQdFN4dlkxdkNoS0JTeEtwUm13SkdFZGZGZV9HaklzWDNiLTAtVUEyak52cWRiVWJ4Q0FPUDYzbl9xQk05d2NCQV94S0tPaG1KZkU3d1VEcFk0bVBnaC1lZXZ3WVZyQ0d2aEF6YU5xNUN1VmhtTUVkdllDMWJzVkd1cF9TZUN0cTBJb3VTZ1dVLWhjOFN3VDZVaURwb2dVM2NJcnZKT0tvSDRVZ1dPMlhjMDFpLXhhTTF5T1A?oc=5,https://news.google.com/rss/articles/CBMiwwFBVV95cUxOVGxhWWFJUU9oSmJjMHU3eVdaQl9jMEpWWUxHRHdwbS03amRUc3QyMURkcUFobjNIWW13VG1mWnhuam9PeUl2TVJMU080V0pKc2x2S0ZNODJDaUNmazgxOWItdUgtaENvc3NmbVZXUlpaa2xFRHJqa01CbnlGYTBBYnpkX3J0NE42OUtoWU9oeGdDRGRFbS0tU3hCeGE1WTN0YjV4OVRSLWM1RVhkMktBN2puclV6c1FaN1FPSFRjTDdkd3fSAcgBQVVfeXFMUHlFLXg0cUtiV2Y4QmlQdFN4dlkxdkNoS0JTeEtwUm13SkdFZGZGZV9HaklzWDNiLTAtVUEyak52cWRiVWJ4Q0FPUDYzbl9xQk05d2NCQV94S0tPaG1KZkU3d1VEcFk0bVBnaC1lZXZ3WVZyQ0d2aEF6YU5xNUN1VmhtTUVkdllDMWJzVkd1cF9TZUN0cTBJb3VTZ1dVLWhjOFN3VDZVaURwb2dVM2NJcnZKT0tvSDRVZ1dPMlhjMDFpLXhhTTF5T1A?oc=5,,"Awarded (news, unverified)",news sweep,Sembcorp secures 150 MW firm renewable project from SJVN - ET EnergyWorld,Yes,150 MW,,,,,,n/a,n/a,T-2d18ce3f4793,news-derived record
SJVN,BluPine Energy Bags 150 MW in SJVN’s FDRE Auction - Energetica India Magazine,Unclassified,150.0,,Closed,,Tender,,,,,,2025-10-16,BluPine,,https://news.google.com/rss/articles/CBMijwFBVV95cUxQdDBwVkhTSUxaRVJUcUhYWHk5VUxZekJhRldCOUlYLUZDY2ZobFdYMXM5LUhueXFoSkxWUE5hcDJDREJNNDZiMUpnN2djemZ3dDd6TVpGMU93SDNRQmNmVzBzSUhzZWR1T2RPaDBCZERacWlzejF2WUpwSUwxRDNHNjVIams0ckZKclNlMWxvaw?oc=5,https://news.google.com/rss/articles/CBMijwFBVV95cUxQdDBwVkhTSUxaRVJUcUhYWHk5VUxZekJhRldCOUlYLUZDY2ZobFdYMXM5LUhueXFoSkxWUE5hcDJDREJNNDZiMUpnN2djemZ3dDd6TVpGMU93SDNRQmNmVzBzSUhzZWR1T2RPaDBCZERacWlzejF2WUpwSUwxRDNHNjVIams0ckZKclNlMWxvaw?oc=5,,"Awarded (news, unverified)",news sweep,BluPine Energy Bags 150 MW in SJVN’s FDRE Auction - Energetica India Magazine,Yes,150 MW,,,,,,n/a,n/a,T-351318dfbbe8,news-derived record
SJVN,"NLC India, Adyant Secure SJVN Wind Project - Saur Energy",Wind,,,Closed,,Tender,,,,,,2025-03-05,NLC India,,https://news.google.com/rss/articles/CBMijwFBVV95cUxQd2ZtYllwSXJPWERhWGpUcGRWcGVsOG1UWFhsaHNwc21sWG1DZGg4ZlJWMnJuazcxQm16X1BGZ0VmdzhMQ0JRYXZnbkJuUzVRcmdBNzBjSlNTaWJjVXhPODJ4ZTJXOFlUVkZPdnE4elUxdWd5WDdlZDJ1Z0M0MWk5UUU2QjhOOEhqU0FvMlRPcw?oc=5,https://news.google.com/rss/articles/CBMijwFBVV95cUxQd2ZtYllwSXJPWERhWGpUcGRWcGVsOG1UWFhsaHNwc21sWG1DZGg4ZlJWMnJuazcxQm16X1BGZ0VmdzhMQ0JRYXZnbkJuUzVRcmdBNzBjSlNTaWJjVXhPODJ4ZTJXOFlUVkZPdnE4elUxdWd5WDdlZDJ1Z0M0MWk5UUU2QjhOOEhqU0FvMlRPcw?oc=5,,"Awarded (news, unverified)",news sweep,"NLC India, Adyant Secure SJVN Wind Project - Saur Energy",Yes,,,,2026-09-07,2026-09-07,,n/a,n/a,T-97939a7d7f72,news-derived record
SJVN,"SJVN Auctions 600 MW Of Wind Power Projects With Competitive Tariffs, Adyant Enersol And UPC Renewables Win Bids - windinsider.com",Wind,600.0,,Closed,,Tender,,,,,,2025-01-31,Renew,,https://news.google.com/rss/articles/CBMi4AFBVV95cUxQeS1QUnlyWUp1SHRrWFVaUmRQRVV4aFNSckdPSUhkSDJMcnBpWmxrbFRGckEzcFNONjJWeFR0TFlvZmFZaDlzNGpxLVV1Zk4tSGljWF8yVTQ2M0VHdjlfdG84X1hqd0ZhNzU1VkxRMnNyU1hFYUc3UDRFaGJ5eE1RdHp6MVRsOVlLMTU3S0g3cWN5RzZLWGN1ckFMaEY1RWVIYVI5YklYMGplcTZhMG8xbFVnVEt3VGdtTklhS0Z0MndGbmRVNjd4TUJrblUtY05TbUVDNGQwQUdFbER4Si05UdIB5gFBVV95cUxQTVNMYVFDRFJiT1RjX05ra3MzeFhkSzFtWFJ0OW14RzdjVExBQ3R1YWJJWXlWVDF5ZUg4V3hKaFZtRFl4c2hHMnpVSS1RSjJ4V0tuN0x6ODlVb0pFbnFaSkxTcldYOHo3a0RQZHJWd25NMWZ6dDFjQkM5Um9ZM0JuX2NKYzVaOEplMkF4UU40Z1dPa2xYUUFMaEVUMU5CdmV6VDVWOXZpMThUTno5a2FpT2k2WUFqVXpZeHoySE5kbVRuYUVCLURNVXo0Nl9yMEg4d3l3V1k0UzJOa0ZHRUZTVmpUUHJoZw?oc=5,https://news.google.com/rss/articles/CBMi4AFBVV95cUxQeS1QUnlyWUp1SHRrWFVaUmRQRVV4aFNSckdPSUhkSDJMcnBpWmxrbFRGckEzcFNONjJWeFR0TFlvZmFZaDlzNGpxLVV1Zk4tSGljWF8yVTQ2M0VHdjlfdG84X1hqd0ZhNzU1VkxRMnNyU1hFYUc3UDRFaGJ5eE1RdHp6MVRsOVlLMTU3S0g3cWN5RzZLWGN1ckFMaEY1RWVIYVI5YklYMGplcTZhMG8xbFVnVEt3VGdtTklhS0Z0MndGbmRVNjd4TUJrblUtY05TbUVDNGQwQUdFbER4Si05UdIB5gFBVV95cUxQTVNMYVFDRFJiT1RjX05ra3MzeFhkSzFtWFJ0OW14RzdjVExBQ3R1YWJJWXlWVDF5ZUg4V3hKaFZtRFl4c2hHMnpVSS1RSjJ4V0tuN0x6ODlVb0pFbnFaSkxTcldYOHo3a0RQZHJWd25NMWZ6dDFjQkM5Um9ZM0JuX2NKYzVaOEplMkF4UU40Z1dPa2xYUUFMaEVUMU5CdmV6VDVWOXZpMThUTno5a2FpT2k2WUFqVXpZeHoySE5kbVRuYUVCLURNVXo0Nl9yMEg4d3l3V1k0UzJOa0ZHRUZTVmpUUHJoZw?oc=5,,"Awarded (news, unverified)",news sweep,"SJVN Auctions 600 MW Of Wind Power Projects With Competitive Tariffs, Adyant Enersol And UPC Renewables Win Bids - windinsider.com",Yes,600 MW,,,2026-09-07,2026-09-07,,n/a,n/a,T-e89f9335756c,news-derived record
SJVN,ACME Solar Wins 450 MW Peak Power Project Under SJVN FDRE-IV Tender at ₹6.75/unit Tariff - SolarQuarter,Solar,450.0,,Closed,,Tender,,,,,,2025-11-11,ACME Solar,,https://news.google.com/rss/articles/CBMizgFBVV95cUxOVlZTclZNOUJwZWZBeE5rcDJqU1RZbmJkLXA1OXFEOU5JbFhKN2s5Tnptd3ZRVDVoM2pHN1JHLTJCOGtrR0psZjNTOFJTVlV3aUdnM09Bd0FpOE5vUUJPaVI1TGJpV0w5NjRPSDVjTGFFYWEweUlvRG9qQkpfZGUyODB4dVZ3YW1RaWlqOTZCV0JsYS1fY1pnN3V6RFAzZEtxTGtJRjZKUUVydXFrdnJFUlUzdHZfU2FPY3QwbldvZkFtVWdqUk56bjd6M1JyQQ?oc=5,https://news.google.com/rss/articles/CBMizgFBVV95cUxOVlZTclZNOUJwZWZBeE5rcDJqU1RZbmJkLXA1OXFEOU5JbFhKN2s5Tnptd3ZRVDVoM2pHN1JHLTJCOGtrR0psZjNTOFJTVlV3aUdnM09Bd0FpOE5vUUJPaVI1TGJpV0w5NjRPSDVjTGFFYWEweUlvRG9qQkpfZGUyODB4dVZ3YW1RaWlqOTZCV0JsYS1fY1pnN3V6RFAzZEtxTGtJRjZKUUVydXFrdnJFUlUzdHZfU2FPY3QwbldvZkFtVWdqUk56bjd6M1JyQQ?oc=5,,"Awarded (news, unverified)",news sweep,ACME Solar Wins 450 MW Peak Power Project Under SJVN FDRE-IV Tender at ₹6.75/unit Tariff - SolarQuarter,Yes,450 MW,,,2026-09-07,2026-09-07,,n/a,n/a,T-12b2fcf58c41,news-derived record
SJVN,"Reliance, SAEL, Jindal, Sembcorp, JBM, And Fastnote Win Big In SJVN’s 1,200 MW Solar Integrated With 600 MW/ 2,400 MWh ESS Auction - SolarQuarter",Solar,1200.0,,Closed,,Tender,,,,,,2025-05-09,SAEL; Sembcorp,,https://news.google.com/rss/articles/CBMi7wFBVV95cUxPWDgtY1V1UUdmX2pDTGpncDVabHhLVzB6bWhITG5JdnBFQXlDTDhGSmt0TXc4Y3lWaUxDZXJBQXN6NFlKcS1aX1JoYjRkR0xwVWxuZXAxT3R6RjFxYWxTOUlDR3JadmNpbzE5V0RsQTBPUzdKYk05MnFXRmVWU3RDNkpmUXhIS3RZeUh5emRrNGM3cks5XzBacTBmalZGa3Rnc0U5TWRPWDRfcVVnRXowb256dTFnY1pyZ0I1Z1lZMGV6ZjBwejlERDhqbXRqdzgtZkRNRXcxcEhuQW1KZmdoZVlPc21WRjFFamdxT2I2Zw?oc=5,https://news.google.com/rss/articles/CBMi7wFBVV95cUxPWDgtY1V1UUdmX2pDTGpncDVabHhLVzB6bWhITG5JdnBFQXlDTDhGSmt0TXc4Y3lWaUxDZXJBQXN6NFlKcS1aX1JoYjRkR0xwVWxuZXAxT3R6RjFxYWxTOUlDR3JadmNpbzE5V0RsQTBPUzdKYk05MnFXRmVWU3RDNkpmUXhIS3RZeUh5emRrNGM3cks5XzBacTBmalZGa3Rnc0U5TWRPWDRfcVVnRXowb256dTFnY1pyZ0I1Z1lZMGV6ZjBwejlERDhqbXRqdzgtZkRNRXcxcEhuQW1KZmdoZVlPc21WRjFFamdxT2I2Zw?oc=5,,"Awarded (news, unverified)",news sweep,"Reliance, SAEL, Jindal, Sembcorp, JBM, And Fastnote Win Big In SJVN’s 1,200 MW Solar Integrated With 600 MW/ 2,400 MWh ESS Auction - SolarQuarter",Yes,"1,200 MW",,,2026-09-07,2026-09-07,,n/a,n/a,T-cb446d247af4,news-derived record
SJVN,"Reliance, Jindal, SAEL, Sembcorp, JBM, Hindustan Power Win SJVN’s 1200 MW Solar Plus ESS Auction - energetica-india.net",Solar,1200.0,,Closed,,Tender,,,,,,2025-05-12,SAEL; Sembcorp,,https://news.google.com/rss/articles/CBMixgFBVV95cUxOWTIwdUt1NEh4NFZYb3M4RFBjMXM3ZWxfbXFHdlVnU0JUbEpMRUlFWUdRanBmWm5GSWJLMkVrcTRXejlKWDd1bDl2SjJBZHF2NUZ1YVd6NXZrd0hDNlhPa3FiRTRlOWFBVnBzbl9ralRyRUp6OWRYbHc4M1M1MWt4V0E4d2taeVEyM1pzOEt2OUpyT0ljdExwaHNoeHA3ZWw0NmxqTTVQd05ha0JGUWRBUFNGaXBlejZNWWxUQXlFU295Vkp1alE?oc=5,https://news.google.com/rss/articles/CBMixgFBVV95cUxOWTIwdUt1NEh4NFZYb3M4RFBjMXM3ZWxfbXFHdlVnU0JUbEpMRUlFWUdRanBmWm5GSWJLMkVrcTRXejlKWDd1bDl2SjJBZHF2NUZ1YVd6NXZrd0hDNlhPa3FiRTRlOWFBVnBzbl9ralRyRUp6OWRYbHc4M1M1MWt4V0E4d2taeVEyM1pzOEt2OUpyT0ljdExwaHNoeHA3ZWw0NmxqTTVQd05ha0JGUWRBUFNGaXBlejZNWWxUQXlFU295Vkp1alE?oc=5,,"Awarded (news, unverified)",news sweep,"Reliance, Jindal, SAEL, Sembcorp, JBM, Hindustan Power Win SJVN’s 1200 MW Solar Plus ESS Auction - energetica-india.net",Yes,1200 MW,,,2026-09-07,2026-09-07,,n/a,n/a,T-f9a1aa507d28,news-derived record
SJVN Green Energy,"ACME Solar bags 400 MW firm, dispatchable renewable project from SJVN - Business Standard",Solar,400.0,,Closed,,Tender,,,,,,2025-11-11,ACME Solar; renew,,https://news.google.com/rss/articles/CBMi0wFBVV95cUxPSXFKLURtVWtyNU9mV3NnNnQwU2RiX3g2WlJqY2dablRuaFZkT2o3R244TjlqNnJiTF95cm1zbXVwY2dGMjN5Wmd4ZHdNZW93VjU5MVFtU1BoY3kzNTBGWnF0UVU0eU5HSjZtUDZvV0Y2dWFPYWtJVGEyWnNjZ0daRDR2cEpVNlJVdHM4UkJvMDhScDB0VmdhS01YQ2lGX2ZIQ2tneEY4ek5zbWxRT19LZlhXU280d0RKdU9uUTVqMEtLZmJrTG41Y25TU0hPZVAzRzJR0gHYAUFVX3lxTE9FX1JSZkx0c3FQbkdQdmZ5cl9yVHNOd2p2R09BczdqWjhoZ1o3STE3RTZqUDktRVN3TjlnWHJpUDItUk40cGQwbHJTLUQ0LUtVNjY2bEdJSDNqZ0VMc0xUbm9uRUdfZHlEdG9PZVdjUHZ4cnZWSkJxMkczaUlwSmRFSjZJdG5aN01fQWZhMjltYmNwTl8tS3g4MHdYbVA1bFFfd0ZfVXppYUFjVUxONGgwVFNoUWNRcmNoSy10RHluVHNZcy12eHUwbW5xY2dRV0ZmbVFkQUx3YQ?oc=5,https://news.google.com/rss/articles/CBMi0wFBVV95cUxPSXFKLURtVWtyNU9mV3NnNnQwU2RiX3g2WlJqY2dablRuaFZkT2o3R244TjlqNnJiTF95cm1zbXVwY2dGMjN5Wmd4ZHdNZW93VjU5MVFtU1BoY3kzNTBGWnF0UVU0eU5HSjZtUDZvV0Y2dWFPYWtJVGEyWnNjZ0daRDR2cEpVNlJVdHM4UkJvMDhScDB0VmdhS01YQ2lGX2ZIQ2tneEY4ek5zbWxRT19LZlhXU280d0RKdU9uUTVqMEtLZmJrTG41Y25TU0hPZVAzRzJR0gHYAUFVX3lxTE9FX1JSZkx0c3FQbkdQdmZ5cl9yVHNOd2p2R09BczdqWjhoZ1o3STE3RTZqUDktRVN3TjlnWHJpUDItUk40cGQwbHJTLUQ0LUtVNjY2bEdJSDNqZ0VMc0xUbm9uRUdfZHlEdG9PZVdjUHZ4cnZWSkJxMkczaUlwSmRFSjZJdG5aN01fQWZhMjltYmNwTl8tS3g4MHdYbVA1bFFfd0ZfVXppYUFjVUxONGgwVFNoUWNRcmNoSy10RHluVHNZcy12eHUwbW5xY2dRV0ZmbVFkQUx3YQ?oc=5,,"Awarded (news, unverified)",news sweep,"ACME Solar bags 400 MW firm, dispatchable renewable project from SJVN - Business Standard",Yes,400 MW,,,,,,n/a,n/a,T-d287d11834a0,news-derived record
UPPCL,"Adani Green Energy Wins 1,250 MW Energy Storage Capacity from UPPCL - Adani",Unclassified,1250.0,,Closed,,Tender,,,,,,2025-02-25,Adani Green,,https://news.google.com/rss/articles/CBMisgFBVV95cUxPX084OFFOZG5RanFWdThlbkdKWmxNT3FreTk0ZUc3NmRNaXJCS0U1T3BNUElJUGdDZTJsRENpQVlLRDVkTVpOQkhERzNza3QyT1dKTlZtdVdUMXlHY2VZb1ZjZWlwX1MxdjNHcDl0Z2o3TVJKbk9jTDg3a01CbHkyY3BZelZtbmtwdVphRy01Q2hVSFd3aTlxckZ5cGFPelpVOFhnVkFTaHdGSGphb1kyZWx3?oc=5,https://news.google.com/rss/articles/CBMisgFBVV95cUxPX084OFFOZG5RanFWdThlbkdKWmxNT3FreTk0ZUc3NmRNaXJCS0U1T3BNUElJUGdDZTJsRENpQVlLRDVkTVpOQkhERzNza3QyT1dKTlZtdVdUMXlHY2VZb1ZjZWlwX1MxdjNHcDl0Z2o3TVJKbk9jTDg3a01CbHkyY3BZelZtbmtwdVphRy01Q2hVSFd3aTlxckZ5cGFPelpVOFhnVkFTaHdGSGphb1kyZWx3?oc=5,,"Awarded (news, unverified)",news sweep,"Adani Green Energy Wins 1,250 MW Energy Storage Capacity from UPPCL - Adani",Yes,"1,250 MW",,,2026-09-07,2026-09-07,,n/a,n/a,T-354bc7d40a8b,news-derived record
UPPCL,"NTPC Green Energy bags 1,000 MW solar project in UPPCL auction, signs PPA at Rs 2.56/kWh - financialexpress.com",Solar,1000.0,,Closed,,Tender,,,,,,2025-06-05,NTPC Green,,https://news.google.com/rss/articles/CBMi3gFBVV95cUxOZ1lnMGJxaXFIU2pNREdyTXJDeXl4YzZOblZtQmY1dUJKQXFyRm51Y1RDRm5qU3RJSHk5cGNQeWt5ekFJb09zazE3OVB5TksycFBHZDFFVmpIcVVfalZWZ0EzbkMyMWNwMWxIZUxnTlV3dzlmem9tXzNHV1RlTzFzVUNCNkZNbkdhZEVLS29OUVhkNWtNdlYxTk1yd3Z6R29zUnIweGdIcG1YcDFUZkp0bHpRQnlYQlJiZjhvWWFMc1UxaUNnWVFNU09ZWnd3WGRod0lCMEVrbm1ZcC1XMnfSAeQBQVVfeXFMUG5tLWJwaEE0OXdVMXJYSUo1dGZxUTUwVi1HUjNFZTVfOXhmSEtTZHhjcFBmaWk5VUNKeTVkQWNRVTc5dHpuZHJTc3pTTFYwRXF1Wm5zWGEtS2l4QzI0d2swbEpEWFlpN21xYUxwLUZqQ0VSX24waWRiOEFvamY2ZXlPTlIwSU03MEZYUmJ0TENVaFRqRmlNSFZzbVdEQ3VLOEhsandpM0gwdGVLUXZjQU5sQkVzNU15Y3JGeExBM0ROa2cxTm9MbjFGRjQ5OS1EaVVMSmJMeGFDR1pWeFFZQnJfU2Fw?oc=5,https://news.google.com/rss/articles/CBMi3gFBVV95cUxOZ1lnMGJxaXFIU2pNREdyTXJDeXl4YzZOblZtQmY1dUJKQXFyRm51Y1RDRm5qU3RJSHk5cGNQeWt5ekFJb09zazE3OVB5TksycFBHZDFFVmpIcVVfalZWZ0EzbkMyMWNwMWxIZUxnTlV3dzlmem9tXzNHV1RlTzFzVUNCNkZNbkdhZEVLS29OUVhkNWtNdlYxTk1yd3Z6R29zUnIweGdIcG1YcDFUZkp0bHpRQnlYQlJiZjhvWWFMc1UxaUNnWVFNU09ZWnd3WGRod0lCMEVrbm1ZcC1XMnfSAeQBQVVfeXFMUG5tLWJwaEE0OXdVMXJYSUo1dGZxUTUwVi1HUjNFZTVfOXhmSEtTZHhjcFBmaWk5VUNKeTVkQWNRVTc5dHpuZHJTc3pTTFYwRXF1Wm5zWGEtS2l4QzI0d2swbEpEWFlpN21xYUxwLUZqQ0VSX24waWRiOEFvamY2ZXlPTlIwSU03MEZYUmJ0TENVaFRqRmlNSFZzbVdEQ3VLOEhsandpM0gwdGVLUXZjQU5sQkVzNU15Y3JGeExBM0ROa2cxTm9MbjFGRjQ5OS1EaVVMSmJMeGFDR1pWeFFZQnJfU2Fw?oc=5,,"Awarded (news, unverified)",news sweep,"NTPC Green Energy bags 1,000 MW solar project in UPPCL auction, signs PPA at Rs 2.56/kWh - financialexpress.com",Yes,"1,000 MW",,,2026-09-09,2026-09-09,,n/a,n/a,T-b235e4c4bf9f,news-derived record
